frame,inference_ms,angle,nose_x,nose_y,nose_conf,left_eye_x,left_eye_y,left_eye_conf,right_eye_x,right_eye_y,right_eye_conf,left_ear_x,left_ear_y,left_ear_conf,right_ear_x,right_ear_y,right_ear_conf,left_shoulder_x,left_shoulder_y,left_shoulder_conf,right_shoulder_x,right_shoulder_y,right_shoulder_conf,left_elbow_x,left_elbow_y,left_elbow_conf,right_elbow_x,right_elbow_y,right_elbow_conf,left_wrist_x,left_wrist_y,left_wrist_conf,right_wrist_x,right_wrist_y,right_wrist_conf,left_hip_x,left_hip_y,left_hip_conf,right_hip_x,right_hip_y,right_hip_conf,left_knee_x,left_knee_y,left_knee_conf,right_knee_x,right_knee_y,right_knee_conf,left_ankle_x,left_ankle_y,left_ankle_conf,right_ankle_x,right_ankle_y,right_ankle_conf
0,112.7268000273034,55.97007271297024,385.3454014658928,186.49254441261292,0.9984877109527588,392.8124828338623,176.9079082608223,0.9980893731117249,382.13138753175735,178.25605803728104,0.9958558678627014,405.8893826007843,175.21163725852966,0.9986659288406372,382.92692917585373,176.45136201381683,0.9965740442276001,447.56183755397797,202.6672352552414,0.9992691874504089,372.0588711500168,209.0343325138092,0.9978049397468567,507.7565551996231,223.40205025672913,0.9953011274337769,342.59744250774384,235.61913734674454,0.9236330389976501,569.4826757907867,243.5253119468689,0.9755051732063293,308.44267678260803,246.48623490333557,0.9067318439483643,436.3125479221344,340.48909962177277,0.9954772591590881,390.5834889411926,340.3135687112808,0.9934442043304443,442.00599908828735,433.8743488788605,0.9074698090553284,378.8799864053726,429.8406364917755,0.9352129101753235,440.5999516248703,496.47005891799927,0.7927166223526001,385.6924306154251,503.9515964984894,0.8340592980384827
1,14.102099987212569,69.49196221930413,385.353055536747,186.5721214413643,0.9985237717628479,392.7390733361244,176.78422230482101,0.9981211423873901,381.99219584465027,178.32222896814346,0.9959508180618286,405.83607172966003,174.25208336114883,0.9986848831176758,382.5140910744667,176.44536018371582,0.996635377407074,446.87511217594147,200.42395323514938,0.9992740154266357,369.78574591875076,208.43048506975174,0.9976798295974731,510.07804024219513,215.28128761053085,0.9954206943511963,332.9157387018204,228.9332795739174,0.9249171018600464,576.4023305177689,228.01794016361237,0.9761837720870972,300.0508712530136,228.0983465909958,0.9092553853988647,435.64428865909576,339.1782275438309,0.9956650137901306,389.5949630141258,339.8834878206253,0.9936513304710388,440.1193776726723,433.389799118042,0.908656895160675,380.2305819988251,430.0917180776596,0.9319901466369629,440.90978091955185,496.6603983640671,0.7956036329269409,388.5681934952736,503.87915229797363,0.8304163217544556
2,14.367999974638224,92.07695573557893,385.75208419561386,186.79544079303741,0.9986061453819275,392.92807000875473,176.71218526363373,0.9982122182846069,381.9834980368614,178.52013856172562,0.99620521068573,405.8833878040314,173.41078662872314,0.9987444281578064,381.50469040870667,176.46636658906937,0.9968443512916565,445.7551289200783,198.57618880271912,0.9992565512657166,367.095179438591,207.4778227210045,0.9975883364677429,512.8639614582062,205.39275979995728,0.99544358253479,326.6417289376259,212.73269641399384,0.9281570911407471,581.9998649358749,206.44493490457535,0.9770286679267883,287.33157181739807,204.93582147359848,0.9130064845085144,435.53702461719513,337.0772854089737,0.9959344267845154,389.09142684936523,339.23025345802307,0.993969738483429,439.1516194343567,426.9447685480118,0.9090465307235718,381.8924520611763,429.41369223594666,0.926609456539154,440.5404586195946,495.6377046108246,0.8010444045066833,390.73255598545074,501.7842421531677,0.8260844945907593
3,15.33899997593835,105.2516225496167,385.49663627147675,187.25486731529236,0.998687744140625,392.2087479233742,176.7219118475914,0.9982993006706238,381.34713965654373,179.09361493587494,0.9964349269866943,405.63251626491547,172.84423196315765,0.9987947344779968,380.571910738945,176.891636967659,0.997035026550293,445.5836884379387,197.74564409255981,0.999176025390625,366.9737580418587,206.02387183904648,0.9974371790885925,516.0860576629639,195.6488037109375,0.9954533576965332,319.5177961587906,201.25629246234894,0.9319537281990051,586.2710505723953,188.42653614282608,0.9779471158981323,280.74527060985565,193.28171509504318,0.9180103540420532,435.181672334671,335.00348722934723,0.9960415959358215,388.9807639718056,337.32486844062805,0.9940724968910217,438.7240887284279,423.4660294055939,0.9068272113800049,383.11217910051346,426.28302907943726,0.9208709597587585,440.33133655786514,490.05808365345,0.8058587908744812,393.22414338588715,497.4673579931259,0.8241450786590576
4,13.74200003920123,109.93819277156175,385.1325594186783,187.39138633012772,0.9986638426780701,391.11697232723236,176.7288637161255,0.9980915784835815,380.8529435992241,179.296455681324,0.996292769908905,404.6834917664528,172.61328214406967,0.9985011219978333,379.9218232035637,176.98339861631393,0.9968253970146179,444.91596442461014,196.6060956120491,0.9989887475967407,366.40114790201187,203.755828499794,0.9973006248474121,517.795912861824,188.15386003255844,0.9954197406768799,313.93602484464645,194.1726400256157,0.9372445940971375,585.2835683822632,166.43881648778915,0.9790329337120056,267.76517075300217,177.22709101438522,0.9244948029518127,434.6848803162575,334.12761211395264,0.9957637786865234,388.72983890771866,335.9567527770996,0.993937075138092,438.38607853651047,421.44989705085754,0.9033129811286926,383.5451425909996,425.0921936035156,0.9140492081642151,440.8228831291199,488.66767978668213,0.8099273443222046,394.20354330539703,494.4109787940979,0.8236573338508606
5,14.062699978239834,113.38104259469151,385.13432574272156,188.1015928387642,0.998666524887085,390.9514998793602,177.0518315434456,0.9979642629623413,380.71538442373276,179.7730884552002,0.9963046312332153,404.48012363910675,172.65068048238754,0.9983118772506714,379.56424963474274,177.23170548677444,0.9968209862709045,444.3287954926491,196.9057196378708,0.9987898468971252,365.1962205171585,203.11137068271637,0.9972527027130127,516.9965709447861,182.12778133153915,0.9953286647796631,310.36700654029846,189.70335763692856,0.9423797726631165,584.8035029172897,148.8041427731514,0.9800312519073486,260.1715295910835,164.94490367174149,0.9307084083557129,433.92755550146103,334.267192363739,0.9955464005470276,387.7447921037674,335.8694095611572,0.9938570857048035,438.3494942188263,420.7960594892502,0.8987824320793152,383.92768555879593,422.90469241142273,0.9077204465866089,441.50679844617844,487.930691242218,0.8103801608085632,394.38156735897064,491.5139647722244,0.8216550946235657
6,14.374400023370981,117.68717075977916,385.7086486816406,189.96075773239136,0.9987026453018188,391.32001930475235,178.50572210550308,0.9979575276374817,380.7208172082901,181.2452861070633,0.9964458346366882,404.6311978697777,173.2118666768074,0.9982732534408569,379.1622503399849,178.4305785894394,0.9969545006752014,443.5809713602066,197.0298429131508,0.998652994632721,364.25131744146347,202.97182059288025,0.9972458481788635,516.112659573555,179.29150944948196,0.9952765703201294,309.5888337492943,185.39095222949982,0.946958601474762,564.661146402359,137.5516312122345,0.9809332489967346,259.68881464004517,152.2679527401924,0.9362459778785706,433.43247628211975,334.502259016037,0.9955645203590393,387.3598137497902,335.95250022411346,0.9940184950828552,438.3289138674736,422.019859790802,0.8981491923332214,383.87440145015717,423.16494262218475,0.9061771035194397,442.3325816988945,488.47758162021637,0.8104324340820312,394.4942106604576,492.40971529483795,0.8204454779624939
7,13.848799979314208,119.92648749583142,386.2051730751991,191.0869453549385,0.9987775087356567,392.1888098716736,179.72691357135773,0.9980464577674866,380.8052796125412,182.3810344338417,0.9966808557510376,405.3019460439682,173.87301802635193,0.998327910900116,379.0734256505966,179.62346494197845,0.9971661567687988,443.3618668913841,197.16545712947845,0.9986057877540588,363.2153951525688,203.1204337477684,0.9973416328430176,511.6152774095535,177.84398263692856,0.9952518343925476,307.37873417139053,182.71075809001923,0.9513747096061707,545.7544673681259,126.49606412649155,0.9819386601448059,260.02851086854935,143.0045803785324,0.9415268898010254,432.50446033477783,334.67308497428894,0.9957983493804932,386.28645074367523,336.02527618408203,0.9943753480911255,438.31055480241776,422.7027715444565,0.9000908136367798,383.766843020916,423.69313383102417,0.9076566696166992,442.7852156162262,488.7269139289856,0.8115948438644409,394.4475904107094,491.474032998085,0.81898033618927
8,13.641999976243824,119.7349427345588,388.2380247116089,190.97343838214874,0.998870849609375,394.10382628440857,179.76173323392868,0.9981821775436401,382.13847959041595,182.54804515838623,0.9969404339790344,405.35051995515823,174.58602941036224,0.9984301328659058,379.301442027092,180.24135184288025,0.9973914623260498,443.3638205528259,198.41698950529099,0.9986358284950256,362.95371156930923,203.73041874170303,0.9974216818809509,503.7598991394043,177.83108925819397,0.9953983426094055,308.23189544677734,183.90473020076752,0.9553998112678528,526.1318383216858,121.42923772335052,0.9831485748291016,263.6359601020813,141.2126269340515,0.946444034576416,431.5439814925194,334.7987011671066,0.9961065649986267,385.94793206453323,336.58296382427216,0.994792640209198,437.6065943837166,423.15652799606323,0.9017007350921631,383.88778269290924,424.5742266178131,0.9096172451972961,442.4397654533386,488.4070978164673,0.8132628202438354,395.0776060819626,490.28600239753723,0.8181539177894592
9,13.974200002849102,117.988846197173,389.7211213707924,191.6021677851677,0.9989311695098877,395.4160712361336,180.75686079263687,0.9982579946517944,383.3376262784004,183.6337279677391,0.9971010088920593,405.6263073682785,176.32108610868454,0.9984726309776306,379.45671796798706,181.6229640841484,0.9975274205207825,442.5478858947754,199.4083772301674,0.9986743927001953,362.93837666511536,204.37455987930298,0.9974470734596252,495.1231633424759,179.01418870687485,0.9955888986587524,309.1537827849388,186.60565930604935,0.958855926990509,500.8749567270279,120.86605343222618,0.9843388795852661,267.57165122032166,142.37419217824936,0.9507319927215576,430.68495923280716,335.4520561695099,0.996370255947113,385.7762507200241,337.88677847385406,0.9951481223106384,436.85197257995605,423.6926814317703,0.9010602235794067,383.834685921669,426.7412793636322,0.9097210764884949,440.7992786169052,488.8196859359741,0.8115898370742798,395.59321212768555,490.63205766677856,0.8149281144142151
10,14.47530003497377,118.06329049261804,389.5472455024719,191.8389686346054,0.998931348323822,394.6037227511406,181.58170527219772,0.998226523399353,383.46812015771866,183.7393782734871,0.9970902800559998,403.7847004532814,177.55895602703094,0.9984237551689148,380.3263114094734,181.67542731761932,0.9974907636642456,441.34750813245773,202.09395492076874,0.9986808896064758,363.94437849521637,207.94834810495377,0.9973071813583374,488.7422374486923,179.36644184589386,0.9957285523414612,310.87188082933426,189.98327213525772,0.9609330892562866,476.9160556793213,123.60950806736946,0.9852855205535889,272.7730473279953,150.55753672122955,0.9535808563232422,429.342552959919,338.2529504299164,0.9965983033180237,385.9251839518547,341.26804065704346,0.9954378008842468,434.0473979115486,424.06699657440186,0.8975604176521301,385.6434017419815,428.39591455459595,0.9062172174453735,437.10998970270157,489.0145192146301,0.8067923188209534,398.0224964618683,492.93419682979584,0.8068937659263611
11,14.748199959285557,115.16190413396232,389.41463738679886,192.02795088291168,0.9989797472953796,394.54786944389343,182.2099068760872,0.9982877969741821,383.43319511413574,184.2197207212448,0.9972100257873535,404.127072930336,178.58664125204086,0.9984390139579773,380.33227944374084,182.66500544548035,0.9975482821464539,440.2318068742752,204.44655168056488,0.9986534118652344,364.0566203594208,209.1487141251564,0.9971441626548767,474.8628913164139,183.345821082592,0.9956865310668945,311.9162065386772,194.2087716460228,0.9625535011291504,453.0602437257767,134.11707639694214,0.9859044551849365,280.79108798503876,157.90869283676147,0.9562517404556274,428.43313694000244,340.6959968805313,0.9968740344047546,385.80686700344086,343.8386033773422,0.9958016872406006,433.19335347414017,424.4576584100723,0.8943040370941162,385.77132642269135,428.61520755290985,0.9026949405670166,435.80657637119293,488.2106660604477,0.8017060160636902,397.71352356672287,493.1009511947632,0.8012973070144653
12,14.88880004035309,104.50763843240436,389.3476776480675,191.03843307495117,0.9990373253822327,394.51693201065063,181.7696168422699,0.9983567595481873,383.53264451026917,183.3211351633072,0.9973591566085815,404.2045503258705,178.44045597314835,0.9984576106071472,381.1968683004379,182.23962950706482,0.9976271390914917,440.25653541088104,205.91505473852158,0.9984456300735474,364.5713432431221,210.50447928905487,0.9969049096107483,463.75624573230743,199.18238872289658,0.99576336145401,316.7624644637108,205.9548960328102,0.964201033115387,433.5835237503052,141.54746270179749,0.9867544770240784,290.2140253186226,170.55806249380112,0.9595205783843994,428.45197772979736,343.4669724702835,0.9971076250076294,386.2068055868149,346.00873243808746,0.9961251020431519,432.22851234674454,426.3517334461212,0.8987476229667664,386.2615883946419,429.7963616847992,0.9070297479629517,435.0121052265167,489.44182538986206,0.8085029721260071,398.30992555618286,496.7891511917114,0.810752809047699
13,15.262700035236776,87.58213093465581,387.36546063423157,189.89959335327148,0.9989755153656006,391.90293300151825,180.160025537014,0.9982277154922485,382.39767426252365,182.55296123027802,0.997154951095581,402.09759336709976,177.24809741973877,0.9981129169464111,381.2359682917595,182.10887104272842,0.997193455696106,440.3838177919388,205.5924789905548,0.9976617097854614,365.82465720176697,210.9625636935234,0.9956410527229309,446.00506377220154,214.52208626270294,0.9947344660758972,326.4012680053711,218.76991921663284,0.9624736309051514,419.8379900455475,189.9911288022995,0.9862411618232727,300.80501133203506,199.0093610882759,0.9611203074455261,428.39647233486176,342.9915611743927,0.99726402759552,386.6223466992378,345.55654430389404,0.9963582754135132,431.9664808511734,426.32594668865204,0.9026196599006653,387.0066827535629,429.83204090595245,0.9115216732025146,434.7669876217842,489.5131536722183,0.8162239789962769,400.16448551416397,498.36476731300354,0.8220736384391785
14,14.306600030977279,66.40006679378358,385.1866731643677,189.92474675178528,0.9989360570907593,390.25722748041153,179.54649674892426,0.9981476664543152,380.92431914806366,182.5419226884842,0.9971095323562622,401.86869382858276,176.31900507211685,0.9979443550109863,380.76743745803833,182.15025049448013,0.9971306920051575,440.4568526148796,205.38965332508087,0.9977412819862366,365.4245580434799,211.57294076681137,0.9959219694137573,440.2677488923073,231.38538908958435,0.9940685629844666,324.8828716278076,237.41078919172287,0.9630734920501709,383.4839903116226,206.3250189423561,0.9856919646263123,319.3198340535164,221.66908967494965,0.9629313349723816,428.59831500053406,344.22667145729065,0.9974868893623352,386.5036283135414,346.02655696868896,0.996673583984375,432.05835646390915,428.4741494655609,0.909450352191925,386.97652143239975,432.569056391716,0.9178093075752258,434.98764431476593,489.5648478269577,0.8232492804527283,400.00963777303696,498.1017725467682,0.8294659852981567
15,15.197300002910197,52.35913678520359,385.256496489048,193.2058779001236,0.9987027645111084,390.33850514888763,182.31024903059006,0.9977499842643738,380.5623297691345,185.2719561457634,0.996782124042511,402.5229563117027,176.9279797077179,0.9973673224449158,379.278934776783,183.32063752412796,0.9968603253364563,441.806912958622,207.64821135997772,0.997789740562439,361.9141763448715,215.9974808692932,0.9962640404701233,433.70406198501587,249.8867843747139,0.993229329586029,324.17171210050583,257.5697753429413,0.963469922542572,374.3564572930336,239.68113976716995,0.9847409725189209,321.2304881811142,250.76612788438797,0.9642108082771301,428.691314637661,346.97351908683777,0.9976744055747986,385.64171570539474,348.88605201244354,0.9969580769538879,432.29381281137466,432.97582364082336,0.9161573052406311,386.66562163829803,437.10957658290863,0.9235026240348816,435.02251583337784,492.94276225566864,0.8261734843254089,399.65634620189667,498.9688711166382,0.8324154019355774
16,14.106100017670542,43.32126956940412,385.292063832283,195.97940200567245,0.9985883235931396,390.82282584905624,184.55273181200027,0.9975135922431946,380.5976294875145,187.48872756958008,0.9965181350708008,403.7213804125786,178.47213900089264,0.9969204664230347,379.1713228225708,184.95477902889252,0.9964395761489868,442.7755543589592,210.88470578193665,0.9979618787765503,361.6224384903908,217.2896688580513,0.9966146945953369,436.85954636335373,262.9676524400711,0.9923417568206787,331.0272706747055,263.54141533374786,0.9650753736495972,388.9590328335762,282.41617572307587,0.9837011694908142,323.6886492371559,293.0921345949173,0.9659811854362488,428.74063789844513,346.3310819864273,0.9978435635566711,384.33019334077835,348.2500088214874,0.997212827205658,431.7019872069359,432.8297288417816,0.9211993217468262,385.64292001724243,435.6723041534424,0.9271213412284851,434.82011115550995,491.79231095314026,0.8300328254699707,398.04749262332916,498.9047510623932,0.8373435735702515
17,13.848299975506961,33.44116020313065,383.7017566561699,196.04984056949615,0.9985615611076355,389.6174970269203,184.6121016740799,0.9974556565284729,379.33486837148666,187.24082785844803,0.9964607357978821,402.846942961216,178.63507813215256,0.9968249797821045,378.81564939022064,184.83394318819046,0.9961968064308167,441.46818017959595,211.2963891029358,0.9981412291526794,361.6381213068962,217.74485790729523,0.9969343543052673,438.6771205663681,266.44768846035004,0.9919883012771606,338.97377520799637,267.45883095264435,0.9664844274520874,398.25578504800797,303.0636776685715,0.983599066734314,329.3480049967766,313.78547966480255,0.9681480526924133,427.42346864938736,344.7646646499634,0.9980249404907227,381.890418112278,346.5854208469391,0.997460663318634,431.03950864076614,430.6645460128784,0.9265660643577576,383.72011572122574,432.5042426586151,0.9314510822296143,434.9198817014694,483.18867242336273,0.8378291130065918,397.3088747859001,500.21640729904175,0.8463910222053528
18,13.989700004458427,24.494246859343484,382.5907923579216,197.13155734539032,0.9976047873497009,389.14877885580063,185.59971940517426,0.9960327744483948,378.11104667186737,188.18058174848557,0.9944610595703125,402.57787293195724,179.55726385116577,0.9954620599746704,377.5876259803772,185.44450122117996,0.9937208890914917,441.56107276678085,215.38811415433884,0.9982521533966064,360.7778144478798,219.4538865685463,0.997163712978363,440.8651410937309,281.82220566272736,0.9920186996459961,343.3837510943413,281.0732436180115,0.9674957394599915,406.7438017129898,327.39950025081635,0.9836066365242004,337.0899638533592,331.2103909254074,0.9695151448249817,427.00867688655853,344.9779859781265,0.9979310035705566,380.349541246891,346.89739537239075,0.9973665475845337,430.8271215558052,430.9074240922928,0.9297029376029968,381.7171577811241,432.8240587711334,0.9332650303840637,434.4878816604614,495.29315733909607,0.8340640664100647,395.43330627679825,505.48752212524414,0.8409399390220642
19,14.168900030199438,21.326679118341577,381.5700711607933,197.78709894418716,0.9966860413551331,388.8714392185211,186.20335572957993,0.9946085810661316,376.7531449198723,188.54930222034454,0.9922142028808594,402.4658986926079,180.11724364757538,0.9938328862190247,375.64697110652924,185.61000394821167,0.9904395341873169,441.52954655885696,217.30033040046692,0.9983497858047485,358.53099673986435,220.41571754217148,0.997307538986206,443.54957896471024,283.95297598838806,0.9918521046638489,343.9789220094681,286.32252264022827,0.966712474822998,415.76704132556915,345.1470023393631,0.9827938079833984,337.1858003139496,342.7739269733429,0.9686691164970398,424.81201207637787,344.8819566965103,0.9973788261413574,378.24317306280136,346.6457105875015,0.9966272711753845,430.464864552021,429.32547438144684,0.9281169176101685,380.5351390838623,434.0047605037689,0.9306674599647522,434.5637800693512,489.966668844223,0.8269979357719421,390.7194423675537,508.2548785209656,0.8339250683784485
20,13.312799972482026,19.606659028322625,379.3317371606827,198.14194583892822,0.9963383078575134,386.9315604567528,186.14590102434158,0.9941075444221497,373.89046889543533,188.66808718442917,0.9915059208869934,400.76201152801514,180.1301068663597,0.9934379458427429,372.78461623191833,185.5593804717064,0.9895081520080566,441.52951979637146,217.64201247692108,0.9984710812568665,356.44427222013474,222.76281011104584,0.9975075721740723,445.4330156445503,288.21756279468536,0.9919807314872742,345.1373094320297,289.4256497621536,0.9660267233848572,432.5293494462967,354.7581340074539,0.9827137589454651,336.91793459653854,351.1296808719635,0.9681895971298218,424.47341310977936,345.18952786922455,0.9968518018722534,378.2228870987892,346.526820063591,0.9961389899253845,429.68923419713974,434.60431015491486,0.9191753268241882,379.6619059443474,436.8330098390579,0.9246000051498413,434.6418997645378,489.60800671577454,0.7908082008361816,388.380775809288,510.5765311717987,0.8144550919532776
21,13.163900002837181,19.43601333214352,376.98257970809937,198.121919631958,0.9959954619407654,384.55588138103485,186.07030510902405,0.9937256574630737,371.45639407634735,188.61915266513824,0.990997850894928,397.6086949110031,180.13215774297714,0.9931348562240601,370.9174779057503,185.54926180839539,0.9889839887619019,441.28453600406647,217.73074305057526,0.9985638856887817,354.7902435660362,225.23191475868225,0.9976458549499512,448.4063010215759,283.62872636318207,0.9904786348342896,345.2298541069031,291.0434294939041,0.9630524516105652,457.3200820684433,338.43635308742523,0.9785577654838562,332.1106160879135,353.77389419078827,0.9641274213790894,424.6057536005974,344.85345554351807,0.9959799647331238,378.6572957634926,346.09571373462677,0.9952408671379089,429.50939029455185,435.1907402276993,0.9123494029045105,379.15355253219604,436.4298919439316,0.9168445467948914,434.0350336432457,494.2092388868332,0.7673488259315491,386.558973133564,505.49304139614105,0.8007705211639404
22,14.353700040373951,20.35205667967158,375.15170454978943,198.0395377278328,0.9958721995353699,382.4940994977951,185.98240393400192,0.9935480356216431,369.3434690833092,188.6737270951271,0.9908437728881836,395.0475518107414,180.08800357580185,0.993058979511261,368.9297478199005,185.60246396064758,0.9888607263565063,439.60805362463,217.02462321519852,0.9986602663993835,353.99483573436737,225.25272512435913,0.9977747797966003,459.6065617799759,273.7328847646713,0.9900672435760498,344.18697357177734,287.8825762271881,0.9627963304519653,479.75480604171753,323.0944689512253,0.9774312376976013,329.4435203075409,339.20814621448517,0.9635447859764099,424.7270144224167,343.9329437017441,0.9960904121398926,378.25781214237213,345.02473390102386,0.9953871965408325,428.2360312342644,432.4951343536377,0.913787841796875,379.0811332464218,434.80191814899445,0.91841059923172,432.84945553541183,480.37975561618805,0.7610591650009155,386.4449649453163,504.2083179950714,0.801783561706543
23,14.242500008549541,21.430311952851486,374.99115639925003,197.92928802967072,0.9959527850151062,382.2735498547554,185.90652149915695,0.9935909509658813,369.1580318212509,188.59393894672394,0.9909826517105103,393.9794074892998,180.07013380527496,0.9931705594062805,368.16276174783707,185.59094285964966,0.9889745712280273,436.6529935002327,216.55652570724487,0.9987568855285645,353.66766434907913,224.44712269306183,0.9979040622711182,467.38614869117737,271.6377031803131,0.9901543259620667,343.66028785705566,281.3998758792877,0.9630303978919983,497.142125248909,316.2913794517517,0.9776616096496582,329.08396631479263,326.0431168079376,0.9639144539833069,424.3562737107277,342.9927977323532,0.9963165521621704,377.9237627983093,344.0500246286392,0.9956520795822144,428.0982311964035,430.19947957992554,0.9172644019126892,379.20266169309616,434.0496988296509,0.9221599698066711,432.88705682754517,475.3770341873169,0.7617262601852417,386.57596731185913,499.5024609565735,0.8067280054092407
24,14.438699989113957,22.555782879465173,373.7817596793175,197.87840819358826,0.9961099028587341,380.67847895622253,185.90620481967926,0.993745744228363,368.2145203948021,188.5983573794365,0.9912302494049072,391.9445219039917,180.12835758924484,0.9932907819747925,367.3331782221794,185.56084322929382,0.9891365766525269,435.5756428837776,216.28872042894363,0.9988469481468201,353.8002189397812,223.56316471099854,0.998032808303833,476.5072319507599,264.8497539758682,0.9901630878448486,342.75421714782715,279.75706338882446,0.9625184535980225,519.2027631998062,309.7197675704956,0.9772924184799194,322.5530366897583,320.70682632923126,0.9631805419921875,424.5045378804207,341.7976493835449,0.9965335130691528,378.1158371567726,343.7764437198639,0.9959263801574707,428.23391699790955,428.5048221349716,0.9212561249732971,379.0905804038048,432.00108420848846,0.9256147146224976,432.29445511102676,476.28029453754425,0.7706125974655151,386.9953622221947,490.34134590625763,0.8141152262687683
25,16.070099954959005,27.001945892609168,371.88060623407364,197.2433602809906,0.9961708188056946,377.8376678824425,185.4936619400978,0.9937102794647217,366.9805557131767,188.14515888690948,0.9911558032035828,388.893304169178,180.03244894742966,0.9931818246841431,367.16240680217743,185.16080164909363,0.9889467358589172,432.9544982910156,212.47556775808334,0.9989113211631775,354.0988347530365,222.1044937968254,0.998100757598877,483.62648129463196,249.92041271924973,0.9902097582817078,340.7041037082672,269.93574702739716,0.9609306454658508,537.7961605787277,297.5863291025162,0.9772853255271912,312.6899367570877,292.40548300743103,0.9618512988090515,423.73878288269043,340.37973964214325,0.9966509938240051,378.2654662132263,342.418160200119,0.9960675239562988,428.198322892189,426.33161675930023,0.919948399066925,379.11091989278793,429.5223585367203,0.9255825877189636,431.99460822343826,478.58089554309845,0.7745916843414307,387.80313432216644,491.6971563100815,0.8170363306999207
26,14.171899994835258,38.88115756883906,370.95082396268845,197.09405344724655,0.9962874054908752,376.83811581134796,185.42690289020538,0.993779182434082,365.8880307674408,188.11783397197723,0.9911795258522034,388.2633152604103,179.97139012813568,0.9932363033294678,365.94771111011505,185.14101672172546,0.9887399077415466,430.4614924788475,206.36401575803757,0.9989811182022095,353.6237203478813,218.7859492301941,0.9981144070625305,484.76972115039825,234.06956434249878,0.9903385639190674,332.69949781894684,259.05602753162384,0.9583495855331421,535.1697437763214,260.3274805545807,0.9768736362457275,305.52808153629303,271.6236184835434,0.9577078819274902,422.8589661717415,335.02677071094513,0.9967992305755615,377.7387002110481,338.11533057689667,0.9961887001991272,428.19781440496445,420.246484875679,0.9192246794700623,379.02217549085617,426.80597245693207,0.9236940145492554,433.02378636598587,479.005095243454,0.783505916595459,387.80570352077484,486.0519073009491,0.819288432598114
27,14.61010001366958,52.97158394508769,370.4887964129448,195.9394400715828,0.9963886141777039,376.2645154595375,184.17954766750336,0.9940113425254822,365.39118522405624,187.33361494541168,0.9913254380226135,387.4236422777176,179.3220916390419,0.9935991764068604,365.2233309149742,184.61487638950348,0.9891536235809326,427.87489825487137,203.28082436323166,0.9990332126617432,353.08416187763214,217.07078301906586,0.9980338215827942,488.3995705842972,221.68358153104782,0.9907398223876953,331.2943067550659,241.37852668762207,0.9516185522079468,548.6099710464478,239.3263531923294,0.9762665629386902,299.3827458024025,253.96765184402466,0.9490459561347961,422.5095819234848,334.8680690526962,0.9969859719276428,376.886689722538,338.41548240184784,0.9963265657424927,428.16428101062775,420.3790076971054,0.9207505583763123,378.6193197965622,425.3903247117996,0.9219468832015991,434.9642271399498,480.0093311071396,0.7916268706321716,387.9400511980057,486.56942188739777,0.8150885105133057
28,14.93309997022152,76.75381753175293,369.7506335377693,194.7300562262535,0.9965927004814148,375.5686105489731,182.97685933113098,0.9944108128547668,364.7410976886749,186.39214193820953,0.9918298125267029,386.71018117666245,178.1950746178627,0.9941102862358093,364.238712310791,183.61973375082016,0.9899519085884094,426.51108199357986,200.70899492502213,0.9990560412406921,352.98093897104263,214.5783647298813,0.9978842735290527,490.52922213077545,207.92298358678818,0.9912399053573608,330.74120646715164,224.57558900117874,0.9447118043899536,558.6803731918335,218.91681325435638,0.9763254523277283,290.8653439283371,229.82577282190323,0.9419240355491638,422.53824454545975,334.9706732034683,0.9971468448638916,377.01027888059616,338.6757627725601,0.9964227676391602,428.2194652557373,420.6028850078583,0.9209330677986145,378.0714114308357,425.75115835666656,0.9188565611839294,435.97766894102097,478.35454511642456,0.7932152152061462,387.8049006462097,488.2109978199005,0.8092826008796692
29,14.047999982722104,102.54874370971595,369.7156282067299,194.4915965795517,0.996875524520874,375.68628519773483,182.70540469884872,0.9948843121528625,364.3126838207245,186.1340783238411,0.9925009608268738,387.1083801984787,177.52855479717255,0.9946402907371521,362.95175790786743,182.9872494339943,0.9908339381217957,425.7395998239517,198.35663944482803,0.9990763664245605,352.296648979187,209.92065805196762,0.9978161454200745,490.28921616077423,199.0269141793251,0.9917364716529846,319.7576950788498,208.9685536623001,0.9448748826980591,559.212411403656,198.13751232624054,0.9773158431053162,273.19982868433,205.04766964912415,0.9417541027069092,422.4973514676094,334.0310399532318,0.9973283410072327,376.97334665060043,338.3943101167679,0.9965835809707642,428.3613064289093,420.56228971481323,0.9198470711708069,377.6495276093483,424.882581949234,0.9156910181045532,436.3346269726753,476.4456615447998,0.7961299419403076,387.61748296022415,488.73400151729584,0.8044790625572205
30,14.070200035348535,109.46826817082801,369.9831192493439,194.50691783428192,0.9971227645874023,375.83974128961563,182.71948939561844,0.9952777624130249,364.3973870873451,186.07944357395172,0.9930656552314758,387.5140191912651,177.35083729028702,0.9950665235519409,362.20420140028,182.685906291008,0.9915614724159241,425.8194858431816,197.1848047375679,0.9990246891975403,349.8806120753288,205.41465592384338,0.9977133274078369,495.37296438217163,189.75496131181717,0.9921795725822449,306.45235073566437,199.46370565891266,0.9473693370819092,562.1985695362091,180.28410357236862,0.9784887433052063,262.7172842621803,191.3850764632225,0.9445831775665283,422.4308466911316,332.45738422870636,0.9972460269927979,377.051305770874,337.0141907930374,0.9964366555213928,428.19082939624786,417.900493144989,0.9169068932533264,377.33967155218124,423.7665431499481,0.9109856486320496,434.9333164691925,471.27995574474335,0.8029935359954834,387.66902750730515,489.3154250383377,0.8091787099838257
31,14.808100007940084,115.00161967170546,369.1509130001068,194.52068585157394,0.9972841143608093,374.397725045681,182.76567935943604,0.9955056309700012,363.7963284254074,185.99581003189087,0.9933983087539673,386.8298897743225,177.19017523527145,0.9953414797782898,361.8270644545555,182.1805763244629,0.9920915365219116,426.55350053310394,196.4981833100319,0.9989117980003357,348.6237387061119,203.2796632051468,0.9976620078086853,498.83581590652466,181.6741907596588,0.9925641417503357,299.4562623500824,191.8944177031517,0.9507831335067749,563.3506945371628,159.16116017103195,0.9795404076576233,247.69659841060638,175.0660099387169,0.9481755495071411,422.43263977766037,332.8972671031952,0.9968152642250061,376.960902094841,337.0090334415436,0.9960924983024597,427.875888466835,418.6739752292633,0.9118156433105469,376.4496048092842,424.11875104904175,0.9067643880844116,434.73942226171494,472.9689129590988,0.8024706244468689,387.6027903556824,492.47190511226654,0.8117308616638184
32,14.28399997530505,118.16361021310544,369.1548738479614,193.58127880096436,0.9973482489585876,374.4112668633461,182.1446709036827,0.9955331683158875,363.935707449913,184.9418705701828,0.9935106039047241,386.7187719345093,176.61104387044907,0.995429277420044,362.1261887550354,181.03951984643936,0.9924319386482239,426.33110427856445,196.8852862715721,0.9987560510635376,348.3875330090523,202.4011189341545,0.9975766539573669,497.2574180364609,176.65697747468948,0.9928300380706787,297.5316649675369,187.55263650417328,0.9544872641563416,553.454409122467,143.41793757677078,0.9804640412330627,244.5286962389946,160.82712042331696,0.9520352482795715,421.6714344024658,333.16122698783875,0.9965229034423828,376.66726410388947,336.74573707580566,0.9958781003952026,426.69852644205093,420.29772663116455,0.907613217830658,375.9142212867737,424.1659212112427,0.9024062156677246,430.64548456668854,481.4500719308853,0.7988240122795105,386.594326376915,493.7967714071274,0.8089355826377869
33,14.27509996574372,121.15563196361606,369.323183119297,193.44822818040848,0.9975108504295349,374.72358506917953,181.97199010849,0.995768129825592,363.93589478731155,184.84106093645096,0.9939203858375549,386.8061514496803,176.04314708709717,0.9956971406936646,362.0128496289253,181.01688480377197,0.9930040836334229,426.1655247807503,196.9671252965927,0.9986893534660339,348.16933846473694,202.10953253507614,0.9976139664649963,494.8710072040558,173.9603009223938,0.9930423498153687,295.85919696092606,183.73925763368607,0.9580153822898865,548.050528049469,130.52416676282883,0.9813739061355591,245.32265889644623,151.55052292346954,0.9557143449783325,420.8601296544075,333.13028287887573,0.99655681848526,376.19710075855255,336.207985162735,0.9959760308265686,425.87980848550797,420.84015333652496,0.9045477509498596,375.6189775466919,424.43036365509033,0.9008106589317322,428.46225452423096,483.12524604797363,0.7952799797058105,385.0274096131325,493.78712022304535,0.8082380890846252
34,17.394299968145788,121.6092017177623,369.81783413887024,193.1879478096962,0.9976902008056641,375.722869515419,181.80749773979187,0.996047854423523,363.96351367235184,184.71891313791275,0.9943712949752808,388.477334856987,175.91421329975128,0.9959903955459595,362.24779748916626,181.04476767778397,0.9935847520828247,426.4791008234024,196.9754645228386,0.9986752867698669,348.417988717556,201.8360571861267,0.9977202415466309,493.4647456407547,173.97645157575607,0.9933024048805237,293.9464018344879,181.9421317577362,0.9614163041114807,529.1532158851624,123.272380143404,0.9824560880661011,246.33069467544556,144.51657408475876,0.9592543244361877,420.4241687655449,333.3008373975754,0.9967137575149536,375.8729802966118,336.22722721099854,0.9961832165718079,425.73336416482925,420.9859766960144,0.9024191498756409,375.5332037806511,424.5716630220413,0.9002063274383545,427.3193358182907,483.2033301591873,0.7910985946655273,384.70861488580704,492.22269344329834,0.8048637509346008
35,15.241899993270636,121.36520864311733,371.2169501185417,192.38729161024094,0.997815728187561,376.3012335896492,181.42769348621368,0.996232807636261,365.41840267181396,184.23961120843887,0.9946514368057251,388.53575736284256,175.77755856513977,0.9961782693862915,363.52185237407684,180.76946765184402,0.9939993023872375,426.41872465610504,197.22889858484268,0.9986732602119446,348.5784565806389,202.09199452400208,0.9977260231971741,488.90548861026764,174.13922482728958,0.9936596155166626,294.7833985686302,182.6349058151245,0.9643028378486633,505.2435042858124,118.03294834494591,0.9835919141769409,250.3179035782814,143.01567924022675,0.9622721672058105,420.0006791949272,333.42591071128845,0.9967827200889587,375.8343085050583,336.2901408672333,0.9962782263755798,425.4835096001625,421.2668261528015,0.8979699015617371,375.474433362484,424.68075156211853,0.8985538482666016,427.81484323740005,481.8439005613327,0.7868777513504028,384.85179418325424,492.5725187063217,0.8024691939353943
36,15.764600015245378,119.53801629590635,374.22783678770065,192.4348538517952,0.9978803396224976,379.13824439048767,181.44342190027237,0.9963061809539795,368.2995715737343,184.24847823381424,0.9947582483291626,389.47578966617584,176.14451467990875,0.996273398399353,365.5810115337372,180.85105031728745,0.9942537546157837,426.50262504816055,197.58347404003143,0.9986470937728882,348.8821840286255,202.78437650203705,0.9976321458816528,478.77872467041016,175.6458500623703,0.9940311908721924,295.2003580927849,185.02342307567596,0.9665176272392273,480.53653824329376,119.76592400670052,0.9846571683883667,254.2467435002327,144.2649797797203,0.9645417928695679,419.06535708904266,333.64381635189056,0.9968374371528625,375.5145235657692,336.9077261686325,0.9963129758834839,424.78926396369934,422.48661518096924,0.8939849734306335,375.1624630689621,425.2404900789261,0.8960214853286743,428.1955128312111,481.2689915895462,0.7780922055244446,384.87183928489685,492.5771633386612,0.7912983894348145
37,14.154899981804192,113.28222794542909,376.70507949590683,192.55891680717468,0.9978911876678467,382.0742228627205,182.3031463623047,0.9963021278381348,370.983447432518,184.4103768467903,0.9947448372840881,391.4331978559494,177.8154211640358,0.9963198900222778,368.1389966607094,180.99376720190048,0.9943451285362244,426.4015163779259,197.98110282421112,0.9986018538475037,351.0178571343422,203.09233975410461,0.9974364042282104,472.31644082069397,179.37559539079666,0.994308590888977,297.919132232666,190.80000358819962,0.9679467082023621,454.6195867061615,125.2520717382431,0.9855217337608337,256.44710153341293,153.4771707057953,0.9660744667053223,418.7464285492897,334.78377199172974,0.9969391822814941,375.4267961382866,338.10402059555054,0.9963958859443665,423.416963994503,424.3190131187439,0.8887332677841187,374.3933359980583,427.0587731599808,0.8913341760635376,427.4044672846794,481.2796380519867,0.7648991346359253,384.7650034427643,495.93586587905884,0.7781094312667847
38,13.771299971267581,109.35803444923535,377.824902176857,192.7980701327324,0.9978287816047668,384.85701286792755,182.43684542179108,0.9961562752723694,371.94719129800797,184.8714320063591,0.9944981336593628,395.82529640197754,178.04427486658096,0.9961525201797485,368.9681787490845,182.06777811050415,0.9941098690032959,428.66797775030136,199.27074229717255,0.9984775185585022,352.66000324487686,205.21038258075714,0.9972746968269348,459.175311088562,190.93949335813522,0.9943704009056091,298.1395480632782,195.67124271392822,0.9682685732841492,432.75530511140823,139.94765830039978,0.9861562848091125,265.68235355615616,163.412069439888,0.9673762321472168,418.6368094086647,338.0062118768692,0.9970521330833435,375.19235676527023,340.8212511539459,0.9965362548828125,422.76920479536057,427.4350185394287,0.880153238773346,373.8031696677208,428.81432354450226,0.8848599195480347,426.74693977832794,487.20736515522003,0.7497402429580688,384.4090891480446,500.48841989040375,0.7695845365524292
39,14.104400004725903,96.58756399691579,378.04836893081665,189.17946422100067,0.9979606866836548,385.0019317269325,178.4563804268837,0.9963642954826355,372.5205507874489,182.13802063465118,0.9947825074195862,395.51766163110733,176.87728083133698,0.9962704181671143,370.78371900320053,181.4628750681877,0.9943786263465881,430.19156605005264,201.17519235610962,0.998103678226471,354.50294828414917,208.06003040075302,0.9967522621154785,450.3547170162201,205.70670980215073,0.9942105412483215,309.09533351659775,209.801284968853,0.9693229794502258,428.1460022330284,179.58605152368546,0.986477255821228,278.82230573892593,184.39369839429855,0.9696826934814453,418.7469370365143,339.0601814985275,0.9972693920135498,375.1990741491318,342.00213384628296,0.9967880845069885,422.51298075914383,428.62826681137085,0.8871583938598633,373.2835760116577,429.7388768196106,0.8916428089141846,426.90058320760727,488.7529419660568,0.7603275179862976,384.11686956882477,500.0397906303406,0.7822824120521545
40,14.714700053445995,78.0095821343529,374.96426010131836,189.4718347787857,0.9978850483894348,381.352090716362,178.50285691022873,0.9961877465248108,370.7958156466484,182.38715690374374,0.9946116805076599,394.9216075539589,176.93470537662506,0.9960486888885498,370.55310666561127,181.81485676765442,0.9942286610603333,431.6235731244087,202.57975631952286,0.997797429561615,356.14375627040863,209.21937888860703,0.996720016002655,438.36006540060043,226.5598422884941,0.9940625429153442,312.39166885614395,225.28801226615906,0.9687601327896118,392.8738224506378,197.81632393598557,0.98684161901474,291.4275702238083,212.91036868095398,0.9710946679115295,418.8623903989792,339.6036034822464,0.9973300099372864,375.2094312310219,341.91765582561493,0.9969158172607422,422.05665361881256,428.7903162240982,0.8919662237167358,372.87753558158875,429.76137614250183,0.8975542783737183,426.4810277223587,492.40510082244873,0.7648867964744568,384.15792322158813,504.9496797323227,0.7939362525939941
41,14.128200011327863,64.69788742203477,375.7620230317116,191.6400185227394,0.9978477358818054,382.34222239255905,181.26715207099915,0.9960897564888,371.49905347824097,185.20656937360764,0.9946260452270508,395.02068227529526,177.70343726873398,0.9958390593528748,370.7667248249054,183.1175856590271,0.9943101406097412,433.9448440670967,205.4542257785797,0.9975063800811768,355.91185933351517,211.52198553085327,0.9968543648719788,432.6776403784752,239.50670969486237,0.9926213622093201,317.6329678297043,237.0379518866539,0.9681746959686279,386.57021337747574,223.23914128541946,0.9859074950218201,297.038673222065,243.68906539678574,0.9721261858940125,419.34826332330704,340.2714352607727,0.9975022077560425,375.1907777786255,342.3227642774582,0.9971456527709961,421.76266771554947,430.38034880161285,0.8987265825271606,372.2187502384186,430.6058245897293,0.9044123291969299,426.6320216655731,493.1530374288559,0.7713645696640015,384.2040617465973,504.08689403533936,0.8032596111297607
42,14.758500037714839,51.07796446950926,376.8861277103424,195.0657515525818,0.9974506497383118,383.42366766929626,184.6057831645012,0.9952471852302551,372.0266491174698,187.89560037851334,0.9940218329429626,395.89554792642593,178.98573279380798,0.9947912096977234,370.92106407880783,184.915540933609,0.9938104748725891,436.29673129320145,209.65755772590637,0.9975477457046509,355.88461512327194,214.4008885025978,0.9971250891685486,433.58023196458817,261.91301929950714,0.9914531707763672,318.08209586143494,255.60310530662537,0.9692118763923645,381.58462995290756,268.31854033470154,0.984154224395752,307.88703405857086,264.6950635910034,0.9729906320571899,419.989519238472,341.1846182346344,0.9975294470787048,375.3300765156746,343.86469173431396,0.9972763657569885,421.16599810123444,432.34925067424774,0.9040613174438477,372.3000546693802,432.1764643192291,0.9098816514015198,426.3141101002693,494.7299202680588,0.7755165100097656,383.7225243449211,504.61626148223877,0.8109859228134155
43,14.288800011854619,39.631535632743784,377.1717101931572,196.9579717516899,0.9972437620162964,383.9331986308098,186.30840283632278,0.9949888586997986,372.06566882133484,189.01381069421768,0.9934263825416565,396.6053693294525,179.93047815561295,0.9942358732223511,370.8162354230881,185.67582803964615,0.9925962686538696,436.02212142944336,211.32099962234497,0.9977507591247559,356.2462030649185,215.36294567584991,0.9973715543746948,434.1227075457573,267.05915129184723,0.9910923838615417,327.56455296278,262.94322288036346,0.9696009159088135,389.6594606041908,295.83958542346954,0.9830117225646973,314.6883450746536,303.7603725194931,0.9733289480209351,420.0030342936516,340.7477513551712,0.9976358413696289,375.3952966928482,342.73610639572144,0.9974250197410583,420.644263446331,431.3119595050812,0.9093004465103149,372.08049523830414,429.0239351987839,0.9141595959663391,425.5620039701462,493.64892733097076,0.7873287200927734,383.75121372938156,504.23579370975494,0.8210479617118835
44,14.528699975926429,30.773409761496037,376.867313683033,197.59835797548294,0.9971568584442139,383.757342338562,186.9233642220497,0.9949029684066772,371.5567266345024,189.08649617433548,0.9930652976036072,396.4112877845764,180.48190760612488,0.9940463304519653,370.37885612249374,185.68321722745895,0.9918016195297241,435.70937502384186,213.8147298693657,0.9979442358016968,356.1435421705246,215.83772361278534,0.9975961446762085,435.38894778490067,274.04757368564606,0.9908591508865356,335.60844618082047,266.13607585430145,0.9688816070556641,402.68288892507553,316.33915281295776,0.9822413921356201,322.8710017800331,315.36118626594543,0.9731842279434204,419.8708008527756,340.96936666965485,0.9977587461471558,375.2625547647476,342.7822812795639,0.9975624084472656,420.6970123052597,431.2859616279602,0.9148778915405273,372.05855000019073,430.350249171257,0.918528139591217,427.90061700344086,493.37519562244415,0.7999830842018127,384.55018097162247,503.9622731208801,0.8300104737281799
45,14.870300015900284,25.671763495460855,375.274678170681,197.4791960120201,0.9970740675926208,382.39828979969025,186.76564276218414,0.9947209358215332,370.2166486978531,188.949373960495,0.99265456199646,395.9972721338272,180.5955502986908,0.993750810623169,369.52898663282394,185.6510667204857,0.9908792972564697,435.61720502376556,216.27124273777008,0.9981093406677246,355.7289109826088,218.27678894996643,0.9977670907974243,438.9364490509033,279.147802233696,0.9910667538642883,337.11097240448,278.21254217624664,0.9677051901817322,411.1711196899414,332.91195499897003,0.9816899299621582,325.24882185459137,328.36642825603485,0.9719691872596741,417.871509373188,343.06165289878845,0.9977196455001831,374.2905948162079,343.74414241313934,0.9974901676177979,420.79844212532043,432.0414683818817,0.9196441769599915,371.42553693056107,431.78869783878326,0.9222055077552795,429.7102427482605,495.92371141910553,0.810814380645752,384.68147772550583,503.8332186937332,0.8370039463043213
46,14.274800021667033,23.05429587055164,374.7027638554573,197.3863787651062,0.9969172477722168,381.8213708996773,186.44754576683044,0.994488537311554,369.3751558661461,188.89522176980972,0.9922782778739929,395.7658033967018,180.3254679441452,0.9935699105262756,368.3475299477577,185.59279769659042,0.9903186559677124,435.5528144836426,216.40373539924622,0.9982514381408691,353.8048488497734,221.87735921144485,0.9979069232940674,439.8970617055893,280.6470835208893,0.991108775138855,338.26574689149857,285.32567596435547,0.9673183560371399,431.7072861790657,337.0824729204178,0.9811915159225464,325.3684769272804,341.0426251888275,0.9714836478233337,417.92977130413055,344.17926001548767,0.9976250529289246,373.91431427001953,344.77428567409515,0.9973545670509338,420.99723386764526,431.93512439727783,0.9210835099220276,371.4618268609047,433.5460276603699,0.9223941564559937,430.31601160764694,493.2712644338608,0.8071070909500122,384.0685365200043,503.3765970468521,0.8330729603767395
47,13.7702000210993,21.8667303883773,373.31603890657425,197.27228367328644,0.9968705773353577,379.8470220565796,186.21941590309143,0.9944623112678528,368.123742043972,188.7968852519989,0.9921996593475342,393.0833191871643,180.1086329817772,0.9936155676841736,367.39141339063644,185.54950308799744,0.990134596824646,436.08720779418945,216.887968480587,0.9983855485916138,353.1529147028923,223.60038208961487,0.9980387091636658,446.9663722515106,282.90736067295074,0.9910603165626526,339.4280951619148,287.88510966300964,0.9658376574516296,453.9288469552994,342.4199094772339,0.9802473783493042,322.5928592681885,345.01390647888184,0.9699504971504211,418.1123717427254,343.6045320034027,0.9974030256271362,373.93377059698105,343.7212510108948,0.9970885515213013,420.9555379152298,431.9366625547409,0.9221121668815613,371.48808085918427,433.3817765712738,0.923008918762207,430.3027641773224,495.526927113533,0.8047540187835693,384.35543036460876,503.9428199529648,0.8324754238128662
48,14.332899998407811,21.108411456917505,372.2963614463806,197.13265818357468,0.997002363204956,378.8669530749321,185.4557659626007,0.9946883916854858,367.0976148247719,188.46177804470062,0.9925329685211182,391.11378759145737,179.70530396699905,0.9938738346099854,366.5588057041168,185.2518846988678,0.9904739260673523,435.9386224746704,216.36885541677475,0.9985219836235046,352.95107203722,223.21623480319977,0.9981786608695984,458.11792528629303,273.4964910745621,0.990956723690033,340.9568218588829,283.78860425949097,0.9647716283798218,474.24441027641296,328.2098981142044,0.9794050455093384,320.4870530962944,335.31914126873016,0.9685028195381165,418.17871594429016,342.1558289527893,0.9975277781486511,373.8178890347481,342.6808533668518,0.9972168803215027,420.9871444106102,430.3215067386627,0.9250325560569763,371.5263244509697,431.9399198293686,0.9253998398780823,430.2525577545166,494.853364944458,0.8101298809051514,383.3123089671135,493.5504550933838,0.8369495272636414
49,14.949100033845752,21.86740586850186,371.2208039164543,196.4851240515709,0.9971430897712708,377.6631497144699,184.32862830162048,0.994909942150116,366.05612593889236,187.47221499681473,0.9928639531135559,389.85560286045074,178.9412016272545,0.9941480755805969,365.6461246609688,184.4429646730423,0.9908254146575928,434.49963039159775,215.85298454761505,0.9986459016799927,352.9135242700577,222.43801760673523,0.9983031749725342,466.43479585647583,268.67104983329773,0.991045355796814,341.021854698658,277.5619317293167,0.9646361470222473,495.781574010849,322.13909220695496,0.9794386029243469,319.41237872838974,323.1777104139328,0.9680216908454895,418.23352551460266,341.96968173980713,0.9976606369018555,373.37933218479156,342.2464294433594,0.9973572492599487,421.5102439522743,430.6314605474472,0.9278608560562134,371.5690641403198,432.1252828836441,0.9289283156394958,431.53721058368683,489.6231470108032,0.8129226565361023,382.2342357635498,490.7458209991455,0.8414355516433716
50,14.089600008446723,23.08977401348781,370.9035881757736,196.32529139518738,0.9972875118255615,377.42496359348297,184.08985197544098,0.9951375722885132,365.60608798265457,187.19581413269043,0.9932064414024353,389.72789227962494,178.8012896180153,0.994411289691925,364.78897577524185,184.15373075008392,0.9912188053131104,433.88583278656006,215.70631670951843,0.998757541179657,352.9104198217392,221.094044983387,0.998424232006073,474.3432173728943,264.92566657066345,0.9910364151000977,340.53335905075073,273.6180055141449,0.9636202454566956,512.9426431655884,311.6649034023285,0.9790862202644348,318.18481028079987,313.21373748779297,0.9669075608253479,418.5865494608879,340.55876910686493,0.9977644085884094,373.58746403455734,340.4269098043442,0.9974799156188965,421.74701166152954,430.669793844223,0.9297882914543152,371.59887754917145,431.3174787759781,0.9304378628730774,430.17296612262726,489.8844829797745,0.8185260891914368,381.69799584150314,489.44417786598206,0.8460134267807007
51,14.893299958202988,24.355691361350775,370.40802723169327,195.49981355667114,0.9973999261856079,376.76786428689957,183.41419368982315,0.9953039288520813,365.06548577547073,186.64522916078568,0.9934415221214294,389.12067824602127,178.34780460596085,0.994620680809021,364.2910062074661,183.64733010530472,0.9914641380310059,431.23174357414246,211.6318280696869,0.9988570809364319,352.7576595544815,218.3510125875473,0.9985240697860718,477.73402428627014,249.77158844470978,0.9911858439445496,339.6170115470886,269.3254905939102,0.9624549150466919,529.5131177902222,301.0945043563843,0.9793221354484558,309.37529587745667,294.801238656044,0.9665921926498413,418.4286775588989,338.277138710022,0.997840404510498,373.59899866580963,337.7639068365097,0.997560977935791,421.7576096057892,429.7614063024521,0.9309358596801758,371.6133025288582,429.6606720685959,0.9311625957489014,429.28185564279556,489.8521213531494,0.8250599503517151,381.7951436638832,490.92032647132874,0.8509166836738586
52,14.461500046309084,36.41456101353424,370.1335779428482,194.75035387277603,0.9975287914276123,376.4631466269493,182.83611792325974,0.9954926371574402,364.71797490119934,186.1587039232254,0.9937143921852112,388.4952657222748,177.9086606502533,0.9948747754096985,363.7032752633095,183.24528288841248,0.9917711615562439,428.22752076387405,206.54102450609207,0.9989469051361084,351.7117816209793,217.87428933382034,0.9986031651496887,481.4369353055954,236.58348667621613,0.9916027188301086,330.3900558948517,261.5758310556412,0.9631818532943726,533.6212128400803,265.62806165218353,0.9803107380867004,298.4039614200592,274.1155240535736,0.9676737189292908,418.45126509666443,335.8007655143738,0.9979339838027954,373.6124334335327,337.1185140609741,0.9976529479026794,422.51506823301315,429.16255033016205,0.9333299398422241,371.61373072862625,429.3676983118057,0.9326595664024353,431.7106582522392,487.58243429660797,0.8333649635314941,381.85287034511566,490.98263692855835,0.8562838435173035
53,14.186100044753402,53.73901542940032,369.9634220600128,193.44720274209976,0.9975594878196716,376.1941301226616,181.53126275539398,0.9955537915229797,364.3048691749573,185.24357563257217,0.9936884045600891,387.8697461485863,176.8938386440277,0.994993269443512,362.974666595459,182.5622203350067,0.9916801452636719,425.8027057647705,203.02861177921295,0.9989991188049316,351.10662829875946,216.61185413599014,0.998455822467804,485.9190628528595,223.68220603466034,0.9917420744895935,324.7950103878975,244.75027340650558,0.9605669975280762,543.3323553800583,244.21190321445465,0.9799401164054871,293.2583383321762,254.03279733657837,0.963530957698822,418.46429842710495,333.65081346035004,0.9978835582733154,373.6277415752411,336.25271236896515,0.9974626302719116,423.0661613345146,427.498233795166,0.9318135976791382,371.5372435450554,427.3467403650284,0.929164469242096,432.7420309185982,485.45899283885956,0.8369702100753784,382.1651350259781,491.59518551826477,0.8524443507194519
54,14.456400007475168,73.73594951453919,369.6659302711487,192.73423659801483,0.9976387619972229,375.945185482502,180.71744173765182,0.9957612156867981,363.7692180275917,184.57639229297638,0.9938878417015076,387.4236958026886,175.8993444442749,0.9953256249427795,361.7560903429985,181.87523698806763,0.9921405911445618,424.25682431459427,199.71151489019394,0.9990286827087402,349.27072179317474,214.27358335256577,0.9982510805130005,488.6413428783417,211.24433302879333,0.9921107292175293,320.1625847220421,229.4608223438263,0.9563090801239014,549.6295146942139,222.66095995903015,0.9795013666152954,283.69524586200714,232.92399895191193,0.9570531845092773,418.9308488368988,334.04877400398254,0.9978924989700317,373.6337096095085,336.31641018390656,0.9973533153533936,423.5902510881424,427.2308658361435,0.9318457841873169,371.5142278075218,427.38407838344574,0.9266699552536011,432.637871325016,485.20978116989136,0.8381741642951965,381.2064225077629,491.53875625133514,0.8458267450332642
55,14.838500006590039,100.0103623653748,368.9025571346283,192.68527191877365,0.997769296169281,375.0128875374794,180.6879905462265,0.9960281848907471,363.18207585811615,184.41767555475235,0.994221031665802,386.5414972305298,175.52524042129517,0.995684802532196,361.26823699474335,181.2641360759735,0.992684543132782,424.3518043756485,197.68117719888687,0.9990413784980774,348.40490186214447,210.04322808980942,0.9981052279472351,493.4168943166733,201.57675701379776,0.992594838142395,307.51749765872955,210.94030565023422,0.95570969581604,564.2037220001221,202.61977857351303,0.98027503490448,267.1631218791008,207.70334374904633,0.9560974836349487,418.94016218185425,334.27421963214874,0.9978720545768738,373.5696402192116,336.3562514781952,0.9972237348556519,423.5741668343544,426.7172418832779,0.9288479685783386,371.47378969192505,427.4039236307144,0.921409547328949,432.5254153609276,484.8734977245331,0.8351080417633057,381.0079251527786,493.079869389534,0.8383495211601257
56,14.855900022666901,106.20630650146687,368.1873297095299,191.26829713582993,0.9978405833244324,373.9488914012909,179.75393688678741,0.9961774349212646,362.85586792230606,183.218636572361,0.9943485856056213,386.28725361824036,174.1921103000641,0.9959219694137573,361.0320848226547,179.97336560487747,0.9929965138435364,424.94590479135513,195.8635425567627,0.9989445805549622,348.4123150706291,205.1952724456787,0.9978128671646118,495.89799082279205,191.34603440761566,0.9930089712142944,303.0171448588371,200.95775419473648,0.9565383791923523,562.0286277532578,182.94675970077515,0.9811388254165649,259.6213731765747,194.02300143241882,0.957163393497467,418.8309712409973,333.83527171611786,0.9974036812782288,373.5755814909935,336.1943528652191,0.9965561032295227,422.9607974290848,425.56772553920746,0.9201858639717102,371.35766726732254,425.7162331342697,0.9115715026855469,431.3989020586014,486.0500373840332,0.8300831317901611,381.35433876514435,496.8459423780441,0.8321479558944702
57,15.347700042184442,111.92175980507336,367.95628917217255,190.9291032552719,0.9978360533714294,373.4596464037895,179.3828940987587,0.996096134185791,362.74606144428253,182.67034375667572,0.9942172169685364,386.1404346227646,173.38588958978653,0.9959166646003723,361.03229892253876,179.0636811852455,0.9930728077888489,425.23560869693756,195.28688430786133,0.9988082647323608,348.2869595885277,202.1971321105957,0.9977008104324341,498.25983369350433,184.30367094278336,0.9933022260665894,296.310251891613,191.89375418424606,0.9592545032501221,558.5200123786926,161.9354835152626,0.9819101691246033,246.79042065143585,176.0712109208107,0.9597369432449341,418.77367275953293,333.76119887828827,0.9967629313468933,373.56565260887146,335.86144733428955,0.9959700703620911,422.6535105705261,424.59036219120026,0.9120113849639893,371.2031674385071,424.656925201416,0.9030197858810425,431.4493761062622,483.3904424905777,0.8242201209068298,381.28989470005035,497.8433017730713,0.8263096809387207
58,13.639099954161793,115.99098547639166,368.02581810951233,190.79327791929245,0.9978917241096497,373.5698543190956,179.38909196853638,0.9961545467376709,362.794073343277,182.3046995997429,0.9943825006484985,386.23437094688416,173.4763845205307,0.9960266947746277,361.06899029016495,178.76037764549255,0.9934201836585999,425.0558986067772,195.62049859762192,0.9987277388572693,347.99334836006165,201.09338349103928,0.9977127313613892,496.75744128227234,177.97196638584137,0.9935470223426819,296.6668352484703,187.12079125642776,0.9620901942253113,549.1215091943741,141.65840607881546,0.9827278256416321,244.37240332365036,163.5428882241249,0.9625090956687927,418.77835619449615,333.22395968437195,0.9966016411781311,373.5202634334564,335.38872027397156,0.9958944916725159,422.63632905483246,423.89668333530426,0.9075301289558411,370.87730741500854,424.0158452987671,0.897754967212677,431.58193069696426,478.6575018167496,0.8195655941963196,381.31641632318497,497.6002125740051,0.821998655796051
59,14.685200003441423,118.40418917162069,369.0181175470352,190.37048065662384,0.9980106949806213,374.8898068666458,179.1955555677414,0.9963570237159729,363.4486302137375,181.70119899511337,0.9947399497032166,387.20416313409805,173.51403921842575,0.9962610602378845,361.1840689778328,178.22313845157623,0.9939266443252563,425.28830403089523,195.66626632213593,0.9986550211906433,347.3973745703697,199.58889961242676,0.9977557063102722,494.3934574127197,174.83653795719147,0.9937474131584167,293.44374883174896,182.53132146596909,0.9649442434310913,547.7743927240372,129.7960603237152,0.983458399772644,242.16805768013,151.7750335931778,0.9652419090270996,418.78606379032135,332.04588186740875,0.9966141581535339,373.3332739472389,334.78410375118256,0.9960005283355713,422.52288287878036,422.92601549625397,0.9057774543762207,370.3236183524132,423.9789596796036,0.8973580598831177,431.7825958132744,476.12020552158356,0.8130506873130798,381.3477551937103,496.9521054029465,0.8198720812797546
60,14.391099975910038,119.2260253551849,370.2779615521431,190.07664734125137,0.9981511235237122,375.9016161561012,179.18070179224014,0.9966071248054504,364.53101217746735,181.56994289159775,0.995126485824585,387.8900053501129,173.49273121356964,0.9965258836746216,361.96149241924286,177.94542562961578,0.9944287538528442,425.94227212667465,195.76344168186188,0.9986782670021057,347.50332725048065,199.13698291778564,0.9978611469268799,492.8373259305954,174.05237925052643,0.9939930438995361,292.4709860086441,180.69194149971008,0.967732846736908,524.2931485176086,121.40486094355583,0.9844583868980408,243.69274324178696,143.08408200740814,0.967975378036499,418.65832644701004,331.72274816036224,0.9967947602272034,373.040519118309,334.33327281475067,0.9962402582168579,421.72570872306824,422.60122299194336,0.9024468064308167,370.32530438899994,423.82553601264954,0.8975387811660767,426.74412971735,477.2336505651474,0.8035987615585327,381.37047654390335,493.71175050735474,0.8154194355010986
61,14.760899997781962,119.93332250967046,371.9178060889244,189.4145007133484,0.9982202649116516,377.2407841682434,178.769606590271,0.9967377185821533,365.8124802708626,181.08604156970978,0.9953078627586365,388.3742725253105,173.39511853456497,0.9966682195663452,363.1984812617302,177.70482462644577,0.9947640299797058,425.98166650533676,195.53829765319824,0.9986907243728638,347.8583851456642,199.41920465230942,0.9978562593460083,487.42755711078644,172.1247211098671,0.994341254234314,292.1754746437073,179.84874469041824,0.9699953198432922,496.2516303062439,115.93517300486565,0.9854799509048462,246.96836441755295,138.2584748864174,0.970159649848938,418.64997655153275,331.7448855638504,0.9968933463096619,373.04464054107666,334.40915524959564,0.9963573813438416,421.5476311445236,422.657772898674,0.894639253616333,370.3078017234802,423.93034183979034,0.8937464952468872,424.95061498880386,477.9810744524002,0.7871224284172058,381.38904970884323,490.3467746973038,0.8014433979988098
62,13.219899963587523,119.22619609931988,373.87569600343704,189.988127887249,0.9982036352157593,379.53729981184006,179.59868854284286,0.9966967701911926,367.6792974472046,181.8091263771057,0.9952595829963684,390.09408336877823,174.30691415071487,0.996675968170166,364.7752466201782,178.151930809021,0.9949043989181519,426.27498334646225,195.91206991672516,0.9986826777458191,348.9300888776779,200.36046653985977,0.9978510141372681,477.77796828746796,172.29829162359238,0.99466872215271,294.45149022340775,181.5344898700714,0.9716800451278687,466.7381753921509,116.40815642476082,0.9863772392272949,252.1252545118332,140.4577535390854,0.9717212915420532,418.41023820638657,331.86956679821014,0.9969073534011841,373.0346313714981,334.8292531967163,0.9963982105255127,421.55156522989273,422.7905671596527,0.882820188999176,370.18209832906723,424.019012093544,0.8878272175788879,425.293174803257,478.3442304134369,0.765485405921936,381.4379982948303,490.7288409471512,0.7857289910316467
63,14.064999995753169,112.23081850020199,374.90993225574493,190.0537559390068,0.998096764087677,380.6742772459984,179.91069322824478,0.9965595006942749,369.06784224510193,181.99863642454147,0.9949781894683838,392.01204365491867,175.1071782708168,0.9965953230857849,366.7945296764374,178.55056995153427,0.9947653412818909,427.62838900089264,196.06903737783432,0.99863201379776,351.8128100037575,200.63183069229126,0.9976583123207092,466.41242241859436,176.31864315271378,0.9949040412902832,297.12310886383057,187.64993250370026,0.9718701243400574,442.33164501190186,123.07449316978455,0.9870135188102722,259.24434328079224,150.60473704338074,0.9720741510391235,418.1854333281517,333.7980543375015,0.9970034956932068,373.04466730356216,336.565652012825,0.9964956045150757,421.3838447332382,423.0324499607086,0.8699473142623901,370.1868888139725,424.6460072994232,0.8804513812065125,425.0855782032013,478.9277048110962,0.7444891333580017,378.87123507261276,491.41271781921387,0.7736279368400574
64,15.372800000477582,110.22815186105859,376.686881005764,190.099780023098,0.997680127620697,383.72849237918854,179.91526246070862,0.9957709312438965,371.3741797208786,181.8475501537323,0.9936888813972473,396.84224408864975,175.16549253463745,0.9957485198974609,369.5732785463333,178.15502220392227,0.9931433200836182,430.57922065258026,196.2954933643341,0.998227596282959,355.44552302360535,200.59483951330185,0.9970142841339111,453.7632942199707,187.73801463842392,0.9947563409805298,306.6912059187889,189.46532022953033,0.967837929725647,422.0645485520363,138.58720326423645,0.9871879816055298,272.90568220615387,161.36553585529327,0.9705682992935181,418.2144706249237,333.95660519599915,0.9969770908355713,373.04694211483,336.6919618844986,0.9965009093284607,421.38780558109283,423.3161344528198,0.85398268699646,370.1749795079231,424.9378651380539,0.8711298108100891,425.17996948957443,480.77964639663696,0.7254698872566223,378.5394873023033,494.14315843582153,0.7679535150527954
65,14.537800045218319,95.7558600697484,376.36939764022827,187.2100948691368,0.99715656042099,382.71242785453796,177.94919562339783,0.9949895143508911,371.05926555395126,180.0862090587616,0.992254912853241,393.6121191382408,174.05556112527847,0.9947637319564819,370.0695888400078,177.43103259801865,0.9914336204528809,430.52443784475327,196.2983736395836,0.997426450252533,356.6936985850334,201.30619210004807,0.9952626824378967,447.84806233644485,198.52509784698486,0.9942102432250977,317.6981880068779,202.5169934630394,0.964767336845398,420.0626343488693,183.07023453712463,0.9866185188293457,290.48454052209854,185.29937154054642,0.9700469374656677,418.0138857960701,332.72987937927246,0.9969556927680969,374.43297123908997,335.4286822080612,0.9964908957481384,419.6731598973274,423.38990569114685,0.8568354845046997,371.07203125953674,424.86397325992584,0.8756018280982971,423.1033344268799,481.2576514482498,0.7253565192222595,385.0707113146782,495.4796061515808,0.7752372622489929
66,14.99970001168549,74.34625618317806,376.01070004701614,188.19477200508118,0.9969552159309387,382.0678533911705,178.02120250463486,0.9946774244308472,371.0304691195488,180.85715770721436,0.9919008016586304,393.2013149857521,174.06937438249588,0.9943117499351501,369.75405913591385,178.91479659080505,0.9912099838256836,431.00008749961853,196.33240914344788,0.9971251487731934,357.26582700014114,204.02502113580704,0.9952699542045593,427.7246804237366,214.49982821941376,0.9928923845291138,317.53097599744797,220.8947178721428,0.9619855284690857,378.2241716980934,192.5837686061859,0.985460638999939,303.0131840109825,217.54355531930923,0.969938337802887,418.1800808310509,334.7061402797699,0.9971405267715454,374.39737713336945,336.83377397060394,0.99671870470047,419.8872597813606,425.5174790620804,0.8659833669662476,371.06825774908066,426.4269222021103,0.8841889500617981,423.89496874809265,483.4198182821274,0.7320784330368042,384.85061663389206,494.776064991951,0.7833157777786255
67,14.094999991357327,57.4221438675276,376.4728346467018,190.11799663305283,0.9968499541282654,382.43645310401917,180.21096569299698,0.9945261478424072,371.57058960199356,183.4239051938057,0.9919278621673584,393.5309217572212,174.26939517259598,0.9940540194511414,369.74380910396576,179.78831923007965,0.9914127588272095,432.3449291586876,197.79923832416534,0.9971156716346741,356.726375579834,207.52832555770874,0.9956133961677551,420.8041960597038,234.2700827717781,0.9924623966217041,316.8965980410576,241.22842061519623,0.9628041982650757,362.13480627536774,224.2463931441307,0.9852222204208374,310.9290722608566,242.98526787757874,0.970868706703186,418.6361671090126,337.1788339614868,0.9973576068878174,374.37553894519806,338.8096729516983,0.9969911575317383,420.40139389038086,429.2192208766937,0.8766143918037415,371.08252215385437,430.03528881073,0.8931256532669067,427.41950780153275,489.7731626033783,0.733571469783783,384.5840890407562,495.5796768665314,0.7835029363632202
68,13.663899968378246,47.0495539459578,376.3026787638664,190.29232114553452,0.9966671466827393,382.24033761024475,180.20651710033417,0.9941516518592834,371.36419731378555,183.45521122217178,0.9917105436325073,394.0686068534851,173.64276188611984,0.9934975504875183,369.5730912089348,179.87064081430435,0.9911743998527527,434.2188919186592,199.46216750144958,0.9971482753753662,356.6865530014038,207.70421838760376,0.9959719777107239,427.0521659255028,254.0276701450348,0.9921204447746277,325.662436068058,245.42641425132751,0.9643662571907043,378.23292303085327,267.33405923843384,0.9852190017700195,320.5992681980133,259.6400146484375,0.9725090861320496,418.728818833828,337.5662988424301,0.9975184798240662,374.3579292297363,339.89120876789093,0.9972065687179565,420.9833709001541,430.00561141967773,0.8852233290672302,371.1473141312599,429.8926020860672,0.9000154137611389,428.2702872157097,494.42648100852966,0.7378569841384888,384.03347766399384,497.5173330307007,0.7860004305839539
69,15.8176000113599,36.608234004938225,375.00357419252396,190.30789875984192,0.9962819814682007,380.8483672142029,180.16154861450195,0.9935641288757324,370.651191174984,183.21788257360458,0.990951657295227,393.98430502414703,173.19274526834488,0.9929381608963013,369.51932537555695,179.37116187810898,0.9900467395782471,434.0221608877182,201.3152551651001,0.9973605275154114,356.6334829926491,207.72435015439987,0.9963298439979553,426.5951429605484,264.89167630672455,0.9916826486587524,331.3645850419998,253.31511116027832,0.9649922847747803,384.0494281053543,295.89803540706635,0.9847062230110168,326.2729686498642,296.38912987709045,0.9733533263206482,418.6497624516487,337.4535006284714,0.9976492524147034,374.2654648423195,339.6834670305252,0.9973803162574768,421.21243101358414,430.65631234645844,0.8932055234909058,371.15708243846893,429.7077215909958,0.9063926339149475,428.1232808828354,496.8125251531601,0.7467270493507385,380.4146811366081,500.0403335094452,0.7945972084999084
70,14.101400040090084,27.890605277226385,374.4726064801216,190.4536919593811,0.9961199164390564,380.452523291111,180.14333200454712,0.9933685660362244,370.0987331867218,183.18776786327362,0.9904661774635315,393.95141392946243,173.1386986374855,0.9927131533622742,369.464863717556,179.36151069402695,0.9892510771751404,433.8382223248482,204.6592094898224,0.997584342956543,356.52421176433563,208.52449363470078,0.9966453909873962,431.9324122071266,268.18659055233,0.9916143417358398,335.6706957221031,264.58546233177185,0.9650279879570007,398.7243158817291,315.3772916793823,0.9845097064971924,329.63861882686615,316.9856011867523,0.973450779914856,418.54999190568924,337.7487062215805,0.9973924160003662,373.7606173157692,339.6876894235611,0.9970933198928833,421.5947063565254,432.42290127277374,0.8959910869598389,371.2205630540848,430.26338851451874,0.907371461391449,432.1101151108742,499.4614132642746,0.7483717203140259,379.1266829967499,503.34707045555115,0.792214035987854
71,14.121899963356555,23.083413318529924,372.85944414138794,190.45970886945724,0.995468258857727,379.3782235980034,179.95118296146393,0.9923228621482849,368.2764220237732,183.03298699855804,0.9888637661933899,393.200565636158,173.14355438947678,0.9916579723358154,368.05381166934967,179.36114877462387,0.986812174320221,433.70451694726944,207.3465364575386,0.9977552890777588,354.5275965332985,211.73318058252335,0.9968653321266174,435.1859008073807,273.40531754493713,0.9913792014122009,337.1841410398483,275.6147450208664,0.963391125202179,401.25676959753036,332.29925560951233,0.9833758473396301,330.24939227104187,329.3416200876236,0.9717656970024109,417.2837784290314,339.469783782959,0.9970659017562866,372.5775816440582,341.9110507965088,0.9967011213302612,423.02826565504074,434.00460970401764,0.8993437886238098,371.1104086637497,432.25349283218384,0.9092501997947693,433.43576806783676,502.16953551769257,0.7548388838768005,378.93316346406937,508.24335741996765,0.7964760065078735
72,14.776900003198534,21.86168775521837,371.873139500618,190.472270488739,0.9954262971878052,378.5504866838455,179.63623768091202,0.992240846157074,366.8393033146858,182.82732629776,0.9888114929199219,392.24083614349365,172.97079819440842,0.9916172623634338,366.311761200428,179.24515360593796,0.9866943359375,433.6069676876068,208.5060960650444,0.9979407787322998,351.896817445755,215.67457336187363,0.9971261620521545,437.8175095319748,275.51956021785736,0.9913282990455627,337.11859971284866,281.7064517736435,0.9634150862693787,429.54688453674316,338.4049264192581,0.9828209280967712,328.07935613393784,337.89078974723816,0.9716401100158691,417.2704239487648,340.12045454978943,0.996514618396759,372.4457764029503,341.8981121778488,0.996183454990387,423.120168030262,435.2194525003433,0.8971710205078125,371.167332470417,433.1544007062912,0.9061684608459473,431.5068886876106,501.61613059043884,0.7466011643409729,378.9450192451477,509.19791984558105,0.7933644652366638
73,13.73450004030019,21.589727684864982,368.9375357031822,190.40088188648224,0.9951227307319641,375.8169931769371,178.95958411693573,0.9917855262756348,364.6069373488426,182.2539102435112,0.9881048202514648,388.94907718896866,172.62098801136017,0.9912505149841309,365.24471414089203,178.75101298093796,0.9855402112007141,432.9620720744133,208.21601766347885,0.9980945587158203,351.04266595840454,216.0087154507637,0.997284471988678,447.66350823640823,271.89849627017975,0.9910244941711426,337.35908740758896,280.9411128759384,0.9607513546943665,453.6228446960449,331.96408808231354,0.9812759160995483,323.1900641322136,337.4313029050827,0.9688034653663635,417.09025889635086,339.35614109039307,0.9963474273681641,372.39789831638336,341.07893776893616,0.9959094524383545,423.1131027340889,434.6813085079193,0.9000234007835388,371.1627828478813,432.85382664203644,0.907525897026062,430.2588469386101,501.6730725765228,0.7538934946060181,378.8863558769226,507.9467041492462,0.7998849153518677
74,13.424700009636581,21.526739955079524,367.43535739183426,189.58988082408905,0.9953943490982056,374.25502747297287,177.8013515472412,0.9921773076057434,363.4229917526245,180.6848388314247,0.9887280464172363,386.7730997800827,172.22723478078842,0.9916738271713257,364.5139109492302,177.56936120986938,0.9861321449279785,431.01898181438446,208.14717757701874,0.9982643723487854,350.5961071252823,215.33470088243484,0.9975007176399231,458.42446279525757,264.8868205547333,0.9911834001541138,337.9223574399948,276.05704069137573,0.9600170254707336,474.8450139760971,322.599121928215,0.9811961650848389,320.2728193998337,325.47773838043213,0.9681438207626343,416.25898933410645,338.7779748439789,0.9966081380844116,372.07353699207306,340.4906679391861,0.9961915016174316,423.0918800830841,432.89418065547943,0.9055469632148743,371.16299694776535,432.04629397392273,0.9119454026222229,429.82157468795776,498.1482490301132,0.7660565972328186,378.38573682308197,504.24746561050415,0.8101558089256287
75,14.226900006178766,22.373600718813464,367.63125878572464,189.360454082489,0.9956960082054138,374.31484162807465,177.54874688386917,0.9926295280456543,363.3253889679909,180.25613021850586,0.9894482493400574,386.39031594991684,172.19571763277054,0.992149829864502,363.7567734718323,177.25841212272644,0.9869312047958374,430.3803218603134,208.02037006616592,0.9984158277511597,350.1163360476494,215.27389842271805,0.9977083206176758,465.9702526330948,260.96225702762604,0.9912575483322144,337.398107111454,271.7867234945297,0.9603115916252136,496.75556790828705,316.52219355106354,0.9812739491462708,317.1900754570961,318.2603416442871,0.9683138728141785,416.120787858963,338.76024079322815,0.9968339800834656,371.49054300785065,340.4434676170349,0.9964535236358643,423.09750020504,432.16774809360504,0.909722089767456,371.33457124233246,431.9129568338394,0.9161118268966675,428.5843182206154,494.41432654857635,0.7751457095146179,378.1242941021919,504.20602583885193,0.8205391764640808
76,14.845900004729629,23.79721072930109,367.5051539540291,189.34329307079315,0.9958568215370178,374.1483522057533,177.53016835451126,0.9928457140922546,362.9804472923279,180.25575321912766,0.9897809028625488,386.26268565654755,172.16153132915497,0.992365300655365,363.1126807332039,177.21736443042755,0.9872245788574219,429.81301069259644,207.88356453180313,0.9985494613647461,349.93614423274994,213.70621436834335,0.9978736042976379,471.65674555301666,254.0823199748993,0.9911383390426636,336.22232407331467,268.01308035850525,0.958746075630188,513.701038479805,304.8916119337082,0.9805968403816223,309.2640709877014,308.96622121334076,0.9661558866500854,416.1483264565468,338.7376811504364,0.9970302581787109,371.42291420698166,340.40863287448883,0.996665894985199,422.97088688611984,432.10474395751953,0.9137082695960999,371.1337990760803,431.8973339796066,0.9196693301200867,427.33188742399216,494.52148485183716,0.784906804561615,378.00057113170624,503.430703997612,0.8275604248046875
77,14.339099987410009,29.58261595542715,367.12501960992813,189.0289660692215,0.9959434866905212,373.5873302221298,177.37214529514313,0.9929124116897583,362.6099474430084,180.04914247989655,0.9898086190223694,385.75912272930145,172.08706641197205,0.9924244284629822,362.83697360754013,177.0366309285164,0.9871744513511658,428.8133783340454,204.83487612009048,0.9986622333526611,349.68786865472794,211.66103798151016,0.998004138469696,475.24045646190643,241.30443876981735,0.9910227656364441,331.8663013577461,260.7915517091751,0.9584718942642212,522.4934248924255,282.8235763311386,0.9800716638565063,297.0613142848015,285.28520131111145,0.9653280973434448,415.8661160469055,337.32785427570343,0.9971709251403809,371.22219556570053,338.37539982795715,0.9968069195747375,422.50666481256485,430.12015891075134,0.9172923564910889,371.0356342792511,429.73290514945984,0.9231563806533813,427.3458842039108,492.4917805194855,0.7965084314346313,377.92777717113495,499.44542849063873,0.8352934122085571
78,14.862199954222888,45.57370692144056,366.75125473737717,188.91159862279892,0.996116578578949,373.1642153263092,177.19478970766068,0.9931196570396423,361.9051306247711,179.98962181806564,0.9900491237640381,385.5872005224228,171.91421973705292,0.9926720261573792,361.9380217194557,176.99876511096954,0.9873433113098145,427.1347014307976,201.09401684999466,0.9987626671791077,348.39901411533356,211.02360743284225,0.9980833530426025,484.39247715473175,232.47138857841492,0.9913108348846436,319.5551833510399,251.68573492765427,0.9579141139984131,538.8538140058517,257.87360668182373,0.980373203754425,284.0716334581375,267.9793916940689,0.9640291333198547,415.8841004371643,335.8845498561859,0.9972915649414062,371.13521748781204,337.08838427066803,0.9969033598899841,422.4503297805786,429.40705704689026,0.9182054400444031,370.54333835840225,429.51104855537415,0.9234171509742737,428.02428644895554,491.9994796514511,0.8036200404167175,377.547803401947,498.7074145078659,0.8363766074180603
79,14.694400015287101,60.78349760085485,366.76150476932526,188.37288159132004,0.9963674545288086,372.8842797279358,176.7320305109024,0.9935835599899292,361.6353380084038,179.51586931943893,0.9906007647514343,384.9261403679848,171.6866176724434,0.9931941032409668,361.0506312251091,176.75374567508698,0.9880735874176025,424.9510164260864,198.73009502887726,0.9988385438919067,345.9690874814987,211.0085877776146,0.9980010390281677,489.3062300682068,220.55668514966965,0.9916086196899414,313.35113072395325,238.71998739242554,0.954039990901947,549.4137555360794,234.80726164579391,0.9800179600715637,281.19600439071655,245.24721890687943,0.9586910605430603,415.72258883714676,334.8377583026886,0.9973775744438171,370.7273572087288,336.8085904121399,0.996906042098999,421.4558358192444,427.1000621318817,0.9189105033874512,369.50334817171097,428.8426135778427,0.9218704104423523,428.465706884861,487.0927573442459,0.80788254737854,376.42482274770737,497.0836932659149,0.8320121169090271
80,14.45600000442937,81.362803048991,366.5013466477394,187.55560725927353,0.9964777827262878,372.29205268621445,176.10253202915192,0.9937384128570557,361.4976182579994,178.8488820195198,0.9907506704330444,383.04366713762283,171.30630069971085,0.9934111833572388,360.77374655008316,176.058423101902,0.9882218241691589,423.26313322782516,197.12976282835007,0.9988131523132324,345.2201660871506,208.84743130207062,0.997612714767456,489.6927338838577,204.78042232990265,0.9919118881225586,305.0287470817566,223.37155854701996,0.9528730511665344,554.427653670311,211.3292634487152,0.9803962707519531,269.0433738231659,221.0260644555092,0.9567965865135193,415.45563304424286,333.443855881691,0.9972387552261353,370.49880558252335,336.1484795808792,0.9966669678688049,420.86047756671906,424.644921541214,0.9150681495666504,369.145667552948,426.9410890340805,0.9181326031684875,427.1440415382385,484.7676966190338,0.8055689334869385,377.62806409597397,496.8295956850052,0.8282760977745056
81,15.199000015854836,101.120033551988,366.1770656108856,187.40753698349,0.9967044591903687,371.82590371370316,175.85000276565552,0.9941372871398926,360.9946173429489,178.66888743638992,0.9913039803504944,383.0356383919716,170.75348389148712,0.9938748478889465,359.56207501888275,175.60508888959885,0.9889864921569824,422.9375675916672,194.86262428760529,0.9988112449645996,344.0968910455704,204.34664684534073,0.9974295496940613,490.97412168979645,196.8233528137207,0.9923027753829956,297.4529297351837,204.37219232320786,0.9532723426818848,556.9390453100204,189.68729746341705,0.9811598658561707,258.359521985054,198.17284470796585,0.9563851952552795,415.30667304992676,332.18675899505615,0.997247576713562,369.954777777195,335.5222383737564,0.996604323387146,420.38589841127396,421.6509131193161,0.9103232026100159,369.06805634498596,424.9784905910492,0.9141282439231873,425.5384529829025,482.4164570569992,0.8038665652275085,376.3715921640396,495.5157980918884,0.8243635296821594
82,14.604000025428832,107.98940007997632,366.1841309070587,187.10836535692215,0.996951162815094,371.8874841928482,175.6589696407318,0.9945281744003296,360.91628354787827,178.37825107574463,0.9919084310531616,383.2665718793869,170.5459532737732,0.9942916035652161,359.08225041627884,175.29056584835052,0.9897891283035278,422.7062594294548,194.33082896471024,0.9987923502922058,344.0492805838585,201.31041449308395,0.9974270462989807,493.66953217983246,185.8173686861992,0.9926541447639465,293.61516255140305,195.01104140281677,0.956095814704895,556.8466612100601,169.3123660683632,0.9820703864097595,248.12841111421585,183.65322637557983,0.958899974822998,414.83795487880707,331.4502228498459,0.9971635341644287,369.6674824953079,334.7218234539032,0.9965029954910278,419.5207475423813,420.3483953475952,0.9052647948265076,368.6529166698456,422.9549992084503,0.907340407371521,425.2817739844322,478.53134274482727,0.805819571018219,375.2553288936615,491.286136507988,0.8234618902206421
83,13.84119997965172,112.73483468995566,366.21734315156937,187.13982218503952,0.9971469640731812,371.8688307404518,175.66670566797256,0.9948256015777588,360.8950608968735,178.38634902238846,0.992404580116272,383.4290469288826,170.37182480096817,0.9946140646934509,358.91080993413925,175.25898838043213,0.990506112575531,422.7990984916687,193.74961656332016,0.9987233877182007,343.62089347839355,198.89514535665512,0.9974342584609985,494.517902970314,177.71192729473114,0.9928794503211975,290.023048222065,187.46600204706192,0.9589406847953796,551.1989203691483,146.86469209194183,0.9827708601951599,241.20492935180664,167.8283457159996,0.9613751769065857,414.49868685007095,330.9144011735916,0.9970380663871765,369.19445556402206,334.2725909948349,0.9964239597320557,418.99125176668167,419.93671202659607,0.8995901346206665,368.1668296456337,422.56364369392395,0.9014196395874023,425.00087493658066,476.4977779388428,0.8050787448883057,375.7847176194191,491.44085705280304,0.8223926424980164
84,16.497099946718663,117.37466707831392,366.9198851585388,186.7403536438942,0.9973710775375366,372.37383884191513,175.20071935653687,0.995211124420166,361.4193379878998,178.06430107355118,0.9930241703987122,383.4521964788437,170.2908000946045,0.9950239062309265,358.934949696064,175.15151339769363,0.9913446307182312,422.6674270629883,194.21879982948303,0.9986990690231323,343.7714859843254,198.8528460264206,0.997558057308197,491.3083851337433,173.71372824907303,0.9931244254112244,288.169237613678,181.8674104809761,0.9622746706008911,540.7819440364838,132.34293240308762,0.9836336970329285,237.29862344264984,150.62937772274017,0.9643717408180237,414.28461372852325,331.0939735174179,0.9971222281455994,368.6151012778282,334.3783016204834,0.996580958366394,418.84737664461136,420.6121139526367,0.8984347581863403,367.6505010128021,422.92408525943756,0.9016789197921753,424.5831393003464,477.1603317260742,0.802660346031189,375.9181018471718,492.9668902158737,0.823308527469635
85,13.536899990867823,122.2518337989632,367.6904841661453,187.20327872037888,0.9975822567939758,373.67334485054016,175.70160073041916,0.9955852031707764,361.83942872285843,178.66371500492096,0.9936097860336304,384.48752999305725,170.61090272665024,0.9954195618629456,359.0735258460045,175.55016762018204,0.9921253323554993,422.84978663921356,194.55986362695694,0.9986958503723145,343.3244454264641,199.64484632015228,0.997683584690094,489.12734961509705,170.4338185787201,0.9933472275733948,287.45660614967346,177.2512189745903,0.9652794599533081,531.4234775304794,120.59635561704636,0.9844935536384583,237.6981338262558,138.3218560218811,0.9670926928520203,414.06200337409973,331.1356545686722,0.9972503781318665,368.0873985886574,334.44389951229095,0.9967651963233948,418.6380137205124,420.80788218975067,0.8975507020950317,367.2667804956436,423.3480738401413,0.9030343294143677,424.4026798605919,478.088232755661,0.7992511987686157,375.2532414197922,494.17437398433685,0.8238115906715393
86,14.165200002025813,123.0782582434378,369.21690928936005,187.27365696430206,0.9977300763130188,374.6045722961426,176.0288663506508,0.9958505630493164,363.5828976035118,179.1612486243248,0.994028627872467,384.50741451978683,171.1055108308792,0.9956963062286377,360.2560797929764,176.1174612045288,0.9927467703819275,422.90328484773636,194.82940310239792,0.9986643195152283,343.4753323197365,200.24518013000488,0.997708797454834,484.70597290992737,168.04144084453583,0.9936147928237915,287.46219950914383,176.7256064414978,0.9677472710609436,511.72179210186005,111.76356932520866,0.9853838086128235,241.36737763881683,133.30011874437332,0.9694216847419739,413.1048698425293,331.2695345878601,0.9972715973854065,367.82550090551376,334.2219524383545,0.99680495262146,417.5249887108803,421.1026655435562,0.8921411037445068,367.2878158092499,423.55192494392395,0.9000556468963623,424.02120739221573,478.89685118198395,0.792137086391449,374.35942792892456,494.26005840301514,0.8176789879798889
87,14.659199980087578,121.35490306947568,371.18036580085754,187.15826499462128,0.9977288842201233,375.38338738679886,176.05667382478714,0.99582439661026,366.8184553384781,179.03891986608505,0.9940135478973389,384.134559571743,171.6635603904724,0.9956951141357422,364.15392875671387,176.06054937839508,0.9929609298706055,421.4462280869484,195.01066440343857,0.9986476302146912,345.0849352478981,200.51954519748688,0.9976311922073364,476.1488287448883,167.9262901544571,0.9938440322875977,289.3533705472946,178.7166758775711,0.9695806503295898,487.20954990386963,111.69782063364983,0.9861946105957031,247.1504563689232,133.90105575323105,0.9711593985557556,411.7062355875969,331.3014438152313,0.9972134232521057,368.64317512512207,334.27705466747284,0.996732771396637,415.8511022925377,421.47269797325134,0.8868576884269714,368.08062767982483,423.7000404596329,0.8945727944374084,420.9303276538849,483.30756294727325,0.7876463532447815,375.0173301100731,494.4873136281967,0.8093151450157166
88,14.044500014279038,120.18490312544373,372.13605415821075,187.17168617248535,0.997819721698761,377.3756670951843,176.52066957950592,0.9959918260574341,367.2937303185463,179.1638725399971,0.994232177734375,386.19254118204117,173.34585225582123,0.9958919286727905,364.4441411495209,176.72382700443268,0.9933690428733826,421.5866508483887,197.11958384513855,0.998666524887085,346.26904141902924,202.14525699615479,0.9976034164428711,469.60170781612396,168.40323960781097,0.9942284226417542,291.5573415160179,181.3868569135666,0.9715428352355957,461.33755934238434,111.95168447494507,0.9870359897613525,247.40761709213257,136.25591450929642,0.9728371500968933,411.62155908346176,333.58669340610504,0.9973110556602478,368.5080780982971,336.37217593193054,0.9968340992927551,415.98357659578323,423.56242060661316,0.8844053745269775,367.9728283882141,427.43583285808563,0.8924066424369812,420.9644230604172,483.2552354335785,0.7802005410194397,378.56683856248856,494.56585013866425,0.7983886003494263
89,13.78630002727732,117.51953594240834,372.2090354561806,186.9810602068901,0.9979351162910461,377.9950312972069,176.53166288137436,0.9962122440338135,367.3887103796005,179.11715477705002,0.9945198893547058,387.33310478925705,174.0823884010315,0.9961259961128235,364.7603131532669,176.9648653268814,0.9937815070152283,421.7472525238991,201.33111929893494,0.998690128326416,348.5947816967964,205.25786942243576,0.9975422024726868,460.8085720539093,172.02807354927063,0.9945432543754578,291.70978063344955,185.57242465019226,0.9729911088943481,439.28551214933395,117.51628577709198,0.9876471757888794,257.56526494026184,142.25361269712448,0.974068284034729,411.21332412958145,336.93912267684937,0.9975020289421082,368.51415318250656,339.6483005285263,0.9970385432243347,416.1395215988159,425.3910183906555,0.88398677110672,367.901158452034,429.5974568128586,0.8904920816421509,421.22409945726395,485.34691846370697,0.774044930934906,379.73384350538254,494.80788373947144,0.7867131233215332
90,13.785399962216616,116.923092802147,373.5026269555092,187.0377458333969,0.9980483651161194,379.53400802612305,176.8510718345642,0.9964117407798767,368.4357390999794,179.218567609787,0.9947903156280518,388.66338765621185,175.00912827253342,0.9962847828865051,365.8802161216736,177.84300243854523,0.9940721392631531,421.89854085445404,203.95201897621155,0.9985432624816895,350.19986176490784,207.6611499786377,0.9971737265586853,446.5385471582413,178.02810913324356,0.9944762587547302,300.57935005426407,190.3602413535118,0.9722039699554443,419.0093967318535,130.2661634683609,0.9877493977546692,270.849681019783,152.5770469903946,0.9741642475128174,411.21600037813187,340.1258531808853,0.9976807832717896,368.5193986296654,343.1331923007965,0.9972383975982666,416.25320863723755,427.01338243484497,0.8803648352622986,367.8166425228119,430.16235268116,0.886791467666626,422.4670830965042,485.31190276145935,0.768227219581604,380.3249465227127,496.89679205417633,0.7813429832458496
91,15.701600001193583,104.73899800220262,375.40964138507843,182.88087528944016,0.9981079697608948,381.6951590180397,174.4931970834732,0.9965142607688904,371.21392595767975,175.26106941699982,0.9948635697364807,389.605908870697,174.9238057732582,0.9962459802627563,370.0465463399887,176.46573323011398,0.994069516658783,421.92104810476303,205.19990199804306,0.9980735182762146,354.8153467774391,208.5037435889244,0.9963708519935608,438.2224794626236,205.2444030046463,0.9942856431007385,308.4926423430443,201.76880049705505,0.9729086756706238,422.0445569753647,181.03565937280655,0.9879282116889954,281.2286278605461,165.8972795009613,0.9756701588630676,410.965235888958,341.16649210453033,0.9977788925170898,370.11318492889404,343.47010910511017,0.9973651170730591,415.8660625219345,430.27008402347565,0.885162353515625,367.89636796712875,432.0250915288925,0.8913033604621887,422.60528457164764,489.2848126888275,0.7704876661300659,380.91655802726746,499.7971839904785,0.7865965962409973
92,13.775800005532801,90.71947630479913,371.24422109127045,183.19334745407104,0.9981485605239868,377.14949733018875,174.60269278287888,0.9965583682060242,368.00735199451447,175.29521048069,0.9950373768806458,386.6145855784416,174.90572488307953,0.9961915016174316,369.9102717638016,177.37957972288132,0.9942840337753296,421.83163464069366,204.95839619636536,0.9971603751182556,354.06556898355484,210.98384153842926,0.9958511590957642,427.54861003160477,215.20763701200485,0.9937944412231445,309.4185975790024,215.9169236421585,0.973173975944519,387.8654373884201,189.46901482343674,0.9876810908317566,292.7535710930824,192.40446770191193,0.9766671657562256,410.8925757408142,341.98222827911377,0.9978569746017456,370.4870836138725,344.25402653217316,0.9974883794784546,415.07640862464905,432.2348539829254,0.8898167014122009,369.6899897456169,433.9824723005295,0.8964191675186157,420.60521697998047,490.6196016073227,0.7711005806922913,384.56487357616425,501.4787520170212,0.7926034927368164
93,14.306200027931482,69.44146421071676,371.1949781179428,187.6437949538231,0.9982045888900757,377.18495762348175,176.97602450847626,0.9966843724250793,367.4161419272423,179.78821367025375,0.9952718019485474,387.28075736761093,174.98590511083603,0.9962671995162964,368.00020641088486,179.7475128173828,0.994605302810669,423.5631406903267,205.25346606969833,0.9972482323646545,351.1325343847275,210.75031304359436,0.9961453080177307,420.71844905614853,234.868214905262,0.9937934279441833,310.5104267001152,232.892240524292,0.974092960357666,361.2939022183418,212.98870915174484,0.9879483580589294,306.13251227140427,225.38659006357193,0.9777104258537292,411.66924983263016,341.91765582561493,0.9980299472808838,369.94806039333344,344.0392575263977,0.9977052807807922,415.56851720809937,432.3589621782303,0.897891640663147,369.25954192876816,433.6682960987091,0.9046944379806519,420.87391233444214,491.03197860717773,0.7713158130645752,377.72534573078156,495.55756962299347,0.7987053990364075
94,14.627300028223544,52.382397834137876,370.9668279290199,190.13374012708664,0.9981183409690857,377.19135385751724,179.3219257593155,0.9965421557426453,366.8068671822548,181.84700727462769,0.9952111840248108,388.34748327732086,175.5717772245407,0.9960170984268188,366.4530135989189,180.6288468837738,0.9946584105491638,425.52453649044037,207.37518841028214,0.997368574142456,349.93932896852493,213.0976167321205,0.9964677691459656,419.7104400396347,247.366679251194,0.9939019083976746,309.98205494880676,254.3348492383957,0.975479006767273,365.7205778956413,250.9835660457611,0.9881736636161804,315.957877099514,245.88970124721527,0.9786800146102905,411.90778386592865,343.124777674675,0.9981539845466614,369.2579361796379,345.7562333345413,0.9978773593902588,415.64334511756897,434.53445971012115,0.9042966365814209,368.8458741903305,434.78560161590576,0.911178469657898,421.0432118177414,496.7951228618622,0.7651525139808655,374.778234064579,494.4285318851471,0.7971054911613464
95,14.641800022218376,42.83130913858915,370.1142554283142,190.34890121221542,0.9980526566505432,377.0570061802864,179.6053388118744,0.9964762926101685,366.0317453145981,181.9194816350937,0.9951789975166321,388.8183692097664,175.7962577342987,0.9959283471107483,366.01860493421555,180.5981742143631,0.994612455368042,425.6129062175751,208.65356314182281,0.9975554943084717,349.51452803611755,213.64663338661194,0.9967774152755737,419.5245478153229,261.23405849933624,0.9938869476318359,319.02804267406464,257.1894282102585,0.9765422344207764,374.4098752140999,286.9236104488373,0.9882063269615173,315.5999020934105,292.80072915554047,0.9796899557113647,411.6764757037163,342.76524090766907,0.9982887506484985,367.6304023861885,345.3227142095566,0.9980483651161194,415.58575224876404,433.99402356147766,0.9107645750045776,367.52035504579544,434.6340478658676,0.9170740246772766,421.0666289925575,495.64243972301483,0.763106107711792,372.2414180636406,493.88351142406464,0.8017327189445496
96,14.188300003297627,33.45180012814949,368.65206027030945,190.30761224031448,0.9979875087738037,376.01664131879807,179.328455388546,0.9964028596878052,364.26991736888885,181.2169809937477,0.9950193166732788,388.802954018116,175.705581843853,0.9958169460296631,364.7229259610176,179.91021066904068,0.9942053556442261,425.58496618270874,209.8643343448639,0.9977660775184631,349.1685426235199,213.8867819905281,0.9970555901527405,424.80861324071884,266.52664721012115,0.9935346245765686,325.988108754158,262.1576164960861,0.9760842323303223,387.21304827928543,304.8792463541031,0.9875217080116272,317.6612825393677,313.3163717985153,0.9792309403419495,411.5669636130333,341.74167251586914,0.9984119534492493,366.847010910511,342.93051743507385,0.9981884956359863,415.17109429836273,433.7029197216034,0.9165706038475037,366.5936504602432,433.2900903224945,0.9221723675727844,420.3138538002968,495.08671247959137,0.772742748260498,370.72066658735275,493.2227672338486,0.8092501163482666
97,14.51529999030754,26.460609803054247,367.6678966283798,188.92174744606018,0.9977583885192871,375.535960316658,178.1054694056511,0.995983362197876,363.41672933101654,179.53304541110992,0.9944443106651306,388.73618161678314,175.3144826889038,0.9952267408370972,363.90616166591644,178.33047771453857,0.9931825399398804,425.4621263742447,211.4051609635353,0.9979290962219238,348.59753823280334,214.19067364931107,0.9972618222236633,427.19376623630524,272.6757483482361,0.9933067560195923,329.1777688264847,272.2996236085892,0.9754418134689331,395.9415794014931,324.92912888526917,0.9869255423545837,322.93689101934433,322.5894104242325,0.9785455465316772,411.2111028432846,340.23735451698303,0.9983120560646057,366.56097346544266,342.3122384548187,0.9980332851409912,415.04932498931885,433.6006473302841,0.9201780557632446,365.43518275022507,431.94562005996704,0.9253572821617126,419.00647962093353,495.8665281534195,0.7803694605827332,368.9021021723747,493.41554963588715,0.8144256472587585
98,14.970999967772514,22.928668552777243,366.12640422582626,187.00849068164825,0.9978362917900085,374.6710235476494,176.21652156114578,0.9960904717445374,362.5021749138832,177.47423672676086,0.9946087002754211,388.31649231910706,174.8496122956276,0.9952672719955444,363.0739821791649,176.87144488096237,0.9931947588920593,425.50055730342865,213.95097744464874,0.9981024861335754,347.06551975011826,217.82408809661865,0.9974803924560547,429.34552359580994,279.2688944339752,0.9931908249855042,330.2716318964958,281.6206165552139,0.9750996232032776,402.2892127633095,342.6031311750412,0.986484706401825,324.7446166276932,333.5730611085892,0.9778723120689392,409.95385479927063,340.7452480792999,0.99837327003479,364.95910489559174,342.29501712322235,0.9981037974357605,415.06150192022324,433.56041395664215,0.9237964153289795,364.6398552060127,431.65964341163635,0.9295027852058411,418.5362895131111,490.9162548780441,0.7880624532699585,368.46389323472977,493.54701685905457,0.8226359486579895
99,13.889599998947233,20.220847144409134,365.811811208725,184.06086826324463,0.9978753328323364,374.5229199528694,173.66262221336365,0.9961384534835815,362.05366241931915,175.03514122962952,0.9947404265403748,388.2767232656479,173.57998394966125,0.9953479170799255,362.0631095767021,175.25764626264572,0.9932952523231506,425.6233168244362,215.587908744812,0.9982420206069946,345.2803281545639,220.28583371639252,0.9976453185081482,431.1019187569618,283.0446186065674,0.9930659532546997,332.05096250772476,286.919810295105,0.974382221698761,421.4675845503807,346.6612731218338,0.9857197403907776,320.1807832121849,347.1999901533127,0.9768217206001282,409.8588747382164,342.50637805461884,0.998299777507782,364.77083081007004,343.4624183177948,0.9980037808418274,414.7052664756775,433.30194318294525,0.926584005355835,363.687324821949,432.19525396823883,0.9323202967643738,418.06326258182526,488.9656299352646,0.7874023914337158,368.6790100932121,499.9278972148895,0.8244348168373108
100,14.625200012233108,20.53719268148079,364.99734848737717,182.36248606443405,0.997767984867096,373.6387409567833,172.4383845925331,0.9959927201271057,361.2607970237732,173.74838203191757,0.9946429133415222,387.5473652482033,172.92917746305466,0.9952478408813477,361.111087679863,174.39124137163162,0.9931398630142212,425.4249265193939,215.54173386096954,0.998369038105011,343.897858440876,222.21804600954056,0.9977859258651733,437.0697121620178,276.9760445356369,0.9926295876502991,331.03334575891495,287.7315351963043,0.9734405279159546,446.09222918748856,338.957878947258,0.9843688011169434,316.3362451195717,345.37130188941956,0.9752628803253174,409.8814622759819,342.37605690956116,0.9982100129127502,364.0265125632286,343.4416984319687,0.9978852868080139,414.20727014541626,431.64353799819946,0.9271246790885925,363.3224183320999,431.74731838703156,0.9324464201927185,415.959570646286,490.47377824783325,0.7807744145393372,369.04025012254715,501.45893692970276,0.8218632340431213
101,14.202799997292459,21.202604928200596,364.280702650547,181.11396968364716,0.9979108572006226,372.84732073545456,171.47952437400818,0.996239185333252,360.6850824356079,172.59147650003433,0.9949842095375061,386.89133644104004,172.38023620843887,0.9955320954322815,360.47009938955307,173.5149289369583,0.9935207366943359,424.88033670186996,215.75583934783936,0.9985066056251526,343.5972354412079,221.04698038101196,0.9979431629180908,444.9266961812973,271.30715012550354,0.9924082159996033,330.5648684501648,282.8388372659683,0.973025918006897,460.97904908657074,327.70571422576904,0.9837376475334167,315.4393271803856,332.96527779102325,0.9745483994483948,409.8911770582199,341.345400929451,0.9983047246932983,363.471378326416,342.5037239789963,0.9979895353317261,414.13894551992416,427.15254044532776,0.9307259321212769,362.8817740082741,429.0342800617218,0.9355183839797974,414.39169043302536,490.0753049850464,0.7906265258789062,369.47671949863434,500.974357008934,0.8305738568305969
102,14.96860000770539,21.904281492910403,363.51106709241867,179.44479739665985,0.9980172514915466,371.8868151307106,170.1293689608574,0.9964088797569275,360.2840465903282,170.86290419101715,0.9952295422554016,385.6582281589508,171.92160892486572,0.9957502484321594,360.23523181676865,172.43274468183517,0.9937434792518616,423.23976957798004,215.65944814682007,0.9986255764961243,343.1183475255966,220.39445477724075,0.9980484247207642,451.48473620414734,268.66613376140594,0.9925326108932495,329.6143720149994,280.2366065979004,0.9725906848907471,480.7740820646286,324.15145456790924,0.9840565323829651,308.281084895134,324.6186925172806,0.9741553068161011,409.4869029521942,341.32528424263,0.998370885848999,362.8727550506592,342.52507722377777,0.9980466961860657,414.1468136906624,427.3124485015869,0.9326879382133484,362.5969141125679,429.1015065908432,0.9380625486373901,414.6839902997017,487.254655957222,0.7900629639625549,369.7696884274483,500.7036111354828,0.8338261842727661
103,14.16259998222813,23.031615045102544,363.0882465839386,177.78254681825638,0.9981633424758911,371.483022749424,168.80647814273834,0.9966582655906677,360.0679127573967,169.28695631027222,0.9955793619155884,385.4996336698532,171.46528887748718,0.9960485696792603,360.1421518921852,171.26734912395477,0.9941534996032715,423.0138139128685,215.82125627994537,0.9987378716468811,343.1207293868065,220.32256853580475,0.9981768131256104,459.6897931098938,266.7425321340561,0.9926219582557678,329.28463143110275,276.27307641506195,0.9715971946716309,494.48439633846283,317.59724497795105,0.9840916395187378,298.15868324041367,316.09796369075775,0.9729025959968567,409.38651686906815,341.305046916008,0.9984869956970215,362.78473323583603,342.5220913887024,0.9981826543807983,414.0632612109184,427.4719343185425,0.9355900287628174,361.43271923065186,429.14852595329285,0.9413897395133972,414.9688769578934,484.88836658000946,0.7954017519950867,369.9529044032097,500.3537255525589,0.8406346440315247
104,13.32689996343106,27.600152178390232,362.8959848880768,176.53920286893845,0.9982158541679382,371.31851375102997,167.71426570415497,0.9967194199562073,359.98907047510147,168.30028861761093,0.9956886768341064,385.482050716877,171.1726318001747,0.9961414933204651,360.14081376791,170.78008496761322,0.994206964969635,422.9854992032051,215.68990969657898,0.9988123178482056,343.1251719594002,219.55704867839813,0.998227596282959,467.99269366264343,263.7137794494629,0.9927706122398376,325.17262905836105,273.1339684724808,0.9707825779914856,512.6542506217957,312.3400640487671,0.9844192266464233,285.65428656339645,304.0832951068878,0.9722833037376404,409.3926454782486,341.74471867084503,0.9985253214836121,362.8606316447258,343.11217081546783,0.9982255697250366,414.07634806632996,429.69206857681274,0.9354401230812073,361.24059134721756,429.7794117927551,0.9427384734153748,415.2295435667038,483.7224432229996,0.7904554009437561,369.87585520744324,500.7559084892273,0.8416293859481812
105,13.800299959257245,40.863736006045535,362.04397439956665,175.28815305233002,0.9982888102531433,370.5010001063347,166.54151111841202,0.9968304634094238,359.4759533405304,167.2658023238182,0.9958535432815552,385.42303943634033,170.5859453678131,0.9962900876998901,359.9724777340889,170.22864043712616,0.9944271445274353,422.7042790055275,214.41145956516266,0.9988371133804321,342.8640503883362,218.72303557395935,0.9981998801231384,471.207403421402,250.66831916570663,0.9926020503044128,315.2975127696991,263.17828953266144,0.9702495336532593,521.5339897871017,287.8559148311615,0.9838875532150269,281.5019263625145,280.74501287937164,0.9712120890617371,409.34658724069595,341.5852630138397,0.9985286593437195,362.6994144320488,343.10366570949554,0.9982135891914368,414.08788269758224,429.95246958732605,0.9351558089256287,361.227397441864,429.7330861091614,0.9431934356689453,415.3998332619667,483.73875975608826,0.7910265922546387,369.77394366264343,499.8786460161209,0.8424023985862732
106,14.702500018756837,56.76075798643569,361.26574808359146,174.11206579208374,0.9983474612236023,369.9047319293022,165.66821467876434,0.9969182014465332,359.1053196787834,166.30814850330353,0.9959511160850525,385.21306097507477,170.02696084976196,0.996408224105835,359.8549904227257,169.73627924919128,0.9945130348205566,421.89412504434586,212.14332574605942,0.9988738894462585,342.73623275756836,218.38246941566467,0.9980995059013367,481.4097446203232,242.0641377568245,0.9927664399147034,306.0230804681778,251.83959591388702,0.9681972861289978,534.7763887643814,265.0753504037857,0.9837544560432434,264.27590465545654,266.96945559978485,0.968684732913971,409.3541610240936,341.3973363637924,0.9985417127609253,362.7182284593582,343.07796943187714,0.9981901049613953,414.0584974884987,430.12124466896057,0.9330121278762817,361.1698580980301,429.5434101819992,0.9402847290039062,415.5085960030556,481.9956955909729,0.7881307601928711,369.6800876259804,490.4885867834091,0.8350090384483337
107,14.490899979136884,73.5942656458015,361.3480427265167,173.19766134023666,0.998387336730957,370.02229952812195,165.22946280241013,0.9969778656959534,359.1076747775078,165.6277852654457,0.996001660823822,385.1353427171707,169.7361736893654,0.9965113401412964,359.81672006845474,169.40740007162094,0.9945626258850098,421.37300592660904,210.90423434972763,0.9988264441490173,342.56142020225525,217.9277327656746,0.997661292552948,482.46509647369385,231.03591066598892,0.992548942565918,303.88210839033127,236.42395561933517,0.9663894772529602,543.5353755950928,244.414894759655,0.9825614094734192,256.5545529127121,239.73943895101547,0.9650474786758423,409.6459256410599,341.35453939437866,0.9984738230705261,362.7656783461571,343.350434422493,0.9980616569519043,414.0882038474083,431.19879937171936,0.9301337003707886,361.1511511206627,429.984348654747,0.9381886124610901,415.543708384037,481.95069694519043,0.7849040031433105,369.5666682124138,488.7884100675583,0.8300458788871765
108,13.210200006142259,87.114817184428,361.4672963619232,173.5224086046219,0.9983314275741577,370.0923637151718,165.55888485908508,0.9968027472496033,359.1457845568657,165.85819220542908,0.9957590699195862,385.02992528676987,169.77640706300735,0.9963931441307068,359.82116264104843,169.3264960050583,0.9942308068275452,421.03314912319183,208.13954710960388,0.9987117052078247,342.5939901471138,215.4745374917984,0.997192919254303,485.7083885669708,220.18062072992325,0.9926565885543823,300.9419014453888,224.39474993944168,0.9666135311126709,551.1192216873169,222.63548988103867,0.9827410578727722,253.3175232410431,217.92259049415588,0.9652206897735596,410.05723828077316,340.0235506296158,0.9982525110244751,363.25759959220886,343.0175892114639,0.9977862238883972,414.0926731824875,430.1937793493271,0.9254228472709656,361.15998274087906,428.9564975500107,0.9338645339012146,415.37382012605667,479.91670989990234,0.7825556993484497,371.2760952115059,491.5711781978607,0.8260279893875122
109,14.985300018452108,101.7401115408182,361.6684967279434,173.9243804216385,0.9983484148979187,370.23377668857574,165.84404718875885,0.9967740178108215,359.2291229367256,166.13563358783722,0.9957366585731506,385.0346354842186,169.81201088428497,0.9964109659194946,359.83109152317047,169.24501889944077,0.9942744970321655,420.96934735774994,206.5612769126892,0.9986001253128052,342.5361296534538,212.97056794166565,0.9968920946121216,490.4965718984604,210.1108768582344,0.9928984642028809,293.9045720696449,210.72060549259186,0.9682595133781433,556.2559061050415,198.18439596891403,0.9833881855010986,243.99192106723785,201.45503145456314,0.966809093952179,410.34464061260223,339.72267496585846,0.9979462027549744,363.3326416015625,342.9355843067169,0.9974446892738342,414.3983810544014,429.8853636980057,0.9207480549812317,361.19075959920883,428.6715463399887,0.9289553761482239,415.41634571552277,480.4039740562439,0.781082034111023,371.270260989666,488.3078112602234,0.8214530944824219
110,14.894099964294583,107.49105880756879,361.9792359471321,174.06711238622665,0.9984398484230042,370.4206591248512,166.02548944950104,0.9969100952148438,359.69816225767136,166.32117760181427,0.9959473609924316,385.04202193021774,169.81875163316727,0.996562123298645,360.2238577604294,169.2214790582657,0.9946187734603882,421.0057443380356,205.87613332271576,0.9985112547874451,342.56452465057373,210.35396605730057,0.9968960881233215,491.49053061008453,202.1978861093521,0.9930949211120605,288.86150282621384,202.29098987579346,0.9705489277839661,549.4568966627121,180.22696554660797,0.9840598702430725,240.5599266886711,183.8478786945343,0.9689909219741821,410.6475651860237,339.2771521806717,0.9978262186050415,363.429495036602,342.8016138076782,0.9973523020744324,414.71460658311844,429.15362298488617,0.9202399849891663,361.2156487107277,427.9275606870651,0.9275736212730408,414.5029956102371,486.05938696861267,0.7871931791305542,371.19578099250793,486.63155138492584,0.8214259147644043
111,14.691999997012317,112.62335772698341,362.6124363541603,172.2474570274353,0.9985153079032898,370.9241150021553,165.256742477417,0.9970271587371826,360.41641384363174,165.10873252153397,0.9961541295051575,385.09238892793655,169.40530395507812,0.9967034459114075,361.0643336176872,168.57584500312805,0.9949716925621033,421.20678412914276,205.38354593515396,0.998350203037262,342.73419880867004,209.18020111322403,0.9968580603599548,490.4268823862076,195.51423001289368,0.9931790232658386,288.88596373796463,195.98436331748962,0.972587525844574,540.3533695936203,158.47806745767593,0.9844470620155334,238.37988138198853,164.9817289710045,0.9708521366119385,410.98364847898483,338.68674099445343,0.9977864623069763,363.47678434848785,342.33853793144226,0.9973477721214294,414.94433575868607,428.6334844827652,0.9199665188789368,361.22081387043,427.6066588163376,0.9265213012695312,414.49210327863693,489.9664577245712,0.7899112105369568,371.14105170965195,486.17851877212524,0.8181620836257935
112,14.828099985606968,114.81394229651352,364.6559662222862,171.5716479420662,0.9986100196838379,372.9765300154686,165.00986820459366,0.9972063899040222,361.73390424251556,164.47134721279144,0.9964163303375244,386.14546597003937,169.37271612882614,0.9969143867492676,361.7836557030678,168.29621702432632,0.995370626449585,421.86583709716797,205.46362060308456,0.998313844203949,343.50541335344315,208.25282788276672,0.9969109892845154,488.47429144382477,190.29103934764862,0.9932970404624939,289.4415261745453,192.46196764707565,0.9744254350662231,534.0456123352051,141.9113274216652,0.9849870204925537,242.43867993354797,152.486386179924,0.9725561141967773,411.10244715213776,338.5870020389557,0.9978814721107483,363.590391099453,342.13251531124115,0.9974610805511475,415.9001579284668,429.64320945739746,0.9217051267623901,361.1867452263832,429.5593044757843,0.9275960326194763,416.7326050400734,488.64071679115295,0.7940443754196167,371.1150118112564,486.762988448143,0.814770519733429
113,14.496900024823844,117.2756672422777,366.88538831472397,171.8637319803238,0.9986991882324219,375.11113262176514,165.07543593645096,0.9973863363265991,363.4236072897911,164.60129135847092,0.9966534972190857,387.47374165058136,169.38589602708817,0.997127115726471,362.63657611608505,168.36345863342285,0.9957340359687805,423.05023765563965,205.65264809131622,0.9983187913894653,344.5315673351288,208.26606810092926,0.9968867301940918,486.1358389854431,186.5312396287918,0.9935402274131775,291.0105036497116,189.66728633642197,0.9759128093719482,514.7850261926651,132.3280937075615,0.985702395439148,247.4839169383049,145.51648199558258,0.9739512205123901,411.1009484529495,338.5924609899521,0.9979929327964783,363.59932976961136,342.02348709106445,0.9975734949111938,416.21579468250275,430.31279051303864,0.9223411083221436,361.1713567972183,430.71289241313934,0.9285004734992981,417.7526304125786,488.3771188259125,0.7956767082214355,372.42747086286545,488.6676194667816,0.8101467490196228
114,14.249300002120435,118.21300987772719,368.28137308359146,171.99254512786865,0.9987578392028809,376.7248837351799,165.35538059473038,0.9975169897079468,364.7808399796486,164.64348512887955,0.9968193769454956,388.40601283311844,170.09438341856003,0.9973024129867554,363.3030155301094,168.8512053489685,0.9960333704948425,423.6109117269516,206.30775237083435,0.998324453830719,345.7097589969635,208.53016370534897,0.9967758655548096,483.79925990104675,183.3221002817154,0.9938669800758362,292.73173290491104,188.61114519834518,0.9770585298538208,491.03230333328247,127.50471842288971,0.9863940477371216,249.07831877470016,143.8905138373375,0.9749709963798523,411.05007296800613,339.3684161901474,0.9981145858764648,363.61541402339935,342.59417366981506,0.9976961612701416,416.4774515032768,432.1193413734436,0.9223291277885437,361.0892227292061,433.00996470451355,0.9287736415863037,417.6922274827957,495.78702652454376,0.7939050197601318,371.8286067247391,488.83639454841614,0.8032914996147156
115,15.049700043164194,115.5581220822057,370.35578685998917,173.22418701648712,0.9988089799880981,379.3796955347061,166.50566601753235,0.997637927532196,366.4581252336502,165.88755291700363,0.9969578981399536,390.9224893450737,171.2787646651268,0.9974610209465027,364.08541679382324,170.11541998386383,0.9962931275367737,425.022552549839,207.01685804128647,0.9983575940132141,347.53439849615097,208.65300518274307,0.996731162071228,473.96586632728577,183.09246242046356,0.9942358732223511,293.7038534283638,190.41309666633606,0.9783219695091248,467.23456597328186,125.45191156864166,0.9871712327003479,259.4833055138588,142.60417687892914,0.9761375784873962,410.92966854572296,340.16623735427856,0.998205304145813,363.61795645952225,342.7431035041809,0.9977718591690063,416.52538311481476,432.82948756217957,0.9213570952415466,361.0047335624695,433.5320334434509,0.9280548691749573,417.6090496778488,496.554386138916,0.7898647785186768,371.0847166776657,489.03593277931213,0.7939469218254089
116,14.593999949283898,111.92027326031975,374.3139852285385,177.52749919891357,0.9988696575164795,382.79100251197815,170.4652904868126,0.9977699518203735,370.0806685090065,169.8752412199974,0.997111439704895,392.7563351392746,174.75852924585342,0.9976108074188232,367.09087067842484,173.8696250319481,0.9965425133705139,425.3512761592865,210.1395589709282,0.9983181953430176,350.29419952630997,210.2959684729576,0.9966089725494385,463.32055246829987,183.89940696954727,0.9946352243423462,294.59469628334045,194.06551188230515,0.9796897172927856,445.956463098526,127.10562688112259,0.9880351424217224,272.07245898246765,147.6065816283226,0.9775845408439636,410.2457264661789,343.17668294906616,0.9982852935791016,363.62641340494156,344.4715099334717,0.997832179069519,416.50081515312195,433.80796682834625,0.916406512260437,361.053387761116,433.5647268295288,0.9224735498428345,417.8763801455498,500.6738131046295,0.7763439416885376,370.19194692373276,489.60821783542633,0.7741283774375916
117,13.963299978058785,112.20820172499943,379.8613399863243,178.54809683561325,0.9989467859268188,387.297162771225,171.6939616203308,0.9979311227798462,374.97384107112885,171.65259724855423,0.9973130822181702,394.5529810786247,176.02366375923157,0.9977787137031555,371.4909176826477,175.71871650218964,0.9968135952949524,425.944520175457,212.6781823039055,0.9981098771095276,353.72116255760193,212.33019679784775,0.9963574409484863,448.8555093407631,189.63972014188766,0.9950339794158936,299.1404650211334,195.3404483795166,0.9811882972717285,425.0321870446205,140.9283995628357,0.9889572262763977,283.0119728446007,156.60839182138443,0.9793739318847656,410.2626403570175,346.86174631118774,0.9983810782432556,365.28346621990204,346.70241129398346,0.997937023639679,416.2425571680069,435.84180307388306,0.9183477759361267,361.8031120300293,434.1345990896225,0.9236071109771729,417.97106581926346,510.30352330207825,0.7732399702072144,370.0117015838623,492.9668298959732,0.7694710493087769
118,15.123300021514297,92.0186924703605,378.8997906446457,178.70633101463318,0.9984503388404846,385.61524760723114,172.226948261261,0.9972416758537292,379.40303242206573,171.50125461816788,0.9959694743156433,392.06599682569504,176.31229448318481,0.996713399887085,384.2447139620781,175.36086869239807,0.9950298070907593,406.3201515674591,213.59895050525665,0.997252345085144,368.1176669597626,213.29724544286728,0.9939618110656738,415.48723953962326,218.52241158485413,0.9942046999931335,337.507619202137,215.36826890707016,0.9670169353485107,407.53979831933975,175.1194835305214,0.9860995411872864,294.36119359731674,170.50941449403763,0.964748203754425,395.7707009315491,347.6772713661194,0.9979314208030701,381.6892980337143,344.86687672138214,0.9972760677337646,397.22465324401855,434.7607196569443,0.8991396427154541,379.6825130581856,432.88208651542664,0.9037638306617737,405.2509635090828,506.24471783638,0.7617470622062683,390.41207522153854,503.11872947216034,0.7533305883407593
119,14.883900003042072,83.57709853056211,377.8147859573364,179.53975600004196,0.9985577464103699,384.60357213020325,172.40222281217575,0.9974090456962585,377.1125383377075,172.2255609035492,0.996257483959198,391.97698479890823,176.3517889380455,0.996880292892456,379.7426751255989,176.29511839151382,0.9953991174697876,418.14063292741776,213.37890350818634,0.9966498613357544,363.2069382071495,216.6569583415985,0.9937910437583923,428.1730858683586,230.5114592909813,0.9937706589698792,324.2832581400871,225.63239365816116,0.9685090780258179,391.91331684589386,190.3545109629631,0.9859023690223694,300.8865298628807,195.2280422449112,0.9669684171676636,403.0561453104019,347.1611441373825,0.9979519844055176,378.01553136110306,345.3916598558426,0.9973331689834595,399.0640388727188,432.67965292930603,0.9050644636154175,378.03753012418747,432.0039494037628,0.9094727039337158,406.1756876707077,491.030832529068,0.7731791734695435,388.8649894595146,496.6822040081024,0.767291247844696
120,14.530900050885975,70.65462816452508,377.50147753953934,182.36696481704712,0.998645544052124,385.20958185195923,173.2636814713478,0.9975506067276001,376.00623071193695,174.40226483345032,0.9965190887451172,395.52175629138947,176.52750080823898,0.9970349073410034,379.5103232264519,177.99399822950363,0.9957720637321472,426.53163558244705,214.79827600717545,0.9967960715293884,361.3641002178192,218.4444631934166,0.9943063855171204,426.97324335575104,244.75719511508942,0.992902398109436,319.5631318092346,237.71422845125198,0.9706730246543884,368.89969354867935,220.00352150201797,0.9833473563194275,337.9764711856842,208.63686960935593,0.9671781659126282,406.71901965141296,347.4878970384598,0.9980282187461853,373.45327693223953,346.2444626092911,0.9974479675292969,405.4419673681259,433.62212121486664,0.9117175936698914,372.92196130752563,432.5641704797745,0.9158618450164795,411.1761510372162,489.8647885322571,0.7839369177818298,378.78987711668015,493.64168894290924,0.7773070931434631
121,15.356499992776662,52.36765422510455,377.14037132263184,186.29265934228897,0.9985700845718384,385.49013298749924,176.7933155298233,0.9973886013031006,375.29231464862823,177.7353464961052,0.9964497089385986,396.5930050611496,179.43115001916885,0.9967858791351318,378.88274294137955,180.86196821928024,0.9958471059799194,430.29029285907745,220.4391669034958,0.9967432022094727,357.6209651827812,223.78079891204834,0.9946653246879578,424.7727782726288,254.45772087574005,0.991671085357666,316.81652468442917,263.17192578315735,0.9717627167701721,379.43592351675034,247.1678950190544,0.9808220863342285,333.6541692018509,241.52373176813126,0.9661582112312317,409.0368114709854,349.5416991710663,0.9979316592216492,371.6496459841728,349.6820635795593,0.9974084496498108,410.2078040242195,435.04262471199036,0.9144786596298218,370.74312031269073,434.6459610462189,0.9193546175956726,413.844584941864,489.9197098016739,0.7803634405136108,374.82932364940643,493.65963411331177,0.7781570553779602
122,13.610500027425587,42.576573162411954,376.8814442753792,186.66747212409973,0.9982579350471497,385.51601231098175,177.3008924126625,0.9967654943466187,374.7341562509537,178.46140205860138,0.995928168296814,396.88875728845596,180.31940579414368,0.9960424304008484,377.54285234212875,181.6896477341652,0.9953964352607727,431.1237837076187,224.24079847335815,0.996921718120575,356.52999246120453,226.83865594863892,0.995097815990448,425.36449682712555,270.9092800617218,0.9918233752250671,319.61435520648956,277.1741954088211,0.9733593463897705,379.35785734653473,288.4466577768326,0.9812720417976379,330.6701253056526,276.2536835670471,0.9676856398582458,410.9997327327728,349.84999418258667,0.9979819655418396,370.3056874871254,351.2077046632767,0.997503399848938,413.0693292617798,435.0493503808975,0.9200453758239746,370.6656429171562,434.698801279068,0.9245508313179016,415.5563135147095,489.6914894580841,0.782888650894165,373.0849180817604,493.70532643795013,0.785710871219635
123,15.65600000321865,36.91731008640855,376.6837765574455,187.02198725938797,0.9974445104598999,385.45274579524994,178.211345911026,0.9955751299858093,374.3648071885109,179.04864645004272,0.9941701292991638,397.31749230623245,181.43555015325546,0.9944457411766052,376.4251706600189,181.8228189945221,0.9928778409957886,431.3842094540596,225.64748871326447,0.9970450401306152,356.1351922750473,226.90138864517212,0.9953738451004028,428.0248484611511,280.7814460992813,0.990646243095398,329.18585109710693,273.0417695045471,0.9732074737548828,392.35901927948,311.40736758708954,0.9800713658332825,322.85628241300583,314.3986314535141,0.9682999849319458,413.1261192560196,349.5940568447113,0.9978965520858765,370.3148134946823,348.9063194990158,0.9973939657211304,414.0735112428665,432.52074015140533,0.9237971901893616,370.15758389234543,430.37591528892517,0.9274991750717163,417.310300052166,489.4931274652481,0.7900050282478333,371.7360888123512,493.30977869033813,0.7935736179351807
124,15.000800020061433,29.386519371473888,376.32810312509537,187.27257120609283,0.997097909450531,385.2649801969528,178.87335681915283,0.9949510097503662,374.24590146541595,179.67137402296066,0.9934690594673157,397.2144567370415,182.60780709981918,0.9935718774795532,375.68071860074997,182.55861622095108,0.9916787147521973,431.1378607749939,228.73927569389343,0.9972125887870789,355.8680759072304,230.67533338069916,0.9956753253936768,430.6324779987335,287.9178935289383,0.9905437231063843,332.7599275112152,286.5370202064514,0.9729833602905273,400.90655571222305,336.8557002544403,0.9796341061592102,323.1287512779236,334.4684798717499,0.9685670137405396,412.9249991774559,349.3849880695343,0.9976975321769714,370.1974064707756,348.8574905395508,0.9971465468406677,414.87975788116455,431.3700475692749,0.9265963435173035,369.6938970685005,428.78739070892334,0.9294639229774475,418.70219016075134,489.5180697441101,0.7970619201660156,370.9744819998741,493.2095571756363,0.8005333542823792
125,14.632800011895597,26.169721914014172,376.2747387290001,187.03451871871948,0.9972222447395325,385.11098885536194,178.9788412451744,0.9951291680335999,374.101143181324,179.70341897010803,0.9937352538108826,396.9690179824829,182.9696360230446,0.9937474131584167,375.6112699508667,182.91655451059341,0.99189692735672,431.37235367298126,231.71809858083725,0.9974349737167358,354.4250426888466,233.8531817793846,0.9960010051727295,431.5583529472351,294.68436884880066,0.9910745620727539,333.8237898349762,294.4631757736206,0.9735299944877625,403.3603009581566,354.77951741218567,0.9804837107658386,324.08093374967575,347.0249719619751,0.9695468544960022,412.7476441860199,349.89209747314453,0.9977702498435974,369.4769603610039,349.79570627212524,0.9971802830696106,415.7447749376297,434.1736260652542,0.9304434061050415,367.739994764328,429.02815759181976,0.9318476915359497,419.9742378592491,489.24976682662964,0.8020235300064087,368.59262079000473,496.91901993751526,0.7989861369132996
126,16.767599969170988,22.68185842926974,376.1704453229904,186.83372884988785,0.9974504709243774,385.1048602461815,178.8903067111969,0.9955454468727112,373.9850742816925,179.62783813476562,0.9942917823791504,396.82091438770294,183.19539833068848,0.9942904114723206,374.3047521710396,183.26069462299347,0.9926333427429199,432.5841054916382,236.51588314771652,0.9976706504821777,350.08721846342087,238.60138338804245,0.9963779449462891,433.56650280952454,305.3977863788605,0.9919474720954895,333.84554773569107,303.2581490278244,0.9759441614151001,420.495731651783,369.9227681159973,0.9823541045188904,322.0436395406723,360.3598018884659,0.9722381830215454,412.89751410484314,354.1263132095337,0.9979139566421509,367.6232835650444,354.81365847587585,0.997393786907196,418.361530482769,439.6630084514618,0.9317024946212769,367.4865807890892,435.2023216485977,0.9349468946456909,419.8813987970352,489.36645567417145,0.7475435137748718,366.9939637184143,514.2276344299316,0.7673949599266052
127,14.173600007779896,22.05967106578075,376.1117016673088,189.53072208166122,0.9976764917373657,385.0905690789223,181.07975322008133,0.9959405064582825,373.22443091869354,182.49577796459198,0.9948115348815918,396.8665444254875,184.75536143779755,0.9947829842567444,372.2407757639885,185.98401749134064,0.9932995438575745,434.81170773506165,236.96422588825226,0.9978903532028198,349.4445976614952,240.71552050113678,0.9967239499092102,445.35709047317505,304.70944583415985,0.9926362037658691,334.27559411525726,304.4344172477722,0.9778175950050354,445.47835129499435,366.87085258960724,0.9837855696678162,320.07857728004456,361.43364691734314,0.9742786288261414,413.5568882226944,353.8216675519943,0.9980909824371338,366.75628608465195,354.2585645914078,0.9976193308830261,418.1235584616661,431.84211111068726,0.9343780279159546,367.0131256580353,427.70072770118713,0.9369522333145142,419.71916460990906,486.23184156417847,0.740995466709137,367.3246142268181,509.8329074382782,0.7599359154701233
128,15.023900021333247,22.023802497536778,376.07195937633514,191.54309952259064,0.9977561235427856,385.03688353300095,182.54038453102112,0.9961022734642029,372.6089740395546,184.04429537057877,0.9950761795043945,396.7830722332001,185.60961186885834,0.9950298070907593,370.586907684803,187.16915273666382,0.9936659932136536,434.16622334718704,235.59672850370407,0.9980440139770508,349.21904343366623,239.68592011928558,0.996939480304718,455.18684434890747,295.06064438819885,0.9926065802574158,334.44069188833237,301.5153864622116,0.9774242043495178,467.1704965829849,352.5790776014328,0.9831787347793579,315.36115396022797,355.75531244277954,0.972902774810791,413.8690993785858,353.74192464351654,0.9980106949806213,366.59049248695374,354.80358505249023,0.9975078105926514,417.9847146868706,434.6018068790436,0.9333382844924927,365.7850219607353,430.8892376422882,0.9364949464797974,419.6792885065079,486.66077637672424,0.7315895557403564,367.51791965961456,510.1008484363556,0.7583662271499634
129,14.490299974568188,22.755783679041386,375.30847918987274,193.77213096618652,0.9978995323181152,383.9849305152893,184.65231996774673,0.9963375926017761,371.7353394627571,185.92229515314102,0.9953845739364624,396.115160882473,187.13252347707748,0.9953256249427795,369.8582454919815,188.26980996131897,0.9940385818481445,433.6263437271118,234.8396383523941,0.9982074499130249,349.0177627801895,237.84278523921967,0.9971681237220764,461.2631596326828,289.01010596752167,0.9922311305999756,333.6536607146263,297.2445867061615,0.9758656620979309,484.28601598739624,339.6159690618515,0.9821758270263672,309.9481736421585,341.9679927825928,0.970547080039978,413.57278513908386,354.3774551153183,0.9980827569961548,366.0163568854332,355.01956045627594,0.9975937008857727,417.6448846459389,435.4064140319824,0.9345411062240601,364.9021275639534,432.26501393318176,0.9385275840759277,419.60229283571243,486.6811946630478,0.7415650486946106,367.6342561841011,496.6981887817383,0.7706642150878906
130,15.037200006190687,24.577591955063255,374.11439061164856,194.35492676496506,0.9979255795478821,382.4206364750862,185.234497487545,0.9963603019714355,370.6758394241333,186.36919021606445,0.9954718351364136,395.0886857509613,188.14086109399796,0.9954269528388977,369.1729117631912,188.83256447315216,0.9941335916519165,432.0871528983116,234.16591030359268,0.9983192086219788,348.959714949131,236.7789985537529,0.9973036050796509,466.50518119335175,286.4160486459732,0.9919369220733643,332.6290589570999,292.28794968128204,0.973906397819519,498.2304484844208,331.431644320488,0.9813715815544128,302.31840312480927,329.8641412258148,0.9680702090263367,413.4718905687332,354.3434045314789,0.9980257749557495,366.02834647893906,355.46505308151245,0.997533917427063,417.5443915128708,435.518367767334,0.9347776174545288,363.61672538518906,432.5027346611023,0.9395743012428284,419.47787404060364,485.6004731655121,0.7409933805465698,366.9668265581131,499.98897111415863,0.7765483260154724
131,13.575499993748963,31.81500513693632,373.6277951002121,193.89427876472473,0.9980377554893494,381.7466232776642,185.16318428516388,0.9965256452560425,370.2882383465767,186.0443675518036,0.9956828355789185,394.6722614765167,188.55587708950043,0.9956649541854858,368.9733706712723,188.69397950172424,0.9943951964378357,431.13106310367584,233.64735519886017,0.9984257817268372,349.0410461425781,236.11998856067657,0.9974286556243896,474.837895154953,279.1343207359314,0.992111086845398,326.51059275865555,287.70988035202026,0.973101794719696,515.4536601305008,331.0542528629303,0.981556236743927,286.9345771074295,321.7631182670593,0.9673190712928772,413.4007291197777,354.1486918926239,0.9980282783508301,366.24180406332016,355.1459004878998,0.9975417256355286,417.1975764632225,435.89714658260345,0.9348143935203552,362.41605323553085,433.3535770177841,0.9406799674034119,419.393117249012,485.4459034204483,0.746870756149292,366.9772906899452,493.4852191209793,0.7858253717422485
132,13.404499972239137,44.577471072790445,372.56355810165405,194.06920647621155,0.9981715083122253,380.92092031240463,185.48431235551834,0.9967449307441711,369.4628565311432,186.28508919477463,0.9959503412246704,394.4109258055687,188.7921199798584,0.9959462285041809,368.4020986557007,188.9192441701889,0.9947212934494019,429.4857857823372,232.09850603342056,0.9985132813453674,349.06569439172745,235.69455230236053,0.9975398778915405,476.43486618995667,266.0341955423355,0.9922321438789368,319.8687326312065,275.32928109169006,0.9726601839065552,530.7790368795395,307.2541313171387,0.9819322824478149,279.20150339603424,295.1787507534027,0.9674734473228455,413.26571238040924,353.7506408691406,0.9980310201644897,366.247370660305,354.92392325401306,0.9975563287734985,417.16112595796585,436.7755249738693,0.9325432777404785,361.95311576128006,435.39148485660553,0.9398360252380371,421.1560692191124,485.6542181968689,0.7493549585342407,367.0520918369293,491.38584530353546,0.7906063795089722
133,13.767600001301616,59.361472331994406,370.74180895090103,194.3257319331169,0.9982991218566895,378.9706309437752,185.661456823349,0.9969474077224731,368.0862478017807,186.6737755537033,0.9961738586425781,393.28746342658997,188.6966335773468,0.9962018132209778,367.81963992118835,189.1822690963745,0.9949820041656494,428.44742810726166,228.9839784502983,0.9986168742179871,349.1770263314247,234.56836467981339,0.9976083040237427,484.08604669570923,256.76634442806244,0.9924910664558411,315.1769745349884,261.8979091644287,0.9713053107261658,539.2239927053452,278.695433139801,0.981971800327301,270.94260036945343,275.34933745861053,0.9654256105422974,413.21561300754547,352.18938088417053,0.9980917572975159,366.2588785290718,353.7846009731293,0.9975937008857727,416.69114995002747,436.19196009635925,0.9319804906845093,361.6224384903908,435.26330506801605,0.9395272135734558,421.2289167046547,485.5777325630188,0.7598401308059692,367.030574798584,488.7650662660599,0.7962496280670166
134,14.086000039242208,77.54639132893122,369.4843200445175,194.42231917381287,0.9984009861946106,377.83303797245026,185.7059879899025,0.9970951080322266,366.9475575685501,186.7810846567154,0.9963290691375732,392.0540339946747,188.52493298053741,0.9964050650596619,367.0932793021202,189.10982489585876,0.9951658844947815,427.1865938901901,226.01729494333267,0.9987009167671204,349.12312668561935,233.2556830048561,0.9976356625556946,488.25569546222687,244.79420137405396,0.9928318858146667,308.9543755054474,248.3484308719635,0.9704207181930542,549.4409997463226,257.7872587442398,0.9824908375740051,261.5285749435425,248.97909051179886,0.9646936655044556,413.1933198571205,351.1594789028168,0.9981282353401184,366.26888769865036,353.1389065980911,0.9976072311401367,416.4790572524071,434.12322878837585,0.9311920404434204,361.32569605112076,434.2572897672653,0.938083827495575,421.20097666978836,484.88607442379,0.7690491080284119,367.07433146238327,486.25805056095123,0.7995924353599548
135,14.287000056356192,91.77041880104987,369.57667738199234,194.63357454538345,0.9984853267669678,377.9462968111038,185.9525757431984,0.9971884489059448,366.7262050509453,186.9336940050125,0.9964465498924255,391.5622733235359,188.51415079832077,0.9965282082557678,366.5509375333786,189.03884345293045,0.9953201413154602,425.7189391851425,224.1324940919876,0.9987232685089111,348.9988149404526,231.37376242876053,0.9976087212562561,488.62442898750305,233.4241715669632,0.9931108355522156,305.97324872016907,236.17667418718338,0.971288800239563,555.3039109706879,236.76862353086472,0.9831454753875732,251.7332643866539,229.66824740171432,0.9658563733100891,413.20458686351776,349.87300622463226,0.99794602394104,366.3169263601303,352.45213437080383,0.9974387288093567,416.13909339904785,431.67698538303375,0.9265698790550232,361.3703894019127,432.6995584964752,0.9337634444236755,420.33737802505493,482.8998908996582,0.7762913107872009,367.09935438632965,485.83982253074646,0.8054811954498291
136,14.060099958442152,100.41633908559359,369.1236152648926,194.56485509872437,0.9985643625259399,377.13531321287155,185.89089864492416,0.9972766041755676,365.84577280282974,186.85226213932037,0.9965577721595764,390.9200807213783,188.44604963064194,0.9966444969177246,365.66335970163345,189.03113758563995,0.9954995512962341,425.75322192907333,222.9178473353386,0.9986859560012817,348.8615501523018,228.58556550741196,0.9975517988204956,490.71308040618896,224.13140833377838,0.993403434753418,299.65521466732025,226.5542626976967,0.9730159044265747,555.5223999023438,212.61507260799408,0.9840288758277893,249.0714943408966,211.79633551836014,0.9679537415504456,413.1699562072754,349.34659445285797,0.9977181553840637,366.31085127592087,351.92466700077057,0.9972453117370605,415.77865624427795,431.4720183610916,0.9212852120399475,361.4099175930023,432.4487181901932,0.9305548071861267,417.033201277256,481.76904356479645,0.7787202596664429,366.8977793455124,484.5953325033188,0.8082997798919678
137,14.431399991735816,107.32011684744444,368.874991774559,194.52612972259521,0.9986594915390015,376.62404268980026,185.80148947238922,0.997430145740509,365.41056126356125,186.78497529029846,0.9967647194862366,390.5983153581619,188.3602294921875,0.9968544840812683,365.18179553747177,188.94638812541962,0.9958126544952393,425.72199010849,222.0932441353798,0.9986283779144287,348.7296110987663,226.75330328941345,0.9975564479827881,491.45852267742157,215.50843727588654,0.9936010837554932,295.34982657432556,217.91099399328232,0.9749059677124023,548.5330021381378,193.90901190042496,0.9847368597984314,247.32232505083084,192.26158493757248,0.9700669646263123,412.97675782442093,349.38528966903687,0.997700572013855,366.13028478622437,351.9199620485306,0.9972864389419556,415.55216532945633,433.1424573659897,0.9189029335975647,361.19477397203445,433.3236885070801,0.9303971529006958,415.2165637612343,481.53937554359436,0.7772247791290283,366.6645710468292,484.87337708473206,0.8098238110542297
138,15.244100010022521,113.75396540718215,368.97714418172836,194.40132784843445,0.9987587332725525,376.8236105442047,185.70527923107147,0.9976078271865845,365.53243762254715,186.68273305892944,0.997008204460144,390.62047469615936,188.2995325922966,0.9970914721488953,365.18088561296463,189.0641325712204,0.9961631894111633,425.7394124865532,222.3462107181549,0.9986050128936768,348.63811016082764,224.8823156952858,0.9976096749305725,491.6585990190506,207.75775229930878,0.9937856197357178,294.4273772239685,209.27876383066177,0.9766623377799988,540.2321890592575,168.94338923692703,0.9853841066360474,248.29283982515335,176.92256599664688,0.9720186591148376,412.5613505244255,349.3964488506317,0.9978151321411133,365.7939873933792,351.82857739925385,0.9974409341812134,415.6285722255707,434.9196022748947,0.9192466735839844,361.0575894713402,434.62475860118866,0.9321545362472534,415.0779340863228,481.64584016799927,0.7775363326072693,366.62919104099274,485.1988331079483,0.812828779220581
139,14.404499961528927,117.82381096640485,369.0471548438072,194.15261381864548,0.9988570809364319,376.92905473709106,185.56094878911972,0.9977898597717285,365.6307629942894,186.62052816152573,0.9972518086433411,390.67068111896515,188.24388748407364,0.9973315596580505,365.1367810368538,189.0149416923523,0.9965022206306458,425.8006182909012,222.53481596708298,0.9986476898193359,348.49238842725754,223.758405148983,0.9977338314056396,489.30473136901855,202.3247841000557,0.9940995573997498,295.02988106012344,204.09291118383408,0.978395402431488,536.9153001308441,156.29872453212738,0.9862723350524902,250.37041157484055,165.21795678138733,0.9740262627601624,412.32768726348877,349.7540855407715,0.9979704022407532,365.64601761102676,351.83430778980255,0.9976304173469543,415.817782998085,438.44798469543457,0.9200310111045837,360.6857514977455,436.8501708507538,0.9341944456100464,415.040734231472,481.6737381219864,0.7728927731513977,366.59972554445267,485.55725395679474,0.8133052587509155
140,15.381500008516014,119.38409003768244,369.32537764310837,192.86678957939148,0.9989428520202637,376.9549608230591,184.52634185552597,0.9979556798934937,365.6855725646019,185.57590812444687,0.9974633455276489,390.7213425040245,187.53527945280075,0.9975477457046509,365.1813941001892,188.53168880939484,0.9968029856681824,425.7864609360695,222.2181214094162,0.9986872673034668,348.50212997198105,222.98747158050537,0.997772753238678,487.95194125175476,199.08013141155243,0.9944391250610352,295.7699708342552,201.88959109783173,0.9797618389129639,514.4470160007477,146.212799847126,0.9870690107345581,253.03103083372116,157.10164272785187,0.9754880666732788,412.32182627916336,349.9864377975464,0.9981135129928589,365.6521729826927,351.8989405632019,0.9977988600730896,416.26479679346085,442.72943091392517,0.9200774431228638,360.5677556991577,438.425213932991,0.9356063604354858,415.14550936222076,482.5272043943405,0.7659716606140137,366.49575328826904,485.9831727743149,0.8085465431213379
141,14.535599970258772,121.53525115373264,371.173755466938,192.8582844734192,0.9990038871765137,378.31848269701004,184.51181983947754,0.9980812072753906,366.89242684841156,185.55630415678024,0.9976246953010559,390.7562140226364,187.552485704422,0.9977285265922546,365.3342614173889,188.5538865327835,0.9970579147338867,425.49089604616165,222.0767617225647,0.998706042766571,348.360128223896,223.24458515644073,0.9977281093597412,482.8633222579956,196.84446477890015,0.9946857690811157,296.20349633693695,200.12665152549744,0.980789303779602,489.3071399927139,141.2344024181366,0.9876552224159241,255.39544290304184,151.57554060220718,0.976548433303833,412.27590185403824,350.2404750585556,0.9982408285140991,365.65500980615616,352.34135687351227,0.9979418516159058,416.4426067471504,442.9093350172043,0.9186755418777466,360.52539068460464,439.7544232606888,0.9351895451545715,416.7532924413681,483.2689883708954,0.7550918459892273,366.45775055885315,487.0685992240906,0.7971921563148499
142,13.721700001042336,122.6097010013662,372.29799395799637,192.25620138645172,0.9990358948707581,379.5220987200737,184.35087126493454,0.9981616139411926,367.75136882066727,185.37008154392242,0.9977169632911682,390.9501885175705,187.5446139574051,0.9978628158569336,365.62005800008774,188.5569930076599,0.9972569942474365,425.7567813396454,221.9494264125824,0.9987195134162903,348.51620703935623,223.59878361225128,0.9976636171340942,476.4016271829605,193.56179547309875,0.9950123429298401,296.38732784986496,199.28512859344482,0.9819151163101196,466.5803302526474,135.13141584396362,0.9882873892784119,260.0509110689163,149.9780434370041,0.9776989817619324,412.36547589302063,350.3193734884262,0.9983310103416443,365.7043063044548,352.3373456001282,0.9980305433273315,414.3518946170807,442.8180408477783,0.9148901700973511,360.5581479668617,439.6034425497055,0.9312868714332581,417.13200837373734,484.295693397522,0.7457912564277649,366.7635922431946,496.6043611764908,0.7807960510253906
143,15.026900044176728,116.45044165632264,375.9215006828308,190.9155011177063,0.999083936214447,381.95855540037155,183.97139877080917,0.9982659816741943,371.4535572528839,184.5076276063919,0.9978336095809937,391.37282168865204,187.50070106983185,0.9979987740516663,368.9605782032013,188.4670711159706,0.9974463582038879,425.6439239382744,221.98065704107285,0.9987026453018188,351.1138006448746,223.7163320183754,0.9975179433822632,465.79142570495605,192.93057787418365,0.9951794147491455,296.6983079314232,204.40710246562958,0.9828670024871826,443.1920053958893,138.42841112613678,0.9886724948883057,272.8008803129196,156.95734244585037,0.9789363145828247,412.6799083352089,351.5270080566406,0.9984410405158997,366.84128373861313,353.42853260040283,0.9981417059898376,413.9051484465599,442.23833644390106,0.9128915071487427,360.64079052209854,439.75113582611084,0.9276729226112366,417.8673879504204,489.68717658519745,0.741575300693512,367.4801577925682,504.58269345760345,0.7665982842445374
144,14.469499990809709,112.37678954700655,378.2169993519783,190.83786940574646,0.9991271495819092,383.9995428323746,184.00281035900116,0.9983527660369873,374.1938216686249,184.52664345502853,0.9979363083839417,392.00543332099915,187.60972929000854,0.998099148273468,371.8874574303627,188.61413103342056,0.9976067543029785,425.53607112169266,222.17773723602295,0.9983913898468018,352.62831646203995,224.05949193239212,0.9970961213111877,450.2759817838669,198.2446404695511,0.9952074289321899,298.5097000002861,208.73574900627136,0.9836686253547668,422.92247354984283,146.31976211071014,0.9890254139900208,282.00332152843475,160.39155042171478,0.9803712964057922,412.8669781088829,352.11413180828094,0.998530387878418,367.6096882224083,354.1908555030823,0.9982367753982544,413.9303051829338,441.747362613678,0.9156008362770081,360.9041066169739,440.4285886287689,0.9287809133529663,417.86733442544937,490.1796885728836,0.7487088441848755,369.2204954624176,506.0666534900665,0.769232451915741
145,14.2176000517793,107.37027230188912,377.7771579027176,190.9104191660881,0.9991827607154846,384.1074491739273,183.93182891607285,0.998451828956604,373.82474023103714,184.52714109420776,0.998066246509552,393.76453149318695,187.33648014068604,0.9981997609138489,371.6712700724602,188.32773214578629,0.9977688789367676,426.77153450250626,222.0397705435753,0.9977838397026062,354.85621309280396,224.6342350244522,0.9968153238296509,438.63280189037323,214.98754477500916,0.9952903389930725,302.44525730609894,213.9201238155365,0.9842976927757263,414.8105233311653,158.70865535736084,0.9896005988121033,289.85776311159134,170.5353520512581,0.9816804528236389,413.7453228831291,353.24253618717194,0.9986036419868469,368.12714087963104,354.9049526453018,0.9983389377593994,414.42910438776016,442.0144591331482,0.9186838269233704,360.8218387365341,441.9980219602585,0.9315332174301147,418.2125972509384,493.6136100292206,0.7503001689910889,369.39680671691895,511.64491724967957,0.773670494556427
146,14.769800007343292,93.32972986042012,377.42472273111343,193.530881524086,0.9991806745529175,384.02079224586487,185.63633358478546,0.9984373450279236,373.65897339582443,186.34681153297424,0.9980568885803223,393.60339456796646,187.91108751296997,0.9981219172477722,374.45098239183426,188.9367520213127,0.9977595210075378,427.5241758823395,222.16635185480118,0.9969406723976135,359.0750513076782,225.04121339321136,0.9962522983551025,431.97576743364334,237.3756377696991,0.9944401979446411,315.47457337379456,226.29175049066544,0.9839956760406494,407.0054317712784,204.85892868041992,0.9891842007637024,300.0856357216835,194.62838703393936,0.9822728633880615,414.35098469257355,353.54446744918823,0.9985877871513367,370.3701850771904,354.8596222400665,0.9983451962471008,414.672964155674,441.5399526357651,0.9202520847320557,361.5566295385361,441.815252661705,0.9337241053581238,418.2152199745178,492.84845209121704,0.7535357475280762,370.08358561992645,510.0202007293701,0.781525731086731
147,14.537000039126724,82.3216474388895,377.17066645622253,196.2359123826027,0.9992372393608093,384.1828390955925,186.57077932357788,0.9985482692718506,373.32495081424713,188.54710054397583,0.9982028007507324,394.72005927562714,188.4513879418373,0.9982526302337646,373.0276463627815,192.40035086870193,0.9979481101036072,428.20375567674637,222.6199876666069,0.9971023797988892,358.8074532151222,227.24445807933807,0.9965245723724365,426.64516204595566,246.79638475179672,0.9948536157608032,314.63484686613083,237.24537694454193,0.9854064583778381,377.8546085357666,213.57620990276337,0.989906907081604,343.75890761613846,211.45994651317596,0.9836280941963196,415.8608438372612,354.6477485895157,0.9986851215362549,370.19836992025375,355.4164654016495,0.998468279838562,416.1499054431915,441.4917871952057,0.9257382154464722,361.6091107726097,441.5563294887543,0.9385380148887634,418.7851538658142,492.3496366739273,0.7477885484695435,368.3919556736946,510.8424816131592,0.7801286578178406
148,15.028699999675155,66.04018888660757,378.6225312948227,196.59332287311554,0.9992465376853943,386.0482913851738,186.87664645910263,0.9985489845275879,373.66416531801224,188.76420694589615,0.9982737898826599,395.3685945868492,188.94641828536987,0.9982390999794006,372.7127589583397,192.2891058921814,0.9980763792991638,428.8560109734535,226.92598408460617,0.997081458568573,357.37991547584534,230.74335914850235,0.9967851042747498,421.7311147451401,256.95176780223846,0.9939079880714417,314.8012024760246,255.0000571012497,0.986237645149231,362.0898988246918,242.94167166948318,0.9882540106773376,337.15914487838745,240.54161822795868,0.9834921956062317,416.4999319911003,357.06229388713837,0.9987412691116333,370.07852751016617,357.74381828308105,0.9985640048980713,416.9067485332489,442.3281226158142,0.9291049242019653,361.75900745391846,441.8236371278763,0.9421164989471436,418.8785281777382,493.11714708805084,0.7442134022712708,368.410769701004,514.3947808742523,0.7860926389694214
149,15.861199994105846,50.50219848270687,378.4072538614273,196.5471630692482,0.9989935159683228,385.8876094222069,187.25426411628723,0.9980798363685608,373.71445202827454,188.81323194503784,0.9978403449058533,395.33591759204865,189.67499220371246,0.99750816822052,372.5516487956047,192.3198238015175,0.9976450800895691,429.30358678102493,229.9246220588684,0.9969753623008728,355.4006423354149,236.14107036590576,0.9968788623809814,424.26715463399887,267.318074464798,0.9918442964553833,320.93112301826477,272.43036699295044,0.985092043876648,380.6597184538841,278.33876156806946,0.9853526949882507,328.2906994819641,267.8308539390564,0.982134997844696,417.3586331009865,357.0054725408554,0.9987354278564453,370.3748417496681,358.5303897857666,0.9985936284065247,416.94046926498413,442.13193213939667,0.9317403435707092,362.50562727451324,441.2670955657959,0.9441378116607666,419.2139156460762,493.4381092786789,0.7502628564834595,367.95570039749146,506.51585578918457,0.7953526973724365
150,13.905900006648153,42.14979730050091,375.92358815670013,196.1950305700302,0.9988114237785339,384.00189793109894,187.03958559036255,0.9978659749031067,372.5969041585922,188.6670919060707,0.9973396062850952,395.29068899154663,189.6479839682579,0.9971539378166199,372.4276849627495,192.14275473356247,0.9968916177749634,429.2840234041214,231.75560247898102,0.9972066283226013,355.2678201198578,235.00949919223785,0.9971012473106384,424.854805290699,280.3901810646057,0.9920747876167297,327.29336869716644,274.75735795497894,0.984895646572113,382.12049520015717,305.76163601875305,0.9857490658760071,321.71116918325424,311.29288041591644,0.9825365543365479,416.5095397233963,355.5916042327881,0.998794674873352,370.30159282684326,357.23806607723236,0.9986644387245178,416.05778896808624,437.5890896320343,0.9355829358100891,363.2540669441223,435.7136232852936,0.9463095664978027,419.1944325566292,493.22858810424805,0.7623000144958496,367.66671907901764,503.69231140613556,0.8033969402313232
151,13.922799960710108,33.18677179157419,375.35740101337433,193.10025775432587,0.9988082051277161,383.67625200748444,184.74583089351654,0.9978735446929932,371.9010795354843,186.34601229429245,0.9973171949386597,394.9693518280983,188.20247787237167,0.9970869421958923,371.5862456560135,190.22328501939774,0.9967453479766846,426.9976239800453,231.02576184272766,0.9974512457847595,353.8427445292473,234.47468787431717,0.9973356127738953,429.61376398801804,272.9292427301407,0.9921028017997742,331.39327442646027,282.4166884422302,0.9849303960800171,395.40691846609116,316.55238366127014,0.98585045337677,323.57413256168365,327.1580698490143,0.9829325079917908,416.34610122442245,348.30333161354065,0.9988738894462585,370.27392041683197,350.0011256933212,0.9987521171569824,416.0554071068764,429.1316363811493,0.9382261037826538,364.37102603912354,430.7636516094208,0.9468914866447449,419.01699727773666,493.0713039636612,0.77410888671875,367.6934815645218,499.03935492038727,0.8116341829299927
152,15.16860001720488,27.662612134291226,374.58814013004303,192.9509961605072,0.9988322257995605,383.45136684179306,184.54357826709747,0.9979032874107361,371.05134385824203,186.21514827013016,0.9973447322845459,394.822452545166,188.0243682861328,0.997035562992096,370.12094604969025,189.93031126260757,0.9966554045677185,427.09966933727264,233.12205934524536,0.9976672530174255,352.1051098704338,236.38325476646423,0.9975414872169495,431.62450981140137,291.073649764061,0.9917495250701904,331.33573508262634,296.6260664463043,0.9840582609176636,400.67701387405396,348.0481482744217,0.9845782518386841,323.9142837524414,346.50875425338745,0.9820440411567688,413.88997411727905,348.9287283420563,0.998877227306366,369.43732511997223,350.442999124527,0.9987597465515137,414.9547998905182,430.3962129354477,0.9409961700439453,364.3210872411728,431.0835883617401,0.9488054513931274,416.9384353160858,493.00362503528595,0.7885572910308838,367.6934815645218,502.29219603538513,0.8236472010612488
153,14.605500036850572,23.741085361051017,373.4382899403572,193.16956532001495,0.9987927079200745,382.52401995658875,184.66074967384338,0.9978364706039429,369.63228982686996,186.39933508634567,0.9973004460334778,394.10949993133545,188.05276387929916,0.9969510436058044,368.08782678842545,189.9400680065155,0.9965454936027527,427.2013132572174,235.04273545742035,0.9978415369987488,348.00948613882065,238.310611307621,0.9976810812950134,432.1327829360962,298.75867652893066,0.9922707080841064,331.70586025714874,302.26908361911774,0.9842039346694946,411.97926646471024,359.0702830553055,0.9851843118667603,323.74554628133774,361.17427134513855,0.9818995594978333,413.1242994070053,349.43372654914856,0.9987839460372925,366.6722518801689,350.5520273447037,0.9986252188682556,414.75004011392593,431.4077173471451,0.9422129988670349,364.28543961048126,433.1651678085327,0.9494544267654419,416.0937577486038,492.1984750032425,0.7812140583992004,365.8073151111603,508.2978866100311,0.8181990385055542
154,14.342300011776388,22.20247757827982,373.449958384037,193.76465129852295,0.9988119006156921,382.5676963329315,185.0136512517929,0.9979026913642883,369.2753585577011,186.7491905093193,0.9974172115325928,394.09906256198883,188.24144452810287,0.9970617294311523,367.00003880262375,190.18309688568115,0.9967036247253418,428.8055636882782,237.72964018583298,0.9980072975158691,346.06417459249496,242.0441266298294,0.9978492856025696,436.2385496497154,306.7825503349304,0.9928441047668457,331.46398091316223,309.35624969005585,0.9849204421043396,430.77062594890594,368.9238404035568,0.9861164689064026,321.4349268078804,370.6088466644287,0.9824151396751404,413.1817584633827,353.8069494962692,0.9987104535102844,366.32824689149857,357.3860911130905,0.9985554814338684,418.27270579338074,439.60700142383575,0.9399590492248535,364.5280147790909,440.07004714012146,0.9490890502929688,416.19649893045425,492.930215716362,0.7441851496696472,365.81237322092056,515.7660934925079,0.7983667254447937
155,15.042099985294044,22.706978787759642,372.9217204451561,194.57492852210999,0.9988169074058533,382.33965319395065,185.6309952735901,0.9979164004325867,368.61023050546646,187.16058731079102,0.9974556565284729,393.574544608593,188.4727411866188,0.9970877766609192,366.0813362002373,190.31834918260574,0.9967516660690308,428.51048052310944,236.5509290099144,0.9981555938720703,344.05158215761185,242.14075911045074,0.9979539513587952,446.82803696393967,294.33207046985626,0.9918727278709412,330.7713142633438,305.8079013824463,0.9834243059158325,456.94508612155914,348.8690116405487,0.9833869934082031,319.2181633710861,363.6202131509781,0.9795242547988892,414.15829479694366,353.8116846084595,0.9986034035682678,366.2671748995781,357.23800575733185,0.998408317565918,418.2383962869644,439.3525117635727,0.9407294392585754,364.5063906908035,438.91688144207,0.9493117332458496,415.85677593946457,496.9917958974838,0.7500567436218262,366.418142080307,515.1454620361328,0.8036977648735046
156,14.998900005593896,22.966580902237745,372.7139900326729,194.8454029560089,0.9988987445831299,381.7262570261955,185.89055180549622,0.998049259185791,368.246207177639,187.2018461227417,0.997626006603241,392.28906214237213,188.57584297657013,0.9972730875015259,365.7076783776283,190.33259975910187,0.9969608187675476,427.77547562122345,235.962267100811,0.9983186721801758,344.26565527915955,241.2887857556343,0.9981091618537903,454.72058832645416,289.37078881263733,0.9917256832122803,330.2668146491051,301.76408541202545,0.9825966358184814,473.58476853370667,340.4570094347,0.9827539920806885,310.3117152452469,354.41099298000336,0.978184700012207,412.9815483093262,354.16060507297516,0.9986648559570312,364.5533053278923,357.1343460083008,0.9984627962112427,417.75185430049896,439.16772174835205,0.942567765712738,364.5560083389282,438.5007646083832,0.9509854912757874,415.60266613960266,493.41705763339996,0.7619941830635071,368.22707200050354,496.5127955675125,0.8129673004150391
157,15.520899964030832,24.55757549092594,371.88138234615326,194.87161195278168,0.998970627784729,380.5609381198883,185.91198045015335,0.9981671571731567,367.3073791861534,187.14158654212952,0.9977736473083496,391.37549793720245,188.5968644618988,0.9974390864372253,364.912297308445,190.18750023841858,0.9971339702606201,427.2960524559021,235.65839052200317,0.9984585046768188,344.5005496144295,241.181567132473,0.9982210993766785,462.7198417186737,286.88388979434967,0.9914579391479492,329.6558538675308,297.5184692144394,0.9805262088775635,489.55501413345337,336.00730085372925,0.9820249676704407,302.94247752428055,340.6327213048935,0.9754264950752258,412.9831005334854,354.9083607196808,0.9986979961395264,364.52662312984467,357.1713824272156,0.998487651348114,417.4669141173363,439.00612473487854,0.943527340888977,364.4939996600151,438.3430280685425,0.9520415663719177,415.72901183366776,490.58515894412994,0.7685962915420532,368.3920627236366,491.1144359111786,0.8184179067611694
158,14.407399983610958,24.25485829312799,371.09143406152725,194.87400966882706,0.999019205570221,379.65454626083374,185.9068683385849,0.9982403516769409,366.4773674607277,187.06704622507095,0.9978548288345337,391.07428616285324,188.58710771799088,0.9975539445877075,364.1742950081825,189.86907148361206,0.9972071051597595,427.07702827453613,235.02640384435654,0.9985813498497009,344.7355242371559,237.30476188659668,0.9983087778091431,466.5634163618088,278.75234496593475,0.9915649890899658,329.53796511888504,294.57832646369934,0.9785940051078796,506.3397492170334,327.42299485206604,0.982058584690094,297.0016071796417,333.8767718076706,0.9737825393676758,412.799884557724,354.8869471549988,0.9987426400184631,364.5571591258049,357.1170040369034,0.9985288977622986,416.5868565440178,438.9024348258972,0.9441925287246704,363.426310300827,438.28852903842926,0.9524413347244263,415.78558772802353,489.17258751392365,0.7752329707145691,367.35458821058273,492.76907110214233,0.8230108022689819
159,14.148299989756197,32.019676822211785,370.1920807361603,193.40235489606857,0.99904865026474,378.6729518175125,184.53210240602493,0.9982789754867554,365.6539125442505,185.36276775598526,0.9978818297386169,390.9419991970062,187.80328077077866,0.9976435899734497,363.7343197464943,188.39375227689743,0.9972282648086548,427.04306668043137,232.85743594169617,0.9986801147460938,344.95569920539856,235.18408006429672,0.9983664155006409,475.5776102542877,270.07816231250763,0.9918988347053528,323.9181643128395,285.0901870727539,0.9764273166656494,530.5512346029282,317.6063231229782,0.9824475049972534,286.2955960035324,313.1683166027069,0.9725607633590698,412.1923761367798,354.88281524181366,0.9987468719482422,364.5803354382515,356.8588650226593,0.9985179901123047,415.84192276000977,437.38170981407166,0.9427564740180969,362.3924487233162,436.63482880592346,0.9509866237640381,416.0206426382065,487.70841240882874,0.7743450403213501,367.8346536755562,487.6361491680145,0.8223716020584106
160,15.225400042254478,45.50934709102713,370.11066925525665,192.0249650478363,0.9990827441215515,378.38174921274185,183.2241558432579,0.9983087182044983,365.4765040278435,183.93727278709412,0.9979240298271179,390.66104662418365,186.7554034590721,0.9976993203163147,363.4730911254883,187.24587965011597,0.9972559809684753,425.96017622947693,226.94765400886536,0.9987121820449829,345.0183501839638,232.79159677028656,0.9982801675796509,481.195965886116,258.3403922319412,0.9919604063034058,316.77822756767273,271.14615631103516,0.9740439057350159,531.4373404979706,284.3437886238098,0.9822308421134949,279.46655905246735,289.4588257074356,0.9695069789886475,412.18247401714325,352.65800619125366,0.9987062811851501,364.6936745643616,355.00773775577545,0.9984121918678284,415.6849072575569,436.0623024702072,0.9385619759559631,362.32308036088943,434.23177444934845,0.9460614919662476,416.146372795105,487.24078238010406,0.7746864557266235,368.0069505572319,487.18649446964264,0.8183272480964661
161,14.360799978021532,58.54920284394077,369.25558108091354,190.65277779102325,0.9990973472595215,377.4052931666374,181.99311715364456,0.9983106851577759,364.87924563884735,182.56063693761826,0.9978908896446228,389.9455248117447,186.01072412729263,0.9977279901504517,363.11380475759506,186.2200945019722,0.9971843957901001,424.14958703517914,222.638822555542,0.9987441301345825,344.7663278579712,231.64039146900177,0.9980618357658386,482.0553092956543,243.14837288856506,0.9920986294746399,313.87915456295013,258.21878731250763,0.9711345434188843,539.1987289190292,262.6572462320328,0.9816921949386597,272.8252074122429,273.4711265563965,0.9655112028121948,412.2026261687279,350.8307957649231,0.9986367225646973,364.7195806503296,354.0074528455734,0.9982365965843201,415.6732120513916,434.88446593284607,0.937056839466095,362.2975489497185,432.54236483573914,0.943259060382843,416.4689410328865,486.98562920093536,0.7812181115150452,368.0958020091057,486.16615319252014,0.8170057535171509
162,14.228399959392846,72.61694335970718,369.0224263072014,189.48712587356567,0.9991115927696228,377.1510227918625,181.05856585502625,0.9983354806900024,364.6835315823555,181.55308347940445,0.9978773593902588,389.3131540417671,185.24108743667603,0.9978107213973999,363.0011882185936,185.08309453725815,0.9971844553947449,423.13860738277435,219.38902759552002,0.9987466335296631,344.82592791318893,228.68955701589584,0.9975230693817139,482.74888586997986,231.58622419834137,0.9921371340751648,311.7787276506424,245.2160485982895,0.9674186706542969,545.3018602132797,241.45734971761703,0.9807996153831482,269.4225982427597,246.0727118253708,0.9598556160926819,412.2195935845375,348.4338035583496,0.9985073804855347,364.7873165011406,352.1259243488312,0.9979054927825928,415.66646790504456,434.0920433998108,0.9344251751899719,362.30640733242035,431.6887176036835,0.9397517442703247,416.96889102458954,487.12445545196533,0.7864736318588257,368.1422081589699,485.2132194042206,0.8139467835426331
163,14.862900017760694,90.37461488914668,368.57281655073166,188.60289645195007,0.9991419911384583,376.8757706284523,180.44871658086777,0.9983456134796143,364.4977464079857,180.72050297260284,0.9978907108306885,388.96826589107513,184.61594706773758,0.9978403449058533,362.95007187128067,184.01181310415268,0.997220516204834,423.1609005331993,217.25614607334137,0.9987093210220337,344.7200019955635,224.99998474121094,0.9973456263542175,485.56991946697235,222.18502086400986,0.9924689531326294,298.88846945762634,231.98208862543106,0.9686655402183533,553.9779903888702,219.8512589931488,0.9815773963928223,248.54507625102997,227.71599382162094,0.9614283442497253,412.24121767282486,347.82396936416626,0.9983416795730591,364.85411566495895,351.5981252193451,0.9976701736450195,415.78904008865356,432.6092596054077,0.9314603209495544,362.3145431280136,431.1927070617676,0.9355545043945312,417.5549359321594,487.18103551864624,0.7941645383834839,368.2843704819679,486.73213481903076,0.8163918852806091
164,14.329599973279983,101.32614808238601,368.4156672358513,188.2427414059639,0.9991567730903625,376.5069835782051,180.03361010551453,0.9983310103416443,364.4179139137268,180.4465450644493,0.9978640675544739,388.5694245696068,183.81557738780975,0.9978517889976501,362.91964292526245,183.5243679881096,0.9972372055053711,423.2286363840103,216.4734652042389,0.9986199140548706,344.7830008864403,222.00673031806946,0.997102677822113,489.0401039123535,213.7811769247055,0.992824137210846,295.37476921081543,219.97360283136368,0.9704186916351318,554.5851241350174,201.4576252102852,0.9823993444442749,246.14833509922028,210.11166101694107,0.9634407162666321,412.2619318366051,345.95070469379425,0.9980800747871399,364.873705804348,349.2888984680176,0.9973390102386475,416.02829670906067,432.6084452867508,0.9301719665527344,362.32131403684616,431.2614415884018,0.9332751631736755,418.52868896722794,487.2587878704071,0.8024657368659973,368.5665273666382,485.9853141307831,0.8192034959793091
165,13.78500001737848,106.35832115780411,368.4789605140686,187.86779290437698,0.9992004036903381,376.60715556144714,179.85430920124054,0.9983944892883301,364.4583787918091,180.2130165696144,0.9979546070098877,388.62080854177475,183.542418718338,0.9979482889175415,362.9313916563988,183.36880296468735,0.9973912835121155,423.6675679087639,216.761372089386,0.9985318779945374,344.80483907461166,220.2284996509552,0.9970685839653015,491.21723210811615,205.0319110751152,0.9930897355079651,293.56605339050293,213.52181643247604,0.9724849462509155,550.0938973426819,181.54521173238754,0.983162522315979,241.58110284805298,192.2694717645645,0.965897798538208,412.3298282623291,345.8373636007309,0.9979956746101379,364.9136354327202,348.62260484695435,0.9972804188728333,416.16023576259613,432.3898459672928,0.9294962286949158,362.2949797511101,431.07279109954834,0.9323722720146179,418.7869201898575,487.14668333530426,0.8099164962768555,368.5665541291237,485.86054241657257,0.8227137327194214
166,14.646600000560284,112.0410641381192,368.5317093729973,186.47205072641373,0.999233603477478,376.63629990816116,179.0874924659729,0.9984428286552429,364.62336951494217,179.28736245632172,0.9980422854423523,388.35824179649353,183.09460377693176,0.9980238080024719,363.39941400289536,182.77762269973755,0.9975464344024658,423.5496256351471,217.34397184848785,0.9984390735626221,344.8508170247078,218.36024153232574,0.9971005916595459,489.0800870656967,198.69881916046143,0.9933162331581116,291.6914483308792,205.80632811784744,0.9745210409164429,540.9349719285965,160.90707445144653,0.9839545488357544,242.2949921488762,176.02586543560028,0.9684130549430847,412.29142409563065,345.4132845401764,0.9980068206787109,364.7990117073059,347.9093220233917,0.9973540902137756,416.27518063783646,431.8208181858063,0.927383303642273,362.297789812088,431.1414351463318,0.930049479007721,418.8707938194275,486.8511459827423,0.8129363059997559,368.56623297929764,486.5262026786804,0.8230562210083008
167,14.307999983429909,115.45760343542341,369.3546558022499,184.36644887924194,0.9992749094963074,377.1858407855034,177.5820585489273,0.9985178112983704,365.3301935195923,177.3402360677719,0.9981577396392822,388.3985728621483,182.06634551286697,0.9981319308280945,364.2436633706093,181.5143581032753,0.9977248907089233,423.6019998192787,217.36859744787216,0.9984172582626343,345.1050338745117,217.30450755357742,0.9971975684165955,486.6736043691635,194.16799539327621,0.9935181140899658,291.8565728664398,201.18065130710602,0.9764363169670105,538.9824345111847,151.17666018009186,0.98471999168396,244.01654255390167,163.07177472114563,0.9707531332969666,412.26123601198196,345.51700460910797,0.9980846643447876,364.82703202962875,347.539922952652,0.9974845051765442,416.37570053339005,431.811257481575,0.9260599613189697,362.30199152231216,431.17394757270813,0.9290737509727478,418.93823528289795,486.806871175766,0.814105749130249,368.4860258102417,486.8638734817505,0.821937084197998
168,13.926099985837936,117.86771270559184,369.3726134300232,183.9323416352272,0.9993117451667786,377.24696630239487,176.82956779003143,0.9985873103141785,365.3214154243469,176.65111136436462,0.9982514381408691,388.7009354233742,181.16801631450653,0.9982372522354126,364.2516385912895,180.83886569738388,0.9978771805763245,423.9386183619499,216.7463373541832,0.9984530806541443,345.5277473330498,217.80893272161484,0.9972746968269348,485.619269490242,190.66342425346375,0.993908703327179,292.2305250763893,199.11332243680954,0.977948784828186,515.4492175579071,137.02295744419098,0.9856517910957336,247.46951872110367,155.97515350580215,0.9726855754852295,412.21030700206757,345.33330035209656,0.9981634616851807,365.01064944267273,347.5855247974396,0.9975944757461548,416.4024897813797,432.5328041315079,0.9250380396842957,362.2764601111412,431.44345688819885,0.9282488226890564,419.38120794296265,487.0587067604065,0.8151406049728394,370.506379365921,493.0382788181305,0.8205145597457886
169,14.13000002503395,120.18714538441654,369.6736378669739,184.3482322692871,0.9993177652359009,377.7161126732826,177.02399390935898,0.9986095428466797,365.57054740190506,176.92050004005432,0.9982719421386719,389.0343692302704,181.27674293518066,0.9982981085777283,364.42152684926987,180.88923281431198,0.9979723691940308,424.32316851615906,215.99705862998962,0.9984596371650696,345.9469013810158,217.76538175344467,0.9972100257873535,480.25724494457245,188.45007598400116,0.9942208528518677,292.6934625506401,196.4489471912384,0.9788582921028137,493.5719026327133,131.59342747926712,0.986290454864502,251.38719868659973,148.52896338701248,0.9738468527793884,412.08778834342957,344.75127363204956,0.9982035160064697,365.03326374292374,347.4601197242737,0.9976357817649841,416.8698965907097,432.56383872032166,0.9186648726463318,362.44110292196274,431.68657624721527,0.9230623841285706,419.86550188064575,486.5148022174835,0.8074113130569458,372.04439264535904,494.348517537117,0.8116589784622192
170,15.172700048424304,118.71554396747975,372.6355224251747,184.63540023565292,0.999320387840271,381.20551258325577,177.18068993091583,0.9986254572868347,368.2093819975853,177.16147804260254,0.9982859492301941,391.591792345047,181.40410840511322,0.9983566999435425,366.26439160108566,181.03956508636475,0.9980549216270447,425.34514755010605,216.00106990337372,0.9984655380249023,348.8679731488228,218.35822081565857,0.9971405267715454,472.84243071079254,187.28198111057281,0.9945490956306458,294.33469873666763,197.22455555200577,0.9798730611801147,470.6194316148758,128.55678796768188,0.9869903922080994,256.8523658514023,151.1170037984848,0.975141704082489,412.5477016568184,344.4341719150543,0.9982333183288574,365.94254595041275,347.4890732765198,0.9976604580879211,417.3037967681885,432.74893033504486,0.9116801619529724,362.80809688568115,431.75926172733307,0.9152883291244507,420.04357945919037,486.6529951095581,0.7975365519523621,371.7080684900284,494.23951947689056,0.7993143200874329
171,13.720100047066808,113.44525544732957,375.0817474126816,185.20046198368073,0.9993221163749695,383.29271882772446,177.66279673576355,0.9986451864242554,370.6487022638321,177.45485895872116,0.9982933402061462,392.9033414721489,181.86566120386124,0.9984013438224792,368.18711560964584,181.325255215168,0.9981122016906738,425.4893973469734,216.21594446897507,0.9984765648841858,351.4865485429764,218.40211862325668,0.9970657825469971,464.2407537698746,187.78070604801178,0.9948243498802185,295.5459688305855,201.61653798818588,0.9808789491653442,449.7485467195511,130.29638373851776,0.9876201152801514,269.2219866514206,155.86318469047546,0.9764942526817322,413.1849967241287,345.01375567913055,0.9982789754867554,366.88279235363007,348.62432396411896,0.9976945519447327,418.1048782467842,433.55308508872986,0.9046544432640076,363.3589758872986,432.5139843225479,0.9084576368331909,420.10210901498795,486.88408064842224,0.7864225506782532,371.65440970659256,497.36783015727997,0.7886211276054382
172,14.923500013537705,108.76941607376273,378.06073319911957,185.33530712127686,0.99933260679245,386.1332622766495,178.06606543064117,0.998674750328064,373.47329527139664,177.5877286195755,0.9983235001564026,394.89487183094025,182.40647435188293,0.9984357357025146,370.6746083498001,181.3853036761284,0.9981673955917358,425.7066016793251,216.29681837558746,0.9982185363769531,353.9750047326088,218.57193422317505,0.9967462420463562,450.9717528820038,192.73096424341202,0.9950897693634033,299.58940571546555,206.29399943351746,0.9819065928459167,427.205113530159,141.2177541255951,0.9883948564529419,281.34440237283707,163.14848655462265,0.978266716003418,413.773503780365,346.36552464962006,0.9983678460121155,367.8985624909401,349.99204754829407,0.9978156089782715,418.2182708978653,433.5936803817749,0.9064040780067444,363.69604939222336,434.0391126871109,0.9106966257095337,420.13901448249817,487.238188624382,0.7850132584571838,371.54982191324234,499.8121131658554,0.7910494208335876
173,16.992899996694177,102.96064028911496,378.12057411670685,183.1689178943634,0.999366819858551,387.66006207466125,176.04500192403793,0.9987560510635376,374.5055243372917,175.16212970018387,0.9984046220779419,397.0858362317085,180.39276987314224,0.998518168926239,373.4065763950348,178.49637252092361,0.9982448816299438,426.48592525720596,216.31218487024307,0.997890293598175,356.39535039663315,219.01496881246567,0.9961114525794983,440.6360809803009,217.31866765022278,0.9954374432563782,306.27933126688004,212.39152705669403,0.9826421737670898,420.46910297870636,156.6450964808464,0.989243745803833,290.0322812795639,171.40504437685013,0.9797493815422058,415.5203982591629,345.30953431129456,0.9983208179473877,368.75710302591324,349.01516675949097,0.9977949261665344,418.2607697248459,433.6663658618927,0.9080145359039307,363.92181771993637,434.0370919704437,0.9107059240341187,420.5752429962158,489.714652299881,0.7720334529876709,371.4741643667221,499.795826792717,0.7775670886039734
174,14.055699983146042,74.98465760324015,377.8359550833702,183.4485760331154,0.9976330995559692,384.03106904029846,176.30166310071945,0.9963025450706482,377.88843631744385,175.51564955711365,0.994818389415741,388.8262641429901,180.42713713645935,0.9950283169746399,382.5799535512924,178.89606726169586,0.9933505654335022,420.77957457304,216.2979644536972,0.9953376650810242,366.1961740255356,219.31302452087402,0.9922206401824951,417.24111902713776,227.32837814092636,0.9927003383636475,334.4923702478409,233.09388995170593,0.9419058561325073,388.8885672092438,186.4109617471695,0.9821485877037048,301.30581772327423,191.98801910877228,0.9484825134277344,410.1212809085846,343.48123812675476,0.9975009560585022,385.2137835621834,346.8970032930374,0.996877908706665,408.5274946093559,427.1804082393646,0.8925451636314392,382.77489149570465,432.98176515102386,0.8944694995880127,407.0378679037094,495.01514291763306,0.7628078460693359,388.85926228761673,503.5446482896805,0.7667191624641418
175,14.840600022580475,73.91190711074289,378.1764006614685,184.13025122880936,0.9978567957878113,385.67915642261505,176.3978733420372,0.9966478943824768,376.80444860458374,176.2286760210991,0.9953107237815857,394.34099543094635,179.59553682804108,0.995490550994873,381.119899392128,179.6474722623825,0.9939929246902466,426.4299381375313,216.0966015458107,0.9956738948822021,362.9168328642845,219.16968935728073,0.9929061532020569,423.42940855026245,239.56825107336044,0.9933470487594604,324.62592500448227,237.2336447238922,0.9474207758903503,374.3442803621292,210.59654253721237,0.9837628602981567,326.87686413526535,217.1185563802719,0.9533706903457642,414.9095712900162,343.6754983663559,0.9976691603660583,383.5446073412895,346.98491954803467,0.9971173405647278,412.84784293174744,430.3805297613144,0.8970034122467041,381.7569803595543,433.6751424074173,0.8990896344184875,407.28129947185516,508.8746654987335,0.7381464242935181,382.52977389097214,503.18028593063354,0.748742938041687
176,14.213700022082776,63.22195963954987,379.9662756919861,186.89831638336182,0.9979708194732666,388.1543651819229,177.7380759716034,0.9967954158782959,376.5912586450577,178.21276342868805,0.9956161975860596,397.4653818011284,180.44865626096725,0.995684802532196,378.9964299798012,180.79335433244705,0.9944711327552795,431.6389883160591,219.06723600625992,0.9958398342132568,362.11369067430496,222.8815649151802,0.9935042858123779,421.44012624025345,251.5915001630783,0.9930511713027954,321.174313724041,252.38630533218384,0.9519020318984985,372.2143076658249,236.86389881372452,0.9833136200904846,336.39748454093933,239.4596752524376,0.956267774105072,417.8441581130028,348.55115592479706,0.9978148341178894,382.4226168990135,351.07804703712463,0.9973212480545044,415.51616978645325,435.23284351825714,0.903565526008606,379.2146780490875,436.75745916366577,0.9054877758026123,412.2949299812317,510.22649478912354,0.7379781007766724,378.9397470355034,500.4976488351822,0.7466164231300354
177,14.745399996172637,49.20804703264871,379.7330138683319,187.8785600066185,0.9977180361747742,388.0157890319824,178.2399224638939,0.9961466193199158,376.4791505932808,179.2745143175125,0.9951010942459106,397.89534789323807,180.5592678785324,0.9946580529212952,377.76077926158905,181.51030158996582,0.9939297437667847,433.30936884880066,222.08712166547775,0.9957796931266785,360.576212644577,225.83306288719177,0.9938809871673584,425.14525854587555,262.8101873397827,0.9910501837730408,329.05377823114395,262.43825483322144,0.9524438977241516,380.9755960702896,271.2677310705185,0.9806482195854187,332.5109293460846,262.50976407527924,0.955845832824707,419.5983052253723,349.50635170936584,0.9978901743888855,379.42120414972305,352.3087238073349,0.997442901134491,417.0658515095711,436.5420869588852,0.9087359309196472,378.2080339193344,437.5369430780411,0.9107102751731873,418.3112972974777,507.0248954296112,0.7476866841316223,377.83699882030487,504.3549255132675,0.7563410997390747
178,15.20549994893372,38.82932177319544,379.47724479436874,188.14978843927383,0.9973268508911133,387.84303718805313,178.44209969043732,0.9954760670661926,376.20041930675507,179.81968557834625,0.9940991401672363,398.82317650318146,180.61016279459,0.9936137795448303,377.00896751880646,181.73221850395203,0.9923312664031982,434.3949355483055,224.1889082789421,0.9960278272628784,360.1258000135422,225.91505271196365,0.9943492412567139,427.9777732491493,272.9928802251816,0.9905823469161987,334.9728906750679,268.1498557329178,0.9549241662025452,387.7474148273468,301.54554641246796,0.9803893566131592,329.592587351799,305.9996281862259,0.9584876894950867,420.84629344940186,347.6291662454605,0.997887372970581,377.75229555368423,350.49095344543457,0.9974979162216187,418.22905617952347,429.97837698459625,0.9129209518432617,376.71035170555115,428.8189078569412,0.9143061637878418,419.7457665205002,501.3236092329025,0.7568253874778748,377.21150600910187,503.5216965675354,0.7680328488349915
179,14.472700015176088,29.618639700286103,380.2190206050873,187.47874462604523,0.997114896774292,389.102774143219,178.0610437989235,0.9950575828552246,376.5480372309685,179.54578799009323,0.9936225414276123,400.1124057173729,180.4479324221611,0.9928095936775208,376.6437398791313,181.5743010044098,0.9913894534111023,434.82910335063934,225.36562889814377,0.9963085055351257,359.5436089038849,226.6368557214737,0.9947956800460815,431.1146577000618,279.1405940055847,0.9897329211235046,339.038941860199,278.9381604194641,0.9567347168922424,399.4127005338669,318.5370591878891,0.9793244004249573,331.4374325275421,322.88271594047546,0.9600764513015747,421.67681366205215,344.47754192352295,0.9978669285774231,376.8262065052986,346.4063913822174,0.9975062012672424,419.609010219574,422.99462938308716,0.9168415665626526,374.34636783599854,426.06946647167206,0.9172325730323792,422.2998978495598,498.5840904712677,0.7691354155540466,377.0445883870125,502.92015635967255,0.7799858450889587
180,14.5195999648422,26.258374150283807,380.0552074313164,186.4152444601059,0.9969334006309509,389.0887238383293,177.43077623844147,0.9947113990783691,376.37772077322006,178.90859872102737,0.9932227730751038,400.45847141742706,180.23471665382385,0.9923749566078186,376.3426619172096,181.22544085979462,0.9906725287437439,435.74665516614914,227.17239087820053,0.9965736865997314,359.199363052845,227.20463186502457,0.9951925873756409,432.94748651981354,287.638431429863,0.9896443486213684,339.1434761285782,287.41431283950806,0.9581875801086426,405.08749824762344,344.5491416454315,0.9787763357162476,329.9640238881111,339.87751615047455,0.9611033797264099,419.174093067646,346.64791226387024,0.997736930847168,375.68197643756866,346.97988283634186,0.9973738193511963,419.58808195590973,424.87217676639557,0.9185089468955994,373.4425987005234,427.23560094833374,0.919435441493988,422.2897548675537,500.2681014537811,0.7738985419273376,376.90175700187683,507.4819996356964,0.7889397740364075
181,14.657899970188737,24.26898474737039,380.2803066968918,185.4847195148468,0.997146487236023,389.7661626338959,176.62194669246674,0.9950602650642395,376.3443479537964,178.13793659210205,0.9937002062797546,400.6307147741318,179.7338503599167,0.9929014444351196,376.17255955934525,180.78383886814117,0.9913433790206909,436.4725340604782,228.20472073554993,0.996880829334259,358.63344353437424,228.5491322875023,0.9956265091896057,440.56360816955566,290.5883158445358,0.990446150302887,338.77570605278015,294.20660507678986,0.9615000486373901,424.564432322979,351.01238882541656,0.9802305102348328,330.0123301744461,349.647198677063,0.9638903737068176,419.0828329920769,349.1745319366455,0.9978533387184143,374.41747575998306,349.39678061008453,0.9975272417068481,419.9452005624771,423.5482454299927,0.922204852104187,373.38452410697937,427.2911254167557,0.924209475517273,422.8997521996498,498.6419372558594,0.769420862197876,374.36764401197433,506.58088064193726,0.7940962314605713
182,13.610400026664138,23.421317767834307,380.7375972867012,184.8277000784874,0.9974074959754944,390.9513660669327,176.07107520103455,0.9954990744590759,376.3172375559807,177.50691503286362,0.9942737221717834,401.40053766965866,179.4221321940422,0.993509829044342,376.1297931075096,180.57790672779083,0.992095410823822,437.8827029466629,228.79185956716537,0.9971771240234375,357.8380624651909,232.38448268175125,0.9960440993309021,451.2665148973465,298.30398511886597,0.991019070148468,339.69831597805023,298.0113732814789,0.9638127088546753,446.10312151908875,359.0135521888733,0.9811931848526001,327.1724825501442,355.845490694046,0.9653059244155884,419.9578859806061,349.07955825328827,0.9979963898658752,374.23238641023636,349.47899663448334,0.99772709608078,420.1514590382576,424.41314232349396,0.9241170883178711,372.70729941129684,419.62319934368134,0.9295084476470947,421.3218628168106,478.6321976184845,0.7670304775238037,374.32388734817505,495.43674886226654,0.80831378698349
183,13.971300038974732,23.987709289627862,381.3532950282097,182.85771244764328,0.9976334571838379,391.24390679597855,174.5470325946808,0.9958775639533997,376.59053605794907,175.35075002908707,0.9947690367698669,401.33272153139114,178.66081964969635,0.9940384030342102,375.9729649424553,179.48198461532593,0.9927521347999573,437.66900449991226,228.2262247800827,0.997424304485321,357.73077166080475,232.04097592830658,0.9963734745979309,459.87252736091614,285.85769748687744,0.9906072020530701,339.80341225862503,294.65460097789764,0.964616060256958,467.09267127513885,336.31185603141785,0.97993004322052,326.52739959955215,345.87310314178467,0.9646004438400269,421.30411928892136,349.0443012714386,0.9981088638305664,374.20270681381226,349.0910190343857,0.997871994972229,420.7197068929672,424.7725282907486,0.9273396730422974,372.15160316228867,421.82997274398804,0.9340310096740723,420.8130276799202,472.43128168582916,0.7768406867980957,374.4416422843933,489.3989077806473,0.822440505027771
184,14.676999999210238,24.391718860246343,381.97276628017426,180.86543661355972,0.9978286623954773,391.44376903772354,172.44526106119156,0.9962068796157837,376.83233511447906,172.81734436750412,0.9952017664909363,401.44689029455185,177.01113069057465,0.9944958686828613,375.92821806669235,177.4669832587242,0.9933199286460876,437.60774517059326,227.4012445807457,0.9976367950439453,357.729139149189,231.9961884021759,0.9966246485710144,466.3899954557419,280.3115540742874,0.9902021288871765,340.62710803747177,290.65282797813416,0.9644197821617126,488.6840022802353,329.5978891849518,0.9792687296867371,320.27188271284103,333.7876491546631,0.9637500047683716,422.2033388018608,348.1936398744583,0.9982113242149353,374.22639161348343,347.3769385814667,0.9979779124259949,421.94181579351425,425.11719620227814,0.9270396828651428,371.7738774418831,423.0238242149353,0.9351506233215332,420.80697935819626,476.1628818511963,0.7812098860740662,374.6064991950989,487.3106026649475,0.8291870951652527
185,14.585099997930229,23.48050728638299,382.0245249271393,179.22277492284775,0.997987687587738,391.46651715040207,170.7099630832672,0.9964635968208313,376.83942717313766,171.02894979715347,0.99555903673172,401.6434072256088,175.34283304214478,0.9948640465736389,375.84297955036163,175.48173469305038,0.9937983751296997,437.367525100708,224.1629405617714,0.9977850317955017,358.10999608039856,226.74368226528168,0.9968264698982239,470.2546589374542,273.48512077331543,0.9896060228347778,340.34845703840256,290.00634944438934,0.9644496440887451,502.43312215805054,319.496266245842,0.9785081148147583,317.1668456196785,321.82901775836945,0.9636573195457458,422.44088262319565,345.8762096166611,0.998270571231842,374.38522696495056,345.5871868133545,0.9980412125587463,422.2425726056099,425.29393351078033,0.9267917275428772,371.5476006269455,423.7118933200836,0.9355666637420654,421.02089190483093,478.0551472902298,0.7836282253265381,374.81398874521255,487.06365299224854,0.8336793184280396
186,13.95520003279671,26.242527988606412,381.9422570466995,176.3585296869278,0.9981396198272705,391.3725808262825,168.3035308122635,0.9967063665390015,376.82377111911774,168.69339340925217,0.9958730340003967,401.8037412762642,173.63163286447525,0.9952066540718079,375.79146176576614,173.3668134212494,0.9941930770874023,437.15184623003006,220.1189888715744,0.9979495406150818,358.0791656970978,221.99410837888718,0.9970108866691589,479.5122843980789,266.13704097270966,0.9898819923400879,339.2269215583801,278.7825049161911,0.9637148976325989,529.0449348688126,317.3224878311157,0.9788340926170349,302.4579694867134,310.5495582818985,0.9631578326225281,422.2876673936844,343.3612015247345,0.9982734322547913,374.80764603614807,342.8949588537216,0.9980243444442749,424.1473122239113,425.3532279729843,0.9274809956550598,371.3870524764061,424.09911692142487,0.9368745684623718,429.16319078207016,479.851021528244,0.7925460934638977,374.8600469827652,487.30499291419983,0.8408103585243225
187,15.714599983766675,32.885732485042574,382.0472195148468,175.66782158613205,0.9982995390892029,391.39990532398224,167.78369390964508,0.996971845626831,377.0362117290497,168.0850973725319,0.9962205290794373,401.80416947603226,172.66147774457932,0.9955956339836121,375.88234716653824,172.49893069267273,0.9946718215942383,436.9600394964218,214.43676376342773,0.9980776906013489,357.9310621023178,218.556869328022,0.9971867799758911,484.84074878692627,252.1297346353531,0.9900490045547485,335.59816938638687,266.16427540779114,0.9643155932426453,539.0961215496063,283.3339430093765,0.9795968532562256,298.0029790997505,284.91390216350555,0.96437007188797,422.1608934998512,340.78828632831573,0.9983096718788147,374.6316559314728,341.20316660404205,0.9980514645576477,424.8533601164818,425.09520959854126,0.9266988039016724,371.6554534435272,424.2511532306671,0.9365516304969788,432.2168171405792,482.2031055688858,0.7993435263633728,375.8448796868324,488.44995510578156,0.8459702134132385
188,14.29739996092394,49.85516523529245,382.0280040502548,174.8307774066925,0.9984481930732727,391.35149198770523,166.70508360862732,0.9972214102745056,377.0164877772331,167.13863289356232,0.9965448379516602,401.7425622344017,171.2852942943573,0.9959633946418762,375.87223094701767,171.33974808454514,0.9951358437538147,436.6730921268463,210.74001342058182,0.9981659054756165,357.7529845237732,216.86219680309296,0.997312068939209,491.0628125667572,239.99056577682495,0.9899786710739136,325.3049963116646,252.83671402931213,0.9643495082855225,549.0461995601654,260.01107251644135,0.9795466661453247,282.46117413043976,268.49859523773193,0.9642444849014282,422.0704630613327,339.62905848026276,0.9979252219200134,374.58640056848526,339.6597613096237,0.9975304007530212,425.3156552910805,425.38595151901245,0.9205405712127686,371.9634628891945,424.6122884750366,0.9300122261047363,434.03685349226,488.4418420791626,0.7980740070343018,376.34338450431824,489.03722965717316,0.8416933417320251
189,13.92720005242154,68.49184259226755,381.2290100455284,173.73888164758682,0.9985727071762085,390.5136923789978,165.6268201470375,0.9974267482757568,376.81997084617615,165.9162199497223,0.9967998266220093,401.3472803235054,170.2570812702179,0.99627685546875,375.82186394929886,169.764011323452,0.9955007433891296,436.39529752731323,207.430939078331,0.9982174038887024,357.6081191897392,214.40737289190292,0.9972416758537292,495.51443088054657,227.55638736486435,0.9898935556411743,318.92441833019257,236.11553996801376,0.9627352952957153,560.3879803419113,237.16162276268005,0.978894054889679,275.0892333984375,237.89414763450623,0.9618197083473206,422.1838021874428,337.2525147199631,0.9972087144851685,374.5642412304878,338.3233437538147,0.9965683221817017,425.7167981863022,424.6408197879791,0.9042233228683472,372.31402468681335,424.43166053295135,0.9125552177429199,433.9613832831383,488.82638144493103,0.7867070436477661,377.0377371907234,489.22627222537994,0.8255990743637085
190,14.822099998127669,82.31429745217552,381.1998924612999,173.21758198738098,0.998675525188446,390.49792927503586,164.844606757164,0.9975866079330444,376.8072586655617,165.0871832370758,0.9970001578330994,401.24708157777786,169.1139588356018,0.9965311884880066,375.7893475294113,168.31823378801346,0.995799720287323,435.7743008136749,205.2160828113556,0.9982360005378723,357.8271166086197,211.0458503961563,0.9971013069152832,495.43633794784546,213.38200998306274,0.9900742769241333,315.55440586805344,222.58601248264313,0.9624251127243042,561.7324740886688,211.23659700155258,0.9790422916412354,267.7189519405365,218.1384150981903,0.9609072208404541,422.3643686771393,335.8819259405136,0.996476948261261,374.6279627084732,337.237917304039,0.9956064820289612,426.1385749578476,421.7700449228287,0.8872238993644714,372.70919954776764,421.24613642692566,0.8939785957336426,432.8074384331703,488.8416122198105,0.7745590209960938,377.676638007164,488.0252728462219,0.809938907623291
191,14.524900005199015,96.62731864123349,381.2126849293709,172.1388058066368,0.9987806677818298,390.50999915599823,163.8460409641266,0.9977535605430603,376.8540127277374,163.75253003835678,0.9972116351127625,401.19154942035675,167.80803298950195,0.9967911243438721,375.76504719257355,166.5767681002617,0.9961174726486206,435.571682035923,204.16040915250778,0.9982142448425293,357.793636739254,207.1948922276497,0.9970489740371704,499.48967695236206,202.73545706272125,0.9905602335929871,307.47366070747375,207.92233514785767,0.9644091129302979,563.4469859600067,188.64320522546768,0.9799919724464417,259.7541151046753,196.78872919082642,0.9628203511238098,422.3238235116005,335.30783128738403,0.9956740736961365,374.7318814396858,336.62953078746796,0.9947436451911926,426.2896491885185,420.8078520298004,0.8782023191452026,373.1435546875,420.9572945833206,0.8820713758468628,432.0528433918953,489.5078455209732,0.7703902125358582,378.1333130598068,487.7142935991287,0.7997671365737915
192,14.443700027186424,103.88894517278574,381.36461555957794,170.4983759522438,0.9988764524459839,390.59084862470627,162.2630507349968,0.9979066848754883,377.0268180966377,162.02992939949036,0.9974132776260376,401.16510808467865,166.38244754076004,0.9970237612724304,375.8014174103737,165.10536968708038,0.996423065662384,435.5408516526222,202.8148531317711,0.9980788230895996,357.51982975006104,204.78732895851135,0.9970073699951172,502.9313861131668,192.4312195777893,0.990898609161377,303.61244958639145,198.78806245326996,0.9667701125144958,561.0533492565155,166.11455178260803,0.9807595014572144,254.8916658759117,176.1129070520401,0.9649911522865295,422.2901830673218,333.50523138046265,0.9945873618125916,374.8111519217491,335.44560194015503,0.9938297271728516,427.1843458414078,420.08015275001526,0.8681285977363586,373.994815826416,420.30553805828094,0.8718937039375305,431.55407094955444,489.53007340431213,0.7650752663612366,381.25052708387375,488.8401343822479,0.7904516458511353
193,14.97020001988858,111.38726355388155,381.0374441742897,168.1690325140953,0.9989563822746277,389.8875305056572,160.3513622879982,0.9980288147926331,376.92110627889633,160.16037440299988,0.9975873827934265,401.0048810839653,164.99997574090958,0.9972193241119385,375.79274636507034,163.95119363069534,0.9967015981674194,435.62935519218445,201.77085137367249,0.9979235529899597,357.47794646024704,203.04429495334625,0.9970064163208008,503.3477568626404,183.42087411880493,0.9913198947906494,303.4749171733856,189.84385776519775,0.9692420959472656,554.1112140417099,146.18529397249222,0.9816751480102539,255.25047051906586,158.40749317407608,0.9673939943313599,422.31456369161606,331.5586780309677,0.9940548539161682,375.05070292949677,333.85249304771423,0.9934744238853455,428.20672631263733,418.61437916755676,0.8609141111373901,375.45363891124725,419.8615835905075,0.8658618330955505,431.34465450048447,489.53088772296906,0.7607712745666504,383.01216769218445,490.9930421113968,0.7855589389801025
194,15.052300004754215,114.31085045601978,381.0121268630028,166.84743857383728,0.9990257620811462,389.5188772678375,159.21017009019852,0.9981349110603333,376.9745777249336,159.01503521203995,0.9977427124977112,400.96273016929626,163.947740316391,0.997393786907196,376.21069610118866,163.39104795455933,0.996953547000885,436.606507062912,200.6548125743866,0.9978588223457336,358.38471299409866,202.90171378850937,0.9970318078994751,501.80249094963074,175.2163723707199,0.9917755126953125,305.0165969133377,186.80987232923508,0.971386730670929,545.4011490345001,127.47692602872849,0.9826680421829224,257.6902189850807,150.19121396541595,0.9695845246315002,422.3890972137451,330.60589504241943,0.9938567280769348,375.5920009613037,333.0518066883087,0.993397057056427,429.0499319434166,416.96719348430634,0.8537426590919495,376.26807487010956,418.812650680542,0.860586941242218,431.1087164282799,488.44977414608,0.7555727362632751,383.72910791635513,491.6458843946457,0.7814601063728333
195,14.69010004075244,117.77331307087573,382.3446310162544,166.94681560993195,0.9990783333778381,390.3181121349335,159.2929139137268,0.9982174038887024,377.61958038806915,159.22677314281464,0.9978604316711426,401.4226702451706,163.44930189847946,0.9975445866584778,376.3910217285156,163.33407580852509,0.9971645474433899,437.8504273891449,199.96796494722366,0.997826874256134,358.9235221147537,202.41276067495346,0.9970002770423889,498.46697533130646,170.11104679107666,0.9923052191734314,305.1995452642441,182.7409331202507,0.9731171131134033,531.9391371011734,112.23205891251564,0.9837138056755066,260.95122784376144,141.4230227470398,0.9714201092720032,422.9602889418602,330.32281374931335,0.9939263463020325,376.51501232385635,333.1690685749054,0.9935430884361267,429.28768986463547,417.06156396865845,0.847173810005188,376.7970621585846,419.47698390483856,0.855531632900238,430.96476101875305,487.91202223300934,0.7497497200965881,383.5694964528084,492.7079368829727,0.7782509326934814
196,14.405100024305284,120.56818108626,383.6006747484207,165.9033265709877,0.9990560412406921,391.9826584458351,158.69197690486908,0.9981533288955688,378.8296461701393,158.24063324928284,0.9978039860725403,402.4931429028511,163.16570788621902,0.9975537657737732,376.9894309043884,162.48997420072556,0.99721759557724,437.94037610292435,199.4143790602684,0.9976815581321716,359.16997784376144,201.9002224802971,0.9966668486595154,496.01526403427124,167.93615245819092,0.9928224086761475,304.07420951128006,178.77369326353073,0.9746347069740295,506.90245723724365,106.21594053506851,0.9846566319465637,263.6347022652626,133.36981838941574,0.9728667140007019,423.32698851823807,330.00145947933197,0.9941393733024597,377.2212743163109,333.71414935588837,0.9937776923179626,430.1724308729172,416.62270653247833,0.8476742506027222,377.154287815094,420.85915410518646,0.8560746908187866,431.2812006473541,486.54966711997986,0.7505663633346558,383.89428597688675,494.2490198612213,0.780672013759613
197,13.691700005438179,119.40952975724089,384.9526619911194,165.59367436170578,0.9990207552909851,393.5868018269539,158.4310028553009,0.9980824589729309,380.694482922554,157.8499864935875,0.9977210164070129,403.8020960688591,162.96675777435303,0.9975589513778687,378.43602353334427,162.01510578393936,0.9972378611564636,438.13178139925003,198.71916204690933,0.997629702091217,360.24350142478943,201.3841404914856,0.9963753819465637,486.3704924583435,166.8190279006958,0.9932764172554016,305.569911301136,179.87386792898178,0.9757760167121887,484.7383019924164,103.58827748894691,0.9854786992073059,265.03159695863724,131.66581135988235,0.9739984273910522,424.1462684869766,329.836394071579,0.9944143295288086,378.72481751441956,334.0051325559616,0.9940510392189026,430.75531780719757,417.0790868997574,0.8466284275054932,377.49896186590195,422.3397362232208,0.8524789214134216,431.7207744717598,486.6827931404114,0.7492685317993164,384.17679077386856,495.77978813648224,0.7778016924858093
198,14.267200022004545,117.21878162303919,387.8138928413391,165.5108852982521,0.9990218877792358,395.89766216278076,158.47779601812363,0.9980893731117249,383.7412313222885,157.73479056358337,0.997733473777771,404.7241439819336,163.0037338733673,0.9976158142089844,380.51418405771255,161.79475718736649,0.9973203539848328,438.067283809185,199.3635293841362,0.9976072311401367,362.0617179274559,201.90743070840836,0.996181309223175,478.377822637558,166.76832902431488,0.9936150312423706,306.5771442055702,182.4824623465538,0.9769341349601746,462.7512608766556,103.40237155556679,0.9860794544219971,273.95016849040985,129.87008792161942,0.975082516670227,424.84503698349,330.1735521554947,0.9946966767311096,380.4569123387337,334.07121300697327,0.9942899346351624,431.2655981183052,417.379057765007,0.8477527499198914,378.2885354757309,422.47961807250977,0.8523429036140442,432.46913385391235,486.70836877822876,0.7506668567657471,384.2513510584831,494.74533200263977,0.7768639326095581
199,15.725499950349331,112.438819689059,390.6509571671486,165.8668179512024,0.9989743828773499,398.42727905511856,158.7781589627266,0.9980270862579346,386.3592447042465,158.14193481206894,0.9976054430007935,406.83856767416,163.2662611603737,0.9975495934486389,382.84653466939926,162.16625237464905,0.9972521662712097,438.04806834459305,199.93637239933014,0.9973762035369873,365.19980669021606,202.2543002963066,0.9956108927726746,464.79463016986847,169.8858424425125,0.9938730001449585,310.13858872652054,187.10358500480652,0.9776217937469482,440.26373451948166,112.91383966803551,0.9866577386856079,285.3571694493294,136.28504902124405,0.9761704802513123,425.52319836616516,330.25809049606323,0.9949853420257568,381.5152615904808,334.10598742961884,0.9945288300514221,431.38190788030624,418.1856253147125,0.8510374426841736,379.01232689619064,422.88023269176483,0.8550356030464172,432.7390335202217,489.38560724258423,0.7526845335960388,384.9192624092102,493.0145127773285,0.7759222984313965
200,14.093599980697036,110.88475549986923,391.6491978764534,166.11235010623932,0.9990429878234863,400.4386404156685,159.00177991390228,0.9981657266616821,386.6442384123802,158.42278426885605,0.9977598190307617,409.1096857190132,163.34472227096558,0.997708261013031,383.72723454236984,162.13034695386887,0.997429370880127,438.16863334178925,200.0755756497383,0.9972053170204163,366.5096162557602,202.66661697626114,0.9953113198280334,454.0926868915558,184.89013117551804,0.9942954778671265,316.1990606188774,190.09899586439133,0.9789462089538574,426.70639461278915,128.15618842840195,0.987640917301178,296.294221162796,145.54736578464508,0.9779003858566284,427.4961020350456,330.3844003677368,0.9952505826950073,382.3478692770004,334.33197593688965,0.9947916269302368,431.3171961903572,418.2834641933441,0.8549626469612122,379.3620055317879,422.34682381153107,0.8552117347717285,434.94185370206833,499.9170697927475,0.7430784106254578,385.014483332634,492.5938116312027,0.7564284205436707
201,13.951999950222671,100.71827311801276,391.0225007534027,166.21276766061783,0.9989574551582336,400.0409498810768,159.16292452812195,0.9980105757713318,386.07379603385925,158.47714757919312,0.9973965287208557,408.7717022895813,163.1860809326172,0.9972855448722839,385.6825552582741,162.2837103009224,0.9966537952423096,438.650786280632,199.12039494514465,0.996821403503418,371.0763667821884,202.09769475460052,0.9945456981658936,446.1281176805496,215.94120240211487,0.9936002492904663,329.5778412222862,198.15192878246307,0.9768074154853821,426.69285279512405,172.44072198867798,0.9874129891395569,304.07541382312775,157.797101020813,0.977731466293335,427.7589631676674,326.7332669496536,0.9954624772071838,382.82504439353943,329.0626103878021,0.9949982762336731,431.260861158371,414.4363514184952,0.8594525456428528,380.0999275445938,414.7440130710602,0.8594778776168823,434.7861227989197,495.6782697439194,0.7540667653083801,384.65642803907394,486.00639593601227,0.7640156745910645
202,15.328000008594245,86.11800664747047,391.0501999258995,166.29718536138535,0.9990416765213013,399.6119204759598,158.59679210186005,0.9981676936149597,385.96473890542984,158.61690878868103,0.9976118206977844,408.5513132214546,162.08868098258972,0.9974871873855591,385.16017830371857,162.34822243452072,0.9969416856765747,440.5051589012146,199.40371751785278,0.9967823624610901,369.71206879615784,202.1583313345909,0.9948861002922058,437.37234234809875,219.50440448522568,0.9938860535621643,327.70682233572006,209.3905366063118,0.9785146713256836,392.28609150648117,182.49840188026428,0.9881550073623657,317.7672084569931,183.92465084791183,0.9794838428497314,429.9269653558731,326.8901288509369,0.9957665205001831,382.8441528081894,329.5161255598068,0.9953597187995911,431.2112702727318,415.0759836435318,0.8663756847381592,381.1291592121124,415.9911571741104,0.8660484552383423,435.10574716329575,498.75989282131195,0.7508244514465332,387.5263566970825,495.01197612285614,0.761644721031189
203,14.52570001129061,73.37062457517449,391.8988651037216,166.15464943647385,0.9990984797477722,400.0274080634117,157.82694429159164,0.9982598423957825,387.37694174051285,158.45585465431213,0.9977657794952393,408.634303689003,161.51678800582886,0.9975485801696777,385.5699654817581,162.36615252494812,0.9971509575843811,441.1350675225258,199.8078457713127,0.9967402219772339,368.99903589487076,202.7084035873413,0.9952261447906494,433.11849880218506,222.09190201759338,0.9927586317062378,330.8479084968567,218.7465000152588,0.9794995188713074,371.8326210975647,209.16276866197586,0.9867279529571533,335.8479704260826,208.0939603447914,0.9801844358444214,430.4737229347229,328.4874601364136,0.9961559772491455,382.7874966263771,330.21999847888947,0.9957892298698425,431.1605018377304,414.38040471076965,0.8762304186820984,381.60135650634766,414.09098982810974,0.8748697638511658,434.96267491579056,498.5244039297104,0.7671041488647461,386.1107550263405,486.6730514764786,0.77519690990448
204,14.067000010982156,54.02132316235777,392.175294816494,166.5178506374359,0.9985355138778687,400.39202016592026,157.97819644212723,0.9972228407859802,387.5699795484543,158.74596321582794,0.9969816207885742,408.8569675683975,161.67147839069366,0.9959343075752258,385.54379177093506,162.57320058345795,0.9964166879653931,442.35289442539215,201.44085627794266,0.9953911304473877,368.5267850756645,207.28973019123077,0.9950635433197021,430.6028251647949,233.3287454843521,0.9880561828613281,333.8539511561394,239.27108508348465,0.9772321581840515,370.9937242269516,228.50457096099854,0.9806870222091675,335.7822149991989,234.19549721479416,0.9782278537750244,432.2448909878731,333.6366081237793,0.9962680339813232,383.5888189673424,335.33331644535065,0.995957612991333,431.1235696077347,419.0583939552307,0.8836871981620789,381.5357884168625,418.6577491760254,0.8815947771072388,434.878292798996,498.1132936477661,0.7744228839874268,385.47399520874023,487.1411942243576,0.7826309204101562
205,15.070100023876876,46.30876247144222,392.31098061800003,166.96845537424088,0.9983012676239014,400.4337428808212,158.1789561510086,0.9967454075813293,388.1241503357887,159.19724655151367,0.9965994954109192,408.73712515830994,161.8029003739357,0.9953877925872803,386.0997288823128,163.09860199689865,0.9960467219352722,442.18514716625214,204.73341804742813,0.9955246448516846,368.2028787136078,209.40715473890305,0.9953794479370117,430.9218339920044,245.06069469451904,0.9886788725852966,337.913820207119,246.17261666059494,0.9778725504875183,379.5356940627098,257.6438180208206,0.9812246561050415,343.5869318842888,242.23363667726517,0.9783235788345337,432.0439850091934,334.1996340751648,0.9965260028839111,383.460653424263,336.87985837459564,0.9962537884712219,430.56632113456726,419.695281624794,0.890130341053009,381.4346262216568,418.75664365291595,0.8874893188476562,434.7791110277176,498.20697045326233,0.765756368637085,387.6546560525894,489.88442265987396,0.7778463959693909
206,14.323499985039234,36.577427042200384,392.73658442497253,166.99017053842545,0.99808669090271,400.9628372192383,158.25618070363998,0.9964271187782288,388.5535811781883,159.25637513399124,0.9961723685264587,409.1365284919739,161.87480169534683,0.9949259757995605,386.46843564510345,163.21443128585815,0.9954206347465515,442.19178426265717,206.89523804187775,0.99588942527771,367.7767931818962,210.13304442167282,0.995783269405365,432.0046173930168,259.1747370958328,0.9892109632492065,341.5752226114273,256.4761152267456,0.9786076545715332,380.81079268455505,288.58843970298767,0.9817504286766052,339.1679905653,291.04065477848053,0.9790352582931519,430.928872525692,333.1866819858551,0.9967887997627258,383.20052206516266,334.0615919828415,0.9965593814849854,429.22953498363495,410.1347281932831,0.8964852690696716,381.4514063000679,404.416220664978,0.8939446210861206,434.76393669843674,490.41360914707184,0.7672343254089355,387.3572445511818,488.4356894493103,0.7833589911460876
207,14.327500015497208,31.06776989411971,392.5686230659485,167.00452667474747,0.9981251358985901,400.7816284298897,158.3217635154724,0.9965099096298218,388.34480702877045,159.35732048749924,0.9962229132652283,409.279226064682,161.95911383628845,0.9950540661811829,386.3970868587494,163.22406738996506,0.9954039454460144,442.9070652127266,208.57734894752502,0.9962562322616577,367.5937377810478,211.26414811611176,0.9961726665496826,435.05358707904816,269.2734948396683,0.989875853061676,344.8056151866913,263.2712424993515,0.9796605110168457,393.15581876039505,307.2614903450012,0.9828103184700012,337.64852368831635,310.5275113582611,0.9802950024604797,430.94153118133545,330.662083029747,0.9970389604568481,383.2557063102722,331.7555320262909,0.9968408346176147,428.8389900326729,411.50254225730896,0.9033530950546265,381.43585729599,402.7845673561096,0.9003400206565857,434.89287835359573,490.9767858982086,0.77522212266922,386.7926096320152,487.7341991662979,0.7921285033226013
208,14.570300001651049,25.8334371078822,391.8160352110863,167.04782128334045,0.9978218078613281,400.74991488456726,158.39521807432175,0.9959443807601929,387.6720784306526,159.39491486549377,0.9955573081970215,409.3899959921837,162.0158748626709,0.9943225383758545,385.72684717178345,163.24306815862656,0.9942165017127991,443.60139113664627,210.58144748210907,0.9965072274208069,366.01812320947647,214.241372525692,0.9964226484298706,436.70740163326263,275.7540839910507,0.9898972511291504,346.2506288290024,274.2707874774933,0.9789336919784546,399.22811967134476,325.3849060535431,0.9825233221054077,338.05344009399414,324.36390125751495,0.9799531698226929,428.43332427740097,331.67645263671875,0.9970076084136963,381.89908915758133,333.1546219587326,0.9967827796936035,428.7062481045723,415.79864621162415,0.9073479175567627,381.2399291396141,414.11819410324097,0.9046767354011536,434.8821733593941,492.6457470655441,0.7802538275718689,386.227091550827,490.6096488237381,0.7995309829711914
209,14.75089997984469,24.42636452350058,390.33997708559036,166.4407165646553,0.9977974891662598,399.894023835659,158.0308557152748,0.9959051012992859,386.375248670578,159.0453007221222,0.9955012202262878,409.3677028417587,161.91223019361496,0.9943131804466248,384.7218355536461,162.95318579673767,0.9940435290336609,444.65743881464005,213.39867335557938,0.9967601895332336,364.5397635102272,216.88339924812317,0.9966561794281006,442.1281163096428,278.2024989128113,0.9903880953788757,345.9623968601227,279.10506558418274,0.9791739583015442,423.15787637233734,339.8234393596649,0.983012318611145,336.37944662570953,330.92411267757416,0.9800669550895691,427.1670305132866,337.7674355506897,0.9971067309379578,381.07049584388733,337.52232563495636,0.9968696236610413,429.6605448126793,423.7143965959549,0.9124124050140381,379.64443004131317,424.13651525974274,0.9105541706085205,436.32716023921967,492.7060066461563,0.7793216109275818,385.9436768293381,493.937437415123,0.8029360771179199
210,14.697000035084784,23.060435224400262,390.7717095017433,165.97920900583267,0.9979703426361084,400.4515399336815,157.6727213859558,0.9962294101715088,386.3609575033188,158.7530658841133,0.995850145816803,409.45607256889343,161.6744943857193,0.9947671294212341,384.25284975767136,162.82996731996536,0.9945035576820374,444.9209690093994,213.98388195037842,0.9970481991767883,363.04657739400864,218.77504640817642,0.9969211220741272,451.09411096572876,281.36718249320984,0.9911125302314758,345.58614307641983,283.62848508358,0.9800984859466553,443.3596723675728,344.9755128622055,0.9840729236602783,334.6420795917511,341.86879670619965,0.980801522731781,426.6402912735939,340.5147958993912,0.9971962571144104,380.268638253212,341.4401031732559,0.9969209432601929,430.296903192997,429.39200723171234,0.9132925271987915,379.70113974809647,428.493572473526,0.9119675755500793,436.5148990750313,494.81783652305603,0.7603685855865479,385.90792214870453,496.4696969985962,0.7873671054840088
211,15.10349998716265,22.19984367372744,389.53916323184967,166.00452828407288,0.9981046915054321,399.29127913713455,157.7031226158142,0.9964926838874817,384.9003680944443,158.70993715524673,0.9961264133453369,409.17950904369354,161.72115182876587,0.995144248008728,383.0762370824814,162.84426313638687,0.9948748350143433,445.07843947410583,213.51059693098068,0.9972987174987793,362.90484327077866,219.19695395231247,0.9971457719802856,461.33905804157257,275.26751351356506,0.9911287426948547,346.1657917499542,285.44064569473267,0.9795029759407043,464.9812182188034,333.5880506038666,0.9835073947906494,333.16655671596527,344.1100730895996,0.9797284007072449,426.88819217681885,340.2024292945862,0.9969028234481812,380.12264889478683,341.4187499284744,0.9965187311172485,430.25742852687836,427.9116060733795,0.9076528549194336,379.70352160930634,428.03649842739105,0.9058345556259155,437.52900993824005,496.4289207458496,0.7399740815162659,385.8407215476036,497.90440583229065,0.7702022790908813
212,13.994799985084683,22.696309707338884,389.15787810087204,166.00552356243134,0.9981734752655029,398.26073610782623,157.72097730636597,0.996605396270752,384.4890822172165,158.64673697948456,0.9962564706802368,407.94797974824905,161.76370751857758,0.995319128036499,382.74831634759903,162.85442703962326,0.9949846863746643,444.960229575634,213.18417578935623,0.9975069761276245,362.7091292142868,218.28411781787872,0.997285783290863,470.9272001981735,272.35077488422394,0.9907866716384888,345.96226304769516,282.04101610183716,0.9773557782173157,485.75623989105225,330.57256829738617,0.9821309447288513,329.8864126801491,332.8668055534363,0.9767083525657654,427.0528082251549,339.79427468776703,0.9970365762710571,379.90359795093536,340.95492005348206,0.9966318607330322,429.79119926691055,427.7864422798157,0.910269021987915,379.70619785785675,427.4996814727783,0.9089434742927551,436.5847759246826,495.4858492612839,0.7468061447143555,385.86363023519516,497.5961711406708,0.7788943648338318
213,14.532900007907301,23.905277818796453,388.8882192969322,166.3953258395195,0.9983129501342773,397.59927451610565,157.98501259088516,0.996850311756134,384.16266018152237,158.83298975229263,0.996524453163147,407.22052186727524,162.10305219888687,0.9956457614898682,382.5475977063179,163.03668361902237,0.9953069686889648,444.2599088549614,212.90012937784195,0.9977208375930786,362.5054666996002,218.2052646279335,0.9974641799926758,475.4467417001724,268.34182381629944,0.9904900789260864,345.53984397649765,277.5230555534363,0.9760633707046509,502.20740735530853,318.271742105484,0.9816665053367615,323.42444998025894,322.5750844478607,0.9753661751747131,427.74196898937225,339.4480686187744,0.9972661137580872,379.6143490076065,340.80921733379364,0.9968802332878113,429.7426253557205,424.83631658554077,0.9146512150764465,379.6877317428589,427.14044630527496,0.913874626159668,434.21214777231216,490.73638093471527,0.7596645355224609,385.8245837688446,494.55402743816376,0.7918661832809448
214,15.017299971077591,26.076208913394325,387.61025708913803,166.3787831068039,0.9984363913536072,395.99938637018204,157.9773821234703,0.997063159942627,383.08814638853073,158.77657556533813,0.9967597126960754,406.41978830099106,162.14073705673218,0.9959227442741394,381.63173192739487,163.03853845596313,0.9955903887748718,443.98428201675415,212.77412110567093,0.9979007840156555,362.3106625676155,217.7453253865242,0.9976046085357666,482.62497556209564,264.3645406961441,0.990399956703186,344.0351232290268,273.90129792690277,0.9754250049591064,519.1373556852341,311.40474367141724,0.9812844395637512,313.0695626139641,315.2239886522293,0.9742372035980225,427.9297613501549,339.16070461273193,0.9974666237831116,379.68682181835175,340.6186969280243,0.997102677822113,429.76679188013077,423.6047350168228,0.9184032082557678,379.6472133398056,425.92602574825287,0.9182590246200562,432.9208310842514,488.7794224023819,0.770098865032196,385.83716213703156,492.7265455722809,0.8023234009742737
215,13.798500003758818,29.143117708989458,385.7148040533066,166.38832873106003,0.9985419511795044,394.04880261421204,157.98505783081055,0.9972376227378845,381.6339799761772,158.78847366571426,0.9969438910484314,405.93354070186615,162.1904255747795,0.9961397647857666,380.862123131752,163.04500776529312,0.9957837462425232,443.90621584653854,211.41995441913605,0.998072624206543,362.3156671524048,215.32749265432358,0.997752845287323,490.18735814094543,256.06726694107056,0.9907483458518982,341.0922935605049,270.24666595458984,0.9735054969787598,540.3668578863144,305.0595123767853,0.9816360473632812,302.0053088068962,307.7448035478592,0.9724709391593933,427.4624883532524,338.51612615585327,0.9975916743278503,379.69581401348114,338.7713396549225,0.997236430644989,429.82462561130524,423.40628254413605,0.9202781319618225,379.0907945036888,425.59550285339355,0.9213747382164001,432.89337277412415,488.4573744535446,0.7818539142608643,385.8212384581566,492.0846815109253,0.8133214712142944
216,13.760800007730722,37.252830584686464,385.12271082401276,166.42937642335892,0.9986655712127686,393.46971595287323,158.0445030927658,0.9974623918533325,381.1401050686836,158.8218456506729,0.9971924424171448,405.4082466363907,162.29194396734238,0.996451199054718,380.4640311598778,163.0593940615654,0.99611896276474,442.487295627594,207.50851047039032,0.9982156753540039,362.00648015737534,212.40485775470734,0.997894823551178,492.5193340778351,242.62128251791,0.9909241199493408,335.7755243778229,259.49108481407166,0.9733739495277405,548.4474692344666,278.1139191389084,0.9821251630783081,292.40753215551376,285.60025215148926,0.9728379249572754,427.12795728445053,336.7131040096283,0.9973995685577393,379.6995875239372,336.2369387149811,0.9970346689224243,429.87183463573456,423.2936954498291,0.9102990627288818,379.09154385328293,425.31471371650696,0.9140006899833679,435.7476186156273,488.28392457962036,0.7740738987922668,385.97059988975525,493.3191885948181,0.8093942403793335
217,15.187299984972924,47.626572078925435,384.67783802747726,166.43334245681763,0.998724639415741,392.99786657094955,158.05555671453476,0.9975442886352539,380.7090417146683,158.8325976729393,0.9972900748252869,404.78454691171646,162.30794382095337,0.9965912699699402,379.96410793066025,163.0650188922882,0.9962450265884399,441.14261454343796,203.86552023887634,0.9982964396476746,361.2905569076538,210.2071624994278,0.9978864192962646,498.0875368118286,231.26993680000305,0.9911084175109863,328.51534378528595,250.2081989645958,0.972378671169281,553.7847652435303,253.72052121162415,0.9824466705322266,282.49403846263885,264.56217885017395,0.9720227122306824,426.9330728650093,335.2706139087677,0.9974218606948853,379.5613592863083,335.4982008934021,0.9970195293426514,429.98198902606964,423.21621453762054,0.9090009331703186,379.0925608277321,425.39107871055603,0.9135509133338928,433.814430475235,488.30708742141724,0.7788097262382507,385.95499736070633,493.2979861497879,0.8138864636421204
218,15.511800011154264,62.0502110260188,384.30185186862946,166.15706223249435,0.9987495541572571,392.53369802236557,157.84789037704468,0.9975537657737732,380.44329023361206,158.6242225766182,0.9972702860832214,404.0580257177353,162.20790326595306,0.9966344237327576,379.6228594779968,162.97441840171814,0.9961908459663391,440.3323267698288,200.3967188000679,0.9983200430870056,360.7399722933769,209.56808823347092,0.9976626038551331,504.7214217185974,221.39184433221817,0.9912256002426147,324.2236580848694,236.59153938293457,0.970890998840332,567.582271695137,233.0255776643753,0.9822320938110352,274.3747017979622,244.34748727083206,0.9698218107223511,426.9341433644295,333.2568943500519,0.9972197413444519,379.56424963474274,334.7314143180847,0.9967403411865234,431.2166227698326,423.2807568311691,0.9042037725448608,379.11496102809906,426.6189204454422,0.9094217419624329,437.1069655418396,486.8796169757843,0.7804171442985535,386.2360302209854,495.6046191453934,0.8155711889266968
219,15.677399991545826,77.11922971335007,384.22710424661636,165.15079057216644,0.9987391233444214,392.4952670931816,157.45935481786728,0.9974863529205322,380.4963602423668,157.8832830786705,0.997183084487915,403.5472101569176,162.0909128189087,0.9966251850128174,379.67084461450577,162.42568826675415,0.9961242079734802,439.827506005764,197.96555536985397,0.998273491859436,360.51377576589584,208.31304222345352,0.997326672077179,505.1480692625046,209.3898429274559,0.9913487434387207,318.25744366645813,224.96181732416153,0.9706895351409912,571.2819712162018,212.40208303928375,0.9823892116546631,265.8405733704567,221.6412369608879,0.9695218801498413,426.96355533599854,331.2340966463089,0.9969733357429504,379.5685851573944,333.9598323106766,0.9964390397071838,432.2161748409271,422.84787106513977,0.8988453149795532,379.1686198115349,426.22195518016815,0.9047220349311829,438.47359186410904,486.562273979187,0.7803584933280945,386.4570348262787,495.8041272163391,0.8161460757255554
220,14.007700025103986,91.48336566332348,383.58678501844406,164.5163458585739,0.998701274394989,391.8691319823265,157.22255396842957,0.9973359107971191,380.0894098877907,157.40019607543945,0.9970105886459351,403.0719887018204,161.9199059009552,0.9965245127677917,379.5040072798729,161.9222131371498,0.9959886074066162,439.7327935695648,196.5100210905075,0.9981735348701477,360.5497445464134,207.21089208126068,0.9969667792320251,506.7809020280838,200.11787497997284,0.9916290640830994,313.52393609285355,213.12141293287277,0.97156822681427,572.3201415538788,190.03590124845505,0.9828839898109436,258.9479755163193,203.3737170100212,0.9701306819915771,427.1999751329422,331.3995541334152,0.9966824650764465,379.8401173353195,334.0568870306015,0.99606853723526,433.2224442958832,422.6334036588669,0.8939187526702881,379.1171287894249,426.0011843442917,0.9004958868026733,439.028003513813,486.5896290540695,0.7818241119384766,386.46712428331375,495.7569268941879,0.8157719373703003
221,13.940200034994632,100.45017058049592,383.11474829912186,164.30076253414154,0.9987092614173889,391.14475178718567,157.17212653160095,0.9972870349884033,379.8605638742447,157.17625844478607,0.9969630837440491,402.6717022061348,161.75304597616196,0.9965184926986694,379.4892076253891,161.4014111161232,0.9960066676139832,439.7635704278946,196.18939065933228,0.9979044198989868,360.32231694459915,203.99341350793839,0.9965976476669312,511.0857013463974,192.04049742221832,0.9918062686920166,309.0980900526047,202.34921365976334,0.9728990197181702,572.13440990448,171.37005883455276,0.9833207130432129,257.3031531572342,186.88991683721542,0.9712865948677063,427.417768239975,331.43538415431976,0.9964321255683899,380.030398607254,334.12703907489777,0.9958149194717407,433.6042914390564,420.7748268842697,0.8899278044700623,379.1076013445854,425.04816007614136,0.8964751362800598,438.90307623147964,486.46594309806824,0.7843194007873535,386.4636719226837,493.477890253067,0.8153516054153442
222,14.696599973831326,107.53171599625173,383.2298002243042,163.75702387094498,0.9987109303474426,391.27992910146713,156.8351644873619,0.9972328543663025,379.9063009619713,156.549866437912,0.9969466924667358,402.87587320804596,161.51393789052963,0.9965034127235413,379.5974618792534,160.7562747001648,0.9960824251174927,439.9091851115227,196.7918809056282,0.9973599910736084,360.3536022901535,202.88646793365479,0.9961295127868652,510.7433556318283,184.53701847791672,0.9918773174285889,305.72687327861786,194.28768515586853,0.974204957485199,566.6421055793762,149.90062284469604,0.9835621118545532,255.26965922117233,171.66401278972626,0.9723469614982605,427.59298223257065,331.4970009326935,0.9961308836936951,380.2191276550293,334.45545077323914,0.9955441355705261,434.0526433587074,421.13828444480896,0.8890318870544434,379.0934439897537,424.9331601858139,0.8955413103103638,438.96115082502365,486.6064884662628,0.7884512543678284,386.4933782815933,493.1193789243698,0.8159617185592651
223,14.086099981795996,110.24191887866439,383.51500803232193,163.64798057079315,0.9987512826919556,391.68894016742706,156.68035346269608,0.9972903728485107,380.1289916038513,156.37343072891235,0.9970388412475586,403.52705800533295,161.45248699188232,0.9966166615486145,379.77591413259506,160.67585319280624,0.9962791204452515,440.04176646471024,197.36541759967804,0.9971736073493958,360.4688950777054,202.3010783791542,0.9960336685180664,509.3654623031616,178.30674183368683,0.9921817183494568,305.1371083855629,190.80757373571396,0.9756951332092285,557.2335932254791,134.38545471429825,0.9841407537460327,253.8243779540062,154.76196950674057,0.9737550616264343,427.5887269973755,331.517177939415,0.996120810508728,380.27506124973297,334.7113881111145,0.9955829381942749,434.4547229409218,422.195752620697,0.8897472023963928,379.01355797052383,425.1771240234375,0.8956334590911865,440.03598576784134,486.8642957210541,0.7934303879737854,386.51941817998886,493.1382590532303,0.8172252774238586
224,13.858199992682785,113.7957825546936,384.5433297753334,163.19405823946,0.99882572889328,392.6738263964653,156.2258279323578,0.9974409341812134,380.6561858057976,156.0033379793167,0.9972113370895386,404.5683060288429,160.79462307691574,0.9968268275260925,380.0049742460251,160.4473915696144,0.9965392351150513,441.4582245349884,197.25248366594315,0.9971528649330139,360.89880764484406,201.27799254655838,0.9960522055625916,506.99596536159515,174.87239813804626,0.9925770163536072,304.5703057050705,185.68290054798126,0.9771236777305603,548.2075703144073,123.2137416601181,0.9849579930305481,255.49018210172653,145.6329144835472,0.9751701354980469,427.33178037405014,330.6310484409332,0.9962407350540161,380.29735440015793,333.9176687002182,0.9957218170166016,434.41128742694855,422.26910161972046,0.889883279800415,379.0050475001335,424.8905441761017,0.8968619704246521,439.94322699308395,486.928053855896,0.7960044145584106,387.2387937903404,493.01674461364746,0.8169384598731995
225,15.332399983890355,115.0022927376749,385.11494970321655,162.5563713312149,0.998894214630127,393.2773739695549,155.46100175380707,0.9975929260253906,381.084599673748,155.40089297294617,0.9973666667938232,405.29530894756317,160.2232277393341,0.9970331192016602,380.2863817811012,160.1753186583519,0.9967772960662842,442.3055515885353,197.2507947087288,0.9972413182258606,361.69384080171585,201.06881821155548,0.9961221218109131,505.3210084438324,172.3516144156456,0.9930509328842163,304.7302115559578,183.70038145780563,0.9783638119697571,529.3008377552032,114.24044016003609,0.985834538936615,259.1603090763092,139.43756306171417,0.9764736294746399,426.7737022638321,330.12466287612915,0.996393620967865,380.3287735581398,332.90151965618134,0.9958897233009338,434.18163853883743,422.47624015808105,0.8882167339324951,378.97619754076004,424.1451711654663,0.8969573378562927,439.39901185035706,484.6777596473694,0.796368420124054,386.88360208272934,491.7540681362152,0.8168252110481262
226,14.384399983100593,113.8310262088245,385.8116039633751,162.19992595911026,0.998958170413971,394.54294514656067,155.20996540784836,0.9977369904518127,381.6281189918518,155.0685152411461,0.9975069761276245,406.3503396511078,160.15609169006348,0.9972242712974548,380.4701597690582,160.1004315018654,0.9969835877418518,442.37735533714294,197.16900092363358,0.9973674416542053,362.01563292741776,201.40130150318146,0.996140718460083,498.06982004642487,172.00709730386734,0.9935001730918884,306.1158124804497,185.46653306484222,0.9790740013122559,503.9727679491043,111.11252155900002,0.986649751663208,261.0400257706642,137.69262897968292,0.977383553981781,426.52055591344833,329.9687660932541,0.9966254234313965,380.29871928691864,332.81791627407074,0.9961257576942444,433.93285447359085,421.68369698524475,0.8883923888206482,378.9560453891754,423.72217786312103,0.8966093063354492,435.51513290405273,484.78500843048096,0.7993810176849365,386.2815799713135,488.36291348934174,0.8161137700080872
227,13.975700014270842,113.13589319467049,387.01784271001816,162.72998708486557,0.9989928007125854,395.8049836754799,155.5698942542076,0.9978235363960266,382.6436482667923,155.54357969760895,0.9975873231887817,407.19549894332886,160.43062263727188,0.9973613619804382,380.9225260615349,160.283336520195,0.9971326589584351,442.2912604212761,197.28787636756897,0.9974736571311951,362.1990630030632,201.70519316196442,0.9961278438568115,490.57889330387115,171.60859388113022,0.9939327836036682,306.33034056425095,186.44707828760147,0.9795190095901489,481.36885154247284,109.29576155543327,0.9873907566070557,264.8069526553154,136.80461448431015,0.9778318405151367,426.49347227811813,330.0844295024872,0.9968177676200867,380.3036435842514,332.84104895591736,0.9963216185569763,433.87547570466995,420.91974544525146,0.8853580355644226,379.5684781074524,423.3094992637634,0.8927545547485352,433.1947451233864,484.88001227378845,0.7967042922973633,386.1307466030121,485.94622683525085,0.8112815618515015
228,14.411800017114729,108.88490504205164,390.1286605000496,164.73580473661423,0.9990450739860535,398.34661692380905,157.3337989449501,0.997938871383667,385.96096539497375,157.15187412500381,0.9976913332939148,408.41359347105026,162.03778606653214,0.9974979758262634,383.4373700618744,161.41759192943573,0.9972639083862305,441.9752489924431,198.00102347135544,0.9975876212120056,365.36169296503067,202.64034765958786,0.9961013793945312,481.1080778837204,171.72283977270126,0.9942861795425415,307.3248345255852,190.40365660190582,0.9798114895820618,462.71363282203674,112.36010298132896,0.9880083799362183,274.4239180088043,141.4396710395813,0.9783957600593567,426.47230315208435,330.17931270599365,0.9970354437828064,381.3083072900772,332.9126486778259,0.9965483546257019,433.54265743494034,416.84212017059326,0.8839812278747559,379.8335872888565,421.88579881191254,0.8896248936653137,431.75136399269104,484.3481113910675,0.7983022928237915,385.6325361728668,485.4929529428482,0.8114952445030212
229,14.942500041797757,106.09686789541884,392.96746438741684,164.8354532122612,0.9990897178649902,400.7728503346443,157.6850266456604,0.9980456829071045,388.89608746767044,157.6154928803444,0.9977810978889465,410.0317336320877,162.5678773522377,0.9976008534431458,386.1958597302437,161.93020552396774,0.9973700642585754,441.97811257839203,198.95244926214218,0.9975802302360535,368.04666608572006,203.28364431858063,0.9960164427757263,466.3249090909958,174.83190840482712,0.9944459795951843,309.5785301923752,193.36200088262558,0.9798704981803894,442.8969757556915,125.57698488235474,0.9884481430053711,282.61141872406006,147.47978919744492,0.9792085289955139,426.5740273594856,330.6794250011444,0.9972488284111023,382.7822244167328,333.3037327528,0.9967913627624512,433.00106501579285,415.6358126401901,0.8878979682922363,380.58248192071915,421.7066185474396,0.8935047388076782,431.1468262076378,484.44769954681396,0.8062896132469177,385.5261552929878,485.71851921081543,0.8196820020675659
230,13.939200027380139,100.45110624547235,393.3451633453369,165.17840200662613,0.9991013407707214,401.89944392442703,157.75465089082718,0.9981080293655396,390.2939723730087,157.63654452562332,0.9977562427520752,412.0375551581383,162.58331924676895,0.9976082444190979,390.53836739063263,161.7667235136032,0.9972949028015137,442.42456436157227,199.2934074997902,0.9968410730361938,371.48080146312714,203.8402914404869,0.9946014881134033,452.35606920719147,199.3290565609932,0.9941133260726929,319.7518876194954,199.57523715496063,0.976672887802124,434.23270136117935,151.69845747947693,0.987999439239502,291.02498215436935,151.40488052368164,0.978408932685852,426.72057873010635,331.83204782009125,0.9973837733268738,384.5576209425926,333.9860111474991,0.9969422817230225,432.0922110080719,415.8234075307846,0.8922284841537476,381.51686733961105,421.80889093875885,0.8977251648902893,430.783739566803,484.87787091732025,0.8139067888259888,385.64639914035797,486.629922747612,0.8278313875198364
231,14.226700004655868,96.8173051338313,393.42480850219727,171.8458622097969,0.9983761310577393,400.1847179532051,163.8496903181076,0.9971171617507935,393.00699257850647,163.3641603589058,0.9959941506385803,404.42855232954025,165.96774822473526,0.9958736300468445,396.4492369890213,164.6939276456833,0.9945403933525085,432.68695372343063,204.21119850873947,0.9958005547523499,379.1552920937538,209.06284874677658,0.9910985231399536,435.771383702755,209.3283467888832,0.9936946630477905,330.7055320739746,211.86977499723434,0.9451481699943542,407.3717566728592,169.58517789840698,0.986160933971405,301.1062498688698,182.44952768087387,0.9508910179138184,424.6334795355797,332.5393589735031,0.9971085786819458,401.67691385746,335.0778616666794,0.9965217709541321,416.9144561290741,416.08275294303894,0.8897793889045715,393.83226734399796,421.6980531215668,0.8958935141563416,423.38372498750687,487.13458919525146,0.8185288906097412,407.0326492190361,493.2576321363449,0.8299258947372437
232,15.352700022049248,78.15705768089204,393.358758687973,171.14820224046707,0.9984759092330933,400.06051325798035,163.09415340423584,0.9972797632217407,392.597847700119,162.92833399772644,0.9962551593780518,407.29080015420914,165.7244931459427,0.9960970282554626,394.30740851163864,165.39404565095901,0.9949270486831665,438.6603672504425,204.0174057483673,0.9957109093666077,376.50794702768326,208.80394065380096,0.9915786981582642,439.1805764436722,227.16206109523773,0.9930221438407898,331.87299197912216,226.58701640367508,0.9480634927749634,392.1803529262543,192.93234223127365,0.9858431220054626,315.3531519770622,210.19083088636398,0.954555094242096,428.2600371837616,337.68986415863037,0.99730384349823,399.4856015443802,340.7323999404907,0.9967674612998962,420.98222011327744,424.4898692369461,0.897689700126648,383.7171450853348,426.5695184469223,0.903330385684967,425.7805999517441,490.998832821846,0.8248406648635864,394.9764974117279,494.2621394395828,0.8365784883499146
233,14.097800012677908,66.1054025116422,395.8248682022095,174.26938009262085,0.9985559582710266,403.7555561065674,165.10343945026398,0.9973968863487244,392.20783799886703,165.5892408490181,0.9964970946311951,410.8317446112633,168.1082300543785,0.9962403178215027,393.0367792248726,168.5675811767578,0.9953183531761169,441.9463722705841,207.99135619401932,0.9957897663116455,373.8076390028,213.04459553956985,0.9923001527786255,435.72492402791977,238.44079673290253,0.9926533102989197,328.7910241484642,241.606294631958,0.9522719383239746,386.4674721956253,225.17758160829544,0.9852132797241211,333.60107243061066,235.68476539850235,0.9576200246810913,428.78134363889694,343.4786443710327,0.9974820613861084,393.5416535139084,345.0988368988037,0.9970163702964783,421.2366243004799,426.5864984989166,0.9050232768058777,380.02809703350067,426.43916714191437,0.9105914235115051,427.76396775245667,492.49172019958496,0.8246753215789795,387.11397355794907,491.46972012519836,0.8403594493865967
234,14.011299994308501,57.45077366753996,395.74080723524094,174.73462748527527,0.9986246824264526,403.6680427789688,166.2657888531685,0.997466504573822,392.2888748049736,166.3382179737091,0.9966826438903809,411.0345507264137,170.4123597741127,0.9962981343269348,392.0334804058075,171.02490836381912,0.9955956935882568,442.7832619547844,211.23368656635284,0.9959646463394165,372.11343985795975,217.7974116206169,0.9929582476615906,434.67452323436737,249.0728276371956,0.9912292957305908,332.1446579694748,253.31161260604858,0.9541435241699219,389.80285400152206,256.31364357471466,0.9835619926452637,335.38663870096207,251.35717242956161,0.9592528939247131,429.2493659853935,346.4374259710312,0.9977104663848877,392.9633964896202,348.35590040683746,0.9972943663597107,422.5037477016449,432.19232845306396,0.9125320315361023,376.5424171090126,428.62971448898315,0.9176216721534729,428.1232541203499,492.3584132194519,0.8319768309593201,384.32248574495316,492.2573170661926,0.8491351008415222
235,14.939200016669929,41.93205312809028,395.53588688373566,173.9121807217598,0.998640239238739,403.3005403280258,165.5562760233879,0.9975140690803528,392.10354459285736,165.73265141248703,0.9967470765113831,411.21450167894363,169.85038942098618,0.996370255947113,391.97438883781433,170.3505318760872,0.9956377744674683,443.3152198791504,215.38912451267242,0.9963043332099915,371.8397399187088,218.59378510713577,0.9935753345489502,435.6012545824051,266.4570380449295,0.9914108514785767,342.2334191799164,262.91710436344147,0.9561120867729187,381.62075930833817,290.894348859787,0.9837747812271118,337.0686876773834,295.48562824726105,0.9608767032623291,429.1987313628197,345.192875623703,0.9979152083396912,390.4541726112366,347.91912400722504,0.9975409507751465,423.7017168402672,430.36433386802673,0.919071614742279,374.6304248571396,428.67640209198,0.9235392212867737,428.588172018528,491.0269418954849,0.8321453332901001,382.1573739051819,492.1478364467621,0.8525302410125732
236,14.834899979177862,34.089806871354845,395.35400903224945,173.40579515695572,0.9987130761146545,403.06979417800903,165.2723804116249,0.9976656436920166,392.0207949876785,165.35756719112396,0.9969274401664734,411.5900864005089,170.14322745800018,0.996610164642334,391.75841557979584,170.0136603116989,0.9958745837211609,443.29956382513046,217.82549053430557,0.9966493844985962,370.2146682739258,220.05811101198196,0.9941738843917847,440.47593426704407,269.2962052822113,0.9920731782913208,343.7302985191345,270.95533430576324,0.9596669673919678,399.655141890049,308.74339950084686,0.9849543571472168,336.5023934841156,315.5407284498215,0.9640345573425293,428.3298337459564,344.5421143770218,0.9981067776679993,384.8735788464546,346.7592628002167,0.997768223285675,424.48229825496674,431.26216542720795,0.9253382086753845,373.13357228040695,428.43189537525177,0.9293484091758728,430.1920477747917,496.43917512893677,0.8284456133842468,380.55678993463516,493.6477209329605,0.854233980178833
237,14.253599976655096,28.91834396071044,395.10905200242996,173.4171805381775,0.99873286485672,402.97326189279556,165.5802984237671,0.9976819753646851,391.7118756175041,165.82408130168915,0.9969481825828552,411.8112783432007,170.84875917434692,0.9965449571609497,390.56740468740463,170.60465961694717,0.9957525730133057,444.0373520255089,222.1234945654869,0.9969310164451599,367.9799472093582,222.94919860363007,0.9946818351745605,442.36437553167343,284.2469148635864,0.991901695728302,343.3715741634369,282.8498456478119,0.9613322615623474,408.1624543070793,338.1342408657074,0.9840235710144043,336.7402049303055,333.852583527565,0.9651308059692383,426.6448408961296,344.8616590499878,0.9981796145439148,382.2304087281227,346.404581785202,0.9978635907173157,424.2726677060127,429.7878565788269,0.9296295642852783,372.4491217136383,426.5755805969238,0.9333769679069519,430.33870619535446,483.92952144145966,0.8360122442245483,380.0837094783783,493.57901656627655,0.8612787127494812
238,15.496300009544939,25.601840964132776,394.56547915935516,174.2935532927513,0.9988149404525757,402.87908470630646,166.57687366008759,0.997824490070343,390.4374460577965,166.83617383241653,0.9971548914909363,411.82195657491684,171.92402172088623,0.9967833161354065,388.441713988781,171.44482535123825,0.9960425496101379,444.8687018752098,225.7416631579399,0.9972085356712341,365.20103776454926,225.45500791072845,0.9951674938201904,442.84304934740067,291.3508800268173,0.9924857020378113,342.5876206755638,290.21632301807404,0.9640169143676758,416.62523394823074,350.40771198272705,0.9848286509513855,334.3907798528671,348.5656930208206,0.9670383930206299,424.780753493309,348.38029980659485,0.9983000755310059,379.03180998563766,349.6668629646301,0.9980061650276184,424.5465014576912,435.5369462966919,0.9338387250900269,372.01538211107254,432.1132792234421,0.9376066327095032,430.41658502817154,482.0475103855133,0.8264777064323425,379.4306245446205,499.4996259212494,0.8570200204849243
239,14.061999972909689,24.05395481133744,393.3959585428238,174.52082359790802,0.998862087726593,402.2544750571251,167.10696494579315,0.9979215264320374,388.80525559186935,166.89871048927307,0.9973009824752808,411.4991474747658,172.75809514522552,0.9969865083694458,386.26455903053284,171.74199134111404,0.9962671399116516,445.94848787784576,228.16673427820206,0.9974605441093445,361.38034504652023,227.95819330215454,0.9955920577049255,447.47212970256805,299.52685046195984,0.9930720925331116,341.5177367925644,294.6571947336197,0.966174840927124,433.84456503391266,364.76728653907776,0.9857484102249146,330.1715402007103,357.25969076156616,0.96843022108078,424.4329482316971,353.7438247203827,0.998380720615387,377.8693011403084,353.7010579109192,0.9980881810188293,424.59900945425034,443.9561265707016,0.9360095858573914,371.1419883966446,443.87394070625305,0.9405669569969177,430.4544271826744,507.79487895965576,0.797985315322876,379.7792862057686,512.2476940155029,0.8375760316848755
240,15.013800002634525,24.17322595487284,392.2986431121826,174.3085277080536,0.9989187717437744,401.5022083520889,166.88878786563873,0.9980274438858032,387.2030391097069,166.68187552690506,0.9974514842033386,411.139620244503,172.64897644519806,0.9971773624420166,384.24637323617935,171.67764508724213,0.9964911937713623,447.1629694700241,227.88745313882828,0.997684895992279,360.1477987766266,227.79896384477615,0.9959691762924194,458.32897424697876,298.52578139305115,0.9933958053588867,340.31735903024673,294.1955966949463,0.9679533839225769,457.8584362268448,364.17925798892975,0.9859821200370789,322.4667009115219,358.713973402977,0.9693526029586792,424.55193424224854,353.02743542194366,0.9984182715415955,376.61679005622864,352.1534905433655,0.9981030225753784,424.3587358593941,442.1376625299454,0.9378834962844849,370.7453415989876,442.0720043182373,0.9419890642166138,430.5096917152405,499.2812075614929,0.782264232635498,379.65786480903625,509.9791831970215,0.8237267732620239
241,14.431599993258715,24.590922094305572,391.78889805078506,174.2786693572998,0.9989912509918213,401.2323354482651,166.85362136363983,0.9981624484062195,386.4559108018875,166.5768284201622,0.9976300001144409,410.971658885479,172.4128541946411,0.9973833560943604,383.20624923706055,171.5079501271248,0.9967445135116577,447.3094137907028,225.99099546670914,0.9978827834129333,358.81783705949783,226.38752341270447,0.996278703212738,469.28296661376953,287.50069093704224,0.9927652478218079,339.6207850575447,290.8686525821686,0.968047022819519,479.5268431901932,344.3937877416611,0.9828778505325317,315.76272505521774,347.4986038208008,0.9664292931556702,426.07645922899246,351.607052564621,0.99850994348526,376.4082300066948,351.362576007843,0.9982139468193054,424.4964020848274,437.79475033283234,0.9398820996284485,370.26286751031876,440.73796939849854,0.9432610869407654,429.0995228290558,482.3903988599777,0.7774183750152588,379.814023911953,497.77948331832886,0.8207970261573792
242,13.975699956063181,24.94813114224803,391.54701870679855,171.8164260983467,0.9990672469139099,400.44219982624054,164.25511544942856,0.9982982277870178,386.2809644341469,164.34989309310913,0.9978065490722656,409.82448494434357,170.24676656723022,0.9975827932357788,383.0402415394783,169.1779130101204,0.9969872832298279,446.598093688488,225.61927407979965,0.9980629682540894,357.0450364947319,224.51575165987015,0.9965636730194092,474.4482333660126,281.1817591190338,0.9918035268783569,339.54250478744507,284.94970202445984,0.9682055711746216,497.6588017940521,330.5149326324463,0.9805734157562256,307.562324821949,332.8852332830429,0.9652223587036133,426.9748491048813,351.301864027977,0.9985970854759216,376.560909986496,350.63357985019684,0.9983212947845459,424.61394292116165,435.4100030660629,0.9420828223228455,370.57952123880386,439.6469633579254,0.9462190270423889,428.52798318862915,483.3871248960495,0.7813637852668762,379.8638824224472,496.4677064418793,0.828636884689331
243,14.343300019390881,26.287091803263138,389.24292927980423,167.57197105884552,0.9991005063056946,397.64388757944107,159.5809866786003,0.9983567595481873,384.06264877319336,160.03046041727066,0.9978968501091003,407.9985876083374,165.22840720415115,0.9977030754089355,381.21758246421814,164.81241101026535,0.9971264004707336,445.66212928295135,216.55957186222076,0.9981814622879028,356.2352304458618,218.62418633699417,0.9967382550239563,478.05271196365356,264.1406935453415,0.9910264015197754,336.00546765327454,283.79683792591095,0.9681326746940613,511.1483255624771,323.25374364852905,0.9789979457855225,298.24049615859985,323.66304433345795,0.9644830226898193,426.96293979883194,346.82106053829193,0.9986312985420227,376.61114317178726,346.6562967300415,0.998360276222229,425.2705872654915,434.97078371047974,0.9428759813308716,370.76774179935455,438.4460846185684,0.9480342864990234,432.33566933870316,483.1250047683716,0.7775604128837585,379.9540184736252,496.49129152297974,0.8326140642166138
244,15.465899952687323,31.63727274861757,388.6693289279938,165.52171272039413,0.9991395473480225,397.2835039496422,156.69205552339554,0.9984167218208313,383.4515006542206,157.14814937114716,0.9979766607284546,407.44744098186493,160.97405970096588,0.9978004097938538,380.6684965491295,160.88290125131607,0.9972302317619324,445.0435411930084,207.29773765802383,0.9983068704605103,356.491053044796,210.88021194934845,0.9969292283058167,483.35361099243164,252.99494820833206,0.9908205270767212,332.8268604874611,267.1321986913681,0.9680673480033875,531.6941533088684,309.2581695318222,0.9788663387298584,290.9937770962715,302.75505089759827,0.9645094871520996,426.9606382250786,341.96386086940765,0.9986448884010315,376.7958578467369,341.7140460014343,0.9983593225479126,427.0163041949272,434.7675358057022,0.9434654116630554,370.757679104805,436.0355204343796,0.9487749934196472,436.6691848039627,484.32169127464294,0.7829194664955139,380.03374391794205,495.9334229230881,0.8347694277763367
245,14.324599993415177,40.44278877242575,387.5992309451103,162.08729362487793,0.9991810917854309,396.43334007263184,152.93871003389359,0.998480498790741,382.46527630090714,152.91402411460876,0.9980599284172058,406.54102236032486,156.70751249790192,0.9979032874107361,380.03259313106537,156.0350662469864,0.997349739074707,444.1012073159218,200.57926189899445,0.9983907341957092,355.8854715228081,206.11858916282654,0.997032880783081,493.48497807979584,243.43661153316498,0.9907539486885071,325.60588693618774,255.05835628509521,0.9676820635795593,548.0097420215607,283.4029188156128,0.9787763953208923,288.0215354561806,278.8787453174591,0.9636216759681702,426.6596405506134,339.25480365753174,0.9986708760261536,376.2894848585129,339.5023263692856,0.9983589053153992,427.3284083008766,434.672682762146,0.9441856145858765,370.6030187010765,432.18162167072296,0.9497929811477661,436.38188952207565,489.4003252983093,0.7896144986152649,380.01305651664734,494.2633458375931,0.838142454624176
246,14.007500023581088,49.66494144151876,384.3453944325447,156.4238732457161,0.99917072057724,393.47231191396713,147.32947200536728,0.9984329342842102,380.0715593099594,147.70702934265137,0.9979997873306274,404.89804661273956,151.36743694543839,0.9978712201118469,378.8087981939316,151.35140693187714,0.9972761273384094,442.29690730571747,195.39972776174545,0.9983749389648438,355.88266146183014,201.35008990764618,0.9968329071998596,499.26208877563477,229.89990597963333,0.9904146790504456,320.5262869000435,241.79425144195557,0.9629848003387451,552.3954710960388,254.88430321216583,0.9769552946090698,276.94071567058563,262.0418927669525,0.9573829770088196,426.64320838451385,336.4174761772156,0.9985433220863342,376.20237296819687,337.23269963264465,0.9980884790420532,428.0394072532654,433.59757101535797,0.9422086477279663,370.3605773448944,429.43166756629944,0.9464544057846069,439.38852095603943,494.0223979949951,0.792794942855835,379.22955799102783,494.3364233970642,0.8351220488548279
247,15.147300029639155,59.26094810042426,383.18499982357025,151.8992624282837,0.9991448521614075,392.2779557108879,142.98526293039322,0.9983694553375244,378.99613559246063,143.30066061019897,0.9978625178337097,402.9999976158142,146.8935702443123,0.9978235960006714,378.11358910799026,146.49536842107773,0.9970758557319641,439.5783740282059,190.35977387428284,0.9983622431755066,355.54036927223206,195.5023017525673,0.9963959455490112,501.3438354730606,215.41337311267853,0.990220308303833,317.3372423648834,226.607479929924,0.9594998955726624,562.2519874572754,230.9736002087593,0.9753772616386414,276.13687765598297,234.37132972478867,0.9522184729576111,426.5621715784073,330.88327610492706,0.9983526468276978,375.8899744749069,333.0835349559784,0.9977304339408875,428.87287133932114,427.4759154319763,0.9404957890510559,370.1124088168144,424.82570028305054,0.9433538317680359,439.95676881074905,493.545418381691,0.7987250685691833,378.8992018699646,496.05137848854065,0.8352417945861816
248,14.042499999050051,68.33304657976328,383.1305916905403,149.5174708366394,0.9990969300270081,391.94428104162216,140.82695657014847,0.998224139213562,379.0134241580963,141.44466251134872,0.9976815581321716,401.92406541109085,144.4409630894661,0.9976819157600403,378.1059350371361,144.02012622356415,0.9968388676643372,437.4021557569504,185.13510537147522,0.9983230829238892,355.7972356081009,190.98741751909256,0.9960765242576599,503.1751388311386,200.27879339456558,0.9902678728103638,314.99929839372635,214.54360538721085,0.9596289992332458,570.0834935903549,208.96440666913986,0.9759305715560913,265.191368997097,215.25820016860962,0.9531369805335999,426.4152455329895,326.96402072906494,0.9982807636260986,375.9729114174843,328.70415937900543,0.9976077079772949,429.4594247341156,424.2903310060501,0.9386201500892639,369.47492641210556,422.5767331123352,0.9406660795211792,440.80010825395584,493.25814485549927,0.8024272322654724,378.4328655600548,493.20937621593475,0.8336173892021179
249,14.98039998114109,86.33466845736517,382.3458888530731,148.5259172320366,0.9990273714065552,391.19030153751373,140.2516404390335,0.9980302453041077,378.6517291665077,140.75516080856323,0.9973849654197693,401.5007631778717,144.06716066598892,0.9974913597106934,377.6907418370247,143.3164041042328,0.9964686036109924,436.8632128238678,182.4916158914566,0.9981404542922974,355.7387595772743,188.84530705213547,0.9953197240829468,505.1481763124466,187.15259492397308,0.990531325340271,307.54958587884903,199.02549666166306,0.9603233337402344,571.6802505254745,185.06321913003922,0.9766787886619568,257.35119181871414,190.03608220815659,0.9544715285301208,426.34659975767136,326.24319791793823,0.9979729056358337,376.0239742398262,328.52196311950684,0.9971420764923096,430.1344281435013,422.95427536964417,0.935650646686554,368.7979961037636,422.37493288517,0.9349837303161621,442.3428049683571,494.60252463817596,0.8059955835342407,378.411749958992,494.9728285074234,0.8297228813171387
250,16.4191999938339,99.42943919544742,382.7256217598915,146.16213113069534,0.999067485332489,390.8089896440506,139.187883913517,0.9980760812759399,379.3937458395958,139.31006187200546,0.9974520802497864,399.1515254378319,143.04460263252258,0.9975565671920776,378.8594060540199,142.43697011470795,0.9965790510177612,437.25249993801117,181.65003263950348,0.9980478286743164,355.80395299196243,187.25240927934647,0.9951837062835693,511.3358770608902,177.97456014156342,0.9907121062278748,303.7777882218361,186.21839046478271,0.9620798230171204,575.1250106096268,161.29229241609573,0.9773491024971008,255.14540100097656,176.9649105668068,0.9567448496818542,425.7943826317787,324.4340533018112,0.9979631304740906,376.0658842921257,326.2985715866089,0.9971490502357483,430.1182903647423,419.5927679538727,0.9343338012695312,368.2894553542137,415.5896679162979,0.9317382574081421,442.67452597618103,493.15499782562256,0.8136438727378845,376.51048946380615,491.51173293590546,0.8304872512817383
251,15.483100025448948,106.14839060984247,382.9881349802017,148.53386437892914,0.9990969300270081,390.11948096752167,141.10592103004456,0.9980900883674622,379.6426101922989,141.34073132276535,0.9975100755691528,397.6318979859352,144.58107113838196,0.997581422328949,379.6375520825386,144.4735659956932,0.9967004656791687,437.26596146821976,181.75117403268814,0.9979093074798584,356.31616020202637,187.1237469315529,0.9951513409614563,511.81214225292206,167.83906757831573,0.990858793258667,301.09773939847946,179.313631772995,0.9643678069114685,572.9490599632263,137.86125326156616,0.9781601428985596,251.87419563531876,159.39141631126404,0.9594219326972961,424.8078103661537,324.36625373363495,0.997889518737793,376.1001670360565,326.1707537174225,0.9971035718917847,430.100439786911,416.213707447052,0.9326782822608948,368.0941159725189,410.3437064886093,0.9283260703086853,442.5700452327728,488.24767231941223,0.8202809691429138,374.45815473794937,480.02573812007904,0.8300853967666626
252,14.682799985166639,113.49559034597969,382.5797126889229,148.84416502714157,0.9991263747215271,389.8141477704048,141.55385661125183,0.9981239438056946,378.9364820122719,141.80490803718567,0.9976012110710144,398.3263577222824,145.16736549139023,0.9976377487182617,378.8058543205261,145.31193721294403,0.9968604445457458,437.4338960647583,183.03707367181778,0.9977257251739502,356.3391224145889,187.26608681678772,0.9950500130653381,509.6316955089569,160.8750445842743,0.9910575747489929,301.3147028684616,171.97708815336227,0.9663368463516235,563.3838264942169,117.56150308251381,0.978926420211792,253.74489337205887,144.09873813390732,0.961642324924469,424.44683796167374,324.21451902389526,0.9978897571563721,375.774574637413,326.13347601890564,0.9971492290496826,430.63143426179886,413.6208565235138,0.9309021234512329,367.46418058872223,408.4967714548111,0.926109254360199,442.3505660891533,484.85893046855927,0.8256295919418335,372.4808352589607,476.407448887825,0.8316619992256165
253,13.793400023132563,117.37534617666871,382.71807473897934,149.79180574417114,0.9991694688796997,389.9648740887642,142.32055270671844,0.9981993436813354,378.9933522939682,142.60031640529633,0.9977364540100098,398.7551462650299,145.98160874843597,0.9977454543113708,378.45772790908813,146.1091702580452,0.9970754981040955,437.54632526636124,184.23701745271683,0.9977503418922424,356.29223453998566,188.11480289697647,0.9952690005302429,507.19845032691956,154.9275928735733,0.9914085268974304,300.6492804288864,168.22926193475723,0.9685783386230469,556.7934573888779,98.76607844233513,0.9799357056617737,253.5961207151413,130.8566500544548,0.9641802906990051,423.9634807109833,324.5913977622986,0.9979819655418396,375.065154671669,326.78734374046326,0.9973016977310181,431.04282718896866,413.98666656017303,0.9303767085075378,367.10767751932144,409.04906046390533,0.9256649613380432,442.19424641132355,483.0097635984421,0.830285906791687,372.1548949480057,477.0664438009262,0.8341755270957947
254,14.722399995662272,119.4678713930897,385.29862064123154,151.57097136974335,0.9992054104804993,390.5099456310272,143.66054421663284,0.9982761144638062,381.1127805709839,144.10077393054962,0.9978569149971008,399.09401285648346,146.86309361457825,0.9978640675544739,379.37091743946075,147.90254122018814,0.9972764253616333,437.95142900943756,185.52858716249466,0.997780978679657,357.26387333869934,189.55742871761322,0.995412290096283,505.29231905937195,153.85006833076477,0.9918076992034912,301.13060373067856,166.79527693986893,0.9705135822296143,536.2517510652542,87.23283806443214,0.9809982776641846,257.10682356357574,124.87348142266273,0.9663729667663574,423.8676174879074,324.96031427383423,0.9980813264846802,375.0838348865509,326.8532130718231,0.9974479079246521,431.16713893413544,415.2891240119934,0.929127037525177,367.16187155246735,410.0054324865341,0.92484050989151,442.03107553720474,483.1000624895096,0.8298245668411255,372.5832017660141,479.0958766937256,0.8309212923049927
255,14.90639999974519,118.35710055873051,386.7711193561554,158.03744566440582,0.9991810917854309,390.8723096847534,149.47141659259796,0.9982365965843201,382.72971642017365,150.13698637485504,0.9978636503219604,399.21650475263596,152.08203172683716,0.9978692531585693,381.3121610879898,153.40644562244415,0.997383713722229,438.0058906674385,186.34462493658066,0.9978479146957397,359.64078348875046,191.51906204223633,0.9956262707710266,497.5670064687729,154.16548109054565,0.9922429919242859,302.64851838350296,169.1029806137085,0.9722987413406372,513.4068117141724,85.12077444791794,0.9820958375930786,259.65134716033936,122.29681131243706,0.9684241414070129,422.45054388046265,325.4076466560364,0.998197078704834,376.0060701370239,327.0222897529602,0.9976146221160889,430.6007912158966,416.1356233358383,0.9258279204368591,368.2080438733101,412.63522934913635,0.9226093292236328,432.58126866817474,481.2632611989975,0.8196784853935242,380.89579033851624,479.20140635967255,0.8184398412704468
256,13.87079997221008,119.08442827153237,386.72449910640717,161.73280864953995,0.9989899396896362,390.9555142521858,152.8100476861,0.9979258179664612,382.72235673666,153.64596086740494,0.997483491897583,399.38141518831253,155.0553051829338,0.9976820349693298,381.36801439523697,156.27617996931076,0.9972083568572998,438.076677441597,189.38521540164948,0.9977913498878479,359.7585651874542,194.77333575487137,0.9954388737678528,491.11467826366425,153.7183598279953,0.9927146434783936,302.20214688777924,171.2136794924736,0.9734816551208496,488.1366024017334,84.94774681329727,0.9832071661949158,260.90348356962204,117.43039777874947,0.9698739647865295,422.1857290863991,330.4088600873947,0.9981738328933716,376.1813911795616,332.01852679252625,0.9975912570953369,430.5884001851082,428.18497586250305,0.9192178845405579,369.5011001229286,431.306289434433,0.9188780188560486,433.0337955355644,494.5650659799576,0.8031208515167236,380.4500076174736,498.4926153421402,0.8035959005355835
257,14.013299951329827,118.1389872221022,386.6279400587082,166.65363073349,0.9990471601486206,391.7915742993355,157.67401826381683,0.9980558156967163,382.4347938299179,158.46221840381622,0.997627317905426,401.0106617808342,159.6885069012642,0.997836172580719,380.84159630537033,160.1957671046257,0.9973978400230408,438.14799946546555,193.12943750619888,0.9978529810905457,359.7358705997467,199.38829070329666,0.9954507350921631,481.1409422159195,155.48338043689728,0.9931024312973022,303.1143194437027,177.1163285970688,0.9745733737945557,466.2695107460022,90.00621137022972,0.9841352105140686,266.19616651535034,123.27541121840477,0.971439778804779,422.20026111602783,334.8536525964737,0.9981474280357361,375.76370906829834,336.51033866405487,0.9975066781044006,431.7296863794327,432.8774720430374,0.9113100171089172,369.39932239055634,434.89478063583374,0.9095188975334167,438.09137004613876,498.85414266586304,0.7833824753761292,380.35949689149857,501.53530192375183,0.775711715221405
258,15.590100025292486,118.2182286837075,386.684569478035,169.0473204255104,0.9991161823272705,392.601032435894,160.7010367512703,0.9982007145881653,382.42146611213684,161.1586235165596,0.9977988004684448,402.0347282886505,162.40851217508316,0.9979943633079529,380.7698996067047,162.71903902292252,0.9975968599319458,438.1527899503708,195.84868878126144,0.9978394508361816,359.76900255680084,202.20043462514877,0.9954515695571899,471.65348052978516,160.22425317764282,0.9934839606285095,304.3453402519226,180.22699570655823,0.9759507775306702,444.37945687770844,99.0073806643486,0.985086977481842,275.2034824490547,129.73608726263046,0.9733538627624512,422.3020388484001,338.17296624183655,0.9982017874717712,375.77088141441345,340.67572939395905,0.9975822567939758,432.0650203227997,434.7197322845459,0.9003578424453735,369.4041931629181,436.67249858379364,0.897084653377533,440.7946219444275,499.64101576805115,0.7552260160446167,380.1719186306,500.95858335494995,0.7416297197341919
259,13.851700001396239,114.29183666531536,386.48398464918137,171.2915072441101,0.9991826415061951,392.6099978685379,162.25584250688553,0.9983425736427307,381.0935651063919,164.092689037323,0.9979620575904846,403.62318885326385,162.5982785820961,0.9981425404548645,379.2970262169838,165.87879145145416,0.997779369354248,438.17965948581696,196.03773134946823,0.9976522326469421,359.9145101904869,203.8850337266922,0.99535071849823,453.0932151079178,177.7448770403862,0.9939352869987488,305.87176537513733,186.55851930379868,0.9775536060333252,426.57469642162323,111.33759772777557,0.9862205982208252,280.51562172174454,136.61677831411362,0.9755303263664246,422.60587334632874,340.9039497375488,0.9982360601425171,375.77925807237625,342.79205310344696,0.9976536631584167,431.85975205898285,436.5923635959625,0.9004003405570984,369.21056658029556,436.22685515880585,0.8969339728355408,439.65614581108093,509.5743160247803,0.7379739284515381,380.03759771585464,501.82797408103943,0.7235559225082397
260,13.945700018666685,101.63118416568585,386.4704963564873,170.03196740150452,0.9992381930351257,392.87976372241974,160.86136704683304,0.9984656572341919,380.83321964740753,162.5986555814743,0.998088002204895,403.84633445739746,161.93641847372055,0.998259425163269,379.1385387778282,164.56678837537766,0.9978910684585571,437.99911975860596,195.93288028240204,0.997182309627533,362.64886009693146,203.38974702358246,0.9942976236343384,444.9562152028084,204.42073476314545,0.993890643119812,312.375852227211,198.17976641654968,0.9768666625022888,416.46337443590164,153.89334785938263,0.9864330887794495,285.5848379135132,144.48090994358063,0.9762179851531982,422.6811829805374,340.0846245288849,0.997722864151001,376.5216494202614,342.0214663743973,0.9970669150352478,431.8915458917618,435.2611938714981,0.9006893634796143,369.47093880176544,434.7379187345505,0.8940359354019165,441.50302493572235,506.35130310058594,0.7338672876358032,379.96076261997223,503.9238795042038,0.7134153246879578
261,14.734699972905219,88.88727153713958,383.07744139432907,170.87462133169174,0.9992938041687012,389.32872980833054,161.54372084140778,0.9985785484313965,378.9572229385376,164.76082241535187,0.9982205033302307,400.2976021170616,162.2587680220604,0.9983642101287842,379.143730700016,166.5918179154396,0.9980283379554749,437.8621225953102,196.73442620038986,0.996745228767395,363.23375421762466,204.25395023822784,0.994033932685852,433.19268441200256,213.0452590584755,0.9939478039741516,317.47539031505585,209.8593127131462,0.977510392665863,402.87892413139343,173.77048927545547,0.9871033430099487,292.9693034887314,173.16804426908493,0.9780212640762329,424.04384845495224,340.148050904274,0.9976628422737122,377.3779954314232,341.8019622564316,0.9970435500144958,431.83280223608017,434.46240758895874,0.9019089341163635,370.464442551136,433.87802839279175,0.8952884674072266,441.68479573726654,504.85262501239777,0.7283165454864502,380.1863168478012,503.42189729213715,0.7120780944824219
262,14.762400009203702,75.9767529634078,383.62601882219315,174.02259629964828,0.9993330836296082,389.59440100193024,162.9849442243576,0.9986587166786194,379.027474462986,166.80646628141403,0.9983335733413696,400.3831885457039,162.508145570755,0.9984372854232788,378.8160775899887,168.11575496196747,0.998152494430542,437.91859143972397,197.48311680555344,0.9965288043022156,363.27183723449707,205.52562946081161,0.9943356513977051,429.6169219613075,222.912720143795,0.9909917116165161,328.31168127059937,218.22824651002884,0.9758623838424683,372.6126940250397,207.76168817281723,0.9844776391983032,308.6693817973137,209.7152687907219,0.9781861901283264,424.7663552761078,340.2191982269287,0.9977495074272156,377.4793717265129,341.9577383995056,0.9971952438354492,432.57479214668274,435.0205476284027,0.9048423767089844,371.2188502550125,434.4420496225357,0.8976755738258362,444.41170567274094,503.6518065929413,0.7329222559928894,380.0185428261757,503.38989758491516,0.7173506617546082
263,14.365200011525303,63.213619567292085,382.6998227238655,177.44416725635529,0.999359667301178,389.434923350811,166.25067871809006,0.9986969828605652,377.557304084301,169.56267857551575,0.9984095692634583,400.4646535515785,164.27202010154724,0.9984679222106934,376.7120109796524,169.83448004722595,0.9982573390007019,437.87842094898224,198.94225519895554,0.9966787695884705,361.26837080717087,208.6765148639679,0.9948181509971619,424.9442722797394,232.8148953318596,0.9907485246658325,324.7195401787758,232.98940080404282,0.9770337343215942,372.41518688201904,235.7045955657959,0.9837663173675537,329.176618039608,226.35124099254608,0.9782543778419495,424.7717345356941,340.51579117774963,0.9978151917457581,377.3937050104141,342.98785150051117,0.9973341822624207,432.61490911245346,435.53130638599396,0.9079281687736511,372.3697709441185,434.28744971752167,0.9009554982185364,444.44738006591797,503.0865488052368,0.7300171852111816,379.99710607528687,502.92507243156433,0.716650128364563
264,16.54969999799505,46.84165960947232,382.07465106248856,183.0294884443283,0.9992528557777405,389.2422066926956,171.4332891702652,0.9984599947929382,376.5931587815285,174.50631666183472,0.9981966614723206,400.4959388971329,166.94824820756912,0.9981444478034973,375.16920721530914,173.15521121025085,0.9980078339576721,437.8923106789589,200.60017782449722,0.9969066381454468,359.23260205984116,209.22731095552444,0.9952967762947083,431.76051676273346,252.41002613306046,0.9905952215194702,322.9638140797615,253.8105788230896,0.9779304265975952,380.48461151123047,275.72006356716156,0.9835003018379211,319.21184742450714,263.0950480699539,0.9792664647102356,424.68555933237076,338.9583011865616,0.9975798726081848,377.2697679400444,342.40419614315033,0.997249186038971,432.58766490221024,433.7018038034439,0.9095497131347656,373.414337515831,433.4997321367264,0.9010422825813293,444.2257063984871,496.1819107532501,0.7322893142700195,379.836905837059,501.3130532503128,0.7231837511062622
265,14.301900053396821,40.05663598842757,380.57480108737946,183.66924130916595,0.999152660369873,387.877534031868,172.44232046604156,0.9982967972755432,375.3089341521263,174.75625216960907,0.9979979395866394,400.1182934641838,168.04513543844223,0.9979764819145203,374.339757502079,173.52372056245804,0.9977068901062012,437.43480598926544,202.6248002052307,0.997134268283844,359.25058645009995,209.93266171216965,0.9957179427146912,434.385140478611,262.2004134654999,0.9897217154502869,332.2839299440384,252.86209362745285,0.9778533577919006,386.2979853749275,300.07217252254486,0.982661247253418,319.71104806661606,294.7127493619919,0.9797942042350769,424.68224078416824,337.5768849849701,0.9975544810295105,377.5539320111275,341.4812111854553,0.9972665309906006,432.5829547047615,433.94836139678955,0.912274181842804,373.2904539704323,433.29524767398834,0.9029337167739868,444.35692286491394,495.8442097902298,0.7365332245826721,379.7650485634804,501.2506523132324,0.7312429547309875
266,15.102599980309606,30.36886363732673,378.937231361866,184.97736883163452,0.9987171292304993,385.7393987774849,172.94796711206436,0.9976579546928406,373.7167268395424,175.5733304619789,0.9969773888587952,398.94253718852997,168.1002979874611,0.997310996055603,373.18380546569824,173.7086312174797,0.996231198310852,437.45752733945847,204.44389760494232,0.9973666071891785,358.66521060466766,210.58741915225983,0.9960630536079407,437.89728850126266,266.67415952682495,0.98965984582901,336.1798787713051,265.7567843198776,0.9767282605171204,399.41955173015594,314.5700606107712,0.9824845194816589,320.6767455935478,315.08516240119934,0.9792219400405884,424.68042093515396,337.586053609848,0.997346818447113,377.5207465291023,341.52367639541626,0.9969940781593323,432.57487243413925,434.83156538009644,0.9138702154159546,373.2214335203171,434.7149066925049,0.9046337008476257,444.2172494530678,495.87994933128357,0.7377350330352783,379.7044850587845,503.2462457418442,0.7336836457252502
267,13.990100007504225,25.86155425697772,376.42546504735947,186.0983237028122,0.9983595609664917,383.2988474369049,173.69073128700256,0.9970743656158447,371.08945363759995,176.72907483577728,0.9961453080177307,397.8182451725006,168.59054797887802,0.9966831803321838,370.69931012392044,174.3000226020813,0.995000958442688,438.10675847530365,207.76977103948593,0.9975728988647461,356.81131970882416,210.96272957324982,0.996362566947937,439.1421722769737,274.2625538110733,0.9897297620773315,336.07660233974457,274.7846225500107,0.9750045537948608,411.76653146743774,336.224814414978,0.9819506406784058,320.829372048378,328.89241778850555,0.9770848751068115,421.5119299888611,338.0723224878311,0.9966405630111694,374.83007299900055,341.4290043115616,0.9961233735084534,432.5930709242821,434.89767599105835,0.9122205376625061,373.1892650127411,435.2046741247177,0.9058284759521484,443.32707566022873,497.24477756023407,0.7352949380874634,379.659443795681,505.89944672584534,0.7395763993263245
268,13.881899998523295,23.86333787055473,375.8483855724335,186.36900925636292,0.9981131553649902,382.76458793878555,173.59201776981354,0.9966957569122314,370.1501439213753,177.1758040189743,0.9956105947494507,396.93626070022583,168.5864613056183,0.9962711930274963,369.39501363039017,174.72738909721375,0.9943205118179321,438.5680634379387,208.43834173679352,0.9977726340293884,355.0261816382408,213.0059757232666,0.9966670274734497,445.26735585927963,275.71059334278107,0.9895722270011902,336.94175320863724,279.00134551525116,0.9736000299453735,435.8322148323059,339.01186525821686,0.9810408353805542,321.5446529984474,334.339546084404,0.9752891659736633,420.940631210804,339.3776149749756,0.9958496689796448,374.3017815351486,341.38424694538116,0.9952619671821594,431.4576189517975,434.80614054203033,0.902489960193634,373.12575763463974,435.1362713575363,0.8994110822677612,440.1640442609787,497.04828548431396,0.7219232320785522,379.46560311317444,506.1036899089813,0.7355927228927612
269,13.763799972366542,22.759193793404073,376.19137358665466,185.56954437494278,0.9977330565452576,382.66524559259415,173.05726677179337,0.9961248636245728,370.5405282974243,176.38564348220825,0.9949366450309753,395.0234655737877,168.58392786979675,0.9955959320068359,369.66841918230057,174.20599895715714,0.9934801459312439,438.6792080402374,208.62227219343185,0.9978880286216736,354.45651537179947,214.82602316141129,0.9968622326850891,450.38276410102844,274.84750604629517,0.9885784387588501,338.5613117814064,280.77251875400543,0.9713017344474792,456.05004155635834,333.8221822977066,0.9781163930892944,320.1252778172493,338.6598081588745,0.9717729091644287,419.7393167614937,337.5232605934143,0.9946941137313843,374.56180584430695,338.85593831539154,0.9939085841178894,430.02973330020905,431.53583681583405,0.9001075625419617,373.3092679977417,433.2896982431412,0.8973525762557983,439.28612768650055,495.2416743040085,0.7215388417243958,379.0868336558342,503.98652172088623,0.7400740385055542
270,15.083899954333901,23.425695944937164,376.08563500642776,185.48431235551834,0.9977578520774841,382.5708275437355,172.97708654403687,0.996161699295044,370.35428816080093,176.3778018951416,0.9950016736984253,394.4090791940689,168.55613547563553,0.9956322908401489,369.2283636331558,174.17122453451157,0.99355548620224,438.03530263900757,208.3941272497177,0.9980499744415283,353.44197630882263,215.20495277643204,0.997080385684967,459.3706772327423,266.993945479393,0.9883299469947815,337.98792552948,278.1270990371704,0.970167338848114,475.30377650260925,321.43615424633026,0.9771167039871216,318.42639523744583,331.51223170757294,0.9699989557266235,419.9469401240349,336.9643665552139,0.9942970871925354,374.36697494983673,338.571982383728,0.9934535026550293,430.01158833503723,431.0500806570053,0.8991289138793945,373.27538669109344,432.9680423736572,0.8968997597694397,438.8350727558136,492.63938331604004,0.7213928699493408,378.89489310979843,501.93145287036896,0.7458407282829285
271,14.541600015945733,22.631160296363145,375.91261553764343,184.97925382852554,0.9977578520774841,382.04550671577454,172.59250193834305,0.9961292743682861,370.2761149406433,175.98346054553986,0.9949953556060791,393.3097298145294,168.38803899288177,0.9956178665161133,369.10592526197433,173.91712695360184,0.9935377836227417,436.5764527916908,207.92978465557098,0.9982004761695862,352.72120904922485,214.73684018850327,0.9972792267799377,467.8339385986328,262.5785287618637,0.9883948564529419,338.8674746155739,275.342099070549,0.9694058299064636,493.34699070453644,316.31089293956757,0.9768688082695007,317.3325856924057,323.34398221969604,0.9689521193504333,420.03514927625656,336.4404580593109,0.9942002296447754,373.9153312444687,338.01275658607483,0.9933335185050964,429.9223354458809,430.0907529592514,0.8987723588943481,373.295057117939,432.96035158634186,0.8977533578872681,438.76757776737213,490.871768951416,0.7223280072212219,378.8689870238304,501.18505442142487,0.7534317374229431
272,14.86640004441142,23.442109849069226,375.52193677425385,185.3845734000206,0.997847855091095,381.5415155887604,172.89399588108063,0.9962521195411682,369.7861205935478,176.43816703557968,0.9951726198196411,392.9240288734436,168.4655048251152,0.995754599571228,368.3330514431,174.049740254879,0.9937821626663208,436.5865690112114,207.5938782095909,0.9983429312705994,352.6210103034973,213.80082613229752,0.9974848031997681,476.4607187509537,261.84425461292267,0.9885980486869812,338.6104744672775,271.3393609523773,0.9691987037658691,508.97938668727875,306.8181993961334,0.9769816398620605,314.5671377778053,317.4856230020523,0.9687946438789368,420.09560573101044,336.40327084064484,0.994178056716919,373.97814279794693,338.0010243654251,0.993351399898529,429.9280358552933,430.1954381465912,0.8989351391792297,373.2803645133972,432.9616183042526,0.8987032175064087,439.0815017223358,491.35046768188477,0.7265583276748657,378.8509758710861,499.7097804546356,0.761766791343689
273,14.41910001449287,22.97551088856344,375.28784531354904,185.51316034793854,0.9978839159011841,381.16293346881866,172.89509671926498,0.9962493181228638,369.4454073905945,176.56453722715378,0.9952044486999512,392.77474772930145,168.39491546154022,0.9957648515701294,367.9642376303673,173.99181807041168,0.9938144087791443,436.5917074084282,207.28769439458847,0.9984649419784546,352.80053305625916,210.16226941347122,0.9976614713668823,483.1276820898056,251.94453746080399,0.988835334777832,338.4645653963089,270.0099103450775,0.9683358073234558,529.0457377433777,302.9552526473999,0.9773448705673218,312.32195258140564,315.685737490654,0.968140721321106,420.183226108551,336.2726480960846,0.994118332862854,374.1499579548836,337.67792081832886,0.9932908415794373,429.9447891712189,430.4276999235153,0.9009503722190857,373.14438432455063,433.14767503738403,0.9015505313873291,439.94959646463394,491.5921092033386,0.7354899644851685,378.82482892274857,499.5613331794739,0.7717107534408569
274,14.10919998306781,26.464113060269128,374.7053330540657,185.69193345308304,0.9979641437530518,380.4063044786453,172.9354658126831,0.9963219165802002,368.6840146780014,176.93918412923813,0.9952934384346008,392.3455577492714,168.32865405082703,0.9958386421203613,367.2719724178314,174.21494138240814,0.9938497543334961,435.48296439647675,202.94639575481415,0.9985840320587158,352.915558218956,207.88164937496185,0.9978087544441223,486.50093281269073,237.57246160507202,0.9890055060386658,338.13142597675323,256.36705684661865,0.9662680625915527,535.3634506464005,273.55295050144196,0.9775922298431396,304.7012277841568,288.9471319913864,0.9659196138381958,420.2319605946541,334.7955946922302,0.9941310286521912,374.32078289985657,335.7031980752945,0.9932260513305664,429.95289820432663,430.25150549411774,0.895767867565155,373.0680041909218,432.5300294160843,0.8976066708564758,440.8392885327339,491.8539880514145,0.7379643321037292,378.77178567647934,497.18026542663574,0.7714447975158691
275,14.263999997638166,41.55269733372587,373.3058959245682,186.0567934513092,0.9980074167251587,379.05747520923615,173.19315242767334,0.9963551163673401,367.105001270771,177.3439155817032,0.9953447580337524,391.6590464711189,168.3258039355278,0.995914876461029,366.10312086343765,174.48330461978912,0.9939742684364319,434.61561900377274,197.5834589600563,0.9986621737480164,352.3037945628166,207.84434151649475,0.9978914260864258,493.01374423503876,226.38735753297806,0.9890156984329224,326.18371576070786,249.99312835931778,0.9645292162895203,540.2423588037491,247.7273319363594,0.9772689938545227,296.8345825076103,265.85516607761383,0.9631328582763672,420.2964046597481,334.2497297525406,0.9939850568771362,374.2803983092308,335.5305323600769,0.9930353164672852,429.9661456346512,430.25328493118286,0.888824462890625,372.6572535634041,432.49658203125,0.8924219608306885,441.4646475315094,491.99944949150085,0.7357359528541565,378.7256471514702,497.86447405815125,0.7690230011940002
276,15.639599994756281,57.44620911378157,373.1237236857414,185.90861761569977,0.9981691241264343,378.75516617298126,173.12753945589066,0.996647298336029,366.9016599059105,177.23169040679932,0.9957082867622375,390.52755534648895,168.31720834970474,0.9962496161460876,365.6057668328285,174.42824763059616,0.9944606423377991,432.6004573702812,193.80972534418106,0.9987483620643616,350.8768188357353,206.6616793870926,0.9979801177978516,497.7849601507187,215.50180208683014,0.9894925951957703,320.93610084056854,234.55728089809418,0.9632198214530945,559.1849530935287,225.79291999340057,0.9775898456573486,283.18713331222534,251.76499527692795,0.9611451625823975,420.48125314712524,331.70118379592896,0.9938775300979614,374.2861254811287,333.9455666542053,0.9927704930305481,429.8109232187271,428.9997469186783,0.8826006650924683,372.5579112172127,430.5612783432007,0.8848577737808228,439.53839087486267,484.60489320755005,0.7316901683807373,378.0449700951576,495.5133852958679,0.7621154189109802
277,13.45160003984347,73.66976630605274,371.7737971544266,185.83570593595505,0.9982750415802002,377.07846969366074,173.06479167938232,0.9968688488006592,365.9191020131111,177.13056409358978,0.9959551692008972,388.9209498167038,168.29665434360504,0.9965280294418335,365.0980289578438,174.31407713890076,0.9948510527610779,431.15766501426697,191.24032378196716,0.9987999200820923,350.93128049373627,204.34488248825073,0.997972846031189,496.9824067354202,199.7849845290184,0.9899815917015076,317.9716203212738,220.9029062986374,0.9605334997177124,566.7136149406433,206.3264515399933,0.9776405692100525,279.96040719747543,225.33462446928024,0.9579533934593201,420.5596137046814,328.2902442216873,0.9940630793571472,374.2049281001091,331.8616347312927,0.9928319454193115,429.20314717292786,422.5549877882004,0.8770250082015991,372.4266679883003,425.9407136440277,0.8738871216773987,437.28448110818863,480.44285023212433,0.7292478084564209,378.47659546136856,494.5383744239807,0.7503136992454529
278,14.106700022239238,93.22848690036581,371.2309468984604,184.6060546040535,0.9983649253845215,376.41687428951263,172.16456240415573,0.9970499873161316,365.7048683166504,176.206312417984,0.9961591958999634,387.91537618637085,167.51315915584564,0.9967678189277649,364.9531903862953,173.33199375867844,0.995184063911438,430.75968009233475,190.11763471364975,0.9988279342651367,350.6884644627571,202.22151643037796,0.9978408813476562,497.2373996973038,190.28895831108093,0.9905146360397339,310.9934360384941,207.1057846546173,0.9592489004135132,569.142578125,186.46075582504272,0.9781947135925293,262.0309335589409,208.7924044728279,0.9566277265548706,420.82424116134644,328.4151064157486,0.9942707419395447,374.0984401702881,331.76847064495087,0.9928426742553711,428.95813661813736,422.5928385257721,0.8749021291732788,372.30896657705307,423.91312050819397,0.8656563758850098,436.57714861631393,481.5810264348984,0.7300248146057129,379.688374042511,491.27123749256134,0.7375718355178833
279,14.732300012838095,101.8729100406256,371.07989943027496,184.59317630529404,0.9983190894126892,376.15834867954254,172.18630772829056,0.9969017505645752,365.67417174577713,176.1620376110077,0.9959560632705688,388.0203118920326,167.40645325183868,0.996665894985199,364.5559012889862,173.14263451099396,0.9950498938560486,431.04609221220016,189.86733728647232,0.9986366033554077,349.7186455130577,198.87033879756927,0.9973387718200684,503.2310724258423,181.67934811115265,0.9909278154373169,297.8474355340004,197.51781582832336,0.960435688495636,572.6396321058273,168.2128096818924,0.9789928197860718,247.43320202827454,193.93624633550644,0.9578317999839783,421.1592539548874,328.88225388526917,0.9939791560173035,374.10775351524353,332.02730333805084,0.9923277497291565,428.95406872034073,422.62963366508484,0.8714243173599243,372.22578877210617,422.8327307701111,0.8600214123725891,436.280941426754,477.92645478248596,0.731598436832428,380.803887963295,487.33868157863617,0.7326066493988037
280,15.185599972028285,107.13696807942881,371.23525565862656,185.3296521306038,0.9983698725700378,376.28993982076645,173.22400605678558,0.996955931186676,365.75370985269547,176.74308413267136,0.9960792064666748,388.3084635734558,167.6321250796318,0.9967437982559204,364.32713556289673,173.24854117631912,0.9953092336654663,431.2675785422325,189.3691250681877,0.9984694719314575,349.2357967495918,197.4205198287964,0.9972392916679382,505.2017012834549,174.00507336854935,0.991299569606781,294.4325959086418,191.00463885068893,0.9628420472145081,568.4861478805542,148.8967489004135,0.9798190593719482,239.9067347049713,183.12900120019913,0.9601463675498962,421.56192231178284,329.22481060028076,0.9939074516296387,374.11230313777924,332.1713774204254,0.992385983467102,428.9963266849518,423.23425018787384,0.8687135577201843,372.0067378282547,423.6258771419525,0.8598508238792419,435.4451222419739,476.71866941452026,0.7215983271598816,381.27512180805206,480.0489612817764,0.7256689071655273
281,13.480000023264438,111.05350079481288,371.2644000053406,185.31425547599792,0.9984196424484253,376.1948794722557,173.29233342409134,0.997008204460144,365.7667164206505,176.7022626399994,0.9962118268013,388.4694399237633,167.62865668535233,0.996804416179657,364.35812652111053,173.2407146692276,0.995570182800293,431.40979439020157,189.41361099481583,0.9983483552932739,349.0865423679352,196.65680956840515,0.9972316026687622,504.16636776924133,168.1202186346054,0.9916284084320068,291.3696294426918,185.85696870088577,0.9652431011199951,561.4840646982193,131.02844113111496,0.9806179404258728,235.60421019792557,170.36439037322998,0.9624687433242798,422.2594329714775,329.3704228401184,0.9941352009773254,374.13553297519684,332.40369951725006,0.9927462339401245,429.00705844163895,423.6113098859787,0.8684324622154236,371.81613540649414,423.99307453632355,0.8607133626937866,431.48574632406235,477.91200816631317,0.7181835174560547,381.30011796951294,476.78894209861755,0.7200655341148376
282,14.706599991768599,113.63911141821075,372.1878128051758,185.51513582468033,0.9984811544418335,376.996522963047,173.4374178647995,0.9971056580543518,366.40160286426544,176.94031512737274,0.996394693851471,389.1228727698326,167.66597962379456,0.9969204664230347,364.47826331853867,173.38869446516037,0.9958734512329102,431.8395463824272,189.55400556325912,0.9982662796974182,348.9976373910904,195.88922375440598,0.9972442984580994,502.39752805233,164.27202010154724,0.9919214844703674,287.692383646965,181.479734480381,0.9674452543258667,554.1653277873993,117.53873232007027,0.9813063144683838,229.50685960054398,156.40288192033768,0.9644240736961365,422.83421087265015,329.5410678386688,0.9944176077842712,374.11690628528595,332.5904800891876,0.9931380152702332,429.30182045698166,423.73873567581177,0.8659102916717529,371.68325966596603,424.32878494262695,0.8613865375518799,430.93261927366257,477.91906559467316,0.7081041932106018,381.46912306547165,476.46517503261566,0.7116764187812805
283,14.754000003449619,117.32532490742591,374.0064039826393,186.94207847118378,0.9985689520835876,379.7013003230095,174.67257338762283,0.9972639083862305,367.64870792627335,178.48682689666748,0.9966241121292114,391.1889634132385,168.1587479710579,0.9970905780792236,364.56457233428955,174.42322599887848,0.9961943030357361,431.8710993528366,189.74547600746155,0.9982588291168213,348.0189868211746,195.78183925151825,0.9973413348197937,500.8742073774338,163.25489085912704,0.9921910762786865,286.55947411060333,177.52363872528076,0.9695634841918945,531.8835246562958,110.37073758244514,0.9820881485939026,227.79274916648865,146.37346190214157,0.9663870334625244,423.358782351017,329.4717301130295,0.9946464896202087,374.0488492846489,332.4962604045868,0.9934743046760559,429.6728020310402,423.676756978035,0.8610065579414368,371.73376047611237,424.5420459508896,0.8620233535766602,431.4693676829338,476.55429768562317,0.6986927390098572,380.8851121068001,478.53251898288727,0.7078076004981995
284,13.710299972444773,118.90470397826904,374.64319056272507,186.85772109031677,0.9984748959541321,380.13881343603134,174.99938660860062,0.9971113204956055,369.0818390250206,178.40501803159714,0.9963682889938354,391.2649421095848,169.2436466217041,0.9969655275344849,366.8056896328926,174.4414426088333,0.9961788654327393,432.00994312763214,189.88673013448715,0.9982296824455261,348.7701830267906,196.39747923612595,0.9973142147064209,494.3313684463501,162.73656195402145,0.992585301399231,288.188560128212,177.02532094717026,0.971088707447052,507.5527856349945,102.66950738430023,0.9831827282905579,234.30336606502533,140.81094163656235,0.9681954979896545,423.3492549061775,329.5178145170212,0.9946813583374023,375.6536884903908,332.51806604862213,0.993565559387207,429.68813693523407,423.7943506240845,0.8512530326843262,372.8225654363632,424.70180320739746,0.8582635521888733,431.6877495646477,480.4189032316208,0.6883299350738525,380.79064053297043,478.76073932647705,0.6987228393554688
285,14.64870001655072,114.71093688506267,378.972584605217,187.09218454360962,0.9982779622077942,383.7244780063629,176.16828072071075,0.996770441532135,374.84944903850555,178.58560073375702,0.9958342909812927,392.3641309142113,171.65464812517166,0.9966472387313843,373.34124916791916,174.62142211198807,0.9959068298339844,432.11131942272186,191.2418920993805,0.9980642795562744,354.2528260946274,196.89073014259338,0.9970237016677856,482.9582220315933,165.48547554016113,0.9928127527236938,291.4148580431938,180.42018526792526,0.9716602563858032,487.03034830093384,104.75144875049591,0.9839469790458679,240.62097191810608,141.82256668806076,0.9690992832183838,420.9644498229027,329.56260204315186,0.9944588541984558,378.2232885360718,332.50913870334625,0.9932634234428406,427.8004717826843,424.00287652015686,0.8406269550323486,375.8240852355957,424.73588395118713,0.8504033088684082,431.81083023548126,484.75267696380615,0.6811718940734863,385.00393891334534,486.98375928401947,0.6841101050376892
286,15.642799960915,112.01435580463536,379.504596054554,187.76025760173798,0.9982795119285583,385.56688779592514,177.33732563257217,0.996795654296875,375.01644694805145,179.3610582947731,0.9957413077354431,395.8198368549347,173.61457741260529,0.9966759085655212,373.4349178671837,175.6060841679573,0.9959328770637512,433.36532920598984,194.10687625408173,0.998050332069397,355.52741622924805,198.04544907808304,0.9969339370727539,474.52081322669983,166.52112299203873,0.9932177662849426,292.1072570681572,183.7830046415329,0.9722037315368652,464.47647774219513,111.31966009736061,0.9848654270172119,241.37666422128677,142.6815522313118,0.9700669050216675,422.5946063399315,332.51272773742676,0.9942210912704468,378.11597096920013,335.38320100307465,0.9930040836334229,430.78486359119415,425.5064103603363,0.8207399845123291,375.57613080739975,427.0696609020233,0.8356277346611023,440.3833628296852,485.8992074728012,0.6542924642562866,384.5922783613205,492.8574095964432,0.6532610654830933
287,14.494300005026162,111.97303482231538,380.0644940137863,187.30431455373764,0.9983026385307312,386.4062931537628,177.27598029375076,0.9969164133071899,374.8776031732559,179.31880420446396,0.9957805275917053,397.8774973154068,173.60311663150787,0.9967831969261169,373.09423142671585,176.5276666879654,0.9960252642631531,433.6760149002075,196.34270876646042,0.9978799223899841,357.14325481653214,200.89024114608765,0.9965220093727112,461.08042538166046,169.88067001104355,0.9932390451431274,298.82860177755356,187.02491277456284,0.970634400844574,441.684394299984,122.80665019154549,0.9852346181869507,256.12233877182007,148.93049788475037,0.9693750739097595,424.5247703194618,336.39434349536896,0.9942985773086548,378.0649349093437,339.256010055542,0.9931186437606812,433.48080933094025,430.3220194578171,0.7909625172615051,375.5746856331825,431.55643606185913,0.8147843480110168,441.14761912822723,492.17003417015076,0.6188474297523499,382.2290706038475,498.1774137020111,0.621488630771637
288,14.782299986109138,109.32044603505358,382.5359827876091,184.91116774082184,0.9983052015304565,390.83377170562744,174.8011150956154,0.9969448447227478,377.55045288801193,176.8436223268509,0.9957579374313354,401.6304809451103,173.5492358803749,0.9967622756958008,375.8487067222595,175.02644008398056,0.9959574341773987,434.4033924937248,200.3366703391075,0.9969885349273682,360.05597668886185,202.16103065013885,0.9951182007789612,455.28094124794006,188.39254587888718,0.9931172728538513,306.3511617779732,191.09825533628464,0.9705621600151062,421.39503145217896,140.04821157455444,0.9853289723396301,268.61482614278793,157.50923937559128,0.9703895449638367,426.7104089856148,339.64431941509247,0.9943980574607849,379.1034531593323,343.3961569070816,0.9932639598846436,434.1427258849144,431.8651533126831,0.7948692440986633,376.7533054947853,432.7431094646454,0.8201361894607544,440.733389377594,497.02958631515503,0.6203235387802124,382.22553795576096,499.1215407848358,0.6293385028839111
289,14.560999989043921,101.25878327230367,379.57864785194397,180.94858759641647,0.9972155094146729,384.46689611673355,171.55374801158905,0.9957273006439209,377.02700543403625,172.49547737836838,0.9923444390296936,393.1355863213539,171.71899437904358,0.9952178001403809,377.57981133461,172.0966723561287,0.9911580085754395,432.3599964380264,199.9064386487007,0.9939141869544983,364.28725945949554,203.50542551279068,0.9836191534996033,442.47479754686356,202.28669208288193,0.9919928908348083,321.05554181337357,201.62555581331253,0.9574767351150513,422.21321415901184,182.1720712184906,0.9832000136375427,279.1078882217407,175.6971822977066,0.9647607803344727,425.6091594696045,338.92943811416626,0.9942694306373596,385.7117263674736,342.39725935459137,0.9930688738822937,432.9935179948807,431.5688318014145,0.8025450110435486,380.1538807153702,432.4560168981552,0.8295788168907166,437.11191660165787,494.4955472946167,0.631038248538971,383.55643635988235,498.69667756557465,0.6505503058433533
290,13.726500037591904,84.62103884743954,378.3654776215553,181.39855897426605,0.99739009141922,383.6637806892395,171.66438978910446,0.9959774017333984,375.87605798244476,172.83302754163742,0.9928833246231079,393.42411267757416,171.19764947891235,0.9954574704170227,377.1632264852524,172.89450860023499,0.9918062090873718,436.20506978034973,198.9172375202179,0.9936535954475403,362.877946972847,204.15443748235703,0.9847471117973328,431.415922999382,214.06342881917953,0.9904568195343018,319.7878831624985,215.10845601558685,0.9553677439689636,382.81821995973587,195.48675429821014,0.9826177358627319,292.71819108724594,203.87787073850632,0.9657832384109497,427.82822448015213,338.6698514223099,0.9946151971817017,384.43405854701996,342.05768847465515,0.9935528635978699,435.99444901943207,432.869660615921,0.8095840215682983,379.5388787984848,433.8190656900406,0.835549533367157,438.2675474882126,493.8943991661072,0.6318053007125854,383.32360273599625,501.9868265390396,0.6627992391586304
291,15.544100024271756,74.10303397369331,378.63510966300964,185.6110897064209,0.9973889589309692,384.0327818393707,175.03220063447952,0.9958884716033936,375.58207207918167,176.94278824329376,0.9930737614631653,395.0034472346306,171.36978739500046,0.995266318321228,376.7463204860687,174.42220056056976,0.9921479821205139,439.89807868003845,199.31534886360168,0.9932717084884644,362.1460465192795,206.3166646361351,0.9860174059867859,428.0705052614212,230.8546644449234,0.9861441254615784,318.8123370409012,226.3001952767372,0.9540637135505676,382.55038100481033,229.33678954839706,0.9798946380615234,299.1629990339279,230.80726808309555,0.9653796553611755,429.4741441011429,339.9622656106949,0.9948027729988098,383.6816580295563,344.4706654548645,0.9939320087432861,438.041431248188,434.42702996730804,0.8141838312149048,379.2391389608383,436.15383791923523,0.8383371233940125,442.80491280555725,495.72182071208954,0.6241363286972046,383.21596401929855,503.3905611038208,0.6602758169174194
292,14.283500029705465,57.75495048148761,378.6155462861061,186.60823798179626,0.9974373579025269,384.05614548921585,175.3274816274643,0.9958773255348206,375.4410070180893,177.7986673116684,0.9933751225471497,395.87882137298584,171.27864402532578,0.9953274130821228,376.3424478173256,174.88201916217804,0.9925580024719238,440.8435972929001,199.3123630285263,0.9937975406646729,362.0695860981941,207.6008903980255,0.9873771667480469,435.5135271549225,242.90670120716095,0.9859010577201843,318.2980423569679,245.73196470737457,0.9568515419960022,385.9843022823334,265.7632083892822,0.9794595241546631,311.27618169784546,253.78690326213837,0.9669572114944458,429.7372996211052,339.59983348846436,0.9951592087745667,383.2132074832916,343.9391566514969,0.9944325089454651,437.8240931034088,434.1007596254349,0.8255252838134766,379.140385389328,435.5946422815323,0.8492383360862732,442.3275235891342,487.00960636138916,0.6222746968269348,383.1376837491989,502.2671331167221,0.6731606125831604
293,14.87679994897917,45.92787938127832,377.9467517733574,186.64011704921722,0.9971858859062195,383.3624886274338,175.3115270137787,0.9955536127090454,375.2063267827034,177.79360044002533,0.9928359389305115,395.99689745903015,171.00452023744583,0.9950502514839172,376.0208162665367,174.79895865917206,0.9916870594024658,440.6972332596779,200.0110182762146,0.9943644404411316,362.4293006658554,207.36482846736908,0.9885764122009277,439.0786916613579,253.34439647197723,0.9868213534355164,331.59755247831345,247.7701439857483,0.9587958455085754,391.7066301703453,289.40061700344086,0.9805668592453003,316.74795919656754,288.1436709165573,0.9686457514762878,429.5398460030556,338.95181679725647,0.9954968690872192,382.9125844836235,343.09238588809967,0.9948539733886719,437.6654718518257,433.84865260124207,0.836765468120575,378.9003794193268,433.80202531814575,0.8596481084823608,441.9364969134331,488.2632348537445,0.6226559281349182,383.0184836387634,501.65081453323364,0.681816577911377
294,14.618299959693104,36.217660737004685,377.94327265024185,186.78286409378052,0.9962965846061707,383.31576132774353,175.498865544796,0.9942668080329895,375.055332839489,177.75513142347336,0.9906735420227051,396.11029011011124,170.99043554067612,0.9936343431472778,375.9975596666336,174.58130937814713,0.9887458086013794,440.74607479572296,201.18977469205856,0.9948741793632507,362.85439598560333,207.1615051627159,0.9896518588066101,439.84209156036377,266.7202740907669,0.9874952435493469,337.5625893473625,255.01944994926453,0.9597581028938293,401.7502965927124,313.4350210428238,0.9812401533126831,324.26080441474915,308.4865573644638,0.9694247245788574,429.329921066761,338.8182383775711,0.9954761266708374,382.7275218963623,342.35829269886017,0.9948117733001709,437.4517734050751,433.8713027238846,0.8449156880378723,378.7755056619644,433.7244840860367,0.8656956553459167,445.95737302303314,495.3962742090225,0.6304121017456055,382.9152607321739,501.88398110866547,0.6811488270759583
295,14.257800008635968,28.72665166767316,377.4657496213913,186.98363888263702,0.9959225654602051,383.1209036707878,175.66587626934052,0.9936026930809021,374.5956336259842,177.7879605293274,0.9895653128623962,396.3920187950134,170.98194551467896,0.992826521396637,375.8587961792946,174.59923946857452,0.9870101809501648,441.2571312189102,204.05193889141083,0.9953258037567139,362.7084869146347,207.54963356256485,0.9905887842178345,442.2274051308632,270.74813544750214,0.9878365993499756,341.45048266649246,264.9012370109558,0.958454430103302,406.5315752029419,324.625568985939,0.9811233878135681,327.8597164154053,320.28600454330444,0.9687316417694092,428.6457113623619,339.7612495422363,0.9951144456863403,382.5667596459389,342.2105692625046,0.9943139553070068,437.280413210392,433.8239516019821,0.8527383804321289,378.14575761556625,433.68554759025574,0.8710154294967651,446.1409904360771,497.63613307476044,0.6464868187904358,382.88250344991684,501.87107264995575,0.6892827749252319
296,14.015399967320263,23.72106229323792,377.3220618367195,187.46870136260986,0.9954366087913513,383.1208501458168,175.79070830345154,0.9926982522010803,374.1850970983505,177.99220371246338,0.9885799884796143,396.61666309833527,170.97312372922897,0.9919387698173523,375.4666722416878,174.69341391324997,0.9858439564704895,441.6379613876343,206.2094007730484,0.9957287311553955,362.494413793087,210.11294281482697,0.9914527535438538,447.53927677869797,273.6307933330536,0.9882967472076416,343.98660284280777,275.3817594051361,0.9584577083587646,426.29497492313385,340.1139098405838,0.9810232520103455,332.76329958438873,329.522851228714,0.9682651162147522,427.6848846077919,341.8035305738449,0.995039165019989,380.9019457101822,342.94433069229126,0.9942005276679993,437.18005388975143,434.82649850845337,0.858767032623291,377.2381882071495,434.11300456523895,0.8742325901985168,446.38956040143967,501.2961938381195,0.6506086587905884,384.29467952251434,509.32766795158386,0.6872751116752625
297,14.765100029762834,22.680013434722174,377.315558552742,187.875559091568,0.9951573014259338,383.221932053566,175.8162688612938,0.9921302199363708,373.853028178215,178.14259630441666,0.9879068732261658,396.81957626342773,170.93103551864624,0.99139803647995,374.8466925024986,174.72031658887863,0.9849551916122437,443.41804134845734,207.96644407510757,0.9960910677909851,360.78710103034973,211.54949140548706,0.9922120571136475,454.11634492874146,284.3944573402405,0.9887362122535706,343.24964427948,280.55500519275665,0.9578548073768616,441.99178820848465,354.09015142917633,0.9809648990631104,333.4923899769783,338.4770690202713,0.9670870900154114,427.63625717163086,343.1782512664795,0.9947784543037415,380.2648379802704,343.1278238296509,0.9937648177146912,437.183586537838,435.73389077186584,0.8633301854133606,376.4637354016304,434.36297023296356,0.8770847916603088,446.67310893535614,501.3328683376312,0.650905966758728,384.8671826124191,508.12507009506226,0.6811959743499756
298,14.548400009516627,21.293926107473375,377.34111672639847,188.1706440448761,0.9948395490646362,383.2987671494484,175.81281554698944,0.9916286468505859,373.7524012327194,178.2430892586708,0.9874790906906128,397.0896097421646,170.87922072410583,0.9907938838005066,374.7549774646759,174.77464973926544,0.9844354391098022,445.3882420063019,208.5204371213913,0.9964041113853455,360.7341648340225,213.57016283273697,0.9928907752037048,465.34138774871826,275.83889377117157,0.9884999394416809,345.613012611866,281.03644847869873,0.9563081860542297,467.2220946550369,339.2341742515564,0.9792360663414001,332.17144721746445,342.9707508087158,0.9643617272377014,429.2027457356453,343.1303572654724,0.994189441204071,380.3385953903198,342.27076852321625,0.9930102825164795,437.12802761793137,434.25704848766327,0.8629757165908813,376.4489625096321,431.9608508348465,0.8736121654510498,446.956095457077,500.3268530368805,0.6510695219039917,384.89308869838715,507.3670902252197,0.6752215027809143
299,13.904099992942065,21.012767614519838,377.40157318115234,188.10295003652573,0.9946019053459167,383.30893689394,175.55312329530716,0.9912177920341492,373.76230335235596,178.08689087629318,0.9871491193771362,396.9639598727226,170.7512218952179,0.9902862906455994,374.7833189368248,174.72894233465195,0.9839841723442078,444.89789974689484,207.93527376651764,0.9966885447502136,360.6745647788048,214.30905145406723,0.9934651851654053,470.1621142625809,267.7431186437607,0.98799067735672,346.6081488728523,279.1126055717468,0.9521551132202148,484.2979520559311,323.3823456764221,0.9766393303871155,329.6518127322197,338.9034402370453,0.958845853805542,427.97349125146866,342.3760267496109,0.9934751987457275,380.3357853293419,341.81339287757874,0.9921196103096008,435.16628390550613,433.11471021175385,0.8619416952133179,376.6532673239708,430.90039682388306,0.8708493113517761,437.0257949233055,503.0098520517349,0.6544228792190552,384.7684825658798,500.9166007041931,0.6777523159980774
300,16.34229999035597,21.998116555527123,377.3980940580368,187.27361172437668,0.9946292042732239,383.2458577156067,174.5482691526413,0.9911714792251587,373.73010808229446,177.23669695854187,0.9872903823852539,396.54485934972763,170.28908097743988,0.990271806716919,374.85833418369293,174.2247735261917,0.9840785264968872,444.7610363960266,207.48857474327087,0.9969616532325745,360.6741901040077,213.8936886191368,0.9939967393875122,477.4030793905258,264.227343082428,0.9879668354988098,346.14403384923935,275.7289305925369,0.9503944516181946,501.9320213794708,320.1694061756134,0.9760776162147522,327.07033014297485,327.8535281419754,0.9568742513656616,427.90131282806396,341.9825600385666,0.9935540556907654,380.38061249256134,341.56445264816284,0.9921855926513672,434.98462015390396,433.27555322647095,0.8641051054000854,376.670743227005,431.3520722389221,0.872704029083252,434.2974665760994,502.9239866733551,0.6580649614334106,384.70294123888016,498.8034739494324,0.683598518371582
301,14.113399956841022,23.412838314959608,377.4224746823311,187.14344137907028,0.9949073791503906,383.26881992816925,174.28967773914337,0.9915865063667297,373.714050590992,177.15977400541306,0.9879786968231201,396.7179591059685,170.0172945857048,0.9907106757164001,374.8232753276825,174.18138843774796,0.9849231243133545,444.5067392587662,207.42326337099075,0.9972295761108398,361.0140201449394,213.31644225120544,0.9945303797721863,482.10021674633026,259.7095031738281,0.9881315231323242,345.6163311600685,271.6268757581711,0.9505824446678162,515.0676380395889,311.92035818099976,0.9763820767402649,325.06119006872177,319.2234996557236,0.9571405649185181,427.87674486637115,341.17158913612366,0.9938467741012573,380.3159543275833,340.63296258449554,0.9925605058670044,434.820325255394,433.299560546875,0.8637735843658447,376.50786674022675,431.42521011829376,0.8731927275657654,431.7530767917633,502.2712951898575,0.6578608751296997,384.3242253065109,497.79842376708984,0.6874037384986877
302,14.902599970810115,23.804467305341625,377.4095216393471,187.1024992465973,0.9950037598609924,383.2760993242264,174.2324793934822,0.9916483163833618,373.5925221443176,177.14656394720078,0.9881651997566223,397.05299866199493,169.95463728904724,0.9908169507980347,374.7632470726967,174.17626124620438,0.98508220911026,444.57302993535995,206.72276836633682,0.9974560141563416,361.60680919885635,211.61560201644897,0.9949713349342346,489.5164226293564,252.96513509750366,0.9885833859443665,345.3107571005821,270.4023516178131,0.949867844581604,535.6282386779785,310.16634595394135,0.9769680500030518,319.66978031396866,312.4378727674484,0.9565728306770325,427.72510862350464,340.96348547935486,0.9941048622131348,380.32853269577026,339.779797911644,0.992844820022583,434.22226399183273,433.4317817687988,0.8690579533576965,375.1987529993057,431.43232786655426,0.8789166808128357,428.05971997976303,502.0054050683975,0.6701074838638306,383.53590953350067,495.56878912448883,0.7001028060913086
303,14.786800020374358,27.502310818921877,376.99978798627853,186.9377052783966,0.9953137636184692,382.989954829216,174.11373966932297,0.9921262264251709,372.9325860142708,177.0895164012909,0.9887905716896057,397.06407833099365,169.9488918185234,0.9913629293441772,374.54387497901917,174.18434411287308,0.9857537746429443,444.4664617180824,205.9359405040741,0.9976756572723389,362.5645850300789,210.707681953907,0.9953262209892273,494.9857647418976,241.84353280067444,0.9891240000724792,344.4658119082451,261.43745720386505,0.9465051293373108,551.2975668907166,285.6568623781204,0.9776397347450256,305.7316102385521,291.5316889286041,0.9535825848579407,427.48349690437317,340.87071347236633,0.9943338632583618,380.32647198438644,339.24581599235535,0.9930061101913452,433.7964996099472,433.08762657642365,0.86468905210495,374.1102691888809,430.52137672901154,0.8761388063430786,428.0686318874359,498.4738256931305,0.6601382493972778,383.3201771378517,488.3860160112381,0.6859610676765442
304,14.335000014398247,39.21537871071736,376.6005987524986,186.61841696500778,0.9956872463226318,382.5424860715866,173.8093051314354,0.9927221536636353,372.1387571692467,176.93521809577942,0.9896275997161865,396.99112379550934,169.73434901237488,0.9920118451118469,373.7825893163681,174.13459527492523,0.9867909550666809,444.42029643058777,202.31626391410828,0.9978718161582947,361.7662333250046,209.8509584069252,0.9956608414649963,504.24772572517395,232.83066898584366,0.9894669651985168,336.1400829553604,251.7639547586441,0.9459162950515747,559.9058274030685,258.13937616348267,0.9780973196029663,291.8216745853424,270.5079114437103,0.9522132873535156,427.4100606441498,339.70243763923645,0.9945691823959351,379.37410217523575,338.8398630619049,0.9931580424308777,433.56339836120605,432.9865907430649,0.8628077507019043,373.7928125858307,431.42873883247375,0.8729835748672485,435.42879712581635,493.87057280540466,0.660337507724762,383.2524145245552,486.3390300273895,0.6674282550811768
305,15.296500001568347,52.586523666930695,376.54926830530167,186.34982752799988,0.9960355758666992,382.4101991057396,173.63105982542038,0.9932937622070312,371.7293981909752,176.75554019212723,0.9904179573059082,396.78288489580154,169.65373146533966,0.9926422238349915,372.99614691734314,174.09488970041275,0.9878098368644714,442.5963795185089,198.02394503355026,0.9980369806289673,360.5290036201477,209.5647103190422,0.9958827495574951,505.1326540708542,220.73827821016312,0.9898624420166016,327.94134199619293,242.87629997730255,0.9447669386863708,569.0808638334274,236.90462982654572,0.9782120585441589,283.2771890759468,255.8992760181427,0.9494785666465759,427.3875533938408,338.11943233013153,0.9946061372756958,379.1061829328537,338.22824943065643,0.9929971694946289,433.5778768658638,432.7066159248352,0.8594135046005249,373.740063726902,431.4368518590927,0.8668991327285767,435.4620896577835,494.2233839035034,0.6576331257820129,382.94823211431503,485.47398233413696,0.6476191878318787
306,14.447900000959635,74.26246026154617,376.5134868621826,184.58005672693253,0.9963824152946472,382.1838420033455,172.63608306646347,0.9938790798187256,371.5694923400879,175.62436109781265,0.9912381768226624,395.8404172062874,169.3335081934929,0.9932846426963806,372.6839625239372,173.58090382814407,0.9888907074928284,441.3718084692955,195.8674482703209,0.9981492161750793,358.51282501220703,209.1684085726738,0.995991587638855,507.8494210243225,209.68655651807785,0.9901157021522522,316.9753600358963,228.37007266283035,0.9455411434173584,577.5555795431137,216.81980699300766,0.9779139161109924,270.40882259607315,233.46423906087875,0.9480206370353699,427.9155772328377,335.9564813375473,0.9944803714752197,379.0244235396385,337.62417578697205,0.9925557971000671,433.5856112241745,432.55521297454834,0.8550787568092346,372.96274733543396,431.66841995716095,0.8558655381202698,435.4821079969406,493.86601865291595,0.6469854712486267,382.93616223335266,482.82994997501373,0.6126468777656555
307,14.39100003335625,90.6709933880754,376.7216989994049,184.38297653198242,0.9966527819633484,382.2208009958267,172.43659007549286,0.9943174123764038,371.8885814547539,175.4800909757614,0.991825520992279,395.7475781440735,169.16431087255478,0.9937648177146912,372.7295925617218,173.493832051754,0.9896743893623352,441.3699618577957,194.97693049907684,0.9982008934020996,358.0457661151886,207.78569549322128,0.9958513975143433,507.25069069862366,200.23947989940643,0.9904562830924988,309.5101520419121,215.0466582775116,0.9476910829544067,579.2040951251984,197.26347696781158,0.9783409237861633,261.8947927951813,208.7490947842598,0.9487772583961487,428.0756168961525,335.4305521249771,0.9940961599349976,379.0165821313858,337.5592715740204,0.991924524307251,433.7119569182396,432.24884819984436,0.8477610945701599,372.79318022727966,431.6882953643799,0.8476963043212891,435.09274059534073,489.2092921733856,0.6324090957641602,384.5245960354805,481.66333293914795,0.584680438041687
308,15.403800003696233,102.43075959002263,377.83873838186264,184.75376296043396,0.9969022870063782,383.1945005059242,172.81871664524078,0.9947288036346436,372.9106407761574,175.64416110515594,0.9924314022064209,396.05740743875504,169.20525300502777,0.9942421913146973,372.8197553753853,173.46501421928406,0.9905300140380859,442.29409724473953,194.55330383777618,0.9980810284614563,356.6737070083618,204.18262195587158,0.9956170320510864,515.996724486351,188.86426258087158,0.9907850027084351,303.1304839849472,201.37658542394638,0.9501999616622925,585.3319549560547,174.90569472312927,0.9787313938140869,253.04189640283585,195.22404605150223,0.9499255418777466,428.968573987484,335.48110020160675,0.9936971664428711,379.02011477947235,338.7173533439636,0.9913622736930847,434.3084391951561,432.80394208431244,0.8427371382713318,372.72161734104156,432.89182817935944,0.8434217572212219,435.1752225756645,487.1762099266052,0.6157463788986206,385.9974426627159,482.3980896472931,0.5644946694374084
309,14.541100012138486,109.08182514819343,378.5781323313713,186.04649382829666,0.9971161484718323,383.91695380210876,173.9237923026085,0.995067298412323,373.69009816646576,176.40465933084488,0.9929423928260803,396.2681620121002,169.66318660974503,0.9946351647377014,372.9269123673439,173.5493414402008,0.9912788271903992,442.339138507843,194.67190784215927,0.9980639815330505,355.43262350559235,202.36533415317535,0.9957183003425598,514.8316999673843,181.87460362911224,0.9911569952964783,297.3053346276283,192.80239808559418,0.9535326957702637,577.7553882598877,154.496712744236,0.9795337915420532,244.42073637247086,176.6221879720688,0.9527246952056885,429.45254677534103,335.83324778079987,0.9936386346817017,379.0224966406822,339.80302107334137,0.9914049506187439,434.704443693161,433.5789020061493,0.8419771790504456,372.6483416557312,433.5588456392288,0.8422952890396118,435.22449231147766,487.02438473701477,0.6078367829322815,387.4192264676094,482.90655624866486,0.553519070148468
310,14.98340000398457,113.02751906356379,380.09053391218185,186.66974920034409,0.997260570526123,385.38072794675827,174.81722050905228,0.9952616691589355,375.5505191087723,177.11512219905853,0.9933199286460876,396.6587604880333,170.34860163927078,0.9949031472206116,374.1301537156105,173.9728776216507,0.9919143915176392,442.32701510190964,195.09143275022507,0.9979844689369202,355.6310940980911,201.79840248823166,0.9958078861236572,513.172318816185,176.1123641729355,0.9915602803230286,298.135078728199,188.05220592021942,0.9569405913352966,568.4069309234619,134.6830731034279,0.980491042137146,243.54520165920258,161.54418832063675,0.9558678865432739,429.56023901700974,337.0760186910629,0.9939331412315369,379.1353808045387,341.0361407995224,0.9918311834335327,434.9667963385582,434.5541843175888,0.8484962582588196,372.6586719751358,434.1878012418747,0.8478322625160217,437.7989631295204,486.01740431785583,0.6169388294219971,385.7743505835533,478.66609740257263,0.5569843053817749
311,14.675000042188913,117.00312826791739,381.4895696043968,188.85079616308212,0.997455358505249,386.82164692878723,177.39095002412796,0.9955804347991943,377.62801057100296,179.6053388118744,0.9938362836837769,397.01261407136917,171.7671748995781,0.9952738285064697,375.62376803159714,175.3066561818123,0.9926204085350037,442.34778279066086,195.3753434419632,0.9980077147483826,355.7102307677269,201.3293851017952,0.9960404634475708,510.4324290752411,170.80561536550522,0.9917750358581543,296.4654743075371,182.80533969402313,0.9600500464439392,561.6104371547699,122.9749653339386,0.9812120199203491,243.46908915042877,150.85657262802124,0.9586141109466553,429.52681267261505,337.162969827652,0.9943394064903259,379.44119572639465,341.03846311569214,0.9924427270889282,435.084952712059,434.97379970550537,0.847835123538971,373.0086985230446,434.1756467819214,0.8530328869819641,436.8198843598366,482.88770627975464,0.6086076498031616,385.08722376823425,479.7442251443863,0.5648680925369263
312,13.704299984965473,119.8085640918552,383.2039209008217,189.13776808977127,0.9976369738578796,388.5836354494095,177.67927914857864,0.9958775043487549,379.14199113845825,179.99581968784332,0.9942935705184937,397.6839242577553,172.63493698835373,0.9956039190292358,377.1973486542702,175.91314262151718,0.9932494163513184,442.5436038970947,196.11059778928757,0.9980213046073914,356.4364040493965,201.68159300088882,0.9962106347084045,508.6560423374176,168.37387889623642,0.99220210313797,296.91032034158707,180.31421828269958,0.9631116390228271,536.3611561059952,113.04168769717216,0.9822597503662109,245.9312645792961,139.4743431210518,0.9615189433097839,429.51974737644196,336.9464817047119,0.9946701526641846,381.16089951992035,341.0115604400635,0.9929431676864624,435.1995764374733,435.0302892923355,0.8501574397087097,373.9644404053688,434.15176010131836,0.8585059642791748,436.64699870347977,482.3681106567383,0.6046304106712341,385.03939920663834,480.64431869983673,0.5691236853599548
313,15.060700010508299,118.33784922882181,384.66815000772476,189.11486160755157,0.9977273941040039,390.13931196928024,177.57827347517014,0.9960063695907593,380.42830324172974,179.89167737960815,0.9945036768913269,399.18492501974106,173.34077030420303,0.9957565069198608,378.95636653900146,176.38339656591415,0.9936568140983582,442.625845015049,197.61021083593369,0.9980097413063049,360.0026925802231,201.70974731445312,0.996239960193634,500.8118507862091,168.12346082925797,0.9927017688751221,298.5420558452606,180.30952841043472,0.965544581413269,510.2430042028427,107.07853773236275,0.9833986759185791,249.9425329566002,135.7950101494789,0.9638817310333252,429.087961435318,336.9645776748657,0.9949241876602173,382.4088342189789,340.9726541042328,0.993310809135437,435.28189784288406,435.1572325229645,0.8497478365898132,376.05584836006165,433.7446610927582,0.8602727055549622,436.6381135582924,483.9907159805298,0.6089128851890564,385.3034914135933,480.998486995697,0.5753770470619202
314,15.723199991043657,115.60856152657891,385.5764420032501,189.07877522706985,0.9976234436035156,391.32376605272293,177.60505551099777,0.9957312941551208,381.8092742562294,179.8617888689041,0.9942519664764404,400.36544501781464,174.6742171049118,0.9955518245697021,381.03061974048615,176.43115484714508,0.9936568140983582,442.24964475631714,199.7957365512848,0.997926652431488,363.23886585235596,202.35993552207947,0.996169924736023,491.4176295995712,169.33020567893982,0.993098258972168,300.730317234993,183.12765908241272,0.9670735597610474,488.824023604393,108.57468238472939,0.9842895865440369,253.2157722711563,136.31487721204758,0.9652959108352661,427.7621746659279,337.0612403154373,0.9950334429740906,383.94336837530136,340.7850592136383,0.9935070872306824,434.50104880332947,432.38010430336,0.8463425636291504,379.0473589897156,431.66124188899994,0.8582298755645752,436.3834149837494,488.22444915771484,0.6170607805252075,385.93053644895554,486.5911672115326,0.5845745205879211
315,14.793600013945252,112.89695745239071,385.9471827149391,189.26965755224228,0.9975368976593018,392.25360184907913,178.5465737581253,0.9955375790596008,382.2271704673767,180.1390945315361,0.9939478635787964,402.1656503677368,176.45142233371735,0.9953927993774414,381.52792024612427,177.27785021066666,0.9935142397880554,442.2738380432129,202.6800381541252,0.9978185892105103,364.81405222415924,204.1390106678009,0.9958482384681702,482.18976402282715,171.2987757921219,0.9934559464454651,303.8376559019089,188.09586244821548,0.9680561423301697,467.65762734413147,116.51290947198868,0.9851440191268921,262.5705990791321,143.30770295858383,0.9663532376289368,427.68269008398056,339.28595888614655,0.9952127933502197,384.602019906044,342.20435631275177,0.9937044382095337,434.8906303048134,432.1731467247009,0.8423054814338684,379.37549382448196,432.3103141784668,0.8542177677154541,440.84729051589966,488.5448684692383,0.6195787191390991,386.21237218379974,488.1783345937729,0.5833725333213806
316,16.3507999968715,115.63857211723152,387.79938757419586,187.3312172293663,0.99760901927948,393.3613011240959,178.43262946605682,0.9956353902816772,384.8071275949478,179.22903311252594,0.9940621852874756,402.41598665714264,177.0081599354744,0.995429277420044,384.2652675509453,177.3091260790825,0.9935911893844604,442.087678194046,206.75024408102036,0.9975891709327698,368.8172918558121,208.78819715976715,0.9949715733528137,469.9487102031708,174.6757100224495,0.9935919642448425,310.550864815712,190.6130872964859,0.9677250385284424,447.3111533522606,128.80842751264572,0.9855108857154846,273.4138215184212,152.85301053524017,0.9661241769790649,427.7730669975281,344.10271406173706,0.9955389499664307,389.0233698487282,347.0551017522812,0.9940913319587708,434.97511947155,432.1453090906143,0.8423518538475037,383.33904469013214,432.73056292533875,0.852566123008728,440.4343988895416,493.72625744342804,0.6280000805854797,390.03996962308884,487.7519030570984,0.5886099934577942
317,14.352099969983101,110.55782736806711,389.13403272628784,182.93288612365723,0.9977564215660095,396.2223178744316,173.66134041547775,0.9959007501602173,386.1985359787941,176.04056841135025,0.9944104552268982,405.70330303907394,176.41964882612228,0.9956634044647217,386.2172964811325,176.70374047756195,0.9939415454864502,442.5271984934807,208.08352500200272,0.9967661499977112,369.7653529047966,211.32587045431137,0.9931767582893372,460.2119292020798,193.07986962795258,0.99346524477005,321.8088790178299,200.37904506921768,0.9682088494300842,428.33250999450684,151.32046282291412,0.9854729771614075,282.85519820451736,159.25735533237457,0.967577338218689,429.5321116447449,348.3600323200226,0.9958503246307373,388.7146913409233,351.4880414009094,0.9944735169410706,438.0374971628189,433.7076246738434,0.8513781428337097,383.42487198114395,434.5099095106125,0.8611443638801575,443.1522095799446,489.5036231279373,0.645349383354187,390.52629750967026,487.7895426750183,0.6101165413856506
318,14.765399973839521,103.49173563988101,389.2000022530556,183.25938266515732,0.9968006610870361,395.87106025218964,173.99394434690475,0.9946770071983337,387.2785628437996,176.11898428201675,0.9916996359825134,402.48045748472214,176.30433225631714,0.993862509727478,389.6645454764366,176.64936208724976,0.9901277422904968,440.4612149000168,207.77197271585464,0.9921301603317261,372.3903512954712,211.78942888975143,0.9816378951072693,449.34411203861237,211.2681292295456,0.9912028312683105,332.77761751413345,209.02450037002563,0.9529102444648743,423.1053683757782,192.37819838523865,0.980705976486206,291.08570623397827,189.21031785011292,0.9557891488075256,427.5520088672638,347.38939464092255,0.9954448938369751,395.68556946516037,351.01073002815247,0.9939789175987244,434.35120564699173,429.0396786928177,0.8547642230987549,391.7626440525055,431.951259970665,0.8665281534194946,439.64779591560364,491.5704241991043,0.6625615954399109,395.1052517294884,488.41858875751495,0.6339951753616333
319,14.116999984253198,86.8932240551445,389.14168679714203,185.2353419661522,0.9970824718475342,395.2536497116089,174.73679900169373,0.9951263070106506,386.6086443066597,177.40032976865768,0.9924347400665283,405.1259559392929,176.2224781513214,0.994358479976654,389.05021262168884,178.09652698040009,0.9910202622413635,444.4155059456825,207.27878212928772,0.9920860528945923,371.3310921192169,212.81209248304367,0.9831541776657104,442.41864985227585,225.9090358018875,0.9901212453842163,328.09166687726974,222.83364075422287,0.954450786113739,394.39122861623764,206.5075922012329,0.9807864427566528,300.8355473279953,214.8111543059349,0.9586513042449951,431.25882720947266,347.3307636976242,0.9956647753715515,395.51064985990524,350.7547323703766,0.9943869709968567,441.13354206085205,431.61066365242004,0.8578534722328186,389.24557876586914,435.7553344964981,0.8715168237686157,446.22167932987213,489.35547745227814,0.661743700504303,393.3515060544014,493.6966403722763,0.6504002809524536
320,15.54510003188625,74.0970931790317,389.9365861415863,186.72198623418808,0.997296154499054,397.26613509655,175.7902106642723,0.9954526424407959,386.0314310193062,178.41804713010788,0.9930198788642883,408.34261935949326,176.17423731088638,0.9946738481521606,388.2509777545929,178.73415356874466,0.9917477369308472,448.22129195928574,209.30207747220993,0.9918646216392517,370.8956397175789,214.51632571220398,0.9845367670059204,442.3408245444298,240.42975497245789,0.9868932962417603,326.9054464697838,235.71239191293716,0.9554184079170227,396.71185725927353,242.18529027700424,0.9786272048950195,304.5840348601341,243.09910660982132,0.9602474570274353,433.79623198509216,348.03539061546326,0.9956697821617126,394.5825001001358,351.3134756088257,0.9945827722549438,443.4113774895668,433.0093615055084,0.8601264953613281,387.98560094833374,436.256049990654,0.872931957244873,449.03254318237305,489.6751126050949,0.6603316068649292,393.2090761065483,494.0124753713608,0.6555405855178833
321,14.810700027737767,57.56299070955696,387.11718505620956,186.52864587306976,0.9973933696746826,394.735287129879,175.31644308567047,0.9956236481666565,384.4338444471359,177.80827325582504,0.9933314323425293,407.64995270967484,175.19348096847534,0.9948347806930542,387.70657527446747,177.9896401166916,0.9921795129776001,449.80448031425476,210.5827443599701,0.9925157427787781,370.23519510030746,215.4047926068306,0.9859844446182251,443.38204580545425,252.31719380617142,0.9869925379753113,331.11448961496353,250.25601756572723,0.9577804803848267,398.9550887942314,272.75859773159027,0.9789749979972839,315.5180088877678,266.63471031188965,0.9626036882400513,434.2257966399193,347.5522885322571,0.9959373474121094,392.36902844905853,351.16701889038086,0.994949460029602,442.77215552330017,433.1888132095337,0.8680172562599182,387.2539413571358,436.19708728790283,0.8794677257537842,449.48531091213226,489.8539912700653,0.6652810573577881,392.7369055747986,497.6483780145645,0.6591728329658508
322,13.992800028063357,46.815572368919355,386.0515564084053,184.27691906690598,0.9973498582839966,393.9079248905182,173.35045164823532,0.9955734610557556,384.13477367162704,175.4625831246376,0.993181049823761,407.3891522884369,173.29079526662827,0.9947676062583923,386.89197874069214,175.87598556280136,0.9917545318603516,449.9632889032364,211.406653881073,0.9932115077972412,370.3017534017563,216.2783755660057,0.9872952699661255,447.2963804602623,266.0643856525421,0.9874742031097412,338.2832763195038,257.57137382030487,0.9592267870903015,403.7117191553116,300.6004240512848,0.9796157479286194,317.963243663311,294.31861913204193,0.9642632603645325,434.08050310611725,346.35192251205444,0.9960862398147583,391.65481799840927,350.70647644996643,0.9951074719429016,442.29602414369583,434.7120113372803,0.8761309385299683,386.7067288160324,436.5296308994293,0.8859080672264099,449.87336695194244,491.152135848999,0.6805692315101624,391.70167911052704,498.1274085044861,0.6716009974479675
323,16.182699997443706,35.56671857253068,385.4808999300003,180.92966222763062,0.9972548484802246,393.7847639322281,170.8826740384102,0.9954363703727722,383.54993307590485,172.596498131752,0.9929896593093872,407.86812049150467,171.5400252342224,0.9946323037147522,386.710475564003,173.37780672311783,0.9912297129631042,450.22347378730774,212.90296441316605,0.9938378930091858,370.38019424676895,216.01057028770447,0.9884713292121887,449.67275536060333,277.3124486207962,0.9880840182304382,345.6891251206398,265.4715918302536,0.9602092504501343,412.3316748738289,324.1344141960144,0.9803995490074158,324.985238134861,313.9453274011612,0.9656581878662109,435.0862105488777,342.5898607969284,0.9958631992340088,390.94868981838226,345.3164710998535,0.9948237538337708,442.2253711819649,435.1789778470993,0.8814042210578918,386.4862326979637,436.4748604297638,0.8895553350448608,449.2696052789688,492.97295236587524,0.6884258985519409,391.8537167906761,512.7066078186035,0.6798902153968811
324,13.750099984463304,28.916353074213315,385.20120519399643,180.41670179367065,0.9972295165061951,393.72896414995193,170.43395429849625,0.9953807592391968,383.29986441135406,172.08166778087616,0.9929431080818176,408.17358750104904,171.46130776405334,0.9945376515388489,386.5453242659569,172.9483139514923,0.9910096526145935,450.73174691200256,215.81481713056564,0.9943939447402954,370.1470394730568,218.35702949762344,0.9895107746124268,451.71253848075867,283.02875447273254,0.9884154200553894,346.9007966518402,281.0337039232254,0.9598872661590576,419.41674852371216,340.5159419775009,0.9802280068397522,328.8356639742851,332.46513533592224,0.9655259847640991,433.6817688345909,347.12097108364105,0.9955776333808899,389.4491074681282,346.4855914115906,0.994377076625824,442.1242357492447,436.80577540397644,0.885227382183075,385.88228368759155,436.4738349914551,0.891475260257721,448.851842880249,496.03017604351044,0.696986973285675,390.89561980962753,507.886203289032,0.6853973865509033
325,13.616200012620538,25.195799787683256,385.1996529698372,176.80105155706406,0.9973480105400085,393.71282637119293,167.54935109615326,0.9955547451972961,383.2273648381233,168.86138433218002,0.9932721257209778,408.06517267227173,170.08866810798645,0.9947554469108582,386.2158780694008,171.07485324144363,0.9913874864578247,450.4158425331116,216.33083879947662,0.9949146509170532,368.5725756883621,220.24430346488953,0.9904657006263733,453.76308012008667,283.0384056568146,0.9891917109489441,347.38286930322647,288.5593353509903,0.9613896012306213,432.58648735284805,348.8564349412918,0.9810386300086975,331.44404286146164,342.6702973842621,0.9665639400482178,432.59478372335434,347.05145239830017,0.9956467151641846,386.2482339143753,346.602823138237,0.9944111108779907,441.1931688785553,436.78191888332367,0.889866054058075,385.5751841664314,435.7401338815689,0.8950749039649963,448.787291765213,496.17651212215424,0.6986221075057983,390.0975892543793,505.2853901386261,0.6883307695388794
326,15.028599998913705,21.755530199628513,385.1830869913101,176.30057734251022,0.9975472092628479,393.85488164424896,167.0474744439125,0.9958924651145935,383.11279463768005,168.4729392528534,0.9938057065010071,408.3478915691376,169.77382838726044,0.9951500296592712,385.5705007314682,170.83726823329926,0.9920628666877747,451.33261823654175,219.51615178585052,0.9953926205635071,366.2724738717079,223.15000355243683,0.9913455843925476,460.3128772974014,293.01175832748413,0.990120530128479,349.7392793893814,292.09498631954193,0.9637627005577087,449.61874866485596,363.15496575832367,0.9824504256248474,333.5258430838585,352.93798100948334,0.9683525562286377,432.1845951080322,347.9503093957901,0.9958081245422363,384.3092115521431,347.2347947359085,0.9945613145828247,441.05876767635345,438.0008031129837,0.8919318318367004,385.3784263730049,436.2023049592972,0.8970910906791687,448.909649848938,497.2949033975601,0.6816253662109375,389.7275443673134,503.7150821685791,0.6748985648155212
327,13.950199994724244,20.876967652685668,384.70815992355347,175.89456409215927,0.9975863695144653,393.22358137369156,166.76321691274643,0.9959837198257446,382.8455176949501,168.0250489115715,0.9940711259841919,408.0629246234894,169.56156265735626,0.9952629208564758,385.3899610042572,170.57777202129364,0.9924087524414062,452.4517718553543,220.2335816025734,0.9957946538925171,365.6875262260437,225.21992617845535,0.9921261072158813,469.8610363006592,287.3709729909897,0.9902271628379822,350.9792121052742,293.2090948820114,0.9636465907096863,473.6534410715103,350.73042345046997,0.9813993573188782,332.3489627838135,355.5674159526825,0.9661745429039001,433.1237710118294,347.73222279548645,0.9953086376190186,384.16627311706543,346.4020483493805,0.9941689968109131,440.0041116476059,430.94262075424194,0.8811733722686768,385.2585839629173,429.77090668678284,0.8905445337295532,448.78180545568466,494.2519152164459,0.6515529155731201,389.6971957087517,500.91216719150543,0.6637648344039917
328,13.536200043745339,21.562627028527395,384.8980665206909,174.83225524425507,0.9973657727241516,393.5499766469002,165.88419008255005,0.9956033229827881,382.8783552646637,166.77876436710358,0.9937858581542969,407.97618740797043,169.32990407943726,0.994887113571167,385.198368370533,170.18077659606934,0.9919999241828918,452.15941846370697,219.18731784820557,0.9961239695549011,365.18091237545013,225.5827353000641,0.9926830530166626,477.2141897678375,278.4072548151016,0.9899008274078369,350.49858462810516,289.7976425886154,0.9620445370674133,492.52870094776154,334.98038470745087,0.9796783328056335,330.87611615657806,345.43674898147583,0.9629500508308411,433.0715574026108,347.5822072029114,0.9954931139945984,383.6225932240486,346.32945334911346,0.9943323731422424,438.3049346804619,431.19113874435425,0.884948194026947,385.1933637857437,428.77336633205414,0.8941954970359802,445.1750252842903,487.9432076215744,0.6552694439888,389.6496922969818,493.6666613817215,0.6730612516403198
329,13.409500010311604,22.28432394896974,385.4301047325134,172.9015811085701,0.9975035190582275,394.11455804109573,164.44268018007278,0.9958118796348572,383.0538368821144,164.6237152814865,0.9941391348838806,408.124960064888,168.64500176906586,0.9951152205467224,385.0811486840248,168.91594368219376,0.9924218058586121,452.2382607460022,218.55471289157867,0.9964448809623718,365.20349991321564,224.5908800959587,0.9932452440261841,483.2340897321701,274.1135334968567,0.9896193146705627,350.79002809524536,283.6876287460327,0.9620451927185059,507.1555233001709,326.0963491201401,0.9787129163742065,330.70644199848175,330.2863202095032,0.9620963931083679,433.18286257982254,346.8948016166687,0.9958363175392151,383.4155051112175,345.3299525976181,0.9947391152381897,437.4092745780945,429.5050768852234,0.8915390372276306,385.11093533039093,428.05040216445923,0.9007371068000793,443.73536413908005,483.22866451740265,0.6699333190917969,389.4237633943558,486.4916092157364,0.6897933483123779
330,15.674399968702346,23.068824131563513,385.54183810949326,171.34148228168488,0.9976547360420227,394.23849511146545,162.87760496139526,0.9960429072380066,383.0387696027756,163.027816593647,0.9944878220558167,408.3501663804054,167.7301298379898,0.9953762292861938,385.0591231584549,167.67011153697968,0.9928369522094727,452.09930992126465,218.13128226995468,0.9967543482780457,365.2277734875679,222.7144033908844,0.9937722682952881,488.0817928314209,270.18082678318024,0.989596426486969,350.2847256064415,280.09768986701965,0.9612565040588379,523.1817560195923,320.988339304924,0.9783055186271667,330.5540028810501,323.7762647867203,0.9609635472297668,433.15850871801376,346.82829892635345,0.9961656928062439,383.4676384329796,345.15879487991333,0.9951369166374207,436.07163202762604,429.8720933198929,0.8975956439971924,384.40619879961014,428.59294950962067,0.9066210389137268,442.8296145796776,482.9175947904587,0.6846992373466492,388.97289580106735,484.4370530843735,0.7049553990364075
331,13.934199989307672,24.52257524485585,385.55160641670227,170.38483881950378,0.9977633357048035,394.32164615392685,162.0166741013527,0.9961890578269958,383.0325339436531,162.09441137313843,0.9947237968444824,408.8007395863533,167.40719217061996,0.9955205321311951,384.72341454029083,166.9722706079483,0.9930567145347595,451.792130112648,217.63653844594955,0.9970232248306274,365.3181771636009,220.91593539714813,0.9942073822021484,496.50020027160645,261.2673852443695,0.9897779226303101,349.249873816967,276.24234342575073,0.9586890935897827,540.6898275613785,316.29418432712555,0.9778795838356018,321.4904589653015,313.42359042167664,0.9577953219413757,432.8285005092621,346.5081510543823,0.9964513778686523,383.4753995537758,344.9573264122009,0.9954814910888672,435.7381714582443,430.02023899555206,0.9028260111808777,383.3466452360153,428.76636922359467,0.911672830581665,442.71654307842255,482.86641335487366,0.7003849744796753,388.7431131005287,484.2048214673996,0.7198248505592346
332,14.788499975111336,29.791761002523085,385.36970180273056,170.1895833015442,0.9979220032691956,394.3057224750519,161.80650448799133,0.9964280724525452,382.74464988708496,161.98663479089737,0.995061993598938,409.0155888199806,167.36914539337158,0.995786190032959,383.8096094727516,166.8503339290619,0.9934564828872681,450.3517196178436,216.41021978855133,0.9972595572471619,365.3374996781349,219.30828940868378,0.9945907592773438,503.0139216184616,252.66529995203018,0.9900447726249695,345.71144503355026,269.0484412908554,0.9571932554244995,560.011592745781,297.50432419776917,0.9779653549194336,306.60899156332016,293.8584084510803,0.9557912349700928,432.4657082557678,345.50542318820953,0.9964371919631958,383.4934107065201,344.3894748687744,0.9954042434692383,436.139100253582,430.1368373632431,0.8958804607391357,383.0279307961464,430.04982590675354,0.9067782163619995,445.0351645350456,483.3643842935562,0.6953888535499573,388.5722881555557,485.6408874988556,0.716256320476532
333,14.620100031606853,41.62857100747924,385.23487240076065,169.7704353928566,0.9980936050415039,394.26223343610764,161.5391817688942,0.9967049956321716,382.5623438358307,161.7179096341133,0.9954541921615601,408.9760873913765,167.1912921667099,0.9961017966270447,383.15288484096527,166.68091040849686,0.9939526915550232,448.9315147995949,212.8975356221199,0.9974747896194458,364.6306221485138,218.73865842819214,0.9949467182159424,507.098251581192,243.53147965669632,0.9903303980827332,337.610654771328,260.23003375530243,0.9562482833862305,565.7133402824402,269.98578238487244,0.9782694578170776,293.57014805078506,274.4960823059082,0.9547972679138184,432.4532369375229,344.9051798582077,0.9965079426765442,383.5167475938797,344.27468609809875,0.9954248666763306,436.9620466828346,430.24294006824493,0.8928212523460388,382.73565769195557,432.19751596450806,0.9028015732765198,447.16778671741486,483.45293390750885,0.6968909502029419,388.45132172107697,486.48328506946564,0.7129995822906494
334,14.186999993398786,55.31650810261639,384.943883895874,169.37227880954742,0.9982444047927856,394.13915276527405,161.37651407718658,0.9969494342803955,382.2524074912071,161.57091003656387,0.9957966804504395,408.9102516770363,167.12718719244003,0.9963796138763428,382.46209156513214,166.62230962514877,0.9943981766700745,447.57082974910736,209.94615828990936,0.9976133108139038,364.05199044942856,217.91895622015,0.9950501322746277,509.2097581624985,231.311225771904,0.9903039336204529,331.8990586400032,248.39143896102905,0.9551042914390564,574.4279549121857,249.35578829050064,0.9776351451873779,286.3271489739418,256.52581882476807,0.9526765942573547,432.4456363916397,344.25915372371674,0.9963949918746948,383.5624311566353,344.24856758117676,0.9951108694076538,437.37357342243195,430.27913200855255,0.8899722695350647,382.23905301094055,432.8517154455185,0.8967264294624329,447.9948545694351,483.68211936950684,0.69855797290802,388.44682562351227,485.1922582387924,0.7051116824150085
335,14.626000018324703,75.8099318712907,383.8712167143822,169.42834615707397,0.9983716607093811,393.1162370443344,161.4627564549446,0.9971508979797363,381.52856254577637,161.6443645954132,0.9960725903511047,408.24705052375793,167.08678793907166,0.9966268539428711,382.08570396900177,166.42236423492432,0.9947853684425354,446.98973590135574,207.5109685063362,0.9977120757102966,363.5023157596588,216.4245457649231,0.9950451850891113,512.6347140073776,221.46383613348007,0.9903842806816101,322.9050168991089,233.75347298383713,0.9555332660675049,581.4425629377365,225.2738974094391,0.977142333984375,279.02436250448227,232.37551009655,0.951810896396637,432.508769094944,343.43162500858307,0.996109127998352,383.57765901088715,344.2564694881439,0.9945720434188843,438.3526789546013,430.4132834672928,0.8859608769416809,381.809836268425,432.98598754405975,0.8908204436302185,448.7311708331108,483.87466049194336,0.6981676816940308,388.43820810317993,483.9614005088806,0.6954169273376465
336,14.963500027079135,91.28800868653416,383.8224554657936,169.03988599777222,0.9982962012290955,393.0110872387886,161.47834914922714,0.996931254863739,381.5463060736656,161.38082695007324,0.9958370923995972,407.3267689347267,166.97121500968933,0.9963946342468262,382.47814905643463,165.92036694288254,0.9946243762969971,446.6258731484413,206.6829873919487,0.9975292086601257,363.55410116910934,213.66779059171677,0.9945343136787415,516.6684628725052,209.63970303535461,0.9904703497886658,314.18933176994324,220.24303674697876,0.9575392007827759,588.5538370609283,202.03995352983475,0.9771698713302612,269.5249379873276,213.3106967806816,0.9532412886619568,433.0446878671646,343.5002690553665,0.9961293935775757,384.1305184364319,345.442419052124,0.9945744276046753,439.3257094025612,432.8946933746338,0.8863250613212585,380.60895001888275,435.4324119091034,0.8896378874778748,448.65727961063385,483.92385137081146,0.7002823948860168,388.69360250234604,482.5934054851532,0.6887379884719849
337,14.775599993299693,102.87429724571926,384.5498062968254,167.22523719072342,0.9983311891555786,393.6321107149124,160.8165493607521,0.9969502091407776,382.7570676803589,160.0283944606781,0.9959444999694824,407.08071464300156,166.45192098617554,0.9964366555213928,383.7300178408623,164.5399912595749,0.9948739409446716,446.27341121435165,206.84260892868042,0.9971792101860046,363.53472512960434,212.04859334230423,0.9942055344581604,519.3527401685715,202.63998574018478,0.990308940410614,307.94296765327454,208.14446318149567,0.9596648812294006,584.0407720804214,182.61864960193634,0.9768469333648682,259.5176685452461,198.1381306052208,0.9547920227050781,433.9409902691841,344.10126638412476,0.995966911315918,384.5645524263382,347.0034075975418,0.994459331035614,440.3651911020279,435.3027844429016,0.8834035396575928,380.08400386571884,438.92825174331665,0.884746253490448,448.8350092768669,484.2734956741333,0.6920633912086487,389.3395686149597,483.1460564136505,0.6740303635597229
338,14.08870000159368,107.84683670059346,384.8464149236679,167.00879430770874,0.9984035491943359,394.0503816008568,160.7226161956787,0.9970431923866272,383.4097511768341,159.77630251646042,0.9961394667625427,407.13223242759705,166.3726304769516,0.9965539574623108,384.4840776324272,164.06863647699356,0.9952007532119751,446.3277658224106,207.09301191568375,0.9967877268791199,363.52699077129364,210.15400558710098,0.9940801858901978,518.1092480421066,194.47930639982224,0.990374743938446,305.10274535417557,200.77031010389328,0.9622176289558411,576.0881924629211,158.5886338353157,0.977185845375061,254.99430000782013,177.99203783273697,0.9571395516395569,433.91543209552765,344.36154675483704,0.9960027933120728,384.5601633787155,347.24927151203156,0.9945988059043884,440.67175537347794,435.6283611059189,0.8831474781036377,379.91304510831833,439.2240002155304,0.8834490776062012,448.9214521050453,484.93074131011963,0.6917698383331299,389.3549838066101,482.067476272583,0.6678048372268677
339,16.81160001317039,111.99666684982586,386.00357127189636,167.12522679567337,0.9984015226364136,394.2915383577347,160.76658940315247,0.9969721436500549,385.8891081213951,159.87854474782944,0.9962087273597717,406.4189051389694,166.34574288129807,0.9965130686759949,387.9177045226097,164.24777150154114,0.9954216480255127,446.36426985263824,207.27080482244492,0.9962576627731323,364.49052053689957,209.37829166650772,0.9939019680023193,516.8579947948456,187.78075128793716,0.9905233383178711,305.44313740730286,195.29208689928055,0.9644283056259155,566.5959670543671,141.13209986686707,0.977516233921051,254.65963512659073,163.45257425308228,0.959113359451294,433.1005679368973,344.46116507053375,0.9960566759109497,385.2815729379654,347.1927216053009,0.9947544932365417,440.63244128227234,435.84234595298767,0.8849383592605591,380.9096265435219,438.6348557472229,0.8849351406097412,447.7898271679878,485.59905564785004,0.7010865807533264,389.82822483778,482.56047081947327,0.6736151576042175
340,15.711699961684644,117.14266418812886,390.8252344727516,167.18136954307556,0.9981368184089661,396.1766075491905,160.8464680314064,0.9963754415512085,390.7775169610977,159.87409615516663,0.9958099126815796,406.0110716223717,166.42440003156662,0.9959076642990112,391.67719143629074,164.32089430093765,0.9952868819236755,446.4102478027344,207.42721432447433,0.9953494071960449,367.14760714769363,209.38644993305206,0.9934831857681274,513.9567272663116,183.83720207214355,0.9906759858131409,305.1532996892929,190.42796552181244,0.9665199518203735,548.3608658313751,127.36347937583923,0.9777942895889282,255.8117333650589,150.54550290107727,0.9608132243156433,428.5488044023514,344.6639304161072,0.9959142208099365,391.81970167160034,347.3576965332031,0.9947099089622498,437.0914968252182,435.69926714897156,0.8824828267097473,387.38737910985947,438.46776962280273,0.8830357193946838,437.29938781261444,494.5452810525894,0.7018314599990845,397.40329283475876,491.6992675065994,0.6703112125396729
341,16.29769999999553,118.55636848313192,395.45335137844086,167.28944772481918,0.9981534481048584,399.8601425290108,160.8970010280609,0.9964179396629333,393.4107314348221,159.8724825978279,0.995881199836731,406.64403116703033,166.53698712587357,0.9959974884986877,392.89975529909134,164.42330241203308,0.9955148100852966,446.7791954278946,207.50291579961777,0.9953365921974182,368.5609607696533,209.31477481126785,0.9933266043663025,512.1841408014297,179.47331362962723,0.9911046624183655,306.65339052677155,187.84455466270447,0.9685040712356567,520.8757396936417,117.3478801548481,0.9787247180938721,259.56940042972565,141.13850885629654,0.9625842571258545,428.5901792049408,344.72792983055115,0.9961155652999878,391.5195336341858,347.5580189228058,0.9949533343315125,438.3978807926178,436.66013300418854,0.884192705154419,386.9594737291336,438.47736048698425,0.8845125436782837,438.71161741018295,493.4803332090378,0.7059073448181152,396.2821320295334,489.8705189228058,0.6655828952789307
342,20.12480003759265,118.70481673893103,396.05432975292206,167.09438824653625,0.9981971979141235,402.37744867801666,160.94266319274902,0.9965404272079468,393.06993794441223,159.64295029640198,0.9959941506385803,409.84428918361664,166.5486741065979,0.9961685538291931,392.2261703014374,164.35877519845963,0.9957457184791565,447.5292676091194,206.64549857378006,0.9953162670135498,369.8266389966011,208.90188509225845,0.9927658438682556,503.9585838317871,175.7446540594101,0.9915392994880676,308.11017966270447,186.47903275489807,0.9697494506835938,498.42121148109436,111.82780247926712,0.9796441793441772,263.86900782585144,138.7891844511032,0.9636959433555603,430.2409695982933,344.3173624277115,0.9962271451950073,391.09117329120636,347.25735437870026,0.9950627088546753,440.330373108387,436.75815284252167,0.8821090459823608,386.5642453432083,438.7918986082077,0.882307767868042,443.22264844179153,493.17405891418457,0.6991825699806213,395.5807140469551,499.33368587493896,0.6515346765518188
343,15.215099963825196,117.60988755370708,396.47396552562714,166.01472234725952,0.9982059597969055,403.1881111264229,160.83150869607925,0.9965788722038269,394.3252055644989,159.2226261496544,0.9960301518440247,410.8840652704239,166.5650509595871,0.996243417263031,393.19978952407837,164.35489964485168,0.9958871603012085,447.94534397125244,205.9756008386612,0.9952260255813599,372.63244473934174,209.13512706756592,0.9924311637878418,493.28784561157227,171.23111194372177,0.9920023679733276,309.60917323827744,186.74759203195572,0.9707369208335876,473.6075701713562,108.06051555275917,0.9805987477302551,268.9685191512108,137.53879815340042,0.9647721648216248,430.5832617878914,343.8246091604233,0.9961163401603699,392.1284604668617,346.9227900505066,0.9948781132698059,440.83423042297363,436.2374413013458,0.8728073239326477,389.51828849315643,438.80706906318665,0.8700653910636902,445.1961676478386,492.90572583675385,0.6852803230285645,397.9456881284714,497.12941575050354,0.6267606019973755
344,13.973799999803305,115.42834826081874,398.0360918045044,167.72791308164597,0.9974865317344666,403.6783195734024,162.40127378702164,0.9952561855316162,396.31400614976883,160.76818788051605,0.9943599700927734,411.1245529651642,167.62411761283875,0.9947095513343811,396.276271045208,165.21391534805298,0.9943169951438904,447.9365658760071,206.05303651094437,0.9946412444114685,377.1961443424225,209.24246633052826,0.9909455180168152,477.6351101398468,170.21203738451004,0.9924041628837585,313.6616290807724,190.96718019247055,0.9701335430145264,448.093902528286,112.62315052747726,0.981478750705719,281.21203511953354,142.7849707007408,0.9636436700820923,429.96138191223145,344.0406448841095,0.9961346387863159,399.9402158856392,346.9143452644348,0.994803786277771,440.8309653997421,432.7996292114258,0.8661090135574341,396.2891438007355,437.4575319290161,0.864647388458252,443.4198344349861,498.7307884693146,0.6875485181808472,405.3611981868744,498.6964966058731,0.6235677599906921
345,13.695600035134703,113.15625619704157,401.0584060549736,168.69093537330627,0.9976486563682556,409.64188450574875,162.78055024147034,0.9955544471740723,396.78288489580154,160.9279300570488,0.9947447776794434,418.62021666765213,167.80200099945068,0.9950147867202759,395.45145124197006,165.2316493988037,0.9947171807289124,449.59418070316315,205.56424927711487,0.9935458302497864,377.5360011458397,209.05300152301788,0.990253210067749,463.2490431070328,177.16031688451767,0.9922032952308655,325.06737220287323,195.30114996433258,0.9708170890808105,430.20965749025345,127.18093627691269,0.9819362759590149,293.7968530654907,149.89121294021606,0.9654221534729004,435.40564757585526,344.03949880599976,0.9964032173156738,398.0766369700432,346.9946310520172,0.9951558113098145,442.88814413547516,432.27388095855713,0.8697612285614014,394.4788222312927,436.78234112262726,0.8683207631111145,446.736803650856,493.17843210697174,0.6960241198539734,403.4944880604744,492.13209295272827,0.6335222721099854
346,15.117599978111684,105.19100943340051,400.71311646699905,168.4113827943802,0.9976824522018433,407.95116448402405,162.01500022411346,0.9956711530685425,395.11285227537155,160.92693477869034,0.9948066473007202,417.44941145181656,167.1418298482895,0.9950629472732544,394.8977354168892,165.19146126508713,0.994669497013092,454.5634390115738,204.06020271778107,0.991892397403717,380.64427649974823,209.1420789361,0.9886258244514465,457.2225595712662,198.78007006645203,0.9920168519020081,333.34442019462585,202.16976195573807,0.9667937755584717,413.21427488327026,140.99956196546555,0.9822992086410522,299.9973195195198,157.32253420352936,0.9655148983001709,438.10608941316605,344.0447164773941,0.9964420795440674,397.0688420534134,346.7679488658905,0.995235800743103,443.7013757824898,430.9836382865906,0.8729242086410522,394.4007292985916,434.50448071956635,0.8728585839271545,449.0527220964432,490.3173385858536,0.7056099772453308,400.07849764823914,492.3014712333679,0.6508972644805908
347,14.088800002355129,92.75623141232504,399.574667096138,168.43255507946014,0.9978907704353333,406.90780222415924,161.7329443693161,0.9960570335388184,394.9636514186859,161.01857578754425,0.9952700138092041,416.71866178512573,166.25282007455826,0.9954813718795776,395.76021003723145,165.38925021886826,0.9951403737068176,454.37412118911743,203.80529081821442,0.9917779564857483,380.9708591103554,209.2469903230667,0.9892096519470215,450.30092442035675,217.07173305749893,0.9911438822746277,339.0537950396538,212.06750363111496,0.9671394228935242,401.061028778553,175.75413936376572,0.9821597337722778,311.1133052110672,183.72975724935532,0.9677233099937439,439.6127638220787,343.2629705667496,0.9964963793754578,396.8836991786957,346.6569904088974,0.9953911900520325,444.16024535894394,430.2874561548233,0.8771150708198547,394.26672953367233,434.40444016456604,0.8771474957466125,450.9254537820816,490.0143517255783,0.7119796872138977,399.5187335014343,492.27885127067566,0.6613419055938721
348,13.59069999307394,73.00584490798802,398.90619373321533,167.4664112329483,0.9980921149253845,406.8409495353699,160.14220303297043,0.9964320659637451,394.96335703134537,159.75817638635635,0.9957228302955627,418.5469945073128,164.345640540123,0.9959022998809814,395.52349585294724,164.21859174966812,0.9956060647964478,455.3365536928177,203.95420557260513,0.9922047853469849,380.28127014636993,209.2630957365036,0.9900609254837036,444.40932381153107,224.74228304624557,0.990415096282959,340.39986777305603,226.33929765224457,0.9688572883605957,381.2451745867729,202.05348026752472,0.9819726347923279,320.56147956848145,215.46799278259277,0.9701535105705261,440.34739404916763,343.7465250492096,0.9967307448387146,395.17081981897354,346.65376329421997,0.9957208633422852,445.6747076511383,433.19451344013214,0.8849801421165466,393.05190002918243,435.11883890628815,0.8840395212173462,453.0069328546524,493.66047859191895,0.7196727395057678,399.33380472660065,492.03877806663513,0.6701303124427795
349,16.1017999635078,67.95424339023272,399.5927050113678,167.50314605236053,0.9982568025588989,408.1825261712074,160.18245148658752,0.9967342019081116,396.0695843696594,159.79344844818115,0.9961055517196655,419.63141041994095,164.45688551664352,0.9962319135665894,396.03944981098175,164.24252367019653,0.9960088133811951,457.1941913366318,206.86257481575012,0.9925720691680908,379.1752033829689,212.13658499717712,0.9909279942512512,436.5891917347908,248.8456176519394,0.9883497953414917,337.76986479759216,234.51012581586838,0.9704127311706543,368.2037083506584,229.50871634483337,0.9785504341125488,334.62942093610764,224.25513952970505,0.9701306223869324,441.04388773441315,347.0180050134659,0.9969368577003479,394.32689160108566,348.52781212329865,0.9960336089134216,446.797902405262,438.7072094678879,0.8913527727127075,392.71921557188034,438.2722125053406,0.8895109295845032,452.7026433944702,510.04879236221313,0.7138814330101013,399.14095425605774,489.2605640888214,0.6609683036804199
350,14.44699999410659,50.127843163467595,399.44998067617416,167.1547383069992,0.9984164237976074,408.39167499542236,159.93848764896393,0.9970269203186035,397.143777012825,159.45752692222595,0.9964642524719238,420.23616230487823,164.5334616303444,0.9965638518333435,397.91464364528656,164.18131405115128,0.996380627155304,457.0062116384506,207.83437365293503,0.9932590126991272,378.83831721544266,216.1835225224495,0.9917933940887451,445.0574844479561,246.25457632541656,0.9894207119941711,336.06097304821014,260.9559837579727,0.9730132222175598,376.69308990240097,254.38129556179047,0.9804203510284424,339.2363687157631,251.2611431479454,0.9726633429527283,440.6439223885536,348.71386885643005,0.9972127079963684,394.0368933081627,350.97474920749664,0.9963936805725098,446.69251173734665,439.4393422603607,0.8996633291244507,392.41827142238617,438.4766366481781,0.8970016837120056,450.70969462394714,519.5319855213165,0.7096098065376282,398.9085755944252,488.56148660182953,0.6519955396652222
351,15.947400010190904,44.40086062001784,400.1809176802635,166.00155752897263,0.9985339641571045,409.3002881407738,159.13437813520432,0.9972536563873291,398.62136059999466,158.52232718467712,0.9967334270477295,420.6562798023224,164.41481238603592,0.9968093037605286,399.75991702079773,163.78116691112518,0.9966391324996948,456.6268801689148,209.28411722183228,0.9938392043113708,378.7368338704109,216.37654620409012,0.9924879670143127,448.19054186344147,260.3313410282135,0.9903537631034851,344.1958051919937,260.01520442962646,0.9748265147209167,387.3867903351784,287.6165654659271,0.982089638710022,333.4801862835884,291.89342737197876,0.9747260808944702,440.0725700855255,347.8878481388092,0.9974460005760193,392.96235275268555,350.8559491634369,0.9966868162155151,446.20305263996124,438.57990431785583,0.9070610404014587,392.19242280721664,436.5552065372467,0.9028983116149902,449.0278329849243,518.8337826728821,0.7042397856712341,398.78375536203384,488.1596655845642,0.6444529891014099
352,14.638499997090548,36.55831554673207,400.00637274980545,165.58219850063324,0.998307466506958,409.0303884744644,158.97033816576004,0.9969849586486816,398.6114852428436,158.2486407160759,0.9963400363922119,420.38520258665085,164.43612039089203,0.9964612126350403,400.02374160289764,163.7241796851158,0.9960390329360962,456.7720398902893,212.488823056221,0.9943527579307556,378.4123654961586,216.888556599617,0.9930979609489441,451.3394159078598,270.86572909355164,0.991008996963501,347.99142146110535,268.9005972146988,0.9753788113594055,401.0901463627815,307.92959356307983,0.9830520749092102,331.69183671474457,318.0096822977066,0.9755758047103882,439.93490386009216,347.74443757534027,0.9975194334983826,392.9348676800728,349.79935562610626,0.9967730045318604,445.33578753471375,436.95072412490845,0.9088870882987976,391.6749701499939,434.6039180755615,0.9031512141227722,447.77379643917084,517.6164667606354,0.6895037889480591,398.7331475019455,490.6882758140564,0.6319711208343506
353,14.630499994382262,29.97836101971606,399.82652884721756,164.64484232664108,0.9982128143310547,408.8097853064537,158.17687511444092,0.9968565702438354,398.37180042266846,157.41010361909866,0.9961264133453369,420.211942255497,164.32650405168533,0.99626225233078,399.6139008998871,163.3490200638771,0.9955868124961853,458.15089666843414,216.51231122016907,0.9948173761367798,377.7075219154358,217.76897078752518,0.9936003088951111,452.62042903900146,283.6163306236267,0.9912697672843933,349.48482167720795,281.76990830898285,0.974603533744812,412.4028095602989,328.9831087589264,0.9830379486083984,334.1539586186409,333.80369424819946,0.9748943448066711,439.4224825501442,348.9681473970413,0.9976065754890442,392.08871817588806,350.5350171327591,0.9968432188034058,445.30113011598587,439.43765330314636,0.9132716059684753,391.420860350132,437.7846165895462,0.9068810343742371,447.5407219529152,520.2747647762299,0.6934357285499573,398.54982447624207,497.8451716899872,0.6350169777870178
354,16.518099990207702,26.427310507828867,399.6963561177254,164.1960924267769,0.9982991218566895,408.98877280950546,157.75713908672333,0.9970090389251709,398.24858593940735,156.99566066265106,0.996304452419281,420.2134141921997,164.3506772518158,0.996416449546814,398.8048442006111,163.1463753581047,0.9957258105278015,457.9360474348068,218.12880915403366,0.9952943325042725,374.9485237598419,219.74027037620544,0.9941271543502808,458.81423163414,282.79293382167816,0.991838276386261,350.97155803442,287.5849578380585,0.9750367403030396,439.0168703198433,342.883709192276,0.9836682677268982,336.62587559223175,347.1253442764282,0.9751466512680054,438.87031894922256,349.7660892009735,0.9976996779441833,390.90669947862625,350.3989052772522,0.9969021677970886,445.35444098711014,439.9426816701889,0.918094277381897,391.2624531984329,437.95716166496277,0.9109695553779602,449.00545954704285,519.8186256885529,0.7003573179244995,397.2927905321121,497.33013021945953,0.6416943669319153
355,14.474000025074929,24.951130489453202,400.3563190102577,164.26677227020264,0.998380720615387,410.6604379415512,157.8823782801628,0.9971480965614319,398.08999145030975,157.01096683740616,0.9964901804924011,421.1922788619995,164.76032477617264,0.9965595006942749,397.7879232764244,163.41505527496338,0.9958957433700562,460.31758749485016,221.95741879940033,0.9956967234611511,372.79532122612,224.09904670715332,0.9945613145828247,467.8331357240677,292.62739992141724,0.9922993183135986,351.7871715426445,293.2517410516739,0.9749508500099182,453.96486926078796,362.54537284374237,0.9840389490127563,336.6817556619644,356.7046571969986,0.974559485912323,439.31457620859146,351.37919414043427,0.9976993799209595,390.83502954244614,351.6074446439743,0.9968465566635132,446.1247991323471,441.247461438179,0.9210131168365479,390.98588967323303,437.9668128490448,0.9141256809234619,454.9162220954895,506.7929050922394,0.6951549649238586,397.0120788216591,496.6114789247513,0.6417585611343384
356,17.11860002251342,23.284100049591224,402.2009768486023,166.56630259752274,0.9983341693878174,413.34709709882736,159.997676551342,0.997107744216919,398.02755457162857,158.87694787979126,0.9965054392814636,422.89996629953384,166.1493865251541,0.9964498281478882,396.9090164899826,165.39742356538773,0.9958639740943909,463.67247915267944,222.77045565843582,0.996039628982544,371.71425062417984,227.29202032089233,0.9949437379837036,481.2949335575104,290.11950957775116,0.9913129210472107,353.8111380338669,296.5815201997757,0.9726280570030212,482.2623974084854,351.9988303184509,0.9806207418441772,335.5589623451233,361.86870419979095,0.9689527153968811,442.98165225982666,351.3076547384262,0.9974659085273743,390.93059837818146,351.46810567379,0.9965352416038513,446.87366700172424,441.0667128562927,0.9161749482154846,390.7891854047775,433.67628848552704,0.9084655046463013,454.6414784193039,495.5714432001114,0.6732009649276733,397.2254293560982,492.75516736507416,0.6268184781074524
357,13.327899971045554,23.190727152930382,402.25998812913895,166.81382530927658,0.9982086420059204,412.77756464481354,160.52567172050476,0.9969319105148315,398.1025162935257,159.09705519676208,0.9963533878326416,422.3579724431038,166.78826475143433,0.9962160587310791,396.8967325091362,165.4956846833229,0.9956493973731995,462.9972081184387,222.49995106458664,0.9963264465332031,371.5974056124687,226.51917159557343,0.9951780438423157,489.7564821243286,285.2396296262741,0.9891051054000854,354.58203142881393,293.5423924922943,0.9671587944030762,502.1511526107788,340.4514901638031,0.973677933216095,334.40049463510513,352.0397573709488,0.9584378004074097,443.348271548748,351.1695523262024,0.997282862663269,391.26269406080246,351.4452142715454,0.9963104724884033,445.51432007551193,440.6923072338104,0.9113003015518188,390.9051204919815,433.8837286233902,0.9036204218864441,445.9846707582474,498.1499379873276,0.6548093557357788,397.8497713804245,490.7459114789963,0.6167914867401123
358,13.108800048939884,23.71610654382308,402.3207924962044,166.88136851787567,0.9982845783233643,412.4851042032242,160.5969396829605,0.9970576763153076,398.0967355966568,159.2667350769043,0.9965032935142517,421.7720078229904,166.80988943576813,0.9963679909706116,396.8723518848419,165.49410128593445,0.995785117149353,462.4985159635544,221.50791490077972,0.9965865015983582,371.8403554558754,225.83351528644562,0.9953497648239136,494.5817047357559,278.6930203437805,0.9877031445503235,355.75388038158417,287.17457139492035,0.9620627760887146,519.36274933815,329.1540251970291,0.9696498513221741,334.1971532702446,333.4174357652664,0.9512590765953064,443.1496939063072,350.16196870803833,0.997119665145874,391.5261707305908,349.82520270347595,0.9960789084434509,444.37889486551285,437.4697165489197,0.9077796339988708,390.79772263765335,432.70830488204956,0.9015357494354248,446.34561640024185,488.5416715145111,0.6476011276245117,397.8006889820099,487.57230055332184,0.6211315989494324
359,15.286599984392524,25.22544023540217,402.3351371884346,166.64244139194489,0.9983928799629211,412.22574895620346,160.26923674345016,0.997232973575592,398.05394238233566,159.15933549404144,0.9967207908630371,421.7059847712517,166.57155042886734,0.9965816140174866,396.772875726223,165.25362092256546,0.9960305094718933,462.1788113117218,221.41034746170044,0.9968372583389282,372.2213997244835,225.136352956295,0.9955872893333435,499.3527600765228,270.05361211299896,0.9869566559791565,355.35734063386917,283.19312620162964,0.960132360458374,538.0587540864944,321.3865109682083,0.9679969549179077,329.46185261011124,326.1692758798599,0.9493960738182068,442.9914205670357,348.31488287448883,0.9971021413803101,391.80286806821823,348.37677109241486,0.9960736632347107,444.0297247171402,435.3835527896881,0.9060505032539368,390.7207269668579,432.02672016620636,0.9000341296195984,448.06714004278183,487.4253612756729,0.6431897878646851,397.7768168449402,485.56726706027985,0.6262502670288086
360,14.463200001046062,26.16819176463472,402.01816231012344,166.30602222681046,0.9985147714614868,411.8403959274292,159.6771667599678,0.9974293112754822,397.6155461072922,158.90398627519608,0.9969515204429626,421.55041444301605,166.14131873846054,0.9968172311782837,396.47278797626495,164.76804572343826,0.9962844252586365,462.04441010951996,219.10754477977753,0.9971052408218384,372.7838936448097,222.7684651017189,0.9958858489990234,508.82651937007904,262.55847239494324,0.987235963344574,354.38554126024246,281.57763862609863,0.9592275619506836,555.0206032991409,320.40932857990265,0.9683582782745361,322.18387496471405,316.45282566547394,0.9488219022750854,442.82624250650406,346.5365014076233,0.9971665740013123,391.891665995121,346.2543852329254,0.9961646199226379,444.01851123571396,434.547971367836,0.9065350890159607,390.6463540196419,431.35038328170776,0.9019448757171631,452.01666736602783,487.91208255290985,0.6514873504638672,397.7425608634949,485.761647939682,0.6400600075721741
361,13.499799999408424,29.134921342544946,401.35348922014236,165.94942605495453,0.9986258149147034,411.4049970507622,159.28371512889862,0.9976020455360413,396.9548873901367,158.7013566493988,0.9971529245376587,421.4339173436165,165.75558805465698,0.9970170259475708,396.05170702934265,164.43058604002,0.9964986443519592,460.50637006759644,215.43100160360336,0.9973344802856445,373.5279977917671,219.04707407951355,0.9961116909980774,510.55286026000977,250.25410240888596,0.9876590371131897,353.3760870695114,273.01203179359436,0.9594371318817139,567.002007484436,292.77931559085846,0.969350278377533,307.1250525712967,297.2869312763214,0.9496694803237915,442.74033492803574,343.9307118654251,0.9970757365226746,392.4256043434143,343.15201210975647,0.9960318803787231,444.30808132886887,433.78269279003143,0.9027153253555298,390.5400801897049,430.3966954946518,0.8992563486099243,454.5099675655365,489.91277301311493,0.6532865166664124,397.82359766960144,485.2881065607071,0.6433575749397278
362,13.966600003186613,37.347611314105976,401.2415417432785,165.7920514345169,0.9987398386001587,411.3123453259468,159.107279419899,0.9977887868881226,396.7479598522186,158.58404952287674,0.9973745942115784,421.3456011414528,165.46342861652374,0.9972368478775024,395.7335813641548,164.20420545339584,0.9967523217201233,459.575142621994,211.67436867952347,0.9975432753562927,373.38249015808105,217.65825361013412,0.9963383078575134,518.1185078620911,243.31717813014984,0.9880671501159668,349.323872089386,261.54006135463715,0.9592854976654053,581.5601572990417,268.3648056983948,0.9703830480575562,300.86156046390533,276.3304708003998,0.9501574039459229,442.6562739610672,342.7352920770645,0.9971475005149841,392.2935047149658,342.5034826993942,0.9961207509040833,444.3097406029701,433.37097930908203,0.8988907337188721,390.13302278518677,430.6128216981888,0.8958331346511841,454.15311658382416,488.01453590393066,0.6564462184906006,397.9737352132797,485.10711669921875,0.6467622518539429
363,13.97009997162968,51.76823599467795,401.2208275794983,165.27426540851593,0.9988377094268799,411.1897999048233,158.65834856033325,0.9979485869407654,396.69339114427567,158.11549961566925,0.9975688457489014,421.2800062894821,165.10389184951782,0.9974254965782166,395.5156544446945,163.68040251731873,0.9969842433929443,459.1611804962158,209.0092243552208,0.997657835483551,373.22247725725174,216.48130679130554,0.996320366859436,520.910263299942,231.7133031487465,0.9877713918685913,341.56521344184875,250.21411031484604,0.9585147500038147,589.9623466730118,246.6493399143219,0.9700590968132019,294.70375341176987,258.49460005760193,0.9491051435470581,442.76677626371384,342.155557513237,0.9971264004707336,392.2927821278572,342.78288447856903,0.9960283637046814,446.78527051210403,433.3485403060913,0.8957390785217285,389.80151587724686,430.6901819705963,0.8912891745567322,455.18406105041504,489.0595178604126,0.6585604548454285,398.0130225419998,484.5938546657562,0.6445909738540649
