frame,inference_ms,nose_x,nose_y,nose_conf,left_eye_x,left_eye_y,left_eye_conf,right_eye_x,right_eye_y,right_eye_conf,left_ear_x,left_ear_y,left_ear_conf,right_ear_x,right_ear_y,right_ear_conf,left_shoulder_x,left_shoulder_y,left_shoulder_conf,right_shoulder_x,right_shoulder_y,right_shoulder_conf,left_elbow_x,left_elbow_y,left_elbow_conf,right_elbow_x,right_elbow_y,right_elbow_conf,left_wrist_x,left_wrist_y,left_wrist_conf,right_wrist_x,right_wrist_y,right_wrist_conf,left_hip_x,left_hip_y,left_hip_conf,right_hip_x,right_hip_y,right_hip_conf,left_knee_x,left_knee_y,left_knee_conf,right_knee_x,right_knee_y,right_knee_conf,left_ankle_x,left_ankle_y,left_ankle_conf,right_ankle_x,right_ankle_y,right_ankle_conf,left_shoulder_angle,right_shoulder_angle,left_elbow_angle,right_elbow_angle
0,14.709900016896427,386.06667721271515,186.8458531498909,0.9986393451690674,393.2882663011551,176.53507095575333,0.9982269406318665,381.98424738645554,178.53181046247482,0.9962948560714722,406.84014666080475,172.97299987077713,0.9987242221832275,381.46007734537125,176.46769362688065,0.9968600273132324,446.2058359384537,198.71765404939651,0.9992768168449402,367.4453397989273,208.2002590894699,0.9976143836975098,512.3157587051392,216.15835404396057,0.9951181411743164,333.6233388185501,224.16345328092575,0.9279025793075562,572.4963992834091,229.3879257440567,0.9763317108154297,303.4257009625435,231.52895045280457,0.9112143516540527,435.49982476234436,337.23788714408875,0.9961764216423035,388.6682316660881,339.2333297729492,0.9943143725395203,438.682740688324,427.74575650691986,0.9098731279373169,382.31385415792465,429.4179447889328,0.9274556636810303,440.8405463695526,493.05335879325867,0.8049057722091675,390.38311821222305,501.2190145254135,0.8272566795349121,79.64081903365917,73.933854809514,177.6194876906668,168.44113869863403
1,15.235200000461191,386.28524643182755,186.93343764543533,0.9985605478286743,393.36670714616776,176.39769238233566,0.9980357885360718,381.98435443639755,178.53766149282455,0.9960080981254578,406.896588742733,172.4775623679161,0.9985366463661194,381.32717484235764,176.4489944577217,0.9964011311531067,445.9002083539963,198.34175550937653,0.9992417097091675,366.97426652908325,207.90347009897232,0.9972864985466003,513.5479570627213,214.44154411554337,0.9950301647186279,329.62759268283844,224.75119531154633,0.929172933101654,577.8623846769333,226.17733871936798,0.9765990376472473,296.2116588950157,226.06407302618027,0.9129340648651123,435.46481943130493,336.7452846765518,0.9960875511169434,388.5366405248642,338.94650864601135,0.9942159056663513,438.6218292713165,428.1316832304001,0.9063255786895752,382.52533131837845,429.574444770813,0.9227125644683838,441.4322381615639,492.06142818927765,0.8009071350097656,391.5351896882057,501.2455552816391,0.8225157856941223,80.92481254773762,75.06300850921109,176.95425507024603,157.9689827830965
2,15.490700025111437,386.4841719865799,186.94634610414505,0.9986463189125061,393.53183168172836,176.09624367952347,0.9981465935707092,381.9891449213028,178.53808373212814,0.9962790012359619,406.8655442595482,172.00555914640427,0.9986202120780945,381.24466609954834,176.40153777599335,0.9966546297073364,445.6490424275398,197.7763016819954,0.999230146408081,366.350406229496,206.96712428331375,0.997283399105072,514.551978468895,205.47818785905838,0.9949976801872253,328.27217984199524,212.93247592449188,0.9312829971313477,582.6018067598343,207.66671448946,0.9772152900695801,289.0115333199501,209.65078681707382,0.9155336022377014,435.4673083424568,335.8196758031845,0.9963385462760925,388.44808346033096,338.52001678943634,0.9945629239082336,438.56586891412735,424.80974566936493,0.9043794870376587,383.4027126431465,428.8076581954956,0.919197678565979,441.3266869187355,487.7280465364456,0.8010219931602478,392.03564816713333,501.1944341659546,0.8204487562179565,87.84037786767658,90.63166295529935,175.46405744195752,166.31829747221087
3,13.741500035393983,386.38068145513535,187.11456322669983,0.9987417459487915,393.1291633248329,176.11233401298523,0.9982680082321167,381.58703857660294,178.74721282720566,0.996551513671875,406.60086327791214,171.95872074365616,0.9987065196037292,380.51161485910416,176.59573769569397,0.9969099760055542,445.5896832346916,197.0945058465004,0.9991805553436279,366.3754023909569,205.80589079856873,0.9972314834594727,517.2631253004074,194.39695465564728,0.9950872659683228,320.7507973909378,200.12986356019974,0.9347551465034485,588.145548582077,187.00506752729416,0.9781760573387146,281.79837441444397,194.9006861448288,0.9201115965843201,435.12774592638016,334.00869143009186,0.9964890480041504,388.4302061200142,336.73849868774414,0.994709312915802,438.55425399541855,422.283518075943,0.9040560722351074,383.786326110363,426.0236233472824,0.9160129427909851,441.32253873348236,484.01746785640717,0.806952178478241,393.249086022377,495.24107110500336,0.8196279406547546,96.52502116137367,106.6529402806328,176.20190508650794,179.44559583496942
4,14.078399981372058,386.3785672187805,188.13090831041336,0.9987481832504272,392.91736501455307,176.76796609163284,0.9981598258018494,381.44835537672043,179.56228548288345,0.9965391159057617,406.4272817969322,171.9874782562256,0.9985275268554688,379.8251303434372,177.08450984954834,0.9968464374542236,445.2050795555115,197.19715523719788,0.9989815950393677,365.7340929508209,203.7386976480484,0.997093141078949,517.8290983438492,187.85823220014572,0.9950176477432251,314.155396938324,194.16111892461777,0.939608097076416,585.5834152698517,167.9187954068184,0.9791058301925659,268.6437296271324,178.6037871837616,0.9261144995689392,434.52272641658783,334.0837595462799,0.9961743950843811,388.0962638258934,336.0210839509964,0.9944369196891785,438.5212290883064,421.38074028491974,0.8996380567550659,383.8553733229637,422.92541229724884,0.9085330367088318,441.7411575317383,485.06254029273987,0.8098548054695129,394.03464525938034,490.8091870546341,0.817497730255127,101.78981199769751,110.11442955460744,170.92896554323937,171.6473090901491
5,13.649300031829625,386.3894060254097,188.46309000253677,0.9987757205963135,392.76642459630966,176.9600397348404,0.9981005191802979,381.35490077733994,179.96689629554749,0.9966184496879578,406.1989175081253,172.01125937700272,0.9984063506126404,379.5679696202278,177.43302315473557,0.9969111680984497,444.52782809734344,197.26972007751465,0.9988166689872742,365.2482735514641,202.85261338949203,0.997097909450531,517.2415547370911,181.94433343410492,0.9949529767036438,311.28702050447464,189.73312550783157,0.9445316791534424,581.9080160856247,149.77143269777298,0.9800564646720886,262.2340875864029,165.9794352054596,0.9321750402450562,433.988547205925,333.59830498695374,0.9960548877716064,387.6821411252022,335.3498440980911,0.9944547414779663,438.3706365823746,420.2181646823883,0.897348940372467,383.87180548906326,421.4223610162735,0.9042487144470215,441.7264114022255,484.25039315223694,0.8123319149017334,394.23597943782806,487.97225165367126,0.8176769018173218,106.3222861415691,113.27500660270671,165.4503665225451,167.82666500111412
6,13.631499954499304,386.38854962587357,189.2256692647934,0.9988237023353577,392.73602241277695,177.90354853868484,0.998120903968811,381.1754850745201,180.64475625753403,0.9967734813690186,406.17472422122955,172.8062605857849,0.9983950853347778,379.21542739868164,178.1622153520584,0.9970648288726807,443.72776359319687,197.31425124406815,0.9987261891365051,364.5341166257858,202.88906168937683,0.9971593022346497,516.3042789697647,179.02632808685303,0.9949876070022583,310.33986937999725,185.95919585227966,0.9489209651947021,564.0360817909241,136.72303181886673,0.9810977578163147,260.4872733950615,154.44927114248276,0.9376830458641052,433.330832362175,333.79078578948975,0.9961410164833069,387.3638281226158,335.47959220409393,0.9946787357330322,438.26990258693695,421.1153930425644,0.8961337804794312,383.8354085087776,422.08373856544495,0.9021032452583313,441.81652069091797,484.5797699689865,0.8120759725570679,394.3588460087776,488.4703130722046,0.8155115842819214,108.49947524069509,117.11791583069011,152.5934052914995,165.05298372948047
7,14.076200022827834,386.626548409462,191.03200900554657,0.9988936185836792,393.08364033699036,179.83898794651031,0.9982070326805115,381.21065098047256,182.4494372010231,0.9969900846481323,406.29132837057114,173.93959611654282,0.9984462261199951,379.13564842939377,179.61682975292206,0.9972743988037109,443.50512647628784,197.56495583057404,0.9986715912818909,363.4059708118439,203.06411004066467,0.997277557849884,511.33357548713684,177.8215737938881,0.9949842691421509,307.6672337651253,182.73366457223892,0.9531893134117126,545.3058210611343,127.23263043165207,0.9820940494537354,260.2275167107582,143.23144352436066,0.9428946375846863,432.52980440855026,333.85599160194397,0.9963127970695496,386.5313007235527,335.82281243801117,0.9949753284454346,438.2309899330139,421.7196778059006,0.8978868722915649,383.8122054338455,422.76809799671173,0.903917670249939,442.04330599308014,485.11332964897156,0.8140763640403748,394.43958842754364,489.90197575092316,0.8168782591819763,110.83313806533228,119.92045343358981,140.1118681839996,160.25565027684002
8,14.566400030162185,388.0219711661339,190.894524872303,0.9989783763885498,394.2148103117943,179.75417816638947,0.9983331561088562,382.0576836466789,182.4748017191887,0.9972251057624817,406.2712297439575,174.52979618310928,0.9985435605049133,379.25878262519836,180.1412358880043,0.9974923729896545,443.4332692027092,198.88059318065643,0.9986902475357056,363.05945014953613,203.8740102648735,0.9973475337028503,503.5503488779068,177.93188381195068,0.9951627850532532,308.2497460246086,183.92968755960464,0.9569967985153198,526.2592812776566,122.21693268418312,0.9832896590232849,263.43890792131424,141.31444692611694,0.9476513266563416,431.81781524419785,333.9032824039459,0.9965676069259644,386.23755568265915,336.75176906585693,0.9953305125236511,437.92027747631073,421.99247455596924,0.9003866910934448,383.9823613166809,424.41163432598114,0.9068042039871216,442.032681286335,485.54576301574707,0.8169577717781067,395.66415947675705,490.1001869440079,0.8180422186851501,114.12848555437797,119.89024321044353,131.3870515696339,156.4341992957512
9,14.764499966986477,389.80274695158005,191.20146268606186,0.9990407824516296,395.6328741312027,180.4712611436844,0.9984157681465149,383.570111989975,183.22578448057175,0.9973880052566528,406.30743938684464,176.20816725492477,0.998590886592865,379.63455468416214,181.28043752908707,0.9976364374160767,442.15562814474106,199.5171943306923,0.9987248778343201,362.91265791654587,204.37051844596863,0.9973767399787903,494.30144798755646,179.15847390890121,0.9953585863113403,308.90708619356155,186.2990381717682,0.9602715969085693,501.2910063266754,121.44930163025856,0.9844549894332886,267.1294814348221,141.9587539434433,0.9517962336540222,431.11907351017,334.24228024482727,0.9967913031578064,386.1579105257988,337.6602772474289,0.9956415295600891,437.2643021941185,422.23215568065643,0.9011005759239197,383.96186125278473,425.9057582616806,0.9082569479942322,440.2240725159645,486.3915385007858,0.8193708062171936,395.9210793375969,490.49196469783783,0.8193556070327759,116.00977993088517,118.39408670719388,118.23247223793382,151.7969076234214
10,13.992499967571348,389.66941624879837,191.57324439287186,0.9989948868751526,394.3612278699875,181.52200365066528,0.9983026385307312,383.8958649635315,183.35631674528122,0.9972537159919739,402.8613679409027,177.75950461626053,0.9984745383262634,381.3464438319206,181.2845242023468,0.9975087642669678,440.8591195344925,202.45074713230133,0.9986947774887085,365.1805644631386,208.14002966880798,0.9971664547920227,488.36467230319977,179.54921114444733,0.9954926371574402,310.60883235931396,189.52036213874817,0.9619830846786499,476.50193297863007,123.65339079499245,0.9853284955024719,272.59414011240005,150.39824694395065,0.9543125033378601,428.5186163187027,338.0590822696686,0.9969493746757507,387.27176517248154,341.25021612644196,0.9958438873291016,433.10629510879517,423.0417995452881,0.8954852819442749,386.9434697628021,428.30787765979767,0.9037011861801147,436.81640523672104,486.57828891277313,0.8109955787658691,400.64728075265884,493.52880024909973,0.8085238337516785,120.9374994933613,118.26246708736163,103.75577700003086,153.01692944604807
11,14.663000009022653,389.57911962270737,191.60394722223282,0.9990519881248474,394.3924329280853,181.75690442323685,0.998386800289154,383.8525632619858,183.5835116505623,0.9974053502082825,403.60705107450485,178.45144927501678,0.9985246062278748,381.3366219997406,182.09716898202896,0.997626781463623,440.5128397345543,205.0904666185379,0.9986565113067627,365.1724019050598,209.78074604272842,0.9970489740371704,475.1004351377487,183.88075304031372,0.995517909526825,311.57519894838333,194.74711167812347,0.9639825224876404,453.1151603460312,133.9670758843422,0.9860610961914062,280.6727977991104,157.5503624677658,0.9574822783470154,428.44472509622574,341.69205939769745,0.9972019195556641,387.06879848241806,344.8810518980026,0.9961873292922974,432.8258777856827,424.4512343406677,0.897162914276123,386.7106629014015,430.1680529117584,0.9052006602287292,435.1791298985481,486.60736310482025,0.8098668456077576,399.8234243988991,493.8497322797775,0.8087641596794128,126.56605578984069,114.87459694352869,97.74549113042718,145.38763320685186
12,14.53159999800846,389.26294761896133,190.65038007497787,0.9990929961204529,394.3864648938179,181.10744005441666,0.9984296560287476,383.8157648444176,182.7602505683899,0.9975013136863708,403.7801240682602,178.33248335123062,0.9985095262527466,381.5635946393013,181.6928145289421,0.9976492524147034,440.5798529982567,206.0362524986267,0.998454749584198,365.366965174675,210.73794746398926,0.9967788457870483,464.1166293621063,199.7149229645729,0.995612382888794,317.2191395163536,207.38017988204956,0.9652155041694641,434.10239481925964,141.87540692090988,0.9869083166122437,290.17321252822876,171.5869088768959,0.9605551958084106,428.4005402326584,344.2097215652466,0.9973939061164856,387.03828924894333,347.21169221401215,0.9964576959609985,432.90811890363693,426.53239154815674,0.9008955955505371,386.7852767109871,430.6941329240799,0.9092486500740051,435.5936540365219,488.2985521554947,0.8156638741493225,399.33712327480316,497.651846408844,0.8180169463157654,110.07063495320197,103.01221155045118,77.60749157491425,131.06451109577196
13,13.65440001245588,387.4061663746834,188.7353891134262,0.9990859031677246,392.2038236260414,178.49184852838516,0.9983927607536316,382.416113615036,181.29253166913986,0.9974681735038757,402.31750071048737,176.56432610750198,0.9983348250389099,381.558536529541,181.38325279951096,0.9975125193595886,440.68987357616425,205.65403544902802,0.9979134202003479,366.12637746334076,211.26883798837662,0.9961375594139099,448.8671777844429,214.76123958826065,0.9948797821998596,321.31219404935837,218.51285088062286,0.9653812050819397,417.7463144659996,187.63637560606003,0.9866446852684021,301.40660524368286,194.12622386217117,0.9627698063850403,428.5560837984085,343.50762808322906,0.9975573420524597,387.04813784360886,346.49156308174133,0.9967074990272522,432.8545136451721,427.17229521274567,0.9049960374832153,386.9176974892616,430.6499184370041,0.9142085313796997,435.1791298985481,488.5794619321823,0.8222498297691345,399.36990731954575,499.96677339076996,0.8293065428733826,46.950654106239845,89.61292503887323,7.004199696304659,120.04086660088716
14,13.701599964406341,385.29235821962357,189.13742125034332,0.9990084171295166,390.34324210882187,178.50653642416,0.9982436895370483,381.0168370604515,181.53917974233627,0.9973323345184326,401.757281601429,176.21076101064682,0.9980703592300415,380.96355295181274,181.72182840108871,0.9973489046096802,440.58277010917664,205.41283124685287,0.9979190826416016,365.6913800239563,211.4918105006218,0.9963486790657043,440.4103126525879,231.7894268631935,0.9936739206314087,322.254634976387,236.67067909240723,0.9645848274230957,383.52341145277023,205.89379197359085,0.985546886920929,313.9098511338234,225.24792969226837,0.9641003012657166,428.60080391168594,344.6757229566574,0.9977461695671082,386.93659180402756,346.7021096944809,0.9969854950904846,433.0199593305588,429.4915350675583,0.9111621975898743,386.82558101415634,433.7299128770828,0.9198750257492065,435.2968313097954,489.1545820236206,0.8289766907691956,399.1485012769699,499.85270845890045,0.8370976448059082,4.542920623480132,68.83023805963208,65.89898357083199,96.05017558332891
15,13.211000012233853,385.3056591749191,192.82412832975388,0.9988117218017578,390.5089821815491,181.87787598371506,0.9979157447814941,380.51153457164764,184.71521854400635,0.9970733523368835,402.2589711546898,176.968816280365,0.9975880980491638,379.2100213766098,182.99979597330093,0.9971473813056946,441.9501993060112,208.03489208221436,0.9979633688926697,361.76353031396866,216.1390516757965,0.9966511130332947,433.3758736252785,249.78867405653,0.9932018518447876,321.8682917356491,259.42744731903076,0.9654121398925781,368.345950961113,238.49214404821396,0.9850599765777588,321.6902676820755,250.43280011415482,0.9655076265335083,428.68542689085007,347.41011452674866,0.9979044795036316,385.9394483566284,349.2394964694977,0.9972370862960815,432.9059243798256,433.0180777311325,0.9174562692642212,386.6403310894966,436.8385592699051,0.9252085089683533,435.37414813041687,495.3251268863678,0.8294463753700256,398.7254399061203,501.9809453487396,0.838571310043335,6.167973589906496,52.95891120201669,91.7499449593461,43.79799633123122
16,14.306900033261627,385.3488538265228,196.49751979112625,0.9985851049423218,391.02276837825775,185.12448906898499,0.9974962472915649,380.53543347120285,187.8407695889473,0.9966096878051758,403.68535810709,179.2881616950035,0.9969491958618164,378.97962313890457,185.30872112512589,0.9965554475784302,443.173940718174,211.72803831100464,0.9981051683425903,361.1826773285866,218.37550246715546,0.9969599843025208,436.1544619202614,266.9457800388336,0.9920142292976379,329.53213089704514,265.66714894771576,0.9664902091026306,388.2696579694748,282.79224014282227,0.9833747148513794,324.9640422463417,293.6674054861069,0.9667463302612305,428.71374160051346,347.04828560352325,0.9980331659317017,384.73583233356476,349.2672436237335,0.9974538683891296,431.69976592063904,432.74748265743256,0.9221709370613098,385.80105954408646,436.5640434026718,0.9285184741020203,435.0376098752022,495.0073616504669,0.8302095532417297,396.8089247941971,503.47006273269653,0.841720700263977,1.145357777316982,43.99378255091388,115.5556531961514,155.47293247024209
17,14.206799969542772,384.0416669845581,196.35569262504578,0.9985243082046509,390.1132453083992,185.02838438749313,0.9973968267440796,379.4640241265297,187.51113641262054,0.9964700937271118,403.3370443582535,179.32898318767548,0.9968016743659973,378.60481452941895,185.1418913602829,0.9962117671966553,442.1132898926735,212.04207879304886,0.998263955116272,361.343279004097,218.4229440689087,0.9972404837608337,438.89737582206726,267.1936948299408,0.9916191101074219,337.98645359277725,266.4440692663193,0.9676535129547119,397.76124107837677,303.47542130947113,0.9831349849700928,329.49279004335403,313.5710424184799,0.9687060117721558,427.2902449965477,346.476935505867,0.9981894493103027,382.2232899069786,348.029479265213,0.9976712465286255,430.89780128002167,432.4605710506439,0.9271636009216309,383.963520526886,436.3070504665375,0.9323654174804688,432.5421151518822,495.269029378891,0.8367784023284912,395.567279279232,508.03953647613525,0.8493090867996216,2.95496300718902,35.08955138322133,134.74918621558237,164.2790400593444
18,14.623800001572818,382.37198227643967,197.34450167417526,0.998134434223175,389.1322931647301,185.8655492067337,0.996749997138977,377.81740868091583,188.33177357912064,0.9955322742462158,402.89254623651505,179.99367833137512,0.9960670471191406,377.2098467350006,185.5777931213379,0.9947696924209595,442.18407666683197,215.72162288427353,0.9983874559402466,360.79887652397156,219.61993217468262,0.9974632263183594,441.28520506620407,280.918824672699,0.9914714694023132,343.3291288614273,278.95269751548767,0.9682108759880066,407.1790400147438,326.9661319255829,0.982896089553833,337.0551726222038,330.5998328924179,0.9697070717811584,427.076225399971,346.0616329908371,0.9981991648674011,380.62372291088104,347.73146879673004,0.9977179765701294,430.88297486305237,432.28154158592224,0.930932879447937,381.6866485476494,436.27091884613037,0.9355754256248474,432.8588224053383,495.4749916791916,0.8397006392478943,394.40600150823593,507.1179087162018,0.8527527451515198,5.821825803372436,25.202931195048237,144.26340091247332,170.5198347019806
19,14.447599998675287,381.3593165874481,197.9030488729477,0.9972769021987915,388.7017918229103,186.47570008039474,0.9953935742378235,376.5494288802147,188.6819155216217,0.9934477210044861,402.40249836444855,180.51362079381943,0.9944893717765808,375.53812807798386,185.6752097606659,0.991685152053833,441.8271989226341,217.35235631465912,0.9984765648841858,358.33236557245255,220.354010283947,0.9975929856300354,443.632007420063,283.37221598625183,0.9914361834526062,343.6451670527458,285.79460287094116,0.9675527811050415,415.5028688311577,344.3557560443878,0.9823314547538757,336.58468812704086,342.2697732448578,0.9691261649131775,424.24135559797287,344.79343724250793,0.9976481795310974,377.5580266714096,346.1247276067734,0.9969782829284668,429.94984728097916,428.93586814403534,0.9298921227455139,380.31493735313416,435.841561794281,0.9333069920539856,433.11202228069305,490.54806220531464,0.835106611251831,390.83444076776505,508.0838716030121,0.8477012515068054,9.422663529678163,21.340713661009477,153.67218852262266,174.47649767738025
20,14.263999997638166,379.4911612868309,198.0712207555771,0.9968668222427368,387.05070704221725,186.25901591777802,0.9947913289070129,374.0603839159012,188.65498268604279,0.992559015750885,400.86836564540863,180.42552357912064,0.9939908981323242,372.92669826745987,185.59961384534836,0.9904991388320923,441.75389647483826,217.50651890039444,0.9985817074775696,356.58630073070526,222.76148307323456,0.9977512359619141,445.72649306058884,286.4848133325577,0.9913508296012878,345.2159911394119,288.98434937000275,0.9658493995666504,432.9899318218231,352.05981373786926,0.9817057251930237,336.34984731674194,350.48238801956177,0.9676752686500549,424.2652544975281,345.10619592666626,0.9971281290054321,377.99286353588104,346.09109926223755,0.9964430928230286,429.8258031606674,435.446014046669,0.9217292070388794,379.594839155674,438.5380423069,0.9270462393760681,435.71440637111664,490.62418591976166,0.8044102191925049,387.7137743830681,507.44749665260315,0.8294278979301453,11.100394249235999,19.58939078325019,165.71222223571027,178.4612255593905
21,13.884599960874766,376.7622441649437,198.26679295301437,0.9965047240257263,384.14387291669846,186.28527015447617,0.9943699836730957,371.25313299894333,188.70884835720062,0.9919590353965759,397.2718890309334,180.45945352315903,0.9936707019805908,370.88704895973206,185.6231838464737,0.9898789525032043,441.40317410230637,217.66813099384308,0.9986579418182373,354.917793571949,225.03875535726547,0.9978476166725159,447.91381776332855,283.13763189315796,0.9898532629013062,345.4426961541176,290.52389419078827,0.962415874004364,457.30884182453156,336.3898195028305,0.9773717522621155,331.9145273566246,353.56379997730255,0.9632294774055481,424.4712453484535,344.74249708652496,0.9962201118469238,378.489254117012,345.8207756280899,0.9954730272293091,429.52932834625244,435.9541790485382,0.9160522818565369,379.10262352228165,437.96192693710327,0.9200642108917236,435.2213878631592,495.6794158220291,0.7835193872451782,386.5081511735916,504.8230381011963,0.8158518671989441,13.26876078366238,19.275912075348753,175.6736785368895,176.12123243298456
22,14.017799985595047,375.1965584754944,198.04905319213867,0.9964879155158997,382.45893359184265,186.1807508468628,0.9943504333496094,369.48592579364777,188.59194839000702,0.9919811487197876,394.97165340185165,180.42086386680603,0.9937665462493896,369.20714098215103,185.56782525777817,0.9899943470954895,439.5474365949631,216.96624863147736,0.9987571239471436,354.08245611190796,225.04145467281342,0.9979773163795471,459.517014503479,273.4490193128586,0.9895895719528198,343.83692026138306,287.5443022251129,0.9624772667884827,479.58138513565063,322.7877724170685,0.9765026569366455,329.20404958724976,339.8684380054474,0.9629266262054443,424.53063130378723,343.6347824335098,0.9963833689689636,378.17621332407,344.8084568977356,0.9956769943237305,428.5888410806656,433.73748302459717,0.9184483289718628,379.02193462848663,436.3721959590912,0.9225733280181885,434.4837334752083,480.28882336616516,0.7805208563804626,386.4449649453163,503.6971369981766,0.8181363344192505,26.232104689627896,20.683678073256647,177.34125171499792,173.68511502250007
23,13.467999990098178,374.93276065588,197.94168376922607,0.9964889287948608,382.23131865262985,186.05971896648407,0.99428790807724,369.1657929420471,188.51645803451538,0.9919690489768982,394.0602034330368,180.35820657014847,0.9938042759895325,368.19755297899246,185.53918838500977,0.9899436235427856,437.0329405069351,216.50630939006805,0.99884432554245,353.71551567316055,224.29339742660522,0.9980873465538025,467.4526267051697,270.6070170402527,0.9897378087043762,343.6450867652893,280.9008493423462,0.9626042246818542,497.1377362012863,316.7633525133133,0.9767835140228271,328.4426301121712,325.8726226091385,0.9632593393325806,424.15218299627304,342.9032528400421,0.9965861439704895,377.84267246723175,344.01117861270905,0.9959231019020081,428.162862598896,431.3390431404114,0.9216476678848267,379.16524773836136,435.53450334072113,0.9261177778244019,434.0537673830986,475.72770392894745,0.7792764902114868,386.67726331949234,500.85848248004913,0.8221395611763,35.16689391997703,21.481747395330025,176.60132821345098,171.40981307527395
24,13.607800006866455,373.8168452978134,197.87947887182236,0.9965758323669434,380.6899600625038,186.01206624507904,0.9943541288375854,368.2731837630272,188.5136833190918,0.99208664894104,391.9619175195694,180.349445104599,0.9938616156578064,367.35651510953903,185.50096064805984,0.9899943470954895,435.8624564409256,216.25682628154755,0.9989266991615295,353.811726808548,223.53200948238373,0.9981979727745056,476.8374810218811,264.08890891075134,0.9897953271865845,342.64269787073135,278.22379183769226,0.9621813893318176,519.2559134960175,309.7832844257355,0.9764575362205505,322.28830218315125,320.2952334880829,0.9626287221908569,424.32758432626724,342.1523605585098,0.996783971786499,378.03817242383957,343.9775804281235,0.9961808919906616,428.28824484348297,429.5030561685562,0.9253221154212952,379.1088859438896,434.1848154067993,0.9292402267456055,434.1904166340828,476.62429893016815,0.785975992679596,387.05900341272354,491.8677409887314,0.8279993534088135,45.81975506837138,22.91483815549557,177.71400175245094,165.72415035049133
25,14.216999989002943,371.9469504356384,197.01624077558517,0.9965795874595642,377.7810652256012,185.3706545829773,0.9942288994789124,367.13987278938293,187.86700874567032,0.9919671416282654,388.5851341485977,180.1827208995819,0.9936770796775818,367.32838773727417,184.98783433437347,0.9898355007171631,433.1910786628723,212.71594256162643,0.9989765286445618,354.13849675655365,222.27506339550018,0.9982576370239258,484.21825337409973,250.0875591635704,0.989838719367981,340.09383875131607,270.26560640335083,0.9605423808097839,538.1547243595123,298.42568051815033,0.9765110015869141,313.2561239004135,292.11009645462036,0.9614927768707275,423.8341376185417,341.4180260896683,0.9968991279602051,378.2226997613907,343.4421206712723,0.9963330626487732,428.16484302282333,428.6711241006851,0.9236443638801575,379.23541897535324,433.3065274953842,0.9286509156227112,432.8460566997528,479.0046730041504,0.7857512831687927,387.5263031721115,491.11715030670166,0.8272727131843567,57.9396746651256,27.554437301567987,174.35169957571924,145.45614172342795
26,13.5522999917157,370.7971805334091,196.98960953950882,0.9965587258338928,376.5500444173813,185.33862471580505,0.9941325187683105,365.81545090675354,187.94436901807785,0.9916714429855347,388.04431784152985,180.16427809000015,0.9936486482620239,365.8975582122803,185.0681955218315,0.9893901348114014,430.9289528131485,206.77892619371414,0.9990336298942566,353.57744801044464,219.30957120656967,0.99824059009552,485.374392747879,234.45883882045746,0.9899784922599792,333.57915395498276,257.2011604309082,0.9570618271827698,534.7612411975861,260.25669515132904,0.9755120873451233,307.66651117801666,270.36438024044037,0.955232560634613,423.38565188646317,337.7030440568924,0.997043251991272,377.3567995429039,340.60394871234894,0.9964650869369507,428.22564738988876,424.4559996128082,0.9242165088653564,378.9958412051201,430.91885471343994,0.9291059374809265,433.814644575119,476.06196665763855,0.7932985424995422,387.5469370484352,491.03888523578644,0.8296894431114197,66.34883890652594,38.916010794311475,179.36776334731476,144.75390524168097
27,13.788899988867342,370.70972073078156,195.4299932718277,0.9966616034507751,376.4664384126663,183.66574275493622,0.9943627119064331,365.6083627939224,186.85571545362473,0.9918531775474548,387.40022510290146,179.36899036169052,0.9939861297607422,365.3877061009407,184.368454515934,0.9898017048835754,427.77673345804214,203.26042115688324,0.9990792870521545,353.0244815349579,217.4317825436592,0.9981549978256226,488.5887278318405,221.62279415130615,0.9903950691223145,331.5622527599335,242.13566207885742,0.9504913687705994,549.3797136545181,239.4138019680977,0.9748859405517578,300.19934952259064,253.57943296432495,0.9469740390777588,422.6050437092781,335.38099932670593,0.9972009062767029,376.3604322075844,339.992516040802,0.9965681433677673,428.1743169426918,420.62481129169464,0.9251757264137268,378.7051738500595,427.77905309200287,0.9264572262763977,433.95731538534164,473.0479018688202,0.8007368445396423,387.6976098418236,488.84625685214996,0.8260034918785095,75.43976907687149,51.76370819662585,179.51071524892075,151.02958358524853
28,13.752499944530427,369.79535365104675,194.3414603471756,0.9967910647392273,375.5841863155365,182.5578169822693,0.9946766495704651,364.8355425000191,185.9962021112442,0.9922061562538147,386.6254511475563,178.11843818426132,0.9944409132003784,364.42527359724045,183.37854462862015,0.9904783964157104,426.3791161775589,201.07720267772675,0.9990887641906738,353.0053731203079,214.55693608522415,0.9979798793792725,490.5077586174011,208.11986774206161,0.9909295439720154,330.7066293358803,223.95020735263824,0.9437643885612488,559.2423318624496,219.24400347471237,0.9750334620475769,293.0203127861023,229.22228729724884,0.9394918084144592,422.50746768713,335.951504945755,0.9973224401473999,376.37820249795914,340.1852682828903,0.9966346025466919,428.3743397593498,422.2750129699707,0.9233528971672058,378.3833549618721,428.505455493927,0.9224847555160522,435.07855647802353,481.29037499427795,0.7953404188156128,387.7842935323715,494.05865025520325,0.8169969916343689,85.37709934858029,77.69613876430539,177.07401155468224,165.12054307543582
29,14.95380001142621,369.47548842430115,194.16674375534058,0.9970203042030334,375.33893489837646,182.3309387564659,0.9950811266899109,364.1703609228134,185.78544437885284,0.9927492737770081,386.7906559705734,177.33293735980988,0.9949174523353577,363.02203619480133,182.75927037000656,0.9912464618682861,425.6666185259819,198.71619129180908,0.9991024136543274,352.27697855234146,210.44853258132935,0.9978766441345215,490.7512972354889,198.79358172416687,0.9914822578430176,319.4726746082306,209.15809386968613,0.9438602924346924,557.7674512863159,197.5099139213562,0.9760830998420715,272.69610518217087,204.60449934005737,0.939708948135376,422.3482844233513,335.9496953487396,0.9974701404571533,376.4565362930298,340.2755068540573,0.9967615008354187,428.41699916124344,422.56889152526855,0.9229210019111633,378.0048798918724,428.7805745601654,0.9203294515609741,436.60040521621704,482.2576950788498,0.7963173389434814,387.84962075948715,494.24790394306183,0.8115047216415405,91.31702488123554,102.80285698826789,178.8345274700275,176.6926134755892
30,13.372199959121644,369.80490785837173,194.18916767835617,0.9972561597824097,375.5043002963066,182.36477822065353,0.9954599142074585,364.335431933403,185.7449546456337,0.9932907223701477,387.23587667942047,177.19495558738708,0.9953187108039856,362.48748230934143,182.54045993089676,0.9919307827949524,426.1716533899307,197.38453900814056,0.9990661144256592,350.56099474430084,205.66543591022491,0.9977836608886719,497.26170003414154,189.7593194246292,0.9919822812080383,306.5136903524399,199.67321175336838,0.946491003036499,565.8388563394547,178.65996009111404,0.9774051904678345,263.231070458889,191.56869024038315,0.9429098963737488,422.0896517634392,332.85971796512604,0.9974051713943481,376.53374606370926,336.93809723854065,0.9966145753860474,427.42611813545227,418.6451724767685,0.9207611083984375,377.4329120516777,422.1192971467972,0.9149190783500671,434.8505936264992,474.57306039333344,0.8051187992095947,388.0478237271309,490.68755197525024,0.8157832026481628,97.84807627258922,108.93862448250927,176.92850199069525,177.14137107313044
31,13.759299996308982,369.3921500444412,194.33815783262253,0.9974077343940735,374.76876014471054,182.56484425067902,0.9956567883491516,363.9711945056915,185.75487726926804,0.9935799837112427,387.07701456546783,177.1538023352623,0.9955345392227173,361.9641954302788,182.305770277977,0.9923796653747559,426.52323216199875,196.89944636821747,0.9989861845970154,349.027290225029,203.80007314682007,0.9977461099624634,499.2430874109268,180.7339090704918,0.992384672164917,298.37141823768616,191.89585030078888,0.9502834677696228,564.3004951477051,158.78598546981812,0.9786015152931213,247.64087891578674,174.79274570941925,0.9470429420471191,422.1640514731407,333.2122576236725,0.9970546364784241,376.6009199023247,337.0778282880783,0.9963305592536926,427.2993977665901,420.03910505771637,0.9174621105194092,377.1176767349243,423.53955936431885,0.9104442000389099,434.62731420993805,474.79558050632477,0.8084039688110352,388.17526668310165,491.2916557788849,0.8187233805656433,104.36464081185505,114.91357545313728,173.89052824372118,174.59382343171896
32,13.250800024252385,369.1436336040497,193.31391084194183,0.997427761554718,374.4389927983284,181.882339656353,0.9955964088439941,364.0342201590538,184.52094322443008,0.9935822486877441,386.46008574962616,176.575621008873,0.9955293536186218,362.31341910362244,180.80514687299728,0.9926053285598755,426.2738860845566,196.93541210889816,0.9988288879394531,348.4997748732567,202.46211743354797,0.9976550936698914,497.7358777523041,176.69282257556915,0.9926724433898926,296.85414588451385,187.07538545131683,0.9539003968238831,554.2009218931198,142.1797660589218,0.9796600341796875,244.27827966213226,161.2883716225624,0.950892984867096,421.8846243619919,333.5851250886917,0.9967736005783081,376.63116151094437,337.30212783813477,0.996177613735199,426.9476851820946,420.41242492198944,0.9123706221580505,376.99274945259094,424.26240289211273,0.9061807990074158,433.90890204906464,475.7424521446228,0.8041293025016785,388.12926197052,494.79536736011505,0.817292332649231,107.65524017132006,118.37478441905253,164.3810301948463,170.46364345676943
33,13.514499994926155,369.2018420100212,193.17410439252853,0.9975835680961609,374.67784798145294,181.66841512918472,0.9958266019821167,363.89275366067886,184.46075904369354,0.9939873814582825,386.56312131881714,175.8923322558403,0.9957915544509888,362.07052278518677,180.81920140981674,0.9931623935699463,426.23556220531464,197.20327770709991,0.9987823367118835,348.304970741272,202.30812072753906,0.9977162480354309,495.3250595331192,174.14762437343597,0.9929163455963135,295.8549417257309,184.39493495225906,0.9575483798980713,549.0280010700226,130.90461945533752,0.9807040095329285,246.5528500676155,152.38702422380447,0.9547425508499146,421.45821768045425,333.8543026447296,0.99683678150177,376.3490849137306,337.10991847515106,0.9963099360466003,426.76559323072433,421.23998379707336,0.9088462591171265,376.58855563402176,424.88083267211914,0.9045320153236389,432.9840708374977,476.3629629611969,0.7989097237586975,386.69275879859924,494.86099541187286,0.8162188529968262,110.45647389542673,120.60866354989267,159.6122972008882,165.86405943821768
34,13.554900011513382,370.0111395716667,192.89851784706116,0.9977509379386902,376.0472040772438,181.37868356704712,0.9960911870002747,364.0386092066765,184.27728098630905,0.9944205284118652,388.1096985936165,175.57842749357224,0.996067464351654,362.3092173933983,180.77945059537888,0.993719756603241,426.4500367641449,196.93495970964432,0.9987513422966003,348.2992435693741,201.79592937231064,0.9977992177009583,494.24968934059143,174.1291664838791,0.9931720495223999,293.44725471735,181.72816199064255,0.9609808325767517,529.6500881910324,122.98873335123062,0.9818049669265747,246.20574063062668,144.32869267463684,0.9583711624145508,420.7472722530365,334.04802000522614,0.9969399571418762,375.95540875196457,336.9534788131714,0.9964556694030762,426.33824986219406,421.7415739297867,0.9054515361785889,376.2781910896301,425.00491070747375,0.9023541212081909,431.93126142024994,476.7535343170166,0.7941083908081055,385.39855176210403,492.67925477027893,0.8117709755897522,110.97306943504319,121.6595232883649,143.28314639658046,161.72776174468362
35,12.878500041551888,371.4140290617943,192.36112785339355,0.9978537559509277,376.83932012319565,181.14041996002197,0.9962500333786011,365.3566616177559,184.0275565981865,0.9946691393852234,388.1478083729744,175.50405305624008,0.9962357878684998,363.3160488605499,180.64496737718582,0.9941096305847168,426.3416486978531,197.2622554898262,0.9987300038337708,348.50539499521255,202.0916929244995,0.9977827668190002,488.8315706253052,174.33274614810944,0.9935200214385986,294.5619390010834,182.49372708797455,0.9638477563858032,505.1050887107849,117.7395448088646,0.982958972454071,250.44390136003494,143.0698766708374,0.9613756537437439,420.1973031759262,334.1275819540024,0.9969795346260071,375.73935520648956,337.09887993335724,0.9965159893035889,425.5841365456581,421.8382968902588,0.8980923891067505,376.20753812789917,425.23083889484406,0.8989890813827515,431.13317734003067,477.1530028581619,0.7839953303337097,385.45965051651,493.1169058084488,0.8049531579017639,112.72014320330378,121.37115854893064,126.19239169784238,158.18241895875667
36,12.978200044017285,374.58182418346405,192.30418586730957,0.9979227185249329,379.88360637426376,181.1510362625122,0.9963444471359253,368.2653423547745,184.04133969545364,0.9948306679725647,389.5277624130249,175.700288772583,0.9963521361351013,365.30236053466797,180.66966837644577,0.9944098591804504,426.302361369133,197.70332968235016,0.998709499835968,348.9114354252815,202.78881001472473,0.9977384805679321,479.0477946996689,176.15421110391617,0.9938647150993347,295.16848397254944,185.18416053056717,0.966280996799469,480.36424136161804,120.44983103871346,0.9840424060821533,254.4029026031494,144.40736490488052,0.96381014585495,419.2139156460762,334.61388099193573,0.9970481991767883,375.4920698404312,337.78737127780914,0.996577799320221,424.82167333364487,422.56536281108856,0.8921555280685425,375.9928494691849,425.2832568883896,0.8957471251487732,428.07208424806595,483.24000465869904,0.773514986038208,385.549947142601,493.20231878757477,0.7938833236694336,115.1862452322876,119.27611949185068,113.57624741130952,153.12943209565194
37,13.556000019889325,376.66584569215775,192.33654749393463,0.9980153441429138,381.88233584165573,181.4902753829956,0.9964879751205444,370.76653748750687,184.05160915851593,0.9950271844863892,390.9320703148842,176.8354942202568,0.9965060353279114,367.93185502290726,180.71077638864517,0.9946619868278503,426.14411479234695,198.23048037290573,0.9987102150917053,351.46701192855835,203.4260596036911,0.9976182579994202,472.2774746417999,179.17269432544708,0.9941605925559998,297.8022336959839,190.92077910900116,0.96782386302948,454.4918761253357,125.36731290817261,0.9849768280982971,255.79005575180054,153.62700533866882,0.9654616117477417,419.0915040373802,335.7331167459488,0.9972269535064697,375.5247200727463,338.8772312402725,0.9967564940452576,423.6779517531395,423.8855241537094,0.8897497057914734,375.3938782811165,425.66737401485443,0.8932576179504395,427.24407970905304,480.5716633796692,0.7666491270065308,385.57264173030853,493.3938344717026,0.783561646938324,115.38179013958236,113.18868501176708,94.15409692938972,151.5221816962672
38,14.168400026392192,377.79998630285263,192.5248813033104,0.9979274868965149,384.8223822116852,181.66651505231857,0.9963100552558899,371.8115322589874,184.45641601085663,0.9947125315666199,395.8495432138443,177.19525718688965,0.9963008165359497,368.8490589261055,181.6957551240921,0.994382381439209,428.73493748903275,199.54726380109787,0.998539388179779,352.96354335546494,205.1210337281227,0.9973920583724976,459.51337480545044,192.18947249650955,0.9942896962165833,298.62742817401886,196.11756473779678,0.9685101509094238,432.75921243429184,139.99950325489044,0.9857677221298218,265.0713124871254,163.39937210083008,0.9671640396118164,419.0327871441841,338.58992755413055,0.9973135590553284,375.158636033535,341.1003211736679,0.9968499541282654,423.2878350019455,427.42075288295746,0.8844849467277527,374.65076434612274,427.834245800972,0.8890555500984192,427.2800217270851,483.3627858161926,0.7549409866333008,385.06150501966476,497.70308816432953,0.7737700939178467,107.43614615109364,108.67869923816855,76.30356381487654,145.13276542711424
39,13.810399977955967,377.7902447581291,189.89128428697586,0.9980283975601196,384.8423202633858,178.91671174764633,0.9964675307273865,372.066578745842,182.69138032197952,0.9949147701263428,395.6510190963745,176.63856482505798,0.9963520765304565,370.174016058445,181.45287704467773,0.9945564270019531,430.6653690934181,201.1944042444229,0.9981807470321655,354.2748783826828,208.09595090150833,0.9968066811561584,451.78019404411316,205.60016977787018,0.9942325353622437,308.6160174012184,209.70952332019806,0.9694589972496033,428.45896273851395,179.85890859365463,0.9861889481544495,278.4803882241249,184.38448452949524,0.969414234161377,419.24247121810913,339.5937110185623,0.9975046515464783,375.1412671804428,342.56135964393616,0.9970667362213135,422.27720326185226,429.1909911632538,0.8900836110115051,373.9709436893463,429.0997271537781,0.8946490287780762,427.6876411437988,484.68101692199707,0.7627071738243103,383.98629540205,498.49134862422943,0.7835038304328918,82.93217288538449,96.79684757604508,36.03776604755037,137.93338230913287
40,13.422699994407594,375.1354329586029,190.292260825634,0.997965931892395,381.60058039426804,179.10371851921082,0.9963147640228271,370.6333405971527,183.04440253973007,0.9947885870933533,395.3389685153961,176.8310003876686,0.9961601495742798,370.06870567798615,181.97942453622818,0.994466245174408,432.3209767341614,202.40766364336014,0.9978973269462585,356.1888510584831,209.34559828042984,0.996804416179657,437.4815600514412,226.70373541116714,0.9940901398658752,311.68503218889236,224.8585044145584,0.9690552353858948,392.5518162250519,197.35658073425293,0.9865984320640564,290.7016110420227,212.3523794412613,0.9709339737892151,419.3442489504814,340.36800742149353,0.9975759387016296,375.155558347702,342.55617213249207,0.997198760509491,421.7616239786148,430.1180477142334,0.8952723145484924,373.25788402557373,429.55809807777405,0.9006789922714233,427.3431009054184,489.63750314712524,0.766447901725769,384.08526307344437,502.60269272327423,0.7942618131637573,17.36514225270878,78.88612412700792,44.85664569340425,129.98778260511085
41,13.15830001840368,376.19011574983597,193.24917250871658,0.9977911710739136,382.96771520376205,183.05679827928543,0.995970606803894,371.7680967450142,186.7567304968834,0.994533121585846,395.4460452198982,178.47529071569443,0.9956981539726257,370.6346251964569,183.95140272378922,0.9942991137504578,434.1337069272995,205.4575433731079,0.9975521564483643,355.9475069642067,211.60112524032593,0.9969289302825928,432.0135560631752,239.7423946261406,0.9926947951316833,316.98400431871414,237.2564908862114,0.9678822755813599,386.0774624943733,222.5294173359871,0.985681414604187,297.20559084415436,243.52270311117172,0.9717332720756531,419.39143121242523,341.1844674348831,0.9976606369018555,375.0516931414604,343.0035045146942,0.9973617196083069,421.54709589481354,431.0359356403351,0.9005972146987915,373.1318862438202,431.0177491903305,0.9071099162101746,427.49695843458176,492.76303911209106,0.7698983550071716,384.36616212129593,505.4217131137848,0.8054949641227722,2.660379986844913,64.90934905134627,72.99685928592174,164.2165343633385
42,14.723500004038215,377.13092416524887,196.1272008419037,0.9973263740539551,383.76392590999603,185.79176288843155,0.9950523376464844,372.21155112981796,188.89042633771896,0.9938012361526489,396.0854277610779,179.5208758711815,0.9945892691612244,370.7911054491997,185.37956684827805,0.9936566948890686,436.50368559360504,209.48710876703262,0.9975793957710266,355.9172921180725,214.0258947610855,0.9971894025802612,434.21974831819534,260.3352618217468,0.9913731813430786,318.30922907590866,255.04484462738037,0.9684721231460571,383.1349539756775,267.68771481513977,0.9837334156036377,309.07223749160767,264.24975192546844,0.9724406599998474,419.56437039375305,341.5660209655762,0.9976555705070496,375.09451311826706,343.9542969465256,0.9974641799926758,421.24291348457336,432.660591840744,0.9051167964935303,373.1957415342331,432.63791155815125,0.9117733836174011,427.5533202290535,495.0358326435089,0.7739442586898804,384.17352575063705,506.38327264785767,0.8135172724723816,4.736556497011441,50.912175602221716,100.76195019045353,177.41635201583594
43,14.628599979914725,377.5055721998215,197.3891685605049,0.9971534013748169,384.25220745801926,186.83644324541092,0.9948456287384033,372.3498596549034,189.56706482172012,0.9933300614356995,396.81590980291367,180.0608897805214,0.9941415190696716,370.78513741493225,185.90656673908234,0.9926682710647583,436.1997440457344,210.80891382694244,0.9977782964706421,356.47467440366745,215.20073038339615,0.9974315166473389,433.99143755435944,266.42479705810547,0.990790843963623,328.14971470832825,262.14522075653076,0.9688201546669006,389.39004266262054,296.35016322135925,0.9823635816574097,314.82073909044266,301.73063802719116,0.9728061556816101,419.60553109645844,340.4447946548462,0.9977880716323853,375.19634437561035,341.8398733139038,0.9976261258125305,420.985752761364,430.2202296257019,0.9101763367652893,372.6998862028122,427.4773932695389,0.9152576923370361,426.68126463890076,493.8375174999237,0.7848709225654602,383.0279843211174,500.7693899869919,0.8215201497077942,5.02073831113442,39.51497621646849,126.13350387326238,167.50353765570668
44,16.63560001179576,377.283229470253,197.73095619678497,0.9969150424003601,384.22132354974747,187.07743632793427,0.9945617318153381,371.8648698925972,189.45600080490112,0.9926368594169617,396.6664680838585,180.46384179592133,0.9937648177146912,370.33769541978836,185.86574524641037,0.9915573596954346,435.86352694034576,213.29177141189575,0.997958242893219,356.39080077409744,215.8723321557045,0.9976387619972229,435.54360818862915,274.13036274909973,0.9905509352684021,335.71662014722824,267.0230196714401,0.9682677984237671,403.02012300491333,315.06504571437836,0.9815709590911865,322.370623588562,315.5286041498184,0.9728325009346008,419.58109694719315,340.5042700767517,0.9978426694869995,374.95446503162384,341.9135239124298,0.9976786971092224,421.0342999100685,430.1952873468399,0.915173351764679,372.52221006155014,428.48111641407013,0.9181982278823853,428.3864631652832,493.8845067024231,0.795667827129364,382.741518676281,498.4196584224701,0.8272603750228882,6.992569011974934,30.386097231951275,141.83338985710262,173.37622914590185
45,16.35250000981614,375.5081273317337,197.60120809078217,0.9968544244766235,382.6340940594673,186.8700414299965,0.9944218397140503,370.3354741334915,189.2848732471466,0.9922806620597839,396.1489083766937,180.5420314669609,0.9935441017150879,369.3630859851837,185.8568179011345,0.9907689094543457,435.7682792544365,216.5970003604889,0.9981219172477722,355.7503744959831,218.78331023454666,0.9978041052818298,438.9769942164421,279.82941710948944,0.9908120632171631,336.91528511047363,279.7801659107208,0.9676122665405273,411.51501762866974,333.35958898067474,0.9811352491378784,324.89986580610275,330.3812335729599,0.9720463752746582,417.40113192796707,342.88401079177856,0.9977758526802063,373.6677247285843,343.27473294734955,0.9975432753562927,421.0849880576134,431.46369421482086,0.9196949005126953,371.3883370757103,430.69645524024963,0.9213101863861084,430.44819152355194,493.14214968681335,0.8052585124969482,383.4104202389717,499.2852791547775,0.8316411375999451,11.180030807779412,25.350072083202452,149.93636052225338,176.19766269623148
46,15.435200009960681,374.47935062646866,197.52145010232925,0.996631383895874,381.5029776096344,186.47735887765884,0.9940823316574097,369.1670775413513,189.19374495744705,0.9917095899581909,395.54493260383606,180.2295442223549,0.993267834186554,368.1706299185753,185.79523128271103,0.9899675846099854,435.66406613588333,216.38823318481445,0.998266875743866,354.0325708389282,222.32451063394547,0.9979516863822937,440.4189034104347,281.6691439151764,0.9909349083900452,338.07939970493317,286.2522197961807,0.9673708081245422,430.4511086344719,339.7041265964508,0.9808062314987183,325.49557197093964,342.4704575538635,0.9718472361564636,417.45703876018524,344.12850081920624,0.9976639151573181,373.5388098359108,344.7278091907501,0.9974037408828735,421.13326758146286,432.6642713546753,0.9201095104217529,371.4490343928337,433.6960130929947,0.9202902913093567,430.5337244272232,492.7556800842285,0.7995882034301758,383.2935217022896,499.77402114868164,0.8258816599845886,12.277694760645403,23.066525878321382,166.08838566494867,178.6050625010226
47,13.766300049610436,373.0211698412895,197.4041429758072,0.9964510798454285,379.48361426591873,186.1903417110443,0.9938663244247437,367.88938295841217,189.09516716003418,0.991338849067688,392.9896772503853,179.95163536071777,0.993156373500824,367.2932218313217,185.74459272623062,0.9894449710845947,436.15745931863785,216.89656406641006,0.9983909726142883,353.2650227546692,224.0089589357376,0.9980645775794983,447.4374722838402,283.15105307102203,0.9908092617988586,339.3616706728935,288.29522466659546,0.9656904339790344,453.64757323265076,341.78407740592957,0.9796008467674255,321.87551760673523,347.59439182281494,0.9701935052871704,417.9560253024101,343.65031480789185,0.9973022937774658,373.51327842473984,343.76935613155365,0.9969479441642761,421.137308716774,433.1595882177353,0.9210419654846191,371.5171716809273,433.9214587211609,0.9201643466949463,430.75587981939316,499.7066739797592,0.7978638410568237,383.31667125225067,499.6589307785034,0.8244441151618958,17.833752995261648,21.799968963449775,176.38380381698875,175.7738030748827
48,13.065200007986277,371.16286313533783,196.7909761071205,0.9964407682418823,377.76912915706635,185.05492514371872,0.993848443031311,366.34160137176514,188.0642849802971,0.9913476705551147,390.224871635437,179.46067661046982,0.993223249912262,366.51264041662216,184.91112250089645,0.9893592000007629,435.5922891497612,216.44853800535202,0.9985121488571167,352.95080441236496,223.7002718448639,0.9981648325920105,458.2241723537445,273.5476121902466,0.9907785654067993,341.34412854909897,283.8060065507889,0.9645368456840515,473.91041445732117,327.6829434633255,0.9789493680000305,320.24043679237366,336.0506407022476,0.9689130187034607,418.0577762722969,343.2719883918762,0.9973430037498474,373.4809225797653,343.57778012752533,0.9969620108604431,421.16404443979263,433.03186082839966,0.9241001605987549,371.5649962425232,433.81321465969086,0.9226019382476807,430.8817170262337,494.02245831489563,0.801906168460846,383.1434109210968,498.6565045118332,0.8286172747612,29.493241332444647,20.647682430207716,174.53798716544335,168.9337877351385
49,13.219999964348972,370.8409907221794,196.24140149354935,0.9966706037521362,377.3186094760895,184.08947497606277,0.994213879108429,365.8430162668228,187.22048497200012,0.9918730854988098,389.63649839162827,178.76437383890152,0.993632972240448,365.773380279541,184.22118347883224,0.98994380235672,434.47393840551376,215.94669151306152,0.998641848564148,352.91917115449905,222.9699788093567,0.9983041882514954,466.9883511066437,269.23971569538116,0.990896463394165,341.1000546813011,277.9936714172363,0.9646993279457092,496.4282091856003,323.1582874059677,0.9790742993354797,318.6887746453285,323.94865906238556,0.9688419103622437,418.1243078112602,343.11002945899963,0.9975258111953735,373.07030576467514,343.51372039318085,0.9971648454666138,421.708125770092,433.5001242160797,0.927753746509552,371.5960674881935,434.39427626132965,0.9265968799591064,431.6375431418419,491.71935403347015,0.8080437779426575,382.9086503982544,495.2215576171875,0.8344064950942993,38.71406458833665,21.61325818045373,177.24716855254252,166.12543685102702
50,13.757599983364344,370.74579656124115,196.02857780456543,0.9968337416648865,377.2699017524719,183.76570791006088,0.9944632053375244,365.5584775209427,186.9397863149643,0.9922622442245483,389.5553812980652,178.55639082193375,0.9939320087432861,364.9118423461914,183.9667541384697,0.9903972744941711,433.8958954811096,215.87160831689835,0.9987480640411377,352.8402218222618,222.05922371149063,0.9984155893325806,474.5297518968582,265.1680620908737,0.9909420609474182,340.10473108291626,274.1127794981003,0.9642288088798523,513.39819419384,311.57891738414764,0.9788893461227417,317.4719647169113,313.8604271411896,0.9681275486946106,418.5355134010315,342.21702349185944,0.9976310729980469,373.23931086063385,342.44841063022614,0.9972939491271973,422.10953629016876,433.3987566232681,0.9300493001937866,371.634739279747,434.31212055683136,0.9288079142570496,429.9062244296074,493.11886620521545,0.8111639618873596,382.7437667250633,493.3375861644745,0.8382084965705872,46.42961002037125,23.365009909190245,179.55221799673046,164.09030975139484
51,13.60839995322749,370.33121889829636,195.34984320402145,0.9969657063484192,376.6876571178436,183.21326810121536,0.9946519732475281,365.089812874794,186.51558661460876,0.9925242066383362,388.9312801361084,178.14327490329742,0.9941546320915222,364.3726853132248,183.54324811697006,0.9906389117240906,430.95699989795685,211.38311403989792,0.9988484382629395,352.5842654109001,219.3595764040947,0.9985131025314331,476.6808669567108,248.7254000902176,0.9910139441490173,339.60114139318466,270.0754780769348,0.9629635214805603,526.642520070076,298.3557999134064,0.9789149165153503,309.9591194987297,294.68853092193604,0.967575192451477,418.5199911594391,340.302530169487,0.997742235660553,373.39212465286255,340.47106397151947,0.9974185824394226,422.3115127682686,432.7046253681183,0.9315649271011353,371.6741604208946,433.81059074401855,0.9301404356956482,429.877802670002,493.21157789230347,0.8183810114860535,382.74384701251984,492.9665584564209,0.844134509563446,56.27212456546414,24.107848070870492,174.42878589546558,144.06349685478654
52,13.543900044169277,369.92418825626373,194.70597350597382,0.9971066117286682,376.29697835445404,182.6557161808014,0.9948426485061646,364.54907685518265,186.1293733716011,0.9927800893783569,388.26556330919266,177.68169194459915,0.9943932294845581,363.5449483990669,183.20747739076614,0.9908520579338074,428.01719439029694,206.1968693137169,0.998939037322998,351.3732094168663,218.66806906461716,0.9985777139663696,480.64797723293304,235.88857126235962,0.9913798570632935,329.9518469572067,262.55750727653503,0.9627514481544495,532.4285694360733,265.1221888065338,0.9796907901763916,297.0510642528534,274.2127295732498,0.9675739407539368,418.5502060055733,336.78479421138763,0.9978352785110474,373.40885120630264,338.31106865406036,0.9975022673606873,422.66132521629333,431.4497904777527,0.9309512972831726,371.69051229953766,432.4530009031296,0.9282987117767334,431.2499688267708,490.68408358097076,0.8230951428413391,382.75238424539566,492.78689563274384,0.8451425433158875,64.71685518322926,36.45156109066356,179.98191367548657,135.52274933414714
53,13.65599996643141,369.7529886364937,193.65636199712753,0.9971858263015747,375.96426713466644,181.57598996162415,0.9949803948402405,364.1334822177887,185.34862273931503,0.9928597807884216,387.6333263516426,176.7680565714836,0.9945812225341797,362.8993569612503,182.5478189587593,0.9908843636512756,426.20331341028214,202.9109427332878,0.998997688293457,351.0751288533211,216.93911975622177,0.998462975025177,485.62157106399536,223.73513674736023,0.9915447235107422,325.18879359960556,244.42472690343857,0.9599889516830444,542.5684469938278,243.83583879470825,0.9793221950531006,293.08780777454376,254.05541729927063,0.9632719159126282,418.574078142643,334.5072354078293,0.9978306293487549,373.42964565753937,336.68963956832886,0.9973830580711365,422.6649113893509,428.64699614048004,0.9300702214241028,371.59189254045486,428.34560775756836,0.9259446263313293,431.3384991288185,484.0030212402344,0.8278424739837646,383.0074039697647,492.2628061771393,0.842821478843689,74.00405530280804,53.8576909743637,179.87227810045968,149.98355570538556
54,14.288799953646958,369.5989972949028,192.99587416648865,0.9973378777503967,375.9362735748291,180.87127256393433,0.995307207107544,363.72364151477814,184.68593323230743,0.9932475090026855,387.5817818045616,175.9461225271225,0.9950060248374939,361.6540717482567,181.8522098660469,0.9915335178375244,425.06149196624756,200.11457246541977,0.9990431070327759,349.13982647657394,214.26884824037552,0.9983604550361633,490.1033774614334,211.77223771810532,0.9919705390930176,320.4754114151001,229.433844268322,0.9569709300994873,553.1412345170975,223.24170488119125,0.9791863560676575,282.5246279835701,233.0199528336525,0.9584834575653076,418.99189406633377,334.8414378166199,0.9978734254837036,373.45212614536285,336.762837767601,0.9973440766334534,422.82588773965836,428.63179552555084,0.9302471280097961,371.6006438732147,428.6640968322754,0.9239135384559631,431.98540192842484,483.58889496326447,0.8293609619140625,382.57310235500336,493.66856145858765,0.8381317257881165,82.41808317407548,73.34481481618472,179.84949353937446,157.51684475246935
55,13.467899989336729,368.82933497428894,192.82598316669464,0.9975091218948364,374.9722888469696,180.68441659212112,0.9956374168395996,363.1083719730377,184.45424449443817,0.9936696887016296,386.56314808130264,175.3385654091835,0.9954137206077576,361.0756006240845,181.21794611215591,0.9921633005142212,424.57781356573105,197.53411728143692,0.9990701079368591,348.19337117671967,210.27297151088715,0.9982317090034485,493.7026106119156,201.61331087350845,0.9924903512001038,307.8710836172104,211.32864516973495,0.9565578103065491,564.8883063793182,202.1004091501236,0.9800836443901062,267.76755261421204,207.2892627120018,0.9577258229255676,419.01226031780243,334.9013053178787,0.9978968501091003,373.3125062584877,336.95966160297394,0.9972750544548035,422.8318825364113,427.97590708732605,0.928679347038269,371.34934413433075,428.17004668712616,0.9201973080635071,431.9652230143547,484.3146941661835,0.8279645442962646,379.6710587143898,489.70638847351074,0.8313611149787903,88.94289751067659,99.71529914680049,177.01482566473769,172.7486339896574
56,15.169899968896061,368.04206293821335,190.72074323892593,0.9976158738136292,373.79144769907,179.356458902359,0.9958367347717285,362.8675898909569,182.8599744439125,0.9938793182373047,385.88223016262054,173.99988585710526,0.9956804513931274,361.07985585927963,179.75407260656357,0.9925276041030884,425.12127935886383,195.69042444229126,0.9989698529243469,348.37508845329285,205.58394372463226,0.9978766441345215,496.0014545917511,191.10608184337616,0.992904007434845,303.4961130619049,201.05391919612885,0.9575121998786926,561.5051535367966,182.91652435064316,0.9809550046920776,260.06849402189255,193.7990487217903,0.9588235020637512,418.9147378206253,333.8878405094147,0.9974638223648071,373.3207223415375,336.00998508930206,0.996578574180603,422.62776505947113,425.7110456228256,0.9212145805358887,370.9518141746521,425.3737065792084,0.9103671908378601,431.76182812452316,483.01081919670105,0.825104832649231,379.7250386476517,494.29036915302277,0.8245477080345154,96.27205060277083,106.59161435265716,176.57419531671724,176.2797794088508
57,13.894799980334938,367.9501605629921,190.73310881853104,0.997650682926178,373.50551730394363,179.32094556093216,0.9958190321922302,362.82549250125885,182.6409528851509,0.9938601851463318,385.9149071574211,173.51209390163422,0.9957193732261658,361.0550737977028,179.14954656362534,0.9926861524581909,425.47152000665665,195.18165624141693,0.9988406896591187,348.1586869955063,202.31062400341034,0.9977644085884094,497.91315245628357,184.08353346586227,0.9931849241256714,296.1811228990555,191.891627907753,0.9601130485534668,558.2745468616486,161.81666839122772,0.9817231893539429,247.0957270860672,176.30303537845612,0.9612306356430054,418.8184463977814,333.351264834404,0.9969041347503662,373.327386200428,335.54585361480713,0.9960585236549377,422.51311457157135,423.97546112537384,0.9138405919075012,370.8236486315727,423.90669643878937,0.9023418426513672,431.5937864780426,478.4451154470444,0.8206697702407837,379.90338385105133,494.7231342792511,0.8198978304862976,101.46679120162463,112.03218046401544,168.4614038809516,173.71595790711342
58,14.196400006767362,368.0217769742012,190.5786144733429,0.997717022895813,373.51343899965286,179.27688187360764,0.9958803057670593,362.87896394729614,182.21865326166153,0.994038462638855,385.95839619636536,173.47287088632584,0.9958199858665466,361.1196249127388,178.7287096977234,0.9930543303489685,425.3042544722557,195.39650064706802,0.9987406730651855,347.782995223999,201.0068395137787,0.9977684020996094,496.3930432796478,177.97973257303238,0.9934301972389221,296.0386394262314,186.9807887673378,0.962910532951355,549.5994871854782,141.12716871500015,0.9825383424758911,243.2235433459282,162.99610340595245,0.9638973474502563,418.8194098472595,332.6443156003952,0.9966904520988464,373.31229215860367,334.9074881076813,0.9959592819213867,422.5126328468323,423.16183614730835,0.909072756767273,370.6121714711189,423.30410063266754,0.8972566723823547,431.55920934677124,479.1175013780594,0.8162713050842285,380.08989161252975,494.68088018894196,0.8170285820960999,106.47147779602962,115.96077710218479,159.05854234681885,170.74238642047882
59,13.17300001392141,369.1050153374672,190.27161633968353,0.99785315990448,374.68044394254684,179.12256848812103,0.9961073994636536,363.60444140434265,181.701741874218,0.9944274425506592,386.76381319761276,173.4829744696617,0.9960691332817078,361.3362137079239,178.20222252607346,0.9935943484306335,425.49226093292236,195.20944863557816,0.9986736178398132,347.11845594644547,199.59116160869598,0.9978091716766357,494.1229957342148,174.68809068202972,0.9936179518699646,292.6288846731186,181.96122300624847,0.9656668305397034,548.8560253381729,130.00028842687607,0.9832807779312134,241.5947517156601,151.5116919875145,0.9664787650108337,418.8230495452881,331.57378816604614,0.9966910481452942,373.09811198711395,334.36575508117676,0.9960481524467468,422.44933956861496,422.4047610759735,0.9071156978607178,370.1801446676254,423.46735644340515,0.8967382311820984,431.4087774157524,480.1765378713608,0.811054527759552,380.1406600475311,494.494521856308,0.8156759738922119,109.44720433320946,118.83955643962786,157.41669363297984,167.1064053818247
60,13.818399980664253,370.2736260294914,189.94824135303497,0.9980107545852661,375.8525605201721,179.04460501670837,0.9963839650154114,364.490119099617,181.47309929132462,0.9948475360870361,387.96360218524933,173.38023459911346,0.9963530898094177,361.8829445242882,177.85060274600983,0.99413001537323,426.26925617456436,195.53574913740158,0.9986910820007324,347.22989493608475,199.1089190840721,0.9979063868522644,492.531751871109,174.02740681171417,0.993886411190033,292.27591425180435,180.3966605067253,0.9683549404144287,524.5875893831253,121.43625745177269,0.9843143224716187,243.45784890651703,142.76278805732727,0.9690738916397095,418.66619461774826,331.56624817848206,0.9968520402908325,372.88778561353683,334.1473367214203,0.9962701201438904,421.856443464756,422.36651825904846,0.9033167362213135,370.17955589294434,423.5016784667969,0.8967291116714478,429.9638440608978,475.0675629377365,0.8026502132415771,380.24401676654816,493.6174101829529,0.8124213814735413,111.1821336955923,119.5623179262696,139.3465920225314,161.17546004131938
61,13.50489998003468,371.8990723490715,189.33955323696136,0.9980916976928711,377.1182655096054,178.66483092308044,0.9965347051620483,365.741158246994,181.05488634109497,0.9950539469718933,388.3091861605644,173.30156236886978,0.9965134263038635,363.07323282957077,177.67140740156174,0.9944930672645569,426.3422642350197,195.25503540039062,0.9987038373947144,347.8003908395767,199.50212943553925,0.997893750667572,487.22464394569397,172.3830863237381,0.9942458271980286,292.3837938308716,179.90158492326736,0.9705960154533386,496.19858705997467,115.71369341015816,0.9853661060333252,247.1743552684784,138.32328861951828,0.9712018966674805,418.66879057884216,331.6433973312378,0.9969522356987,372.982230424881,334.29991590976715,0.9963918328285217,421.6817914843559,422.6241445541382,0.8954552412033081,370.17971646785736,423.75360453128815,0.8928834199905396,425.9653146266937,476.6690261363983,0.7859385013580322,380.6647765636444,491.1450181007385,0.7983735203742981,113.81008891319779,120.05997395198865,119.58832716285933,156.87422672148807
62,13.162899995222688,374.20016437768936,189.64885860681534,0.99807208776474,379.6897656917572,179.17466980218887,0.9964870810508728,367.9890464544296,181.4970161318779,0.9949986934661865,389.90773618221283,173.99717146158218,0.9965152740478516,364.9880083799362,177.92971229553223,0.9946311712265015,426.4724637269974,195.65016090869904,0.9986808896064758,349.00050097703934,200.45545530319214,0.9978582859039307,477.8542948961258,172.4702787399292,0.9945715069770813,294.5841251015663,181.41472470760345,0.9722074866294861,466.84752690792084,116.6627667248249,0.9862642288208008,252.1188047528267,141.10117083787918,0.9726327061653137,418.51198917627335,331.72724199295044,0.9969404935836792,372.9870209097862,334.762388586998,0.9964122176170349,421.6798645853996,422.81816351413727,0.8831668496131897,370.18809312582016,423.8910735845566,0.8869321942329407,425.3493224978447,477.57463896274567,0.7649086713790894,381.20026713609695,491.9607241153717,0.7851227521896362,117.62953362439639,119.41132451399092,103.12446029116147,155.77437491874738
63,13.334699964616448,375.1185190677643,189.73733282089233,0.9979949593544006,380.71926498413086,179.577410697937,0.9963945746421814,369.2689087986946,181.74839931726456,0.994780957698822,391.72830778360367,174.93292915821075,0.9964719414710999,366.94450664520264,178.3921548128128,0.9945479035377502,427.6577742099762,195.71815651655197,0.9986196756362915,351.93067198991776,200.76361459493637,0.9976511597633362,466.33374071121216,176.54508405923843,0.9948148131370544,297.64345186948776,187.59581047296524,0.9723777770996094,442.8425943851471,123.72918274998665,0.986926257610321,259.8993015885353,150.79518204927444,0.9729557633399963,418.2472814321518,333.5629575252533,0.9970256686210632,372.9925607442856,336.52204072475433,0.9965029954910278,421.546962082386,422.9933023452759,0.8709633946418762,370.2366670370102,424.7900210618973,0.880912721157074,425.2906858921051,478.0807229280472,0.7451649308204651,379.2253295183182,493.09558272361755,0.7755621671676636,120.27472655328066,112.45293816194801,92.39101422755063,149.3593981212034
64,13.158000016119331,376.5293570160866,189.79771304130554,0.9975659847259521,383.47703206539154,179.58761984109879,0.9956009387969971,371.20426470041275,181.69251292943954,0.9934526681900024,396.6704824566841,175.02226293087006,0.995622992515564,369.49167972803116,178.0780087709427,0.9928921461105347,430.71011596918106,195.98658007383347,0.9982216358184814,355.5373451113701,200.6948499083519,0.9970094561576843,453.6199543476105,187.9722217321396,0.9946649074554443,306.81840801239014,189.2464947104454,0.9681950211524963,422.314028441906,138.8720941543579,0.9871070384979248,273.10091453790665,161.49912935495377,0.9713633060455322,418.2918677330017,333.87155413627625,0.9969937801361084,373.00784212350845,336.7597312927246,0.9965032935142517,421.5900764465332,423.49679255485535,0.8552296757698059,370.2399855852127,425.5471262931824,0.8716886043548584,425.5665535926819,480.4253273010254,0.7257696390151978,378.9232078194618,495.6738965511322,0.7690911889076233,114.42725379554052,110.54053524646898,76.75962150695754,153.7716673909868
65,13.475499988999218,376.2173064351082,187.67081826925278,0.9970716834068298,382.7815821170807,178.05267441272736,0.994860053062439,370.9117507338524,180.25205862522125,0.9920974969863892,394.0884378552437,174.15985423326492,0.9946374297142029,369.7847824692726,177.52914291620255,0.9912925362586975,430.59969395399094,196.04546737670898,0.9974991679191589,356.13861787319183,201.2550408244133,0.9954809546470642,447.7033040523529,198.7502418756485,0.9941564798355103,317.10531866550446,202.15089690685272,0.9654125571250916,419.7012872695923,183.31516349315643,0.9866258502006531,290.18662053346634,184.9899304509163,0.9709491729736328,418.2317324280739,332.53836369514465,0.9970057606697083,373.9159735441208,335.3605810403824,0.9965317845344543,420.27887523174286,423.5308129787445,0.8576443791389465,370.8661742210388,425.1633107662201,0.8758397698402405,423.832772731781,480.5002747774124,0.7252946496009827,383.4206970334053,495.74136435985565,0.7754597663879395,86.19120571681773,96.23647197384673,19.877761223602192,146.16727204287596
66,13.860800012480468,375.8400892019272,188.67262625694275,0.9969308972358704,382.06624764204025,178.2114514708519,0.9946374893188477,370.87671864032745,181.10433357954025,0.9918801188468933,393.6029396057129,174.1912055015564,0.9942843914031982,369.54445534944534,179.07901751995087,0.9912000298500061,431.061266541481,196.128648519516,0.997238278388977,356.96466875076294,204.10376876592636,0.9955161213874817,427.7321203947067,214.57400661706924,0.9929263591766357,317.23479557037354,220.93410676717758,0.9631616473197937,378.29407531023026,192.53599524497986,0.9856230616569519,302.81222450733185,217.7317835688591,0.9710245132446289,418.3492465019226,334.69166350364685,0.9972037672996521,373.9127620458603,336.83211517333984,0.9967743754386902,420.3803318142891,425.24003767967224,0.8669333457946777,370.8719281554222,426.45135176181793,0.8845977187156677,424.3943834900856,481.4742602109909,0.7314730882644653,383.61255729198456,493.13732409477234,0.7828668355941772,4.989250334450726,74.31827526965937,76.20510274772631,144.52293649628788
67,13.737000001128763,376.38997799158096,190.33959686756134,0.9968324303627014,382.47769409418106,180.23853188753128,0.9944915771484375,371.49051624536514,183.44390124082565,0.9919198751449585,393.84829807281494,174.35624074935913,0.9940371513366699,369.61275321245193,179.8572347164154,0.9914165735244751,432.37822169065475,197.7135237455368,0.9972070455551147,356.5091980099678,207.57142412662506,0.9958342909812927,420.8445003628731,234.27771323919296,0.9923295378684998,316.8224659562111,241.12782210111618,0.9636865854263306,362.2337739467621,224.21059328317642,0.9851663708686829,310.66669285297394,243.0752199292183,0.9717308878898621,418.68479454517365,337.30553591251373,0.9974149465560913,373.92464458942413,338.89620184898376,0.9970421195030212,420.69476425647736,428.98849725723267,0.8774373531341553,370.8874236345291,429.92378747463226,0.8934634923934937,427.47099882364273,488.7223597764969,0.7336322665214539,383.5014126896858,494.8911553621292,0.7839835286140442,11.904669917219266,57.33853463904763,97.76107616198973,157.33934260172418
68,14.683099987450987,376.21706557273865,190.4452320933342,0.9966222643852234,382.25246101617813,180.21951603889465,0.9940547943115234,371.2760684490204,183.45842325687408,0.9916406273841858,394.3212179541588,173.66321033239365,0.9933774471282959,369.47428411245346,179.92744708061218,0.9910910725593567,434.29471004009247,199.44217145442963,0.997218132019043,356.590903878212,207.71370369195938,0.996168851852417,427.1879052519798,254.027459025383,0.991757333278656,325.78506177663803,245.3607258796692,0.9649457931518555,378.2543865442276,267.38822650909424,0.9848994612693787,320.484590947628,259.74415695667267,0.9731582999229431,418.78919500112534,337.63433969020844,0.9975605607032776,373.94284307956696,339.92236399650574,0.9972453713417053,421.1483080983162,429.7280795574188,0.885948121547699,370.96383053064346,429.7481359243393,0.90032958984375,428.3651602268219,493.739075422287,0.7397018671035767,381.1430757045746,495.08653151988983,0.7883499264717102,1.0160173734152391,46.769949576839366,112.68972524636105,160.9366511183974
69,14.485799998510629,374.9864729642868,190.4591961503029,0.9962186813354492,380.89466631412506,180.164730489254,0.9934114813804626,370.6352942585945,183.20821630954742,0.9908283352851868,394.25653302669525,173.20568388700485,0.9927549958229065,369.47688007354736,179.40476006269455,0.9898882508277893,434.1111996769905,201.27081447839737,0.9974197745323181,356.5892981290817,207.707777261734,0.9965072870254517,426.54001224040985,264.8901381492615,0.9911094307899475,331.42354279756546,253.26667428016663,0.9652774333953857,383.8231780529022,295.9236110448837,0.9840614795684814,326.1537685394287,296.3386421203613,0.973743736743927,418.7044917345047,337.51487612724304,0.9976780414581299,373.9030740261078,339.58976006507874,0.9974090456962585,421.36401373147964,430.4318619966507,0.8937851786613464,371.04422503709793,429.61130023002625,0.9066773056983948,428.1979749798775,495.70903289318085,0.7496142387390137,379.2712271809578,499.1551389694214,0.7979547381401062,0.3350214932914423,36.39446892794452,132.78485309752244,158.06004702291958
70,13.788199983537197,374.36445927619934,190.5971930027008,0.9960447549819946,380.4055283665657,180.15406894683838,0.9932069778442383,370.0322016477585,183.17733252048492,0.9903026819229126,394.1270828843117,173.15157693624496,0.9925499558448792,369.4356926083565,179.3875538110733,0.9890395402908325,433.90451300144196,204.53629261255264,0.9976388216018677,356.48299753665924,208.55659890174866,0.9968037009239197,431.99257427453995,268.2585823535919,0.9910957217216492,335.68908154964447,264.80288541316986,0.9650700688362122,398.38472670316696,315.6051802635193,0.9839001893997192,329.4713532924652,316.9233812093735,0.9736475348472595,418.535379588604,337.98959374427795,0.9974480271339417,373.3865312933922,339.7870362997055,0.9971451163291931,421.74760043621063,432.85581719875336,0.8966229557991028,371.0472759604454,430.75406074523926,0.9077572822570801,428.3451151251793,503.95789992809296,0.7508266568183899,378.78010880947113,505.1061797142029,0.7952299118041992,4.850919265761087,27.628793968095902,146.3504763813054,166.51391279606082
71,13.486400013789535,372.8114322423935,190.60474807024002,0.9955655336380005,379.3196137547493,180.02318984270096,0.992438554763794,368.2637098431587,183.06697726249695,0.989102303981781,393.3153499364853,173.16341471672058,0.9917842745780945,368.05563151836395,179.38882052898407,0.9871729016304016,433.7577207684517,207.3778424859047,0.9978136420249939,354.5606749653816,211.75785142183304,0.9970273971557617,435.2568749189377,273.7478440999985,0.9908948540687561,337.12756514549255,275.55937135219574,0.963483989238739,401.8939576148987,333.17069721221924,0.9828248620033264,329.9237731099129,329.0710551738739,0.9720451831817627,417.1023020148277,339.99869883060455,0.9970576167106628,372.2529794573784,342.1863206624985,0.9966978430747986,423.10191601514816,434.6540137529373,0.8989533185958862,370.9129818081856,432.84387385845184,0.9087366461753845,431.9102796316147,503.72105383872986,0.754812479019165,378.80547964572906,509.11703085899353,0.7977392673492432,8.45208067922808,23.007327223902067,149.39403236515227,172.3846718562932
72,13.79220001399517,371.7571776509285,190.61272537708282,0.9954023957252502,378.4174503684044,179.77991968393326,0.9921702146530151,366.8070009946823,182.90432465076447,0.9887831807136536,392.2409699559212,173.01474124193192,0.9915598034858704,366.34938925504684,179.27416747808456,0.986720621585846,433.64780724048615,208.33162075281143,0.9979931712150574,351.9296282529831,215.57427644729614,0.997271716594696,437.9001520872116,275.546342253685,0.9909042716026306,337.02704524993896,281.5368925333023,0.963458776473999,429.5799897313118,339.09658455848694,0.982341468334198,327.95105677843094,337.89522325992584,0.9718385934829712,417.11672699451447,340.29143130779266,0.9964962601661682,372.14633095264435,342.0437545776367,0.9961820244789124,423.14058780670166,435.81728303432465,0.8965780138969421,370.9460067152977,433.9974617958069,0.9057313799858093,431.05754655599594,502.481721162796,0.7452324032783508,378.85576635599136,510.33494997024536,0.7942619919776917,10.76044833513225,21.812943699937875,168.92111429408214,176.41760929314358
73,13.757900043856353,369.05585265159607,190.53308802843094,0.995207667350769,375.95516788959503,179.06574714183807,0.9918919205665588,364.6559126973152,182.34621477127075,0.988330602645874,389.215792119503,172.65939670801163,0.9913521409034729,365.25255554914474,178.81846570968628,0.9858577251434326,433.2457008957863,208.26155918836594,0.9981532096862793,350.9668210744858,216.042162835598,0.9974440336227417,447.5807318687439,272.14951753616333,0.9906471967697144,337.25193041563034,280.9221422672272,0.9607861638069153,453.14599072933197,333.52049231529236,0.9808840751647949,323.2712079882622,337.23520290851593,0.9689746499061584,417.0260289311409,339.6498990058899,0.9964444041252136,371.9943467974663,341.3324924707413,0.9960731267929077,423.1466628909111,435.23558807373047,0.8998197913169861,370.9067729115486,433.65237164497375,0.9078475832939148,429.74484664201736,501.3541612625122,0.7528910636901855,378.8256585597992,508.8262286186218,0.8019203543663025,19.683903682147147,21.46314519106733,172.53509886154367,177.99316205547598
74,13.232500001322478,367.4909163117409,189.62396156787872,0.9954606294631958,374.33357536792755,177.7856683731079,0.9922592043876648,363.43361645936966,180.65428680181503,0.9889159798622131,386.98885893821716,172.22173058986664,0.9917720556259155,364.4843384027481,177.60386419296265,0.9864240288734436,431.17246466875076,208.2038330435753,0.9983174204826355,350.47733521461487,215.35606920719147,0.9976480603218079,458.4259079694748,264.956670999527,0.9908239245414734,337.6611288189888,276.38825726509094,0.9600841403007507,474.8289564847946,322.3356446027756,0.98076993227005,320.2827750444412,325.4457688331604,0.968298614025116,416.02570074796677,339.2553163766861,0.9966938495635986,371.6270049214363,340.9729858636856,0.9963427186012268,423.13855385780334,435.0184062719345,0.9052864909172058,370.8951044678688,433.58764839172363,0.9124518036842346,429.6083044409752,499.7467565536499,0.7643088698387146,378.5366504788399,507.9499011039734,0.81255704164505,32.24383795533028,21.416334017894968,170.30283823389595,172.3528707930799
75,13.42039997689426,367.6869247555733,189.3064376115799,0.9957302212715149,374.3906062245369,177.45636695623398,0.9926589131355286,363.3911443948746,180.14376932382584,0.9895627498626709,386.5378307700157,172.1706547141075,0.99220871925354,363.8866785764694,177.2528174519539,0.9871633052825928,430.52117282152176,208.1281014084816,0.9984622001647949,350.08507746458054,215.23570084571838,0.9978418350219727,466.4254289865494,261.13525450229645,0.9909113645553589,336.9248393177986,272.20166409015656,0.9606265425682068,496.6746916770935,316.6948592662811,0.9807981848716736,316.2150645852089,318.7146108150482,0.9686359167098999,415.9961817264557,339.4480686187744,0.9968934655189514,371.218930542469,341.0162955522537,0.9965723156929016,423.33084231615067,434.6516612768173,0.909580409526825,371.1128440499306,433.63110888004303,0.9165358543395996,429.5382670164108,499.4581559896469,0.7739883065223694,378.49193036556244,507.387478351593,0.8230038285255432,40.423341031179746,22.5460583889833,174.4543056901252,169.00731946873586
76,13.683299999684095,367.55768871307373,189.3162848353386,0.9959142208099365,374.24721282720566,177.4776749610901,0.9929143190383911,362.97905564308167,180.17432135343552,0.9899663925170898,386.4326274394989,172.16549736261368,0.9924788475036621,363.06670278310776,177.23669695854187,0.9875542521476746,429.96906274557114,207.8865956068039,0.998591423034668,349.9339229464531,213.47788846492767,0.9980011582374573,472.44516837596893,255.0607087612152,0.9908888936042786,336.14037734270096,268.23873710632324,0.9592577815055847,515.1424659490585,305.23329401016235,0.9803431630134583,309.2697713971138,309.1932351589203,0.9668545722961426,416.0258880853653,339.3896186351776,0.9970731735229492,371.2038900256157,340.97108578681946,0.9967685341835022,423.38811403512955,434.4022686481476,0.9135075211524963,370.98301923274994,433.48612999916077,0.9200919270515442,429.18963211774826,498.96274864673615,0.7844072580337524,378.4872469305992,506.94955587387085,0.831599771976471,48.05264895510743,23.60950368241629,178.39783616288145,160.86872305716412
77,12.792699970304966,367.28757494688034,189.0210490822792,0.9960067272186279,373.8633049726486,177.28807443380356,0.9929969906806946,362.6233286857605,179.98544466495514,0.990020751953125,386.09823018312454,172.06529092788696,0.9925654530525208,362.69973558187485,177.09039103984833,0.987534761428833,428.92385387420654,204.93746519088745,0.9987022876739502,349.6856206059456,211.55161768198013,0.9981281161308289,475.56374728679657,241.47993952035904,0.9908254742622375,331.1993802189827,261.19659984111786,0.9590967893600464,521.9731086492538,282.438313126564,0.9799282550811768,296.49121981859207,285.8800460100174,0.9662226438522339,415.84818518161774,338.1281485557556,0.9972057938575745,371.16826915740967,339.5195175409317,0.996902585029602,423.18621784448624,433.1561801433563,0.9170963168144226,370.9345523715019,433.3436242341995,0.9234579205513,429.03154611587524,497.3855038881302,0.7964542508125305,378.44094783067703,506.8261413574219,0.8399861454963684,57.5281168007545,29.953445234759048,176.64892035652423,145.8431027992487
78,13.017899997066706,366.75631284713745,188.9332685470581,0.9961367249488831,373.3260748386383,177.16993790864944,0.993120014667511,361.7876700758934,179.95644587278366,0.9901103377342224,385.82367384433746,171.9235844016075,0.992741584777832,361.69844394922256,177.0554808974266,0.9874998331069946,427.17910039424896,200.98871338367462,0.9987924695014954,348.28366780281067,210.93223786354065,0.9981712102890015,484.21589827537537,232.37686729431152,0.9911061525344849,319.6618050932884,251.49946707487106,0.9580933451652527,538.3765318393707,257.7155987024307,0.9800198674201965,284.53366100788116,267.8198757171631,0.9641762375831604,415.8722714185715,336.5891466140747,0.9972518086433411,371.1606150865555,338.02283000946045,0.9968955516815186,423.1835683584213,431.97876584529877,0.9174244403839111,370.6378099322319,432.8083755970001,0.9232306480407715,429.0891925096512,495.101490855217,0.8026496767997742,377.8945114016533,504.90543508529663,0.8409085273742676,65.94188336287193,45.408808737480214,176.24765606663686,150.12396569937133
79,13.084999984130263,366.78403878211975,188.43250781297684,0.9963898658752441,372.98453199863434,176.76501041650772,0.9935838580131531,361.5691811442375,179.5291849374771,0.9906647801399231,385.0115394592285,171.71979361772537,0.9932572841644287,360.9087900519371,176.80491203069687,0.9882284998893738,424.84345799684525,198.73936921358109,0.998866856098175,345.86428558826447,210.95018303394318,0.9980855584144592,488.946435213089,220.31444042921066,0.9913971424102783,313.15512228012085,238.9840075969696,0.9547867774963379,548.1567215919495,234.142415702343,0.9797487258911133,280.960173368454,245.4997934103012,0.9592760801315308,415.7595210671425,335.6452306509018,0.9973482489585876,370.7358141541481,337.67535722255707,0.9969127178192139,422.5347386598587,428.54065215587616,0.9188411235809326,370.16927909851074,431.48200130462646,0.9229426383972168,429.4206191301346,489.9776169061661,0.8087140917778015,377.09672170877457,500.88556611537933,0.8387912511825562,75.19447356956178,60.50526679150164,174.54362150712393,150.8426176427553
80,13.104400015436113,366.46230018138885,187.54640847444534,0.9965293407440186,372.2942739725113,176.13551193475723,0.9937877058982849,361.4362518787384,178.83674263954163,0.9908976554870605,383.03981333971024,171.33440977334976,0.9935026168823242,360.7003370523453,176.08066606521606,0.9884387850761414,423.33271569013596,197.18278402090073,0.998848557472229,345.1210110783577,208.85708248615265,0.9977373480796814,489.765313744545,204.61862927675247,0.9917335510253906,304.4793132543564,223.69917100667953,0.9539575576782227,554.7663596868515,211.30840784311295,0.9802682995796204,268.90444976091385,221.47491991519928,0.9580242037773132,415.56209421157837,334.12547075748444,0.9972734451293945,370.445066511631,336.74691331386566,0.9967690706253052,420.9523264169693,425.11478340625763,0.9152747988700867,369.32858914136887,428.26200437545776,0.9193481802940369,427.10408514738083,485.8490514755249,0.8071502447128296,377.90585869550705,499.2920048236847,0.8356050252914429,86.86111407452391,81.13864106882555,179.48950719769726,156.3604760301481
81,13.29739997163415,366.16360408067703,187.3110402226448,0.9967502951622009,371.82523465156555,175.76368498802185,0.9941772818565369,360.9937877058983,178.58198153972626,0.9914283752441406,382.9854854941368,170.68625736236572,0.9939479231834412,359.55364483594894,175.55150973796844,0.9891555309295654,422.9189944267273,195.00117909908295,0.9988405108451843,344.03806710243225,204.41625601053238,0.9975110292434692,491.0247027873993,197.04780316352844,0.9921306371688843,297.5381147265434,204.51195353269577,0.9540539979934692,556.820273399353,189.56451630592346,0.9810324311256409,257.9365944266319,198.11466616392136,0.9573374390602112,415.4351865053177,332.4750277996063,0.9972695708274841,370.05259466171265,335.78550457954407,0.9966813325881958,420.3577175140381,421.4556576013565,0.9106319546699524,369.0784937143326,425.48267447948456,0.9153332710266113,425.85970985889435,482.2796515226364,0.8056423664093018,376.6442216038704,496.33708369731903,0.8310851454734802,91.39473455883848,101.0832245078997,171.79006305403334,170.70571397218143
82,13.758999994024634,366.1762092113495,187.1103709936142,0.9969907402992249,371.90916180610657,175.64946925640106,0.9945594668388367,360.9041333794594,178.3624472618103,0.9920138120651245,383.2219588160515,170.55540841817856,0.9943519234657288,359.0122665166855,175.3078474998474,0.9899312257766724,422.6584348678589,194.34541130065918,0.9988124966621399,344.04192090034485,201.44753670692444,0.9974913001060486,493.659951210022,185.7987449169159,0.9925030469894409,293.85436564683914,195.08794927597046,0.9567831158638,556.658788561821,169.46206498146057,0.9819768667221069,248.19852882623672,183.73394948244095,0.9597302675247192,415.02092999219894,331.5751453638077,0.9971656799316406,369.84820955991745,334.69829869270325,0.996563732624054,419.4531455039978,420.1294039487839,0.9050080180168152,368.5551800727844,423.1825258731842,0.9085754752159119,425.4829208254814,479.0199339389801,0.8068671226501465,375.12280106544495,492.6519298553467,0.8295897841453552,100.04934476651175,108.1824452137998,172.32627724875795,173.25642475702412
83,13.293800002429634,366.2305102944374,187.13694190979004,0.9971861839294434,371.928243458271,175.6530733704567,0.994860827922821,360.9326354265213,178.35769706964493,0.9925087690353394,383.4020703434944,170.382275223732,0.994676947593689,358.9446912407875,175.26391953229904,0.9906419515609741,422.7468045949936,193.77748435735703,0.9987568855285645,343.804430603981,198.98995316028595,0.9975096583366394,494.5771015882492,177.70572942495346,0.9927443265914917,290.3467940092087,187.5636147260666,0.9595470428466797,551.1021472215652,146.8810991048813,0.9826951622962952,241.94798976182938,168.31363439559937,0.9621171951293945,414.6176460981369,330.90927398204803,0.9970730543136597,369.44829773902893,334.2445422410965,0.9965131282806396,418.9425172805786,419.7218827009201,0.8999999165534973,368.1391037106514,422.7661979198456,0.9029902815818787,424.5801686644554,480.21815860271454,0.8069332838058472,375.74390482902527,492.3657420873642,0.8286482095718384,106.00450622444902,112.80085097929049,164.0071637393815,170.37563910426388
84,13.058300013653934,367.1531737446785,186.81418520212173,0.9974069595336914,372.58539628982544,175.26729744672775,0.9952442049980164,361.6285670995712,178.09328478574753,0.9931180477142334,383.4257016181946,170.31260573863983,0.995081901550293,359.06868183612823,175.16125506162643,0.9914679527282715,422.63049483299255,194.22661125659943,0.9987331628799438,343.86258548498154,198.87421435117722,0.9976280927658081,491.30742168426514,173.7385951280594,0.9929988384246826,287.9733094573021,181.92426198720932,0.9628212451934814,540.7546998262405,132.4282398223877,0.9835596680641174,237.08326572179794,150.27106243371964,0.9650369882583618,414.382805287838,331.08682560920715,0.9971518516540527,368.7762649655342,334.3736569881439,0.9966573119163513,418.8270371556282,420.6604301929474,0.8987317085266113,367.6505010128021,423.3069658279419,0.9029674530029297,424.5077761411667,479.01438450813293,0.8044157028198242,375.7756451368332,493.13433825969696,0.8285185098648071,110.05981517444908,117.28972010779479,156.7343212234219,164.99008173015318
85,13.410400017164648,367.8417724967003,187.23585146665573,0.9976135492324829,373.84149354696274,175.7358775138855,0.9956141114234924,361.97875422239304,178.66977715492249,0.9936941266059875,384.4484032392502,170.62540966272354,0.9954718351364136,359.1968473792076,175.55034857988358,0.9922373294830322,422.8093217611313,194.60804414749146,0.9987211227416992,343.29923516511917,199.63207358121872,0.9977434873580933,489.1497765779495,170.55201542377472,0.9932172894477844,287.37910199165344,177.21448415517807,0.9657521843910217,531.4662975072861,120.54357570409775,0.9844002723693848,237.9083263874054,138.49138510227203,0.967667281627655,414.0746352672577,331.1254303455353,0.9972791075706482,367.94403195381165,334.3946784734726,0.9968335628509521,418.6019646525383,420.9014685153961,0.8976603150367737,367.2739260792732,423.35654878616333,0.9039494395256042,424.3428924679756,478.95101845264435,0.799839973449707,375.01315516233444,493.3503739833832,0.8272881507873535,113.59231395692467,122.20863448891687,150.1688773840725,163.7931952119177
86,12.948699994012713,369.2713441848755,187.30443519353867,0.9977616667747498,374.7130941748619,176.09185540676117,0.9958816766738892,363.6619807481766,179.17748975753784,0.9941120743751526,384.4802238345146,171.13619858026505,0.9957500100135803,360.3407562971115,176.1142491698265,0.9928537011146545,422.862391769886,194.87987577915192,0.9986910820007324,343.4463485479355,200.23996245861053,0.997771143913269,484.80199670791626,167.96871012449265,0.9934977293014526,287.35153663158417,176.87171632051468,0.9682022333145142,511.6551535129547,111.78985372185707,0.9853052496910095,241.33138209581375,133.2323493361473,0.9699626564979553,413.19428330659866,331.2837700843811,0.9973096251487732,367.794670522213,334.21721732616425,0.9968815445899963,417.4627124071121,421.04509019851685,0.8922935128211975,367.28310561180115,423.71554267406464,0.9009016156196594,423.97881561517715,479.816548705101,0.792090117931366,374.22253781557083,493.5863755941391,0.8200938701629639,117.53796782675907,122.91608690064534,139.03122714503928,159.13692285744423
87,13.495999970473349,371.20220398902893,187.27807539701462,0.9977877140045166,375.72822201251984,176.18215429782867,0.9959120750427246,366.57328420877457,179.15848898887634,0.9941651821136475,384.48263245821,171.8358491063118,0.9958000779151917,363.75401693582535,176.11592304706573,0.9931243658065796,421.83291923999786,195.0500231385231,0.9986790418624878,344.8741539120674,200.51660460233688,0.9976930618286133,476.10991609096527,167.98762041330338,0.9937458038330078,289.4318113923073,178.7963735461235,0.9700617790222168,487.33222913742065,111.7397731244564,0.9861376285552979,247.18704068660736,133.85935962200165,0.9717137217521667,412.1729733347893,331.375878572464,0.997265636920929,368.30848348140717,334.28809320926666,0.9968159794807434,416.2259644269943,421.5365767478943,0.8870702981948853,367.7715744972229,423.8622406721115,0.8955355882644653,421.2974554300308,483.28246986866,0.7872300744056702,374.59333205223083,493.8950928449631,0.81097012758255,120.55391326309366,121.32973534225853,127.7839863750872,154.62460616631026
88,13.27060000039637,372.2493397593498,187.2881789803505,0.9978469014167786,377.64861768484116,176.5230069756508,0.9960228204727173,367.2712498307228,179.1925546526909,0.9943039417266846,386.2746217250824,173.38510543107986,0.9959506392478943,364.28870463371277,176.61520594358444,0.9934708476066589,421.87466871738434,197.1633911728859,0.9986787438392639,346.05887562036514,201.8682680130005,0.9976271986961365,469.53581857681274,168.40129429101944,0.9941394329071045,291.5945146083832,181.40617436170578,0.9719688296318054,461.14160442352295,111.77996879816055,0.9869830012321472,247.71701818704605,136.1749802827835,0.9733200073242188,411.86515122652054,333.40374314785004,0.997325599193573,368.19225400686264,336.0960615873337,0.9968657493591309,416.4038279056549,423.3113691806793,0.8840298652648926,367.71258997917175,427.1212645769119,0.8927359580993652,421.4893156886101,483.1446087360382,0.7781726121902466,378.33028495311737,494.08069717884064,0.7986431121826172,125.31168699076008,119.95452688210318,112.67696040205027,154.7207019116234
89,12.570599967148155,372.2627477645874,187.12763756513596,0.9979567527770996,378.1640096306801,176.55659008026123,0.9962385892868042,367.3563812971115,179.16616469621658,0.9945793151855469,387.4822521209717,174.20317900180817,0.9961802959442139,364.6744055747986,176.91814756393433,0.9938727617263794,421.96697252988815,201.24163472652435,0.9987010955810547,348.61118710041046,205.0872545838356,0.997563362121582,460.78828608989716,171.93852865695953,0.9944643974304199,291.76202100515366,185.5749580860138,0.9733595848083496,439.28805458545685,117.40716707706451,0.9875934720039368,257.78329890966415,142.2538388967514,0.9744704961776733,411.3569316267967,336.8241227865219,0.9975165724754333,368.20389568805695,339.4752125740051,0.9970687031745911,416.49757689237595,425.11671364307404,0.8838458061218262,367.5914897322655,429.2975764274597,0.8909484148025513,421.7098385691643,485.0292135477066,0.7710766196250916,379.3332090973854,494.3017394542694,0.7854740023612976,131.520813411145,117.23855384099116,105.5282692503573,147.05242142787213
90,13.049100001808256,373.5993733406067,187.2107282280922,0.9980753064155579,379.7252795100212,176.926109790802,0.996447741985321,368.45099371671677,179.3113396167755,0.9948647022247314,388.84143847227097,175.15452939271927,0.9963496923446655,365.8080644607544,177.92963689565659,0.9941820502281189,422.14438104629517,204.05325084924698,0.9985693693161011,350.0701707601547,207.67333459854126,0.9972369074821472,446.63904029130936,178.07665157318115,0.9944233298301697,300.4162594676018,190.2446684241295,0.9727639555931091,419.0728505849838,130.2466801404953,0.9877539873123169,270.8774337172508,152.509443461895,0.9746668338775635,411.36156153678894,340.0182726383209,0.9977002143859863,368.2176516056061,342.97687327861786,0.9972741603851318,416.58972012996674,426.8438835144043,0.8807295560836792,367.54543149471283,430.8571776151657,0.8878889083862305,422.75047105550766,484.99196600914,0.7659375071525574,379.99049574136734,495.92935132980347,0.7803518772125244,141.21623805947388,116.9803819207109,106.72539323498017,147.39476971086904
91,13.35680001648143,375.5964970588684,183.03072500228882,0.9981394410133362,381.8816132545471,174.55504006147385,0.9965649247169495,371.30087727308273,175.43227237462997,0.9949660301208496,389.76787543296814,175.0790691971779,0.9963393807411194,370.02302211523056,176.5925407409668,0.9942380785942078,422.21768349409103,205.17752331495285,0.9980922341346741,354.5942351222038,208.50859934091568,0.9964553117752075,438.2007483243942,205.0668061375618,0.9943546652793884,308.3536647558212,201.67675232887268,0.9737475514411926,422.2108590602875,181.42600452899933,0.9880868792533875,281.1582692861557,165.77499598264694,0.9762547612190247,411.21206629276276,340.9008734226227,0.9978027939796448,369.7092854976654,343.2714455127716,0.9974055290222168,416.1026428937912,430.35079205036163,0.8853447437286377,367.6393142938614,432.34358060359955,0.8924190998077393,422.8552194237709,489.38138484954834,0.7659709453582764,380.655784368515,498.85296642780304,0.783820629119873,95.03278216434717,104.80397596658827,56.32371530533169,135.54814747159625
92,13.594700023531914,371.2779150605202,183.2701346874237,0.9981942176818848,377.40930753946304,174.65518617630005,0.9966380000114441,367.84286975860596,175.6249190568924,0.9951772093772888,387.1826460957527,175.05869615077972,0.9963358640670776,369.63528722524643,177.60543251037598,0.9945003390312195,422.16303449869156,204.91544842720032,0.9972785711288452,354.26425367593765,211.0228232741356,0.9960216879844666,427.8484836816788,215.28273528814316,0.9940667152404785,309.0975012779236,215.91176629066467,0.974274218082428,388.0167792439461,189.39168471097946,0.9880708456039429,292.6026574373245,191.86100047826767,0.9773277640342712,411.1318858861923,342.0388083457947,0.9978989362716675,369.8183693885803,344.14092671871185,0.997545063495636,415.47415268421173,432.22695207595825,0.8902631402015686,368.7813766002655,434.10293114185333,0.897771418094635,420.3971118927002,489.81430077552795,0.7642461657524109,383.44042098522186,500.31777489185333,0.7883527278900146,33.33984992041393,90.4867139735734,28.235197622578372,118.26591009300755
93,13.44399998197332,371.21767270565033,187.6296197772026,0.998245120048523,377.4124119877815,176.9385206103325,0.9967591166496277,367.28703969717026,179.87266153097153,0.9953969120979309,387.5985618829727,175.0961548089981,0.9964078068733215,367.87054216861725,179.8250088095665,0.9948014616966248,423.6929655075073,205.25556218624115,0.9973587989807129,351.52698665857315,210.7850120663643,0.9962962865829468,420.7164953947067,234.75143557786942,0.9940385222434998,310.38881796598434,232.76035106182098,0.9750985503196716,361.2414477467537,212.94368034601212,0.9882850646972656,306.1744758486748,225.09551638364792,0.9782862067222595,411.7308838367462,342.1006362438202,0.9980697631835938,369.5080316066742,344.1229815483093,0.9977571964263916,415.91715210676193,432.84960424900055,0.8984397053718567,368.5202550292015,434.15106642246246,0.9059700965881348,420.7010266780853,491.3782751560211,0.7652883529663086,377.4657496213913,495.626696228981,0.794397234916687,0.7665756024083998,69.56977817627083,75.62578592743937,90.69282904355094
94,12.682400003541261,370.99136912822723,190.1472065448761,0.998138964176178,377.41637283563614,179.34048920869827,0.9965882301330566,366.72213715314865,181.9237643480301,0.9952924251556396,388.52542704343796,175.65411388874054,0.9961109757423401,366.38501012325287,180.70026564598083,0.9948005080223083,425.5601573586464,207.33772975206375,0.9974619150161743,350.3022817969322,213.04648053646088,0.9965999722480774,419.70246481895447,247.39223980903625,0.994117021560669,309.94469451904297,254.2553174495697,0.9763668179512024,365.6165521144867,250.92685025930405,0.9884712100028992,316.00457763671875,245.83197510242462,0.979202389717102,411.96393156051636,343.0555907487869,0.9981905221939087,369.00599414110184,345.6340855360031,0.9979243874549866,415.9893305301666,434.4026607275009,0.9048877954483032,368.1971783041954,434.6814593076706,0.9123841524124146,420.85137832164764,495.8822113275528,0.7590769529342651,374.72120320796967,494.13739788532257,0.7925174832344055,2.5993196892021206,52.4316182917129,102.05919215152359,8.67024143985807
95,13.483099988661706,370.1594305038452,190.3327807188034,0.9980673789978027,377.25084686279297,179.5865039229393,0.9965167045593262,366.005250453949,181.95801097154617,0.9952451586723328,388.92268937826157,175.84283977746964,0.9960094094276428,365.99403697252274,180.65048664808273,0.9947242140769958,425.6239591240883,208.65822285413742,0.9976416826248169,349.84539264440536,213.61044144630432,0.9968970417976379,419.38243901729584,261.47428250312805,0.9940245747566223,318.9251676797867,257.27393639087677,0.9772602915763855,374.29030042886734,286.9744299650192,0.988391637802124,315.32944041490555,293.1067621707916,0.9800754189491272,411.73115146160126,342.745938539505,0.9983232021331787,367.5702135562897,345.21917510032654,0.9980918765068054,415.9344674348831,433.97695302963257,0.911263108253479,367.1880185008049,434.5964082479477,0.9181197881698608,420.9491684436798,495.06110668182373,0.7580092549324036,372.2421138882637,493.7368737459183,0.797704815864563,0.8243515748118868,42.974485564214355,126.2283340264421,150.4261450925503
96,13.275600038468838,368.5867598056793,190.21440291404724,0.9980209469795227,376.0037953257561,179.25970578193665,0.996467649936676,364.21955037117004,181.1692830324173,0.9951162934303284,388.84143847227097,175.72916692495346,0.995909571647644,364.7626682519913,179.89810144901276,0.9943387508392334,425.60696494579315,209.81622922420502,0.9978466629981995,349.47194892168045,213.88676691055298,0.9971659779548645,424.8121726512909,266.22444450855255,0.9935886263847351,325.9820069074631,262.25023770332336,0.9766025543212891,387.342284321785,304.7957937717438,0.9875903129577637,317.5738762617111,313.50837004184723,0.979485273361206,411.60930186510086,341.69103395938873,0.9984482526779175,366.85313951969147,342.9178502559662,0.9982336163520813,415.3567188978195,433.80121099948883,0.9171172380447388,366.38369876146317,433.03747057914734,0.9232070446014404,419.91969591379166,494.9617899656296,0.7693949937820435,370.80718970298767,493.18009090423584,0.8064709901809692,5.251648015263036,33.57753100438297,136.63711871247904,163.4098968047621
97,13.214599981438369,367.53657311201096,188.752188205719,0.9978315234184265,375.41954350471497,177.97339898347855,0.9961138963699341,363.3215886950493,179.41049045324326,0.9946288466453552,388.7107572555542,175.28875625133514,0.9953693151473999,363.9040206670761,178.23879146575928,0.9933937191963196,425.4485577940941,211.30849832296371,0.9980075359344482,348.85354816913605,214.1775239109993,0.997370183467865,427.2301899790764,272.5043795108795,0.993331253528595,329.1670905947685,272.28541827201843,0.9759233593940735,395.9741493463516,324.86494851112366,0.986984133720398,322.97371619939804,322.50840079784393,0.9788004159927368,411.2276420593262,339.9097571372986,0.9983866810798645,366.5671288371086,342.1465095281601,0.9981354475021362,415.26345163583755,433.4378137588501,0.9208895564079285,365.3284539580345,431.6269500255585,0.926530122756958,418.40999734401703,495.2623037099838,0.7785147428512573,369.10282081365585,493.3799910545349,0.812932014465332,7.977828805080218,26.596794651894612,147.49778034222427,168.314141054333
98,12.945899972692132,366.1337371468544,186.79133903980255,0.9979097247123718,374.64495688676834,176.07253795862198,0.9962208867073059,362.5122911334038,177.30850780010223,0.9947965145111084,388.2618968486786,174.80689072608948,0.9954084753990173,363.10478579998016,176.74705016613007,0.9934180974960327,425.4658998847008,213.8661224246025,0.9981738328933716,347.18477338552475,217.8765211701393,0.9975792169570923,429.3738383054733,279.15265798568726,0.993198812007904,330.2631214261055,281.5067627429962,0.975555956363678,402.60319024324417,342.1454539299011,0.9865217208862305,324.6473349928856,333.4854464530945,0.9781041741371155,409.8240032196045,340.53458082675934,0.998446524143219,364.899665415287,342.1390600204468,0.9982027411460876,415.198445558548,433.31388652324677,0.9245040416717529,364.6289093494415,431.29503977298737,0.9306456446647644,417.9784790277481,491.13759875297546,0.7868803143501282,368.52368062734604,493.5196919441223,0.8217687010765076,10.4651789759478,23.005820822982166,153.54996366589785,171.27393550606385
99,14.127400005236268,365.84775322675705,183.9894042611122,0.9979506731033325,374.53469544649124,173.6190260052681,0.9962732195854187,362.0513073205948,174.99400305747986,0.9949260950088501,388.2263830304146,173.584070622921,0.9954980611801147,362.0023854970932,175.24172180891037,0.9935252070426941,425.5504693388939,215.5034458041191,0.9983095526695251,345.23932802677155,220.36339002847672,0.9977389574050903,431.15940457582474,282.81229650974274,0.9930585622787476,331.929942548275,286.89351081848145,0.9748353362083435,421.73868852853775,346.4151076078415,0.9857177734375,320.0549995303154,347.1676586866379,0.9770385026931763,409.70568627119064,342.4099566936493,0.9983824491500854,364.6945577263832,343.4046016931534,0.9981122016906738,414.73930835723877,433.08623921871185,0.927298367023468,363.7647486925125,431.9291527271271,0.9334322214126587,417.74390584230423,488.8888728618622,0.7866871356964111,368.90362763404846,499.7440119981766,0.8237082958221436,11.880305638652393,20.297913530799658,166.81119875687972,179.8327017620732
100,14.062399975955486,365.07466530799866,182.41939789056778,0.9978170990943909,373.70479077100754,172.44743257761002,0.9960798621177673,361.3135994076729,173.76599544286728,0.99477618932724,387.58435100317,172.94090968370438,0.9953465461730957,361.1313201189041,174.39457404613495,0.9933000802993774,425.40257984399796,215.52802616357803,0.9984266757965088,343.89550334215164,222.23285454511642,0.9978646039962769,437.2721971273422,277.2016108036041,0.9925969839096069,330.9854944348335,287.62289905548096,0.9737815260887146,446.35153090953827,339.6104497909546,0.9842828512191772,316.2906150817871,345.1026973724365,0.9753244519233704,409.7454553246498,342.2485406398773,0.9982621669769287,363.9523269534111,343.37546718120575,0.9979574084281921,414.23360443115234,431.0502917766571,0.9277662634849548,363.3924289941788,431.3766224384308,0.9336081743240356,415.76955699920654,489.9283355474472,0.7800676226615906,369.2783827185631,501.0492743253708,0.8216148614883423,17.937429330048445,20.56914619442447,177.38353746155016,176.82764739493814
101,13.089000014588237,364.2327442765236,180.819819688797,0.9979373812675476,372.74463307857513,171.19645816087723,0.9962871670722961,360.7056627869606,172.2992115020752,0.9950679540634155,386.78359067440033,172.2885650396347,0.9955940842628479,360.5678359866142,173.37175965309143,0.993617057800293,424.78412556648254,215.7461278438568,0.9985548257827759,343.5733900666237,221.0874701142311,0.998002827167511,444.7455676794052,271.3071802854538,0.9923816323280334,330.5409427881241,282.93341886997223,0.9732279777526855,460.7917652130127,327.38034868240356,0.983668863773346,315.32745999097824,332.87262642383575,0.9744923710823059,409.75990706682205,341.3733893632889,0.9983381032943726,363.4454990029335,342.5395841598511,0.9980343580245972,414.21674406528473,427.5875675678253,0.9310762882232666,362.9533101320267,429.8974276781082,0.93639075756073,414.3660519719124,489.9356644153595,0.7883714437484741,369.7123899459839,500.74897170066833,0.8292868137359619,26.58168014012281,21.19197038988448,176.20742495328923,174.95668679120175
102,13.22630001232028,363.53087133169174,179.4784408211708,0.9980435371398926,371.908760368824,170.10537672042847,0.9964566826820374,360.311799287796,170.86623686552048,0.9953120350837708,385.6891388297081,171.91011798381805,0.995810329914093,360.2651255130768,172.42668253183365,0.9938424229621887,423.17345213890076,215.6266492009163,0.9986700415611267,343.0492467880249,220.43262219429016,0.9981070160865784,451.39700877666473,268.6805502176285,0.9925168752670288,329.5976989865303,280.2194757461548,0.9727627038955688,480.70091342926025,324.18523371219635,0.9839832186698914,308.30811500549316,324.46517837047577,0.9740782976150513,409.3558738231659,341.35972690582275,0.9984032511711121,362.8394892811775,342.54272079467773,0.9980913996696472,414.2436403632164,427.63485836982727,0.9332112669944763,362.54229187965393,429.73697674274445,0.9389973282814026,414.83067548274994,484.37902534008026,0.7888051867485046,369.9318958520889,500.65954744815826,0.8331999778747559,34.283453882626446,21.885749372678116,179.81994497989703,166.9845955327409
103,14.079199987463653,363.187481880188,177.85125118494034,0.9981793165206909,371.609047293663,168.82585591077805,0.9966870546340942,360.12815511226654,169.32664680480957,0.995638370513916,385.5898767709732,171.4765988588333,0.9960910081863403,360.1549978852272,171.28441965579987,0.9942227005958557,422.97543650865555,215.79503220319748,0.998774528503418,343.0497552752495,220.37972164154053,0.998222291469574,459.7311143875122,266.7926278114319,0.9925849437713623,329.23549550771713,276.207900762558,0.9717215299606323,494.5036653280258,317.3424537181854,0.9839711785316467,298.2561254501343,315.93642699718475,0.9727665185928345,409.26854783296585,341.2986831665039,0.9985102415084839,362.7517886161804,342.5590373277664,0.9982158541679382,414.1946917772293,427.7527234554291,0.9358646273612976,361.4703740477562,429.74705016613007,0.9421102404594421,415.06792491674423,483.1214157342911,0.7928208112716675,370.0175893306732,500.49511539936066,0.8394505977630615,42.01441604272455,23.058620157657895,178.74200640321789,155.95197474444856
104,14.360699977260083,362.8954764008522,176.4573336839676,0.9982284903526306,371.3406463265419,167.6185229420662,0.9967426061630249,359.99723303318024,168.20769757032394,0.9957382678985596,385.5483949184418,171.1386415362358,0.9961791038513184,360.1451760530472,170.72517877817154,0.9942660927772522,422.96267080307007,215.67834335565567,0.9988462924957275,343.0736006498337,219.5396313071251,0.9982717633247375,468.0332120656967,263.9191988706589,0.9927325248718262,325.5132619738579,273.1580059528351,0.9708614945411682,512.9633573293686,312.04844748973846,0.9843057990074158,285.6469001173973,304.1494358778,0.9721432328224182,409.2771385908127,341.70946168899536,0.9985474944114685,362.8257066011429,343.0887063741684,0.998257040977478,414.2100802063942,430.0240994691849,0.9357017874717712,361.20834255218506,430.2182993888855,0.9434198141098022,415.2709986567497,482.7295173406601,0.7878855466842651,369.8369960784912,500.919646859169,0.8404748439788818,49.25146895272248,27.217088027657987,179.97703013753235,145.99481687432413
105,13.794700033031404,362.0281577706337,175.31312549114227,0.9982975721359253,370.509510576725,166.5498051047325,0.9968478083610535,359.4578619003296,167.2762376666069,0.9958933591842651,385.4783039689064,170.58914232254028,0.9963207840919495,359.9513353705406,170.22461408376694,0.9944776892662048,422.7287934422493,214.44646018743515,0.9988653659820557,342.8121044039726,218.7939265370369,0.9982348084449768,471.35941433906555,250.9032802581787,0.992546558380127,315.2232468724251,263.3368705511093,0.970257043838501,521.7699813842773,287.9881360530853,0.9837456941604614,281.3290674686432,280.9370412826538,0.9709761738777161,409.25125926733017,341.65972793102264,0.9985496401786804,362.69598883390427,343.08692693710327,0.9982435703277588,414.2203034758568,430.3150826692581,0.9351447224617004,361.22177731990814,430.1838265657425,0.9436923265457153,415.41436529159546,482.8585114479065,0.7874611020088196,369.6053667664528,499.7846072912216,0.8403932452201843,59.18988681889852,40.862035906334086,179.48257493043008,149.21452416489407
106,14.232599991373718,361.3085145354271,174.09804141521454,0.9983423352241516,369.9601570367813,165.66349464654922,0.9969081878662109,359.1116623878479,166.30870646238327,0.9959529638290405,385.2596009373665,170.00542664527893,0.9964093565940857,359.84455305337906,169.73161953687668,0.9945064783096313,421.9021805524826,212.18505203723907,0.9988929629325867,342.711209833622,218.47142618894577,0.9981116652488708,481.46765863895416,242.17002934217453,0.9926865696907043,305.99578273296356,251.94393426179886,0.9681617617607117,534.8349450826645,265.2103765010834,0.9835709929466248,264.1090940833092,267.1125645637512,0.968376100063324,409.2610810995102,341.41796576976776,0.9985515475273132,362.7007257938385,343.0416568517685,0.99820476770401,414.1635937690735,430.5337724685669,0.9327440857887268,361.1512046456337,430.0015398263931,0.9407016038894653,415.4765345454216,481.84863567352295,0.7843015789985657,369.62262856960297,490.00286078453064,0.8327810764312744,68.86622924667968,56.76178790911218,176.6309210621128,157.55246424582435
107,13.995600049383938,361.34753423929214,173.1874521970749,0.998375654220581,370.0605966448784,165.22358161211014,0.9969581961631775,359.09857553243637,165.62962502241135,0.9959869980812073,385.16079384088516,169.7276233434677,0.9965020418167114,359.8069249987602,169.40712863206863,0.9945374131202698,421.3740496635437,210.9118195772171,0.9988372921943665,342.54348933696747,217.98830902576447,0.9976450800895691,482.466059923172,231.12783819437027,0.9924370646476746,303.9176222085953,236.36449527740479,0.966223418712616,543.5364460945129,244.4336844086647,0.9822724461555481,256.49436408281326,239.73052668571472,0.9645349979400635,409.58121395111084,341.38044679164886,0.9984803795814514,362.745767056942,343.3170473575592,0.9980695247650146,414.1896069049835,431.4552494287491,0.9298664927482605,361.1191431879997,430.3677419424057,0.9384855628013611,415.53875732421875,481.727694272995,0.7811235785484314,370.5976929664612,491.9490522146225,0.82740718126297,76.85488423937828,73.71430017308256,173.9814078260495,158.61727492003038
108,13.887899986002594,361.47200655937195,173.5173869729042,0.9983124732971191,370.1310355067253,165.56298661231995,0.9967713356018066,359.1407532095909,165.8699244260788,0.995724081993103,385.0565004348755,169.76916867494583,0.9963731169700623,359.8138832449913,169.33293515443802,0.9941830039024353,421.04752057790756,208.1238186955452,0.9987199306488037,342.58919966220856,215.4747486114502,0.9971820116043091,485.78021907806396,220.2302187681198,0.992555558681488,300.91457694768906,224.4239900112152,0.9664916396141052,551.2929637432098,222.62111866474152,0.9824798107147217,253.03376060724258,217.95410764217377,0.9648293852806091,410.0303955078125,339.96401488780975,0.9982595443725586,363.2920161485672,342.91510570049286,0.9977981448173523,414.1938086152077,430.46844601631165,0.9251353144645691,361.10701978206635,429.4090174436569,0.9339008927345276,415.40984243154526,479.7626830339432,0.7786580324172974,372.08833664655685,492.70039689540863,0.8230338096618652,84.1836171876925,87.10746833351459,171.4969299373816,160.1848498163537
109,12.788299995008856,361.66793471574783,173.9118640422821,0.9983254075050354,370.2573812007904,165.84538930654526,0.9967338442802429,359.2365896701813,166.13759398460388,0.9956897497177124,385.0650376677513,169.804953455925,0.9963829517364502,359.821564078331,169.2321858406067,0.9942145347595215,420.96375399827957,206.5565116405487,0.9986065626144409,342.5261472463608,212.97816824913025,0.996880054473877,490.5483840703964,210.14581716060638,0.9928107261657715,293.8387095928192,210.6986339688301,0.9681723713874817,556.2601345777512,198.21083116531372,0.9831568598747253,243.83827763795853,201.34167528152466,0.96647047996521,410.27240866422653,339.5683163404465,0.9979521036148071,363.33170491456985,342.8081886768341,0.9974579811096191,414.46823114156723,430.0144784450531,0.9206027388572693,361.13793045282364,429.05913186073303,0.9292117953300476,415.4379698038101,480.2259398698807,0.7776271104812622,372.67513090372086,492.77299189567566,0.8190719485282898,91.64268649741774,101.78498775332827,166.75298620348593,172.08102444530823
110,13.686100021004677,361.9996289610863,174.00053429603577,0.9984151721000671,370.44859915971756,166.00878083705902,0.9968658685684204,359.7146479487419,166.2853325009346,0.9958947896957397,385.0727452635765,169.80272161960602,0.9965299963951111,360.2195222377777,169.17542481422424,0.9945546388626099,421.0008735656738,205.95207607746124,0.9985042810440063,342.55363231897354,210.36960399150848,0.9968653917312622,491.4593255519867,202.21685671806335,0.9929990172386169,288.7940346002579,202.30864852666855,0.9704304933547974,549.3943259716034,180.25907081365585,0.983817994594574,240.6257088780403,183.86220467090607,0.9686388969421387,410.5928359031677,339.23227417469025,0.9978164434432983,363.4304852485657,342.73152208328247,0.9973471164703369,414.8523530960083,429.27399134635925,0.9200541973114014,361.1633815765381,428.31873524188995,0.9277594089508057,414.86241579055786,486.482500910759,0.7837863564491272,372.0222868323326,487.9341596364975,0.8189690113067627,97.49983069679745,107.49082211733037,162.2775129110093,167.57291574158484
111,13.068400032352656,362.57079392671585,172.2271744608879,0.9984920620918274,370.8788328766823,165.25114780664444,0.996985912322998,360.3960208296776,165.09546214342117,0.9961052536964417,385.09940069913864,169.38873106241226,0.9966750144958496,361.06454771757126,168.54078406095505,0.9949133396148682,421.182644367218,205.4697430729866,0.9983428120613098,342.7255277633667,209.20028764009476,0.9968267679214478,490.4243667125702,195.52584159374237,0.9930953979492188,288.8811464905739,196.0247022509575,0.9724640250205994,540.1650152206421,158.5481139421463,0.9842324256896973,238.42960608005524,165.14367282390594,0.9705185294151306,410.89616191387177,338.7244107723236,0.9977824687957764,363.4640721678734,342.33151066303253,0.9973459839820862,415.07978069782257,428.85356163978577,0.9197100400924683,361.14052641391754,428.00410664081573,0.9266539216041565,414.78948801755905,490.2446531057358,0.7862196564674377,371.6661584377289,486.5846828222275,0.8152254819869995,102.58659567595392,112.60405107320848,151.54494451022487,162.27944462241442
112,13.173199957236648,364.65810722112656,171.57066774368286,0.9985896944999695,372.9520155787468,165.028733253479,0.9971708655357361,361.75579595565796,164.478706240654,0.9963732361793518,386.1048940420151,169.36464834213257,0.9968904256820679,361.8101773262024,168.27368754148483,0.9953188896179199,421.8262018561363,205.5333805680275,0.9983119964599609,343.47383362054825,208.28647130727768,0.9968841671943665,488.44715428352356,190.30791383981705,0.9932361245155334,289.36969566345215,192.42001515626907,0.974321186542511,533.967733502388,141.93999445438385,0.9848099946975708,242.41809958219528,152.46623933315277,0.9722701907157898,411.04169631004333,338.64279794692993,0.9978817105293274,363.5957435965538,342.15848302841187,0.9974640011787415,415.98108768463135,430.06599164009094,0.9215589165687561,361.1068324446678,429.93090522289276,0.9277297258377075,417.0055288672447,489.3437753915787,0.7907817959785461,371.4694809317589,487.12210297584534,0.8121272325515747,107.50519841429453,114.8921539482527,146.13615341913982,155.9478375818309
113,13.569700007792562,366.87636935710907,171.85947942733765,0.9986801743507385,375.10152488946915,165.0882991552353,0.9973531365394592,363.4395042061806,164.6023469567299,0.9966133236885071,387.47173446416855,169.37663692235947,0.9971041679382324,362.65204483270645,168.34193950891495,0.9956867694854736,423.0014228820801,205.7168133854866,0.9983172416687012,344.5147604942322,208.30274260044098,0.9968633055686951,486.14948785305023,186.557147026062,0.993488073348999,290.97793370485306,189.64024794101715,0.9758294224739075,514.7433837652206,132.3383179306984,0.9855441451072693,247.36816918849945,145.33345633745193,0.9737062454223633,411.045871257782,338.6221685409546,0.9979953169822693,363.6310700774193,342.03211283683777,0.9975786805152893,416.3335228562355,430.6224125623703,0.9223218560218811,361.0892762541771,430.91339576244354,0.9285581707954407,418.1416499018669,488.88863158226013,0.7926079034805298,372.5104613304138,487.25335907936096,0.806867778301239,112.01847737564711,117.35332055583626,134.68449171482263,153.76388447329617
114,13.567799993325025,368.22851717472076,171.9548301100731,0.9987422823905945,376.69734513759613,165.3960211277008,0.9974890947341919,364.73676216602325,164.626595556736,0.996783435344696,388.4237563610077,170.1083323955536,0.9972824454307556,363.28976809978485,168.82573527097702,0.9959908127784729,423.57909113168716,206.327476978302,0.9983270764350891,345.7231670022011,208.57279479503632,0.9967558979988098,483.87200033664703,183.318993806839,0.9938260316848755,292.7360416650772,188.62403857707977,0.9769545793533325,490.93488788604736,127.61300772428513,0.986254870891571,249.11220008134842,143.86436516046524,0.9747323393821716,410.9711236357689,339.38829159736633,0.9981161952018738,363.6453612446785,342.5401270389557,0.9976961016654968,416.54074478149414,432.29716444015503,0.9224269390106201,361.01806128025055,432.8756322860718,0.9286819696426392,418.05427038669586,496.2620759010315,0.7921150326728821,371.82186257839203,488.0431275367737,0.8001824617385864,116.30025315013967,118.25031258711516,118.11334277241522,154.8942294503214
115,13.480400026310235,370.3985800743103,173.17169362306595,0.9987956285476685,379.41662776470184,166.47921574115753,0.9976134896278381,366.4523980617523,165.86099708080292,0.9969272017478943,390.9219273328781,171.21156829595566,0.9974433779716492,364.0632842183113,170.0864513516426,0.9962561130523682,425.0061739087105,207.0124396085739,0.9983565807342529,347.49754655361176,208.7044580578804,0.9967030882835388,474.0378038883209,183.07759356498718,0.9941933155059814,293.70484364032745,190.41778653860092,0.9782153367996216,467.1736010313034,125.46594348549843,0.9870365858078003,259.4951077699661,142.47056829929352,0.9759013652801514,410.88642036914825,340.13646948337555,0.9982051849365234,363.65210539102554,342.7021462917328,0.9977686405181885,416.62981033325195,433.06214141845703,0.9215698838233948,360.95926409959793,433.49201118946075,0.92800372838974,417.98195815086365,497.0218050479889,0.7888336181640625,370.8944889307022,488.3239769935608,0.7912240028381348,122.07379053134702,115.64963069740836,109.22483190581504,144.28269341477088
116,13.101299991831183,374.4977632164955,177.60038071870804,0.9988583326339722,382.9531564116478,170.52696758508682,0.9977484941482544,370.13060730695724,169.94442814588547,0.9970853328704834,392.8065147995949,174.76416915655136,0.9975955486297607,367.01475816965103,173.9182881116867,0.9965105056762695,425.32523626089096,210.03243082761765,0.9983190298080444,350.1955797672272,210.2815067768097,0.9965915083885193,463.2853865623474,184.02532476186752,0.9945915937423706,294.5639461874962,194.08404517173767,0.9795894622802734,446.02069306373596,127.12426573038101,0.9879063367843628,271.93182212114334,147.59355252981186,0.9773702025413513,410.2509183883667,342.9020162820816,0.9982872605323792,363.66120463609695,344.0319286584854,0.9978343844413757,416.6146627664566,433.7302747964859,0.9167770147323608,361.01281583309174,433.5115246772766,0.9226395487785339,418.2789414525032,500.23160791397095,0.7757660746574402,370.0007557272911,488.5082542896271,0.7722601294517517,130.88831043941352,111.98222471573696,107.53702811052023,132.1905839188116
117,12.956999999005347,379.87129563093185,178.659130692482,0.9989407658576965,387.34223079681396,171.73766338825226,0.997918426990509,374.9322521686554,171.68085712194443,0.997299313545227,394.62285792827606,175.99692696332932,0.9977728724479675,371.393047273159,175.7284883260727,0.9967940449714661,426.01129257678986,212.5959813594818,0.9981357455253601,353.60067784786224,212.31606686115265,0.99638432264328,448.9071341753006,189.68707126379013,0.9950138330459595,298.91999566555023,195.54959255456924,0.9811601042747498,425.2976173758507,140.88459223508835,0.9888794422149658,283.05824518203735,156.47781431674957,0.9792353510856628,410.2514536380768,347.09623992443085,0.9983909130096436,365.0047349333763,346.5645501613617,0.99795001745224,416.27630466222763,436.18532490730286,0.9188020825386047,361.62412452697754,433.98904716968536,0.9239124059677124,418.2615458369255,510.9555814266205,0.7723283767700195,369.66309344768524,491.9888331890106,0.7671045064926147,141.69940842859984,111.90232823843162,109.19971781413999,129.14225922384082
118,13.234100013505667,378.98984640836716,178.78259044885635,0.9983852505683899,385.6233834028244,172.27054446935654,0.9971302151679993,379.37482476234436,171.52744853496552,0.9957751631736755,392.44251823425293,176.33367788791656,0.9965482354164124,384.0396597981453,175.36584508419037,0.9947735667228699,406.73764634132385,213.55767661333084,0.9971597790718079,367.67972564697266,213.28165274858475,0.9938831925392151,419.9915799498558,218.61185091733932,0.9941310882568359,332.73303121328354,215.21660959720612,0.9686011672019958,412.960994720459,176.12658458948135,0.986103892326355,293.52374190092087,168.57813715934753,0.966946005821228,396.92804461717606,347.7236875295639,0.9979211688041687,384.80538803339005,346.41969192028046,0.9972817897796631,397.54628479480743,434.8456199169159,0.9015644788742065,379.18513226509094,432.7076413631439,0.9058889150619507,406.03100967407227,506.3567922115326,0.76218181848526,389.9604315161705,502.64199113845825,0.7532066702842712,73.30821763294303,94.16059409748105,59.73013680495055,126.88483725699447
119,13.535299978684634,377.860308945179,179.70266497135162,0.9984972476959229,384.627711892128,172.4737018942833,0.9973046779632568,377.08746188879013,172.33665508031845,0.9960793852806091,392.384978890419,176.3863673210144,0.9967260956764221,379.6028411388397,176.3728707432747,0.9951658248901367,418.1931141614914,213.35080951452255,0.996529221534729,362.88300508260727,216.73431861400604,0.9937062859535217,428.8759490251541,230.2777799963951,0.9936912655830383,321.7069139480591,225.6099848151207,0.9699442386627197,391.9793398976326,190.41629362106323,0.985884964466095,300.71193140745163,194.5546459555626,0.9689379334449768,403.3766528367996,347.1851816177368,0.997935950756073,380.48330014944077,346.4296145439148,0.997332751750946,398.92575711011887,432.8132313489914,0.9070860147476196,377.0306986570358,431.92586529254913,0.9112815260887146,407.1376919746399,491.1676380634308,0.7732215523719788,387.94500225782394,496.3841633796692,0.7670566439628601,38.57390949458808,85.563902829115,10.531413567022767,111.89647624437016
120,13.240800006315112,377.5302204489708,182.43149203062057,0.9985954165458679,385.18185591697693,173.3252228498459,0.9974638819694519,375.96183174848557,174.47698611021042,0.9963661432266235,395.63201773166656,176.57812428474426,0.9969026446342468,379.453265607357,178.07717937231064,0.9955664277076721,426.4660674929619,214.7771037220955,0.9966999888420105,361.0667154788971,218.45729625225067,0.9942370057106018,427.1419273018837,244.97903662919998,0.9927786588668823,317.4298673272133,237.704818546772,0.9719478487968445,368.87654399871826,220.04090476036072,0.9831911325454712,338.6186905503273,208.59892839193344,0.9688737392425537,406.861235499382,347.43553936481476,0.9980265498161316,374.5213677287102,346.7611628770828,0.9974625110626221,405.27959936857224,433.5364066362381,0.913623571395874,372.3496187925339,432.4225695133209,0.9175283312797546,411.69617289304733,489.8069417476654,0.7847116589546204,378.70343428850174,492.9750032424927,0.7775456309318542,9.688520636057756,72.18495614058821,65.54666714287612,30.144206712900523
121,13.33139999769628,377.1653674840927,186.36561626195908,0.9985685348510742,385.50768917798996,176.89958411455154,0.9973930716514587,375.2593432664871,177.81929671764374,0.9963951110839844,396.68359607458115,179.4919223189354,0.9967742562294006,378.88413459062576,180.9028349518776,0.995730459690094,430.20575016736984,220.40130108594894,0.9966962933540344,357.38077187538147,223.80970722436905,0.9946233034133911,424.97309547662735,254.4389010667801,0.9916887283325195,315.9970306158066,263.2095955610275,0.9729982614517212,379.95112812519073,247.01495391130447,0.9810062646865845,333.4741914868355,241.81216645240784,0.9679543972015381,409.1288744211197,349.6520845890045,0.9979190230369568,372.09344828128815,349.98707115650177,0.9974146485328674,410.1556171774864,434.96104204654694,0.9156786799430847,370.3682581782341,434.67051124572754,0.9204243421554565,414.0857149362564,489.88403058052063,0.7782045006752014,374.8915731906891,493.0145127773285,0.776077926158905,0.5219299437158241,53.05759859129863,89.3761602859451,7.165231336594163
122,13.95829999819398,376.90368390083313,186.65044683218002,0.9982578754425049,385.5311598777771,177.34406638145447,0.9967750310897827,374.7054401040077,178.45705902576447,0.9958857297897339,396.9180889725685,180.35197854042053,0.9960456490516663,377.4685061573982,181.64953500032425,0.9952943325042725,431.03054320812225,224.1155140399933,0.9968849420547485,356.565372467041,226.71763914823532,0.9950641393661499,425.38315027952194,270.82371628284454,0.991873562335968,319.6191456913948,276.73600149154663,0.9745084047317505,378.0376371741295,288.4376097917557,0.9815051555633545,330.32914447784424,276.8962413072586,0.9693803191184998,411.0106518268585,349.8472194671631,0.9979743361473083,370.6692826151848,351.164093375206,0.9975144267082214,412.91252785921097,435.01719987392426,0.9211224317550659,370.2656240463257,434.70857310295105,0.9255034327507019,415.4249364733696,489.48009836673737,0.7804853320121765,373.01996552944183,493.09151113033295,0.783684253692627,2.1530405983227308,42.917472211080266,117.30070063176574,54.40562864291671
123,14.207799977157265,376.7049456834793,186.67466527223587,0.9974615573883057,385.4325133562088,178.00969648361206,0.9955931901931763,374.3378306031227,178.79794186353683,0.9940841794013977,397.2926299571991,181.27422457933426,0.994452178478241,376.3152571320534,181.63059455156326,0.9926471710205078,431.3376694917679,225.519897043705,0.9970149397850037,356.155986726284,226.79563277959824,0.995326042175293,428.2676377296448,280.5784696340561,0.9905794262886047,329.0148923397064,273.2417902946472,0.9739368557929993,391.57851815223694,311.77866673469543,0.9801052808761597,322.7134777903557,314.8955467939377,0.9694747924804688,413.12764471769333,349.6145052909851,0.99791020154953,370.58645272254944,349.3591409921646,0.9974219799041748,414.23100847005844,434.75197327136993,0.9250573515892029,369.99270021915436,432.914719581604,0.9288600087165833,417.01671558618546,489.45943880081177,0.7888445258140564,371.631554543972,492.9533483982086,0.7924088835716248,5.15670516668438,37.0151538907117,133.56910281848175,158.30238382835762
124,13.922299956902862,376.51696598529816,186.87433922290802,0.9971270561218262,385.2514116168022,178.58448481559753,0.9949842095375061,374.21290332078934,179.30152255296707,0.9934297204017639,397.3602855205536,182.39738112688065,0.9935849905014038,375.7143322825432,182.27143317461014,0.9915282130241394,431.22973638772964,228.529920399189,0.997181236743927,355.91493701934814,230.31661093235016,0.9956330060958862,430.8504584431648,287.67389953136444,0.9904404282569885,332.4702236056328,286.5102984905243,0.9736862182617188,400.6542122364044,337.2139401435852,0.9795485138893127,322.9160162806511,334.4682385921478,0.9695871472358704,412.80984020233154,349.28796350955963,0.9976746439933777,370.522356569767,349.1691634654999,0.997133195400238,414.97463089227676,432.36396872997284,0.9277809262275696,369.56249326467514,429.7366449832916,0.930700957775116,418.46504777669907,489.61153542995453,0.796465277671814,370.97290301322937,492.9626376628876,0.7999337315559387,8.305371994537513,29.653236556507583,149.00377121310032,168.62047329784193
125,14.059900015126914,376.41492062807083,187.0403697490692,0.997309148311615,385.11626106500626,179.08370739221573,0.9952701330184937,374.1508678793907,179.7689113020897,0.9938305616378784,397.12268817424774,183.11702769994736,0.9938843250274658,375.49228394031525,182.9300812482834,0.9919265508651733,431.3899901509285,231.85068172216415,0.9974238872528076,354.52534848451614,233.58508998155594,0.9959957599639893,432.02811485528946,294.36476385593414,0.9909676909446716,333.6902450323105,294.1850105524063,0.9741319417953491,403.34381526708603,354.6047103404999,0.9804027080535889,323.8569585084915,346.7354062795639,0.9705098867416382,412.6704344153404,349.7157220840454,0.9977980852127075,369.613127887249,349.79736506938934,0.9972500801086426,415.4786487817764,432.71032559871674,0.9318821430206299,368.00842249393463,429.44879841804504,0.9332510828971863,419.7241156697273,488.89698588848114,0.805366575717926,368.27682346105576,495.1410607099533,0.8031255602836609,9.609289997317369,26.370993450452282,153.95289448031505,171.624991204489
126,13.49139999365434,376.31841510534286,186.84638094902039,0.9975319504737854,385.2737315297127,178.98348587751389,0.9956762790679932,374.06993812322617,179.70733976364136,0.9943826198577881,396.98788553476334,183.25534123182297,0.9944193959236145,374.44062530994415,183.31250941753387,0.9926666617393494,432.71738266944885,236.57401645183563,0.9976599216461182,350.13349080085754,238.5171617269516,0.9963728785514832,433.90585112571716,305.1159416437149,0.991851806640625,333.8244321346283,303.1762044429779,0.9764974117279053,420.55728536844254,369.1868351697922,0.9822829961776733,321.9468931555748,360.2958627939224,0.9731256365776062,412.8713403940201,354.3929271697998,0.9979389309883118,367.6329983472824,355.0442011356354,0.9974568486213684,418.3445363044739,439.57460963726044,0.9333762526512146,367.6859613060951,436.7552876472473,0.9364781975746155,419.6547740697861,489.0946843624115,0.7502738833427429,366.9230698943138,514.6072878837585,0.7712761759757996,10.55481637760254,22.69712424790573,167.23794559518765,177.59023839552773
127,13.878699974156916,376.2877988219261,189.58298927545547,0.9977520704269409,385.22515761852264,181.23828899860382,0.9960616827011108,373.3106596469879,182.4567660689354,0.9948962926864624,396.988982796669,184.91406309604645,0.9949040412902832,372.3845438361168,185.9124931693077,0.993333101272583,434.82843428850174,237.1915112733841,0.9978811740875244,349.4768999814987,240.56392151117325,0.9967198371887207,445.0660484433174,304.86869037151337,0.9925627708435059,334.2443622946739,304.2597609758377,0.9783266186714172,445.24872916936874,366.8024799823761,0.9837585091590881,319.9545331597328,361.4659482240677,0.9751193523406982,413.34327006340027,353.96067476272583,0.9981135725975037,366.6470683813095,354.447305560112,0.997677206993103,418.113201379776,432.48590540885925,0.9360593557357788,367.12649154663086,428.4258633852005,0.9387713074684143,419.5189544558525,486.10480785369873,0.743320643901825,367.1488382220268,510.79000329971313,0.7646452784538269,19.027625775757627,22.023294369221098,171.56701091002247,179.42420390407943
128,13.5209999862127,376.1534779071808,191.55825489759445,0.9978452324867249,385.1907678246498,182.58449345827103,0.996242105960846,372.5478752851486,184.07956743240356,0.9951832294464111,396.91308438777924,185.6957185268402,0.9951660633087158,370.50014370679855,187.21936905384064,0.9937273859977722,434.20299500226974,235.6472162604332,0.998039722442627,349.2644593715668,239.64496290683746,0.9969414472579956,454.95524179935455,294.8762766122818,0.9924846291542053,334.53088146448135,301.52274549007416,0.9777905344963074,466.6988880634308,352.3866571187973,0.983028769493103,315.5124155282974,355.752779006958,0.9735868573188782,413.660646378994,353.77645778656006,0.998069703578949,366.47260373830795,354.8664685487747,0.9976034760475159,417.9669711589813,433.54473078250885,0.9353880882263184,365.97150295972824,430.62763023376465,0.9383859634399414,419.4506030678749,486.5941832065582,0.7370233535766602,367.36556082963943,509.4118745326996,0.763972282409668,29.173996445403255,21.88742289385987,172.23208808627527,174.06741259039148
129,13.568700000178069,375.2722695469856,194.29245042800903,0.9979780912399292,383.89425921440125,185.07308143377304,0.996459424495697,371.6908334493637,186.36816477775574,0.9954758286476135,396.0448290705681,187.37755799293518,0.9954429864883423,369.8845262527466,188.4884243607521,0.9940879344940186,433.53883039951324,234.78320908546448,0.9982041716575623,349.1460086107254,237.74922907352448,0.9971727132797241,461.0227254629135,288.81506156921387,0.9921218752861023,333.7084970474243,297.0743337869644,0.9761675000190735,484.15134716033936,339.4077447652817,0.9820734262466431,310.1133517026901,341.94769513607025,0.9712586402893066,413.3929679989815,354.28525614738464,0.9981303811073303,365.982796728611,354.94639241695404,0.9976717829704285,417.6855100989342,434.8642587661743,0.9363532662391663,365.15468513965607,432.30729818344116,0.9401065707206726,419.42777466773987,486.83618664741516,0.7473823428153992,367.52359330654144,497.31305968761444,0.7759429216384888,36.52971312294687,22.761256013778077,177.60701082218034,166.84983590850922
130,13.434799970127642,374.3759671449661,194.95124930143356,0.9980586171150208,382.62911623716354,185.71582013368607,0.9965755939483643,370.85466635227203,186.79937666654587,0.9956638216972351,394.95615792274475,188.35869133472443,0.9956197142601013,369.3712485432625,189.04852479696274,0.9943028092384338,431.9637778401375,234.09412962198257,0.9983364939689636,348.9971824288368,236.67867147922516,0.9973499178886414,466.2929011583328,286.22628223896027,0.9918662309646606,332.6269714832306,292.1922219991684,0.9743422269821167,498.0160274505615,331.1957331895828,0.9813512563705444,302.40155416727066,329.9093208312988,0.968977689743042,413.30893379449844,354.24815940856934,0.9981511831283569,366.01279747486115,355.35901069641113,0.9977079629898071,417.3212191462517,434.8632936477661,0.9374536275863647,363.78498113155365,432.40459418296814,0.9417096376419067,419.19745671749115,485.6458035707474,0.7527339458465576,367.0700494647026,499.3811274766922,0.7848577499389648,42.19013496172105,24.589183569176523,178.16441266098593,157.7223900928622
131,13.886799977626652,373.55074590444565,194.720465362072,0.9981591105461121,381.6654258966446,185.86690640449524,0.9967220425605774,370.21118915081024,186.737624168396,0.9958575963973999,394.483987390995,188.97719651460648,0.9958397150039673,368.96807169914246,189.08712953329086,0.9945488572120667,430.99192494153976,233.6185222864151,0.9984437227249146,349.05223286151886,236.01323741674423,0.9974765181541443,474.28246653079987,277.93139111995697,0.9920665621757507,326.20103108882904,287.9826167821884,0.9737010598182678,514.5216298103333,330.1848018169403,0.9815596342086792,286.71879118680954,321.8883423805237,0.9683091044425964,413.25032395124435,354.07929384708405,0.9981381297111511,366.21988558769226,355.10723543167114,0.9976968169212341,417.0479206442833,435.3721523284912,0.9374462962150574,362.6864613890648,433.08216762542725,0.9428029656410217,419.14642065763474,485.5424152612686,0.7584412693977356,367.0949921011925,493.3985092639923,0.7940583825111389,52.70974603612154,31.938139721868637,173.26765842346995,154.38996702624635
132,13.285799999721348,372.35465013980865,194.49396413564682,0.9982766509056091,380.72373431921005,185.83459001779556,0.9969125986099243,369.3050113916397,186.65270882844925,0.9960936307907104,394.23263412714005,189.03359562158585,0.996091365814209,368.3313921689987,189.14803755283356,0.9948353171348572,429.35986828804016,232.03687417507172,0.9985305666923523,349.0735893249512,235.76268362998962,0.9975798726081848,476.5684645175934,265.8965756893158,0.9922233819961548,320.05475866794586,275.4135479927063,0.973139226436615,531.8121758699417,308.2536019086838,0.9819897413253784,279.24140626192093,295.3576897382736,0.9683788418769836,413.086858689785,353.7998015880585,0.9981439113616943,366.2213307619095,354.8999762535095,0.9977095127105713,416.9994270205498,436.4592978954315,0.935774028301239,362.09618800878525,435.2704529762268,0.9423838257789612,421.0211862921715,485.6827495098114,0.7624735236167908,367.1460816860199,491.5783261060715,0.7998236417770386,61.96273910149486,44.38933712875744,178.17097530623786,152.24209385346416
133,13.385099999140948,370.3771433234215,194.59411025047302,0.9983903169631958,378.6477683186531,185.91866087913513,0.9970918297767639,367.7857318520546,186.91047084331512,0.9962924122810364,393.17848658561707,188.89668452739716,0.9963268041610718,367.64886850118637,189.32815277576447,0.9950709342956543,428.4129312634468,229.13949823379517,0.9986299872398376,349.17156678438187,234.75425553321838,0.9976335763931274,484.3559731245041,256.7848023176193,0.9924840927124023,315.0052664279938,261.9996989965439,0.9715954065322876,539.5936896800995,278.69651889801025,0.9819850921630859,270.95488435029984,275.16071712970734,0.9660113453865051,413.0758593082428,352.47948944568634,0.9981817603111267,366.2332133054733,353.937753200531,0.997714102268219,416.67867863178253,436.15935719013214,0.9346063137054443,361.7071149945259,435.17964136600494,0.9416549801826477,421.1643388271332,485.58964574337006,0.77093905210495,367.0738497376442,489.0513746738434,0.8041545152664185,70.79108277778992,59.57666988843187,175.3401104460567,158.0645447648552
134,13.255600002594292,369.24851578474045,194.85980433225632,0.9984810948371887,377.5650652050972,186.04451835155487,0.997221827507019,366.6979438662529,187.1553847193718,0.9964284896850586,391.9392496943474,188.7131159901619,0.9965170621871948,366.8842375278473,189.2999683022499,0.9952396750450134,427.21712988615036,226.02703660726547,0.9987122416496277,349.1027336716652,233.36116743087769,0.9976552128791809,488.37425327301025,244.852681517601,0.9928247332572937,308.6753230690956,248.25104439258575,0.9706504940986633,549.4989672899246,257.8267984390259,0.9824789762496948,261.6698541045189,248.61483371257782,0.9651255011558533,413.0463135242462,351.38015925884247,0.9982096552848816,366.2447746992111,353.28626811504364,0.9977110028266907,416.517113506794,434.4904261827469,0.9335528612136841,361.30313527584076,434.51609230041504,0.9399405717849731,421.1588257551193,484.82412588596344,0.7786167860031128,367.11415404081345,484.5601056814194,0.8056640625,79.3401098128573,77.91540156010753,174.8739150497931,160.22409183773487
135,13.242400018498302,369.3751023411751,194.79817247390747,0.9985631704330444,377.7464345693588,186.04243731498718,0.997315526008606,366.5102317929268,187.1033588051796,0.9965499639511108,391.5300780534744,188.58528304100037,0.9966427683830261,366.3685511946678,189.1679129600525,0.9954018592834473,425.6434422135353,224.0771958231926,0.9987362027168274,348.98441672325134,231.3806539773941,0.9976330995559692,488.3436369895935,233.53040999174118,0.993128776550293,305.35918349027634,235.7292664051056,0.9715934991836548,555.104691028595,236.68118983507156,0.9831933975219727,251.27594703435898,229.3704178929329,0.966405987739563,413.0480263233185,349.8834717273712,0.9980435371398926,366.2737317085266,352.51610362529755,0.9975552558898926,416.14366978406906,431.8817412853241,0.9295704364776611,361.35283321142197,432.8146187067032,0.9359904527664185,420.34599554538727,483.12777948379517,0.785959780216217,367.14369982481,485.0946304798126,0.8114482760429382,87.14343788440365,92.43029857886506,174.12823889160322,167.6017196048473
136,13.119800016283989,368.6820342540741,194.62028908729553,0.9986332654953003,376.68840646743774,185.89168280363083,0.9973888397216797,365.5167815685272,186.92757153511047,0.9966434240341187,390.69661396741867,188.47984385490417,0.9967488646507263,365.5145335197449,189.08764225244522,0.9955638647079468,425.65141743421555,222.93324398994446,0.9987107515335083,348.821112036705,228.77195399999619,0.9975854158401489,490.90116715431213,224.06635332107544,0.9934481978416443,299.28380489349365,226.80774199962616,0.9733142256736755,555.2735087871552,212.50497370958328,0.9841147661209106,248.58495235443115,211.55173832178116,0.9685073494911194,413.01877492666245,349.53210830688477,0.9978402853012085,366.2673622369766,352.16353380680084,0.9973861575126648,415.778870344162,431.81164956092834,0.9248414635658264,361.375501036644,432.7277580499649,0.9330638647079468,417.4542554616928,482.15780532360077,0.7874850630760193,366.9441854953766,484.71337854862213,0.8135433197021484,94.70350211671057,100.31832178776303,168.8232517228857,165.523369002494
137,13.331199996173382,368.8034288883209,194.58620834350586,0.9987238049507141,376.6701009273529,185.8092405796051,0.9975362420082092,365.4226043820381,186.8899017572403,0.9968469738960266,390.5780026316643,188.39388799667358,0.9969529509544373,365.20349991321564,188.99927359819412,0.9958751797676086,425.6485538482666,222.21219497919083,0.9986549019813538,348.685693860054,226.7965828180313,0.9975898861885071,491.3679584264755,215.54830873012543,0.9936250448226929,295.12338918447495,217.89297342300415,0.9751676917076111,548.2431644201279,194.20014590024948,0.9848009943962097,247.31271731853485,192.04156810045242,0.9705638289451599,412.84010857343674,349.5602777004242,0.9978160262107849,366.0789811015129,352.15080630779266,0.9974168539047241,415.6827930212021,433.3488720655441,0.92223060131073,361.1524624824524,433.4103983640671,0.9327064752578735,415.77737164497375,481.74425208568573,0.7857605814933777,366.6856598854065,484.9855419397354,0.8147640228271484,101.53334261356356,107.33745259211034,165.21627672988095,161.03767112031872
138,13.245100039057434,368.90732085704803,194.500101685524,0.9988174438476562,376.8608103990555,185.71185410022736,0.9977045655250549,365.5417777299881,186.7710866332054,0.9970836043357849,390.60562151670456,188.32729482650757,0.9971811175346375,365.2102708220482,189.0381799340248,0.9962201118469238,425.7044874429703,222.3655884861946,0.9986374378204346,348.589027762413,224.86206328868866,0.9976487755775452,491.6649684906006,207.7152116894722,0.9938139319419861,294.41744834184647,209.33213186264038,0.9768882989883423,540.1432305574417,168.9932587146759,0.985464334487915,248.23594278097153,177.09007436037064,0.9724620580673218,412.4937752485275,349.5715273618698,0.9979273080825806,365.7539774775505,352.0076370239258,0.9975655674934387,415.759601354599,434.97678554058075,0.9225608706474304,360.99750769138336,434.62309980392456,0.9344202280044556,415.5837450623512,481.9115493297577,0.7860451936721802,366.6922969818115,485.4153815507889,0.8177198171615601,108.4516736941623,113.6851400860614,153.9065242386441,161.0753749596742
139,13.71530001051724,369.1043195128441,194.07861638069153,0.9989096522331238,376.90432620048523,185.4787780046463,0.9978761076927185,365.63825649023056,186.59855663776398,0.9973188638687134,390.66040432453156,188.20606690645218,0.9974111914634705,365.196086704731,189.0143535733223,0.9965528249740601,425.7689850330353,222.53452944755554,0.9986758232116699,348.443787753582,223.66515058279037,0.9977673292160034,489.33042335510254,202.34627306461334,0.9941193461418152,295.0219326019287,203.81338876485825,0.9785934686660767,537.2183049917221,156.28522795438766,0.9863373637199402,250.55659818649292,165.21105015277863,0.9744177460670471,412.3312199115753,349.8575040102005,0.9980741143226624,365.63054889440536,352.00290191173553,0.9977447390556335,415.9709447026253,438.34345030784607,0.9230887293815613,360.62797129154205,436.86648738384247,0.9361774325370789,415.4727610349655,481.95488917827606,0.7807228565216064,366.64356249570847,485.6372984647751,0.8170409202575684,113.64552177324859,118.01282109901862,153.73476025633155,159.4225506193507
140,13.062999991234392,369.4250679016113,192.83135163784027,0.9989906549453735,376.9600724577904,184.51362943649292,0.9980343580245972,365.65894389152527,185.56701093912125,0.997525155544281,390.708576798439,187.60549181699753,0.9976203441619873,365.24342954158783,188.54229003190994,0.9968498945236206,425.75137531757355,222.2814422249794,0.9987118244171143,348.4478021264076,222.94913828372955,0.9978011250495911,487.9578825235367,199.029960334301,0.9944501519203186,295.64959317445755,201.740676343441,0.9799461960792542,514.5978493690491,146.03701257705688,0.9871161580085754,252.96511483192444,156.64271384477615,0.975832462310791,412.32177275419235,350.09175634384155,0.9982074499130249,365.6392199397087,352.0667505264282,0.9979026913642883,416.3606064915657,442.86804604530334,0.9228336215019226,360.5359886288643,438.4221074581146,0.9374492764472961,415.59471768140793,482.6442551612854,0.7727950811386108,366.52794855833054,486.0567932128906,0.8117380142211914,116.49299796608501,119.46885167948102,137.18371602723673,155.3098982202766
141,13.134900014847517,371.3875342011452,192.76125991344452,0.999045729637146,378.36823415756226,184.4916126728058,0.9981505274772644,366.98275023698807,185.53341275453568,0.9976789355278015,390.72867542505264,187.59415167570114,0.9977929592132568,365.434593975544,188.52903473377228,0.9970992207527161,425.4331426024437,222.10591131448746,0.9987243413925171,348.28431010246277,223.19260448217392,0.9977425932884216,482.8889071941376,196.8372113108635,0.9946865439414978,296.12540340423584,200.17305260896683,0.9809181690216064,489.391602396965,141.1502561569214,0.9876846075057983,255.35104393959045,151.6620393395424,0.9768136143684387,412.2847067117691,350.36575949192047,0.9983248114585876,365.6307897567749,352.429212808609,0.9980340003967285,416.4611263871193,443.0890280008316,0.9209973812103271,360.49969869852066,439.7962852716446,0.9367774128913879,416.67814338207245,483.3762673139572,0.7605435252189636,366.47206848859787,487.165593624115,0.799450695514679,119.59278014485395,121.45824841629259,120.40000222031875,153.8611887626604
142,13.422499992884696,372.3434634208679,192.25599026679993,0.9990706443786621,379.52319598197937,184.36622267961502,0.9982196688652039,367.73180544376373,185.39550638198853,0.9977607727050781,390.9784497022629,187.58134877681732,0.9979182481765747,365.6583283543587,188.5441448688507,0.9972914457321167,425.77069783210754,221.97664576768875,0.9987293481826782,348.51238000392914,223.553453207016,0.9976629614830017,476.5035922527313,193.44353830814362,0.9950140714645386,296.45827519893646,199.41713869571686,0.9820165038108826,466.6287168264389,135.01810491085052,0.9883120059967041,260.284039080143,150.23129653930664,0.9779139757156372,412.438751578331,350.4759941101074,0.9984022378921509,365.7101137638092,352.43437016010284,0.998107373714447,414.59206116199493,442.5829440355301,0.9169924855232239,360.5217242240906,439.698325753212,0.9327094554901123,417.2265067100525,484.3097780942917,0.7499855160713196,366.6559802889824,496.7985007762909,0.7821108102798462,125.27750312928549,122.47668016735261,109.76091544528978,151.20909847561856
143,13.873499992769212,375.7376156449318,190.82244259119034,0.999116837978363,381.7609679698944,183.92027765512466,0.9983208179473877,371.2857564687729,184.44975066184998,0.9978761076927185,391.33923476934433,187.513307929039,0.9980505108833313,368.8735466003418,188.44377255439758,0.9974795579910278,425.6593391299248,222.0005475282669,0.9987131357192993,351.08272939920425,223.67098653316498,0.9975208044052124,465.8463958501816,192.87553596496582,0.9951744675636292,296.72199273109436,204.37284076213837,0.9829422235488892,443.33368599414825,138.4920033812523,0.98868328332901,272.8433523774147,156.86921507120132,0.9791187047958374,412.7374209165573,351.6139591932297,0.9985083937644958,366.853219807148,353.4899080991745,0.9982145428657532,414.0212441086769,441.98092126846313,0.9149847030639648,360.63578593730927,439.8923748731613,0.9290635585784912,418.1801878809929,490.23029696941376,0.7459359765052795,367.38124364614487,504.3801392316818,0.7675800919532776,131.6255386496423,116.47133210519698,103.44450965905394,136.23223849487923
144,13.084700040053576,378.3796082139015,190.81116276979446,0.9991565942764282,384.0034233927727,184.01309490203857,0.9984016418457031,374.4969068169594,184.51483583450317,0.9979738593101501,391.9283573627472,187.6860339641571,0.9981446266174316,372.253541469574,188.65419852733612,0.9976358413696289,425.47275108098984,222.26287877559662,0.998416543006897,352.84953516721725,224.01716244220734,0.997109055519104,450.48649549484253,198.1484151482582,0.9952056407928467,298.5443841814995,208.72009599208832,0.9837543964385986,422.94324123859406,146.37959945201874,0.9890308976173401,282.1254387497902,160.4421437382698,0.9805302619934082,412.8734813928604,352.2088943719864,0.9985880851745605,367.8868137598038,354.30941426754,0.9982994198799133,414.0593271255493,441.1863875389099,0.9174873232841492,361.15278363227844,440.35569202899933,0.9300713539123535,418.08006942272186,490.67841351032257,0.7533599138259888,369.3544684648514,506.653204202652,0.7710735201835632,139.48928859297067,112.31533756816087,105.93641739845793,124.51460737713933
145,12.502500030677766,378.0872280597687,190.92987233400345,0.9992055892944336,383.9688194990158,183.96141582727432,0.9984893798828125,374.3423534631729,184.52353698015213,0.998089611530304,393.5850087404251,187.37316972017288,0.9982309341430664,371.8724436759949,188.36823695898056,0.9977825880050659,426.67489516735077,222.12646532058716,0.9977536201477051,354.8893985748291,224.6384574174881,0.9967553019523621,438.57090026140213,214.97917538881302,0.9952707290649414,302.3993596434593,213.8130258321762,0.9842844605445862,414.8466794490814,158.63875967264175,0.9895822405815125,289.76575368642807,170.5083890557289,0.9817855358123779,413.83264887332916,353.30961191654205,0.9986505508422852,368.31362187862396,354.9915418624878,0.9983898401260376,414.6530796289444,441.7519770860672,0.9203518033027649,360.99627661705017,442.1905027627945,0.9326063990592957,418.5143977999687,493.8053971529007,0.7549965977668762,369.51236712932587,511.94561195373535,0.7754753232002258,126.58923606206285,107.53296652495524,98.16271950874494,117.91714026360583
146,14.061200025025755,377.6419805884361,193.56876242160797,0.999210000038147,383.8818949460983,185.6417623758316,0.9984875321388245,373.99240720272064,186.41761201620102,0.998097836971283,393.4592250585556,187.93354159593582,0.9981728196144104,374.536381483078,189.01733940839767,0.9977936744689941,427.4948174357414,222.26405501365662,0.9969435334205627,359.13973623514175,225.10981220006943,0.996231198310852,431.86240154504776,235.66021519899368,0.9944356679916382,315.35660433769226,226.34234380722046,0.984062135219574,406.80845987796783,204.30492055416107,0.9891995787620544,300.04795414209366,194.55404275655746,0.9824345111846924,414.4447069168091,353.6810015439987,0.99864262342453,370.38610875606537,354.93520307540894,0.9984036684036255,414.8936476111412,441.4135522842407,0.9220790863037109,361.5453357696533,442.03777277469635,0.9348650574684143,418.5124173760414,493.03821849823,0.7581971883773804,370.2082720398903,510.11104249954224,0.7831470966339111,23.728710105136923,93.33849857001158,20.568384712314522,114.10209674801305
147,13.993300031870604,377.341411113739,196.0566567182541,0.9992668628692627,384.12259674072266,186.41753661632538,0.9985988140106201,373.64489632844925,188.38764488697052,0.9982457160949707,394.6566857099533,188.39008784294128,0.9983059763908386,373.0293591618538,192.33782929182053,0.997983455657959,428.17533391714096,222.63827967643738,0.9971128702163696,358.9525058865547,227.33067029714584,0.9965097308158875,426.61288648843765,246.63819581270218,0.9948580265045166,314.671377658844,237.22049498558044,0.9854761362075806,377.8326097726822,213.47268587350845,0.9899396300315857,349.28870618343353,210.29432475566864,0.9837955236434937,415.98678809404373,354.8433358669281,0.9987401962280273,370.21822768449783,355.6815412044525,0.9985259771347046,416.3457265496254,441.66780066490173,0.927590012550354,361.5652738213539,441.8639911413193,0.9397050738334656,419.16188937425613,492.5532464981079,0.7521457076072693,368.4552221894264,511.0026912689209,0.7815575003623962,1.5426258254911522,82.42623974144014,59.51320192677141,25.286695550401188
148,14.488100016023964,378.83432960510254,196.54423755407333,0.9992662072181702,386.16160374879837,186.82772701978683,0.9985747933387756,373.91765958070755,188.70560616254807,0.9982984066009521,395.3776938319206,188.99948471784592,0.9982521533966064,372.72480207681656,192.27550375461578,0.9980961084365845,428.8918191790581,227.18358021974564,0.9970382452011108,357.438873231411,230.85989719629288,0.9967619776725769,421.60452818870544,257.0511146783829,0.9933879971504211,315.0500668287277,254.85776245594025,0.9861322641372681,362.24637907743454,242.8628938794136,0.9875702261924744,336.63109427690506,242.68490493297577,0.9833378195762634,416.5177558064461,357.3255902528763,0.998780369758606,370.09707391262054,357.8875606060028,0.9986081123352051,416.84979796409607,442.3101472854614,0.9308195114135742,361.78617137670517,441.6789598464966,0.9431973695755005,419.2081349492073,493.5363703966141,0.7515438199043274,368.45934361219406,513.3843622207642,0.7895196080207825,8.280110021501784,66.17489100659311,90.26850760848296,0.09046837808914344
149,13.782399997580796,378.5736629962921,196.6353658437729,0.9989863038063049,385.98416846990585,187.3665496110916,0.9980703592300415,373.8784793019295,188.87935763597488,0.9978123307228088,395.33789801597595,189.82369583845139,0.9974794983863831,372.5515952706337,192.3849692940712,0.9976078271865845,429.33083099126816,229.95781308412552,0.996950089931488,355.295117855072,236.24474519491196,0.9968500733375549,424.16184425354004,267.4680598974228,0.9913836717605591,320.7102254629135,273.2324105501175,0.9849436283111572,380.45600241422653,278.2870674133301,0.9846461415290833,328.4152253270149,267.60212087631226,0.9818856716156006,417.342522084713,357.2296212911606,0.9987610578536987,370.361085832119,358.59668135643005,0.9986233115196228,416.8784873485565,442.1362751722336,0.933195948600769,362.59388995170593,440.9859445095062,0.945009171962738,419.3743835091591,493.73771822452545,0.7569156289100647,368.004515171051,506.3620400428772,0.7983158826828003,2.464985510492157,50.097091500596335,111.74964627503128,10.765969550771105
150,13.559799990616739,375.78319215774536,196.18454998731613,0.9988153576850891,383.73312228918076,187.0776172876358,0.9978716969490051,372.5812748670578,188.66872054338455,0.997347354888916,395.22116005420685,189.80772614479065,0.9971597194671631,372.43068236112595,192.16238886117935,0.9969148635864258,429.27326488494873,231.73542547225952,0.9971862435340881,355.1620547771454,235.10334187746048,0.9970788955688477,424.7736079096794,280.5788617134094,0.9917247295379639,327.1435523033142,275.0428822040558,0.9848774075508118,382.02556866407394,305.88689029216766,0.9852309226989746,321.6355383992195,311.59134328365326,0.9824442863464355,416.53817558288574,355.856076836586,0.9988207221031189,370.2954909801483,357.41272234916687,0.9986941814422607,416.12951242923737,438.009308218956,0.9370115399360657,363.303577542305,435.8326646089554,0.9472039937973022,419.3259166479111,493.4764425754547,0.768096387386322,367.7760438323021,503.62641191482544,0.8059449195861816,0.5947259055523497,42.10394308565443,125.89017796869057,153.5196930649286
151,13.203100010287017,375.37945330142975,193.17036455869675,0.9988092184066772,383.5824227333069,184.84866124391556,0.9978735446929932,371.9797077178955,186.35193872451782,0.997316837310791,395.03414380550385,188.35416734218597,0.997075080871582,371.5999212861061,190.1875153183937,0.9967493414878845,427.11966091394424,231.02414828538895,0.9974328875541687,353.73740738630295,234.5726473927498,0.997318685054779,429.52817755937576,273.8240884542465,0.9916910529136658,331.2659385204315,282.97534120082855,0.9848579168319702,395.1971005797386,316.608722448349,0.9852578639984131,323.49601286649704,327.2882401943207,0.9828000068664551,416.3007923364639,348.38859379291534,0.9988964200019836,370.27445566654205,349.96318447589874,0.9987787008285522,416.11792427301407,428.9591817855835,0.9394148588180542,364.3056988120079,430.2520182132721,0.9476261734962463,418.89322078227997,491.497678399086,0.779803991317749,367.791432261467,498.68618190288544,0.8144149780273438,8.48760110718639,33.0593281113062,138.0350269176418,165.04168390632714
152,13.5774000082165,374.6361520290375,192.96226090192795,0.9988324642181396,383.40086603164673,184.5927842259407,0.997901976108551,371.1554231643677,186.15277749300003,0.9973435997962952,394.90643322467804,188.14632004499435,0.9970214366912842,370.1734540462494,189.84274184703827,0.99665766954422,427.2136507630348,233.12696033716202,0.9976499676704407,351.98553508520126,236.32249754667282,0.9975246787071228,431.58562391996384,291.04575181007385,0.9913787245750427,331.2611480355263,296.7227894067764,0.9839908480644226,400.4894891381264,348.02676486968994,0.9840255379676819,323.8710623383522,346.75871992111206,0.9818746447563171,413.77457427978516,348.847748875618,0.9988948702812195,369.34341555833817,350.29690432548523,0.9987800121307373,415.053526699543,430.3692800998688,0.9419873952865601,364.26344084739685,430.9033223390579,0.9494261145591736,416.9436540007591,491.47816491127014,0.7935302257537842,367.7856248021126,502.1373850107193,0.8260250091552734,10.941052133776543,27.597378275924928,147.0607072023086,169.46361086625967
153,13.813800003845245,373.45905762910843,193.24476915597916,0.9987607002258301,382.5036001801491,184.73732578754425,0.997785747051239,369.7020328640938,186.38632106781006,0.9972403645515442,394.18494337797165,188.1801745891571,0.9968903064727783,368.12020939588547,189.8667340874672,0.9964778423309326,427.27434808015823,235.04069966077805,0.9978167414665222,347.9648463129997,238.25380504131317,0.9976469278335571,431.9749110341072,298.9379472732544,0.9919495582580566,331.66017669439316,302.3744624853134,0.9841299653053284,411.8080668449402,359.16950929164886,0.9847126603126526,323.61267054080963,361.4801837205887,0.9817191362380981,413.0524956583977,349.32035529613495,0.9987448453903198,366.68218076229095,350.45316302776337,0.9985699653625488,414.9818835258484,431.44526648521423,0.9426644444465637,364.2276058793068,433.6029394865036,0.9496188163757324,416.13066321611404,491.28345227241516,0.7825831174850464,365.8134169578552,509.382981300354,0.8179726004600525,11.301213734085538,23.737856617722308,157.28097619932737,173.4865295331263
154,14.069499971810728,373.4040607213974,193.69091022014618,0.9987778067588806,382.50922030210495,184.98154598474503,0.9978488683700562,369.2804166674614,186.63028490543365,0.9973555207252502,394.16564762592316,188.316286444664,0.9969966411590576,367.0551695227623,190.067192196846,0.9966329336166382,428.8031015396118,237.71855640411377,0.9979819059371948,346.0629970431328,241.96776163578033,0.9978145360946655,435.9980084300041,306.73308801651,0.9925473928451538,331.4958817958832,309.2208013534546,0.9848209619522095,430.6497933268547,368.9752631187439,0.985670804977417,321.4244359135628,370.5150190591812,0.9822117686271667,413.10318380594254,353.68706369400024,0.9986672401428223,366.35273456573486,357.23115944862366,0.9984962940216064,418.32101207971573,439.29062354564667,0.940360963344574,364.52011984586716,440.23794758319855,0.9491777420043945,416.2276504635811,492.40784537792206,0.7460108399391174,365.86257964372635,515.9477167129517,0.7983525991439819,13.66158150120919,22.205019838151397,169.1371684079907,177.10950905159874
155,13.362300000153482,372.7748211622238,194.35470056533813,0.9987791776657104,382.1741272211075,185.50851571559906,0.9978565573692322,368.52244955301285,186.96641755104065,0.9973870515823364,393.51687145233154,188.50526869297028,0.9970147609710693,366.07791060209274,190.18011105060577,0.9966713190078735,428.4091309905052,236.5327274799347,0.9981303811073303,343.97608518600464,242.13780343532562,0.9979152679443359,446.7618533372879,294.1448676586151,0.9915789365768433,330.77104663848877,305.8317880630493,0.9832333326339722,456.8505610227585,348.42457461357117,0.9828986525535583,318.9993532896042,363.65486693382263,0.9791629910469055,414.0629935860634,353.6928242444992,0.998555064201355,366.27009201049805,357.11260068416595,0.9983433485031128,418.25921750068665,439.1216071844101,0.940946638584137,364.5063371658325,439.0594173669815,0.9492703080177307,415.8286753296852,496.79087030887604,0.7511030435562134,366.45456582307816,514.9896557331085,0.8033168315887451,24.65067567669004,22.686303445560327,172.85952486209106,179.79445869266323
156,13.23219999903813,372.64336383342743,194.69727236032486,0.9988648295402527,381.6415805220604,185.79879015684128,0.9979953169822693,368.2114694714546,187.04578346014023,0.9975641369819641,392.23232567310333,188.59660810232162,0.9972075819969177,365.721514582634,190.21413147449493,0.9968881011009216,427.775823533535,235.96388065814972,0.9982960224151611,344.21202325820923,241.25146281719208,0.9980741143226624,454.7653887271881,289.2858885526657,0.9914674758911133,330.26874154806137,301.6897109746933,0.9824104905128479,473.632084608078,340.40757727622986,0.9823330044746399,310.1797761917114,354.4033625125885,0.9778562784194946,412.94148486852646,354.03438568115234,0.9986222386360168,364.4534009695053,357.03252601623535,0.9984045624732971,417.75744765996933,438.9236071109772,0.9427663087844849,364.55177986621857,438.65436923503876,0.9509369134902954,415.5991334915161,495.5774450302124,0.7629838585853577,368.26718896627426,496.63684344291687,0.8126590251922607,34.00789179668947,22.907504750249657,173.41002363277485,172.12936372156423
157,13.38190003298223,371.7718702554703,194.7421956062317,0.9989389181137085,380.484745323658,185.82521027326584,0.9981165528297424,367.1905609369278,187.00105625391006,0.997715413570404,391.38007432222366,188.61331671476364,0.9973782300949097,364.82248240709305,190.0895557999611,0.9970648884773254,427.29048585891724,235.68208116292953,0.9984376430511475,344.4515475034714,241.0874228477478,0.9981878995895386,462.7637857198715,286.90593671798706,0.9912384748458862,329.6795654296875,297.49029982089996,0.9803481698036194,489.52712762355804,336.02174746990204,0.9816563129425049,302.913092315197,340.6212605237961,0.9750983715057373,412.9528856873512,354.82970356941223,0.9986574053764343,364.44071555137634,357.10548293590546,0.9984315037727356,417.52868193387985,438.8779147863388,0.943710207939148,364.4740616083145,438.6357605457306,0.9520050883293152,415.7867920398712,491.89313566684723,0.769390344619751,368.41336566209793,491.3475421667099,0.8180850148200989,41.56487144462402,24.451921594202208,173.88289838877398,162.85304131832
158,13.437299989163876,370.9542763233185,194.76023125648499,0.9989920854568481,379.55027961730957,185.82507455348969,0.9981973171234131,366.35340362787247,186.9521518945694,0.9978060126304626,391.05822867155075,188.60861176252365,0.9975022673606873,364.090234041214,189.80418235063553,0.9971500039100647,427.10028487443924,235.13218986988068,0.9985629320144653,344.681437253952,237.29336142539978,0.9982808232307434,466.56657433509827,278.7507766485214,0.9913696646690369,329.56820672750473,294.5411694049835,0.9784557223320007,506.3325768709183,327.3897887468338,0.9817429184913635,296.97658425569534,333.96281814575195,0.9735250473022461,412.7593393921852,354.8154982328415,0.9987070560455322,364.4695387482643,357.05381894111633,0.9984793663024902,416.6693385243416,438.83725917339325,0.944466769695282,363.37952947616577,438.5683228969574,0.9525061845779419,415.84170866012573,489.9698657989502,0.7763351202011108,367.3125175833702,493.1609694957733,0.8229456543922424,48.97177205157031,24.170750271404064,177.12961380381674,155.20645295097628
159,13.36420001462102,370.0154750943184,193.3781213760376,0.9990256428718567,378.5264807343483,184.53335404396057,0.9982422590255737,365.55700558423996,185.3336181640625,0.9978411197662354,390.90803760290146,187.84814369678497,0.9975991249084473,363.7169508934021,188.3471702337265,0.997180700302124,427.0717560648918,232.92517518997192,0.9986658096313477,344.890800178051,235.11959809064865,0.9983472228050232,475.5697420835495,270.02689039707184,0.9917377233505249,324.0516288280487,285.0186175107956,0.9763292074203491,530.5643482208252,317.44171011447906,0.9822032451629639,286.3064348101616,313.14735543727875,0.9723541736602783,412.21137750148773,354.8110647201538,0.998722493648529,364.53805071115494,356.89282512664795,0.998483419418335,415.8885162472725,437.6564368009567,0.9430642127990723,362.3034634590149,437.0096868276596,0.9511434435844421,416.0154507160187,488.0912024974823,0.775210976600647,367.846322119236,487.61153864860535,0.8223100304603577,59.53466655108896,31.832011581657568,176.64955423559283,149.3612001558664
160,13.262899999972433,369.9066588282585,192.1097446680069,0.9990599751472473,378.2014235854149,183.32425671815872,0.9982710480690002,365.3527007699013,184.01709109544754,0.9978813529014587,390.61201775074005,186.8665127158165,0.9976529479026794,363.43934363126755,187.27300852537155,0.9972030520439148,425.9697304368019,227.01750445365906,0.9986984133720398,344.9818193912506,232.82355123758316,0.9982587695121765,481.2066708803177,258.3289917707443,0.9918222427368164,316.8574712872505,271.13511776924133,0.9738497734069824,531.1203656196594,284.21581995487213,0.9820037484169006,279.6171783208847,289.4526127576828,0.9692125916481018,412.1981568336487,352.6243175268173,0.9986798167228699,364.6518180370331,355.03225779533386,0.9983741044998169,415.72376638650894,436.11146318912506,0.9387660622596741,362.25941240787506,434.3930698633194,0.9460514187812805,416.162671148777,487.3112963438034,0.7754499912261963,368.03630900382996,487.0726406574249,0.8181474804878235,66.70986863166183,45.425797599913665,177.8656210178985,152.47355214616616
161,13.151900027878582,369.02933102846146,190.68948245048523,0.9990767240524292,377.2013362646103,182.0577348470688,0.9982775449752808,364.72699385881424,182.58756977319717,0.99785315990448,389.86478239297867,186.09963566064835,0.9976884722709656,363.0444899201393,186.21080523729324,0.9971420764923096,424.1152240037918,222.70030361413956,0.998731791973114,344.72412341833115,231.6752563714981,0.9980467557907104,482.0993603467941,243.09833753108978,0.9919815063476562,313.2921997308731,258.3982993364334,0.9709398746490479,539.3193206787109,262.63927090168,0.9814823865890503,272.271491587162,273.56911623477936,0.9651806950569153,412.2111901640892,350.95858347415924,0.9986119270324707,364.6856458187103,354.1880204677582,0.9982012510299683,415.7112147808075,434.9278962612152,0.9372212886810303,362.24710166454315,432.74009346961975,0.9432541131973267,416.49000310897827,487.00269973278046,0.7817664742469788,368.1376852989197,486.1795140504837,0.8167204260826111,75.92141963304059,58.883335813895556,179.47413868748765,159.92527558781947
162,13.513600046280771,368.9328790307045,189.47976684570312,0.9990935325622559,377.1007628440857,181.0821961760521,0.9983082413673401,364.62569785118103,181.53987342119217,0.9978466629981995,389.33405554294586,185.3023121356964,0.9977781176567078,362.9690464735031,185.06140953302383,0.9971507787704468,423.08449363708496,219.43891215324402,0.9987382888793945,344.78270649909973,228.68361550569534,0.99751216173172,482.76440811157227,231.61483091115952,0.9920294284820557,311.82296603918076,245.1873061656952,0.9671482443809509,545.3328511714935,241.4544392824173,0.980597972869873,269.65315705537796,245.08429485559464,0.9593654274940491,412.22189515829086,348.4187537431717,0.9984899163246155,364.75362253189087,352.1819313764572,0.9978806376457214,415.70516645908356,434.15121722221375,0.934458315372467,362.25673615932465,431.8704916238785,0.9397270083427429,417.0061444044113,487.17237961292267,0.786474883556366,368.15823888778687,485.25885140895844,0.813288688659668,83.28280156506226,72.58761476976291,177.40597358341432,153.26187132229555
163,13.183099974412471,368.4867483973503,188.6046306490898,0.9991239309310913,376.806268453598,180.46221315860748,0.9983163475990295,364.4358180165291,180.7236848473549,0.9978575706481934,388.9472573399544,184.65394860506058,0.997805118560791,362.9204725623131,184.00959634780884,0.9971840381622314,423.1242359280586,217.23708498477936,0.9987002611160278,344.6934803724289,224.97804337739944,0.9973393082618713,485.63837790489197,222.28730833530426,0.9923681020736694,298.8953741788864,232.0139526128769,0.9684414267539978,554.0251458883286,220.0339830517769,0.9813975095748901,248.442201256752,227.60743308067322,0.9610143899917603,412.24317133426666,347.770405292511,0.9983214735984802,364.8215457201004,351.59366154670715,0.9976459741592407,415.83202064037323,432.4805670976639,0.9312026500701904,362.2662368416786,431.28849506378174,0.9353470802307129,417.54923552274704,487.1764512062073,0.7938592433929443,368.2900976538658,486.73870968818665,0.8157017230987549,90.14644854107797,90.29871976953497,173.4941761475004,166.274523746636
164,13.154699990991503,368.33875185251236,188.18801617622375,0.9991391897201538,376.43054991960526,179.99449265003204,0.9983017444610596,364.3604013323784,180.41617399454117,0.9978306889533997,388.51881670951843,183.8030308485031,0.9978162050247192,362.8857616186142,183.51883363723755,0.9972013831138611,423.19727075099945,216.45208179950714,0.9986106157302856,344.758513212204,221.98961454629898,0.9970980286598206,489.01960384845734,213.81908798217773,0.9927281737327576,295.40972101688385,219.97413063049316,0.9702358245849609,554.6193265914917,201.45530289411545,0.982230007648468,246.16166281700134,210.13283330202103,0.9630868434906006,412.2742693424225,345.9179208278656,0.9980578422546387,364.8383793234825,349.2092761993408,0.9973150491714478,416.0574142932892,432.5054188966751,0.929776668548584,362.27172315120697,431.27067053318024,0.9329449534416199,418.44366455078125,487.26635801792145,0.8020102381706238,368.5776070356369,485.9386566877365,0.818461537361145,97.11330716972641,101.30810528253708,171.61718896382985,171.0381206020537
165,13.6515999911353,368.38820892572403,187.83620035648346,0.9991849660873413,376.52986550331116,179.84088802337646,0.9983687996864319,364.3920078277588,180.19568967819214,0.9979254007339478,388.57509821653366,183.5507579445839,0.9979164600372314,362.90484327077866,183.3700093626976,0.9973593354225159,423.62670159339905,216.7678564786911,0.99852454662323,344.79509752988815,220.20916712284088,0.9970654845237732,491.14315354824066,205.05635571479797,0.993008017539978,293.58368986845016,213.54927706718445,0.9723203182220459,550.0915957689285,181.51827889680862,0.9830184578895569,241.59710681438446,192.24796772003174,0.9655770063400269,412.3466886281967,345.73659920692444,0.9979753494262695,364.883474111557,348.25028026103973,0.9972581267356873,416.18812227249146,432.29948675632477,0.929170548915863,362.24653965234756,430.99353075027466,0.9320618510246277,418.6845269203186,487.12997472286224,0.8096337914466858,368.57715207338333,485.75787794589996,0.8220784068107605,104.83923900382308,106.32601420591186,168.07389372121568,165.128377101769
166,13.33739998517558,368.4491203427315,186.50389963388443,0.9992225766181946,376.564415872097,179.09708333015442,0.9984262585639954,364.5440990328789,179.29365080595016,0.9980231523513794,388.3562881350517,183.11873173713684,0.998003363609314,363.3411788344383,182.77996009588242,0.9975243806838989,423.4889283180237,217.35467863082886,0.9984406232833862,344.8432432413101,218.31074905395508,0.9971061944961548,489.0669199228287,198.6152459383011,0.9932500720024109,291.63032281398773,205.80038660764694,0.9743882417678833,541.0378469228745,160.82285279035568,0.983842670917511,242.22527587413788,175.93739122152328,0.9681459665298462,412.26760548353195,345.28845250606537,0.9979953169822693,364.7331759929657,347.4094811677933,0.9973388910293579,416.2714874148369,431.6370234489441,0.9271408915519714,362.25665587186813,431.0458582639694,0.9298576712608337,418.7148488163948,486.8452949523926,0.8128405213356018,368.58127349615097,486.4328877925873,0.8227243423461914,110.96040589947546,111.98854256669078,159.923684916248,162.07902457615316
167,13.041400001384318,369.42908227443695,184.51052296161652,0.999265730381012,377.19212996959686,177.69716399908066,0.9985044002532959,365.38422697782516,177.50756347179413,0.998142659664154,388.3946655392647,182.10710668563843,0.9981155395507812,364.296733379364,181.60274183750153,0.9977070689201355,423.55372029542923,217.34451472759247,0.9984203577041626,345.1308329105377,217.3300831913948,0.9972070455551147,486.68040204048157,194.06255620718002,0.9934592247009277,291.8469116091728,201.17499631643295,0.9763291478157043,539.1865252256393,151.21850711107254,0.9846219420433044,243.98429375886917,163.06898492574692,0.970527172088623,412.258265376091,345.38858354091644,0.9980779886245728,364.7481362223625,347.23063266277313,0.9974750280380249,416.37390744686127,431.6464936733246,0.9260051846504211,362.26190131902695,431.0681766271591,0.9290316104888916,418.786946952343,486.7090926170349,0.8138850331306458,368.48428624868393,486.70553374290466,0.8215023875236511,115.28596239197282,115.4545075666602,161.03081954873517,158.34152661130418
168,14.231199980713427,369.4423832297325,183.94538581371307,0.9993050694465637,377.2309890985489,176.81812208890915,0.9985781311988831,365.3645297884941,176.67529964447021,0.9982405304908752,388.67559134960175,181.11535704135895,0.998224675655365,364.30411982536316,180.8381870985031,0.997863233089447,423.9487345814705,216.73652029037476,0.9984570145606995,345.5647330880165,217.8017395734787,0.9972835183143616,485.5877432823181,190.63403338193893,0.9938587546348572,292.22161316871643,199.1058126091957,0.9778560996055603,515.4903782606125,137.00992834568024,0.9855720400810242,247.42493242025375,155.938192486763,0.972496509552002,412.19986963272095,345.2422776222229,0.9981618523597717,364.9382301568985,347.34282767772675,0.9975885152816772,416.39826130867004,432.406343460083,0.9253442287445068,362.2468072772026,431.332528591156,0.9283219575881958,419.44436740875244,487.0672721862793,0.8159400820732117,368.3672271370888,487.35955226421356,0.8202084302902222,118.17521496762612,117.82058309781874,142.09690268128304,155.3757351486977
169,13.643100042827427,369.7583411335945,184.39300471544266,0.9993206262588501,377.7811990380287,177.07125455141068,0.9986167550086975,365.60659646987915,177.01933419704437,0.9982821941375732,389.10106134414673,181.26754415035248,0.9983005523681641,364.454498231411,180.96327549219131,0.9979735612869263,424.4182556271553,216.03224021196365,0.998477041721344,346.00082778930664,217.7638435959816,0.9972485303878784,480.2787084579468,188.4260686635971,0.9941843748092651,292.6546034216881,196.41528868675232,0.9787670373916626,493.67140555381775,131.35419875383377,0.986238956451416,251.35695707798004,148.56164169311523,0.9736950397491455,412.04328233003616,344.85607945919037,0.9982239603996277,364.96956902742386,347.35962677001953,0.9976598024368286,416.7899838089943,432.49618995189667,0.9200153350830078,362.36964708566666,431.75187253952026,0.9239553809165955,419.90735840797424,486.59976279735565,0.8099220991134644,371.1761373281479,491.44664776325226,0.812566339969635,121.78559473036391,120.1378954413242,129.50482007515208,152.60488629812602
170,15.015200013294816,372.7161042690277,184.68900954723358,0.9993213415145874,381.28213357925415,177.2354754805565,0.9986286163330078,368.25362038612366,177.2519729733467,0.9982916712760925,391.65604907274246,181.40118288993835,0.9983564615249634,366.298647582531,181.1061733365059,0.9980530738830566,425.40635335445404,216.0227850675583,0.998479962348938,348.9343976378441,218.35369682312012,0.9971761107444763,472.88509011268616,187.27606976032257,0.9945167303085327,294.31682139635086,197.21077245473862,0.9797913432121277,470.65716671943665,128.49456799030304,0.9869409799575806,256.85795921087265,151.17147266864777,0.9750045537948608,412.43653029203415,344.4574855566025,0.9982480406761169,365.86075979471207,347.37380194664,0.9976797699928284,417.17844128608704,432.64358162879944,0.912885308265686,362.7356508374214,431.7905979156494,0.916309118270874,419.96347934007645,486.6336022615433,0.7998726963996887,371.1143695116043,491.5394197702408,0.8011451363563538,126.95983632254351,118.63588520167087,119.02286670489556,150.2946071170046
171,14.072999998461455,375.2393516898155,185.18330097198486,0.9993221163749695,383.44740599393845,177.68796521425247,0.9986469149589539,370.770792722702,177.48133939504623,0.9982988834381104,392.97862434387207,181.87748390436172,0.9984005093574524,368.25040888786316,181.36140191555023,0.9981117844581604,425.52946078777313,216.24351066350937,0.9984912872314453,351.4465386271477,218.40551161766052,0.9971088767051697,464.2537603378296,187.8144851922989,0.9947957396507263,295.375384747982,201.52427870035172,0.9808410406112671,449.7924907207489,130.30294352769852,0.987583339214325,269.25586795806885,155.7528294324875,0.9763954281806946,413.09812569618225,345.0289261341095,0.9982929229736328,366.7558578848839,348.55558943748474,0.9977158904075623,417.9344815015793,433.4619417190552,0.9052432775497437,363.26471841335297,432.51187312602997,0.909283459186554,419.9515700340271,486.73083794116974,0.7870972156524658,370.9859631061554,496.0438686609268,0.7897694706916809,131.79738791189183,113.46414062794369,112.1694494700997,136.46664853784088
172,13.573300035204738,378.18574076890945,185.33122044801712,0.9993321299552917,386.2487691640854,178.09277206659317,0.9986751675605774,373.5567942261696,177.5982242822647,0.9983270168304443,394.9282714128494,182.4087061882019,0.9984333515167236,370.6790776848793,181.4025400876999,0.9981651902198792,425.73199927806854,216.3258473277092,0.9982314109802246,353.92688578367233,218.59196043014526,0.9967807531356812,450.93219792842865,192.71362227201462,0.9950655698776245,299.5489675998688,206.23651456832886,0.981876015663147,427.1779228448868,141.1984819173813,0.9883643388748169,281.3226444721222,163.11057549715042,0.9781762361526489,413.7619423866272,346.2339971065521,0.9983795285224915,367.8173115849495,349.86824095249176,0.9978339672088623,418.1003821492195,433.4939715862274,0.9068757891654968,363.61019533872604,433.9835580587387,0.9113667011260986,420.0064331293106,487.0695643424988,0.7854936718940735,370.97659623622894,499.33085083961487,0.7919094562530518,138.40121052398794,108.84111627516558,108.38168432488582,125.71147427629214
173,13.838800019584596,378.1575063467026,183.13538002967834,0.9993624687194824,387.68013393878937,176.03608965873718,0.9987504482269287,374.52966409921646,175.1316379904747,0.9983983039855957,397.0780751109123,180.37598586082458,0.9985079169273376,373.4274243712425,178.49804639816284,0.9982319474220276,426.46261513233185,216.31630170345306,0.9978995323181152,356.4557265639305,219.02578115463257,0.9961352348327637,440.759081363678,217.17872548103333,0.9954230189323425,306.1836553812027,212.34969520568848,0.9826495051383972,420.47231447696686,156.2001919746399,0.9892284274101257,289.96288615465164,171.41035252809525,0.979680061340332,415.48651695251465,345.2064174413681,0.9983444809913635,368.71663814783096,348.89259672164917,0.997825026512146,418.1171622276306,433.5793242454529,0.9085975289344788,363.90618842840195,433.96778440475464,0.9115455150604248,420.32332772016525,489.5680447816849,0.7729926109313965,370.9052742123604,499.3199027776718,0.7788789868354797,91.4153409083489,102.95795638650937,68.14624309960071,119.17876538215297
174,14.32399998884648,377.815401494503,183.44014632701874,0.9974387884140015,383.9778652191162,176.29912966489792,0.9960008263587952,377.7335082888603,175.47712022066116,0.9943987131118774,388.95020121335983,180.40065670013428,0.9945636987686157,382.4883455634117,178.89374494552612,0.9927590489387512,420.7304654121399,216.3148238658905,0.9951338171958923,366.26613116264343,219.31673419475555,0.9920562505722046,419.46572387218475,227.09046137332916,0.9926996231079102,332.69173669815063,233.5573428273201,0.9437392950057983,390.2369682788849,186.47018080949783,0.982366144657135,301.21747475862503,191.75335961580276,0.9501664042472839,410.7700303196907,343.3611110448837,0.9975002408027649,382.27697545289993,346.78906083106995,0.9968938827514648,409.2128551006317,426.7257168292999,0.8934991955757141,382.2588840126991,432.93782210350037,0.8964283466339111,407.2654828429222,494.34372210502625,0.7638454437255859,388.44746792316437,503.29815101623535,0.7688352465629578,2.2113825128705984,74.17473293877872,42.43151009245337,103.99185714817752
175,14.211700006853789,378.2639675140381,183.97188133001328,0.9976832866668701,385.7935660481453,176.35421681404114,0.9963786005973816,376.7030455470085,176.061363697052,0.9949356317520142,394.4810970425606,179.47620898485184,0.9950760006904602,381.0986499786377,179.55076438188553,0.9934630393981934,426.3953074812889,216.06933695077896,0.9954959154129028,363.02460539340973,219.15154814720154,0.99276202917099,423.8231917619705,239.59106707572937,0.9933455586433411,323.8233983516693,237.28328800201416,0.9490816593170166,374.43867164850235,210.59419006109238,0.983951985836029,327.65375232696533,216.61218589544296,0.9548704028129578,415.06867426633835,343.55048537254333,0.9976565837860107,381.8317547440529,346.88530123233795,0.9971209168434143,413.3783289194107,430.08996880054474,0.8975802659988403,382.0963554382324,433.57229697704315,0.900574266910553,408.24975353479385,509.22132396698,0.7372816801071167,383.66153264045715,502.7240563631058,0.7486078143119812,1.1631665046364577,73.55392099704711,65.82055606256107,54.680202166415164
176,13.224499998614192,380.00085282325745,186.78138625621796,0.9977999925613403,388.2427616715431,177.64571112394333,0.9965240955352783,376.51758152246475,178.0855035185814,0.9952544569969177,397.533840239048,180.2550746202469,0.9952710270881653,378.9951186180115,180.66046959161758,0.9939751625061035,431.657561480999,219.03547757863998,0.9956538677215576,362.16258573532104,222.90597939491272,0.9933647513389587,421.704780459404,251.597818672657,0.9930434226989746,320.77488362789154,252.3831234574318,0.9534127116203308,372.71369564533234,237.58714950084686,0.9834897518157959,336.6261699795723,239.1986408829689,0.9576202034950256,417.9810482263565,348.4962648153305,0.9978094100952148,380.00101339817047,351.04230749607086,0.9973297119140625,415.86876553297043,435.13292360305786,0.9043344259262085,379.74088203907013,436.8698351383209,0.9070954322814941,412.5070762038231,509.86837553977966,0.738562285900116,381.06158393621445,505.9891424179077,0.748055636882782,10.965455006206412,62.46623666619388,91.03625056586183,4.293139772774779
177,13.663599966093898,379.7723279595375,187.81014215946198,0.997575581073761,388.09655821323395,178.1809446811676,0.9959243535995483,376.4342163801193,179.222216963768,0.9948052167892456,397.9394257068634,180.4006114602089,0.9943442940711975,377.73942279815674,181.45070552825928,0.9935283064842224,433.25833278894424,222.0394538640976,0.9956306219100952,360.60150319337845,225.91027235984802,0.9937634468078613,425.23943573236465,262.9154154062271,0.9911372065544128,328.4872967004776,265.6788510084152,0.953929603099823,380.76816004514694,271.303319811821,0.9808912873268127,332.5079051852226,262.4994795322418,0.9571003317832947,419.6917330622673,349.4613229036331,0.9978880286216736,377.71937769651413,352.312735080719,0.9974519610404968,417.2967047095299,436.6434243917465,0.9094069004058838,379.2544203400612,437.7287905216217,0.9120888113975525,418.0240823030472,507.1850447654724,0.7480213642120361,379.42040127515793,506.4490213394165,0.7571179270744324,5.021742130701077,46.634097468874145,111.78042728899534,12.742338979677903
178,13.628299988340586,379.5164250731468,188.10338735580444,0.9971705079078674,387.9200863838196,178.39480888843536,0.995216429233551,376.16608303785324,179.79438138008118,0.993767499923706,398.868645966053,180.45972496271133,0.9932405948638916,376.9846136569977,181.6915779709816,0.9918619990348816,434.40481090545654,224.13597756624222,0.9958900213241577,360.15863758325577,225.94096010923386,0.9942411780357361,428.1517294049263,272.93581759929657,0.9905847311019897,334.86798173189163,268.65002834796906,0.9561682343482971,387.81814807653427,301.50250816345215,0.9804851412773132,329.5783764719963,306.19428050518036,0.9595274925231934,420.92310178279877,347.45592749118805,0.9978718161582947,376.7338491678238,350.3383139371872,0.9974940419197083,418.42356592416763,429.39372634887695,0.9135348796844482,377.5456624031067,428.55407333374023,0.9155726432800293,419.5461451411247,500.43811309337616,0.7577081918716431,378.9960820674896,505.24826323986053,0.7692983150482178,1.0629669076309753,38.22199323441919,132.61038028678144,157.38723647704
179,13.493400008883327,380.2630181312561,187.45402854681015,0.9970353841781616,389.17527371644974,178.03905719518661,0.9949190020561218,376.5341207385063,179.53312081098557,0.9934300780296326,400.1548510193825,180.33816528320312,0.9926138520240784,376.6215537786484,181.54052186012268,0.9911272525787354,434.8636804819107,225.39512532949448,0.9961932897567749,359.57042491436005,226.6759882569313,0.9947085380554199,431.3178920149803,278.99154353141785,0.9898110032081604,338.9372979402542,278.9454289674759,0.957974374294281,399.55697709321976,318.4163590669632,0.9795121550559998,331.23443907499313,322.8837413787842,0.9611316919326782,421.688589155674,344.3253548145294,0.9978675246238708,376.1303283572197,346.3324693441391,0.9975268244743347,419.7679526209831,422.77355694770813,0.9176355600357056,374.91201972961426,425.8274630308151,0.9188446402549744,422.1909210085869,497.8401952981949,0.7704566121101379,378.26447600126266,504.6747416257858,0.7820996642112732,2.5364391911699147,29.420825191659404,144.92984368623902,168.40211510621862
180,14.129000017419457,380.0959399342537,186.4089259505272,0.9968311190605164,389.16047406196594,177.41347950696945,0.9945394992828369,376.3658649921417,178.89875149726868,0.9929941892623901,400.4914160370827,180.15942233800888,0.9921356439590454,376.31646144390106,181.20077002048492,0.9903493523597717,435.7380376458168,227.15373694896698,0.9964649081230164,359.21962225437164,227.20788913965225,0.9951073527336121,432.84512001276016,287.7347321510315,0.9896840453147888,339.20968651771545,287.44887614250183,0.9591607451438904,405.1388286948204,344.5291154384613,0.9789010286331177,330.00108993053436,340.07105255126953,0.9618784189224243,419.08144134283066,346.7217136621475,0.9977236986160278,375.229663670063,347.1008242368698,0.9973753094673157,419.70428466796875,424.66512870788574,0.9190223813056946,373.80298233032227,427.0151015520096,0.9207766056060791,422.249744951725,500.1792804002762,0.7747510075569153,377.924967110157,508.2964389324188,0.7904658913612366,5.196673642191586,25.980732014262337,156.72921955095418,171.55127399382252
181,14.03379999101162,380.29111874103546,185.56330126523972,0.997066855430603,389.77831280231476,176.69437581300735,0.9949239492416382,376.3275946378708,178.20814895629883,0.9935157299041748,400.6300992369652,179.7423102259636,0.9927017092704773,376.1463590860367,180.82530879974365,0.9910728335380554,436.4396697282791,228.17647594213486,0.996787428855896,358.61291670799255,228.629101395607,0.9955568909645081,440.3864940404892,290.4723206758499,0.9904633164405823,338.79430598020554,294.34217405319214,0.9623462557792664,424.63966166973114,350.72864401340485,0.9803016185760498,329.9407940506935,350.0391573905945,0.9645530581474304,418.9993072748184,348.9299045801163,0.9978576898574829,374.0921509861946,349.366952419281,0.9975476861000061,420.0881925225258,418.71520388126373,0.9229289293289185,373.5084611773491,427.55632185935974,0.9256224036216736,422.44931280612946,496.8845772743225,0.7734137773513794,374.9131169915199,507.14438915252686,0.7974337935447693,11.843567025303747,24.08871990624172,161.72919240181835,172.24913663877365
182,14.545999991241843,380.7899714708328,184.92134672403336,0.9973331093788147,391.02929842472076,176.14819419384003,0.9953702688217163,376.313009083271,177.59493684768677,0.9941022992134094,401.44555217027664,179.45431286096573,0.9933185577392578,376.1244406104088,180.63444155454636,0.9918410181999207,437.8814986348152,228.77061188220978,0.9970917105674744,357.87381714582443,232.38131588697433,0.9959803223609924,451.16048192977905,298.23304891586304,0.9909828901290894,339.77782732248306,297.94845962524414,0.9644569754600525,446.16116935014725,358.72866129875183,0.9811390042304993,327.1704486012459,355.7161045074463,0.9657163023948669,419.9784930944443,348.8583651781082,0.9979956746101379,373.94854348897934,349.45936250686646,0.9977423548698425,420.2623092532158,419.708220243454,0.9246228337287903,372.7929393649101,419.39096772670746,0.9306864142417908,420.4653294682503,475.4377461671829,0.7710797190666199,374.76565569639206,495.0628559589386,0.8113234043121338,19.30189092556192,23.246851781074337,164.4533202781621,176.88229176320607
183,13.471699960064143,381.3593165874481,182.88873195648193,0.9975646138191223,391.26325607299805,174.5829530954361,0.9957571625709534,376.5810353755951,175.3523183465004,0.9946109652519226,401.34891283512115,178.68313801288605,0.9938564300537109,375.96694338321686,179.46467280387878,0.9925148487091064,437.6420011520386,228.2055048942566,0.9973463416099548,357.7606118321419,232.01152473688126,0.996315062046051,459.79962635040283,285.799639582634,0.9906018972396851,339.81130719184875,294.5485585927963,0.965087354183197,466.9883511066437,336.2282828092575,0.9798714518547058,326.4793074131012,345.9130349159241,0.9647529125213623,421.4035686850548,348.79548168182373,0.9981021881103516,374.00032889842987,349.0297340154648,0.9978815913200378,420.969722032547,421.36490631103516,0.927566647529602,372.21010595560074,421.48967802524567,0.9349725842475891,420.2623092532158,481.49660873413086,0.7795267701148987,374.8728394508362,488.96973168849945,0.8249505758285522,28.71195608869433,23.91548260031151,167.0702502186557,178.53595432289939
184,13.560799998231232,381.9084292650223,180.82022684812546,0.9977664351463318,391.41473174095154,172.43630355596542,0.9960982203483582,376.8053050041199,172.7912710905075,0.9950583577156067,401.43134129047394,177.00475186109543,0.9943321943283081,375.9221697449684,177.40233540534973,0.9931053519248962,437.58761978149414,227.38388752937317,0.9975661039352417,357.7497462630272,231.82599580287933,0.9965681433677673,466.25752115249634,280.23717963695526,0.9901933670043945,340.61728620529175,290.6512596607208,0.9648252725601196,488.6190229654312,329.42540442943573,0.9791796207427979,319.93743193149567,334.027058839798,0.963860034942627,422.2517521381378,348.034184217453,0.9982047080993652,374.0295535326004,347.2499953508377,0.9979833364486694,422.1144605875015,422.6204650402069,0.9276738166809082,371.81744676828384,422.49626636505127,0.9361612796783447,420.33504968881607,484.1945369243622,0.7847307324409485,374.95786386728287,487.13100016117096,0.8316370248794556,35.721333776893395,24.26608524943253,175.9697507112351,170.7478955754636
185,13.490899989847094,382.03525668382645,179.13997077941895,0.9979347586631775,391.4936543107033,170.6681613922119,0.9963718056678772,376.8384101986885,170.97942715883255,0.995436429977417,401.64999079704285,175.31579464673996,0.9947252869606018,375.83856374025345,175.44359743595123,0.9936158061027527,437.3518422842026,224.18957179784775,0.9977196455001831,358.1205940246582,226.7058013677597,0.996775209903717,470.1879132986069,273.485422372818,0.9895447492599487,340.32635122537613,290.38365042209625,0.9648598432540894,502.3482850790024,319.37882339954376,0.9783801436424255,316.9726837873459,321.96048498153687,0.9637876152992249,422.4542906284332,345.8176691532135,0.9982646107673645,374.19815719127655,345.50714230537415,0.9980472326278687,422.39134526252747,423.7168093919754,0.9274693131446838,371.5824453830719,423.41312885284424,0.9366756677627563,420.78099298477173,485.24660646915436,0.7869729995727539,375.02099657058716,487.4840223789215,0.8363050818443298,40.65072872886342,23.319676780916307,178.6463402630486,159.12660325987306
186,13.269999995827675,381.9458699822426,176.25245714187622,0.9980912208557129,391.3737851381302,168.22829681634903,0.9966223835945129,376.81606352329254,168.60692483186722,0.9957607984542847,401.75588995218277,173.5891676545143,0.9950820207595825,375.7871530056,173.29292154312134,0.9940273761749268,437.1359225511551,220.15208941698074,0.9978907108306885,358.0913961529732,221.9934750199318,0.9969630837440491,479.69309175014496,266.24281191825867,0.9898244142532349,339.1872863173485,278.86435902118683,0.9640482664108276,529.1946977376938,317.7669550180435,0.9786903262138367,302.48791670799255,310.70940601825714,0.9632341265678406,422.3083280324936,343.36470007896423,0.9982661604881287,374.72235399484634,342.91365802288055,0.9980273246765137,424.23362123966217,424.69574105739594,0.9283360242843628,371.40744549036026,423.7938982248306,0.937984049320221,429.2975116968155,486.18997955322266,0.7959005832672119,375.06994515657425,488.7723649740219,0.843342661857605,49.57943068173626,26.21815161200885,178.8642766149905,149.33608418968865
187,13.204400020185858,382.05771040916443,175.5537868142128,0.9982540011405945,391.41473174095154,167.70842975378036,0.9968912601470947,377.04386579990387,167.9887061715126,0.9961146712303162,401.7806720137596,172.61515206098557,0.9954763054847717,375.890563249588,172.40843576192856,0.9945151805877686,437.0006114244461,214.54723966121674,0.9980210065841675,357.922631919384,218.51028728485107,0.997139573097229,484.9428209066391,252.26712828874588,0.9899989366531372,335.54384154081345,266.17353451251984,0.9646384119987488,539.3682960271835,283.61753702163696,0.979466438293457,297.95673352479935,284.94873690605164,0.9644376039505005,422.18302607536316,340.7934738397598,0.9983112812042236,374.5981225371361,341.1653460264206,0.9980634450912476,424.89904367923737,424.66166031360626,0.927959144115448,371.65572106838226,423.87168073654175,0.9379146099090576,432.43881195783615,486.46331918239594,0.8033080697059631,375.81608325242996,489.4630881547928,0.8488569259643555,58.49930816861434,32.89308110014727,171.74809827832175,141.6936052127369
188,13.53290001861751,382.0051221251488,174.74124759435654,0.998407244682312,391.39985179901123,166.6507504582405,0.9971490502357483,377.03032398223877,167.0625091791153,0.9964497089385986,401.7211790084839,171.25967341661453,0.9958564043045044,375.8703575730324,171.2820219397545,0.9949950575828552,436.748562335968,210.77207344770432,0.9981160759925842,357.74508959054947,216.81630843877792,0.9972710013389587,490.9931765794754,240.06196945905685,0.9899286031723022,325.3649175167084,252.83574891090393,0.9646355509757996,548.9005581140518,260.1563529968262,0.9794302582740784,282.4678379893303,268.53955245018005,0.9642999172210693,422.09066873788834,339.7144412994385,0.9979437589645386,374.54904013872147,339.7541016340256,0.9975585341453552,425.4048546552658,424.75355768203735,0.921850323677063,371.94462209939957,424.3080952167511,0.9314242005348206,434.2872700691223,490.04671335220337,0.8016360998153687,376.35577553510666,489.7232177257538,0.8440902233123779,68.118170772104,49.73772626345804,170.76998461397454,152.06110942766537
189,13.613399991299957,381.2380290031433,173.69608467817307,0.9985360503196716,390.54615527391434,165.60950833559036,0.9973621368408203,376.84269219636917,165.88388848304749,0.9967150688171387,401.2948793768883,170.23470258712769,0.996180534362793,375.82836723327637,169.72830194234848,0.995375394821167,436.4679309129715,207.4559416770935,0.998171865940094,357.5685642361641,214.39921462535858,0.9972070455551147,495.50008618831635,227.65813195705414,0.9898269772529602,318.96892434358597,236.163569688797,0.9630142450332642,560.3892649412155,237.2165138721466,0.9787598252296448,275.0719715952873,237.9321340918541,0.9618779420852661,422.1801089644432,337.1541028022766,0.9972389936447144,374.5240172147751,338.2543981075287,0.9966098070144653,425.7144966125488,424.2843894958496,0.9053776860237122,372.2664677500725,424.1233956813812,0.9137503504753113,433.0051864385605,490.27354633808136,0.7898895740509033,376.9571018218994,489.37604653835297,0.8274064064025879,77.39432361181981,68.37876901757825,169.48743807302102,152.89072284548746
190,13.069499982520938,381.1978049874306,173.22245281934738,0.9986426830291748,390.52956253290176,164.8652663230896,0.9975283741950989,376.8273305296898,165.10451012849808,0.9969238638877869,401.20064866542816,169.1374986767769,0.9964443445205688,375.7957170009613,168.33803379535675,0.9956872463226318,435.82461428642273,205.21653521060944,0.9981944561004639,357.8208541870117,210.9664090871811,0.9970757365226746,495.39940571784973,213.38461881875992,0.9900263547897339,315.554646730423,222.62304890155792,0.9627335667610168,561.7171124219894,211.38147032260895,0.9789542555809021,267.541463136673,218.19730240106583,0.9610602855682373,422.33632159233093,335.805259346962,0.996511697769165,374.5937602519989,337.16055703163147,0.9956551790237427,426.12607687711716,421.5099153518677,0.8881065845489502,372.68489921092987,421.0516349077225,0.8947223424911499,431.94370597600937,490.2067722082138,0.7774103283882141,377.6538898944855,488.2281286716461,0.811280369758606,88.09013372558017,82.15263013889451,170.46294718078497,159.31510973892048
191,13.181600021198392,381.21450477838516,172.13845896720886,0.9987512230873108,390.5421141386032,163.84011453390121,0.9977015852928162,376.86966878175735,163.74752348661423,0.9971436858177185,401.15536653995514,167.8120744228363,0.996713399887085,375.7691953778267,166.58236277103424,0.9960171580314636,435.6040378808975,204.185140311718,0.9981738924980164,357.7890871167183,207.207634806633,0.9970200657844543,499.56247091293335,202.7517585158348,0.9905083179473877,307.45297330617905,207.95326417684555,0.9646773934364319,563.4070028066635,188.6998456120491,0.9799017310142517,259.7062637805939,196.75749856233597,0.962936520576477,422.29890763759613,335.28708124160767,0.9956957697868347,374.6667683124542,336.620241522789,0.9947739243507385,426.282985329628,420.6956570148468,0.8788446187973022,373.1655534505844,420.80166923999786,0.8827193379402161,431.4776908159256,490.4041087627411,0.7728356719017029,378.12317007780075,487.76996886730194,0.8008984327316284,97.07877973143802,96.58177888025664,168.87119558126147,165.95489245713563
192,14.225799997802824,381.3488256931305,170.54744619131088,0.9988495111465454,390.6127938628197,162.30198723077774,0.9978587031364441,377.0272462964058,162.05684715509415,0.997350811958313,401.12972807884216,166.43141222000122,0.9969526529312134,375.800106048584,165.1241593360901,0.996331512928009,435.56357300281525,202.85124111175537,0.9980387091636658,357.50842893123627,204.79366254806519,0.9969785809516907,502.90981554985046,192.45242202281952,0.9908564686775208,303.49394530057907,198.8005486726761,0.9670167565345764,561.1682138442993,166.09485733509064,0.980685830116272,254.6910542845726,175.9010635614395,0.9651007652282715,422.2647051811218,333.52257335186005,0.9945812821388245,374.7512574791908,335.46134543418884,0.9938346743583679,427.1748451590538,420.21593284606934,0.8687818050384521,374.001345872879,420.2755289077759,0.8726179003715515,431.0668063759804,490.3670120239258,0.7673669457435608,379.35924899578094,487.2830967903137,0.7916793823242188,104.58880229494315,103.84857372155061,164.43443159525597,161.1941958725957
193,13.213600032031536,381.0630558729172,168.22960877418518,0.998931884765625,389.96072590351105,160.39847213029861,0.9979850053787231,376.9384751319885,160.20035141706467,0.9975306987762451,400.9914195537567,165.05106669664383,0.997154951095581,375.7887319922447,163.97624146938324,0.996618926525116,435.65263855457306,201.80999898910522,0.9978861808776855,357.4667329788208,203.05768597126007,0.9969812035560608,503.36295795440674,183.40936809778214,0.9912841320037842,303.4056290984154,189.82564115524292,0.9694666862487793,554.3994995355606,146.08308190107346,0.9816128611564636,255.11628341674805,158.34575575590134,0.9674952030181885,422.2928057909012,331.5667005777359,0.99405837059021,375.01583141088486,333.8880214691162,0.9934902787208557,428.1788665652275,418.6809421777725,0.8613845109939575,375.4726135134697,419.86140263080597,0.8665289282798767,430.86686384677887,490.1691929101944,0.762648344039917,382.2639956474304,490.5414571762085,0.7867486476898193,111.08176168624966,111.3932188261027,159.02287413693378,160.65299615964335
194,12.832400039769709,381.03193110227585,166.86009067296982,0.999003529548645,389.5645875930786,159.21392500400543,0.9980949759483337,376.97926115989685,159.0190766453743,0.9976913332939148,400.95547753572464,163.94813239574432,0.9973353147506714,376.18032068014145,163.38874071836472,0.9968787431716919,436.6220025420189,200.66187000274658,0.9978244304656982,358.36402559280396,202.88399481773376,0.9970089793205261,501.7840248346329,175.22100192308426,0.9917433857917786,305.0165969133377,186.8584901690483,0.9715874195098877,545.529287815094,127.47691094875336,0.9826128482818604,257.6734389066696,150.22343987226486,0.9696715474128723,422.3865280151367,330.5933485031128,0.9938493371009827,375.5636862516403,333.0572656393051,0.9934015870094299,429.0588973760605,417.0460315942764,0.8540811538696289,376.2740161418915,418.8516776561737,0.8611979484558105,430.7665045261383,488.7120752334595,0.7571755051612854,383.3174473643303,491.43229162693024,0.7825254201889038,117.5793732093776,114.24703919498573,153.82420735682462,158.98680927168888
195,13.209000055212528,382.3761036992073,166.95655727386475,0.9990614056587219,390.3713159561157,159.29695534706116,0.9981886148452759,377.63628017902374,159.23174953460693,0.9978213310241699,401.4297087788582,163.45644980669022,0.9974991679191589,376.3748839497566,163.33875060081482,0.9971036314964294,437.8627648949623,199.96917134523392,0.9978011846542358,358.9137538075447,202.41959190368652,0.99698805809021,498.46424555778503,170.09037214517593,0.9922745227813721,305.1905263066292,182.75252962112427,0.973302960395813,531.9696463346481,112.24005129933357,0.9836629629135132,260.95387732982635,141.4607076048851,0.971505880355835,422.9506009221077,330.3699839115143,0.9938830137252808,376.48990911245346,333.2268851995468,0.993514895439148,429.28241765499115,417.23766791820526,0.8466747999191284,376.8023343682289,419.7087631225586,0.8553988337516785,430.58112078905106,488.2832007408142,0.7501254081726074,383.3240844607353,492.8755658864975,0.7782631516456604,122.76882118132716,117.75954081684503,146.32332967368637,157.07869668571013
196,13.50770000135526,383.62015783786774,165.91887402534485,0.9990379214286804,391.99566501379013,158.70031613111496,0.998121440410614,378.85426765680313,158.24098008871078,0.9977635145187378,402.473017513752,163.16602456569672,0.9975082874298096,377.005916595459,162.48867732286453,0.9971579909324646,437.9470934867859,199.4126147031784,0.997653603553772,359.1936894059181,201.92150032520294,0.9966475367546082,495.97865295410156,167.88771557807922,0.9927933216094971,304.096288561821,178.7752314209938,0.9748042225837708,506.8330888748169,106.15363761782646,0.9846146106719971,263.630741417408,133.39803302288055,0.9729524850845337,423.3227332830429,330.04736292362213,0.9941002726554871,377.2241111397743,333.76032423973083,0.993752121925354,430.22576850652695,416.82112884521484,0.8473078608512878,377.1756978034973,421.0647243261337,0.856089174747467,430.9863851070404,486.80138206481934,0.7509210705757141,383.7882797718048,494.4493120908737,0.7807565331459045,124.90003243383724,120.57466584084948,128.48459400709038,154.51243069491173
197,13.907400018069893,384.99767649173737,165.55223459005356,0.9990057349205017,393.6416916847229,158.41278624534607,0.998056173324585,380.7544041275978,157.80768716335297,0.9976890087127686,403.80487936735153,162.9728500843048,0.9975207448005676,378.46439176797867,162.0013679265976,0.9971873164176941,438.11069256067276,198.73958033323288,0.9975998401641846,360.20814818143845,201.36420476436615,0.9963488578796387,486.3567900657654,166.78153908252716,0.9932444095611572,305.57405948638916,179.84820181131363,0.9759021997451782,484.7369638681412,103.55239468812943,0.9854282140731812,265.08003705739975,131.61518788337708,0.9740566611289978,424.0996214747429,329.9582704305649,0.9943755269050598,378.65973114967346,334.07190668582916,0.9940226078033447,430.8581928014755,417.2145050764084,0.8463612794876099,377.5199971795082,422.70319378376007,0.8525440692901611,434.94648361206055,486.15224945545197,0.7495879530906677,384.1526777744293,496.1672228574753,0.7778272032737732,129.6150974428326,119.41113396322186,122.05284555402093,151.5106539939524
198,13.652499997988343,387.81354492902756,165.47950387001038,0.9990041851997375,395.89359426498413,158.44849562644958,0.9980580806732178,383.7295093536377,157.69847798347473,0.9976968169212341,404.70385801792145,162.98054087162018,0.9975741505622864,380.5016592144966,161.77317774295807,0.9972683191299438,438.04868388175964,199.3567283153534,0.9975711703300476,362.0467844605446,201.895623087883,0.9961480498313904,478.45629024505615,166.72966396808624,0.993586003780365,306.58514618873596,182.44572752714157,0.9770538210868835,462.80323362350464,103.32569742202759,0.986031711101532,273.89145159721375,129.9130658507347,0.9751218557357788,424.7639198899269,330.2410501241684,0.9946557283401489,380.4532191157341,334.19511008262634,0.9942631125450134,431.3408542275429,417.48778438568115,0.8470029830932617,378.2641816139221,422.79883098602295,0.8522425293922424,434.4019473195076,486.24462938308716,0.7500547170639038,384.23598939180374,495.5853770971298,0.7766956090927124,134.71476679668226,117.24585616625849,115.05131597364947,141.22137111637142
199,13.821600005030632,390.63142055273056,165.83885967731476,0.9989585876464844,398.4019082188606,158.7543929219246,0.9979977011680603,386.2875747680664,158.10918110609055,0.9975720643997192,406.84338492155075,163.25220662355423,0.9975104928016663,382.7992185950279,162.14655792713165,0.9972044229507446,438.0399593114853,199.93107932806015,0.9973396062850952,365.15725433826447,202.2236276268959,0.9955886006355286,464.7685635089874,169.91913902759552,0.9938450455665588,310.203006029129,187.13603711128235,0.9777380228042603,440.28294998407364,112.8944618999958,0.9866164326667786,285.31448328495026,136.39676147699356,0.9762211441993713,425.5248041152954,330.3939309120178,0.9949439167976379,381.41506284475327,334.23899281024933,0.994499921798706,431.4712410569191,418.4105883836746,0.8502637147903442,378.9276503920555,423.1237139701843,0.8548513054847717,434.15270829200745,489.50202465057373,0.7520009279251099,384.81317591667175,493.6304694414139,0.7756739258766174,143.79132481004748,112.37285873186482,115.07375065796192,131.48096002898225
200,14.247699989937246,391.6447820663452,166.07683676481247,0.9990295767784119,400.44153076410294,158.98288470506668,0.9981411695480347,386.59488838911057,158.39051312208176,0.9977319836616516,409.13371843099594,163.32255470752716,0.997675895690918,383.6755561828613,162.11071282625198,0.9973894357681274,438.1695165038109,200.10558480024338,0.9971615672111511,366.47910702228546,202.6458820104599,0.9952715039253235,454.09322214126587,184.9009736776352,0.9942693114280701,316.11869287490845,190.11780059337616,0.9790445566177368,426.6485608816147,128.13993221521378,0.9876005053520203,296.25386333465576,145.55425733327866,0.977942168712616,427.49690490961075,330.5315206050873,0.9952111840248108,382.2424518465996,334.427552819252,0.994763195514679,431.3882238268852,418.4689780473709,0.8541520833969116,379.22516894340515,423.1341794729233,0.855006992816925,435.39261424541473,500.30589187145233,0.7419428825378418,384.9668996334076,493.3714859485626,0.7559030652046204,138.35467511591042,110.7909583903441,107.87230915855609,127.99541035028146
201,13.812399993184954,391.0010907649994,166.1677840948105,0.9989010095596313,400.1555736064911,159.14503967761993,0.9979100823402405,386.0341072678566,158.43911588191986,0.9972551465034485,408.75002467632294,163.1718454360962,0.997146487236023,385.64310735464096,162.2688263654709,0.9964669942855835,438.65477389097214,199.17842268943787,0.9966256618499756,370.99342983961105,202.1078586578369,0.9942770600318909,446.1929631829262,215.9619826078415,0.9935628175735474,329.52897292375565,198.05330574512482,0.9768593311309814,426.52909314632416,172.03936845064163,0.9873449206352234,304.12173968553543,157.85434460639954,0.9777523279190063,427.8667892217636,326.9994285106659,0.995358407497406,382.71676337718964,329.41439604759216,0.9948847889900208,431.3280082345009,414.8977986574173,0.8581987619400024,379.9102350473404,417.4445048570633,0.8585240244865417,435.2975806593895,497.54348170757294,0.7511348724365234,384.7555562853813,486.2283128499985,0.7614262700080872,29.011097877027254,100.84622806570137,0.06906223904047219,127.87924890859993
202,14.27079999120906,391.0398963689804,166.21818137168884,0.9989954233169556,399.6976942420006,158.51983898878098,0.9980865716934204,385.94686156511307,158.56323915719986,0.9974942803382874,408.534292280674,161.99833685159683,0.9973771572113037,385.1339510679245,162.3058778643608,0.9967831969261169,440.56352788209915,199.45765858888626,0.9966405034065247,369.6531110405922,202.20295298099518,0.9946579933166504,437.31999492645264,219.39085227251053,0.993864119052887,327.77576249837875,209.81141871213913,0.9785803556442261,392.3312665820122,182.5790194272995,0.9881263971328735,314.48144429922104,184.92679059505463,0.9795428514480591,429.9141193628311,327.04741299152374,0.9956566095352173,382.7551140189171,329.9575164318085,0.9952405691146851,431.3086857199669,415.42182779312134,0.8649803996086121,381.0076575279236,417.92437982559204,0.8649587631225586,435.9475611448288,501.07991683483124,0.7472105026245117,387.6692148447037,496.2794178724289,0.7583200931549072,4.470985548891522,85.55812403831547,59.95057814810785,107.81540145527636
203,14.042900002095848,392.133625626564,166.20696187019348,0.9990366697311401,400.2244602441788,157.98035287857056,0.9981446862220764,387.6460652947426,158.5426549911499,0.9976199865341187,408.656864464283,161.57030683755875,0.9973766207695007,385.7717813849449,162.3712797164917,0.9969691634178162,441.3058657050133,199.8581525683403,0.9964830279350281,368.92610812187195,202.70704638957977,0.9949673414230347,432.96116214990616,222.22110724449158,0.9927060008049011,331.03727984428406,218.67900204658508,0.9794967174530029,372.10760563611984,209.04009306430817,0.9866988658905029,335.40919947624207,208.15497392416,0.9801785945892334,430.49149322509766,328.8292326927185,0.9960446953773499,382.735363304615,330.6209750175476,0.9956692457199097,431.26195842027664,414.8872426748276,0.8744885921478271,381.6917601823807,416.8944778442383,0.8733127117156982,435.7513921260834,499.7969728708267,0.761890172958374,386.8342520594597,486.77291107177734,0.7698766589164734,15.669881401266226,73.30388672897178,98.24139097696742,44.58314188345435
204,13.627200038172305,392.5313696861267,166.6450653076172,0.9984555840492249,400.6482174396515,158.0920351743698,0.9970546960830688,387.9439049959183,158.8731628060341,0.9968193769454956,408.88027769327164,161.72198122739792,0.9956451058387756,385.91653966903687,162.68078112602234,0.9962180256843567,442.35404521226883,201.64490342140198,0.9951600432395935,368.4769265651703,207.34047430753708,0.9948422908782959,430.27731305360794,232.96448868513107,0.9877457022666931,333.9276015162468,238.89915257692337,0.9771068096160889,371.2859705686569,227.89487248659134,0.9803206324577332,335.93462735414505,234.3161068558693,0.9780685901641846,432.1678150296211,333.99701952934265,0.9961872696876526,383.57889008522034,335.6000510454178,0.9958666563034058,431.22256404161453,418.64173424243927,0.8823803067207336,381.5906247496605,418.94776725769043,0.8804088830947876,435.31090837717056,498.9328601360321,0.7702450156211853,385.84757274389267,487.31720769405365,0.7783236503601074,16.685494638940046,54.30561552398425,106.17464593136467,23.940459912655367
205,13.445300050079823,392.6401591897011,167.159654378891,0.9981794953346252,400.6990929245949,158.30897569656372,0.9964975118637085,388.3920695781708,159.36311119794846,0.9963719248771667,408.79073041677475,161.85943520069122,0.9950007200241089,386.27100878953934,163.26217448711395,0.9957950711250305,442.2024892568588,204.68680584430695,0.9952765107154846,368.1475874185562,209.37738686800003,0.9951608180999756,430.9051609635353,245.12611162662506,0.988337516784668,338.1273580789566,245.97372686862946,0.9776117205619812,379.35017651319504,257.6403797864914,0.980800449848175,343.2260932922363,242.6794610619545,0.9780349135398865,432.06360191106796,334.3332426548004,0.9964504241943359,383.4387884736061,337.0307787656784,0.9961690902709961,430.6102918982506,420.8199461698532,0.8889315724372864,381.4586589336395,418.980068564415,0.8862921595573425,435.246062874794,500.44586420059204,0.7632400393486023,387.084401011467,493.5825754404068,0.774465024471283,11.136839681465435,46.19299985870137,119.25238813889527,17.771447244270174
206,13.354399998206645,392.96377116441727,167.3268159031868,0.9979618191719055,401.1459461450577,158.40922737121582,0.9961625933647156,388.7389916777611,159.59888660907745,0.99592524766922,409.1629965901375,162.07088661193848,0.9944930076599121,386.6131671667099,163.4716956615448,0.9951270818710327,442.18466544151306,206.8909854888916,0.9956682920455933,367.74944192171097,209.9594588279724,0.9955907464027405,432.0562689900398,259.3246320486069,0.9887602925300598,341.8013388514519,256.31385469436646,0.9781815409660339,381.15006071329117,288.427295088768,0.9811025261878967,339.45723950862885,290.88934230804443,0.9785782694816589,430.5928695201874,332.3492306470871,0.9967096447944641,382.9197300672531,333.25179731845856,0.9964752197265625,429.0492361187935,410.72788393497467,0.8950934410095215,381.40406346321106,404.9664286375046,0.8926998972892761,435.1705659031868,488.9015098810196,0.7665704488754272,386.9761735200882,489.2944940328598,0.7817323207855225,5.654048825517615,36.25367876315206,130.6891921308059,154.63944358424126
207,13.449300022330135,392.8704771399498,167.38288325071335,0.997995138168335,400.9486263394356,158.42785114049911,0.9962403178215027,388.54274237155914,159.78219878673553,0.9959662556648254,409.24713784456253,162.13313674926758,0.9946174621582031,386.45473325252533,163.50597244501114,0.9950907826423645,442.9146657586098,208.6997983455658,0.9960519075393677,367.588385283947,211.35204929113388,0.9959961175918579,435.01028537750244,269.57066082954407,0.9894522428512573,344.72934210300446,263.47765719890594,0.9792255163192749,393.2249997854233,307.31246066093445,0.9821895360946655,337.76012325286865,310.9716166257858,0.9798421263694763,430.69959831237793,330.7021656036377,0.9969649910926819,383.0428375005722,331.8194409608841,0.9967615008354187,428.75484877824783,412.06074261665344,0.9022573232650757,381.4192913174629,407.9424315690994,0.8992437720298767,435.4801810979843,490.70474314689636,0.7758558988571167,386.7126433253288,488.78988790512085,0.790981113910675,1.6812480760028072,30.989660519370126,139.48808923080188,164.66869021966113
208,14.008900034241378,391.9581975340843,167.41408371925354,0.9978092312812805,400.87957912683487,158.5126760005951,0.9958817958831787,387.74655842781067,159.81143885850906,0.9955312013626099,409.33556109666824,162.190953373909,0.9941093325614929,385.76046085357666,163.50597244501114,0.9941996335983276,443.6550499200821,210.6694542169571,0.9963428378105164,366.12450408935547,214.13913029432297,0.9962865114212036,436.6434928178787,275.89556431770325,0.9895125031471252,346.2144727110863,274.28849136829376,0.9785796403884888,399.7970633506775,325.2988295555115,0.981997013092041,337.9789065718651,324.7196981906891,0.979606568813324,428.40492928028107,331.87716710567474,0.9970237612724304,381.961338698864,333.36800360679626,0.9968122839927673,428.6068522334099,416.02077424526215,0.9066920876502991,381.3346148133278,415.31126141548157,0.9040032625198364,435.25079983472824,491.2259975671768,0.7826669812202454,386.301143348217,491.45473062992096,0.7997985482215881,1.0356461310366143,25.881199948202237,149.41884196785165,170.9596514811235
209,13.965999998617917,390.4287214875221,166.63272988796234,0.9977853894233704,399.9829823374748,158.0815395116806,0.9958456754684448,386.42855954170227,159.30947172641754,0.9954772591590881,409.31805843114853,162.0273808836937,0.9941245317459106,384.74359345436096,163.13301450014114,0.9940359592437744,444.75035816431046,213.4043585062027,0.9966123700141907,364.6236371397972,216.84829306602478,0.9965330958366394,442.3616725206375,278.2687603235245,0.9900702834129333,345.97901636362076,279.1316968202591,0.9789022207260132,423.5691622495651,339.95538914203644,0.9825925230979919,336.2973393201828,331.1362577676773,0.9797987341880798,427.2388074994087,338.189493894577,0.997115433216095,381.1954766511917,338.00183868408203,0.9968879222869873,429.5482226610184,423.6756410598755,0.9116986989974976,379.8742127418518,423.98520278930664,0.9098279476165771,436.5664971470833,491.57509899139404,0.7807206511497498,385.94290071725845,494.1749470233917,0.8025616407394409,5.8793457106433324,24.453939212634385,165.16592750652597,173.88086766167257
210,13.484700000844896,390.8684291243553,166.0516984462738,0.9979642033576965,400.5270369052887,157.67291742563248,0.9961851239204407,386.41234147548676,158.90606731176376,0.9958395957946777,409.43677681684494,161.743756711483,0.9946089386940002,384.2608249783516,162.95751374959946,0.9945117831230164,445.0299190878868,214.02149140834808,0.996916651725769,363.0542582273483,218.7102628350258,0.9968132972717285,451.3130280971527,281.4924066066742,0.9908731579780579,345.6608639359474,283.6555687189102,0.9799767136573792,443.2875474691391,345.5815770626068,0.983799397945404,334.6531057357788,342.4172855615616,0.9806817770004272,426.75740391016006,340.57936835289,0.9972217082977295,380.23893189430237,341.58475029468536,0.996964156627655,430.4060138463974,428.81896817684174,0.9126176834106445,379.9094856977463,428.3150557279587,0.9115884900093079,436.9218494296074,503.84645891189575,0.7582592964172363,385.8961198925972,496.42047595977783,0.7851608991622925,13.535855828625248,22.954371962352273,167.5421421384814,175.61729413883256
211,12.936700019054115,389.54799485206604,166.06567758321762,0.998095691204071,399.28223341703415,157.690274477005,0.9964462518692017,384.8813399672508,158.82593232393265,0.9961095452308655,409.1539241075516,161.78792595863342,0.9949921369552612,383.0215077996254,162.96707445383072,0.994870662689209,445.22362595796585,213.58411180973053,0.9971781373023987,362.9025149345398,219.23080849647522,0.99704509973526,461.3371311426163,275.9435487985611,0.9907949566841125,346.1856495141983,285.4806981086731,0.9791315197944641,464.8916174173355,334.3807144165039,0.9829912185668945,333.1073313355446,344.19633054733276,0.9792749881744385,426.95258271694183,340.310884475708,0.9968591928482056,380.0707296729088,341.5764261484146,0.9964749813079834,430.3680646419525,427.6934893131256,0.9064540266990662,379.92730951309204,428.1172366142273,0.9051713347434998,437.90818083286285,502.3336056470871,0.738937258720398,385.8380720615387,498.1849536895752,0.7692663669586182,22.69234449020664,22.149748750616155,168.99260714244028,178.39522763731895
212,13.22630001232028,389.08904498815536,166.0470387339592,0.9981639981269836,398.21454405784607,157.69903594255447,0.9965604543685913,384.4125147461891,158.720085978508,0.9962395429611206,407.96216386556625,161.798346221447,0.9951804280281067,382.6669316291809,162.97639387845993,0.9949804544448853,445.10683447122574,213.25351351499557,0.9973976016044617,362.69077014923096,218.30930137634277,0.9971948862075806,471.1463849544525,272.7378476858139,0.9905094504356384,345.89310878515244,282.1332150697708,0.9770917892456055,485.9772444963455,331.11300444602966,0.9817280769348145,329.8155723810196,333.1486201286316,0.9763767123222351,427.1014356613159,339.93638837337494,0.996990978717804,379.81196320056915,341.10713732242584,0.9965850114822388,429.87881964445114,427.25846219062805,0.9090357422828674,379.91901314258575,427.5045372247696,0.9083139300346375,436.7091144323349,497.9733816385269,0.7451516389846802,385.81064051389694,495.827410697937,0.7777951955795288,31.730880561718525,22.68249752234515,170.6134044504254,177.25287574647282
213,13.471500016748905,388.8023652434349,166.35147327184677,0.9983059763908386,397.5320471525192,157.90496808290482,0.9968132972717285,384.06826889514923,158.84705936908722,0.9965131878852844,407.234946846962,162.09501457214355,0.9955255389213562,382.43894201517105,163.11172157526016,0.9953094124794006,444.3651389479637,212.9581722021103,0.9976224899291992,362.47594767808914,218.16601145267487,0.9973816275596619,475.5832303762436,268.68320429325104,0.9902578592300415,345.45029670000076,277.58786928653717,0.9758679866790771,501.991327047348,318.615052819252,0.9813200831413269,323.5035331249237,322.6192989349365,0.9750927686691284,427.9021959900856,339.5415644645691,0.9972308278083801,379.5941968560219,340.8806662559509,0.9968453645706177,429.86669623851776,424.5014204978943,0.9136658310890198,379.88737988471985,426.6304717063904,0.9133967757225037,434.0861499905586,490.75821673870087,0.7580187320709229,385.769024848938,493.5595030784607,0.7905383110046387,36.66834892274578,23.929463511077678,178.61531835094394,170.00515106712822
214,15.178099973127246,387.4546599984169,166.32850646972656,0.998429536819458,395.8578663468361,157.89786541461945,0.9970290660858154,382.93811589479446,158.77078485488892,0.9967476725578308,406.41518515348434,162.12277680635452,0.9958131313323975,381.49221909046173,163.10659438371658,0.9955864548683167,444.08022552728653,212.89174491167068,0.9978126883506775,362.3027408719063,217.69345027208328,0.997525691986084,482.6938086748123,264.28368186950684,0.9901905059814453,344.0086283683777,273.9055806398392,0.9751771688461304,519.13714158535,311.6016881465912,0.9809949994087219,313.333494246006,315.1119142770767,0.9739360809326172,428.17728757858276,339.3112630844116,0.997438371181488,379.7085797190666,340.79428815841675,0.9970738887786865,429.9203550219536,422.81182992458344,0.917543888092041,379.8495109677315,425.2255609035492,0.9177805185317993,432.79654610157013,488.02026629447937,0.7685583829879761,385.7328687310219,493.47475361824036,0.800828218460083,44.08940715782263,26.07534754277457,179.31684049166583,161.36234659240736
215,14.30789998266846,385.65397292375565,166.34037441015244,0.9985364079475403,393.9955720305443,157.91564470529556,0.9972088932991028,381.5396422147751,158.78407031297684,0.9969362020492554,405.9532646536827,162.15577179193497,0.9960451722145081,380.7434582710266,163.111585855484,0.9957860112190247,444.0008479952812,211.48139023780823,0.9979926347732544,362.30886948108673,215.4849728345871,0.9976801872253418,489.9635167121887,255.4673855304718,0.9905296564102173,340.9504523873329,270.2632237672806,0.9733490347862244,539.8693432807922,304.48650348186493,0.9813310503959656,302.0995395183563,307.5508750677109,0.9722050428390503,427.87920701503754,338.8679118156433,0.9975740909576416,379.76218497753143,339.285777926445,0.9972206950187683,430.0159238576889,422.7174594402313,0.9195181727409363,379.3287397623062,425.13673985004425,0.9209590554237366,432.802005648613,488.1352661848068,0.780218243598938,385.7084078192711,492.7075146436691,0.8119535446166992,53.47173482513881,29.325770715028774,179.25464904549798,155.12493255804475
216,13.888299989048392,385.0126902461052,166.35334318876266,0.9986663460731506,393.3642449975014,157.92430061101913,0.9974496960639954,381.0324395895004,158.79503345489502,0.9972002506256104,405.40350967645645,162.22075140476227,0.9963815212249756,380.3475072979927,163.11610984802246,0.9961406588554382,442.5750230550766,207.65229803323746,0.9981521368026733,361.94278544187546,212.71460044384003,0.9978432059288025,492.4963183403015,242.5831151008606,0.9906913638114929,335.482823073864,259.977263212204,0.9732664823532104,548.1530818939209,277.9259020090103,0.9818288087844849,292.1706038713455,285.7276779413223,0.9726530909538269,427.634089410305,337.08726835250854,0.9974648952484131,379.77462953329086,337.4513592720032,0.997121274471283,430.18053990602493,422.93557620048523,0.9097419381141663,379.3298905491829,425.3534994125366,0.913573145866394,436.5678352713585,488.47794353961945,0.7734691500663757,386.16328978538513,494.14532995224,0.8088234066963196,61.603456476741066,37.377889250006525,177.4349259679726,149.9750013054803
217,14.074599952436984,384.54175078868866,166.36365789175034,0.9987434148788452,392.9014680981636,157.9414163827896,0.9975737929344177,380.57932394742966,158.80381000041962,0.9973418116569519,404.8125939965248,162.2454373240471,0.9965813755989075,379.8169142603874,163.11986476182938,0.9963330030441284,441.1518208384514,203.95229041576385,0.9982448816299438,361.1641309261322,210.42387682199478,0.9978650808334351,498.05809807777405,231.3549124598503,0.9908953905105591,328.12188172340393,250.49800592660904,0.9724059104919434,553.4979249238968,253.83328926563263,0.9821749329566956,282.5537188053131,264.7140643596649,0.9720312356948853,427.36592930555344,335.7025043964386,0.9973429441452026,379.5813241004944,336.3110718727112,0.9969308972358704,430.23944413661957,423.0191795825958,0.905770480632782,379.3298370242119,425.5822927951813,0.9105831980705261,436.9211000800133,487.20854139328003,0.7737312316894531,386.1902663707733,494.8660321235657,0.8100298643112183,70.26084292082332,47.829821025971306,176.35770557567596,146.83307983473486
218,13.507099996786565,384.2105650305748,166.09683281183243,0.998766303062439,392.4886567592621,157.76808714866638,0.9975804090499878,380.38074630498886,158.5944697856903,0.9973219633102417,404.05269998311996,162.18029183149338,0.9966216683387756,379.5961505174637,163.02921903133392,0.996276319026947,440.38242614269257,200.39332580566406,0.9982761740684509,360.711577296257,209.5708629488945,0.9976804852485657,504.53279972076416,221.52000904083252,0.9910243153572083,324.0186039209366,237.13710272312164,0.9711688756942749,567.2586061954498,233.02529114484787,0.9820656180381775,273.96697533130646,244.80154532194138,0.9703395962715149,427.31690043210983,333.35814130306244,0.9971537590026855,379.5963378548622,334.99754571914673,0.9966882467269897,431.0689741373062,423.11988365650177,0.9007382392883301,379.33088076114655,426.3525176048279,0.9064866900444031,438.35498052835464,486.73635721206665,0.7744712233543396,386.44702565670013,495.8879417181015,0.8116011023521423,77.3837430214013,61.646025433778576,172.16546565058675,151.78976604742655
219,13.61000002361834,384.11612021923065,165.06530219316483,0.9987597465515137,392.4036323428154,157.3761284351349,0.9975194334983826,380.4421126842499,157.81126111745834,0.9972336292266846,403.42969608306885,162.0435466170311,0.9966177344322205,379.64691895246506,162.41112101078033,0.9961913824081421,439.7810730934143,197.85827642679214,0.9982422590255737,360.5091458559036,208.32768487930298,0.9973251223564148,505.27867019176483,209.3317699432373,0.9910883903503418,318.3836287856102,225.0846889615059,0.9705100059509277,571.3783161640167,212.41428273916245,0.9820355176925659,266.3222445845604,221.7394528388977,0.9693751931190491,427.30293041467667,330.87326300144196,0.9968664050102234,379.6034299135208,333.22975039482117,0.9963173866271973,431.91469544172287,421.24339187145233,0.8926612734794617,379.4072073698044,426.14649498462677,0.8987734317779541,439.2490884065628,486.5949070453644,0.7719788551330566,386.61284601688385,495.87844133377075,0.8088855743408203,85.42330246993933,76.99970012236534,172.73408269449808,154.6314345818814
220,13.238399988040328,383.5488358139992,164.56125402450562,0.9987291097640991,391.84756141901016,157.2171704173088,0.9973898530006409,380.0645475387573,157.41776424646378,0.9970796704292297,403.0191595554352,161.92527437210083,0.9965428113937378,379.4988421201706,161.95605260133743,0.9960771203041077,439.6989657878876,196.46309220790863,0.9981509447097778,360.54540902376175,207.2665673494339,0.9969810247421265,506.72769820690155,200.15421772003174,0.9913927912712097,313.6036615371704,213.14023274183273,0.9713885188102722,572.3631221055984,190.06105464696884,0.9825557470321655,259.0063444972038,203.3927177786827,0.9699835777282715,427.4635320901871,331.12123811244965,0.9965150356292725,379.88162595033646,333.42093431949615,0.9958770275115967,432.9222494959831,421.2332581281662,0.8871263861656189,379.2996221780777,426.1063822507858,0.8939361572265625,439.43709486722946,486.6459678411484,0.7726585865020752,386.5997056365013,495.7026389837265,0.8074761629104614,92.03983615195499,91.58198663758897,168.1057861209635,162.74520513197908
221,13.655700022354722,383.1060237288475,164.33138996362686,0.9987165927886963,391.1493014097214,157.16440558433533,0.9972975254058838,379.8496715426445,157.1950028538704,0.9969798922538757,402.6622282862663,161.7436963915825,0.9964950680732727,379.4874145388603,161.43172186613083,0.9960404634475708,439.7320977449417,196.20917558670044,0.9978495240211487,360.3402210474014,204.0415940284729,0.9965600371360779,511.05058896541595,192.05411463975906,0.9915784001350403,309.13148963451385,202.4075430035591,0.9726809859275818,572.14768409729,171.51585203409195,0.9829874634742737,257.35970228910446,186.91478371620178,0.9710868000984192,427.6570516228676,331.26624715328217,0.9962233304977417,380.0732721090317,333.57481038570404,0.9955832958221436,433.3638305068016,420.0865466594696,0.88250333070755,379.28137016296387,425.14455127716064,0.8894570469856262,439.27638614177704,486.7050210237503,0.7740734815597534,386.587849855423,492.90171456336975,0.8059170246124268,98.44337838997663,100.48949160153373,164.75384950370275,165.1678011040636
222,13.395299960393459,383.2167936563492,163.70582735538483,0.9987118244171143,391.29232013225555,156.76935547590256,0.9972290992736816,379.89765667915344,156.497041285038,0.9969498515129089,402.83075165748596,161.4607206583023,0.9964669346809387,379.5898613333702,160.72487819194794,0.9960988163948059,439.9087836742401,196.75491988658905,0.9972817301750183,360.3611493110657,202.88823229074478,0.9960830807685852,510.6936309337616,184.54576486349106,0.9916690587997437,305.59340876340866,194.20892244577408,0.9739899039268494,566.627921462059,149.96533101797104,0.9832519292831421,255.07070690393448,171.30479270219803,0.972144365310669,427.756286919117,331.38646471500397,0.9959008693695068,380.20009952783585,333.86850798130035,0.9953025579452515,433.69027930498123,420.54120790958405,0.8817621469497681,379.2551964521408,425.08718705177307,0.888935387134552,439.15972846746445,486.85823357105255,0.7786964178085327,386.578188598156,492.5663660764694,0.807500422000885,104.94405323316359,107.61790255198297,158.06050420940804,164.61820756590177
223,12.870799982920289,383.5102175474167,163.62816548347473,0.9987528324127197,391.70743304491043,156.64657431840897,0.9972887635231018,380.1237996816635,156.3509766459465,0.9970435500144958,403.48014336824417,161.41893404722214,0.996584951877594,379.7683938741684,160.66697108745575,0.9962950944900513,440.0081260204315,197.34711050987244,0.9971083998680115,360.4678245782852,202.27957433462143,0.9960026144981384,509.3400379419327,178.51030641794205,0.9919923543930054,305.12474411726,190.8260014653206,0.9755081534385681,557.1799076795578,134.4504041671753,0.9838719367980957,253.85643941164017,154.80532443523407,0.973593533039093,427.7390786409378,331.40769731998444,0.9959146976470947,380.23812901973724,334.2368212938309,0.9953662753105164,434.2180355191231,421.7586444616318,0.8832290172576904,379.1701720356941,425.27894401550293,0.8896755576133728,440.1245963573456,487.0208560228348,0.7849302291870117,386.620178937912,492.63579428195953,0.8098651766777039,110.42886767427852,110.21350434538445,152.55512905063136,156.6010731148961
224,13.775200000964105,384.5232043862343,163.21961879730225,0.9988345503807068,392.70243549346924,156.21184879541397,0.9974554181098938,380.6215551495552,156.03232169151306,0.9972319006919861,404.56718200445175,160.75384682416916,0.9968116879463196,379.97240430116653,160.47432440519333,0.9965662956237793,441.50053602457047,197.26299440860748,0.9971303343772888,360.90897738933563,201.29268044233322,0.9960686564445496,507.0000867843628,174.79654586315155,0.9924184083938599,304.55387353897095,185.70012187957764,0.9769799709320068,548.1752947568893,123.16529724001884,0.9847439527511597,255.49152022600174,145.64187198877335,0.9750628471374512,427.47041004896164,330.5887943506241,0.9960922598838806,380.2612250447273,333.5981240272522,0.9955700635910034,434.1503531932831,421.8918911218643,0.8843672275543213,379.1448279619217,424.7911972999573,0.891758918762207,439.7900117635727,487.12189185619354,0.7896014451980591,387.3378417491913,492.469371676445,0.8113645315170288,114.93928266701815,113.78752985279677,147.50392562325902,156.23509366323694
225,13.442900031805038,385.0824868083,162.53053933382034,0.9988974332809448,393.2694790363312,155.43518483638763,0.9975970387458801,381.05002254247665,155.3757546544075,0.9973741173744202,405.25960779190063,160.19143915176392,0.9970106482505798,380.26189410686493,160.1797069311142,0.9967925548553467,442.32449942827225,197.27885854244232,0.9972068667411804,361.713966190815,201.09557008743286,0.9961158633232117,505.29884910583496,172.3286023736,0.9929026961326599,304.6986050605774,183.66866827011108,0.9782222509384155,529.2701679468155,114.32254308462143,0.9856315851211548,259.14435863494873,139.40260767936707,0.976362407207489,426.8974519968033,330.1744569540024,0.9962389469146729,380.3083002567291,333.18161511421204,0.9957292079925537,434.020929813385,422.2576106786728,0.8829885125160217,379.1107860803604,424.26686656475067,0.8921685814857483,439.6377332210541,487.16471898555756,0.7903155088424683,386.99078583717346,491.70774245262146,0.8116474747657776,118.23481292971931,115.0090391764566,134.06645490154798,152.81758524500148
226,13.542099972255528,385.794823884964,162.17073112726212,0.9989610314369202,394.5740431547165,155.18508344888687,0.9977407455444336,381.6094923019409,155.03805369138718,0.997514009475708,406.37854731082916,160.12528330087662,0.997205376625061,380.4533261656761,160.0977020263672,0.9969985485076904,442.39868503808975,197.20345866680145,0.99733567237854,362.0577570796013,201.43390440940857,0.9961324334144592,498.03101444244385,171.96764808893204,0.9933673739433289,306.098577439785,185.4666838645935,0.9789491295814514,503.94712948799133,111.04674270749092,0.9864634275436401,261.0309800505638,137.6849683523178,0.9772851467132568,426.6049112677574,330.0725464820862,0.9964865446090698,380.27032428979874,333.0800062417984,0.9959796667098999,433.827329993248,422.3092746734619,0.8838523030281067,379.0701606273651,423.9237368106842,0.8924165368080139,435.75133860111237,487.209476351738,0.793885350227356,386.3508412837982,488.6601096391678,0.8112908005714417,121.1786666079066,113.80198701534626,119.94656754415749,149.25104407001493
227,13.307199988048524,387.01334661245346,162.70588928461075,0.9989969730377197,395.83557319641113,155.54884260892868,0.9978299736976624,382.63505750894547,155.52418684959412,0.9975971579551697,407.2145805954933,160.39789909124374,0.9973474144935608,380.91655802726746,160.27472585439682,0.9971488118171692,442.29409724473953,197.33070349693298,0.9974480867385864,362.2538993358612,201.74161130189896,0.996127188205719,490.49427032470703,171.66413342952728,0.9938158392906189,306.35089415311813,186.4827424287796,0.9794108867645264,481.3582000732422,109.30177846550941,0.987226665019989,264.8081034421921,136.79868805408478,0.977758526802063,426.5750710964203,330.18124294281006,0.9966972470283508,380.28009259700775,333.06145787239075,0.9961962103843689,433.7719316482544,421.2544605731964,0.8815577030181885,379.6347687840462,423.5173314809799,0.8891690373420715,433.38483905792236,486.4354815483093,0.7921159267425537,386.17490470409393,486.3557084798813,0.8073113560676575,124.78320882813439,113.0832403230618,109.70075085545477,145.16745398423788
228,13.197599968407303,390.1120945215225,164.67168468236923,0.9990500211715698,398.3693917989731,157.25933402776718,0.9979467988014221,385.9193229675293,157.1104343533516,0.9977031350135803,408.4556373357773,161.94893485307693,0.9974874258041382,383.39064276218414,161.3679034113884,0.9972806572914124,441.97492784261703,198.03409385681152,0.9975669980049133,365.35829412937164,202.65868490934372,0.9961075782775879,481.03496277332306,171.75624191761017,0.9941826462745667,307.33703821897507,190.4186310172081,0.979728102684021,462.64394330978394,112.27340066432953,0.9878678917884827,274.4206262230873,141.45613837242126,0.9783462882041931,426.5474789738655,330.21770632267,0.9969284534454346,381.2889044880867,333.0777140855789,0.9964386820793152,433.57182854413986,416.77082204818726,0.8805708885192871,379.8734366297722,422.0947469472885,0.8863944411277771,431.96305525302887,485.2000696659088,0.7944381237030029,385.67524909973145,485.9075014591217,0.8082300424575806,130.5879119860084,108.87649295414637,106.75024577168831,135.82442208673066
229,13.018400000873953,393.0782878398895,164.80176454782486,0.9990944266319275,400.88257652521133,157.65480637550354,0.9980530738830566,388.9937437772751,157.60357969999313,0.9977917671203613,410.0993891954422,162.51732927560806,0.9975922107696533,386.265683054924,161.891057908535,0.9973852634429932,441.97813934087753,198.97764790058136,0.9975663423538208,368.0824207663536,203.25678688287735,0.9960282444953918,466.3934745788574,174.95159816741943,0.9943534731864929,309.5819290280342,193.38694316148758,0.9797817468643188,442.90420162677765,125.5454375743866,0.9883160591125488,282.6263789534569,147.48752522468567,0.9791528582572937,426.62891721725464,330.73350179195404,0.9971529841423035,382.7766310572624,333.45513570308685,0.9966927170753479,433.00954872369766,415.58638048171997,0.8849158883094788,380.6214213371277,421.8161896467209,0.8906116485595703,431.33416360616684,485.0639578104019,0.802951991558075,385.57459539175034,485.85523426532745,0.8167757987976074,141.18442870022488,106.01557483409402,109.11165557525788,130.00103225420034
230,13.00259999698028,393.33453863859177,165.18452447652817,0.9991042613983154,401.83954948186874,157.73755019903183,0.9981136918067932,390.3517525792122,157.62867277860641,0.9977619647979736,411.9740477800369,162.54709714651108,0.9975999593734741,390.7204861044884,161.74859738349915,0.9973049759864807,442.3802724480629,199.3232809305191,0.996799111366272,371.5771464109421,203.8348324894905,0.9945394396781921,452.34102869033813,199.43601882457733,0.9940232634544373,319.9268607497215,199.5161839723587,0.9764235615730286,434.17842704057693,151.82482767105103,0.9878556728363037,291.0663837194443,151.4055591225624,0.9782805442810059,426.7524796128273,332.2061216831207,0.9972952008247375,384.6891050338745,334.22053492069244,0.9968501925468445,432.01377016305923,415.8939516544342,0.8896018266677856,381.57416582107544,421.96228444576263,0.8951671123504639,430.80619329214096,485.35599660873413,0.8109179139137268,385.7220031619072,486.7709506750107,0.8252593278884888,96.05904736646816,100.52209038528581,68.47081104921295,125.7381606844323
231,12.754699971992522,393.56659615039825,171.94817984104156,0.9985062479972839,400.5056269168854,163.95846217870712,0.9972818493843079,392.99925822019577,163.46658354997635,0.9962723851203918,404.7892571091652,166.01452630758286,0.996135950088501,396.2040390968323,164.72613847255707,0.9949520230293274,433.36792516708374,204.20186400413513,0.9957018494606018,378.10117131471634,209.12172096967697,0.9912033081054688,438.66903829574585,209.8353807926178,0.9935999512672424,330.5996596813202,211.9295369386673,0.9504270553588867,410.60525369644165,169.8597691655159,0.9862443208694458,301.0631087422371,182.42322820425034,0.9564885497093201,425.0959888100624,332.5397812128067,0.9970588088035583,397.9008877277374,335.095113158226,0.9965061545372009,420.5771163702011,416.1707898378372,0.888565182685852,393.1400021314621,421.778670668602,0.8947599530220032,424.20833069086075,486.22749853134155,0.8164623975753784,396.8062753081322,486.53591418266296,0.8288275003433228,46.94665282055622,95.5495008251881,8.189067984042396,131.64652804594687
232,13.013899966608733,393.5158009529114,171.22945314645767,0.9985920190811157,400.3342934846878,163.17047315835953,0.9974256753921509,392.65576171875,162.99927020072937,0.9965044260025024,407.5691300034523,165.79843026399612,0.9963287711143494,394.1125508546829,165.43961733579636,0.9952958822250366,438.94752871990204,203.99857085943222,0.9956042766571045,375.72902488708496,208.85777616500854,0.9916661381721497,439.5927187204361,227.23283141851425,0.9929377436637878,331.79690623283386,226.54111295938492,0.9528356790542603,392.37957286834717,192.92098701000214,0.9859235286712646,315.44815880060196,210.12402659654617,0.9595924615859985,428.4294704794884,337.6184755563736,0.9972550272941589,395.43967574834824,340.6935840845108,0.99675053358078,422.9223932623863,424.48486268520355,0.8965573310852051,383.4278961420059,426.24566090106964,0.9023146033287048,425.544635117054,490.3681581020355,0.8229008913040161,390.81958758831024,491.65876269340515,0.8358379602432251,6.091460665220963,76.57773025634633,52.40183374861964,112.95497481843255
233,13.285299995914102,396.0551058650017,174.45306926965714,0.9986611604690552,403.97776502370834,165.30533015727997,0.9975299835205078,392.3544964194298,165.77205538749695,0.9967222213745117,410.9932026863098,168.3046014904976,0.9964497089385986,392.77292788028717,168.73347598314285,0.9956493973731995,442.0939673781395,207.98589724302292,0.9956908822059631,373.4815916419029,213.1032264828682,0.992376983165741,434.9211663007736,238.35484087467194,0.9925191402435303,328.88488018512726,241.35997831821442,0.9564991593360901,385.51850122213364,225.02165466547012,0.9851736426353455,333.754983484745,235.57074570655823,0.9620894193649292,428.8886076807976,343.5075376033783,0.9974380135536194,391.31426537036896,345.1267046928406,0.9970012903213501,423.25970762968063,426.09172451496124,0.9040557146072388,379.9264263510704,426.1457108259201,0.9096980094909668,427.3952342271805,480.66826570034027,0.8235794901847839,385.6942237019539,489.7884838581085,0.8400987386703491,7.7236901835034635,65.33389901035672,88.18548319181352,17.56968979851706
234,13.543900044169277,395.8290699124336,174.75192421674728,0.9987209439277649,403.7454934120178,166.23321610689163,0.9975890517234802,392.31959813833237,166.37630999088287,0.9968889355659485,411.10745173692703,170.4422332048416,0.9964914321899414,391.85575073957443,171.03820890188217,0.9958984851837158,442.8186151981354,211.25852328538895,0.9958939552307129,371.6967211961746,217.8617880344391,0.993036150932312,434.5051167011261,249.17606514692307,0.9911982417106628,331.83429342508316,253.68188631534576,0.9580398797988892,389.90091174840927,256.3535451889038,0.9835716485977173,335.59985542297363,251.21445554494858,0.963279128074646,429.3355947136879,346.4418594837189,0.9976710677146912,391.23825991153717,348.43998634815216,0.9972814321517944,424.4923609495163,431.7905979156494,0.9115943312644958,376.66448080539703,428.3944970369339,0.9167893528938293,427.9835004210472,486.0208727121353,0.8306581974029541,383.8721266388893,491.28414595127106,0.8488708138465881,6.67076181422539,56.568729469796324,111.50791536723365,8.707328543810997
235,13.324500003363937,395.6678794622421,173.95779764652252,0.9987357258796692,403.3604615330696,165.57885074615479,0.9976402521133423,392.15712308883667,165.82254314422607,0.9969549179077148,411.2981879711151,169.90273201465607,0.9965728521347046,391.81204760074615,170.40264827013016,0.9959533214569092,443.34578263759613,215.4886674284935,0.9962430596351624,371.5761829614639,218.48738080263138,0.9936512112617493,435.6541640162468,266.49513006210327,0.9914923310279846,342.0846465229988,262.75945830345154,0.9599847197532654,381.82956022024155,290.90701603889465,0.983992874622345,336.92045027017593,295.42573058605194,0.9648500680923462,429.29403257369995,345.32189989089966,0.9978823065757751,389.45780527591705,348.13681852817535,0.9975318312644958,425.3667716383934,430.29116582870483,0.9183392524719238,374.7022286057472,428.80035948753357,0.9228382706642151,428.31313395500183,487.0230576992035,0.8301942348480225,382.17078191041946,491.26209902763367,0.8515536189079285,2.3983827593701394,41.52214644349037,122.97185283427294,155.31422439775983
236,13.643200043588877,395.52226477861404,173.474770963192,0.9988066554069519,403.1231318116188,165.3724662065506,0.9977896809577942,392.07434672117233,165.47804111242294,0.9971280694007874,411.6180531978607,170.2336469888687,0.99680095911026,391.6310529112816,170.09524297714233,0.996170699596405,443.33620166778564,217.6725343465805,0.996597170829773,370.02419966459274,220.09060835838318,0.9942461252212524,440.649462223053,268.49720788002014,0.9921219944953918,343.64781653881073,271.0790504217148,0.9630902409553528,400.23588782548904,308.2417188882828,0.9851081967353821,336.39116859436035,315.7716631889343,0.9675790667533875,428.4193007349968,344.47144961357117,0.998079240322113,384.4240226149559,346.9262886047363,0.9977623224258423,425.4777824282646,430.852502822876,0.9247314929962158,373.14960300922394,428.51094460487366,0.9287418723106384,429.63715440034866,494.3761440515518,0.8289773464202881,380.6704769730568,493.710604429245,0.8548189401626587,3.6835569032426,33.82971264301858,137.54777901515885,161.8699343509154
237,13.280499959364533,395.23807394504547,173.49043905735016,0.998812198638916,403.0522647500038,165.6954340338707,0.9977863430976868,391.7956957221031,165.9329738020897,0.99711674451828,411.8667302131653,170.95612859725952,0.996706485748291,390.482647895813,170.68227624893188,0.99600750207901,444.0960956811905,222.12838047742844,0.9968835711479187,367.94210505485535,222.94613736867905,0.9947461485862732,442.49478912353516,284.0066908597946,0.9919143319129944,343.2575927376747,282.8986142873764,0.9644264578819275,408.57079631090164,337.5334848165512,0.9841071963310242,336.60385006666183,334.0650302171707,0.9682880640029907,426.4879324436188,344.91317224502563,0.9981492161750793,381.86962366104126,346.50827169418335,0.9978505373001099,424.6001334786415,430.3284435272217,0.9289597272872925,372.32818204164505,426.81399500370026,0.9327868223190308,429.89493066072464,484.5629708766937,0.8362395167350769,380.0958061218262,493.48588263988495,0.8615846633911133,6.678570678180145,28.80971122366201,149.11684910351443,165.0305712823186
238,14.837900002021343,394.6792197227478,174.3054815530777,0.9988864064216614,402.9642964601517,166.59902614355087,0.9979182481765747,390.48318314552307,166.8827257156372,0.9973064661026001,411.86908531188965,171.93414038419724,0.9969279170036316,388.3307834863663,171.4912113547325,0.996271014213562,444.8778011202812,225.68873244524002,0.9971659183502197,365.13520205020905,225.42327964305878,0.995225191116333,443.1450907588005,291.3039209842682,0.992501974105835,342.5281276702881,290.2913006544113,0.9668075442314148,416.4392079114914,350.54590487480164,0.9849169850349426,334.40132427215576,349.0319356918335,0.9698953032493591,424.7350164055824,348.30981600284576,0.9982722997665405,378.8902096748352,349.6738600730896,0.9979937076568604,424.6863086819649,436.0889638662338,0.9332259297370911,371.94893085956573,432.41086745262146,0.9370436668395996,430.0076542496681,482.8712389469147,0.826770007610321,379.5351052880287,499.97114658355713,0.8572232723236084,7.81591383189318,25.531030502945843,157.24713954952392,168.66300960959757
239,13.537899998482317,393.4223998785019,174.39949011802673,0.9989336729049683,402.3301058411598,166.97316032648087,0.9980173707008362,388.8151309490204,166.83943110704422,0.997450590133667,411.5702821612358,172.62318968772888,0.9971285462379456,386.1951906681061,171.64786213636398,0.9964884519577026,445.95879143476486,228.16629695892334,0.997422993183136,361.4408282637596,227.9430228471756,0.9956449270248413,447.6175302863121,299.6489681005478,0.9930940866470337,341.5513237118721,294.73307716846466,0.968720018863678,433.6824914216995,364.8244094848633,0.9858489632606506,330.1682216525078,357.3112642765045,0.971036434173584,424.3750074505806,353.77410531044006,0.9983628988265991,377.8843416571617,353.8793635368347,0.9980870485305786,424.799968957901,444.01282727718353,0.9356792569160461,371.05527794361115,443.88513004779816,0.9402500987052917,430.12524861097336,507.6500508785248,0.7987070083618164,379.7994115948677,511.948627948761,0.838191032409668,11.079480651416448,24.022107502261857,166.60211128219447,173.72641981805936
240,14.106699964031577,392.36774384975433,174.21462470293045,0.9989873170852661,401.62349593639374,166.79069262742996,0.99811851978302,387.2108537554741,166.63829439878464,0.9975928664207458,411.2640122771263,172.55611395835876,0.9973110556602478,384.1686282157898,171.62481993436813,0.9966974258422852,447.17602956295013,227.87137788534164,0.9976521134376526,360.1426871418953,227.72489100694656,0.9960184097290039,458.29926788806915,298.31526494026184,0.993392825126648,340.32637798786163,294.02751529216766,0.9701839089393616,457.91158652305603,363.97296392917633,0.9859519004821777,322.4724013209343,358.40543711185455,0.9714838266372681,424.4980345964432,352.9010350704193,0.9984133839607239,376.4803549051285,352.22493946552277,0.9981229901313782,424.5627730488777,441.58232736587524,0.9380091428756714,370.70575988292694,441.09349489212036,0.942164957523346,430.26770532131195,498.9226359128952,0.7843542695045471,379.5381829738617,508.8279175758362,0.8270747661590576,19.25363209815956,24.116169021780912,170.68865749016956,178.86015013210496
241,14.677700004540384,391.9284108877182,174.09130066633224,0.9990551471710205,401.3806263804436,166.70102709531784,0.9982480406761169,386.5216127038002,166.42446035146713,0.9977620840072632,411.06243723630905,172.36313551664352,0.9975075721740723,383.16958463191986,171.4846214056015,0.9969357252120972,447.30446273088455,225.97553849220276,0.9978539347648621,358.7307251691818,226.37248867750168,0.9963229894638062,469.273064494133,287.4267688989639,0.9927489757537842,339.61987513303757,291.0066645145416,0.9700262546539307,479.7167497873306,344.5280900001526,0.9827728867530823,315.6391091346741,347.7086980342865,0.9682040810585022,426.2219668626785,351.5060770511627,0.9985095858573914,376.38400995731354,351.35509634017944,0.9982370734214783,424.65984058380127,437.33936524391174,0.9400880932807922,370.261234998703,439.69193184375763,0.9434596300125122,428.96576392650604,482.60022163391113,0.7795616388320923,379.6850554943085,497.4608132839203,0.8240240216255188,29.205484436761473,24.51135804227237,170.69289927423955,173.54697822399507
242,13.938100019004196,391.6196253299713,171.76865273714066,0.9991251230239868,400.42472392320633,164.2191195487976,0.9983755946159363,386.3260859847069,164.2972639799118,0.9979260563850403,409.7555447816849,170.2721763253212,0.9976940155029297,383.041606426239,169.22048377990723,0.997159481048584,446.61011004447937,225.63933044672012,0.9980363249778748,356.9946962594986,224.5584883093834,0.9966018795967102,474.47312247753143,280.9781492948532,0.9917711019515991,339.55211251974106,285.1565691232681,0.9699159860610962,497.65114772319794,330.61253023147583,0.9804149270057678,307.36730659008026,333.0170021057129,0.9667220711708069,427.03659015893936,351.12473464012146,0.9985952377319336,376.62150025367737,350.58653032779694,0.9983406662940979,424.71526569128036,434.9591419696808,0.9422435760498047,370.5663273334503,438.77301847934723,0.9463908672332764,428.4288549423218,483.2997816801071,0.7836024761199951,379.7695714235306,496.34757936000824,0.8317545652389526,35.590880208339925,24.90973900947141,178.30622213340348,162.13823198384696
243,13.679500028956681,389.338096678257,167.57595217227936,0.9991557598114014,397.707849919796,159.5739744901657,0.9984318017959595,384.144006729126,160.02519750595093,0.9980106353759766,407.9932618737221,165.258627474308,0.9978083968162537,381.2475296854973,164.879667699337,0.9972887635231018,445.6835927963257,216.5912850499153,0.9981583952903748,356.2046409249306,218.71355026960373,0.9967730045318604,478.05849266052246,264.0786243677139,0.9910140037536621,336.06560295820236,284.19506990909576,0.9696870446205139,511.13644301891327,323.4011654853821,0.978882372379303,298.2264726161957,323.7992466688156,0.9658647775650024,427.02433294057846,346.6974952220917,0.9986319541931152,376.6796016097069,346.6283987760544,0.9983797073364258,425.33805549144745,434.59574472904205,0.9431543946266174,370.74914187192917,437.73319387435913,0.9482489824295044,432.28326839208603,483.10808503627777,0.7801113724708557,379.86803060770035,496.3549383878708,0.8355015516281128,42.446001795672565,26.18946364628932,174.85927282233803,153.40106608978607
244,14.406000031158328,388.7016044855118,165.58402317762375,0.9991883635520935,397.256687939167,156.76529896259308,0.9984820485115051,383.50489181280136,157.22275000810623,0.9980762004852295,407.334958255291,161.02997624874115,0.9978924989700317,380.72828394174576,160.96885710954666,0.9973717927932739,445.05274748802185,207.35415184497833,0.9982861280441284,356.46576249599457,210.8504742383957,0.9969608187675476,483.4641935825348,253.08185410499573,0.9908167719841003,332.90267860889435,267.185129404068,0.969412624835968,531.6683542728424,309.38230788707733,0.9787671566009521,290.95349955558777,302.7052266597748,0.965730607509613,427.01210248470306,342.06543958187103,0.9986413717269897,376.84833908081055,341.7410089969635,0.9983715415000916,426.9460259079933,434.5617846250534,0.943575918674469,370.7311307191849,435.75427889823914,0.9488261342048645,436.616275370121,484.90661334991455,0.7848466634750366,379.93584674596786,495.9521824121475,0.8370766639709473,47.65810161430664,31.549227532592614,179.46041953968077,152.9540479316442
245,13.341500016395003,387.5249382853508,162.20356023311615,0.9992222189903259,396.37526547908783,153.04236978292465,0.9985344409942627,382.4135444164276,153.00169909000397,0.9981436133384705,406.5169628858566,156.78107261657715,0.9979806542396545,379.9811288714409,156.08917319774628,0.9974701404571533,444.11528438329697,200.62876945734024,0.9983682632446289,355.8432403206825,206.1145477294922,0.9970557689666748,493.57093918323517,243.49371939897537,0.9907258749008179,325.6314986348152,254.98066425323486,0.968885600566864,548.1505126953125,283.5160789489746,0.9786533117294312,288.35678911209106,278.6728734970093,0.9646932482719421,426.718223631382,339.3998428583145,0.9986640214920044,376.3005110025406,339.68274319171906,0.998365581035614,427.26077950000763,434.5281261205673,0.9440251588821411,370.6024299263954,432.3235242366791,0.9496657252311707,436.52686190605164,489.7095854282379,0.7906148433685303,379.9431529045105,494.5971863269806,0.8396947383880615,56.228995902775466,40.43439347217344,175.3354001836048,154.16713594737658
246,13.7253999710083,384.31333297491074,156.63469129800797,0.9991742372512817,393.4578869342804,147.49906140565872,0.9984092712402344,380.0443686246872,147.85546153783798,0.9979841113090515,404.8936040401459,151.52570128440857,0.9978545308113098,378.76549649238586,151.46064627170563,0.9972606301307678,442.24836015701294,195.4289225935936,0.9983287453651428,355.804515004158,201.41965383291245,0.9967837929725647,499.38979935646057,230.00445544719696,0.9904071092605591,320.5355199575424,241.74830275774002,0.9639394879341125,552.5545473098755,255.02460730075836,0.9768553376197815,277.2866207957268,262.09286308288574,0.9581107497215271,426.7003998160362,336.4755642414093,0.9985836148262024,376.2011954188347,337.3672431707382,0.9981673359870911,427.9879965186119,433.1718633174896,0.9431104063987732,370.3380433320999,429.33783996105194,0.9475027918815613,439.0775676369667,490.60726618766785,0.7962186336517334,379.17233979701996,494.4849611520767,0.8391368389129639,65.11289437128296,49.703614793386045,174.02481987006473,156.3635720842365
247,13.07819999055937,383.1209036707878,152.00560641288757,0.9991464614868164,392.2745568752289,143.04678922891617,0.9983460903167725,378.888978600502,143.3352993130684,0.9978430867195129,403.0089362859726,146.97539418935776,0.9978079795837402,377.9602400660515,146.48024320602417,0.9970565438270569,439.537240087986,190.36903297901154,0.998319149017334,355.45906484127045,195.5595754981041,0.9963226914405823,501.3604282140732,215.45822095870972,0.9902102947235107,318.5068967938423,226.43719685077667,0.9602571129798889,562.4810743331909,230.96618086099625,0.9752408266067505,276.84030282497406,234.11178827285767,0.9526081681251526,426.58633810281754,330.84605872631073,0.9983781576156616,375.83545929193497,333.0718630552292,0.9977806806564331,428.871961414814,426.7620897293091,0.9411152601242065,370.0705255270004,424.43476700782776,0.9441965222358704,439.8611196875572,490.8763231039047,0.8013384938240051,378.7104192972183,495.6937417984009,0.8384727239608765,73.17896194865803,58.546196524424566,172.1486691163696,150.5538800561337
248,13.47390003502369,383.09146493673325,149.6686174273491,0.9991001486778259,391.92621636390686,140.95058220624924,0.9982072710990906,378.92660665512085,141.53423756361008,0.9976699948310852,401.92026513814926,144.5659459233284,0.9976733922958374,378.0049869418144,144.09424430131912,0.9968323111534119,437.44762521982193,185.24644082784653,0.9982854723930359,355.720641374588,191.06716042757034,0.9960213303565979,503.2325711250305,200.39129000902176,0.9902480244636536,315.361528635025,214.45769476890564,0.9603675603866577,570.4754569530487,209.0224494934082,0.9757840633392334,265.1757932305336,215.28641480207443,0.9535031318664551,426.47613018751144,327.18967747688293,0.9983073472976685,375.91853004693985,328.85827672481537,0.9976575374603271,429.3987541794777,424.08421790599823,0.9392566680908203,369.4518303871155,422.3919732570648,0.9415388703346252,440.5852054953575,490.7998676300049,0.8048827052116394,378.34685093164444,493.0789645910263,0.8365534543991089,81.45528355314059,68.24434776738553,174.34977176134512,150.85116990365734
249,13.367399980779737,382.2530497908592,148.57753598690033,0.9990234375,391.10650819540024,140.28520846366882,0.9979978799819946,378.5297189950943,140.8184665441513,0.9973501563072205,401.49078077077866,144.12000089883804,0.9974654912948608,377.5516839623451,143.39902728796005,0.9964306354522705,436.85009920597076,182.47766691446304,0.9981129169464111,355.701211810112,188.90256571769714,0.9952769875526428,505.2242352962494,187.24438673257828,0.9905229210853577,307.49945974349976,199.2234062552452,0.9610388278961182,571.7952756881714,185.11115837097168,0.9766013622283936,257.347043633461,189.88309586048126,0.9548758268356323,426.3933538198471,326.4056695699692,0.9980401396751404,375.97457069158554,328.6863046884537,0.9972555041313171,430.058288872242,422.83191645145416,0.9364848136901855,368.75787913799286,422.35774171352386,0.9363954663276672,442.22507679462433,493.3916931152344,0.8086074590682983,378.3136922121048,494.83897864818573,0.8331470489501953,90.16744999908576,86.1667366746185,174.17668270122957,157.36464084864528
250,13.172300008591264,382.5199252963066,146.19889611005783,0.9990679025650024,390.9475657939911,139.24490129947662,0.9980579614639282,379.9005470275879,139.37021589279175,0.9974329471588135,399.010273039341,143.0226612687111,0.9975470304489136,379.362968981266,142.44633477926254,0.9965631365776062,437.1889657974243,181.71270501613617,0.9980257153511047,355.78278386592865,187.29065209627151,0.9951176047325134,511.12150955200195,177.99411886930466,0.9906955361366272,303.71112287044525,186.23825079202652,0.9626578092575073,574.7965278625488,161.45103931427002,0.9772283434867859,254.9264838695526,177.0280202627182,0.9570072889328003,425.65596705675125,324.47308027744293,0.9980299472808838,376.01383125782013,326.38145112991333,0.9972519874572754,430.029305100441,419.8613724708557,0.9354093074798584,368.0405910015106,415.6628359556198,0.9330388903617859,442.6529286503792,493.3051038980484,0.8163654804229736,376.7294868826866,491.7201381921768,0.8332964181900024,97.49803038024939,99.43358146894937,168.3156369090587,170.46658405058864
251,13.324700004886836,382.84003138542175,148.49729543924332,0.9991005659103394,390.1720157265663,141.08616626262665,0.9980832934379578,380.0870280265808,141.32777762413025,0.9975038766860962,397.5549290776253,144.51838368177414,0.9975845217704773,379.9845812320709,144.42135912179947,0.9966989755630493,437.20074129104614,181.8294089436531,0.997895359992981,356.11758255958557,187.12843680381775,0.9951035380363464,511.80705738067627,167.79893976449966,0.9908226132392883,300.9419282078743,179.27603739500046,0.9648900032043457,572.9556970596313,137.7783586382866,0.9780206680297852,251.7610706090927,159.2569481730461,0.9596643447875977,424.78032529354095,324.402264714241,0.9979692101478577,376.0496127009392,326.2363214492798,0.9972123503684998,430.05095595121384,416.54980993270874,0.9339789748191833,367.95128458738327,410.9066118001938,0.9294666051864624,443.00102829933167,488.525656580925,0.823249101638794,374.51012748479843,480.3965848684311,0.8323948383331299,105.62947710554016,106.25384395006466,164.50218146598058,165.95093440352824
252,13.220000022556633,382.4315288066864,148.8100842833519,0.9991292357444763,389.8424357175827,141.51574951410294,0.9981186389923096,379.10061633586884,141.787415266037,0.9975947141647339,398.2378274202347,145.12764483690262,0.997642457485199,378.91624957323074,145.28159630298615,0.9968587756156921,437.3907549381256,183.0324290394783,0.9977306723594666,356.14975106716156,187.3616787791252,0.9950290322303772,509.56029319763184,160.96573555469513,0.9910270571708679,301.2973607778549,171.97423803806305,0.966789960861206,563.274582028389,117.73186156153679,0.9788109660148621,253.7153743505478,144.0153911113739,0.9618699550628662,424.4471858739853,324.3316602706909,0.9979673027992249,375.69602674245834,326.2772183418274,0.997251570224762,430.6373487710953,414.1359281539917,0.9320523142814636,367.3801196217537,409.4389683008194,0.9269962906837463,442.7051422595978,485.2373775243759,0.8282313942909241,372.77950459718704,476.4636368751526,0.8334829807281494,112.23554770750391,113.67940105989604,158.1715364960933,165.23190974872895
253,12.382199987769127,382.58862459659576,149.76627534627914,0.9991722106933594,389.9642853140831,142.28111857175827,0.9981949329376221,379.09480887651443,142.58914214372635,0.9977296590805054,398.68567085266113,145.94133013486862,0.9977501034736633,378.5167927145958,146.09216004610062,0.9970732927322388,437.519081056118,184.21154737472534,0.9977559447288513,356.13618248701096,188.14775264263153,0.9952487945556641,507.1595376729965,154.9666047692299,0.9913889169692993,300.71907699108124,168.192527115345,0.9689653515815735,556.7458736896515,98.98271736502647,0.9798406362533569,253.75246715545654,130.8974866271019,0.9643768668174744,424.04071724414825,324.68980967998505,0.9980515241622925,375.02276289463043,326.8246214389801,0.9973922371864319,431.058081805706,414.25638699531555,0.9314473271369934,367.08078122138977,409.6678823232651,0.9262197017669678,442.55537939071655,483.40850830078125,0.8328951001167297,372.2575023174286,477.63115870952606,0.8354288339614868,118.26011325164995,117.55898528533909,154.31169277021058,161.35128148362662
254,13.0131000187248,385.27753180265427,151.9563250541687,0.9992099404335022,390.56480872631073,143.9166323542595,0.9982761144638062,381.1362245082855,144.45058411359787,0.9978532791137695,399.032994389534,147.02511286735535,0.9978705048561096,379.3588475584984,148.1532307267189,0.997276246547699,437.9799310564995,185.50943559408188,0.9977896213531494,357.1797856092453,189.5974509716034,0.9953939914703369,505.3022211790085,153.90308952331543,0.9917991757392883,301.2925435304642,166.974351644516,0.9708813428878784,536.2558189630508,87.29390442371368,0.9809366464614868,257.1433008313179,125.01234537363052,0.9665806889533997,423.98261588811874,325.00492084026337,0.9981420636177063,375.03512716293335,327.0197261571884,0.9975243806838989,431.22077095508575,415.4967451095581,0.9302811026573181,367.14905232191086,409.8947756290436,0.925299882888794,442.3821458220482,483.61441028118134,0.833122193813324,372.6792523264885,479.5916761159897,0.8320060968399048,120.87904862019604,119.44104762407055,140.07354302672488,158.49305986003603
255,12.948799994774163,386.69214326143265,158.2535718679428,0.9991855621337891,390.87886649370193,149.62937933206558,0.998236894607544,382.6712136268616,150.3193183541298,0.9978565573692322,399.1730960011482,152.19933885335922,0.9978756308555603,381.26671838760376,153.54098916053772,0.997379720211029,438.02879935503006,186.35077756643295,0.9978552460670471,359.65373653173447,191.46821236610413,0.9955959320068359,497.5050780773163,154.114224255085,0.9922305345535278,302.8685863018036,169.1382526755333,0.972570538520813,513.3796210289001,85.05396261811256,0.9820426106452942,259.684345304966,122.45606338977814,0.9685753583908081,422.5541949868202,325.5624576807022,0.9982522130012512,375.9374778866768,327.3791422843933,0.9976802468299866,430.6761276125908,416.2546948194504,0.9272034764289856,368.1824054121971,412.9752827882767,0.9229452013969421,433.679226398468,482.89750826358795,0.8243209719657898,373.2359387874603,481.0819697380066,0.8194430470466614,124.80088940433387,118.29868022468776,131.40342083468485,154.23748603719443
256,13.442300027236342,386.65545189380646,161.7188596725464,0.9989954829216003,390.93051809072495,152.79053419828415,0.997925877571106,382.6506868004799,153.63184601068497,0.9974727630615234,399.3476676940918,155.06640404462814,0.9976792335510254,381.28205329179764,156.27666252851486,0.9971965551376343,438.0527517795563,189.41186171770096,0.9977961182594299,359.71670866012573,194.65890890359879,0.995402455329895,491.12061953544617,153.73193180561066,0.9926962852478027,302.1988015770912,170.86371850967407,0.9737150073051453,488.21052038669586,84.92042189836502,0.9831482172012329,260.9754211306572,117.2712060213089,0.9699885249137878,422.2200385928154,330.36033272743225,0.998216450214386,376.1257519721985,332.23781979084015,0.99764084815979,430.66365629434586,427.99581265449524,0.9200617074966431,369.5888275504112,431.1838400363922,0.9189131855964661,433.74642699956894,494.3328343629837,0.8077879548072815,375.4179645180702,498.99230539798737,0.8049872517585754,130.3238833604053,119.27644748340104,121.49308105340347,150.0424048483792
257,13.596600037999451,386.49803495407104,166.79625713825226,0.9990455508232117,391.630383849144,157.78654503822327,0.9980449676513672,382.3244521021843,158.5774444937706,0.9976024031639099,400.8327447772026,159.72682511806488,0.9978243112564087,380.75592958927155,160.22196102142334,0.9973756670951843,438.121745467186,193.15970301628113,0.9978526830673218,359.69610154628754,199.25831639766693,0.995402991771698,481.1511654853821,155.4088853597641,0.9930986762046814,302.6506861448288,176.87990474700928,0.974811851978302,466.1160011291504,89.88958284258842,0.9840983748435974,266.0367156267166,123.01378118991852,0.9715583920478821,422.1944268941879,335.05294954776764,0.9982202053070068,375.70576828718185,336.83030557632446,0.9976012706756592,431.5912975668907,432.9744966030121,0.9133222103118896,369.4447918534279,435.28321063518524,0.9108960628509521,438.4243221282959,498.95140850543976,0.7889710664749146,375.77414643764496,501.5611490011215,0.7782130241394043,137.66587238325138,118.0574630052722,118.33701611902893,145.62443302782393
258,13.43209994956851,386.54639476537704,168.59324729442596,0.9991179704666138,392.41746854782104,160.37328857183456,0.9981982111930847,382.31267660856247,160.8040782213211,0.9977865815162659,401.8489966392517,162.26665484905243,0.9979925155639648,380.70376950502396,162.5222151875496,0.9975886940956116,438.1375353336334,195.94515538215637,0.997814953327179,359.82129645347595,202.1918842792511,0.9954358339309692,471.5731395483017,160.17522817850113,0.9935662150382996,304.16900223493576,180.1232454776764,0.9765212535858154,444.24468100070953,98.96864774823189,0.9852412343025208,275.23428606987,129.49373698234558,0.9738414287567139,422.24168944358826,338.90615463256836,0.9982700347900391,375.7163662314415,341.06711506843567,0.9976847171783447,431.81770819425583,435.6054697036743,0.9087793231010437,369.52842462062836,437.30163514614105,0.9058471918106079,440.4244164824486,500.30248379707336,0.7680045366287231,376.3883187174797,501.8542433977127,0.7549371719360352,143.2765326032562,118.15997246665302,112.87132753802065,141.3784792005627
259,13.334700022824109,386.4279440045357,171.35775357484818,0.9991852641105652,392.4488877058029,162.30477702617645,0.9983415007591248,381.21190881729126,164.15281289815903,0.9979526400566101,403.55539947748184,162.58760195970535,0.9981423616409302,379.4576814174652,165.8978676199913,0.9977729916572571,438.16986441612244,196.0782814025879,0.9976447820663452,360.1189755797386,203.69508635997772,0.9953475594520569,453.0953025817871,177.86323976516724,0.9940009117126465,306.02010983228683,186.6294555068016,0.9780293107032776,426.77659261226654,111.3437428176403,0.9863443374633789,280.45117765665054,136.78383427858353,0.9759381413459778,422.49954599142075,340.905970454216,0.998271644115448,375.72696417570114,342.77636992931366,0.9977107644081116,431.7981180548668,437.45508897304535,0.9082078337669373,369.30080968141556,436.67641937732697,0.9043115973472595,441.952260017395,503.72452223300934,0.7515847086906433,377.4921641945839,502.6558948755264,0.735011637210846,146.84411155850592,113.91107904531704,119.08231661422174,134.66413890985186
260,14.441600011195987,386.43495577573776,170.04104554653168,0.9992372393608093,392.76254403591156,160.89829790592194,0.9984602332115173,380.98603343963623,162.61655551195145,0.998071014881134,403.7781704068184,161.96415054798126,0.9982519149780273,379.32247734069824,164.5751125216484,0.9978721141815186,438.0142138004303,195.94498950242996,0.9970701336860657,363.0270140171051,203.24368238449097,0.9940532445907593,444.734354197979,204.70574629306793,0.9939327239990234,312.6807304620743,198.1124946475029,0.9770718216896057,416.88263553380966,156.29524105787277,0.9864740967750549,285.7847536802292,144.56190448999405,0.976460337638855,422.88439053297043,340.07988941669464,0.997702419757843,376.96513056755066,341.92953884601593,0.9970856308937073,431.90803158283234,436.07110917568207,0.9075961112976074,369.8698604106903,435.2013565301895,0.9004747271537781,442.43540316820145,502.10161530971527,0.7453221678733826,378.5002267360687,505.44026148319244,0.724323034286499,43.48322715632472,101.55840506653516,7.577996088251968,122.48762773292452
261,13.788600044790655,382.590283870697,170.79101794958115,0.9992921352386475,388.72852754592896,161.61703968048096,0.9985724687576294,378.75257021188736,164.73351258039474,0.9982024431228638,399.8719447851181,162.30568182468414,0.998354434967041,379.3097919225693,166.53071385622025,0.9980058670043945,437.8490089774132,196.96389818191528,0.9965980648994446,363.4932165145874,204.30936914682388,0.9937400817871094,433.0670345425606,212.90564864873886,0.9939781427383423,317.6331551671028,210.04880768060684,0.9775534868240356,402.60503685474396,173.67925542593002,0.9871168732643127,292.860460460186,172.99569523334503,0.9781814217567444,424.2776455283165,340.1201831102371,0.9976253509521484,377.7308588027954,341.74152171611786,0.9970433115959167,431.83084857463837,435.2073583602905,0.9076160192489624,370.76000744104385,434.32484805583954,0.9006909728050232,442.3616725206375,501.0903220176697,0.7378145456314087,379.18660420179367,504.2741873264313,0.7218366265296936,11.28191418353856,88.78106437321584,54.52923077761134,116.6320591608679
262,13.9435000019148,383.34225618839264,173.9449947476387,0.9993329048156738,389.1846138238907,163.03377318382263,0.9986559152603149,378.80486410856247,166.75294744968414,0.9983207583427429,399.92846715450287,162.5794889330864,0.9984331130981445,379.0099717974663,168.04331076145172,0.9981369972229004,437.96550607681274,197.67170697450638,0.9964107275009155,363.4378984570503,205.48041969537735,0.9940854907035828,429.81576722860336,223.0305249094963,0.9907415509223938,328.20645117759705,218.2306291460991,0.9758442044258118,372.52689349651337,207.6011467576027,0.9841871857643127,308.4667897820473,209.70080709457397,0.9782387018203735,424.91710835695267,340.14289355278015,0.9977295994758606,377.7450964450836,341.8792622089386,0.9972072243690491,432.347498357296,435.67468678951263,0.9102569818496704,371.35317116975784,434.67901635169983,0.9026221036911011,444.54281508922577,502.2470465898514,0.7416820526123047,379.16765636205673,503.8739346265793,0.7250661849975586,12.583301382863153,76.09287713861389,92.74263580876773,136.73494203700793
263,13.9979999512434,382.5424325466156,177.44621813297272,0.9993606209754944,389.21536391973495,166.26330065727234,0.998698353767395,377.41003012657166,169.5610499382019,0.9984006285667419,400.11858785152435,164.27212566137314,0.9984695911407471,376.75306463241577,169.83176565170288,0.9982455372810364,437.9379942417145,199.02673321962357,0.9965857863426208,361.2951600551605,208.72679150104523,0.9945938587188721,425.0332040190697,232.8583105802536,0.9907015562057495,325.1826382279396,235.13929253816605,0.9771009087562561,372.83252108097076,235.9850680232048,0.9837564826011658,329.39949601888657,226.08130943775177,0.9783883094787598,424.9225143790245,340.3557926416397,0.9978033900260925,377.58912467956543,342.9566661119461,0.9973508715629578,432.48599421977997,435.82681357860565,0.913021445274353,372.53650122880936,434.5488158464432,0.9056817889213562,444.5520749092102,502.2269299030304,0.7372931838035583,379.14391803741455,503.3303920030594,0.7231097221374512,15.617236397475741,60.73965344836735,114.30681221469126,28.85458238082513
264,14.823000004980713,381.9498308300972,183.1041494011879,0.9992480278015137,389.05224657058716,171.5570957660675,0.9984474778175354,376.50393265485764,174.58286261558533,0.998175323009491,400.1542622447014,167.01377069950104,0.9981271624565125,375.2128835916519,173.1616654396057,0.9979793429374695,437.94877952337265,200.5826096534729,0.9968191385269165,359.29279088974,209.20645534992218,0.9950945973396301,431.6330202817917,252.48248541355133,0.9904927611351013,323.2196366786957,253.80454683303833,0.977938175201416,380.3888821005821,275.5722496509552,0.9834188222885132,318.5814570784569,263.0904335975647,0.9793695211410522,424.7865341901779,338.75297224521637,0.9975523352622986,377.4278539419174,342.14660000801086,0.9972575902938843,432.4352525472641,433.56436491012573,0.9140354990959167,373.48761320114136,433.26532900333405,0.9053539633750916,444.50722098350525,496.30957782268524,0.7393078804016113,379.0230586528778,501.9535902738571,0.7298657894134521,1.4966465529135722,46.7357236975149,121.1938209040065,167.57387711261308
265,13.953600020613521,380.53414887189865,183.67120170593262,0.9991351366043091,387.7957478761673,172.4701128602028,0.9982671737670898,375.27954894304276,174.76238971948624,0.9979485869407654,399.86118626594543,168.07157063484192,0.9979392290115356,374.37668973207474,173.51880449056625,0.9976375102996826,437.44848161935806,202.57922852039337,0.9970552325248718,359.2934331893921,209.9440923333168,0.9955335855484009,434.3704211115837,262.2084963321686,0.9896535277366638,332.1852298974991,252.9531163573265,0.9778290390968323,386.3415814638138,300.02789771556854,0.9826105833053589,319.47058713436127,294.87597501277924,0.9798635840415955,424.7740896344185,337.2594213485718,0.9975188970565796,377.6180014014244,341.09124302864075,0.9972614645957947,432.4260997772217,433.7297319173813,0.915978193283081,373.3706611394882,433.12077236175537,0.9063428044319153,444.47499895095825,495.8467733860016,0.7422244548797607,378.92459946870804,501.78961062431335,0.7364658117294312,2.421135759919469,40.17703465732721,131.17297804690037,164.64898503637653
266,13.437000045087188,378.88338524103165,185.07612758874893,0.9986832737922668,385.65407997369766,173.03574764728546,0.9976043105125427,373.69780576229095,175.63698303699493,0.9968956112861633,398.74585968255997,168.1451005935669,0.9972469806671143,373.2433787584305,173.7217357158661,0.9961056709289551,437.4720326066017,204.42939066886902,0.9972942471504211,358.70519375801086,210.52369117736816,0.9958953261375427,437.86439740657806,266.7428035736084,0.9895904660224915,336.2141079902649,265.5301021337509,0.9766323566436768,399.39193284511566,314.4541860818863,0.9824286103248596,320.67444401979446,314.86089301109314,0.9792320728302002,424.77716732025146,337.2679867744446,0.9973064064979553,377.592924952507,341.2128781080246,0.9969847202301025,432.4635137319565,434.6066927909851,0.9171940684318542,373.29163151979446,434.521973490715,0.907752275466919,444.3748804926872,495.8583849668503,0.7427653670310974,378.98660814762115,503.53686702251434,0.738633930683136,5.819721097314029,30.462405942556476,140.75798087642963,175.24618984600494
267,13.428300037048757,376.31003844738007,186.09100991487503,0.9983278512954712,383.1652758717537,173.67584735155106,0.9970243573188782,371.00568705797195,176.70987802743912,0.9960735440254211,397.6505514383316,168.56813913583755,0.9966251850128174,370.66529500484467,174.28542518615723,0.9948951005935669,438.06152987480164,207.68517237901688,0.9975085854530334,356.7839149236679,211.01659524440765,0.996213436126709,439.056987285614,274.2266936302185,0.9896522760391235,336.13973504304886,274.78290343284607,0.9749142527580261,411.73115146160126,336.17637753486633,0.9818819165229797,320.8589445948601,328.9199538230896,0.9770885109901428,421.4718933105469,337.97798216342926,0.9966359734535217,374.7980918288231,341.19230902194977,0.9961490035057068,432.52849304676056,434.74358880519867,0.9152736663818359,373.26304918527603,435.2186985015869,0.9086577892303467,443.5332003235817,497.20077419281006,0.7399447560310364,379.0377244949341,506.1374087333679,0.743988573551178,8.11326480583158,25.817982861556985,155.34077790142464,177.82308760749189
268,13.37729999795556,375.7413891553879,186.43979465961456,0.9980984926223755,382.64388912916183,173.646546959877,0.9966683387756348,370.0683845281601,177.22120982408524,0.9955698847770691,396.7910206913948,168.59178453683853,0.9962345361709595,369.3558065891266,174.7325012087822,0.9942510724067688,438.5377415418625,208.41308277845383,0.997714638710022,354.9963147044182,213.04411298036575,0.9965322613716125,445.23649871349335,275.7089647054672,0.9895053505897522,336.824212372303,278.99561512470245,0.9735173583030701,435.8663637638092,339.1224316358566,0.9809773564338684,321.5076672434807,334.26646852493286,0.9752922058105469,420.94221019744873,339.3241413831711,0.9958361387252808,374.3118709921837,341.1422736644745,0.9952675104141235,431.53544425964355,434.67989099025726,0.9056035280227661,373.2171247601509,435.12713289260864,0.902152419090271,440.3509534597397,497.0783851146698,0.726949155330658,378.92989844083786,506.13270378112793,0.7399380803108215,13.339751705434391,23.979739061199588,165.91004910880037,179.91586337433878
269,13.63530004164204,376.1121833920479,185.57706928253174,0.9976603984832764,382.55683076381683,173.0738849043846,0.996002197265625,370.49805623292923,176.3881919980049,0.9947834014892578,394.8273500800133,168.5763577222824,0.9954505562782288,369.6874740719795,174.19042134284973,0.9932581782341003,438.6630434989929,208.65748393535614,0.9978302121162415,354.47000366449356,214.84025865793228,0.9967325925827026,450.3697040081024,274.9634107351303,0.988518476486206,338.5824541449547,280.7451636791229,0.9710385203361511,456.0164278745651,334.1504431962967,0.9780084490776062,320.161888897419,338.4278178215027,0.9715631604194641,419.6271016597748,337.4567880630493,0.9947251081466675,374.62624990940094,338.6292862892151,0.9939578175544739,429.9953970313072,431.2634924650192,0.9033952355384827,373.40818214416504,433.21191573143005,0.9002792239189148,439.2484461069107,495.3144201040268,0.7269186973571777,378.68472731113434,503.6270754337311,0.7446792721748352,18.419874714070104,22.801728499889833,175.4371096487085,175.8430363268547
270,13.479100016411394,376.0444207787514,185.4426011443138,0.9976934790611267,382.4942333102226,172.9564420580864,0.9960519075393677,370.34671437740326,176.3305864930153,0.9948657155036926,394.27655136585236,168.53398299217224,0.9955012798309326,369.2757867574692,174.13011652231216,0.9933573007583618,438.018870472908,208.40893578529358,0.9979979991912842,353.4567759633064,215.1967945098877,0.9969640970230103,459.38507544994354,267.0467253923416,0.9882922172546387,337.9982023239136,278.1164525747299,0.9699561595916748,475.34889805316925,321.47768449783325,0.9770403504371643,318.4668065905571,331.4117990732193,0.9698399305343628,419.86022967100143,336.9311001300812,0.9942975044250488,374.43358677625656,338.40857577323914,0.993466317653656,429.9892951846123,430.93535220623016,0.9020763039588928,373.3608928322792,432.95884358882904,0.8994163870811462,438.75221610069275,492.8211271762848,0.726385235786438,378.5870174765587,501.80592715740204,0.7499558329582214,28.062504370451567,23.465423839999872,176.32513127276843,173.67684813320398
271,13.2292999769561,375.7860022187233,184.941071331501,0.9976751804351807,381.8671882748604,172.57886964082718,0.9959858059883118,370.2289862036705,175.93122351169586,0.9948187470436096,393.10697722435,168.3677715063095,0.995453417301178,369.1558640599251,173.87110286951065,0.9932860732078552,436.4729354977608,207.96449875831604,0.9981514811515808,352.7370256781578,214.762340426445,0.9971696138381958,467.78844237327576,262.566917181015,0.9883680939674377,338.90076714754105,275.29254627227783,0.9691775441169739,493.3991240262985,316.3429228067398,0.9767944812774658,317.3525772690773,323.2343809604645,0.9687634110450745,419.9559858441353,336.3258502483368,0.9942267537117004,374.00469118356705,337.80775940418243,0.9933757185935974,429.88529616594315,429.9651367664337,0.9016376733779907,373.36375641822815,432.9367061853409,0.900216817855835,438.62712824344635,490.9033464193344,0.7272400856018066,378.5773294568062,500.88209772109985,0.757454514503479,37.16734380975291,22.682050010182508,175.63092622481614,168.67344380845043
272,13.368199986871332,375.4075271487236,185.29148471355438,0.9977718591690063,381.3900666832924,172.8143434524536,0.9961198568344116,369.72558385133743,176.33502000570297,0.9950097799301147,392.76578229665756,168.41779178380966,0.9956026673316956,368.3627578020096,173.98970687389374,0.9935501217842102,436.5106170773506,207.61428141593933,0.9982985258102417,352.6756325364113,213.83680695295334,0.9973855018615723,476.5106575489044,261.71043491363525,0.9885661602020264,338.639485001564,271.3299208879471,0.9689586162567139,508.9450236558914,306.9311785697937,0.976891815662384,314.59753996133804,317.4400211572647,0.9685677289962769,420.0365944504738,336.3146005868912,0.9942108392715454,374.06332778930664,337.8240759372711,0.9933978319168091,429.8934587240219,430.0737729072571,0.9015238881111145,373.35487127304077,432.9382141828537,0.9010004997253418,438.940945148468,491.33789098262787,0.7310576438903809,378.57144170999527,499.5977362394333,0.7654805779457092,43.77450558789061,23.506754068033967,179.16966285967268,166.18192733959978
273,13.443500036373734,375.1813306212425,185.49437069892883,0.997823178768158,381.06289529800415,172.8531894683838,0.996146559715271,369.37630665302277,176.52750080823898,0.9950789213180542,392.69231927394867,168.35560196638107,0.9956493973731995,367.9445404410362,173.9574055671692,0.9936339855194092,436.5312509536743,207.30717772245407,0.9984273910522461,352.84364742040634,210.18229562044144,0.997576117515564,483.08079421520233,251.8142615556717,0.9888151288032532,338.45782124996185,270.41688871383667,0.968123197555542,529.0614740848541,303.20817399024963,0.977282702922821,312.3608919978142,315.3743360042572,0.9679422378540039,420.12804186344147,336.1826206445694,0.9941419959068298,374.1805474758148,337.5183746814728,0.9933319687843323,429.90582299232483,430.3052203655243,0.9028403162956238,373.207998752594,433.12237083911896,0.9033408164978027,439.7353092432022,491.63237273693085,0.7380990982055664,378.54095923900604,499.45480823516846,0.7742978930473328,53.53854576733304,22.944649955139077,175.5331312848162,163.2979930164992
274,13.523900008294731,374.65413641929626,185.65632963180542,0.9979049563407898,380.35805171728134,172.88663685321808,0.9962202906608582,368.65462946891785,176.89899599552155,0.9951699376106262,392.29246097803116,168.29161763191223,0.9957261681556702,367.2736852169037,174.18850618600845,0.993674099445343,435.4983260631561,202.9628027677536,0.9985499978065491,352.9595022201538,207.91316652297974,0.9977312088012695,486.48032569885254,237.47534656524658,0.9889781475067139,338.15414732694626,256.51821851730347,0.9660480618476868,535.2792558670044,273.5532521009445,0.9775199890136719,304.6682564020157,288.8887423276901,0.9656821489334106,420.1881504058838,334.78564190864563,0.994175136089325,374.3410153388977,335.65886294841766,0.9932919144630432,429.9203817844391,430.1783072948456,0.8974841237068176,373.09942334890366,432.52571654319763,0.8994149565696716,440.68912422657013,491.86077404022217,0.7398134469985962,378.49265295267105,496.7109464406967,0.7735599279403687,62.528518031916924,26.442850945898975,177.62008390959312,150.9707235171203
275,13.005100016016513,373.3381714820862,186.03167021274567,0.9979569911956787,379.1099029183388,173.14055347442627,0.9962687492370605,367.121031999588,177.31456995010376,0.9952362775802612,391.65607583522797,168.29761946201324,0.9958151578903198,366.08711689710617,174.48030370473862,0.9938173294067383,434.5864478945732,197.6337657570839,0.9986308813095093,352.29945904016495,207.89659363031387,0.9978176951408386,493.1070382595062,226.37027192115784,0.9889809489250183,326.02514803409576,250.1118077635765,0.9643248319625854,540.2359358072281,247.7396975159645,0.9771559238433838,296.89800959825516,265.8297110795975,0.9627976417541504,420.2709267735481,334.29237592220306,0.9939985275268555,374.29934614896774,335.51599526405334,0.9930588006973267,429.9321840405464,430.18198680877686,0.8905419111251831,372.69581830501556,432.4666633605957,0.8941375613212585,441.3872504234314,492.0297602415085,0.7380517721176147,378.45839697122574,497.4954369068146,0.7711476683616638,69.82682224321037,41.67860481153405,178.23740987435485,150.2503749084178
276,13.133100001141429,373.18375194072723,185.882996737957,0.9981216192245483,378.8126252293587,173.07797157764435,0.9965648651123047,366.9313662648201,177.19023555517197,0.9956039786338806,390.5690104365349,168.2874253988266,0.9961551427841187,365.6173014640808,174.45094299316406,0.9943113327026367,432.63990527391434,193.80419099330902,0.9987193942070007,350.9251518845558,206.66520810127258,0.9979107975959778,497.9778106212616,215.53359067440033,0.9894689321517944,320.94394224882126,234.5222953557968,0.9629762768745422,559.3085957765579,225.8197472691536,0.9774932861328125,283.0695389509201,251.84176743030548,0.960716962814331,420.46182358264923,331.7196718454361,0.9938805103302002,374.30207592248917,333.9274706840515,0.9928061366081238,429.7785941362381,428.92347240448,0.8837749361991882,372.5837102532387,430.50180292129517,0.8867409825325012,439.2405779361725,484.3521226644516,0.7324908375740051,377.8229485154152,495.2480983734131,0.7639011740684509,76.65063354531294,57.51193245981222,171.12525617015942,161.67725499945217
277,13.348400010727346,371.873085975647,185.79492968320847,0.9982229471206665,377.18046152591705,173.0210446715355,0.9967803955078125,365.95814847946167,177.07985013723373,0.9958405494689941,389.00195986032486,168.26706743240356,0.9964309930801392,365.08550411462784,174.36299657821655,0.9946976900100708,431.12728959321976,191.26808601617813,0.9987685084342957,350.96802538633347,204.3845880627632,0.997899055480957,497.03614580631256,199.85471433401108,0.9899501800537109,317.83641624450684,220.9156488776207,0.9603428840637207,566.9858964681625,206.28956592082977,0.9775601625442505,279.9600325226784,225.3936324119568,0.9575268030166626,420.54125463962555,328.2760388851166,0.9940840005874634,374.2256155014038,331.7948304414749,0.9929029941558838,429.2975116968155,422.382231593132,0.8780063390731812,372.4593449831009,425.87505543231964,0.8763191103935242,437.0187028646469,480.4825407266617,0.7299587726593018,378.23613452911377,494.5264310836792,0.7531765103340149,86.99552133581318,73.82796521794762,177.83328111517997,160.22560381778212
278,13.2543999934569,371.2586995959282,184.59575498104095,0.9983220100402832,376.44532281160355,172.12561082839966,0.9969779849052429,365.70061308145523,176.18737196922302,0.9960676431655884,387.9651811718941,167.47333294153214,0.9966877102851868,364.9336002469063,173.3844871520996,0.995058536529541,430.7821070551872,190.1653477549553,0.9988008141517639,350.76473754644394,202.2889842391014,0.9977779388427734,497.30885553359985,190.22951304912567,0.9904841780662537,311.28059750795364,207.14975786209106,0.9589564204216003,569.2619388103485,186.44845056533813,0.9780976176261902,262.0833612680435,208.7944855093956,0.95611172914505,420.87669563293457,328.46496081352234,0.9942963123321533,374.08995646238327,331.76068937778473,0.9929201602935791,428.9959787726402,422.59983563423157,0.875441312789917,372.3007772564888,423.957123875618,0.8676603436470032,436.3305323123932,481.5454980134964,0.7285434007644653,379.4266369342804,490.61791265010834,0.7378853559494019,94.0414290714526,93.19448143098391,176.93666896867742,174.8965606322735
279,13.63659999333322,371.1405967473984,184.57429617643356,0.9982739686965942,376.1670197248459,172.11778432130814,0.9968221783638,365.7119871377945,176.1702260375023,0.9958584308624268,387.98875892162323,167.32110059261322,0.9965787529945374,364.6127715706825,173.10231065750122,0.9949216842651367,431.0635948777199,189.83995205163956,0.9985944032669067,349.7990400195122,199.04069727659225,0.9972656965255737,503.1705356836319,181.7394267320633,0.9908961653709412,297.8466861844063,197.5308901667595,0.9602351784706116,572.4077619314194,168.24505066871643,0.978910505771637,247.2961781024933,194.01033425331116,0.9574385285377502,421.2103703022003,328.9345813989639,0.9939780235290527,374.097851395607,332.01900935173035,0.992414653301239,428.95942121744156,422.7032541036606,0.8713358044624329,372.2131301164627,422.9587993621826,0.861764669418335,435.9366152882576,477.8253586292267,0.7290393114089966,380.565487742424,487.73383724689484,0.7329427003860474,100.461724565276,102.01990421817386,175.3810369765642,177.68073289502647
280,13.654000009410083,371.3011716604233,185.40190029144287,0.9983218908309937,376.3425013422966,173.24765145778656,0.996869683265686,365.79752004146576,176.78927409648895,0.995976448059082,388.2921116948128,167.61227983236313,0.9966513514518738,364.3591702580452,173.23742723464966,0.9951827526092529,431.30001467466354,189.366923391819,0.998410165309906,349.26033794879913,197.49082267284393,0.997145414352417,505.18451976776123,174.02221930027008,0.9912618398666382,294.43869775533676,191.00457853078842,0.9626469016075134,568.4324088096619,148.87994980812073,0.9797187447547913,239.72271585464478,183.09620225429535,0.9597539901733398,421.65880250930786,329.2721918821335,0.9938786029815674,374.1061210036278,332.17756021022797,0.99242103099823,429.09920167922974,423.2827775478363,0.8690876364707947,372.00772804021835,423.72582721710205,0.8614957928657532,435.49110019207,476.80890798568726,0.7190417051315308,381.36606073379517,478.590727686882,0.7244938611984253,105.67484225452989,107.1995071945632,170.05389738150367,178.52331060415997
281,13.431300001684576,371.2943739891052,185.42035818099976,0.9983781576156616,376.21198070049286,173.39489233493805,0.9969355463981628,365.7874841094017,176.76814705133438,0.9961268901824951,388.4645691514015,167.61335051059723,0.9967296719551086,364.3500977754593,173.23356676101685,0.9954637885093689,431.4971203804016,189.41855722665787,0.998296856880188,349.07535564899445,196.62622737884521,0.9971505999565125,504.2550586462021,168.0522984266281,0.9915972948074341,291.18563735485077,185.7802267074585,0.9650774598121643,561.54674243927,131.04245042800903,0.9805365800857544,235.423269033432,170.41254073381424,0.962117612361908,422.2685054540634,329.4018796682358,0.9941296577453613,374.1132130622864,332.43660402297974,0.9927969574928284,429.1055711507797,423.55267894268036,0.8691524267196655,371.80965888500214,424.10916018486023,0.8626748919487,431.31997948884964,477.51606833934784,0.7151693105697632,381.32787066698074,475.59261751174927,0.7183893322944641,110.1373754845045,111.05739832024217,163.5034707060126,175.203895551956
282,13.707400008570403,372.2613025903702,185.56402510404587,0.998450756072998,377.0545172691345,173.4717851281166,0.9970554113388062,366.4523712992668,176.94039052724838,0.9963335394859314,389.11289036273956,167.6417008638382,0.9968697428703308,364.480243742466,173.3556391596794,0.9957884550094604,432.0046441555023,189.5595097541809,0.9982256889343262,349.00130385160446,195.952876329422,0.9971773028373718,502.46218621730804,164.3154655098915,0.9919056296348572,287.8159192800522,181.46738398075104,0.9673222303390503,554.2205120325089,117.56433057785034,0.9812598824501038,229.56734281778336,156.49467372894287,0.964139461517334,422.82248890399933,329.5652561187744,0.994430661201477,374.0933285355568,332.6454918384552,0.9932064414024353,429.358744263649,423.6491606235504,0.8665938973426819,371.64927130937576,424.433500289917,0.8635764122009277,430.661274433136,477.0971164703369,0.7043696045875549,381.5114613175392,476.05050587654114,0.7103166580200195,113.46427850122993,113.72112078092881,157.62177238924457,170.11330552726335
283,14.282899966929108,373.8523323535919,187.06267303228378,0.998540461063385,379.45992946624756,174.8406698703766,0.9972173571586609,367.5703473687172,178.58471101522446,0.9965663552284241,391.1270350217819,168.17845749855042,0.9970468878746033,364.53566884994507,174.47433203458786,0.9961172342300415,432.03311944007874,189.74927616119385,0.9982278943061829,348.03330475091934,195.80684185028076,0.9972832798957825,500.972479224205,163.35028678178787,0.9921884536743164,286.5540680885315,177.5829181075096,0.9694753885269165,532.0470969676971,110.21574559807777,0.9820650815963745,227.80233013629913,146.44919353723526,0.9661600589752197,423.28558695316315,329.4978184700012,0.9946610331535339,374.04020500183105,332.56234085559845,0.9935398697853088,429.6897694468498,423.82906472682953,0.8613168001174927,371.70408087968826,424.6552060842514,0.864080548286438,431.2173453569412,476.38087797164917,0.6943491697311401,381.1333609223366,478.56810772418976,0.706476092338562,114.5351163906742,117.27850062176928,141.27370315264156,168.5910757866435
284,16.47219998994842,374.4964518547058,186.96775966882706,0.9984285831451416,379.8872193098068,175.13133639097214,0.9970403909683228,369.0187330842018,178.48144334554672,0.996279239654541,391.16321790218353,169.26860398054123,0.996903657913208,366.80143439769745,174.46679204702377,0.9960878491401672,432.14206951856613,189.94720083475113,0.998195230960846,348.73689049482346,196.39738875627518,0.9972620010375977,494.35160088539124,162.69267922639847,0.9925689697265625,288.0811355113983,176.9821017384529,0.9709858894348145,507.6480600833893,102.61040142178535,0.9831377863883972,234.21577244997025,140.82502633333206,0.967950701713562,423.2677096128464,329.557324051857,0.9946630001068115,375.758329808712,332.6164176464081,0.9936118721961975,429.6927668452263,423.9893045425415,0.8502815961837769,372.80607974529266,424.8127315044403,0.8596650958061218,431.5570415854454,479.9928939342499,0.6828588247299194,381.0315029025078,480.057496547699,0.6984414458274841,117.29576251618687,118.96930843518862,126.13730558036457,163.87788675740748
285,13.982200005557388,378.89299297332764,187.17587840557098,0.9982373118400574,383.6523263454437,176.21976375579834,0.9967174530029297,374.749089717865,178.6473079919815,0.9957662224769592,392.3551387190819,171.62177377939224,0.9966158270835876,373.2053225040436,174.64165943861008,0.9958457946777344,432.2268263101578,191.2660954594612,0.9980484843254089,354.1208870410919,196.92170441150665,0.99699467420578,483.04728758335114,165.51985788345337,0.9928032159805298,291.358121573925,180.41146904230118,0.9716047048568726,487.0654071569443,104.66619411110878,0.9839215874671936,240.58395940065384,141.77262181043625,0.9689030647277832,421.2162045240402,329.65151357650757,0.994471549987793,377.98850125074387,332.65230798721313,0.9933460354804993,428.09734803438187,424.16773080825806,0.839827835559845,375.6474795937538,424.9058654308319,0.8522821664810181,431.7789828777313,484.4843740463257,0.6750518679618835,381.14288836717606,482.14767158031464,0.6838255524635315,121.41645404936669,114.71144160532256,120.6450161214598,157.46727200461183
286,13.415099994745106,379.41595870256424,187.88946282863617,0.9982381463050842,385.514272749424,177.42061233520508,0.9967401623725891,374.92871952056885,179.4749573469162,0.9956672191619873,395.84071159362793,173.6157084107399,0.9966376423835754,373.3350135087967,175.66762554645538,0.9958689212799072,433.4185062646866,194.12981289625168,0.9980331063270569,355.4006958603859,198.03008258342743,0.9969114661216736,474.5198497772217,166.44021892547607,0.9932092428207397,292.08236795663834,183.7809688448906,0.9721497297286987,464.40309500694275,111.20052829384804,0.9848411679267883,241.54735535383224,142.73835849761963,0.9698858261108398,422.77621656656265,332.5966628789902,0.9941885471343994,377.924806535244,335.4728363752365,0.9930463433265686,431.0083303451538,425.77812135219574,0.81927889585495,375.41558265686035,427.3816957473755,0.836704671382904,441.4222289919853,489.7877901792526,0.6484131217002869,381.4596759080887,492.9219217300415,0.6529759764671326,128.36278405556612,111.9894282261765,113.5894846869759,153.60034070714653
287,13.448199955746531,379.92530232667923,187.32925683259964,0.9982615113258362,386.2669141292572,177.3049640059471,0.9968612194061279,374.77462112903595,179.45046746730804,0.9957007169723511,397.8148463368416,173.58349758386612,0.9967418909072876,373.0024896264076,176.55254864692688,0.9959565997123718,433.714686691761,196.3329520225525,0.9978622198104858,357.1449408531189,200.91556042432785,0.9964967966079712,461.0225648880005,169.87499994039536,0.9931931495666504,298.9126092195511,187.02560645341873,0.9704300761222839,441.6245533823967,122.75102770328522,0.9851503968238831,256.0916154384613,148.93048280477524,0.9690989851951599,424.59138214588165,336.2931568622589,0.9942502975463867,377.94589537382126,339.24629855155945,0.9931319952011108,433.5939343571663,430.3501888513565,0.7897242307662964,375.47949147224426,431.54171800613403,0.8155414462089539,445.2389340996742,492.84311378002167,0.6147409677505493,380.5435157418251,498.343293428421,0.6220664381980896,137.82389654959096,111.96744190520538,111.72042706954448,151.75841669209126
288,13.426900026388466,382.4933769106865,185.13762372732162,0.9982688426971436,390.8232540488243,175.0525887608528,0.9968932271003723,377.47503620386124,177.15900492668152,0.9956851601600647,401.63778710365295,173.4739264845848,0.9967218637466431,375.7474642395973,175.15440875291824,0.9958937168121338,434.44238543510437,200.33520758152008,0.9969951510429382,359.9600867033005,202.22676426172256,0.9951494336128235,455.2752140760422,188.18896621465683,0.9930914044380188,306.446650326252,191.09564650058746,0.9704774022102356,421.2703450322151,140.01031559705734,0.9852792024612427,268.5243421792984,157.48781073093414,0.9702061414718628,426.77022314071655,339.5693417787552,0.9943864941596985,378.9971258044243,343.2794680595398,0.9933125376701355,434.179015815258,431.6808156967163,0.7944570779800415,376.60664707422256,432.5028553009033,0.821225643157959,444.11721128225327,496.93020927906036,0.6179260611534119,380.952312707901,497.46925806999207,0.6307296752929688,123.39758350530116,109.4367378774352,85.02888365692749,150.20203365460378
289,13.353299989830703,379.633537709713,181.036654651165,0.9971904754638672,384.3844944238663,171.69022178649902,0.9956948757171631,376.88187247514725,172.59869980812073,0.9923109412193298,392.81416887044907,171.66876298189163,0.9951961636543274,377.73380267620087,172.07153403759003,0.9912170767784119,431.9490852355957,199.85726284980774,0.9938825368881226,364.422329723835,203.4963926076889,0.9836594462394714,442.2669065594673,202.143281519413,0.9919095635414124,321.1401647925377,201.54067063331604,0.9571441411972046,421.41446101665497,181.41048723459244,0.9829777479171753,279.17324221134186,175.7128051519394,0.9643372893333435,425.1425287723541,338.8635084629059,0.9942507147789001,386.38643538951874,342.3197181224823,0.9930973052978516,432.50903671979904,431.42873883247375,0.8026268482208252,380.4455382823944,432.2551214694977,0.8305641412734985,438.4096027612686,494.17416286468506,0.6299649477005005,383.2322356104851,497.66825342178345,0.6518909335136414,80.31063933877745,101.57777182324625,32.34248883933966,150.97762393871034
290,13.842999993357807,378.5179970264435,181.35419368743896,0.9973686337471008,383.69511955976486,171.8254137635231,0.9959514737129211,375.94050204753876,172.8168467283249,0.9928584694862366,393.21515119075775,171.1209225654602,0.995441198348999,377.1561879515648,172.8278852701187,0.9918636679649353,436.0514531135559,198.88392585515976,0.9936025142669678,363.01052832603455,204.15133100748062,0.9847791194915771,431.19869190454483,214.0668368935585,0.9902860522270203,322.673574924469,214.3840290904045,0.9549298882484436,382.95090836286545,195.22004985809326,0.9823496341705322,292.87804341316223,204.04393142461777,0.9653720855712891,427.5771120786667,338.5614867210388,0.9946051836013794,384.911661863327,341.89138650894165,0.9935866594314575,435.4253715276718,432.55825912952423,0.8091774582862854,379.7645668387413,433.5315508842468,0.8361241221427917,438.84130841493607,493.3011831045151,0.629116415977478,383.20440262556076,501.8328901529312,0.6630250215530396,14.2529950914573,84.8000481808254,86.38806087498341,146.62688379182947
291,13.780000037513673,378.7554337978363,185.71983140707016,0.9973464012145996,384.0558511018753,175.22258532047272,0.9958305954933167,375.6430102586746,177.05539041757584,0.9930100440979004,394.8650316596031,171.3281214237213,0.99520343542099,376.7660712003708,174.42616659402847,0.9921599626541138,439.9092118740082,199.28852158784866,0.9931679368019104,362.3001716732979,206.29253667593002,0.9860315322875977,428.03204756975174,230.88192903995514,0.98549884557724,320.03211760520935,226.17604184150696,0.9532315731048584,382.551317691803,229.43616658449173,0.9793271422386169,299.1571380496025,230.8730770945549,0.9648281335830688,429.32488971948624,340.00602769851685,0.9947875142097473,384.05678778886795,344.3342218399048,0.9939573407173157,437.8008632659912,434.35497784614563,0.8135446310043335,379.38432544469833,436.0632675886154,0.8386104702949524,442.59156227111816,495.07096898555756,0.6210987567901611,383.08389115333557,503.06917667388916,0.6597118973731995,16.301645192507817,73.76368115480628,108.78241963881894,167.48784100974842
292,14.160200022161007,378.72273004055023,186.74291723966599,0.9974063634872437,384.07174801826477,175.5150915980339,0.9958444237709045,375.5158616900444,177.973806142807,0.9933253526687622,395.75905925035477,171.24925315380096,0.9952840805053711,376.39324301481247,174.94993937015533,0.9925796389579773,440.91181486845016,199.28999942541122,0.9937151074409485,362.1384192109108,207.6591141819954,0.9873906970024109,435.4218924045563,243.0401137471199,0.9855634570121765,318.6635108590126,246.06971091032028,0.9562687873840332,385.5375025868416,265.8760367631912,0.9792812466621399,311.3744000196457,253.48147344589233,0.9666615128517151,429.6740063428879,339.64350509643555,0.9951497316360474,383.5064975619316,343.85308015346527,0.994452714920044,437.73141461610794,434.4629806280136,0.825238049030304,379.33543038368225,435.51598513126373,0.8492709994316101,442.3558918237686,490.12944209575653,0.6204042434692383,382.9865827560425,501.7958537340164,0.6704204678535461,2.5745113797725474,57.455721914050336,121.74951166023433,175.98296176474628
293,13.580999977421016,378.0066462159157,186.74278151988983,0.9972022771835327,383.36944687366486,175.49411535263062,0.9955920577049255,375.26271533966064,177.96429067850113,0.9928955435752869,395.8805609345436,170.96228122711182,0.9950830340385437,376.04934507608414,174.85578000545502,0.991854727268219,440.62861424684525,200.05096513032913,0.994291365146637,362.48376232385635,207.41854333877563,0.9885890483856201,438.93663638830185,253.48147344589233,0.98655104637146,331.72143602371216,247.69370359182358,0.9583509564399719,391.6161997318268,289.32579016685486,0.9804774522781372,316.9063128232956,287.6865667104721,0.9684709906578064,429.504037797451,339.0064364671707,0.9954978227615356,383.14680975675583,343.15300738811493,0.9948793053627014,437.599769949913,434.18457412719727,0.8365813493728638,379.04848301410675,433.9111741781235,0.8595715761184692,441.681370139122,490.8147968053818,0.6201630234718323,382.90640234947205,501.35959005355835,0.6783396005630493,2.7634829196629425,46.02849486067327,128.95699839977473,162.95412145129666
294,13.899499957915395,378.00000911951065,186.92754137516022,0.9962552189826965,383.3470199108124,175.71485602855682,0.9942451119422913,375.1019263267517,177.94225883483887,0.9906367659568787,396.0417781472206,170.94907116889954,0.9936074614524841,376.0187555551529,174.66245472431183,0.9887852072715759,440.63899809122086,201.29286140203476,0.9948074221611023,362.89975839853287,207.20707684755325,0.9896631240844727,439.79043996334076,266.79844868183136,0.9872803092002869,337.58223301172256,254.97611010074615,0.959419846534729,401.6051903963089,313.2976424694061,0.9811959266662598,324.2366378903389,308.51526963710785,0.9693095088005066,429.28496009111404,338.8490015268326,0.9954620599746704,382.95668905973434,342.3356124162674,0.9948272705078125,437.3796485066414,434.1277527809143,0.8444327712059021,378.93230706453323,433.82096576690674,0.8654187917709351,445.6754034757614,496.0840417146683,0.6266788244247437,382.88119208812714,501.7477787733078,0.6773384809494019,3.976394432803112,36.36621981905418,141.34924479254076,166.07322768754727
295,14.176699973177165,377.5096400976181,187.06004911661148,0.9958733320236206,383.1367738246918,175.81560534238815,0.993560791015625,374.6975719332695,177.94556134939194,0.9895015358924866,396.3389220237732,170.94575357437134,0.9927586317062378,375.83286333084106,174.67545366287231,0.9869890809059143,441.1517940759659,204.20089888572693,0.9952651262283325,362.80360078811646,207.6345036625862,0.9905990362167358,442.16713601350784,270.5660296678543,0.9876223206520081,341.4557816386223,265.00803339481354,0.9581955671310425,405.6186532974243,324.1644535064697,0.9810609221458435,327.81317645311356,320.2483649253845,0.968680739402771,428.8287400007248,339.7518697977066,0.9950920343399048,382.89920324087143,342.1884318590164,0.9943131804466248,437.23612129688263,434.0494273900986,0.8524612188339233,378.32619029283524,433.80133163928986,0.8707554340362549,446.2297080755234,498.0858782529831,0.643818199634552,382.825499355793,501.69717037677765,0.6862093806266785,6.071047476965714,28.90379795410363,144.8336105535652,173.46316630562484
296,13.837000005878508,377.4214041829109,187.53206741809845,0.9953995943069458,383.14317005872726,175.94925916194916,0.9926596879959106,374.34848207235336,178.11533170938492,0.9885469675064087,396.5866623520851,170.94940292835236,0.9918640851974487,375.45949989557266,174.7519392967224,0.9858620166778564,441.54225873947144,206.2150256037712,0.9956734776496887,362.5098825097084,210.1002756357193,0.9914646148681641,447.57192701101303,273.51018369197845,0.9880951642990112,344.0345879793167,275.44970977306366,0.9583088755607605,426.03709161281586,339.8855085372925,0.9809566736221313,332.73316502571106,329.65208661556244,0.9682987332344055,427.95871835947037,341.70946168899536,0.9949815273284912,381.2096072435379,342.9237314462662,0.9941614270210266,437.17823404073715,435.0294146537781,0.8586064577102661,377.3657917380333,434.20999896526337,0.8739451169967651,446.49329179525375,501.6031618118286,0.6490859985351562,384.2318947315216,510.01459097862244,0.6853222250938416,10.844916592518343,23.800209243942327,156.90479574700854,175.99125382544167
297,13.784100010525435,377.4232775568962,187.92505156993866,0.9951086044311523,383.32887494564056,175.95989054441452,0.992076575756073,374.07058042287827,178.27136421203613,0.9878631234169006,396.84995168447495,170.90482652187347,0.9913146495819092,374.85129565000534,174.7875280380249,0.9849574565887451,443.4648756980896,207.94625198841095,0.996042013168335,360.7334957718849,211.55317091941833,0.9922250509262085,454.0967012643814,284.4275428056717,0.9885526895523071,343.1348867416382,280.63501954078674,0.9577829241752625,441.88479179143906,353.91905403137207,0.980902373790741,333.35927337408066,338.57343006134033,0.9671330451965332,427.8912768959999,343.03450894355774,0.9947738647460938,380.4404534101486,343.08819365501404,0.9938048124313354,437.13624370098114,435.5936771631241,0.8630356192588806,376.5373857617378,434.3051837682724,0.8767968416213989,446.46824210882187,501.2566239833832,0.6483461856842041,384.86338233947754,508.28087639808655,0.6788188219070435,14.490379724803232,22.812949111258614,162.11895454521346,175.28487901299377
298,13.465499971061945,377.43770253658295,188.14633512496948,0.9948871731758118,383.4108484387398,175.93886905908585,0.9917221069335938,373.91779339313507,178.3249735236168,0.9876188039779663,397.20080786943436,170.80306684970856,0.9908713698387146,374.6990171074867,174.82690185308456,0.9846580028533936,445.2902110219002,208.41149938106537,0.9963640570640564,360.6895250082016,213.58181965351105,0.9929060935974121,465.3507010936737,275.3866151571274,0.9883400797843933,345.4119192957878,281.0799994468689,0.9564488530158997,467.4010821580887,338.7002526521683,0.9792179465293884,331.97359216213226,343.09102869033813,0.9646058678627014,429.36878019571304,342.7002160549164,0.9942497611045837,380.45348674058914,342.1178274154663,0.9931122660636902,437.0961534976959,433.8428317308426,0.863147497177124,376.5199901461601,431.6898033618927,0.8738121390342712,446.86534386873245,500.3215448856354,0.6492012143135071,384.901679456234,507.1997628211975,0.6732805967330933,23.435583372218723,21.494949538655014,165.18075653907604,179.47392690030486
299,13.696899986825883,377.4778997898102,188.12412232160568,0.9946709275245667,383.41917157173157,175.722878575325,0.9913420081138611,373.88808703422546,178.20302176475525,0.9873299598693848,397.1328311562538,170.70587641000748,0.9904012680053711,374.7059218287468,174.7949624657631,0.9842607975006104,444.81405287981033,207.8481718301773,0.9966529011726379,360.63171803951263,214.1896783709526,0.9934825301170349,470.09563624858856,267.51547133922577,0.9878319501876831,346.54386538267136,279.04206144809723,0.9524160027503967,484.35511672496796,323.1984906196594,0.976660966873169,329.5510787367821,339.07122004032135,0.9592639207839966,428.2524098753929,342.1654198169708,0.9935855865478516,380.4454044699669,341.81242775917053,0.9922735691070557,435.4138368964195,432.80192136764526,0.8622300028800964,376.68918257951736,430.7857588529587,0.8712236881256104,437.50371938943863,502.89355528354645,0.6528311967849731,384.80803751945496,500.7146496772766,0.6757965683937073,29.99204919770378,21.080754635234626,171.4009851303521,176.45040236493801
300,13.122799980919808,377.47573202848434,187.03890699148178,0.994575560092926,383.31337946653366,174.4616648554802,0.9910797476768494,373.85562413930893,177.12148594856262,0.9871947169303894,396.424749314785,170.17383980751038,0.9901589155197144,374.97180712223053,174.15453100204468,0.9839844703674316,444.7820717096329,207.41325026750565,0.9969222545623779,360.7087672352791,213.81785142421722,0.9939937591552734,477.3867007493973,264.10091257095337,0.9877685904502869,346.270566880703,275.73788809776306,0.9500815868377686,501.804203748703,320.00418996810913,0.9758657813072205,327.0494286417961,327.9736250638962,0.956619381904602,427.9834201335907,341.88987851142883,0.9936285614967346,380.5930798649788,341.5424358844757,0.9922909140586853,435.1564085483551,432.97416484355927,0.8643259406089783,376.7564902305603,431.2466330528259,0.8731421232223511,434.4515917301178,502.82065868377686,0.6567169427871704,384.782613158226,498.74351596832275,0.6822695136070251,37.02633952984154,21.974256411788108,173.68889576383205,172.92335794056254
301,13.438499998301268,377.48223531246185,186.96150147914886,0.9948428273200989,383.3154401779175,174.25232464075089,0.9914789199829102,373.80991381406784,177.07031959295273,0.9878588318824768,396.56573408842087,169.94287490844727,0.9905803203582764,374.93586510419846,174.1279902458191,0.9847949743270874,444.5293535590172,207.32708328962326,0.9971928000450134,361.0891424417496,213.35905826091766,0.9945247769355774,482.13891530036926,259.59154760837555,0.987939715385437,345.6928451061249,271.6046177148819,0.9501553177833557,515.2179361581802,311.85783660411835,0.9761336445808411,325.00691574811935,319.2099879980087,0.9567538499832153,427.9649004936218,341.0640689134598,0.9938938617706299,380.4956911802292,340.51259422302246,0.9926318526268005,434.99487018585205,432.9779951572418,0.863486647605896,376.5786535143852,431.2834583520889,0.8732650876045227,431.7222464084625,502.2846862077713,0.6557715535163879,384.43346977233887,497.69217026233673,0.6855615973472595,42.79943554771352,23.48426660520807,176.59064524273884,171.32022086836878
302,13.46500002546236,377.4678370952606,186.9439634680748,0.9949440956115723,383.3218631744385,174.21578586101532,0.9915536046028137,373.67396038770676,177.0721291899681,0.9880638718605042,396.9507659673691,169.89639842510223,0.9907086491584778,374.8549085855484,174.1319562792778,0.9849739670753479,444.5596486926079,206.71503233909607,0.9974232912063599,361.6418680548668,211.7786467075348,0.9949671626091003,489.5747113227844,253.02973771095276,0.9884056448936462,345.32646667957306,270.5500750541687,0.9494152665138245,535.5639016628265,310.5294415950775,0.9767212867736816,319.73168194293976,312.3323732614517,0.9561789631843567,427.8136924505234,340.90295445919037,0.9941563010215759,380.49154299497604,339.7765406370163,0.9929232001304626,434.37130427360535,433.1948753595352,0.8686880469322205,375.24272376298904,431.3019162416458,0.8788570761680603,427.9304304122925,501.95618402957916,0.6674152612686157,383.68010580539703,495.3857182264328,0.6978543400764465,51.298163852706075,23.892541479684514,174.46866028358957,164.0244766433699
303,13.396999973338097,377.0260419845581,186.80459433794022,0.9952685236930847,383.015753865242,174.10034865140915,0.9920548796653748,373.0106521844864,177.0221843123436,0.9887233376502991,396.9617921113968,169.8899592757225,0.9912785291671753,374.65140664577484,174.13660091161728,0.9856903553009033,444.4500027894974,205.8419017791748,0.9976465702056885,362.53327292203903,210.92512011528015,0.995326042175293,494.84242486953735,241.78729957342148,0.9889634847640991,344.5859487056732,261.77193105220795,0.9463557004928589,550.861713051796,285.46691501140594,0.977442741394043,305.6237841844559,291.46210992336273,0.953506350517273,427.5778079032898,340.79449927806854,0.9943960905075073,380.48776948451996,339.2742568254471,0.99310302734375,433.9671907424927,432.90917015075684,0.864496111869812,374.17230463027954,430.4600615501404,0.8762704730033875,428.0221989750862,498.66407465934753,0.6575095653533936,383.3826675415039,488.36345636844635,0.683872401714325,61.625693370640114,27.404741816707467,177.556209317103,146.7497684039531
304,13.138600043021142,376.62789648771286,186.50691562891006,0.9956478476524353,382.5651271343231,173.77183139324188,0.9926610589027405,372.1518172621727,176.87535059452057,0.989573061466217,396.8998369574547,169.6579236984253,0.9919393062591553,373.7792440056801,174.09781521558762,0.9867424964904785,444.3984582424164,202.2204155921936,0.9978459477424622,361.69517892599106,210.05888110399246,0.9956623315811157,504.15427112579346,232.75665646791458,0.9893293976783752,336.1090384721756,251.96625262498856,0.9458984732627869,559.8175647258759,258.2407739162445,0.9779525995254517,291.9194914698601,270.51002264022827,0.9523071646690369,427.5367542505264,339.5905442237854,0.9946457147598267,379.4795196056366,338.8740041255951,0.9932804107666016,433.66726356744766,432.7694391012192,0.8627288937568665,373.8481841683388,431.4136286973953,0.8731003999710083,435.29332542419434,493.7798215150833,0.6573909521102905,383.3490270972252,486.22342693805695,0.6648041605949402,69.93004397016189,39.26636747633873,177.53174231295753,144.17069405281882
305,13.123499986249954,376.57702100276947,186.2400603890419,0.9960012435913086,382.4461946487427,173.5592942237854,0.9932419657707214,371.7199777960777,176.67615920305252,0.990373969078064,396.7174773812294,169.5583204627037,0.9925798177719116,372.9295886158943,174.04882037639618,0.9877749681472778,442.61085802316666,197.9655704498291,0.9980143308639526,360.38092678785324,209.75328540802002,0.9958887100219727,505.1675523519516,220.74548643827438,0.9897357821464539,327.7116931080818,243.02455121278763,0.94489985704422,569.1985652446747,236.84939187765121,0.9780856966972351,283.098040997982,256.04793441295624,0.949717104434967,427.51443433761597,338.20786130428314,0.9946848154067993,379.2158288359642,338.3138735294342,0.9931272268295288,433.6797884106636,432.5616068840027,0.8592836260795593,373.78994899988174,431.41905748844147,0.8667897582054138,435.336305975914,494.0600677728653,0.6546023488044739,383.1202881336212,485.45477044582367,0.6446803212165833,76.1349531308759,52.81178977411595,174.10818184958697,150.75021178528942
306,13.909599976614118,376.55036556720734,184.5790765285492,0.9963526129722595,382.2471620440483,172.6240492463112,0.9938346147537231,371.592748939991,175.61578059196472,0.9912022948265076,395.8425582051277,169.286458671093,0.9932314157485962,372.6599833369255,173.57921487092972,0.9888646006584167,441.40234446525574,195.83428740501404,0.9981292486190796,358.4552053809166,209.27853763103485,0.9960021376609802,507.90374886989594,209.71739506721497,0.989989697933197,316.9632366299629,228.30740028619766,0.9456893801689148,577.6357064247131,216.9047223329544,0.9777607321739197,270.41650342941284,233.4456906914711,0.9482000470161438,428.0196833014488,336.01544404029846,0.994566798210144,379.1280211210251,337.660880446434,0.9927036762237549,433.68728190660477,432.47263503074646,0.8550191521644592,373.03476518392563,431.6666706800461,0.8560444712638855,435.3789921402931,493.7040295600891,0.6440144181251526,383.1021966934204,482.76311552524567,0.6099279522895813,83.6613808981628,74.51062456717158,174.09279754340102,161.66244478716206
307,13.222100038547069,376.80902498960495,184.38834500312805,0.9966256618499756,382.32161527872086,172.41713690757751,0.994274914264679,371.9711704850197,175.46578007936478,0.9917871356010437,395.7890064716339,169.12146866321564,0.9937148690223694,372.7180044054985,173.48231095075607,0.9896422028541565,441.39482420682907,194.9569947719574,0.9981842637062073,358.0317158102989,207.78237789869308,0.9958621263504028,507.3412014245987,200.23516702651978,0.9903541803359985,309.5806711912155,215.0590841770172,0.9478760361671448,579.2502871751785,197.22541511058807,0.9782350063323975,261.9329828619957,208.74521923065186,0.9490891695022583,428.11841011047363,335.4868607521057,0.9941022396087646,379.11686116456985,337.60357654094696,0.9919524192810059,433.7444198131561,432.1149078607559,0.8483779430389404,372.88904345035553,431.6712851524353,0.84828782081604,435.0223820209503,490.32599449157715,0.632131040096283,384.61906760931015,482.3993865251541,0.5845229625701904,90.82089443623067,90.6840111219734,173.02723957020822,163.91039728707364
308,13.305499975103885,377.8428865671158,184.79036206007004,0.9968768358230591,383.218800842762,172.84694635868073,0.9946902394294739,372.92977595329285,175.65153521299362,0.9923961162567139,396.09367060661316,169.18319100141525,0.9941979646682739,372.7998440861702,173.45997750759125,0.9905025959014893,442.3595850467682,194.58426302671432,0.9980689287185669,356.6541168689728,204.1485412120819,0.9956408143043518,516.1937499046326,188.84776508808136,0.9906901121139526,303.1905925273895,201.35051214694977,0.9503160119056702,585.4379343986511,174.9072027206421,0.9786015152931213,253.02899688482285,195.21382182836533,0.9501067399978638,429.0022947192192,335.57341980934143,0.9937459230422974,379.1221333742142,338.8151319026947,0.9914522171020508,434.246376991272,432.79965937137604,0.8433063626289368,372.7784073352814,432.88926458358765,0.8440802097320557,435.1132941842079,487.2750440835953,0.6147997379302979,386.0471405982971,482.46727657318115,0.5637791752815247,99.85467334254331,102.46794322471362,173.0597413664371,176.02104178549772
309,13.3847999968566,378.63248693943024,186.08594304323196,0.9970954060554504,383.99039006233215,173.9475131034851,0.995036244392395,373.7309644818306,176.43124532699585,0.9929171204566956,396.3188769221306,169.6537013053894,0.9945979118347168,372.9041642546654,173.55513215065002,0.9912603497505188,442.43997955322266,194.67021888494492,0.9980494976043701,355.4214367866516,202.3519280552864,0.9957378506660461,514.8890787363052,181.8868938088417,0.9910662770271301,297.32928705215454,192.84813565015793,0.9536588788032532,577.815443277359,154.60946571826935,0.9794140458106995,244.37754172086716,176.62651592493057,0.9529094696044922,429.51316380500793,335.86648404598236,0.99366694688797,379.12141078710556,339.8402987718582,0.9914588332176208,434.691597700119,433.5511246919632,0.8425900340080261,372.6645864844322,433.63614559173584,0.8428400158882141,435.2543057203293,487.2761298418045,0.6071097254753113,387.1844391822815,482.8881285190582,0.5523894429206848,105.23755852342703,109.07161633024886,166.57074177301752,172.25889982290704
310,13.257000013254583,379.9864278435707,186.7821100950241,0.9972386360168457,385.2718581557274,174.95696663856506,0.9952276349067688,375.44713562726974,177.21930974721909,0.993288516998291,396.6621325612068,170.42566031217575,0.9948638677597046,374.03445106744766,174.03241336345673,0.9918902516365051,442.41602712869644,195.08669763803482,0.9979742169380188,355.62038910388947,201.82833623886108,0.995826244354248,513.1415954828262,176.13141018152237,0.9914847612380981,298.1879881620407,188.0337781906128,0.9570227861404419,568.4345498085022,134.66983288526535,0.9803933501243591,243.69483071565628,161.52636379003525,0.9560105204582214,429.5753598213196,337.2191879749298,0.99396151304245,379.20003896951675,341.1190505027771,0.991883397102356,434.91244173049927,434.5583463907242,0.8489448428153992,372.6645864844322,434.23376500606537,0.8481577038764954,437.667345225811,486.06204104423523,0.6160957217216492,385.65282213687897,478.65107774734497,0.5555625557899475,110.16560244001094,113.11405656351164,158.1388472476173,167.565963110503
311,14.387400005944073,381.42129850387573,188.85224384069443,0.9974305629730225,386.6791099309921,177.4150629043579,0.9955405592918396,377.60796546936035,179.60167437791824,0.9937981963157654,396.9180354475975,171.80481451749802,0.9952303767204285,375.64065515995026,175.33402633666992,0.9925925731658936,442.42063027620316,195.36900985240936,0.9979953169822693,355.7353875041008,201.4034579396248,0.9960536360740662,510.4047566652298,170.76322555541992,0.9916905760765076,296.48147827386856,182.79170739650726,0.9601131677627563,561.4616912603378,123.04184502363205,0.9810996055603027,243.5350051522255,150.91983312368393,0.9587344527244568,429.55849945545197,337.28409218788147,0.9943580031394958,379.55517715215683,341.0995671749115,0.9924813508987427,434.96462857723236,434.97304570674896,0.8481296300888062,373.07608646154404,434.2033336162567,0.8530622720718384,436.4587513804436,483.28096187114716,0.608623206615448,385.05992603302,479.6184883117676,0.56344074010849,115.07564135135827,117.11411489650126,156.83095915920578,166.39116027177295
312,14.301200048066676,383.07803016901016,189.14369451999664,0.9976138472557068,388.3901962041855,177.68992561101913,0.9958387613296509,379.05822455883026,179.9874050617218,0.9942548871040344,397.55658835172653,172.63814902305603,0.9955613017082214,377.19001573324203,175.92531216144562,0.9932212829589844,442.6071380376816,196.12653732299805,0.9980090856552124,356.47526317834854,201.75387132167816,0.996219277381897,508.59753954410553,168.3925479054451,0.9921287298202515,296.9569941163063,180.32988637685776,0.9631710648536682,536.3037773370743,112.98808592557907,0.9821668863296509,245.98628824949265,139.52891755104065,0.961645245552063,429.5549935698509,337.0292707681656,0.9946771860122681,381.236048579216,341.069859623909,0.9929628372192383,435.12177789211273,435.03330528736115,0.850822925567627,373.9909085035324,434.1822518110275,0.8585618734359741,436.3687491416931,483.5178381204605,0.606426477432251,385.01247614622116,480.62190985679626,0.5682565569877625,118.08804170880408,119.87467354241826,139.36407065278766,161.12013597984617
313,14.211400004569441,384.54290157556534,189.10831689834595,0.9977058172225952,390.01671302318573,177.5835062265396,0.9959708452224731,380.33043283224106,179.88558506965637,0.9944677352905273,399.1272251009941,173.3136715888977,0.9957167506217957,378.8978905081749,176.36514979600906,0.9936304688453674,442.6963374018669,197.56941950321198,0.9979974627494812,359.9634320139885,201.82815527915955,0.9962461590766907,500.86944365501404,168.06547832489014,0.9926342368125916,298.5574442744255,180.2647710442543,0.9655818939208984,510.22710728645325,107.02307358384132,0.9833117723464966,249.94234561920166,135.78798288106918,0.9639760851860046,429.1241443157196,337.0374742746353,0.9949314594268799,382.3961220383644,341.0418108701706,0.9933292865753174,435.20969265699387,435.138231754303,0.8500942587852478,376.03192269802094,433.7336527109146,0.8601910471916199,436.3685618042946,484.4127743244171,0.6100285649299622,385.2706270813942,481.0920431613922,0.5740959048271179,122.45116081121382,118.50315528385717,125.60844638478308,156.8946356108317
314,14.696700032800436,385.5170025229454,189.04811763763428,0.9976032972335815,391.263095498085,177.6505065560341,0.9956976175308228,381.7775874733925,179.8532234430313,0.9942169785499573,400.33640772104263,174.71380203962326,0.9955111742019653,381.02615040540695,176.4343819618225,0.9936310052871704,442.31879901885986,199.73345625400543,0.9979147911071777,363.26980328559875,202.4303439259529,0.9961766600608826,491.4136152267456,169.33963066339493,0.9930381178855896,300.77209347486496,183.1578341126442,0.9671154022216797,488.90880715847015,108.63601264357567,0.9842128157615662,253.2460941672325,136.33123898506165,0.96538907289505,427.8098118901253,337.10895335674286,0.9950313568115234,383.9682842493057,340.8120222091675,0.993514895439148,434.455954015255,432.31703984737396,0.8465816378593445,379.0332819223404,431.62345147132874,0.8580664396286011,436.0411763191223,488.50964164733887,0.6181825399398804,385.9367988705635,486.7067703008652,0.5834584832191467,127.78996969867559,115.64523519123782,119.39814548520255,152.56297580039342
315,13.481399975717068,385.9754974246025,189.13523465394974,0.9975202083587646,392.21707105636597,178.41112542152405,0.9955087900161743,382.2981445789337,179.9934521317482,0.9939256310462952,402.0166636109352,176.3864728808403,0.9953573346138,381.6118741631508,177.15089190006256,0.9934942126274109,442.32069915533066,202.70795118808746,0.9978035092353821,364.957579433918,204.2036736011505,0.9958440065383911,482.22519755363464,171.32314503192902,0.9933973550796509,303.81105399131775,188.10386991500854,0.9680562615394592,467.7138820886612,116.60746845602989,0.9850687980651855,262.6654453277588,143.34668469429016,0.9664033055305481,427.69949692487717,339.3153346776962,0.9952132701873779,384.70880222320557,342.23475754261017,0.99371337890625,434.8224662542343,432.10181844234467,0.842686116695404,379.42968785762787,432.27095544338226,0.854055643081665,440.79293590784073,488.68894255161285,0.6208031177520752,386.2623109817505,488.1416902542114,0.5824146270751953,134.29413581478582,112.89443148697707,113.3313416590574,147.34366467229486
316,13.427899975795299,387.835650742054,187.34113985300064,0.9976041316986084,393.36097997426987,178.35728991031647,0.9956294894218445,384.827574133873,179.23192846775055,0.9940696358680725,402.3718553185463,177.05047434568405,0.9954210519790649,384.2556330561638,177.25085705518723,0.9936084151268005,442.18399637937546,206.77566891908646,0.9975913763046265,368.85976392030716,208.87403237819672,0.99501633644104,469.9964009523392,174.57325667142868,0.9935400485992432,310.6405459046364,190.61090070009232,0.9677751064300537,447.2730435729027,128.84246301651,0.9854344725608826,273.45814019441605,152.91284787654877,0.9661890268325806,427.83681523799896,344.18604600429535,0.9955459833145142,388.95301127433777,347.139790892601,0.9941140413284302,434.98702877759933,432.10347723960876,0.8429318070411682,383.141296684742,432.79115426540375,0.8530707359313965,440.466005384922,493.1495690345764,0.6289598345756531,389.8663613796234,487.879630446434,0.5883468985557556,145.14438480622073,115.6849619742412,112.76115605383048,152.0218807951356
317,13.492500002030283,389.21405255794525,182.9407880306244,0.9977468848228455,396.34497034549713,173.6175330877304,0.9958865642547607,386.18012338876724,176.09962159395218,0.9944047927856445,405.8300769329071,176.44741106033325,0.9956454634666443,386.08733785152435,176.6938178539276,0.9939452409744263,442.622874379158,208.10489332675934,0.9967567324638367,369.66635847091675,211.34589666128159,0.9932200908660889,460.33182513713837,193.0635078549385,0.9934154748916626,321.5433416366577,200.25199627876282,0.9683611989021301,428.391548037529,151.4575247168541,0.9854124188423157,282.85327130556107,158.92570143938065,0.9677094221115112,429.74035054445267,348.383376121521,0.9958523511886597,388.6372942328453,351.5530059337616,0.994490385055542,438.3481025695801,433.78917717933655,0.8516721129417419,383.34412956237793,434.8480930328369,0.8614628314971924,443.50504618883133,489.6608167886734,0.6458037495613098,390.2938920855522,488.0537438392639,0.6097087860107422,135.59051049895558,110.68741169581307,92.83055203657483,146.09472874407894
318,13.737300003413111,389.1549342274666,183.26455509662628,0.9968485832214355,395.93745797872543,173.9124521613121,0.9947471022605896,386.93843841552734,176.17471987009048,0.9918493032455444,402.97248578071594,176.30225121974945,0.99396151304245,389.099749982357,176.66038554906845,0.9903607368469238,441.19078701734543,207.70925509929657,0.9921265244483948,372.1299790740013,211.81256157159805,0.9814459085464478,449.59043395519257,211.11538416147232,0.9909964203834534,332.53076034784317,208.54369044303894,0.954127311706543,427.3237783908844,192.65621280670166,0.980457067489624,290.9692894220352,189.07217019796371,0.9570293426513672,428.4374189376831,347.51326155662537,0.9954389333724976,394.8998228907585,350.9449511766434,0.9939863681793213,435.7729359269142,428.99902307987213,0.8549576997756958,388.38944685459137,432.5364534854889,0.8665817975997925,440.4858631491661,490.7165356874466,0.6620638966560364,394.61691665649414,488.52387714385986,0.6333191990852356,73.13930034348971,104.01340458516071,17.58592790173704,159.61594533469307
319,13.272299955133349,389.0620416402817,185.22686702013016,0.9971268177032471,395.302865922451,174.6818626523018,0.9951916337013245,386.45604461431503,177.42848408222198,0.9925709366798401,405.40080666542053,176.22422742843628,0.994449257850647,388.6669738292694,178.0741030573845,0.9912318587303162,444.7357993721962,207.22265446186066,0.9920655488967896,371.11279052495956,212.7944489121437,0.982972264289856,442.397213101387,225.83802419900894,0.9899021983146667,328.0042070746422,222.7775130867958,0.9556145071983337,394.48730593919754,206.50392776727676,0.9805580973625183,300.83271050453186,214.88420170545578,0.9598381519317627,431.7775644659996,347.4203689098358,0.9956634044647217,394.5039254426956,350.7922513484955,0.9943901896476746,441.7662607431412,431.3960454463959,0.8586930632591248,386.92353171110153,435.8852937221527,0.8715053796768188,446.87042874097824,488.9980820417404,0.6635732054710388,393.1794500350952,493.70131516456604,0.6495737433433533,1.879617630876984,86.58171798319677,75.18377051772383,150.76274869431256
320,13.473799976054579,389.88844043016434,186.84426975250244,0.9973323345184326,397.3171443939209,175.901003241539,0.9955046772956848,385.9040148258209,178.52437603473663,0.9931347966194153,408.4583403468132,176.20551317930222,0.9947469234466553,388.0111591219902,178.72735249996185,0.9919312000274658,448.29804676771164,209.22168612480164,0.9917964935302734,370.6423327922821,214.3961232304573,0.9843606948852539,442.3524127006531,240.50376749038696,0.986564040184021,326.93873900175095,235.28776997327805,0.956307590007782,396.69641530513763,242.1390701532364,0.9783018827438354,304.4433979988098,242.26471650600433,0.9611877202987671,433.8332177400589,348.0660934448242,0.9956329464912415,393.6544573903084,351.3194171190262,0.9945549368858337,443.23233646154404,432.93182027339935,0.8602216839790344,386.5455918908119,436.33476746082306,0.8724409341812134,448.82486629486084,489.3326162099838,0.6605285406112671,393.0581624507904,494.0284299850464,0.6536534428596497,4.813944411761427,73.99108520944056,102.81290929115188,171.68209733764644
321,12.980500003322959,387.0805739760399,186.62170439958572,0.997427761554718,394.77936494350433,175.36925315856934,0.9956740140914917,384.31657123565674,177.88026505708694,0.9934380054473877,407.75697588920593,175.1753699183464,0.9949012994766235,387.50141406059265,177.9923243522644,0.9923428893089294,449.8672115802765,210.55103117227554,0.9924550652503967,370.00685757398605,215.26865059137344,0.9858264327049255,443.2727478146553,252.5949820280075,0.9867585897445679,331.1631973385811,250.1108878850937,0.9586110711097717,398.7674034833908,272.8090251684189,0.9787684082984924,315.46215558052063,266.6116681098938,0.9634858965873718,434.15335059165955,347.55038845539093,0.9959043860435486,391.86359214782715,351.2153652906418,0.994925856590271,442.6264337897301,433.1456241607666,0.8681875467300415,385.98275005817413,436.2482385635376,0.8791734576225281,449.34395146369934,489.5647271871567,0.6653202176094055,392.6286513209343,492.0296697616577,0.6576122641563416,2.3707956748127175,57.24185163261956,123.34128686653338,175.46901613807466
322,13.479099958203733,386.02618557214737,184.3645035624504,0.9973805546760559,393.91226041316986,173.4052522778511,0.9956169128417969,384.06647580862045,175.5145487189293,0.9932729005813599,407.45908266305923,173.29369062185287,0.9948256015777588,386.7241779565811,175.86907893419266,0.9918962121009827,449.9568123817444,211.36118775606155,0.9931575655937195,370.2463015317917,216.15630316734314,0.9871550798416138,447.2184481024742,266.23376393318176,0.9872430562973022,338.3214396238327,257.46243607997894,0.9599580764770508,403.4991982579231,300.72233057022095,0.9794008731842041,317.9033759832382,294.4601296186447,0.9650411605834961,434.05604219436646,346.20275139808655,0.9960528016090393,391.2041645050049,350.67426562309265,0.9950806498527527,442.20192724466324,434.66282045841217,0.8763265013694763,385.6302881240845,436.5942335128784,0.8856456279754639,449.81850385665894,491.0302896499634,0.6810794472694397,391.8318250775337,496.52160227298737,0.6705523133277893,3.868445338563454,46.55534759411367,131.1255786096157,171.19328868732606
323,13.223100046161562,385.4079721570015,181.0288281440735,0.9972680807113647,393.7312657237053,170.9143118262291,0.9954563975334167,383.4599575996399,172.6114725470543,0.9930365681648254,407.86477518081665,171.53485280275345,0.9946630597114563,386.5481878519058,173.32718324661255,0.9913042783737183,450.2088614702225,212.88467240333557,0.9937890768051147,370.36611717939377,215.91368144750595,0.9883438944816589,449.65418219566345,277.1502785682678,0.987886905670166,345.61667907238007,265.64519250392914,0.9608752727508545,412.3362244963646,323.9933862686157,0.9802237749099731,324.9329442381859,314.42318165302277,0.9663731455802917,434.9912304878235,342.3699645996094,0.9958044290542603,390.6031593680382,345.05003809928894,0.9947662949562073,442.0307543873787,434.90485405921936,0.8814036846160889,385.39145970344543,436.518532037735,0.8891579508781433,449.2380790710449,492.44611835479736,0.6882601976394653,391.53789269924164,502.2379986047745,0.6785511374473572,6.208372754160256,35.364164812235465,141.95163410481965,176.5210604863686
324,13.408800004981458,385.21410471200943,180.61783850193024,0.9972348213195801,393.6455990076065,170.54094672203064,0.9953891038894653,383.25129050016403,172.18915784358978,0.9929811358451843,408.1784582734108,171.48267608880997,0.9945601224899292,386.45799827575684,172.9578294157982,0.9910791516304016,450.7229152917862,215.94547003507614,0.9943491220474243,370.1103748679161,218.45049518346786,0.9893967509269714,451.7003883123398,283.1559088230133,0.9882121086120605,346.8838559985161,281.43510270118713,0.9604837894439697,419.5368853211403,340.51413238048553,0.980015754699707,328.5890476703644,332.7437529563904,0.9661588072776794,433.80487626791,347.27849650382996,0.9955264925956726,389.3503003716469,346.5625596046448,0.9943495392799377,441.86281979084015,436.87574648857117,0.8850054144859314,385.1502494215965,436.7797473669052,0.8909197449684143,448.8007800579071,495.5676430463791,0.6962690949440002,391.0300210118294,501.87978887557983,0.6843607425689697,8.1735166565583,28.783085085056214,149.88534222308303,179.38218616244197
325,13.84249998955056,385.21300745010376,176.88418745994568,0.997366726398468,393.6695781946182,167.62033253908157,0.9955868124961853,383.1819756627083,168.92643934488297,0.993340015411377,408.1035500764847,170.1065680384636,0.9948009252548218,386.126973092556,171.0998860001564,0.9915001392364502,450.4090448617935,216.4849259853363,0.994875431060791,368.57910573482513,220.38317495584488,0.9903683066368103,453.75456964969635,283.2061553001404,0.9890343546867371,347.3999437689781,288.7807697057724,0.9620668292045593,432.3726818561554,348.84008824825287,0.9809306263923645,331.4887897372246,342.93956542015076,0.9672892093658447,432.7311118245125,347.19827103614807,0.9956097602844238,386.22080236673355,346.6708036661148,0.994404137134552,441.02188897132874,436.84100222587585,0.8895679712295532,385.0512817502022,436.11514270305634,0.8944968581199646,448.7244802117348,495.8636327981949,0.6976156234741211,390.43525153398514,501.12482500076294,0.6869451403617859,10.57257560731147,25.157468412318536,159.08517936054838,179.16708434255287
326,13.26490001520142,385.2017404437065,176.2281482219696,0.9975695013999939,393.85338294506073,166.96963161230087,0.9959298372268677,383.09858375787735,168.38625955581665,0.9938784241676331,408.37353003025055,169.71742928028107,0.9951997995376587,385.54641449451447,170.7738720178604,0.9921800494194031,451.2220891714096,219.38599652051926,0.9953588843345642,366.292278110981,223.13688397407532,0.9912616014480591,460.3641006946564,292.5194876194,0.9899883270263672,349.8160609602928,292.2260011434555,0.9644691348075867,449.4363890886307,362.9816666841507,0.9823817610740662,333.82338839769363,352.9889211654663,0.9691300988197327,432.3055347800255,348.0276093482971,0.9957912564277649,384.28362661600113,347.1653062105179,0.9945725202560425,440.9842609167099,437.92621755599976,0.8921963572502136,385.00155705213547,436.4276601076126,0.8967612981796265,448.7905567884445,497.1064338684082,0.6822919249534607,390.3389601111412,500.2528405189514,0.6740374565124512,15.490573514093134,21.66689361008558,164.05917689030866,178.66753031256042
327,13.26640002662316,384.70350325107574,175.84103018045425,0.997603178024292,393.1961765885353,166.70055961608887,0.996019721031189,382.80722057819366,167.98615765571594,0.9941384196281433,408.0683038830757,169.50894862413406,0.9953067898750305,385.4004251360893,170.55599653720856,0.9925267696380615,452.3555874824524,220.12968057394028,0.9957619309425354,365.6031173467636,225.33527290821075,0.9920487403869629,469.7946118116379,287.303595662117,0.9900673031806946,350.93888103961945,293.48213291168213,0.964343786239624,473.5558650493622,350.45690286159515,0.9812503457069397,332.27579414844513,356.04189229011536,0.9669603109359741,433.1425047516823,347.801228761673,0.9952743649482727,384.11486238241196,346.38521909713745,0.9941302537918091,439.8041691184044,431.3013130426407,0.8808368444442749,385.0080335736275,430.2216773033142,0.888700008392334,448.6658703684807,494.3417315483093,0.6518734693527222,390.2346131801605,500.0054987668991,0.6598119139671326,23.111416396726405,20.838736162897728,168.8550802502071,175.53294218306198
328,13.897700002416968,384.77257722616196,174.50589442253113,0.9973695874214172,393.33376252651215,165.654054582119,0.9956191778182983,382.78977143764496,166.49722123146057,0.9938278794288635,407.9932886362076,169.20268940925598,0.994909405708313,385.1946751475334,169.98066532611847,0.9920628070831299,452.1384902000427,219.09347516298294,0.9960967302322388,365.14943969249725,225.45913982391357,0.9926139116287231,477.1449284553528,278.15837490558624,0.9897351861000061,350.60683888196945,289.48352670669556,0.9623099565505981,492.47346317768097,334.7124135494232,0.9794595241546631,331.0013645887375,345.00621569156647,0.9632638692855835,433.1127983927727,347.6936482191086,0.9954657554626465,383.5521811246872,346.29320108890533,0.9942987561225891,438.1728618144989,431.5010322332382,0.8843567967414856,384.9439106583595,428.91361010074615,0.8921172022819519,445.59709644317627,488.45058846473694,0.6553038358688354,390.1430854797363,493.6386729478836,0.6687806844711304,31.362002571028874,21.45659091757134,172.2187703444238,173.34861597560862
329,14.269000035710633,384.98852372169495,172.6103566288948,0.9974897503852844,393.6270258426666,164.08593320846558,0.9957900643348694,382.90525156259537,164.34877717494965,0.9941427111625671,408.00779390335083,168.4463984966278,0.9950950145721436,385.1191514134407,168.6686320900917,0.9924220442771912,452.2938196659088,218.47522634267807,0.9964165091514587,365.1724821925163,224.49465477466583,0.9931795597076416,484.0424773693085,274.04537200927734,0.9894963502883911,350.70149779319763,283.6986371278763,0.9620860815048218,508.12443232536316,327.3175255060196,0.9784796237945557,330.60640382766724,331.0212277173996,0.9620643854141235,433.18420070409775,347.0973256826401,0.9957888126373291,383.36548602581024,345.4259215593338,0.9946792125701904,437.26459658145905,429.6105160713196,0.8905602693557739,384.9159170985222,427.86500895023346,0.8987869620323181,443.2514716386795,483.6391112804413,0.6686536073684692,390.0365172624588,487.24651277065277,0.6864154934883118,38.19116264991382,22.290731242143693,174.58515337952133,170.72721484035532
330,15.211799996905029,385.03634828329086,171.04194873571396,0.9976452589035034,393.6653764843941,162.59052747488022,0.9960278868675232,382.883627474308,162.7649575471878,0.9944984912872314,408.0785003900528,167.44158959388733,0.9953626394271851,385.08915066719055,167.36576747894287,0.992845892906189,452.17595767974854,218.0168554186821,0.9967334270477295,365.1885129213333,222.35708338022232,0.9937325119972229,488.0703384876251,269.7696863412857,0.9895309805870056,350.17791652679443,280.08779740333557,0.9614890217781067,523.269911646843,321.42083299160004,0.9782017469406128,330.37498861551285,324.1250947713852,0.9612284302711487,433.12807977199554,347.0702118873596,0.9961315989494324,383.4047198295593,345.0936795473099,0.9950985908508301,435.7897160053253,429.9151918888092,0.8967774510383606,384.15607661008835,428.34961903095245,0.9049866199493408,442.5655223727226,482.9652475118637,0.6831629872322083,389.6670879125595,484.4589492082596,0.7022110819816589,43.14020505675241,23.016829993128447,179.52976923032693,170.3620321404088
331,13.482400041539222,385.02848011255264,169.49916172027588,0.9977200627326965,393.6557687520981,161.44805347919464,0.9961060881614685,382.8660980463028,161.439623773098,0.9946495294570923,408.1268066763878,166.94864028692245,0.995426595211029,385.03056758642197,166.34566748142242,0.9929407835006714,451.7760726213455,217.3197986483574,0.9970055818557739,365.27142310142517,220.72342443466187,0.9941838979721069,496.297447681427,261.09634816646576,0.9897648692131042,349.1254550218582,276.81411576271057,0.958903431892395,540.9184327125549,317.0071655511856,0.977901816368103,321.10451716184616,313.4737162590027,0.9583854079246521,432.77419942617416,346.4546774625778,0.9964193105697632,383.42412263154984,344.81506192684174,0.9954502582550049,435.3803035020828,430.0386064052582,0.9016240835189819,382.99602991342545,428.47116363048553,0.9098309874534607,442.61093831062317,482.6557762622833,0.697148859500885,389.43082869052887,484.5057876110077,0.7166340351104736,53.85415825134391,24.38117418175343,173.10916746057634,158.66605400876776
332,13.502700021490455,384.78866147994995,169.50412303209305,0.9978899359703064,393.6108880639076,161.37076860666275,0.9963671565055847,382.62665408849716,161.57401651144028,0.9950205087661743,408.31815844774246,166.90337020158768,0.9957208037376404,384.54501581192017,166.3494073152542,0.9934056401252747,450.74448585510254,216.05574989318848,0.997251570224762,365.29834616184235,218.93471318483353,0.994627058506012,503.1182417869568,252.7773894071579,0.9902540445327759,345.98680424690247,268.9918612241745,0.9592556953430176,560.5883778333664,298.0587545633316,0.978661835193634,305.7586938738823,293.9854120016098,0.9590724110603333,432.3848320245743,345.16796350479126,0.9963924288749695,383.4438465833664,343.92072892189026,0.9954004287719727,435.7284299135208,430.2388684749603,0.9017753601074219,382.81302803754807,429.47594237327576,0.9112979173660278,444.5546173453331,483.35262191295624,0.7029445767402649,389.18635338544846,485.4128179550171,0.7254021763801575,63.05709877324927,29.35661209516341,176.8010851602857,142.94861572818715
333,13.41739995405078,384.49976044893265,169.450468480587,0.9980624318122864,393.39250618219376,161.288793861866,0.9966441988945007,382.3037914633751,161.6339292526245,0.9954116344451904,408.308845102787,166.79404038190842,0.9960359334945679,383.8125533461571,166.43907284736633,0.9938980340957642,448.9381518959999,212.56716352701187,0.9974618554115295,364.751294195652,218.36634892225266,0.9949706792831421,506.8739284276962,243.30119335651398,0.9905111789703369,337.5508406162262,260.40683138370514,0.9581254720687866,565.6373348236084,269.9518222808838,0.978982150554657,293.7265212535858,274.6239604949951,0.9580367207527161,432.3816205263138,344.4720528125763,0.9964699745178223,383.4685483574867,343.74552977085114,0.9954509139060974,436.6445900797844,430.31375563144684,0.8972292542457581,382.5390872359276,431.95852851867676,0.9066810607910156,446.65381318330765,483.47552371025085,0.7016130089759827,389.0440304875374,486.0848721265793,0.7216062545776367,69.20902083493733,41.39382507738583,176.45018742537312,140.87679622150333
334,13.489100034348667,384.04375445842743,168.95564925670624,0.9982132315635681,393.1728397011757,161.01068896055222,0.9968878626823425,381.8957706093788,161.369622528553,0.9957469701766968,408.2370413541794,166.6947990655899,0.9963111877441406,383.01931327581406,166.35126215219498,0.9943307638168335,447.594113111496,209.71501243114471,0.9976067543029785,364.14921855926514,217.58024489879608,0.9950759410858154,509.3234987258911,231.0071531534195,0.9905204176902771,331.8241236805916,247.84516686201096,0.9566415548324585,574.3364807367325,249.15057998895645,0.9783202409744263,285.93352633714676,255.8375687599182,0.9553406238555908,432.39885556697845,343.9242877960205,0.9963698983192444,383.5404591560364,343.7752674818039,0.9951740503311157,437.2818851470947,430.45870435237885,0.8938810229301453,382.30090111494064,432.930010676384,0.9010977745056152,447.9128810763359,483.5972191095352,0.7023633122444153,389.003030359745,485.35840940475464,0.7139777541160583,77.4288520251745,55.62102361444259,176.56232696478116,146.76488677162325
335,13.541300024371594,383.7610355615616,168.73614513874054,0.9983335733413696,393.0002484321594,160.97609549760818,0.9970700144767761,381.62530893087387,161.21470594406128,0.9960005879402161,407.9559817314148,166.6205000281334,0.9965339303016663,382.6970126628876,166.07106113433838,0.9946872591972351,447.00664979219437,207.5685589313507,0.9976733326911926,363.2721048593521,216.43582558631897,0.9949735403060913,512.6086473464966,221.69501215219498,0.9904841184616089,321.58431500196457,233.7828940153122,0.9572684168815613,581.1350619792938,225.5142269730568,0.9776951670646667,278.42145723104477,232.14676195383072,0.9546347856521606,432.52972412109375,343.01921784877777,0.9962261319160461,383.55049508810043,343.79776680469513,0.994862973690033,438.1678572297096,430.56833577156067,0.8914143443107605,381.8519068956375,433.02275252342224,0.8967558145523071,448.36843210458755,483.79693830013275,0.7048318982124329,388.96398389339447,484.2796483039856,0.7078028917312622,83.9483321880535,76.4535109282874,171.03772811440575,155.23607708360132
336,13.254099991172552,383.72736835479736,168.47088837623596,0.9983179569244385,392.95338732004166,161.03379148244858,0.9969750642776489,381.63807463645935,160.97778445482254,0.9959090948104858,407.1261038184166,166.54463267326355,0.9964315295219421,382.8365790247917,165.58456605672836,0.9946773052215576,446.5207768678665,206.7000126838684,0.9975534081459045,363.3396266102791,213.90291756391525,0.9945855140686035,516.5764534473419,210.01445549726486,0.9905441999435425,314.3431892991066,220.2760769724846,0.9591625928878784,588.589966416359,202.06308621168137,0.977605938911438,269.6940233707428,213.16609489917755,0.9558937549591064,433.06427800655365,343.08915877342224,0.9961860775947571,384.208557844162,344.9803686141968,0.9947689175605774,439.12825578451157,432.9579086303711,0.8904633522033691,380.6312966942787,435.6109889745712,0.8935965299606323,448.4234825372696,483.96972465515137,0.7050793170928955,389.1709917187691,482.82877373695374,0.6975148916244507,92.92597832189895,91.63509826660473,170.9904788351551,163.5410469308798
337,13.6942999670282,384.0867617726326,167.32600158452988,0.9983117580413818,393.34213918447495,160.68517261743546,0.9969050884246826,382.26364773511887,160.01179140806198,0.9959113001823425,407.0152268409729,166.23262798786163,0.9963715672492981,383.4129091501236,164.4523162841797,0.9948235750198364,446.10574424266815,206.78063023090363,0.9971691966056824,363.30325639247894,212.35384219884872,0.994226336479187,518.9745327234268,202.79365068674088,0.9904658794403076,307.87073570489883,207.6208412051201,0.9611917734146118,583.4559582471848,182.77380746603012,0.9773996472358704,258.9022919535637,197.9621925354004,0.9572386741638184,433.7880426645279,343.9102030992508,0.9960781335830688,384.5413493514061,346.69833970069885,0.994708240032196,439.8940375447273,434.98022377491,0.8881659507751465,380.08796471357346,438.7376710176468,0.8896151781082153,448.596983730793,484.0510358810425,0.698946475982666,389.52819061279297,481.9306707382202,0.6842483878135681,98.26462123238495,103.86361887723604,165.88354733867413,173.72233035992193
338,13.421499985270202,384.3710328936577,166.64815670251846,0.9983639717102051,393.6255806684494,160.4588372707367,0.9969536662101746,383.1358371376991,159.47847300767899,0.9960604310035706,407.0144774913788,166.11515498161316,0.9964419603347778,384.56540882587433,163.83596754074097,0.9951114654541016,446.14701199531555,206.98047006130219,0.9967502951622009,363.31548684835434,210.17570567131042,0.9940639734268188,517.8824092149734,194.6389580965042,0.9905012845993042,304.8339429497719,200.4923710823059,0.9636014699935913,575.8462595939636,159.13873624801636,0.9776763319969177,253.41914039850235,177.325186252594,0.9593579173088074,433.7235718369484,344.13112473487854,0.9961638450622559,384.5338023304939,346.9511102437973,0.9948862791061401,440.34688556194305,435.45834946632385,0.8886638283729553,379.9052839875221,439.1692599058151,0.8890305161476135,448.7259521484375,484.6680179834366,0.7005780935287476,389.52224934101105,481.4422906637192,0.6795133352279663,104.93759259579915,108.21984373779496,158.2761526919075,165.14566926890282
339,13.295400014612824,386.3621618151665,166.78880763053894,0.9983859658241272,394.4327639937401,160.51689517498016,0.996929407119751,386.0211006999016,159.54476457834244,0.9961764812469482,406.81940573453903,166.1084896326065,0.9964555501937866,387.37046521902084,164.0129913687706,0.995366632938385,446.19159829616547,207.12142258882523,0.9962400197982788,363.8542156815529,209.2995440363884,0.9938557744026184,516.9519846439362,187.72554349899292,0.990611732006073,305.67201018333435,195.25141620635986,0.9656334519386292,566.3967471122742,140.77155274152756,0.9780181646347046,254.5247254371643,163.50422316789627,0.9610715508460999,433.43317210674286,344.3474620580673,0.9962493777275085,384.99831879138947,346.9861561059952,0.9950574636459351,440.54233199357986,435.66008937358856,0.890380859375,380.42335218191147,439.0649667978287,0.8907023668289185,448.78046733140945,486.298615694046,0.7087390422821045,389.7378479242325,481.94053304195404,0.6847109794616699,110.64038015629768,112.30482371398438,151.80873521620023,161.7463596795613
340,13.420799979940057,390.6928672194481,166.9954485297203,0.998127818107605,396.0824571251869,160.53996753692627,0.9963381886482239,390.32967352867126,159.66407734155655,0.995780885219574,406.216366648674,166.31422573328018,0.995852530002594,391.02477556467056,164.03256517648697,0.9952319264411926,446.21137577295303,207.2783900499344,0.9953662157058716,366.86020481586456,209.33261442184448,0.9934676885604858,513.9857378005981,183.7993362545967,0.9907658100128174,305.5563694834709,190.8245688676834,0.9675565361976624,548.218489408493,127.53801500797272,0.9783066511154175,256.9519222974777,151.15025514364243,0.9625621438026428,428.57829666137695,344.6833835840225,0.9961147308349609,391.87381541728973,347.20297598838806,0.9950066208839417,437.022422850132,435.60960161685944,0.8872828483581543,387.19575971364975,438.7357106208801,0.8878589272499084,437.54461246728897,495.39265501499176,0.7087339162826538,397.2779105901718,491.9912761449814,0.6795464754104614,116.4203621101811,117.08265447227458,140.4264375671171,157.57571987440446
341,13.468899996951222,396.22643929719925,167.04062813520432,0.9981431365013123,400.54991883039474,160.79783511161804,0.996379554271698,393.90005671977997,159.77363336086273,0.995847761631012,407.0815175175667,166.63841503858566,0.995945155620575,392.9033147096634,164.1654800772667,0.995460033416748,446.66880017519,207.35511696338654,0.9953737258911133,368.4788267016411,209.19564300775528,0.9933506846427917,512.4973689317703,179.29791843891144,0.9911930561065674,306.9618816971779,188.02417224645615,0.9694288969039917,520.8687814474106,117.38208907842636,0.9792249798774719,259.80284959077835,141.24690371751785,0.9641994833946228,428.67900389432907,344.7136641740799,0.9962964653968811,391.55788427591324,347.3794116973877,0.9952236413955688,438.2624626159668,436.4279315471649,0.8886641263961792,386.8428963422775,438.57085633277893,0.8888127207756042,438.78778344392776,494.45537424087524,0.7119050025939941,396.17692869901657,490.30850172042847,0.6737959384918213,120.54602253124854,118.4731054496501,120.78454363071813,154.22409923867102
342,12.800600030459464,396.69719141721725,166.8996303677559,0.9980948567390442,402.4259958267212,160.8550786972046,0.9963455200195312,393.8356394171715,159.60037952661514,0.9957823753356934,409.08230769634247,166.64569866657257,0.9959664344787598,392.7834455370903,164.17128586769104,0.995560348033905,447.2384396791458,206.80840754508972,0.995236337184906,370.13248068094254,208.90987747907639,0.9926159381866455,503.9777457714081,175.79835385084152,0.9916113615036011,308.0215423107147,186.45029032230377,0.9705501794815063,498.19865465164185,112.21760475635529,0.9800894856452942,263.9758169054985,138.76499617099762,0.9650537967681885,429.61574441194534,344.55879282951355,0.9964314699172974,391.35307097435,347.3089278936386,0.9953646063804626,437.69804179668427,437.0061581134796,0.8874400854110718,386.74829095602036,438.89109468460083,0.8870292901992798,441.771666765213,494.2219965457916,0.7078943252563477,395.80035376548767,499.70112454891205,0.6614143252372742,125.94854566968411,118.5974275170746,113.46462167346405,152.6081061365249
343,13.20250000571832,396.9219427704811,166.1128175854683,0.9980161786079407,403.14264166355133,160.8427734375,0.9962220788002014,395.00952231884,159.3444572687149,0.9956351518630981,410.1322000026703,166.65643560886383,0.995877742767334,393.9937789440155,164.23429000377655,0.9955552220344543,447.6620898246765,206.1307134628296,0.9950401186943054,372.99951899051666,209.13781130313873,0.9921872019767761,493.1881821155548,171.01957005262375,0.9920790791511536,309.54207968711853,186.76381808519363,0.9711326360702515,473.69481587409973,108.08072271943092,0.9810110330581665,269.2528705596924,137.5794085264206,0.9656150937080383,429.73456984758377,343.9813504219055,0.9962320327758789,392.987696826458,346.8642797470093,0.9950779676437378,437.73470640182495,435.27892792224884,0.87654709815979,390.1873506307602,438.4272346496582,0.8733747601509094,442.81385147571564,493.66829001903534,0.694076657295227,398.5134542584419,497.1835528612137,0.636690616607666,135.05027844218972,117.67942291079403,110.4317766331165,148.74424744883535
344,13.322200044058263,398.29643726348877,167.83427214622498,0.9971598386764526,403.54517620801926,162.44277387857437,0.9946478605270386,396.776221036911,160.88410764932632,0.9936642050743103,410.41697961091995,167.6897607445717,0.994061291217804,396.9141013622284,165.1385154724121,0.9936879873275757,447.63843178749084,206.19792491197586,0.9944411516189575,377.57895493507385,209.24460768699646,0.9906924366950989,477.4785495996475,170.01703822612762,0.992462694644928,313.687936604023,190.956292450428,0.9701762795448303,448.107016146183,112.61356720328331,0.9818222522735596,281.2719295620918,142.95395690202713,0.9639952182769775,428.5252266526222,344.3179053068161,0.9962451457977295,401.1401654481888,346.85704135894775,0.9949983954429626,438.45742732286453,432.10326611995697,0.8689263463020325,396.92665296792984,437.3841829299927,0.8675460815429688,441.82487058639526,498.2984757423401,0.6952009201049805,406.3670126795769,498.4249665737152,0.6327098608016968,148.36457868329475,115.68901373990622,113.38857297956758,140.00454570055092
345,13.36099999025464,401.10778284072876,168.75301963090897,0.9973569512367249,409.5175995230675,162.8145254254341,0.9950101971626282,397.0097237229347,161.02322041988373,0.9941210150718689,418.2877998352051,167.88040179014206,0.9944366216659546,395.95439863204956,165.15967267751694,0.9941521883010864,449.3790103197098,205.69641017913818,0.9933400750160217,377.7255330681801,209.0620042681694,0.9900161027908325,463.1679527759552,177.05587297677994,0.992271363735199,325.2414621710777,195.28872406482697,0.9708715081214905,430.2266784310341,127.28040379285812,0.9822787642478943,293.72339004278183,149.96293330192566,0.9657902121543884,434.771965444088,344.32381665706635,0.9965006709098816,398.9873643517494,346.9324412345886,0.9953300952911377,441.4822304844856,431.73371624946594,0.8725490570068359,395.1422910094261,436.76852786540985,0.8713873624801636,445.75376403331757,492.8158793449402,0.7037217617034912,404.7281851172447,497.62940740585327,0.6435575485229492,160.3065916166528,113.47129810380413,120.79509629906879,139.5179226698048
346,13.196000014431775,400.8715236186981,168.44267374277115,0.9974403977394104,408.2300295829773,162.04645705223083,0.995212197303772,395.17352283000946,161.01338827610016,0.9942950010299683,417.24047672748566,167.23537093400955,0.9945855736732483,395.418908059597,165.13260412216187,0.9942309260368347,454.3926943540573,204.17628836631775,0.9918392300605774,380.52451437711716,209.13968122005463,0.9886141419410706,457.2498037815094,198.7001461982727,0.9921245574951172,333.28112691640854,202.10200762748718,0.9675151705741882,413.24074298143387,140.6988371014595,0.9826690554618835,299.95369666814804,157.33969521522522,0.9661598205566406,437.7937444448471,344.3217054605484,0.9965622425079346,397.7832666039467,346.78076684474945,0.9954322576522827,443.09560692310333,430.92422318458557,0.875828742980957,394.586915910244,434.6478008031845,0.8758406639099121,448.5878041982651,490.11393988132477,0.7123973369598389,400.6648904681206,496.8221160173416,0.6592957377433777,159.201951779865,105.61982546322763,115.25749154289365,135.14207344930645
347,14.034499996341765,399.70719492435455,168.47999668121338,0.9976741671562195,407.0584214925766,161.76710051298141,0.9956462979316711,395.0269179344177,161.10548168420792,0.9948121905326843,416.5779713988304,166.32273083925247,0.9950557947158813,396.06401777267456,165.37228524684906,0.9947487115859985,454.32075679302216,203.85044026374817,0.9917645454406738,380.97457909584045,209.2434465289116,0.9892204403877258,450.2850810289383,217.02652329206467,0.9912768602371216,339.0951163172722,212.07104742527008,0.9678418040275574,400.9243260025978,175.48980247974396,0.9825345277786255,311.0867300629616,183.59865194559097,0.9683515429496765,439.46144872903824,343.52228581905365,0.9966111779212952,397.3002840280533,346.6847677230835,0.9955719709396362,443.9142178297043,430.4384368658066,0.8801753520965576,394.23911064863205,434.53461050987244,0.8801562786102295,450.7565824985504,489.8580025434494,0.7187937498092651,400.0531000494957,495.9579128026962,0.6693271398544312,10.956496227437679,92.91141820680055,66.94882620921946,130.66669452436216
348,15.195600048173219,399.0866264104843,167.52553981542587,0.997897207736969,406.7971928715706,160.20003473758698,0.9960626363754272,394.9650163054466,159.8531500697136,0.99531090259552,418.38441240787506,164.42413181066513,0.9955195188522339,395.7546166777611,164.26018232107162,0.9952536225318909,455.2607088088989,203.99525326490402,0.9921920895576477,380.34788197278976,209.275144636631,0.9900648593902588,444.31640446186066,224.66103214025497,0.9906193614006042,340.2714881300926,225.9411410689354,0.9695366621017456,381.184611082077,202.01087933778763,0.9824053645133972,320.36236667633057,215.19166731834412,0.9707326292991638,440.2516378760338,343.86698389053345,0.9968345761299133,395.2641406059265,346.6780118942261,0.9958823919296265,445.8572813272476,433.2554063796997,0.887679398059845,393.1624826192856,435.396008849144,0.8866103887557983,452.9248790740967,493.7045121192932,0.7253862023353577,399.86335402727127,494.5913654565811,0.6764318943023682,21.78031914966088,73.61542357347545,98.16830932542234,129.05392706173853
349,16.860300034750253,399.6860525608063,167.5441786646843,0.9980812072753906,408.15886813402176,160.2362266778946,0.9964005947113037,396.0695576071739,159.88747209310532,0.995734453201294,419.55264842510223,164.52718836069107,0.9958854913711548,396.18701815605164,164.2829681634903,0.9956908822059631,457.1465541124344,206.86726468801498,0.9925441145896912,379.33805310726166,212.1334182024002,0.9909281134605408,436.71320909261703,248.9289646744728,0.9882921576499939,337.87308770418167,234.29579412937164,0.970939576625824,368.2647000551224,229.55798262357712,0.9785357713699341,334.51404786109924,224.23506808280945,0.9704827070236206,441.0578845143318,346.978254199028,0.997025191783905,394.4336471557617,348.4351909160614,0.9961748719215393,446.8696258664131,438.3541570901871,0.8938038945198059,393.0838009119034,437.9849088191986,0.8918684124946594,452.77495563030243,508.52842926979065,0.7194518446922302,399.79877614974976,490.1034743785858,0.6673970818519592,19.35975734576131,68.19601762610219,100.10867437611984,80.33914528395759
350,13.846199959516525,399.52330988645554,167.2454594373703,0.9982585310935974,408.392718732357,160.02000999450684,0.9967268109321594,397.14326852560043,159.56844013929367,0.9961304664611816,420.2075799703598,164.60343271493912,0.9962517619132996,397.96345841884613,164.22611665725708,0.9960944652557373,456.9352910518646,207.83508241176605,0.9932342767715454,378.96525168418884,216.07809841632843,0.9917937517166138,445.16110879182816,246.2101205587387,0.9893667101860046,336.19320648908615,260.6808646917343,0.9734871983528137,376.961009144783,254.45660495758057,0.9804043769836426,339.1570447087288,251.32481080293655,0.9729816913604736,440.6023602485657,348.63095915317535,0.9972925782203674,394.07457488775253,350.8926839828491,0.9965207576751709,446.5935708284378,439.28248035907745,0.9018723964691162,392.8094051480293,438.257675409317,0.8990870714187622,450.7144048213959,518.8587551116943,0.7152771353721619,399.478108048439,488.78886246681213,0.6581112742424011,10.44001425249444,50.194415797003735,113.95150338142392,26.222372410818977
351,18.556100025307387,400.30627316236496,166.13009923696518,0.998394250869751,409.32986068725586,159.2565108537674,0.996986985206604,398.69436866045,158.6772136092186,0.9964383244514465,420.6479834318161,164.4924139380455,0.9965328574180603,399.83739441633224,163.87594455480576,0.9963887929916382,456.5533903837204,209.4274222254753,0.9938222169876099,378.91052240133286,216.36585450172424,0.9924961924552917,447.8842987418175,260.450231552124,0.9903135299682617,344.17337822914124,260.11298298835754,0.9753074645996094,387.23245108127594,287.6819522380829,0.9820957183837891,333.3530912399292,292.1274082660675,0.9750622510910034,440.285144507885,347.8321125507355,0.9975207448005676,392.87398302555084,350.7943022251129,0.9968039989471436,446.4483575820923,438.90315866470337,0.9092476963996887,392.71217703819275,436.5017329454422,0.9049257636070251,449.0038537979126,519.0095548629761,0.7103195786476135,399.2894860506058,488.0437307357788,0.6498841643333435,2.938970636580559,44.38132732161407,123.8221482395094,160.22318682064545
352,15.05170000018552,400.09005904197693,165.70602017641068,0.9981496930122375,409.0253036022186,159.11127561330795,0.9967041611671448,398.67737448215485,158.38841700553894,0.9960242509841919,420.3435869216919,164.52878683805466,0.9961636066436768,400.13148736953735,163.8271608352661,0.9957519173622131,456.72515201568604,212.71705847978592,0.994337260723114,378.6101670265198,216.98337948322296,0.9931060075759888,451.17075872421265,270.87725019454956,0.9909635782241821,347.86820697784424,268.9924041032791,0.9757776260375977,401.0442754626274,307.92570292949677,0.9830386638641357,331.5933240056038,317.97475707530975,0.9758220911026001,440.2167663574219,347.69310534000397,0.9975866675376892,392.86828261613846,349.7712767124176,0.9968810081481934,445.88123375177383,436.99080669879913,0.9102760553359985,392.06278532743454,434.3185747861862,0.904244601726532,447.7759909629822,517.5543372631073,0.6925334930419922,399.01265490055084,490.24245142936707,0.6344470381736755,1.5176928210559522,36.71552419025448,131.92337926164998,167.7927253588597
353,12.766800005920231,399.8964859843254,164.66919648647308,0.998071551322937,408.7834242582321,158.19628304243088,0.9966075420379639,398.4177783727646,157.45104575157166,0.9958510398864746,420.14471489191055,164.36630010604858,0.9959975481033325,399.7190507054329,163.3929027915001,0.9953474402427673,458.1331263780594,216.5605520606041,0.9948042035102844,377.8145450949669,217.79807513952255,0.9936092495918274,452.3265769481659,283.3467609882355,0.9912438988685608,349.4128038287163,281.7453581094742,0.9750605821609497,412.7942109107971,328.73489236831665,0.9830436706542969,334.04404509067535,333.8322557210922,0.9751319289207458,439.80060970783234,348.7951499223709,0.9976618885993958,391.9837289452553,350.4326241016388,0.9969365000724792,445.72084617614746,439.15840232372284,0.9142158031463623,391.71155446767807,437.49854946136475,0.9076777696609497,447.30826300382614,519.8065617084503,0.6945666670799255,398.8769958615303,497.0837234258652,0.6366655230522156,2.9240299790310496,30.045777689512953,143.9135695292912,172.4911532721139
354,13.07670003734529,399.76532304286957,164.13548600673676,0.9981786012649536,408.93572956323624,157.67317378520966,0.9967957139015198,398.37230890989304,156.96354031562805,0.9960716962814331,420.1680785417557,164.37447345256805,0.9961913228034973,398.6700147986412,163.13542729616165,0.9955319166183472,457.9173136949539,218.20570194721222,0.995283305644989,374.8805202841759,219.79507100582123,0.9941372275352478,458.76552391052246,282.60361981391907,0.9918081164360046,350.9019488096237,287.72867000102997,0.9754518866539001,439.46543633937836,342.59833574295044,0.9836629033088684,336.50132298469543,347.47942209243774,0.9753169417381287,439.34752082824707,349.75140130519867,0.9977586269378662,390.7849836945534,350.2866801023483,0.9970046281814575,445.76711851358414,439.96475875377655,0.9189377427101135,391.5737009048462,437.84855568408966,0.9117979407310486,453.16392159461975,512.2873241901398,0.7008783221244812,397.7956041097641,496.5539035797119,0.6430377960205078,8.789749454746303,26.39053998738074,161.41257919023167,174.10898560149542
355,12.845000019297004,400.93551272153854,164.38136500120163,0.9982662200927734,411.18045979738235,158.1328114271164,0.9969450831413269,398.21572160720825,157.2852565050125,0.9962717294692993,421.31956124305725,165.00294649600983,0.9963415265083313,397.87449991703033,163.79470872879028,0.9957125186920166,460.4533268213272,221.8402926325798,0.9956885576248169,372.9482420682907,223.69146513938904,0.9945854544639587,467.9819886684418,292.60707211494446,0.9922622442245483,351.61268013715744,293.03467988967896,0.9754452109336853,454.21697187423706,362.18695199489594,0.9840357899665833,336.3645399212837,356.43744003772736,0.9747954607009888,439.5200318098068,351.172568321228,0.9977360367774963,390.62994861602783,351.1935294866562,0.9969205260276794,446.2422061562538,441.1162053346634,0.9213327169418335,391.25359481573105,437.82907235622406,0.9145711064338684,455.99608838558197,504.31993997097015,0.6941057443618774,397.5858665108681,496.01192927360535,0.6419245600700378,15.26665373440715,24.99741327651626,162.73696259266126,176.42051064377796
356,13.364300015382469,402.1170764565468,166.03102380037308,0.9982523918151855,413.22910130023956,159.6139515042305,0.9969568848609924,398.09828782081604,158.50003898143768,0.9963464140892029,422.93090373277664,166.02462989091873,0.9962944984436035,396.85003197193146,165.0695698261261,0.9957436323165894,463.4671573638916,222.52873873710632,0.9960307478904724,371.87089145183563,226.97559720277786,0.9949669241905212,481.75187623500824,290.31171894073486,0.9913533926010132,353.7841079235077,296.2346204519272,0.9732576012611389,482.40654015541077,351.8820208311081,0.9806933403015137,335.6234064102173,360.78306663036346,0.9693114757537842,442.9361292719841,350.9920006990433,0.9975513219833374,390.71312642097473,351.0523507595062,0.996684193611145,446.7339400649071,440.9166067838669,0.9164701104164124,391.0284152626991,433.62673568725586,0.9091207385063171,455.0959589481354,494.16303384304047,0.6711843609809875,397.8407256603241,488.6921696662903,0.6267502903938293,24.176662122812814,23.27068865800646,165.51276243859473,178.9218098324025
357,13.982700009364635,401.9039132595062,166.64337635040283,0.998229444026947,412.69652783870697,160.20826840400696,0.9969438910484314,398.08279234170914,159.0189710855484,0.9963767528533936,422.79358541965485,166.57138454914093,0.9962704181671143,396.48574101924896,165.4058683514595,0.9957500100135803,462.8840563297272,222.3167142868042,0.9963304400444031,371.6617426276207,226.49873822927475,0.9952412247657776,489.8852632045746,284.9821239709854,0.9897162318229675,354.23133581876755,293.6032552719116,0.9695402383804321,501.62066662311554,339.85851538181305,0.975537896156311,334.07179778814316,352.771347284317,0.9619966149330139,444.0143362879753,350.8568539619446,0.9973599314689636,390.8025131225586,350.85727620124817,0.9964409470558167,446.2104123234749,440.72774517536163,0.9127722978591919,390.9542028903961,433.7303954362869,0.9057987928390503,447.18967843055725,495.277263045311,0.6537692546844482,397.95401126146317,488.18997633457184,0.6198742985725403,31.661575585760595,23.31087760353737,168.76077977834137,175.7459877659511
358,14.345499977935106,402.2765273451805,166.77119421958923,0.9982998967170715,412.3459125161171,160.34486281871796,0.997061014175415,398.1843559741974,159.23508220911026,0.99651700258255,422.0225849747658,166.63176476955414,0.9964080452919006,396.5522725582123,165.43079555034637,0.9958658814430237,462.35442674160004,221.38548058271408,0.9965980052947998,371.8604808449745,225.6443973183632,0.9954278469085693,494.6963552236557,278.53519332408905,0.9884582757949829,355.41718155145645,287.6564670801163,0.9643170237541199,519.2572516202927,329.11931109428406,0.9717016220092773,333.7972146868706,334.03426706790924,0.9547017812728882,443.5229235291481,350.1111190319061,0.9972196817398071,391.25089180469513,349.4604181051254,0.9962415099143982,444.70911717414856,437.6751058101654,0.9090350866317749,390.969644844532,432.26413929462433,0.9035029411315918,447.2846584916115,487.69604682922363,0.6475846767425537,397.9089164733887,487.59323155879974,0.625150740146637,37.82907301430801,23.75155195416198,176.39247845645446,169.85739753098395
359,16.156700032297522,402.34774231910706,166.5548870563507,0.9984076619148254,412.10197246074677,160.0448316335678,0.9972385764122009,398.1200189590454,159.1378465294838,0.9967339634895325,421.824114382267,166.37572187185287,0.9966226816177368,396.49149495363235,165.19784009456635,0.9961071014404297,461.9066368341446,221.26818853616714,0.9968525767326355,372.19022142887115,224.91449636220932,0.9956644773483276,499.3365955352783,269.82083761692047,0.9876728653907776,355.2258565425873,283.4189940690994,0.9624879956245422,538.0823585987091,321.18175506591797,0.970009982585907,329.05765879154205,326.39954710006714,0.9529420733451843,443.33614814281464,348.25317561626434,0.997189462184906,391.7394409775734,348.2768511772156,0.9962148070335388,444.4810472726822,435.64166164398193,0.9076380133628845,390.91694951057434,431.78372144699097,0.9019889831542969,449.0761660337448,487.3305082321167,0.6446377038955688,397.89066445827484,485.5826486349106,0.630325436592102,45.94921256556685,25.175183338666727,179.4010893002392,164.83575975886174
360,13.343000027816743,402.0674855709076,166.2314819097519,0.9985235333442688,411.70404106378555,159.49976593255997,0.9974256157875061,397.69280940294266,158.89686852693558,0.996952474117279,421.66576075553894,165.97948044538498,0.9968461394309998,396.2614446282387,164.742485165596,0.9963412284851074,461.7300044298172,218.91133922338486,0.9971142411231995,372.7413680553436,222.56113052368164,0.9959357976913452,508.8951383829117,262.63176107406616,0.9879074692726135,354.33121341466904,281.5391243696213,0.9614707231521606,555.0446895360947,319.38946986198425,0.9702045917510986,322.16061836481094,316.55223286151886,0.951991617679596,443.1262232065201,346.59980714321136,0.9971766471862793,391.83776634931564,346.25429475307465,0.9961901903152466,444.470315515995,434.43972730636597,0.9072400331497192,390.8104348182678,431.25296664237976,0.9031181931495667,452.2323194742203,487.59169340133667,0.6498382687568665,397.85841566324234,485.8417829275131,0.641484797000885,55.46004152474749,26.112240089352273,171.94390861637942,154.75862202950387
361,12.977699982002378,401.3725976347923,165.8991041779518,0.9986346364021301,411.26500248908997,159.1626832485199,0.997601330280304,397.02679818868637,158.69549053907394,0.9971581101417542,421.5435900092125,165.68635588884354,0.9970470666885376,395.92006236314774,164.43084239959717,0.9965611696243286,460.5016063451767,215.34198451042175,0.9973411560058594,373.4234367609024,219.05897217988968,0.9961650967597961,510.62501192092896,250.20390117168427,0.9883555769920349,353.32919919490814,273.0802837610245,0.9619719386100769,566.988733291626,292.73048663139343,0.9712490439414978,307.3902955651283,297.2614461183548,0.953234851360321,442.98430174589157,344.5684138536453,0.997082531452179,392.3540146946907,343.4429349899292,0.9960688352584839,444.58531391620636,433.56228387355804,0.9060490131378174,390.57061618566513,430.3136349916458,0.9032344222068787,453.5638601779938,488.18686985969543,0.6564134955406189,397.88036090135574,485.3360005617142,0.6508297324180603,62.9002309520192,29.05733110919657,177.78479593572743,138.16489358327345
362,13.450899976305664,401.24504762887955,165.6672797203064,0.9987443089485168,411.2053756713867,158.9458030462265,0.9977813959121704,396.834081530571,158.52228194475174,0.9973710775375366,421.4475394487381,165.38095623254776,0.9972572922706604,395.70481169223785,164.17101442813873,0.9967994093894958,459.5099492073059,211.58340626955032,0.9975460171699524,373.30057018995285,217.59846150875092,0.9963755011558533,518.0891226530075,243.23475098609924,0.9886906147003174,349.1993730068207,261.6749668121338,0.9616627097129822,581.5331807136536,268.31591641902924,0.9720678925514221,300.78809744119644,276.42562544345856,0.9534331560134888,442.8831127882004,343.0580940246582,0.9971305727958679,392.2358047962189,342.6206842660904,0.9961209297180176,444.58716052770615,433.4305452108383,0.901818037033081,390.06009501218796,430.5410108566284,0.8991582989692688,453.713783621788,489.00441563129425,0.6572676301002502,398.0393568277359,485.2809284925461,0.6513373851776123,68.82447828812874,37.2822790169232,173.187114959892,135.61570306971916
363,12.833899992983788,401.2170808315277,165.14925241470337,0.9988411664962769,411.09326761960983,158.51367127895355,0.9979410767555237,396.7831792831421,158.02627140283585,0.9975647330284119,421.37062406539917,165.01677483320236,0.997442901134491,395.5078933238983,163.60344940423965,0.9970251321792603,459.0693851709366,209.03237211704254,0.9976559281349182,373.14593654870987,216.5274213552475,0.9963364005088806,520.9356341362,231.71809858083725,0.9883136749267578,341.595856487751,250.21346187591553,0.9605936408042908,589.7372206449509,246.61740052700043,0.971520185470581,294.8355318903923,258.3850591182709,0.951897382736206,442.9727671146393,342.3457461595535,0.9971131086349487,392.23746407032013,342.8771343231201,0.9960400462150574,447.08899796009064,433.42728793621063,0.8982721567153931,389.73305743932724,430.75945937633514,0.8945646286010742,454.8973813056946,489.50042617321014,0.6584580540657043,398.07639610767365,484.7636853456497,0.6487423181533813,76.7472447344165,51.71712426950581,172.0815159594223,143.0373127510031
