frame,inference_ms,angle,nose_x,left_eye_x,right_eye_x,left_ear_x,right_ear_x,left_shoulder_x,right_shoulder_x,left_elbow_x,right_elbow_x,left_wrist_x,right_wrist_x,left_hip_x,right_hip_x,left_knee_x,right_knee_x,left_ankle_x,right_ankle_x,nose_y,left_eye_y,right_eye_y,left_ear_y,right_ear_y,left_shoulder_y,right_shoulder_y,left_elbow_y,right_elbow_y,left_wrist_y,right_wrist_y,left_hip_y,right_hip_y,left_knee_y,right_knee_y,left_ankle_y,right_ankle_y,nose_conf,left_eye_conf,right_eye_conf,left_ear_conf,right_ear_conf,left_shoulder_conf,right_shoulder_conf,left_elbow_conf,right_elbow_conf,left_wrist_conf,right_wrist_conf,left_hip_conf,right_hip_conf,left_knee_conf,right_knee_conf,left_ankle_conf,right_ankle_conf
0,18.378099950496107,,392.79663944244385,389.2860436439514,386.50507348775864,401.4195925593376,390.9140056371689,403.8293135166168,407.14012736082077,499.4273738861084,494.76513481140137,561.6750953197479,562.3456026315689,414.4940034151077,417.85240095853806,405.9369663000107,396.9394721984863,415.7518937587738,409.1340663433075,203.41045182943344,198.74078673124313,198.26629531383514,204.85941123962402,202.58112859725952,222.30763614177704,220.47056341171265,228.83551609516144,231.31912767887115,241.690652012825,240.71850633621216,290.19861912727356,290.0754157304764,351.17558431625366,350.1076204776764,389.4744384288788,389.26953172683716,0.48288702964782715,0.4517013132572174,0.4377734065055847,0.4953482747077942,0.5129290223121643,0.441793829202652,0.3763062655925751,0.27804329991340637,0.3166298270225525,0.3534250259399414,0.4779427945613861,0.5903484225273132,0.574310302734375,0.3418160378932953,0.33867692947387695,0.4335322082042694,0.33591437339782715
1,18.579600029625,84.55088706283469,390.6683795452118,396.90082716941833,385.63200092315674,408.4642548561096,385.50969636440277,421.08884185552597,388.49842369556427,511.61351108551025,359.05524706840515,560.5218462944031,336.9569275379181,425.42969024181366,401.5173559188843,415.62578892707825,387.2346188426018,424.3777104616165,399.8376352787018,201.3924344778061,197.28267377614975,196.48942184448242,204.74033975601196,202.46446990966797,221.774664580822,221.1560236811638,224.74410772323608,253.04071593284607,229.4362570643425,232.85844630002975,291.3452099561691,290.853994846344,351.43489956855774,347.00717759132385,389.01190543174744,388.0152397155762,0.3597794771194458,0.5284493565559387,0.35095736384391785,0.4393874406814575,0.5228084325790405,0.5027288198471069,0.3445708155632019,0.4525240361690521,0.2068829983472824,0.22100569307804108,0.2506834864616394,0.6159144043922424,0.5966524481773376,0.4058123230934143,0.41538354754447937,0.44878360629081726,0.31854483485221863
2,17.85609999205917,86.71315102241782,396.2842195034027,403.6906303167343,391.0410203933716,413.47844737768173,380.1000345945358,433.8840932250023,368.2706145644188,515.2790081501007,346.90762108564377,557.4685678482056,359.3644073009491,436.451659321785,389.0273574590683,432.1076797246933,381.01972740888596,432.0955830812454,390.52161407470703,198.37945544719696,195.42706775665283,194.02719366550446,203.25484156608582,201.8303720355034,219.5478800535202,218.57054686546326,221.32134544849396,231.55772304534912,219.2778429389,220.8867405653,291.67781388759613,290.50049006938934,356.1264909505844,347.9354405403137,388.57476711273193,387.99949622154236,0.4648993909358978,0.5181682705879211,0.4819622337818146,0.5253121852874756,0.519882082939148,0.5491800308227539,0.4253832995891571,0.3985486924648285,0.20751434564590454,0.2696819305419922,0.20047172904014587,0.6977972388267517,0.6546831727027893,0.5357054471969604,0.41364988684654236,0.4543687701225281,0.4513346552848816
3,17.48270000098273,87.39441825379303,391.02664893865585,394.9570678472519,389.70145094394684,406.0705111026764,386.66754853725433,420.0161746740341,389.5740615129471,509.8206921815872,363.99319326877594,582.6777586936951,369.37743067741394,425.8882921934128,403.63871109485626,422.77819699048996,392.9337168931961,427.0458767414093,401.7884598970413,201.1522707939148,197.53515779972076,195.91200959682465,204.6423048377037,201.64615505933762,220.47838991880417,218.61299699544907,217.29259437322617,228.85971945524216,209.11030542850494,215.46343863010406,292.87260031700134,292.16634476184845,358.9890019893646,353.90309941768646,389.06800293922424,388.7325338125229,0.3745521306991577,0.4789808392524719,0.44378089904785156,0.3967606723308563,0.4878441095352173,0.5087454915046692,0.317758172750473,0.4192606806755066,0.12437152117490768,0.36774006485939026,0.1471661478281021,0.5916005969047546,0.5883517265319824,0.4238946735858917,0.4430203139781952,0.3966135084629059,0.2912483215332031
4,17.88440003292635,93.98016023503705,389.8520702123642,399.7307994365692,389.6346517801285,409.90375542640686,378.97681307792664,441.0488120317459,363.4847595691681,509.89316499233246,302.5250630378723,577.6566346883774,266.1385736465454,438.4366863965988,390.2525440454483,437.3649023771286,387.25327229499817,435.1706461906433,391.3511440753937,203.20176005363464,198.39112734794617,199.6775095462799,204.70304697752,203.72458279132843,216.8856612443924,215.77922838926315,214.48070681095123,212.90276837348938,200.1894143819809,197.56751942634583,292.46441555023193,291.6731994152069,358.9309139251709,353.03518652915955,386.7133854627609,389.58280313014984,0.39167752861976624,0.493618369102478,0.4644518792629242,0.5377381443977356,0.5824734568595886,0.691069483757019,0.7375810742378235,0.5183549523353577,0.3431728780269623,0.6012685894966125,0.5558403730392456,0.726436197757721,0.7179200649261475,0.5598312616348267,0.5893025994300842,0.4046218693256378,0.43710246682167053
5,15.684399986639619,97.22903272472095,389.7255639433861,400.1175173521042,389.7754492163658,409.80631321668625,380.0193724632263,441.8348262310028,362.5158237814903,504.68887853622437,308.01851814985275,568.2305661439896,266.32069236040115,437.21819043159485,389.10705614089966,433.75346553325653,384.872749209404,434.37403404712677,394.706142783165,202.5612531900406,199.02169650793076,200.13895678520203,205.69748085737228,205.11420249938965,217.13274663686752,217.48949360847473,212.96902978420258,214.86790025234222,190.39659917354584,196.7644805908203,293.95498061180115,294.30534875392914,358.5004107952118,354.4303255081177,385.39765763282776,387.3621561527252,0.3543921113014221,0.5161821246147156,0.4419079124927521,0.5197425484657288,0.6391327977180481,0.7481994032859802,0.8072515726089478,0.6610972881317139,0.4018036127090454,0.6795060634613037,0.6745964288711548,0.7100101709365845,0.6154578924179077,0.5062140226364136,0.6128280162811279,0.4534757137298584,0.46330779790878296
6,16.16749999811873,103.2883973710567,388.62134379148483,399.50072234869003,385.96091187000275,410.5615505576134,379.1887719631195,446.10825991630554,361.3478018641472,514.2359135150909,301.47035348415375,556.7715656757355,258.2671914100647,438.8343769311905,390.8187579512596,435.9758223295212,381.08984512090683,437.41173672676086,390.8691517114639,201.9583557844162,198.34208726882935,198.44944161176682,205.79075050354004,205.48185229301453,217.98408663272858,218.6764384508133,208.3554772734642,211.52270936965942,183.58618080615997,191.21762841939926,297.2369260787964,297.19011783599854,355.95593643188477,350.27160012722015,383.9000954627991,386.35360741615295,0.3305083215236664,0.5334608554840088,0.5038893818855286,0.5098773837089539,0.6345726251602173,0.7725825905799866,0.745951771736145,0.7994674444198608,0.5338830947875977,0.5450460910797119,0.7415549159049988,0.667464554309845,0.6697671413421631,0.5017458200454712,0.5030723810195923,0.4925486743450165,0.5178893804550171
7,16.01900003151968,104.52200286304311,388.9428950548172,399.6224381327629,386.79282373189926,410.77599835395813,379.62047761678696,444.8552403450012,360.5056667327881,506.02421951293945,298.02904576063156,536.244257569313,252.4329160451889,434.485098361969,389.92467683553696,435.5832166671753,382.85742700099945,437.05750846862793,396.20136284828186,201.58147704601288,198.23622584342957,198.12222123146057,205.832160115242,205.30877941846848,218.65387880802155,219.10253822803497,211.0110005736351,207.22542917728424,183.42490047216415,185.6191725730896,298.4997835159302,300.80352115631104,359.09953820705414,355.9590730667114,383.7386794090271,386.3095135688782,0.3119196593761444,0.5303864479064941,0.5200720429420471,0.5012946128845215,0.630669891834259,0.762388288974762,0.7009478807449341,0.6749854683876038,0.6388764977455139,0.6254936456680298,0.8073327541351318,0.6131148934364319,0.7672281861305237,0.46485739946365356,0.5605430603027344,0.46173590421676636,0.4576495289802551
8,16.86820003669709,108.04697386041875,389.57834351062775,399.4349133968353,389.624963760376,410.0993089079857,379.6898459792137,443.3132929801941,359.1627787351608,502.5591734647751,304.6516904234886,519.3283863067627,261.6182560324669,432.8394998908043,387.63934791088104,434.20039904117584,379.9223584532738,434.56225460767746,394.77444064617157,201.90388691425323,198.87879866361618,200.31121534109116,205.98039627075195,206.13970112800598,218.2923514842987,218.55474305152893,207.30223149061203,208.75411641597748,174.33009207248688,183.73722183704376,297.44249629974365,298.2938212156296,360.05195927619934,357.3858196735382,384.67786026000977,387.03829860687256,0.3597300946712494,0.5131367444992065,0.43415769934654236,0.5058744549751282,0.6543509364128113,0.7309282422065735,0.716644287109375,0.49740171432495117,0.6096371412277222,0.3705112934112549,0.6442463994026184,0.6140843629837036,0.6170262694358826,0.4466683566570282,0.5361050367355347,0.42031213641166687,0.45628687739372253
9,18.495799973607063,117.13986878707686,387.02691519260406,395.5354586839676,384.71126437187195,410.4703440070152,378.695325255394,445.750231385231,357.5441300868988,504.18718898296356,305.14917826652527,501.1833140850067,270.09942150115967,432.0663852095604,385.88474583625793,431.40644907951355,373.8542592525482,433.5971190929413,388.83490842580795,200.2428276538849,196.46417796611786,196.63513964414597,206.04463696479797,206.08600133657455,219.89339244365692,219.02632403373718,201.99788039922714,214.45303505659103,166.7682385444641,185.96438336372375,296.61026263237,297.3590135574341,357.86672008037567,352.001424074173,382.0613639354706,384.6545466184616,0.26488447189331055,0.5486422181129456,0.5749323964118958,0.5331813097000122,0.6158726811408997,0.6976116895675659,0.6835398077964783,0.7114414572715759,0.5853527188301086,0.6590703725814819,0.7812307476997375,0.6017245054244995,0.629510223865509,0.3889263868331909,0.443951815366745,0.397905558347702,0.4531058073043823
10,15.175400010775775,114.83779985146032,389.25275111198425,393.8255767226219,384.2287635207176,408.6131613254547,379.4899569749832,442.5951752066612,358.48199462890625,490.3729292154312,310.15427154302597,469.0978772640228,280.6823787689209,428.5797953605652,384.05234521627426,429.07404494285583,374.3603646159172,431.83721804618835,391.9231119155884,195.37902295589447,195.6127324104309,195.26461118459702,206.9078449010849,206.2666745185852,219.91284561157227,219.9398990869522,207.0396740436554,217.30109947919846,163.21621072292328,191.81224691867828,301.4075947999954,301.76821732521057,359.03617215156555,353.6256580352783,382.82199788093567,383.0957295894623,0.46993979811668396,0.5651670694351196,0.5610780119895935,0.5245465040206909,0.6285374164581299,0.6409720182418823,0.5809463858604431,0.5377336144447327,0.614818811416626,0.5114302635192871,0.6997185349464417,0.6920070648193359,0.7654087543487549,0.38931339979171753,0.4336506426334381,0.3999963402748108,0.38328397274017334
11,18.9319999772124,116.11883087120518,390.60305231809616,393.75610131025314,382.92382472753525,406.7477893233299,375.5421959757805,441.065538585186,355.366091966629,478.52646148204803,308.1336236000061,447.08589351177216,281.38093316555023,428.49498504400253,383.39281052351,426.9743138551712,374.2547330856323,428.29707646369934,385.7328419685364,194.1533225774765,193.83700501918793,194.34618037939072,205.3997267484665,207.2346732020378,221.7802290916443,224.63774865865707,210.15227138996124,220.83904260396957,177.32922768592834,194.06911599636078,302.28974318504333,302.80620217323303,362.15694284439087,359.160702586174,383.63272750377655,386.44631910324097,0.4121885895729065,0.5365500450134277,0.5420599579811096,0.4685857594013214,0.5716861486434937,0.6732782125473022,0.6260004639625549,0.5713444948196411,0.5120657086372375,0.4414776563644409,0.5722535848617554,0.6336230039596558,0.7298531532287598,0.3902188539505005,0.45971155166625977,0.41836363077163696,0.42371779680252075
12,16.0782000166364,105.72713589885365,389.4465650320053,398.5706992149353,385.491872549057,410.620508313179,380.623401761055,439.64862555265427,360.48358768224716,463.7495015859604,307.30933904647827,428.96260595321655,282.5930061340332,425.70630729198456,383.9708534479141,424.09691846370697,381.0380597114563,428.85619831085205,388.81756633520126,201.75402212142944,197.445416867733,196.86621010303497,205.46440476179123,204.99868988990784,220.89894026517868,225.5344642996788,218.82114589214325,229.73116105794907,198.31271147727966,208.74007695913315,293.98912167549133,294.78781747817993,361.56912541389465,357.13084745407104,384.2371027469635,384.69867062568665,0.28827452659606934,0.558728814125061,0.5317838191986084,0.4776962399482727,0.6579516530036926,0.6962183117866516,0.6922739148139954,0.535515308380127,0.6299830079078674,0.42151975631713867,0.5501821637153625,0.5987552404403687,0.6825788617134094,0.3923693597316742,0.4884093701839447,0.40606245398521423,0.45733046531677246
13,18.078099994454533,67.40475769886382,389.7611848115921,396.0724747180939,382.3953459262848,411.9272937178612,375.4996971487999,439.717779815197,361.6007876396179,463.4677996635437,314.0364109277725,449.31558322906494,307.0851229429245,429.7384504079819,384.637373149395,424.7542586326599,377.21990942955017,431.0681445002556,386.2054674625397,205.6880106329918,202.35538136959076,202.82136768102646,207.83980244398117,207.66178333759308,223.85545986890793,226.4896148443222,238.16745710372925,238.16263151168823,225.8746685385704,225.18902730941772,290.8018181324005,291.37455558776855,352.9442241191864,350.2684634923935,386.890816450119,386.9966175556183,0.519660472869873,0.4563180208206177,0.4844825863838196,0.5834001302719116,0.5296149253845215,0.65256667137146,0.624179482460022,0.352980375289917,0.47166872024536133,0.27120155096054077,0.4938834011554718,0.6255493760108948,0.6588724851608276,0.5152191519737244,0.5457542538642883,0.34503722190856934,0.4379234313964844
14,17.19669997692108,20.113889394404595,388.313039958477,395.8844682574272,380.3015561103821,413.6271665096283,374.4100625514984,445.5875154733658,358.8093265891075,448.4589160680771,324.8768768310547,386.7790142893791,338.42800784111023,431.76311272382736,385.86676144599915,426.0076796412468,375.33374297618866,428.57248920202255,390.95816373825073,208.2984146475792,204.13668835163116,205.3721605539322,207.58463418483734,208.83423632383347,222.08755898475647,227.9190909266472,240.02969831228256,240.22688406705856,227.59063398838043,233.44385093450546,293.0653223991394,292.27992713451385,358.3237941265106,354.0631582736969,384.10732448101044,385.32747542858124,0.4660811424255371,0.49323633313179016,0.5130710601806641,0.5738533139228821,0.49012184143066406,0.639918863773346,0.6053490042686462,0.43728944659233093,0.5163849592208862,0.26855388283729553,0.38664373755455017,0.6228377819061279,0.6326941251754761,0.41946128010749817,0.5410929918289185,0.358077734708786,0.4685877859592438
15,16.18520001647994,19.80647531383765,385.05690187215805,393.3200868964195,378.7236399650574,409.65973508358,374.55680125951767,441.07817047834396,361.37207543849945,445.008642911911,328.2214916944504,379.1963457465172,336.87797820568085,428.9692965745926,386.05436646938324,422.39370036125183,373.06396305561066,429.33465802669525,387.2658774256706,207.16909039020538,203.24451178312302,204.42540955543518,204.9614725112915,206.19854319095612,221.01383459568024,226.4620486497879,244.19701927900314,252.78327059745789,239.26892864704132,248.6967632174492,288.41972494125366,287.37127459049225,350.1530112028122,348.9105418920517,384.67822217941284,385.0019590854645,0.5230523943901062,0.40259644389152527,0.4954838454723358,0.422275573015213,0.5477898120880127,0.6075407862663269,0.6262085437774658,0.5554097294807434,0.5305026173591614,0.2218276709318161,0.4629034101963043,0.6334740519523621,0.6674854755401611,0.5076314806938171,0.47945746779441833,0.4337662160396576,0.5200555324554443
16,16.032799961976707,22.869887317878955,379.2601475119591,386.39821088314056,374.1592445373535,406.80482017993927,372.62615555524826,438.85099643468857,360.6714335680008,446.4251812696457,335.0283960700035,411.32877749204636,332.39261239767075,428.6906455755234,382.8701124191284,425.5561697483063,374.6826652288437,432.71470642089844,383.21272575855255,209.31744396686554,205.63093292713165,206.2876507639885,205.64670658111572,206.31408596038818,221.28231847286224,223.9380830526352,252.58457684516907,260.44329476356506,256.10451447963715,268.58247005939484,283.54922473430634,282.22861099243164,341.2896955013275,342.38703513145447,383.4297208786011,381.79456901550293,0.48042646050453186,0.3272193670272827,0.44430434703826904,0.369075745344162,0.49667608737945557,0.63644939661026,0.5778675675392151,0.4883778393268585,0.4491356611251831,0.21327179670333862,0.33980339765548706,0.5923071503639221,0.6297011971473694,0.5898200273513794,0.5338723063468933,0.5369774103164673,0.5541719794273376
17,16.295599984005094,23.120666687145913,380.7634230852127,387.98827719688416,374.07240027189255,407.2746088504791,374.53873658180237,434.18894469738007,358.290134370327,445.585508286953,334.9535413980484,413.3355624675751,329.37024462223053,429.6807504892349,379.01042675971985,423.17074912786484,367.70164412260056,430.1493348479271,381.79484927654266,209.36107033491135,204.86097955703735,205.05555647611618,205.8865385055542,206.1117126941681,226.8933962583542,229.5560523867607,259.7910556793213,263.9240244626999,278.25552010536194,281.55173122882843,291.14898931980133,289.4834965467453,343.639034986496,344.23080337047577,384.6223659515381,382.6079225540161,0.5055309534072876,0.3394063711166382,0.4235790967941284,0.5353345274925232,0.49937206506729126,0.6023386716842651,0.5418382287025452,0.5050880312919617,0.3693077266216278,0.23925654590129852,0.27007871866226196,0.6128038167953491,0.6292032599449158,0.5162783861160278,0.4402163028717041,0.4556238651275635,0.42687639594078064
18,16.2710000295192,28.7093158429281,381.59482645988464,389.75749158859253,374.3249310851097,409.34075301885605,373.37079495191574,434.9701951742172,360.7154846191406,446.9216253757477,345.106746673584,415.42330396175385,338.76914924383163,427.4374386668205,377.199569940567,415.4096283316612,371.44989079236984,430.07782548666,382.8589257001877,210.25976145267487,205.52893197536469,205.66480255126953,206.327476978302,207.30776584148407,228.56371462345123,231.68454563617706,257.82854771614075,267.1432673931122,291.22282087802887,297.5775525569916,294.7316596508026,293.13043773174286,346.82926404476166,344.4878867864609,386.2125794887543,383.11509227752686,0.4574439823627472,0.38703665137290955,0.447893351316452,0.5545631647109985,0.4731798768043518,0.610647439956665,0.5399478673934937,0.47426989674568176,0.5730518102645874,0.3046417534351349,0.32948964834213257,0.5831255912780762,0.6101648211479187,0.39486441016197205,0.4981265366077423,0.4288821518421173,0.43591126799583435
19,16.39699999941513,27.5695190859656,383.25324416160583,390.1054574251175,375.51101768016815,407.57836306095123,373.2750655412674,435.54154747724533,360.1395559310913,448.17164754867554,349.8030008673668,424.203352868557,354.0138906240463,428.1644951105118,378.14439272880554,425.8555616736412,374.8954002261162,430.88725686073303,386.0039459466934,212.792835354805,206.72025001049042,206.9356825351715,207.720836520195,208.97986364364624,227.5851599574089,230.0775330066681,260.32509791851044,266.0485215187073,297.119935631752,299.4039486646652,292.5911476612091,291.16467249393463,349.68887972831726,348.1472237110138,387.9537134170532,386.5341147184372,0.47864341735839844,0.4294385015964508,0.45145952701568604,0.5555210113525391,0.4846486747264862,0.6384758353233337,0.5362880229949951,0.5700474977493286,0.5400846004486084,0.4555456340312958,0.3311487138271332,0.5631270408630371,0.6079332828521729,0.4192999303340912,0.4588052034378052,0.27113834023475647,0.39060306549072266
20,15.580800012685359,35.01599334542364,384.3125836253166,391.17943596839905,374.90361630916595,408.744083404541,370.1308214068413,438.74836230278015,354.78465020656586,454.029580950737,352.22401559352875,436.83259654045105,340.00975102186203,424.74031537771225,378.0564779639244,428.9726418852806,375.8524267077446,433.91875064373016,388.01006186008453,215.62983107566833,208.0103418827057,208.52303087711334,207.479647397995,209.74440330266953,228.91194140911102,230.82326793670654,265.70252656936646,269.2701470851898,305.62124145030975,304.01196682453156,292.30701076984406,292.64513397216797,349.7799024581909,348.91521668434143,387.88778376579285,386.2867126464844,0.531775951385498,0.42298829555511475,0.4253942668437958,0.5577552318572998,0.5306810140609741,0.6693484783172607,0.488462895154953,0.5968984365463257,0.575725793838501,0.46464216709136963,0.3388131260871887,0.49062037467956543,0.6297138333320618,0.4099736213684082,0.4481106102466583,0.36761242151260376,0.38587015867233276
21,15.870500006712973,50.030949713173946,381.0179075598717,384.9745804667473,375.7964128255844,395.5150656700134,371.04706186056137,418.69325149059296,369.51549834012985,455.45109713077545,350.64288794994354,454.126300573349,340.1953488588333,419.95389837026596,384.79112362861633,426.3545214533806,387.43169778585434,426.6177304983139,401.69377422332764,209.14112889766693,205.06207102537155,204.5330051779747,207.59193289279938,206.82888615131378,229.5098021030426,232.5818041563034,259.1544997692108,265.7154350280762,293.2142823934555,297.749373793602,296.17439103126526,295.9796783924103,347.59086310863495,348.96896171569824,387.60753750801086,388.84883058071136,0.27485859394073486,0.3527381420135498,0.3842039704322815,0.5211817622184753,0.5280393958091736,0.4683965742588043,0.46793246269226074,0.4340166449546814,0.3354368805885315,0.34098902344703674,0.2359829694032669,0.46370309591293335,0.46344518661499023,0.36812323331832886,0.3176601827144623,0.4019627571105957,0.32656827569007874
22,15.435100009199232,44.86496872155235,375.59617590904236,372.9874491095543,376.0876421928406,376.99614828824997,383.6194352507591,369.577721118927,414.2121676802635,347.8659321665764,459.35408449172974,329.8091493844986,469.70030081272125,381.72457098960876,419.9786269068718,380.3086749315262,420.2043684720993,402.5672749876976,423.0007538199425,210.26858323812485,205.42810726165771,204.89696037769318,207.64540648460388,205.58231508731842,229.81577479839325,227.3001333475113,262.3262106180191,258.5996471643448,294.0663311481476,284.08875608444214,291.56697607040405,292.25124502182007,349.2154288291931,348.59413385391235,388.6858763694763,386.2548335790634,0.30978941917419434,0.337790310382843,0.32023608684539795,0.3935481905937195,0.34441253542900085,0.44202929735183716,0.5142972469329834,0.40679922699928284,0.5206893682479858,0.22107098996639252,0.3792174458503723,0.3466736376285553,0.34917503595352173,0.30038315057754517,0.3896753489971161,0.345791757106781,0.3778066337108612
23,16.804800019599497,57.12281885878439,379.32898062467575,385.9547029733658,372.3685933947563,394.0629332065582,368.98420947790146,414.49295967817307,358.4655892252922,463.8881847858429,345.4603058695793,495.99273002147675,318.0110146999359,418.8065103292465,379.9024739265442,422.2310379743576,378.63066709041595,426.30980134010315,392.86830937862396,210.27656054496765,204.92736160755157,205.0386518239975,206.27554154396057,207.25715744495392,224.11828875541687,228.6655496954918,251.63327169418335,261.7135715484619,283.493066906929,284.5584671497345,289.7943551540375,289.9493169784546,344.0468578338623,344.33446311950684,387.04417979717255,388.9612367153168,0.41434821486473083,0.4151143729686737,0.3790424168109894,0.5082336664199829,0.5619412660598755,0.5442212820053101,0.5285390019416809,0.3443129360675812,0.45103132724761963,0.5129067301750183,0.33548852801322937,0.5298561453819275,0.5368168354034424,0.480723112821579,0.4266127347946167,0.29661062359809875,0.33679822087287903
24,15.317500045057386,50.42025148713354,370.17449778318405,367.9167342185974,378.166712641716,364.76325702667236,396.621480345726,350.86161774396896,427.6642774939537,331.66908860206604,479.5475573539734,312.479155421257,518.8941917419434,373.4483793973923,425.4589148759842,367.04253762960434,424.5756725668907,388.7907235622406,425.8239016532898,209.44123548269272,206.16900151968002,205.0056266784668,208.93474435806274,205.68113416433334,228.47355145215988,223.3553626537323,261.6250219345093,251.36361157894135,273.81811678409576,275.7735974788666,289.36288690567017,288.1297068595886,346.53782844543457,344.83931052684784,389.71731650829315,386.72282552719116,0.3113347887992859,0.4837448000907898,0.361716628074646,0.6350335478782654,0.5941916704177856,0.5978426337242126,0.5583543181419373,0.5114148259162903,0.5772178173065186,0.4024348258972168,0.5027421116828918,0.5902564525604248,0.6114488244056702,0.4207206070423126,0.5364490747451782,0.43204164505004883,0.42356500029563904
25,14.81449999846518,56.278920579818006,375.0784823894501,365.1098847389221,376.88577979803085,359.6127631664276,397.13748782873154,352.3802282214165,430.4729200601578,327.77255100011826,486.0047028064728,332.9087001681328,534.0740340948105,375.50984013080597,427.3004950284958,367.559508562088,427.3000935912132,387.2791516184807,429.00783455371857,208.91446179151535,207.79141080379486,205.68377315998077,210.463552236557,205.46414840221405,228.935586810112,223.06796848773956,262.76892852783203,246.94857186079025,269.35130751132965,270.7700617313385,291.6319406032562,289.79755210876465,348.5875891447067,348.8175587654114,389.3600718975067,387.65681886672974,0.41422000527381897,0.5316246747970581,0.3635253608226776,0.6190118193626404,0.6055125594139099,0.6608631014823914,0.618507444858551,0.5654882788658142,0.6826412677764893,0.34903377294540405,0.40381044149398804,0.6370578408241272,0.5742362141609192,0.5036213397979736,0.49679964780807495,0.415263831615448,0.35293281078338623
26,15.90800000121817,60.084786568959146,374.6860373020172,371.39007663726807,381.1451631784439,360.669426381588,398.1160313487053,349.70604038238525,429.8520303964615,329.31096571683884,480.63443541526794,327.37922275066376,514.545608997345,373.9135113954544,426.5552133321762,368.449147105217,421.366422355175,388.3115144968033,421.97403782606125,208.26989841461182,205.9622701406479,203.9099760055542,209.36036157608032,204.27397644519806,228.29004323482513,221.02271670103073,254.0094836950302,236.71210378408432,251.13726115226746,246.23913443088531,289.21054899692535,287.72309041023254,343.86034870147705,344.484961271286,387.9123339653015,385.2599472999573,0.3972994089126587,0.4886282682418823,0.37664586305618286,0.6367741227149963,0.644199788570404,0.6788673400878906,0.527332603931427,0.5189973711967468,0.6634647250175476,0.2967226505279541,0.35856422781944275,0.6256610751152039,0.6599105596542358,0.5335863828659058,0.6016625761985779,0.4552582800388336,0.47544339299201965
27,15.535900020040572,62.96264878832993,372.0478985309601,371.14370119571686,377.81829184293747,363.89973866939545,393.4598941206932,348.0393530726433,430.24000614881516,328.6441516280174,493.18197321891785,334.6422669291496,543.5474722385406,372.96207827329636,424.129515171051,372.563129901886,422.7551812529564,396.0616091489792,426.64773124456406,210.23074758052826,207.25881624221802,205.6606706380844,209.16625213623047,205.34533327817917,226.74132978916168,220.42928951978683,249.26245832443237,231.3875606060028,243.12688392400742,241.27628445625305,287.7285795211792,286.83753395080566,344.38172376155853,343.65562295913696,386.4802188873291,384.75482845306396,0.3729683756828308,0.4845128059387207,0.3816494941711426,0.6404010057449341,0.5036813616752625,0.5920184254646301,0.4858255684375763,0.4100032150745392,0.3401946723461151,0.3386898636817932,0.4976491928100586,0.5665286779403687,0.6072376370429993,0.5359221696853638,0.5623978972434998,0.37798452377319336,0.43254372477531433
28,14.935099985450506,,369.2449028491974,370.03209459781647,372.0493704676628,368.66819804906845,386.0733410716057,353.4687387943268,417.43201583623886,342.14173090457916,491.7082166671753,332.9409489631653,549.3293466567993,377.679983317852,421.6454747915268,377.6709911227226,414.8496233224869,401.30818033218384,417.18376702070236,210.65947127342224,207.88614320755005,206.40800404548645,209.39507567882538,206.71091550588608,225.0279580950737,220.69435024261475,252.60828256607056,225.7092261314392,237.71902388334274,230.673433303833,288.12575590610504,287.4605178833008,345.17652893066406,344.57725071907043,387.37319469451904,385.5199863910675,0.31348153948783875,0.489065557718277,0.36176052689552307,0.5840859413146973,0.3780803382396698,0.5254483222961426,0.4660773277282715,0.26878494024276733,0.5166842937469482,0.21519538760185242,0.4508676528930664,0.5878480672836304,0.5995040535926819,0.5152317881584167,0.5726443529129028,0.39622390270233154,0.5099886059761047
29,15.118999988771975,,373.8277643918991,370.44391572475433,370.64979952573776,374.61024594306946,375.24462389945984,369.41101759672165,399.8488219976425,360.7429696917534,486.6387596130371,354.1006546020508,546.690190911293,387.85296607017517,414.18976747989655,380.60308903455734,404.66780894994736,403.7696866989136,414.66373109817505,209.4948598742485,207.14770698547363,206.77877539396286,207.54889464378357,206.70951306819916,220.5255600810051,220.43391907215118,250.58954137563705,224.03654021024704,227.20043963193893,221.74473083019257,289.3906943798065,288.8011578321457,347.9685561656952,348.4204125404358,386.4359440803528,386.15111351013184,0.4368341565132141,0.4865935146808624,0.4705447852611542,0.5356186628341675,0.41652530431747437,0.4396635591983795,0.4907320737838745,0.22225165367126465,0.39166343212127686,0.22033263742923737,0.42183437943458557,0.5624346733093262,0.5940744876861572,0.4040836989879608,0.3717590868473053,0.39184921979904175,0.5300519466400146
30,15.275200014002621,83.30069168269509,364.47679138183594,364.8394765853882,361.7740479707718,374.09940361976624,368.8929761648178,385.7819511294365,387.53031754493713,483.4158070087433,453.21166586875916,553.1173623800278,554.2779443264008,395.8126645088196,401.7781295776367,381.54531586170197,403.2287633419037,409.8807932138443,413.0410413146019,210.3931589126587,205.99202293157578,205.9274806380272,206.92916798591614,204.7915362715721,219.2981858253479,217.8582140803337,216.5819656252861,225.51630800962448,208.345569729805,209.27832651138306,288.115984082222,287.8828778266907,348.38443171977997,347.758642911911,386.29461455345154,385.3296469449997,0.449112206697464,0.5533408522605896,0.49481675028800964,0.42891913652420044,0.533827006816864,0.46759477257728577,0.4142223000526428,0.35507652163505554,0.21787714958190918,0.24349898099899292,0.45597848296165466,0.5745955109596252,0.5606064796447754,0.3456113338470459,0.37407186627388,0.359332412481308,0.3446408808231354
31,14.880300033837557,84.17616897042716,366.02053183317184,370.4945771098137,359.8306633234024,382.8364987373352,358.86694622039795,405.2169751524925,352.4281865954399,485.973979473114,282.77590095996857,559.5373079776764,255.576999604702,416.14540934562683,382.09921902418137,411.7378153204918,376.59760135412216,418.86340737342834,387.59486865997314,207.70945113897324,203.7966650724411,204.26513957977295,205.80231684446335,205.5037333369255,215.41590654850006,217.88763511180878,211.81182265281677,214.97937142848969,193.7955049276352,205.81137990951538,289.6097159385681,289.0660526752472,348.3194068670273,347.3206299543381,386.6796063184738,387.1340866088867,0.5415064692497253,0.4831138551235199,0.48942533135414124,0.5858508944511414,0.6227824091911316,0.4292101562023163,0.580619752407074,0.522861123085022,0.34827300906181335,0.6034119725227356,0.44984692335128784,0.6895467042922974,0.6489968299865723,0.5524038076400757,0.5681291222572327,0.577711284160614,0.48314711451530457
32,15.259899955708534,88.8540035609556,367.9631671309471,368.64039182662964,360.2373460531235,384.7773944735527,356.8308027982712,411.24238818883896,348.3109655380249,486.5168832540512,274.4773359298706,551.5547008514404,241.33780509233475,420.07058280706406,381.1476253271103,415.3714382648468,374.5169786810875,420.9730405807495,387.9220935702324,208.0090600848198,203.7177214026451,204.74760830402374,205.4717788696289,206.5103669166565,215.8849691748619,215.86535012722015,208.56784856319427,209.60652709007263,190.45170140266418,196.55031478405,291.0580269098282,291.68393635749817,353.5496549606323,352.33191680908203,387.008349776268,388.72683358192444,0.5480954647064209,0.3402526378631592,0.5119999647140503,0.6088368892669678,0.6332875490188599,0.5080920457839966,0.3793502748012543,0.4650019109249115,0.485230028629303,0.5578526258468628,0.5527981519699097,0.7134152054786682,0.6800573468208313,0.6057945489883423,0.6192063689231873,0.5590291023254395,0.46413007378578186
33,15.768999990541488,93.60275975195665,368.9865913391113,371.40404665470123,361.02523362636566,386.8298897743225,356.49587029218674,419.93251514434814,347.83146208524704,486.1060791015625,282.265888273716,535.6394253969193,240.43590933084488,425.0618131160736,377.502414226532,419.72813004255295,372.5640398263931,423.8417114019394,384.1931426525116,206.9949769973755,202.91261661052704,204.22332280874252,205.88361299037933,206.72261756658554,214.44496726989746,218.98590970039368,205.80931395292282,208.66321432590485,184.2298243045807,193.31195044517517,291.01694905757904,292.0171434879303,354.46890008449554,353.60816526412964,387.3765424489975,389.2764081954956,0.6114579439163208,0.3613162636756897,0.5439441204071045,0.45358332991600037,0.660876989364624,0.6234349608421326,0.6299235224723816,0.5659458637237549,0.5301364660263062,0.6821495294570923,0.6015542149543762,0.7200745940208435,0.6957021355628967,0.6507781744003296,0.6774674654006958,0.5512545108795166,0.44554391503334045
34,16.130800009705126,92.87285786955692,367.4292287826538,371.4966448545456,361.1400982141495,385.21493434906006,359.35003584623337,412.4265746474266,349.03542602062225,485.80082619190216,286.4463490843773,519.3324542045593,245.28267574310303,422.2030979394913,379.5769885778427,418.1267431974411,372.7386382818222,424.3048094511032,386.24472802877426,204.434095621109,201.3835071325302,202.1196210384369,204.46286821365356,205.33141446113586,214.52112114429474,218.4369684457779,201.51289331912994,207.2579566836357,175.4016147851944,189.36642575263977,292.1234874725342,293.11481487751007,352.7752379179001,354.37471055984497,385.2934550046921,388.68213653564453,0.5745545029640198,0.4717239439487457,0.46763166785240173,0.5996971726417542,0.6615520119667053,0.514805793762207,0.5067770481109619,0.6348296999931335,0.6445470452308655,0.5054590702056885,0.5402209758758545,0.7260335683822632,0.6814650297164917,0.46848800778388977,0.6627212166786194,0.39709338545799255,0.4569891691207886
35,14.891300001181662,94.71549705149307,368.92407417297363,370.9569525718689,362.5878683924675,386.7601734995842,357.5007480978966,418.62680023908615,342.9389318227768,483.1244705915451,285.9751420021057,499.4951364994049,242.7419791817665,427.8770927786827,376.78202164173126,420.225055873394,370.81165903806686,425.7097596526146,383.3502849340439,202.9090124964714,197.81071418523788,201.0436195731163,204.59448623657227,205.92530912160873,216.22408765554428,218.4322634935379,202.82313203811646,207.0095442533493,178.3013130426407,185.45449924468994,291.32231855392456,292.91597032546997,353.98187720775604,354.2760875225067,385.48334205150604,388.92953860759735,0.4983317255973816,0.4538898169994354,0.45007625222206116,0.4186113476753235,0.6666198968887329,0.6309682130813599,0.6983479857444763,0.7207271456718445,0.6881859302520752,0.5815635323524475,0.6601586937904358,0.7126904726028442,0.6704089045524597,0.46254122257232666,0.5047957301139832,0.4070475399494171,0.41067931056022644
36,15.217699983622879,96.08417868102913,369.7145309448242,370.34612560272217,362.5497853755951,386.95082944631577,355.156461417675,422.3901677131653,339.1436902284622,479.30669498443604,291.8926219344139,469.7971810102463,250.74441730976105,429.1165437698364,376.5701965689659,420.1548043489456,370.74965035915375,427.0704447031021,382.76517671346664,200.94618785381317,196.87197065353394,200.3704344034195,205.8264297246933,208.14392030239105,217.5368447303772,218.10991394519806,206.28869128227234,209.92705196142197,175.4465832710266,185.79186844825745,292.9806332588196,294.7588337659836,354.1530349254608,353.66371989250183,385.7969150543213,389.2073720693588,0.4218464195728302,0.4646613895893097,0.4379759728908539,0.5757924914360046,0.6026021242141724,0.5993327498435974,0.5443202257156372,0.5879998803138733,0.6112255454063416,0.5320762991905212,0.7351592183113098,0.6700975894927979,0.6027011871337891,0.4373971223831177,0.4932263493537903,0.4058400094509125,0.41390642523765564
37,14.976400008890778,105.1525454921514,372.3818943500519,371.58929657936096,364.6499981880188,388.8397256731987,356.35796320438385,427.495432972908,342.41644781827927,474.9493341445923,294.8759700059891,452.97042882442474,263.9382691383362,427.4928905367851,376.6682275533676,419.6033365726471,372.1532891988754,423.5143526792526,385.78684866428375,201.38528656959534,197.4676296710968,200.6382246017456,207.36292839050293,209.1889173388481,221.56165993213654,222.7055665254593,208.71269172430038,218.45756769180298,174.62532782554626,189.84673804044724,294.454399228096,295.8101191520691,359.1740634441376,356.19549691677094,385.9898180961609,387.6281669139862,0.4010162651538849,0.5156891345977783,0.4596627950668335,0.5489559173583984,0.5619656443595886,0.6054174304008484,0.6880277991294861,0.5828158259391785,0.6738229393959045,0.5334920287132263,0.4639061689376831,0.6635953783988953,0.58512282371521,0.5204081535339355,0.6145150065422058,0.45570555329322815,0.38277044892311096
38,14.736199984326959,96.98622064456829,382.79672968387604,388.99088019132614,376.20475482940674,398.32459139823914,366.9074138402939,428.3985598087311,349.8733594417572,464.96532130241394,295.7693552970886,434.491574883461,266.75603771209717,424.113109767437,373.5588014125824,418.8232636451721,374.0242010354996,423.874816596508,385.7892037630081,195.178956925869,194.33389019966125,194.76569020748138,204.0330286026001,206.18029642105103,218.29295468330383,224.87100571393967,215.9152648448944,221.0647747516632,189.24129211902618,198.0289968252182,293.3939150571823,294.93897914886475,356.38197588920593,355.28397274017334,385.7532434463501,387.7293837070465,0.4722401201725006,0.5034025311470032,0.48829004168510437,0.5847722887992859,0.7001239657402039,0.4903617799282074,0.6652632355690002,0.5113188028335571,0.6687715649604797,0.5341695547103882,0.5116275548934937,0.7045742869377136,0.5772523880004883,0.5541723370552063,0.6290484070777893,0.48298895359039307,0.41860100626945496
39,15.061599959153682,72.7481255599547,381.27565705776215,386.2880564928055,375.12997341156006,402.0197948217392,371.44852590560913,422.9388789534569,348.917671084404,454.6326467990875,296.2700546383858,430.06773602962494,280.87169659137726,424.78744411468506,375.0478125810623,417.8699303865433,370.5397789478302,423.342591047287,382.09600752592087,198.43870466947556,195.98158860206604,197.05407643318176,203.3692684173584,203.58415806293488,219.74717700481415,221.83343124389648,228.72736251354218,231.3266978263855,221.45727634429932,215.54306089878082,293.68420457839966,294.6439243555069,354.81510615348816,354.5265357494354,388.25597643852234,390.4106032848358,0.5088673233985901,0.4716862440109253,0.48822021484375,0.576771080493927,0.6227118372917175,0.5452876091003418,0.49976781010627747,0.35094940662384033,0.5652483701705933,0.21318243443965912,0.45688799023628235,0.7491394877433777,0.6507698893547058,0.596470832824707,0.6995734572410583,0.48250460624694824,0.431538850069046
40,15.094299975316972,56.77047320894661,374.34320986270905,386.95599460601807,372.17673313617706,401.9984115958214,363.8677307367325,426.85002887248993,350.852063536644,451.0214240550995,290.5234799385071,385.4410238265991,300.27045744657516,424.1242429614067,373.51004016399384,417.71623343229294,369.05515682697296,427.0852175951004,381.79078137874603,204.78464472293854,199.9247909784317,201.94387900829315,206.3118993639946,206.9432828426361,219.36987602710724,229.34319853782654,236.43259644508362,238.41927760839462,225.82733249664307,231.28049278259277,297.86015129089355,298.4684171676636,357.94202947616577,354.2575693130493,386.35879492759705,387.4622871875763,0.3837190270423889,0.5063326954841614,0.5155646204948425,0.6297768950462341,0.6626178026199341,0.6115683317184448,0.6178605556488037,0.459871768951416,0.562353253364563,0.3355608880519867,0.49701976776123047,0.6816028952598572,0.6200299263000488,0.4972571134567261,0.5181624889373779,0.44789037108421326,0.3970085382461548
41,14.883600000757724,31.2924961462032,376.84443175792694,385.94287395477295,371.95861887931824,404.11454808712006,366.7817907333374,433.7912006378174,347.71169996261597,445.0950322151184,308.58521378040314,375.7712560892105,307.76505064964294,425.61975741386414,374.02869713306427,413.5918400287628,366.30493676662445,421.6289088129997,379.87838768959045,213.2492458820343,207.93806356191635,208.68854868412018,207.81768012046814,208.29731380939484,220.2949721813202,225.7343192100525,245.0130872130394,244.635258436203,239.02261233329773,239.5118670463562,289.6730819940567,288.5459141731262,354.6487740278244,351.86534237861633,388.8733204603195,389.39557015895844,0.41117531061172485,0.3484324812889099,0.38383734226226807,0.6325576901435852,0.6202054023742676,0.6128292679786682,0.4752129018306732,0.5486683249473572,0.5400714874267578,0.250641405582428,0.44928303360939026,0.6733412146568298,0.5797789692878723,0.5356597900390625,0.6315149068832397,0.44912421703338623,0.41935110092163086
42,15.407599974423647,36.40764955388781,374.9405753016472,386.3416885137558,373.3556741476059,400.4748500585556,369.49408835172653,430.45795983076096,352.01829236745834,444.70266741514206,327.84858322143555,409.74443835020065,325.1805239915848,420.38255310058594,371.4340206384659,408.3221995830536,367.0943498015404,420.9084359407425,375.84760946035385,211.31852650642395,206.91921520233154,206.568666100502,206.97190463542938,206.7443327307701,223.51985502243042,226.0173100233078,250.88316357135773,254.35517704486847,246.88167709112167,254.56825709342957,287.80717635154724,287.13822865486145,349.9264496564865,350.91319274902344,387.24142587184906,386.7541617155075,0.4083092510700226,0.5113805532455444,0.5310675501823425,0.6708726286888123,0.6442499756813049,0.6107470989227295,0.5225005745887756,0.49168863892555237,0.4731377363204956,0.20438793301582336,0.3989391326904297,0.6715038418769836,0.5357673168182373,0.47720420360565186,0.6394846439361572,0.5424354076385498,0.4486005902290344
43,14.8443000507541,19.50021971961058,375.50459468364716,380.36139702796936,369.31180906295776,399.0091490149498,363.41236704587936,431.2894167304039,355.5896925330162,439.2579200267792,320.3801102042198,393.2973655462265,320.16876685619354,425.225438952446,372.56213968992233,410.68773567676544,367.94274735450745,423.63505148887634,374.85255348682404,214.58821195363998,208.53129470348358,210.7564355134964,209.2947335243225,209.2778137922287,225.48435354232788,228.1301954984665,257.43996691703796,260.38472414016724,270.4680701494217,279.2336676120758,288.479532122612,287.77318608760834,351.0901110172272,350.6698622703552,386.3601219654083,386.93500077724457,0.6000763177871704,0.45664188265800476,0.5602207183837891,0.6112829446792603,0.5993426442146301,0.5983086228370667,0.552932858467102,0.5139802694320679,0.5614814758300781,0.20230261981487274,0.41878101229667664,0.6819791793823242,0.5667760372161865,0.48133814334869385,0.5769707560539246,0.3716176450252533,0.36934882402420044
44,15.095100039616227,38.23045766484822,373.26387882232666,386.31117928028107,373.53712379932404,400.6387702822685,365.5939110517502,428.0303882956505,357.73719465732574,445.50348126888275,332.99624025821686,405.57366555929184,332.70091623067856,419.8173829317093,369.79971593618393,409.8419876098633,363.2099623680115,422.73106825351715,373.66681480407715,215.0079630613327,209.81389182806015,210.81749433279037,209.88626062870026,209.58951687812805,226.57478654384613,230.01612734794617,255.93420124053955,260.33339190483093,285.36581885814667,291.60470616817474,289.19776117801666,288.59917664527893,348.88638377189636,348.36938190460205,386.5776355266571,385.15143179893494,0.45788297057151794,0.42588314414024353,0.5025812387466431,0.5497304797172546,0.5314316153526306,0.5022293925285339,0.459513783454895,0.5959246158599854,0.4059339761734009,0.40697431564331055,0.46317386627197266,0.6214234828948975,0.4973243176937103,0.3959152400493622,0.5689874887466431,0.39261218905448914,0.3648066520690918
45,15.110399981494993,40.85425279226612,376.0697648525238,380.9040867090225,365.8288321495056,398.1520804166794,364.74955463409424,426.9072470664978,349.97885715961456,447.0932799577713,338.4218792319298,420.2146987915039,335.00926089286804,418.0989369750023,369.66512739658356,416.333549618721,368.2668945789337,422.92375814914703,378.6942815184593,213.7652223110199,207.78016114234924,208.18466639518738,208.90277481079102,209.0801454782486,226.99765920639038,228.7536619901657,257.9111558198929,262.034775018692,294.82862389087677,296.7005615234375,292.05689430236816,290.8155107498169,352.9923895597458,350.02468061447144,388.64890027046204,387.96107244491577,0.5666189193725586,0.4451836049556732,0.5377667546272278,0.5906742811203003,0.5681840181350708,0.5041929483413696,0.44120869040489197,0.5791723728179932,0.4251687526702881,0.44642260670661926,0.45831194519996643,0.6255691647529602,0.5047000050544739,0.4956870973110199,0.5215346813201904,0.3405172526836395,0.2668644189834595
46,14.879000023938715,48.544767924388545,372.4059538245201,384.7122813463211,369.7731943130493,397.0347466468811,363.2075002193451,428.0201115012169,354.51520550251007,451.39593827724457,339.98355054855347,431.283743083477,331.08748626708984,414.2746045589447,366.63507878780365,415.514510512352,366.9919030070305,417.8366378545761,380.6126432418823,213.74251186847687,208.06963634490967,207.99946922063828,208.61268132925034,209.114784181118,228.68227338790894,232.50249856710434,259.0204689502716,263.85206282138824,302.4957356452942,296.5878236293793,299.85945439338684,299.35445618629456,359.5273269414902,355.410765171051,392.5965361595154,390.74890744686127,0.41537168622016907,0.47516849637031555,0.5400428175926208,0.5849086046218872,0.5890713334083557,0.4844590723514557,0.48265230655670166,0.4530775249004364,0.438630074262619,0.4561551809310913,0.3153190612792969,0.6006938815116882,0.5819897651672363,0.45222747325897217,0.5784446597099304,0.36083173751831055,0.3321315050125122
47,14.780999976210296,38.410872793991324,375.7188016176224,369.0043081045151,376.71367025375366,366.25403451919556,394.3117172718048,351.90538144111633,431.32121056318283,338.9635251760483,457.70021641254425,320.27528154850006,451.36548256874084,371.48786675930023,426.48391807079315,369.474685549736,421.1449627876282,386.0536171197891,422.11194491386414,210.97740238904953,207.78477561473846,206.00144791603088,210.39006751775742,206.88492333889008,231.67598021030426,228.7810623049736,264.38115882873535,260.0609872341156,302.5076789855957,297.3038811683655,296.4483036994934,296.9048047065735,352.3811378479004,354.44064021110535,390.38092589378357,389.1248846054077,0.42511677742004395,0.45730507373809814,0.31317952275276184,0.6027088761329651,0.5141471028327942,0.4899100065231323,0.5796024799346924,0.41160401701927185,0.5599092245101929,0.35855215787887573,0.3113898038864136,0.48537570238113403,0.49822738766670227,0.5093684196472168,0.5504937767982483,0.3567449152469635,0.3512859046459198
48,14.774199982639402,44.60564579300345,370.0582683086395,370.32032656669617,369.51349115371704,374.7451288700104,374.5970520377159,378.99180006980896,405.6564954519272,341.96044182777405,458.80620288848877,319.36343014240265,464.04843854904175,378.29455703496933,416.90508925914764,367.4896584749222,410.0756508708,386.28586196899414,415.2580188512802,211.2381049990654,206.81997388601303,206.655375957489,208.24881660938263,206.791261613369,227.833300948143,226.76090359687805,264.6082330942154,259.0941195487976,298.7712230682373,290.32975459098816,295.1513353586197,296.3405120372772,349.98882043361664,354.157528758049,388.6554751396179,387.3805537223816,0.4529740810394287,0.4213272035121918,0.3911741375923157,0.38083991408348083,0.35789358615875244,0.3580757677555084,0.41284388303756714,0.42631638050079346,0.4497503638267517,0.28096798062324524,0.31812232732772827,0.4079955220222473,0.40210846066474915,0.4178560972213745,0.4040376543998718,0.31410133838653564,0.31686893105506897
49,14.84860002528876,52.65294930153781,362.94485318660736,368.06799578666687,361.7024850845337,379.4634085893631,367.3667919039726,391.71655905246735,378.08894085884094,347.2193505167961,345.3576449751854,487.91822052001953,321.3124081492424,391.97061532735825,396.7186014056206,373.80153715610504,391.59286284446716,396.45523178577423,404.38988053798676,211.73907685279846,205.9350809454918,205.9711673259735,207.37063425779343,206.2604615688324,227.04226577281952,227.96950328350067,261.26847100257874,257.94973039627075,282.20200991630554,283.37725269794464,293.33184587955475,293.94538974761963,348.54307305812836,351.32795238494873,387.72902178764343,386.7082281112671,0.43586379289627075,0.49655622243881226,0.4528510570526123,0.4583375155925751,0.48570650815963745,0.4261138141155243,0.4613848030567169,0.36224955320358276,0.3771331310272217,0.2859433591365814,0.317685067653656,0.36402925848960876,0.4007113575935364,0.3197211027145386,0.3039441406726837,0.320730596780777,0.29578107595443726
50,14.770600013434887,64.8474232524285,364.4377984404564,371.9333283305168,357.34595388174057,389.4079467654228,353.6243626475334,413.6434113383293,349.7243994474411,468.7926778793335,334.4262133836746,506.5209312438965,312.4350508451462,417.25921046733856,368.6206946372986,409.7279794216156,366.6140434741974,413.33810490369797,381.8894011378288,210.0873219370842,203.92359322309494,205.00909507274628,204.68730348348618,206.0029559135437,222.55485725402832,228.54756397008896,245.05475318431854,262.0764560699463,275.67455220222473,272.4337147474289,292.5295308828354,291.9399038553238,352.1417281627655,345.2289469242096,388.2773598432541,387.23204612731934,0.48964956402778625,0.367715448141098,0.5262208580970764,0.4324115514755249,0.5290159583091736,0.5788703560829163,0.6428760290145874,0.378179669380188,0.471212238073349,0.5839603543281555,0.3866492807865143,0.6099734306335449,0.6045492887496948,0.4026055335998535,0.48884153366088867,0.3948315680027008,0.31775128841400146
51,15.17149998107925,73.6918149591067,362.1621307730675,366.01999658346176,359.92508137226105,376.70264410972595,365.1380923986435,387.47376841306686,373.0228558778763,473.28663444519043,334.3519742488861,534.0110887289047,313.0830776691437,391.71926206350327,393.0117830634117,380.36008566617966,382.59678715467453,398.92819249629974,400.7830736041069,210.83424818515778,205.52955025434494,205.7820644378662,206.54803669452667,205.59710854291916,221.84946125745773,225.12947648763657,241.3236808180809,254.2021152973175,274.23293673992157,264.0205966234207,290.8251619338989,291.1763142347336,348.4905947446823,347.8398334980011,387.87879610061646,386.7822707891464,0.43876901268959045,0.5161373615264893,0.4721531569957733,0.4573809802532196,0.5502944588661194,0.43541163206100464,0.4479363262653351,0.3715428411960602,0.35311105847358704,0.31416791677474976,0.3262292444705963,0.5219020843505859,0.5298038721084595,0.38471347093582153,0.36079490184783936,0.3566974401473999,0.3132096230983734
52,15.166099998168647,63.317176799099016,371.7938690185547,361.5917419195175,373.94407415390015,357.3379251360893,392.7806890010834,345.841912150383,423.91621816158295,319.66964650154114,477.7557554244995,311.33548736572266,536.2527145147324,370.66510766744614,420.99910724163055,366.4585534334183,410.1084081530571,379.44879627227783,412.05800169706345,207.64039993286133,204.77464669942856,203.5395364165306,208.1878935098648,204.56013405323029,225.4152570962906,220.40148204565048,252.86931693553925,236.45230597257614,253.45360565185547,255.4490181207657,294.7955685853958,291.50195121765137,348.5681359767914,352.8837835788727,390.4291214942932,390.6308915615082,0.4918457865715027,0.5683392286300659,0.3470078706741333,0.6165666580200195,0.5001745223999023,0.6868078708648682,0.4382963478565216,0.5076979398727417,0.6755101680755615,0.4554252624511719,0.3751662075519562,0.5774997472763062,0.6860248446464539,0.6072350144386292,0.5751102566719055,0.38342538475990295,0.3991383910179138
53,14.639500004705042,68.84993538680011,369.1056308746338,369.53875494003296,373.672434926033,365.9274786710739,387.1219755411148,347.27448123693466,420.3158342242241,319.8003544807434,487.19541931152344,322.2046961784363,545.8051555156708,371.3663650751114,418.53198075294495,368.30315774679184,406.70419323444366,390.28578305244446,408.1857109069824,208.04464882612228,205.00909507274628,201.58734315633774,207.2479435801506,204.63631808757782,225.5827956199646,220.12746381759644,249.1217621564865,229.68554413318634,237.22369194030762,243.63037413358688,293.8475810289383,291.0864074230194,346.693182349205,351.17274928092957,389.2489023208618,389.5824110507965,0.33244791626930237,0.4915500581264496,0.3244077265262604,0.6446352601051331,0.39902859926223755,0.5291948318481445,0.5356258749961853,0.36973822116851807,0.5383822917938232,0.32138264179229736,0.4909575283527374,0.47411084175109863,0.624499499797821,0.5358282327651978,0.45423445105552673,0.3748135268688202,0.38801059126853943
54,14.886700024362653,84.3714427188126,370.28604382276535,377.5727192759514,366.5573872923851,389.7231285572052,358.1694087982178,414.46713387966156,346.9799600839615,489.0363036394119,335.1000124812126,534.9999625682831,315.45966666936874,416.01132929325104,372.2719005346298,405.4900595545769,365.90117114782333,412.4863352775574,374.11358773708344,207.59455680847168,203.9704014658928,204.5758775472641,206.0245805978775,205.8206540942192,218.3086680173874,223.04102057218552,223.9982521533966,246.97408717870712,229.53946441411972,235.25934422016144,288.2178945541382,288.5601496696472,347.25708293914795,343.205485701561,388.9205207824707,387.7012143135071,0.3679085373878479,0.48410773277282715,0.5413939356803894,0.4905896782875061,0.6208619475364685,0.5088357329368591,0.4080025553703308,0.5613066554069519,0.25836917757987976,0.4199775159358978,0.41339507699012756,0.6588113903999329,0.6091493368148804,0.45570921897888184,0.6646862626075745,0.5097478628158569,0.48048481345176697
55,14.991600008215755,70.10799238344003,373.45140355825424,375.0237263441086,361.60354417562485,388.70213973522186,357.0275605916977,413.5677270293236,349.7697083353996,464.49992167949677,352.983240544796,522.5642919540405,347.8350750207901,419.36383908987045,371.2167360186577,414.9876106977463,364.4089217185974,418.9940618276596,375.04291504621506,204.7240383028984,198.5601286292076,199.0785027742386,203.09515970945358,203.66115641593933,219.8357416987419,224.53425478935242,233.71141493320465,257.1009992361069,224.35436576604843,253.60154020786285,291.0579364299774,291.357545375824,346.2173789739609,341.61584520339966,388.2481348514557,386.88713693618774,0.5001774430274963,0.4678943455219269,0.4721337556838989,0.3619937300682068,0.49652692675590515,0.4524691700935364,0.40643247961997986,0.34151652455329895,0.36794501543045044,0.34077784419059753,0.15610718727111816,0.6856436133384705,0.5798279643058777,0.5038431882858276,0.4799700975418091,0.47475600242614746,0.37925663590431213
56,14.613599982112646,85.84130963780711,368.1700679063797,373.0708142518997,359.98387855291367,387.84587401151657,354.32476365566254,417.80516517162323,350.5853486061096,483.975035905838,346.06789457798004,556.1121380329132,330.44347381591797,420.4479338526726,373.5885345339775,412.1713408231735,358.5785269141197,416.8256046772003,374.01638638973236,208.7834017276764,203.48827958106995,204.30654919147491,204.82047474384308,205.25786942243576,216.33165311813354,220.75177478790283,218.69317722320557,252.12890523672104,213.16075658798218,220.73877584934235,287.9010944366455,288.79090344905853,347.900997877121,343.03939485549927,387.9583580493927,386.7306671142578,0.4720114469528198,0.4250899851322174,0.5641773343086243,0.42915841937065125,0.5123254656791687,0.5442664623260498,0.5346992015838623,0.540607750415802,0.3018208146095276,0.39817941188812256,0.24829916656017303,0.6630916595458984,0.6273195147514343,0.5134006142616272,0.5329857468605042,0.5012715458869934,0.44340962171554565
57,14.77010000962764,87.69747916591773,366.4833087325096,371.63637179136276,358.8567764759064,387.12221640348434,354.5186846256256,418.88974165916443,347.15447825193405,484.8945949077606,302.8996040225029,551.5887427330017,264.50879180431366,425.10779106616974,376.00558841228485,414.68294656276703,360.57950443029404,416.3000429868698,373.2672508955002,208.2988519668579,202.94930619001389,204.05676448345184,204.7359665632248,204.63526248931885,214.69986408948898,218.12758767604828,211.86951863765717,226.85038816928864,199.48350566625595,215.41340327262878,289.40676963329315,289.77276062965393,349.4223864078522,343.06406569480896,388.4981608390808,386.88119542598724,0.5620533227920532,0.3874683678150177,0.5006881952285767,0.41487637162208557,0.5395090579986572,0.6354755163192749,0.6638671159744263,0.5753484964370728,0.2205483615398407,0.5246630311012268,0.3510122001171112,0.7088199257850647,0.6761952042579651,0.5938910841941833,0.6824304461479187,0.5090699791908264,0.48845037817955017
58,14.63829999556765,87.78873057775712,365.39249658584595,370.88316839933395,358.27565586566925,385.981893658638,354.66585153341293,420.337752699852,347.0501848459244,487.4260048866272,277.9482429623604,538.5875272750854,227.57562512159348,426.9582831263542,377.27921509742737,417.94331312179565,364.3845143318176,417.1162987947464,372.33401626348495,205.29912823438644,201.6968388557434,202.5350291132927,203.15573596954346,204.56925743818283,213.9092662334442,215.5930359363556,210.9319362640381,209.8634898662567,193.03493130207062,197.672837972641,293.5452878475189,293.69699239730835,355.05210304260254,348.90945613384247,387.88853776454926,388.9851233959198,0.5609776377677917,0.4590016305446625,0.4384688436985016,0.5759623646736145,0.5508361458778381,0.6564288139343262,0.6940035820007324,0.7025512456893921,0.517185389995575,0.7442163228988647,0.6979639530181885,0.7276214957237244,0.6926693916320801,0.6448569893836975,0.6524515151977539,0.4836653172969818,0.46502307057380676
59,14.913599996361881,91.14452884357536,364.7098926305771,369.95255649089813,359.0594755411148,386.8251795768738,357.2526063323021,422.1767101287842,348.0613250732422,493.2028479576111,285.6873917579651,524.8590145111084,236.35323864221573,425.8387815952301,378.04783368110657,418.28817451000214,363.6020327806473,422.79438829421997,372.0719312429428,202.11838448047638,197.88472670316696,200.73138868808746,201.88853549957275,203.97776049375534,211.19701206684113,215.6083421111107,206.4853793978691,208.0865711569786,186.58763873577118,194.1228157877922,290.296910405159,291.23949933052063,351.6038556098938,347.851233959198,387.81274580955505,389.74482238292694,0.4695931375026703,0.5096281170845032,0.3920367956161499,0.5000759363174438,0.5906857252120972,0.6508700847625732,0.7237565517425537,0.6856921911239624,0.5743398070335388,0.5180273056030273,0.5565968155860901,0.7457130551338196,0.7345519661903381,0.5549544095993042,0.6909213662147522,0.3561638295650482,0.5051223635673523
60,14.939200016669929,97.94439157425752,369.57790845632553,370.29950535297394,363.5278471708298,387.8492728471756,360.18440985679626,423.2993428707123,347.0033504962921,488.54965460300446,286.4746370315552,511.00343346595764,243.84247934818268,423.98911917209625,375.4235578775406,411.3759865164757,362.67787063121796,417.6469453573227,377.7760071158409,202.63846266269684,197.40121746063232,200.82204949855804,204.0898801088333,204.43690049648285,213.1259821653366,215.73647665977478,203.43064391613007,207.78715825080872,175.92044132947922,190.07614970207214,291.0487678050995,292.11184573173523,352.621693611145,347.5222190618515,387.22863805294037,387.17012774944305,0.4788506329059601,0.44528928399086,0.42873498797416687,0.3980032503604889,0.61281418800354,0.6227439641952515,0.7023822665214539,0.5078942775726318,0.6313022971153259,0.5817559957504272,0.5211105346679688,0.7420845627784729,0.7118106484413147,0.5675024390220642,0.6725742220878601,0.5035921335220337,0.4283406734466553
61,15.017899975646287,96.6893815031341,362.5104712843895,369.5802903175354,357.04589289426804,387.0221247076988,356.0899636745453,420.5144118666649,342.9344892501831,482.2434495687485,285.3005935549736,485.48144268989563,246.49445432424545,425.76352548599243,376.29625576734543,411.561798453331,363.0361132621765,420.1547240614891,378.49722933769226,200.86952126026154,197.33610212802887,197.97335171699524,202.71784365177155,204.19833528995514,213.47499310970306,215.8731313943863,202.00130355358124,206.18474501371384,173.12949985265732,186.38047003746033,291.67591381073,292.96145153045654,352.89741587638855,347.9769104719162,386.74161517620087,386.3600013256073,0.4452425539493561,0.5347362160682678,0.5148005485534668,0.5380887985229492,0.5812796354293823,0.6007611155509949,0.7024086117744446,0.6965934038162231,0.6701796054840088,0.5249699950218201,0.6835454106330872,0.7389518618583679,0.7095080018043518,0.5466591119766235,0.6549032926559448,0.5754497647285461,0.4224429428577423
62,14.882499992381781,108.49330015159275,369.75413942337036,372.32355213165283,363.51162910461426,388.9659643173218,358.2122020125389,430.932164311409,343.32348197698593,477.3818299770355,294.1428384780884,455.80516481399536,257.40790152549744,424.5550119280815,373.88230633735657,411.07068008184433,361.09363853931427,422.74782156944275,376.0040094256401,193.16167849302292,191.93189144134521,192.71074199676514,200.49285364151,202.09573435783386,213.05317604541779,216.6077071428299,201.57562601566315,209.78638595342636,163.2151551246643,188.13496482372284,292.07673954963684,293.198689699173,348.67601811885834,348.05903601646423,384.0869665145874,385.170734167099,0.391518771648407,0.4174497127532959,0.4410904347896576,0.33673083782196045,0.5206902623176575,0.590197741985321,0.7587800621986389,0.6882765889167786,0.6663745641708374,0.695472002029419,0.7043930888175964,0.7515673637390137,0.6977689862251282,0.4224642217159271,0.6330377459526062,0.602078378200531,0.4850626587867737
63,14.78179998230189,114.73145362472992,375.16412234306335,377.6380197405815,369.93855971097946,393.7583493590355,361.5309910774231,431.1262458562851,347.6829035282135,465.5937044620514,300.62059104442596,427.7370982170105,266.6848227381706,423.75050485134125,371.64204543828964,411.4218841791153,360.7167692184448,421.60899752378464,378.3777080774307,187.98380315303802,190.30298268795013,190.69361436367035,200.96871733665466,203.05070394277573,215.7675263285637,218.9281684756279,203.53617358207703,214.83333694934845,165.7214017510414,190.58710449934006,296.9172306060791,297.28862023353577,356.51857030391693,351.88274466991425,383.95323729515076,384.65023374557495,0.4186681807041168,0.492981880903244,0.421947717666626,0.4444856643676758,0.5883738398551941,0.6170294284820557,0.7048494219779968,0.6834473609924316,0.413652241230011,0.4635522663593292,0.3952777087688446,0.6268370151519775,0.5280411243438721,0.39585283398628235,0.5274415612220764,0.5892630815505981,0.4505731463432312
64,14.714899996761233,106.44550992414821,383.24101370573044,388.5825649499893,376.8396145105362,398.37875866889954,371.9198132753372,430.7716964483261,353.44740909338,453.63387084007263,295.6397713422775,410.194877743721,282.52053332328796,422.15337324142456,372.988974571228,410.6558883190155,361.34962171316147,422.0722026228905,371.72530353069305,188.83609318733215,187.97569012641907,188.0134956240654,198.40871059894562,199.02554190158844,216.11745715141296,220.36082643270493,211.93570464849472,225.32845675945282,189.41067039966583,204.3376441001892,297.0278573036194,297.5782462358475,353.8023953437805,351.8456780910492,384.6904067993164,385.67898964881897,0.4958711862564087,0.5212926864624023,0.5199070572853088,0.4955384433269501,0.4972113370895386,0.6273741722106934,0.6543349623680115,0.45505884289741516,0.5378232002258301,0.4886375367641449,0.6489410996437073,0.6648659706115723,0.5550870895385742,0.3059535622596741,0.5311811566352844,0.5968993902206421,0.5472698211669922
65,14.80280002579093,70.3493816145846,374.4453890323639,376.34547197818756,366.3344022631645,391.3698510527611,362.7001370191574,424.49402022361755,351.44057059288025,456.5546749830246,297.06765699386597,400.56209576129913,297.5303803682327,421.8929742574692,372.6193311214447,408.9988622665405,361.24556916952133,422.25587356090546,371.8325140476227,198.165214240551,194.49590945243835,195.68467897176743,201.1653300523758,202.44712793827057,214.8810047507286,221.6971082687378,227.53631591796875,233.66504400968552,217.88633823394775,220.0310424566269,293.702360868454,294.0803555250168,352.0616534948349,348.4611586332321,387.2935121059418,388.1114499568939,0.4116840362548828,0.5274818539619446,0.47543448209762573,0.44238394498825073,0.589847981929779,0.5115115642547607,0.5280295014381409,0.35254722833633423,0.38981011509895325,0.23934921622276306,0.5408523678779602,0.7000775933265686,0.6002598404884338,0.5033870339393616,0.5903863310813904,0.6063709259033203,0.5147045850753784
66,15.547100047115237,50.594020955601906,374.149288892746,384.44768065214157,366.8811866044998,403.6247143149376,364.50277775526047,428.73619532585144,345.2320753931999,445.55754148960114,316.5858588218689,383.5165870189667,322.52563190460205,421.94253838062286,374.5782915353775,407.3803206682205,359.07727259397507,422.194801568985,369.7671995162964,206.09890979528427,202.6270923614502,203.8778104186058,204.28374826908112,205.75929367542267,215.19617623090744,223.45535796880722,231.77659380435944,236.56629550457,221.4305546283722,230.7091276049614,290.124787569046,290.3284878730774,348.28143548965454,343.0799298286438,386.5477168560028,386.86309945583344,0.37816566228866577,0.35006237030029297,0.3447226285934448,0.5782607793807983,0.5778546333312988,0.5725677609443665,0.4483860433101654,0.47919782996177673,0.3640614151954651,0.18953102827072144,0.36791229248046875,0.6602896451950073,0.6077354550361633,0.43537843227386475,0.4792344570159912,0.570509135723114,0.5241879224777222
67,15.088799991644919,33.627766674904244,376.2082874774933,385.1960400342941,370.4558517932892,402.08651369810104,364.2371868491173,433.75169920921326,345.1377911567688,444.4901465177536,320.671500146389,396.85961294174194,333.9368345737457,421.33438766002655,371.6276204586029,405.95746636390686,360.4598225951195,418.8307303786278,369.0284211039543,211.5885787010193,206.59522193670273,207.0126507282257,204.22056317329407,205.07565808296204,218.98011898994446,221.7802290916443,243.6042556166649,242.20344656705856,233.14947474002838,238.4019205570221,288.9307551383972,287.5531692504883,347.5254763364792,344.8827106952667,387.2167248725891,387.56241822242737,0.39293235540390015,0.3218516409397125,0.3773413896560669,0.6114270687103271,0.6501008868217468,0.5257856845855713,0.41439110040664673,0.4887828230857849,0.4872375726699829,0.2878762185573578,0.40710848569869995,0.6644249558448792,0.5463756918907166,0.42243054509162903,0.5996836423873901,0.5225661396980286,0.4766315817832947
68,14.939900022000074,32.02041934317448,371.86770671606064,377.0607261657715,367.5638708472252,395.5456551909447,367.37971818447113,425.81777304410934,351.4865485429764,439.08680069446564,333.2169772386551,393.126406788826,328.667381465435,417.426342189312,371.3166403770447,409.4166781902313,359.19053143262863,418.2093054652214,366.18827909231186,205.49540919065475,200.92110985517502,201.7666289806366,201.94351708889008,201.37682670354843,219.82761359214783,222.60128849744797,248.28948324918747,252.1986802816391,254.39417386054993,256.3684743642807,287.9216032028198,286.63926243782043,346.40180706977844,341.72562742233276,388.11971378326416,386.0743262767792,0.6024637222290039,0.41414955258369446,0.564889669418335,0.5018943548202515,0.4861356317996979,0.4314889907836914,0.4646502435207367,0.42657455801963806,0.502566933631897,0.18265999853610992,0.473680704832077,0.6289453506469727,0.4708130657672882,0.46922749280929565,0.6034269332885742,0.5078702569007874,0.45218050479888916
69,14.714100048877299,8.842020477894176,363.1418518424034,371.50534266233444,360.4980394244194,392.67032051086426,367.6837667822838,428.2613753080368,354.9963949918747,431.0715433359146,327.08462131023407,370.9923861026764,325.38295543193817,423.5082775950432,373.14652532339096,405.7309219241142,356.1410264968872,416.60722279548645,368.35542488098145,208.39046281576157,204.17814320325851,204.31004774570465,204.12727844715118,203.2287079691887,220.7299239039421,222.11946821212769,255.0274121761322,252.741634786129,276.42653024196625,273.357182264328,286.11173474788666,283.86475813388824,344.6340117454529,341.8884308338165,387.4284477233887,385.1723326444626,0.6288548111915588,0.510398268699646,0.5407911539077759,0.47625017166137695,0.5343038439750671,0.5133825540542603,0.5002349019050598,0.4385138750076294,0.3575943112373352,0.2424866110086441,0.5018783807754517,0.6099224090576172,0.571395993232727,0.4026518762111664,0.5944249629974365,0.44183868169784546,0.3720656633377075
70,14.622799993958324,33.98947611710823,368.2550923228264,375.8124703168869,362.71662271022797,394.8751211166382,362.7995328903198,424.35019862651825,351.08275616168976,440.49659490585327,336.5106898546219,404.38862270116806,339.8721650838852,415.0225357413292,368.83784544467926,407.42306035757065,355.44025081396103,420.80890625715256,369.44572854042053,207.50793743133545,202.36836522817612,202.37619173526764,202.0338310599327,202.12070679664612,221.89988869428635,223.88096010684967,254.50567519664764,261.1455993652344,288.2291442155838,287.9781229496002,291.3925007581711,291.0418310165405,345.9168350696564,342.7526943683624,386.28016793727875,385.40374994277954,0.5660758018493652,0.4009573459625244,0.5491294264793396,0.5111815929412842,0.4750417172908783,0.5427026152610779,0.41066303849220276,0.5876349210739136,0.4580247700214386,0.4100092649459839,0.35120898485183716,0.6455190777778625,0.5068168044090271,0.38337692618370056,0.546852171421051,0.38644295930862427,0.442645400762558
71,14.48569999774918,33.30450496149012,369.58633863925934,375.9859982728958,363.4385675191879,394.7486683726311,362.3724571466446,424.7851960659027,357.6576030254364,442.61463153362274,339.58163154125214,416.43238347768784,338.9746851325035,414.43408221006393,369.73805516958237,409.88486111164093,356.85258746147156,421.872634768486,376.8357607126236,206.15749549865723,199.9190153479576,200.87347221374512,200.84138202667236,201.39353531599045,220.4287315607071,224.13731968402863,257.9865255355835,263.5080282688141,295.6126317977905,296.9130082130432,294.93083596229553,294.24777340888977,347.6110099554062,344.4977490901947,387.7429255247116,386.80974650382996,0.6222941279411316,0.3817136883735657,0.544855535030365,0.5022283792495728,0.4939708411693573,0.5315826535224915,0.5095404386520386,0.7049668431282043,0.5240841507911682,0.3784215748310089,0.401819109916687,0.5764001607894897,0.61382657289505,0.3672613501548767,0.40058624744415283,0.4028737545013428,0.31543755531311035
72,15.527500014286488,39.146583301463174,373.9493998885155,385.50386214256287,371.98960983753204,396.37336534261703,363.5188549757004,423.81315582990646,355.6560634970665,446.327150285244,340.35233759880066,430.56300258636475,336.8188866376877,411.20232474803925,366.5432299375534,408.4764585494995,361.3260439634323,417.72022104263306,376.0465350151062,203.39077246189117,198.1372710466385,199.19415110349655,199.81660723686218,201.10036551952362,220.35045140981674,225.82923257350922,259.7415933609009,259.47256660461426,297.7666252851486,295.3249360322952,296.55543184280396,296.40047001838684,351.72784316539764,347.9971477985382,388.6175640821457,388.2395694255829,0.46758967638015747,0.5255492329597473,0.500011682510376,0.439424067735672,0.5440957546234131,0.538084089756012,0.5476678013801575,0.5751473903656006,0.4107968807220459,0.43791815638542175,0.40357470512390137,0.5975670218467712,0.6268614530563354,0.3651348054409027,0.4649466872215271,0.42090538144111633,0.3191559910774231
73,14.895099971909076,48.54058479487045,371.6425806879997,382.13981771469116,367.646513402462,393.94450920820236,362.9283942580223,415.36988604068756,354.31314873695374,451.9444086551666,339.9142357110977,448.62891137599945,323.869831264019,412.2465969324112,372.23860800266266,406.9647527933121,368.378333568573,412.3279548883438,390.5968166589737,205.47340750694275,199.243734061718,198.74511468410492,203.07270562648773,203.2038712501526,222.73997902870178,225.9188227057457,258.0675653219223,259.7086285352707,297.3418827056885,294.8496152162552,292.951860666275,293.8406140804291,349.98215508461,347.7549332380295,387.9829685688019,389.2089102268219,0.3802800476551056,0.4418208599090576,0.31845468282699585,0.4207235276699066,0.5681299567222595,0.5573126077651978,0.46841001510620117,0.5327416658401489,0.36440813541412354,0.4017924964427948,0.4014803469181061,0.43714892864227295,0.3848319947719574,0.32670778036117554,0.4464210271835327,0.39552825689315796,0.31707775592803955
74,14.774899987969548,56.26189388695014,373.8773552775383,378.3705892562866,362.1327188014984,392.86488378047943,357.674302816391,414.476393699646,353.05766701698303,454.77277517318726,335.5197820663452,471.7291648387909,314.43367326259613,417.08174842596054,367.06512516736984,415.53495705127716,361.5994495153427,417.2832431793213,372.71907490491867,204.46154117584229,197.8389288187027,198.47494184970856,201.22542375326157,202.5933735370636,221.00557076931,227.7778971195221,245.8473265171051,264.4779722690582,280.3596591949463,289.37416672706604,292.5599321126938,293.85322093963623,347.9323642253876,344.4688558578491,388.0784549713135,387.5074667930603,0.5478652119636536,0.45337310433387756,0.4799860119819641,0.38793709874153137,0.4850257933139801,0.504962682723999,0.588190495967865,0.47115376591682434,0.41223567724227905,0.4394036829471588,0.39722129702568054,0.44364720582962036,0.558246910572052,0.4349355697631836,0.42124873399734497,0.43077024817466736,0.2511759102344513
75,16.168200003448874,65.12213639250602,374.57724779844284,375.2798433303833,366.2142654657364,388.4212674498558,364.36909914016724,408.95502531528473,354.83544540405273,460.4140930175781,337.136878490448,490.9919455051422,311.47540163993835,405.30606746673584,368.54822182655334,404.8768507242203,368.6730152964592,413.11886662244797,382.6331841349602,204.6375848054886,198.16984379291534,198.3976268172264,201.81177842617035,202.33737587928772,222.34017872810364,224.46288126707077,249.5550400018692,262.61269998550415,274.73407447338104,278.9144848585129,292.08524465560913,291.97504019737244,349.92898309230804,345.1226029396057,389.059739112854,389.4819482564926,0.5184463262557983,0.4472006857395172,0.41907745599746704,0.2924056053161621,0.4875599145889282,0.4734947085380554,0.4719712734222412,0.43624448776245117,0.3778650760650635,0.40954962372779846,0.3761957883834839,0.5251772403717041,0.5306210517883301,0.3660416901111603,0.40521591901779175,0.39161351323127747,0.3068365156650543
76,15.214899962302297,65.62252979350595,369.05186504125595,373.1455886363983,359.6816765666008,387.8074698448181,356.926398396492,416.2839319705963,346.66887295246124,461.68520402908325,333.1177419424057,514.6593495607376,303.62604492902756,412.3639504313469,366.1912497282028,409.39823883771896,362.8386061191559,416.40222215652466,369.9747693538666,203.2568170428276,197.12958186864853,198.18570792675018,199.99127858877182,202.67181956768036,218.22238039970398,222.91434878110886,241.8649765253067,259.1089280843735,272.14321410655975,275.3398370742798,289.89249563217163,290.76469123363495,348.45726799964905,345.1825006008148,388.5483469963074,388.94944417476654,0.49705928564071655,0.4510038197040558,0.4723277986049652,0.45201575756073,0.5556529760360718,0.5912625193595886,0.652897298336029,0.48009544610977173,0.5661492943763733,0.5847128629684448,0.46328306198120117,0.6733570098876953,0.6816047430038452,0.45467472076416016,0.5399935841560364,0.4516908824443817,0.4249618351459503
77,16.65340003091842,75.75033947878455,373.50302839279175,376.9629360437393,361.39493060112,391.11499190330505,357.1888848543167,415.9776620864868,347.64005678892136,471.5956735610962,323.94872707128525,522.7843866348267,309.61958384513855,411.76147335767746,367.27984058856964,409.25318616628647,361.4586253166199,417.8430073261261,368.82620376348495,204.37834495306015,198.6034232378006,199.09080803394318,202.64849084615707,203.03503584861755,218.85380911827087,221.54148292541504,236.5992603302002,251.89014399051666,255.2177516222,261.48320984840393,288.86847484111786,289.0230144262314,344.7279599905014,341.4372982978821,387.6396276950836,388.1568406820297,0.5161912441253662,0.4351692497730255,0.45432859659194946,0.3879125416278839,0.5379018187522888,0.5410051941871643,0.5433420538902283,0.5713902115821838,0.5109914541244507,0.3640042245388031,0.3773097097873688,0.653689444065094,0.628847062587738,0.4399127960205078,0.6494309902191162,0.47086361050605774,0.38400447368621826
78,16.972500015981495,78.78551328605023,370.4148249030113,379.3215941786766,368.3382968902588,389.8251203894615,358.2430591583252,414.776213824749,345.83720195293427,474.87370336055756,317.6576963663101,525.1911369562149,305.20588797330856,413.57083147764206,371.6055681705475,405.01264357566833,360.9744384288788,416.75107115507126,368.15489357709885,204.95013236999512,200.39435124397278,202.0053449869156,203.4851429462433,203.798534989357,216.93053925037384,220.73663449287415,229.97038978338242,246.27553749084473,241.77890002727509,247.7613222002983,284.1258829832077,285.68771600723267,343.278080701828,339.8094753026962,387.01742792129517,387.65543150901794,0.3686460554599762,0.40623992681503296,0.5612441301345825,0.3831928074359894,0.6352037191390991,0.6456496715545654,0.6884496212005615,0.5867724418640137,0.5242401361465454,0.4269290268421173,0.37063470482826233,0.6831967234611511,0.6832900047302246,0.4931214153766632,0.6844779253005981,0.5842204093933105,0.5085421204566956
79,15.930699999444187,78.26527803995984,369.88559675216675,378.6018706560135,365.8596090078354,389.06691241264343,359.17062014341354,402.9974819421768,349.9650744795799,479.55001950263977,324.4397383928299,540.0764849185944,330.14424246549606,409.3223671913147,375.49292623996735,395.8404974937439,360.05097210407257,412.4651393890381,372.0236517190933,203.12429422140121,198.4157680273056,198.0325255393982,201.9586272239685,202.1776487827301,214.80765575170517,218.42656326293945,223.66058135032654,241.38243240118027,234.5117393732071,230.35419023036957,285.1489989757538,285.2732278108597,342.79467701911926,340.58238434791565,388.14393222332,388.741370677948,0.3853781521320343,0.47997745871543884,0.48348143696784973,0.3339751064777374,0.5293320417404175,0.45872288942337036,0.48430532217025757,0.48402896523475647,0.3917153477668762,0.42481377720832825,0.4037971496582031,0.5913207530975342,0.6018620729446411,0.48142683506011963,0.648846447467804,0.48416978120803833,0.43473613262176514
80,15.27680002618581,85.43749915840327,374.2701482772827,377.3579503297806,362.17687690258026,389.53766453266144,356.2191461920738,411.62913286685944,344.3452469110489,486.79301857948303,338.8932468891144,535.4913753271103,333.84466457366943,413.6419929265976,373.2055901288986,403.06925892829895,358.5234764814377,415.5881876349449,372.36677354574203,204.36385309696198,198.56907105445862,198.73384994268417,203.3018760085106,203.88806480169296,216.98689311742783,221.41372537612915,220.75669085979462,244.65181624889374,225.05559968948364,222.87512576580048,285.15738344192505,286.1838471889496,347.66798210144043,342.919358253479,387.7489575147629,387.6986507177353,0.5191156268119812,0.4651338458061218,0.5447063446044922,0.4190834164619446,0.5914785861968994,0.5818992257118225,0.631386935710907,0.5610620379447937,0.2899126410484314,0.4707801640033722,0.31093829870224,0.6883623600006104,0.6585513949394226,0.43701618909835815,0.5516077280044556,0.5275551676750183,0.4891406297683716
81,16.99840003857389,84.80704446863163,373.0667463541031,375.1096071600914,360.6120476126671,388.2637969851494,355.1203588247299,410.5255550146103,350.60298508405685,477.77523851394653,350.3581351041794,536.0928889513016,352.6936972141266,413.55413168668747,372.1975008249283,402.0325605273247,357.2708851099014,414.32192063331604,370.71488589048386,203.76065409183502,197.7011581659317,198.04127192497253,202.97263491153717,203.81013149023056,216.86293572187424,223.11157977581024,220.07678002119064,256.80932235717773,216.66980648040771,215.581318795681,287.44748878479004,287.62311017513275,347.5510218143463,342.03289699554443,385.98155426979065,385.40284514427185,0.5045633912086487,0.47198686003685,0.5259559750556946,0.415054053068161,0.5437760949134827,0.5230400562286377,0.5503069162368774,0.40974491834640503,0.3395422697067261,0.4262741506099701,0.2138328105211258,0.6929468512535095,0.6110527515411377,0.4218769967556,0.5005959272384644,0.5221430063247681,0.49061474204063416
82,14.901600021403283,88.15706129095689,362.14403933286667,365.35114854574203,355.8735086917877,382.5635749101639,354.20438599586487,404.9280473589897,351.73843705654144,483.3463315963745,334.2615973353386,555.1851925849915,326.7629629969597,410.06625723838806,375.07007896900177,392.0637220144272,358.30536222457886,410.07187736034393,373.5110303759575,204.0080863237381,198.03647649288177,198.43175280094147,203.38443887233734,203.00100034475327,215.5632831454277,218.5577288866043,212.4758090376854,227.5626757144928,200.05093497037888,213.52819526195526,287.28685688972473,287.72646832466125,351.24875235557556,344.11785435676575,386.50380396842957,384.87278401851654,0.5471571683883667,0.38845300674438477,0.48168787360191345,0.5784880518913269,0.48864465951919556,0.42976391315460205,0.4936615228652954,0.5491544008255005,0.19082847237586975,0.5788537859916687,0.17595337331295013,0.6171327829360962,0.5995389223098755,0.47370871901512146,0.5406978726387024,0.4702198803424835,0.35016700625419617
83,15.361899975687265,92.43596871555286,365.38414669036865,368.92359244823456,357.4203803539276,385.18645906448364,353.631240606308,414.0622709989548,343.25981402397156,481.33031356334686,277.8142699599266,544.7704107761383,241.1381837129593,413.7968406677246,372.08954095840454,400.08310079574585,360.4593943953514,411.47567677497864,365.6283276081085,202.68444150686264,197.74757432937622,199.14262282848358,203.11530655622482,204.22225213050842,213.2399264574051,217.02720189094543,210.61269319057465,213.76691126823425,193.17571794986725,201.80505275726318,289.5274395942688,290.72593569755554,351.7549569606781,346.6794294118881,386.83309030532837,387.5999975204468,0.5189164876937866,0.4249464273452759,0.48215335607528687,0.5781607627868652,0.5624576807022095,0.631892204284668,0.774071216583252,0.6309685707092285,0.4740445613861084,0.7164164781570435,0.5470077395439148,0.723774790763855,0.7233834862709045,0.5699446797370911,0.6277816891670227,0.5291556119918823,0.4996776580810547
84,14.809699961915612,97.1025835287737,367.11468929052353,369.5617171525955,358.23642206192017,381.44533121585846,355.6204426288605,415.2572962641716,340.25478833913803,484.72395730018616,275.35123813152313,524.4149713516235,225.95818078517914,412.94204688072205,368.126926779747,405.3759710788727,360.627810716629,414.47666132450104,368.6020144224167,200.35832518339157,196.01977109909058,197.9634894132614,200.26893109083176,203.4611205458641,210.28934836387634,216.60725474357605,203.6805191040039,207.880020737648,187.96011251211166,192.33181238174438,289.79525995254517,291.5256267786026,353.18725299835205,350.76188027858734,387.924036026001,387.90877509117126,0.4150128960609436,0.44080379605293274,0.5290255546569824,0.5198699235916138,0.5856988430023193,0.6543432474136353,0.7404091954231262,0.5732818245887756,0.5226514339447021,0.7006481885910034,0.6688172221183777,0.7153856158256531,0.6075294613838196,0.6150377988815308,0.713924765586853,0.5370693206787109,0.5144744515419006
85,14.898299996275455,101.94705854208088,371.6494318842888,372.5850483775139,360.9029825925827,385.8647007346153,355.5599058866501,417.8545687198639,341.01580637693405,482.9388995170593,270.8052017688751,520.4063256978989,230.03865694999695,412.77633357048035,367.45585745573044,407.99377036094666,360.91160011291504,415.7692893743515,367.90011471509933,200.76477575302124,196.19699096679688,198.13896000385284,202.640950858593,204.9607788324356,211.89323943853378,218.2963627576828,202.39707750082016,203.70718050003052,168.9026883840561,189.27695626020432,291.59137547016144,293.58491802215576,354.34467124938965,352.8725037574768,387.2585265636444,387.7706425189972,0.399993896484375,0.5331368446350098,0.5409619212150574,0.342180073261261,0.5753571391105652,0.7048807144165039,0.717378556728363,0.6805388927459717,0.6321461796760559,0.6391067504882812,0.6663124561309814,0.6869401931762695,0.5803938508033752,0.5808538198471069,0.6844670176506042,0.545339822769165,0.5176164507865906
86,14.906099997460842,105.12866194028331,367.2743275165558,371.54077619314194,360.56732749938965,388.3374741077423,354.7570848464966,420.2502393722534,337.5230611562729,481.53333377838135,272.54754662513733,501.03772616386414,233.67549139261246,412.98216384649277,370.3553854227066,408.25804990530014,360.86457842588425,414.9871289730072,367.84468960762024,198.49243462085724,195.9054045677185,197.38441836833954,202.3731154203415,204.14480137825012,212.12192726135254,217.38759821653366,201.29810923337936,201.86751401424408,170.54800415039062,181.53047859668732,293.3608295917511,294.9875668287277,351.7255811691284,353.6911051273346,386.5870454311371,388.8166197538376,0.4503500163555145,0.5011870861053467,0.5392453670501709,0.49126455187797546,0.5233122110366821,0.7222322225570679,0.698397159576416,0.5909832715988159,0.6538999080657959,0.6110082268714905,0.7615501284599304,0.6680145859718323,0.6798198223114014,0.37332698702812195,0.6043768525123596,0.6010321974754333,0.5731538534164429
87,14.72730003297329,111.19441658749867,364.2457240819931,370.9136776328087,357.7480334639549,386.17891907691956,355.7674757242203,421.57032573223114,337.4581888914108,471.3153632879257,283.2276517152786,480.7283182144165,242.48085761070251,413.876806974411,369.53677451610565,405.8969296216965,359.931236743927,415.6859509944916,367.2395095229149,203.2801457643509,201.18879449367523,202.16466492414474,204.258911550045,206.37963861227036,212.74548423290253,218.85374879837036,198.65195059776306,202.98931336402893,164.73563885688782,179.32174479961395,294.49722635746,296.1105122566223,355.60951924324036,354.6840310096741,384.89944541454315,386.8687393665314,0.49025070667266846,0.4306188225746155,0.39235517382621765,0.6151803731918335,0.5897611975669861,0.6942521929740906,0.6367444396018982,0.6894522905349731,0.6731218695640564,0.6636584997177124,0.5752381086349487,0.6373246908187866,0.6232209801673889,0.5171027779579163,0.5743542909622192,0.6062604188919067,0.560677170753479
88,15.069600020069629,118.5369837593878,367.5638708472252,371.6483881473541,361.00203055143356,389.83761847019196,357.7039021253586,427.0722913146019,331.6017541885376,469.63976407051086,287.2022822499275,453.8729133605957,246.06772649288177,414.7658567428589,369.4293231368065,406.4495481848717,358.3294216990471,416.7771110534668,366.24820029735565,197.0452697277069,195.7431741952896,196.57107990980148,204.04188054800034,205.46206736564636,213.5509660243988,218.65110409259796,198.14886754751205,204.6727513074875,158.6441884636879,177.94996470212936,294.48920381069183,296.2109147310257,355.00924575328827,353.2641005516052,384.29048585891724,385.4307129383087,0.5042685270309448,0.5197383165359497,0.5531612038612366,0.525484561920166,0.5357183814048767,0.6681665778160095,0.5766583681106567,0.5153247117996216,0.6951703429222107,0.6934510469436646,0.6646865010261536,0.6519856452941895,0.6209409236907959,0.5207470059394836,0.5079424381256104,0.6450474858283997,0.5883452892303467
89,15.260799962561578,115.5003026972206,367.9978513121605,370.33258378505707,361.36171835660934,387.2213714122772,354.7612062692642,421.6688652038574,335.1166855096817,458.99370086193085,292.6038617491722,429.18449372053146,261.1346311569214,413.312412917614,367.9896887540817,403.6040804386139,358.10354632139206,415.5286946296692,366.7830485701561,196.11374950408936,195.1746742129326,196.14009422063828,205.5922075510025,207.65342903137207,216.89226627349854,219.95902049541473,203.68136358261108,212.49820280075073,167.59318858385086,187.0347449183464,296.2761205434799,300.0215038061142,357.710280418396,356.80596446990967,384.1012020111084,386.2801377773285,0.4788822829723358,0.5724376440048218,0.5675903558731079,0.5723093152046204,0.5105775594711304,0.6446733474731445,0.5272108316421509,0.5932555794715881,0.4909195601940155,0.6318263411521912,0.5748904347419739,0.5631533265113831,0.7145285606384277,0.4601750373840332,0.4569774568080902,0.5666852593421936,0.49612095952033997
90,15.258400002494454,126.03047414515804,370.2278086543083,372.57198828458786,364.48267912864685,389.9391553401947,360.01147067546844,422.96138620376587,343.18889343738556,443.24478101730347,295.72310972213745,395.0254727602005,275.6987490057945,414.68939632177353,371.00116419792175,403.46512961387634,360.2734754085541,413.2904409170151,367.67902982234955,194.14296263456345,192.40068262815475,193.5460368990898,202.86007797718048,204.5436064004898,218.61727970838547,223.4358595609665,206.86643528938293,217.64546579122543,176.15600562095642,190.66539973020554,298.04892241954803,301.2043468952179,358.90455412864685,357.1054527759552,383.9078767299652,386.2017822265625,0.4467788338661194,0.45193198323249817,0.5004529356956482,0.47779756784439087,0.6392747163772583,0.6902519464492798,0.6786752939224243,0.614713191986084,0.5588558912277222,0.5160461068153381,0.6220725774765015,0.537941575050354,0.7190690636634827,0.3924958109855652,0.44824114441871643,0.476533979177475,0.45680925250053406
91,15.040899976156652,83.59511837051993,373.02467572689056,380.1519805788994,370.11711901426315,393.0348255634308,363.0244448184967,422.5056746006012,345.2643241882324,446.9429015517235,295.1889305114746,403.1559426188469,285.6953669786453,412.64281553030014,372.59310388565063,401.21033668518066,361.7516210079193,411.529683470726,367.807623565197,195.96528714895248,194.44721621274948,194.57999539375305,200.86380594968796,202.43636083602905,216.94827330112457,222.73159456253052,223.11173057556152,227.97965210676193,209.78012776374817,205.80768531560898,289.41168570518494,291.8431205749512,356.8793737888336,353.65928637981415,384.9530396461487,386.43473768234253,0.38084352016448975,0.6096010804176331,0.5485288500785828,0.408590704202652,0.5579162836074829,0.7102118730545044,0.6522471904754639,0.3959976136684418,0.5930706858634949,0.30525970458984375,0.4975190758705139,0.7148852348327637,0.7070274353027344,0.3612450361251831,0.5831665396690369,0.4773085415363312,0.49724429845809937
92,14.955600025132298,53.90195949969283,369.80635303258896,378.9230472445488,363.861227452755,393.67110365629196,357.95712876319885,422.57038629055023,343.6114730834961,441.3878927230835,298.0852202177048,381.53024858236313,300.72895234823227,415.5907835960388,369.8987103700638,404.30413353443146,361.9938750267029,412.6328598856926,371.00640964508057,202.55546247959137,198.07987666130066,199.61379665136337,204.0991844534874,206.71138298511505,219.5971764922142,228.94579595327377,235.92488384246826,234.59487527608871,223.285678088665,219.20444869995117,301.8589987754822,302.4458510875702,362.02034842967987,356.9182801246643,385.244505405426,387.45734095573425,0.30376937985420227,0.5642893314361572,0.5386283993721008,0.5252870917320251,0.5488666296005249,0.725357711315155,0.701428234577179,0.4737018942832947,0.5157789587974548,0.27331995964050293,0.5169897675514221,0.7267246842384338,0.7239346504211426,0.3669895827770233,0.5084713697433472,0.4297378659248352,0.38880616426467896
93,15.543400018941611,24.139974595131882,373.0126326084137,384.9674081206322,370.990031003952,397.2134130001068,357.4800874590874,426.1372368335724,341.2945376634598,433.6157457828522,315.5956200957298,362.4220480322838,318.44959831237793,418.70154786109924,370.12421107292175,401.8430018424988,358.04809445142746,416.6957530975342,376.44141548871994,215.6438856124878,209.1940445303917,213.26215434074402,207.20793640613556,210.682619035244,214.97566175460815,225.55263566970825,237.07957261800766,237.9158627986908,228.21232104301453,231.02242916822433,292.9464921951294,293.29673969745636,351.53044629096985,348.31002712249756,384.2785425186157,385.79679441452026,0.3715353310108185,0.4690948724746704,0.48704254627227783,0.5990563631057739,0.49374866485595703,0.4992738962173462,0.6235860586166382,0.6118095517158508,0.5276100039482117,0.27040207386016846,0.3771619498729706,0.6631269454956055,0.5332961678504944,0.30997005105018616,0.5589885711669922,0.5058566331863403,0.46563661098480225
94,15.500299981795251,35.171077091755095,371.557128071785,379.42968785762787,366.02385038137436,393.25007623434067,358.8305224776268,420.82110995054245,349.4521714448929,435.0533729791641,325.72706747055054,386.7692459821701,316.9624337553978,413.7063834667206,371.1518637537956,407.30840986967087,358.4920305609703,419.58299708366394,367.54160445928574,206.57193845510483,203.65614986419678,204.5038857460022,203.5032992362976,205.33901476860046,220.08582800626755,227.0412403345108,245.56590402126312,248.9095869064331,248.10244631767273,251.25517147779465,287.9498932361603,286.2992994785309,341.5096218585968,340.80092334747314,383.5495162010193,383.9292299747467,0.3521242141723633,0.494526207447052,0.5703843832015991,0.4736611545085907,0.5954717397689819,0.5874044299125671,0.6581423878669739,0.43512487411499023,0.4676167070865631,0.2056514322757721,0.4644121825695038,0.6702848076820374,0.6354432702064514,0.4163846969604492,0.589900016784668,0.6035183668136597,0.5118152499198914
95,14.770900015719235,21.748047214046093,370.1219630241394,378.6890360713005,363.18991726636887,392.5222436785698,355.8004471063614,421.5863296985626,343.65311551094055,428.46990859508514,313.4701434969902,400.41514295339584,315.40028071403503,409.4391051530838,366.08050656318665,397.234073638916,356.69072794914246,413.1468334197998,369.7300531864166,207.95442533493042,204.26047986745834,204.91109031438828,204.12795704603195,205.17643755674362,221.8389505147934,226.18477314710617,255.55708122253418,259.17072582244873,261.77343904972076,265.14649772644043,289.2853456735611,288.1126664876938,344.4744656085968,344.91820895671844,382.8102958202362,381.7600358724594,0.3486124873161316,0.5171315670013428,0.595982015132904,0.4622402787208557,0.5766057372093201,0.6147260665893555,0.6316021680831909,0.49173659086227417,0.4533131718635559,0.2872382700443268,0.23859921097755432,0.633364737033844,0.6798928380012512,0.4234887659549713,0.5696998238563538,0.5346548557281494,0.36252695322036743
96,15.113500005099922,23.212270814480505,373.4006618857384,378.473009288311,361.30693554878235,393.92309921979904,352.6293334364891,421.13061809539795,344.5354746580124,429.2413640022278,320.103921353817,394.3024842143059,319.80115735530853,408.7576519846916,363.12095034122467,393.5714401602745,353.7253107428551,411.36354196071625,366.8812133669853,210.88165962696075,205.18639034032822,205.64254450798035,204.9163984656334,206.010284781456,225.73290169239044,228.1803514957428,261.132027387619,262.5617598295212,282.64481830596924,285.10577976703644,293.7679889202118,292.2253979444504,347.47408378124237,345.4200403690338,381.8834503889084,380.82866644859314,0.4416578412055969,0.5359382033348083,0.6222200393676758,0.5111772418022156,0.48430588841438293,0.6305261850357056,0.6173569560050964,0.5098519325256348,0.5527076125144958,0.24572104215621948,0.36062541604042053,0.5474230051040649,0.6216871738433838,0.3434993028640747,0.533384382724762,0.4616132378578186,0.44468954205513
97,15.015700017102063,33.203087227599646,369.65295046567917,378.35924196243286,361.8096153140068,392.39557683467865,354.9208444952965,416.4869521856308,347.7841727733612,431.9250792860985,333.5182693004608,402.631210565567,336.42028617858887,406.8042849302292,365.8164143562317,397.7699388861656,352.5043793916702,411.28820556402206,364.6150731444359,208.9533530473709,203.73664677143097,204.05598032474518,204.77615469694138,205.22935318946838,225.89620274305344,229.16067051887512,259.07584261894226,264.5296061038971,290.36015582084656,295.72012186050415,292.66787457466125,291.26353681087494,343.1476992368698,341.69896602630615,384.1649601459503,380.88802123069763,0.4804442226886749,0.48230645060539246,0.5869923830032349,0.46388375759124756,0.5428851246833801,0.6196762919425964,0.6540893316268921,0.46992406249046326,0.5127442479133606,0.35376453399658203,0.3231079876422882,0.5056454539299011,0.624992311000824,0.4067198634147644,0.5152095556259155,0.49296748638153076,0.4668295681476593
98,14.898099994752556,39.9818044382244,365.16306179761887,373.80862921476364,357.771236538887,391.7686120867729,354.0157104730606,417.9447582960129,344.61131954193115,436.28522342443466,331.86057418584824,409.6298146247864,326.81635415554047,404.62841457128525,358.8285955786705,390.05549186468124,353.0607714653015,405.25270307064056,366.76945322752,209.34393948316574,203.44686996936798,204.3552424311638,204.3684675693512,205.60203969478607,226.04368489980698,229.2809785604477,258.65239691734314,265.99043345451355,300.05268919467926,300.505269408226,297.0164568424225,296.37959933280945,355.39107072353363,351.7384594678879,386.72843527793884,386.64440965652466,0.5494238138198853,0.42539623379707336,0.5705854296684265,0.46154093742370605,0.5497860908508301,0.638511598110199,0.6023216843605042,0.4771060645580292,0.5651533007621765,0.4729585647583008,0.4185926914215088,0.47141408920288086,0.5698366165161133,0.4018680155277252,0.5022785663604736,0.27343448996543884,0.251852810382843
99,15.286999987438321,39.228874904764986,369.37421917915344,377.5709797143936,361.51190942525864,391.50248593091965,353.36155503988266,414.55486130714417,344.5097023844719,437.94869923591614,333.06207597255707,416.7744080424309,318.3086670637131,406.338885307312,357.13878548145294,393.06485307216644,353.68010890483856,406.85430401563644,368.3635071516037,207.87202835083008,203.35445988178253,204.14605301618576,203.5283923149109,205.3321232199669,227.31053853034973,231.4252454638481,263.7752454280853,264.6821551322937,303.44909167289734,302.69835019111633,298.9015140533447,298.48129546642303,353.0325927734375,350.532182097435,388.238996386528,388.1181153059006,0.35801538825035095,0.5052921772003174,0.5365030169487,0.4140227437019348,0.5050605535507202,0.5792850255966187,0.5851088166236877,0.6056293249130249,0.5301203727722168,0.3674672842025757,0.4147654175758362,0.6174861788749695,0.6002693176269531,0.38520753383636475,0.4980737864971161,0.35996532440185547,0.3032955527305603
100,14.87089996226132,41.49681970036641,373.0738384127617,381.3167642354965,366.3973476290703,393.384397149086,354.9272674918175,411.68003511428833,347.81425380706787,438.27108013629913,331.96711564064026,435.63896292448044,311.28597676754,408.99391120672226,357.05170035362244,403.38018548488617,355.0809644460678,407.55205553770065,365.5564435720444,206.5862191915512,202.48090708255768,202.43562191724777,204.25149220228195,205.0781613588333,228.03912752866745,231.4593262076378,260.46416544914246,263.1779577732086,290.6812688112259,297.8897683620453,299.8422632217407,298.6924452781677,349.3729844093323,347.8032796382904,388.4603704214096,387.80237078666687,0.4839203953742981,0.5521523952484131,0.5352635979652405,0.4525286853313446,0.4867892861366272,0.5420984029769897,0.5638424754142761,0.48327821493148804,0.4745924472808838,0.36200031638145447,0.4765220284461975,0.6035336256027222,0.5556473731994629,0.37501174211502075,0.5267617702484131,0.35611310601234436,0.36549288034439087
101,14.910599973518401,48.41538629782052,371.06111216545105,381.4921120405197,366.1621589064598,392.84705996513367,354.563190639019,412.96000450849533,348.0414673089981,448.86051392555237,330.44411611557007,464.9554727077484,298.7799743413925,410.488221347332,356.6567663550377,396.95777773857117,356.204132437706,402.58750742673874,368.18077290058136,205.14309573173523,199.9622647166252,200.7446892261505,203.83997476100922,204.51697516441345,226.7978042960167,230.69249439239502,260.9195806980133,264.7967629432678,297.4769389629364,294.96558022499084,299.0169060230255,298.15288376808167,351.8270995616913,348.86144149303436,388.60438418388367,388.3141851425171,0.45505326986312866,0.44757845997810364,0.47808682918548584,0.41765913367271423,0.4562072157859802,0.5384262204170227,0.5907824039459229,0.46294814348220825,0.4839634597301483,0.4789697229862213,0.3964369595050812,0.5367944240570068,0.505048930644989,0.391429603099823,0.513020932674408,0.33142638206481934,0.3149507939815521
102,14.597199973650277,54.10178648860905,370.43238109350204,380.44701021909714,361.7417456507683,392.20398420095444,354.5494079589844,409.878759264946,345.3897867202759,446.0917474627495,327.1381730437279,470.5338451862335,296.2224441766739,411.23842734098434,356.8173145055771,395.8094530105591,354.1841000318527,404.133549451828,365.2537063360214,204.5058159828186,199.52969563007355,199.84432423114777,203.65311878919601,204.6018301844597,225.08075308799744,229.3708552122116,250.27038878202438,266.2285462617874,286.71068120002747,287.66892313957214,297.48206615448,296.8387544155121,349.7868392467499,346.4048230648041,387.1923254728317,387.00174474716187,0.42541542649269104,0.4501069188117981,0.47665393352508545,0.4043613076210022,0.46166089177131653,0.4997623860836029,0.6783584952354431,0.42532220482826233,0.503157377243042,0.5253650546073914,0.4131012260913849,0.5401938557624817,0.5395603179931641,0.38476938009262085,0.4814448654651642,0.35089540481567383,0.3211711645126343
103,14.976300008129328,58.17706653938343,371.0374541282654,381.4448494911194,362.6634724140167,391.89725935459137,355.24512553215027,411.2386682033539,343.23133873939514,453.77587258815765,331.8712524175644,495.6640866994858,297.8397011756897,408.8057976961136,357.1805617213249,391.2250392436981,354.9700071811676,403.5494582056999,362.63604086637497,204.4913090467453,199.23596787452698,199.41655057668686,203.3663730621338,204.3234086036682,224.3119005560875,226.94588965177536,252.8057096004486,263.77268183231354,284.92632806301117,277.35892510414124,294.20880675315857,293.05464577674866,350.5280501842499,345.89626598358154,385.43366861343384,385.8654987812042,0.4348660707473755,0.46119463443756104,0.49911749362945557,0.4097520411014557,0.4756919741630554,0.6159263253211975,0.6985601782798767,0.5532950162887573,0.46156150102615356,0.48871928453445435,0.4803498387336731,0.611186683177948,0.6455220580101013,0.4199032187461853,0.48687437176704407,0.37866660952568054,0.32248765230178833
104,14.78189998306334,58.32264922723886,372.0627249479294,382.44785392284393,363.90027391910553,391.16913241147995,354.99984735250473,408.49420207738876,337.5876657962799,458.55399322509766,323.7647082209587,509.7148197889328,294.90225076675415,412.1712337732315,359.218792617321,391.3629730939865,356.1628379225731,400.4143668413162,365.2922978401184,204.83335304260254,199.63793969154358,199.62827342748642,203.0891277194023,204.55361950397491,221.799018740654,224.5525015592575,249.2314840555191,259.80082750320435,279.735951423645,273.1903374195099,293.03440845012665,292.65469467639923,353.7080248594284,349.9344118833542,384.0617527961731,386.10937213897705,0.46597230434417725,0.48031970858573914,0.5106586217880249,0.41885966062545776,0.5175060629844666,0.6429781317710876,0.6968814730644226,0.6035767197608948,0.514726459980011,0.7071417570114136,0.4641048014163971,0.6660999059677124,0.716058611869812,0.4688563644886017,0.5579940676689148,0.379216730594635,0.45849326252937317
105,15.108999970834702,71.87253848736246,371.4812564253807,380.70122706890106,363.2474030852318,390.7308967113495,355.7928465604782,407.4292692542076,339.484055519104,471.75651609897614,308.71618938446045,527.2494397163391,290.3431543111801,407.55390214920044,358.64960807561874,391.7070583701134,359.11848682165146,396.4468283653259,363.9473223686218,204.35978150367737,199.56035321950912,199.43740618228912,204.23784482479095,204.7790651321411,221.80106961727142,222.8313485980034,242.72794318199158,255.95507192611694,263.3760483264923,260.16057538986206,288.6813323497772,288.76469445228577,349.1183137893677,345.6871670484543,384.66757571697235,384.9365723133087,0.44208449125289917,0.47540074586868286,0.5254841446876526,0.4319973587989807,0.5149667263031006,0.5939847230911255,0.6525136828422546,0.6409558653831482,0.5011932849884033,0.44440576434135437,0.39333003759384155,0.6390730738639832,0.6584030389785767,0.4419088363647461,0.5203345417976379,0.45178985595703125,0.4975576400756836
106,14.75679996656254,80.78510643228377,371.7945648431778,380.0895704627037,365.647569835186,387.4609224200249,357.70371478796005,396.2681352496147,350.3214704990387,475.3677388429642,308.83753049373627,530.0353074073792,333.72867596149445,394.1202049255371,366.23142021894455,384.46352404356,360.43378269672394,392.4124907255173,369.5878641009331,204.2568154335022,199.3786696791649,198.51469266414642,205.56194204092026,205.08304727077484,221.92472541332245,223.5569970011711,237.3277286887169,248.73936414718628,249.96382796764374,235.57290214300156,290.10741543769836,291.21537137031555,350.4391688108444,346.7867988348007,384.7977159023285,385.630401968956,0.46949082612991333,0.4764063060283661,0.5282192230224609,0.5706707835197449,0.5645237565040588,0.5260339379310608,0.4398077428340912,0.4870103597640991,0.4079076051712036,0.36502018570899963,0.16477735340595245,0.5548855662345886,0.5773158073425293,0.3569752871990204,0.5157923698425293,0.4092613160610199,0.443575382232666
107,14.855400018859655,74.57862721607088,370.4070102572441,377.43711376190186,363.18726778030396,388.4213744997978,354.73572838306427,403.7215677499771,339.1979110240936,463.39404225349426,337.2535094022751,530.0428009033203,335.82824647426605,410.6121048927307,362.3519303202629,392.00559389591217,356.4387323856354,395.35904037952423,364.4862653017044,202.16953575611115,197.14582300186157,196.93337631225586,203.2444967031479,204.10444736480713,218.94468104839325,222.69259774684906,229.58984661102295,250.95229017734528,238.89159750938416,229.7102451324463,293.1295630931854,292.79092717170715,351.12286472320557,346.69840002059937,385.8089790344238,383.70873057842255,0.4194272458553314,0.5055806636810303,0.6086869835853577,0.3475498557090759,0.48031893372535706,0.45385056734085083,0.5824283361434937,0.4837501347064972,0.30672910809516907,0.5177493095397949,0.27137646079063416,0.6575312614440918,0.6884836554527283,0.4639572203159332,0.479780912399292,0.3891529440879822,0.31642207503318787
108,15.1715999818407,79.68813582868357,374.8263530135155,383.08378410339355,369.65731275081635,389.6772041320801,357.5874317884445,404.17313116788864,345.59858763217926,469.3557605743408,341.5383171439171,531.0102647542953,345.09087651968,410.7043551802635,362.4971168041229,403.1451305747032,358.31253457069397,411.2593020796776,365.23202872276306,201.49546086788177,198.15910685062408,197.04982388019562,203.56916856765747,204.23844802379608,220.77896398305893,224.07212895154953,226.7769336104393,249.17829698324203,226.4991453886032,220.7519255876541,294.6231441497803,294.07471561431885,345.15864408016205,341.8340826034546,384.68374145030975,383.7369602918625,0.4599640369415283,0.5360618233680725,0.5975703001022339,0.35177117586135864,0.5350158214569092,0.4073329567909241,0.5910575985908508,0.5606653690338135,0.23341044783592224,0.449769526720047,0.2719089686870575,0.650265634059906,0.667251467704773,0.48797526955604553,0.45775383710861206,0.5206587910652161,0.5201469659805298
109,14.886300021316856,82.53594665522932,374.17492735385895,382.1071674823761,368.94473481178284,389.7436553835869,357.3126613497734,405.67555034160614,344.0221701860428,468.57638347148895,319.5631853342056,532.652036190033,312.00808215141296,409.5519625544548,362.17816150188446,404.74188750982285,358.0581839084625,410.6489033102989,364.444944024086,200.8712705373764,197.29914110898972,196.79328334331512,202.57874596118927,203.90308445692062,220.8438229560852,223.54529494047165,225.76138776540756,234.21311062574387,219.74781036376953,219.2176889181137,294.964072227478,294.6829513311386,347.9638512134552,344.29836165905,385.7935371398926,384.70952820777893,0.4172142744064331,0.5596636533737183,0.6079090237617493,0.3467089831829071,0.5149141550064087,0.44186607003211975,0.5986289978027344,0.4768078923225403,0.33235132694244385,0.587384819984436,0.23072972893714905,0.5744814872741699,0.5926088094711304,0.4498707354068756,0.44792383909225464,0.47248774766921997,0.47299250960350037
110,14.941600034944713,94.45803370505122,376.14349550008774,385.96487271785736,371.6638568639755,393.27884590625763,360.8431684374809,415.2868688106537,344.1859833598137,490.661803483963,297.73417669534683,538.3705905675888,238.92572903633118,411.58026456832886,364.0933920145035,399.85288989543915,358.996155500412,409.61027801036835,364.88641798496246,203.48460006713867,200.00002497434616,199.47091388702393,205.18838089704514,205.53626084327698,221.62036627531052,220.58287906646729,219.56926345825195,221.56318300962448,209.02840608358383,208.3867380619049,294.8078738451004,293.43885338306427,349.0132968425751,344.4891836643219,386.2274785041809,384.5824341773987,0.5171512365341187,0.5240114331245422,0.49127012491226196,0.528565526008606,0.6732785105705261,0.5825216770172119,0.6047143340110779,0.48721635341644287,0.357982337474823,0.569350004196167,0.5956162214279175,0.6694959998130798,0.7108225226402283,0.46452596783638,0.5306735634803772,0.45691758394241333,0.3145405352115631
111,15.039100020658225,100.80817491308116,375.1664506793022,384.3344485759735,372.8623344898224,391.9127815961838,361.37089788913727,417.5301806330681,342.33187836408615,488.8986374139786,283.9321473836899,528.4504865407944,226.61792957782745,406.43456119298935,365.2818069458008,397.50127029418945,357.2531148195267,408.9285304546356,365.85495233535767,202.73239582777023,199.5489979982376,200.29524564743042,204.75629436969757,206.04424488544464,219.8350932598114,219.49597477912903,216.77565282583237,214.02916711568832,199.76515436172485,196.46147865056992,295.39870727062225,296.1977348327637,351.35612177848816,348.0150326490402,385.29740595817566,385.43523693084717,0.46075162291526794,0.5601206421852112,0.47138381004333496,0.5093533396720886,0.708810567855835,0.6105102896690369,0.6364078521728516,0.656097412109375,0.6419115662574768,0.629707396030426,0.6737814545631409,0.5649935603141785,0.703665554523468,0.5102972388267517,0.5819701552391052,0.4505547285079956,0.44091570377349854
112,15.029800008051097,104.56015120185792,374.6447963118553,381.9987794160843,372.06689989566803,393.7621763944626,363.2222463488579,417.0815343260765,343.34363412857056,488.2847595214844,283.92021131515503,525.4700020551682,235.44743555784225,406.6897414922714,365.2438042163849,402.8444540500641,356.36176347732544,411.842510163784,365.8930353522301,202.36341899633408,200.7009572982788,199.31607270240784,206.41570991277695,206.3105120062828,219.86103081703186,219.38878631591797,211.66337537765503,212.38730466365814,184.44215035438538,191.88862699270248,293.87201058864594,295.2958618402481,348.029358625412,349.17567801475525,384.5111058950424,385.2101230621338,0.4550189971923828,0.46291571855545044,0.5566582679748535,0.5866737961769104,0.7305755019187927,0.574571430683136,0.6164509654045105,0.7387508153915405,0.698337972164154,0.6021742224693298,0.5739327073097229,0.575661838054657,0.7195770740509033,0.4161975383758545,0.589613139629364,0.516350269317627,0.4943423867225647
113,14.75969998864457,100.61935686964198,372.995076417923,381.1593472957611,371.26680862903595,392.5570616722107,362.63403367996216,417.703708589077,341.205525636673,481.51856088638306,286.67827278375626,502.0136469602585,242.20001208782196,411.49505281448364,366.6587903499603,405.2969146966934,356.14193642139435,411.38819020986557,367.39267122745514,200.0507389307022,196.7689744234085,196.42433667182922,205.43202805519104,205.3398894071579,219.588445186615,219.13072270154953,212.85746812820435,210.5416363477707,184.4879331588745,185.76381969451904,296.7842252254486,298.09533858299255,355.5654253959656,352.32256722450256,384.75588405132294,386.7521108388901,0.3225347697734833,0.6409822106361389,0.6516647934913635,0.5504239797592163,0.6835499405860901,0.566966712474823,0.6095086932182312,0.5979490280151367,0.6274863481521606,0.5717422366142273,0.6537244915962219,0.5765995383262634,0.6538280248641968,0.4464915692806244,0.5448630452156067,0.44957590103149414,0.4597925543785095
114,14.788499975111336,107.9932896124285,372.29076808691025,375.04037261009216,365.43831396102905,389.7662161588669,360.29236972332,418.2529550790787,341.4952027797699,480.9447731971741,290.59033262729645,480.4569466114044,248.49960678815842,412.70993584394455,367.16909742355347,405.9815258383751,355.8249615430832,409.00879114866257,367.71264350414276,197.18225622177124,195.93803763389587,196.17470276355743,205.82579636573792,206.5509923696518,220.51740181446075,220.0214666724205,204.80697816610336,208.71137976646423,171.0869323015213,182.2195429801941,301.30954480171204,302.9455109834671,359.1176643371582,355.6236642599106,384.3447436094284,386.30526101589203,0.5920374393463135,0.5675939917564392,0.68465256690979,0.4913545846939087,0.7290946245193481,0.5992825627326965,0.5705164670944214,0.6872957944869995,0.6790831685066223,0.5280967950820923,0.5936662554740906,0.697056770324707,0.734679102897644,0.38133078813552856,0.42709919810295105,0.3855276107788086,0.4122733473777771
115,14.956299972254783,108.34269108547915,372.78729248046875,375.161874294281,365.75740307569504,388.9920577406883,360.70071172714233,418.5889045596123,341.92757749557495,474.238308429718,297.1999171972275,465.4692053794861,262.7668751478195,413.0552521944046,366.21389079093933,407.5827521085739,355.68023002147675,410.46014750003815,366.8655840754509,197.958618581295,196.30338019132614,196.5938959121704,206.12754666805267,206.98318445682526,223.69249057769775,223.9559075832367,209.30352514982224,215.39609146118164,172.87719678878784,187.69639390707016,306.01615583896637,307.11346530914307,366.5625274181366,357.91220128536224,380.90949511528015,383.81573808193207,0.5578269958496094,0.6154325008392334,0.6760493516921997,0.4886246919631958,0.7455631494522095,0.6265668272972107,0.7003174424171448,0.4402204751968384,0.6041204333305359,0.563450038433075,0.4753980040550232,0.6201862692832947,0.653702974319458,0.4618958830833435,0.35039737820625305,0.3276945948600769,0.36146607995033264
116,15.23400004953146,119.35046582043577,375.29702484607697,381.893870472908,372.6019622683525,394.2103142142296,363.0445166826248,423.9249962568283,341.8577809333801,465.8776009082794,296.34806728363037,435.3227641582489,284.52841556072235,412.7063229084015,364.38328325748444,406.2286238670349,356.4969140291214,404.26928877830505,364.2410674095154,196.3583316206932,195.71851843595505,195.1650984287262,207.2107412815094,207.9396469593048,224.26299619674683,225.51853984594345,207.59368216991425,219.64104413986206,171.4583973288536,195.24294126033783,307.44890427589417,308.45697045326233,369.6817901134491,358.4773987531662,380.5746291875839,375.90936744213104,0.4042755961418152,0.6350923776626587,0.5818833708763123,0.6115997433662415,0.7336117029190063,0.6476683020591736,0.7067573070526123,0.6384543180465698,0.5409932732582092,0.49312397837638855,0.5789903402328491,0.5954306721687317,0.6341409683227539,0.4273078143596649,0.33114898204803467,0.31762874126434326,0.17731064558029175
117,15.032200026325881,152.65008220587836,388.2606925368309,393.1463448405266,380.4507569670677,407.98087084293365,372.09146785736084,431.2792202234268,351.1256296634674,447.4098801612854,299.80669033527374,408.43486964702606,284.1352746486664,415.0278079509735,368.93956965208054,406.17847096920013,357.293847322464,403.4125145673752,361.05349481105804,198.60164380073547,200.47056543827057,197.48844003677368,213.65423369407654,211.4391964673996,227.16604220867157,228.97100967168808,207.3002861738205,223.02251744270325,185.62203776836395,192.63478416204453,305.46151435375214,305.74622428417206,367.9266619682312,358.33006739616394,379.6097218990326,380.08896350860596,0.48673900961875916,0.36877331137657166,0.5485690236091614,0.40403932332992554,0.6223390698432922,0.5482853055000305,0.5879636406898499,0.46472832560539246,0.639037013053894,0.45160871744155884,0.44119754433631897,0.6157503128051758,0.6248463988304138,0.3666587471961975,0.3282114565372467,0.36736297607421875,0.37710171937942505
118,14.902800030540675,76.12743551412511,382.87150406837463,388.86509650945663,375.25369638204575,401.04312467575073,369.0902156829834,426.29037177562714,352.27620244026184,440.65834736824036,297.10560619831085,401.3686100244522,281.0629145503044,415.6836761832237,369.87259018421173,402.8459259867668,361.8791710138321,407.7077864408493,362.5009706020355,200.69227123260498,202.08753085136414,199.6478019952774,210.5129994750023,209.5469913482666,221.48894429206848,230.23038363456726,227.04467856884003,226.75840032100677,209.75563788414001,209.64576518535614,304.6595311164856,305.41045355796814,363.8173989057541,360.57372641563416,380.7547745704651,380.89905977249146,0.48643508553504944,0.43798908591270447,0.5006527304649353,0.511695146560669,0.6891697645187378,0.5626680850982666,0.6019734740257263,0.5254535675048828,0.5986901521682739,0.34502220153808594,0.5096133351325989,0.6763209104537964,0.6524910926818848,0.2718523442745209,0.3492967486381531,0.2885483205318451,0.4414178133010864
119,14.890799997374415,57.139914788754744,384.0950313806534,389.07799208164215,376.45897167921066,401.43219769001007,370.82565581798553,425.04005521535873,355.2214674949646,441.2326703071594,306.4163284301758,399.65120780467987,305.153888463974,415.0792989730835,368.4903880953789,401.66947388648987,361.2568361759186,406.14582073688507,363.67086589336395,207.7274113893509,204.29715436697006,204.5053786635399,211.5307319164276,210.22583150863647,226.16673749685287,232.18185305595398,239.96551793813705,236.69177597761154,227.13601797819138,221.85291457176208,301.05451226234436,300.8371193408966,357.1677029132843,354.22590136528015,384.95249676704407,384.2901842594147,0.4914664030075073,0.48394444584846497,0.42349398136138916,0.47069627046585083,0.5613811612129211,0.6033242344856262,0.5244292616844177,0.49091169238090515,0.4316670000553131,0.26170721650123596,0.4491298794746399,0.663459837436676,0.5112659335136414,0.35266369581222534,0.4859611988067627,0.3799724876880646,0.4999863803386688
120,14.844799996353686,34.969860309799145,377.13137912750244,386.23305958509445,372.54610896110535,400.94900101423264,367.82477831840515,427.2233387827873,345.9617277979851,438.6260845065117,315.4337605834007,372.49063032865524,323.1457454562187,419.2169665694237,371.49453061819077,401.2176696062088,359.42483699321747,407.63017523288727,366.9682449698448,208.0865108370781,204.93945574760437,205.2845458984375,208.6998586654663,209.32525539398193,223.269557595253,231.40737569332123,243.52612626552582,242.8540570139885,235.2411276102066,240.88865369558334,305.0129152536392,304.5356340408325,362.5942018032074,358.7712471485138,386.0944731235504,387.9042510986328,0.42706310749053955,0.5039786696434021,0.5638800263404846,0.6045881509780884,0.5865395069122314,0.6072133183479309,0.5476031303405762,0.5328249931335449,0.431125283241272,0.2483854591846466,0.4212684631347656,0.6783872842788696,0.6737599968910217,0.3615292012691498,0.4475879669189453,0.36513516306877136,0.4909023642539978
121,14.757300028577447,36.95423745957473,384.52301704883575,389.6897022128105,376.5856385231018,402.4671832919121,371.6764352321625,429.89961409568787,353.3160588145256,442.20323860645294,321.96273654699326,417.3774203658104,319.6642940044403,419.73966467380524,373.37162458896637,408.1932044029236,362.3239635229111,412.8200634717941,366.7702025771141,212.80115950107574,208.4125398993492,208.6655969619751,210.48547852039337,210.72868835926056,227.6332198381424,231.16273325681686,250.37715500593185,254.15373873710632,250.12298202514648,254.87305355072021,295.2718243598938,294.9819269180298,350.0088768005371,348.8809851408005,386.44674134254456,387.6532599925995,0.3732532858848572,0.4523216485977173,0.5074070692062378,0.4997868239879608,0.5241609215736389,0.5433814525604248,0.4552081823348999,0.4387912452220917,0.41621607542037964,0.27588486671447754,0.40982165932655334,0.6004371643066406,0.541555643081665,0.4232977330684662,0.516887366771698,0.45409759879112244,0.48419737815856934
122,14.90639999974519,25.38226719444505,383.75889456272125,389.34243220090866,376.1923370361328,401.95941865444183,371.24563950300217,428.14693892002106,356.33740961551666,435.88539189100266,327.4895912408829,418.0750380754471,329.58578968048096,415.211345076561,371.6236328482628,407.9542154073715,363.92296850681305,411.4987995624542,362.48619771003723,213.57096207141876,208.31821465492249,208.62934470176697,210.80993926525116,211.54321813583374,230.78966975212097,234.68859732151031,260.98351979255676,263.4929482936859,261.4141435623169,268.838739156723,297.29284262657166,296.68457674980164,349.06257820129395,347.575692653656,385.8564507961273,385.2424545288086,0.4321344792842865,0.4636218249797821,0.4726182222366333,0.4791959226131439,0.4305405914783478,0.4608822464942932,0.44272974133491516,0.3693315088748932,0.4456198215484619,0.2797226905822754,0.25878122448921204,0.5897265672683716,0.5769296884536743,0.3627164959907532,0.4613911211490631,0.44842979311943054,0.471056193113327
123,15.11969999410212,19.13315859342281,383.52552568912506,389.3064901828766,375.8530690073967,406.62085485458374,372.0557667016983,427.211429476738,352.6305377483368,432.1842471957207,329.231240272522,405.78136920928955,323.8368331193924,414.08218228816986,369.6937364935875,404.081951379776,362.62766420841217,409.1923015117645,364.06882405281067,215.1984080672264,209.57871961593628,209.52308958768845,210.60578656196594,211.4572321176529,233.1319819688797,232.95491290092468,267.8933755159378,265.29434180259705,282.7785475254059,288.6485786437988,300.72709584236145,298.53724217414856,350.30477607250214,346.67581021785736,385.85464119911194,383.90612745285034,0.4678798317909241,0.4146634042263031,0.42181941866874695,0.4192586839199066,0.4290664792060852,0.5057834982872009,0.4136306047439575,0.43106237053871155,0.5332086086273193,0.29714247584342957,0.49274030327796936,0.6006523370742798,0.6008140444755554,0.29889798164367676,0.42110300064086914,0.38038522005081177,0.4615685045719147
124,14.947099960409105,34.789442445844465,381.2483593225479,390.0712282061577,374.85207176208496,405.51639384031296,368.5155180692673,425.09044897556305,353.7776314020157,440.1486825942993,333.90589714050293,413.2452926039696,331.14936113357544,412.37848246097565,367.4575702548027,404.0511209964752,358.4250172972679,412.32883805036545,364.8897632956505,216.2437368631363,211.91708087921143,212.0644725561142,211.29154843091965,212.43774718046188,232.6220526099205,234.45482754707336,266.52921080589294,269.6221137046814,293.33772706985474,301.2016324996948,298.98771119117737,297.00921845436096,350.30504751205444,348.5960339307785,384.64311599731445,381.9098403453827,0.5408338904380798,0.34351328015327454,0.33175036311149597,0.4692215323448181,0.508549690246582,0.5176721215248108,0.47666898369789124,0.5524020195007324,0.5333514213562012,0.2985644042491913,0.4732072353363037,0.5837163329124451,0.5660945177078247,0.3173680305480957,0.4615219235420227,0.47291430830955505,0.45804932713508606
125,14.727699977811426,37.87797853127984,382.99991047382355,391.3246759772301,375.4352263212204,406.93488585948944,366.6120898127556,427.00744581222534,354.3024972677231,442.63208067417145,329.3415820002556,418.61060893535614,330.3817059993744,410.82823872566223,364.1450971364975,402.88489216566086,363.93006056547165,406.18181627988815,366.66810369491577,216.7960560321808,212.20660132169724,212.40841662883759,212.1376405954361,213.0397548675537,233.8486728668213,236.08877301216125,267.4917656183243,270.69028866291046,306.0520461797714,306.67916202545166,304.1146614551544,303.1158845424652,360.12856554985046,357.92305886745453,388.7835644483566,387.50770807266235,0.5665565133094788,0.37318313121795654,0.35575735569000244,0.5181403756141663,0.5828301310539246,0.5814507007598877,0.5773576498031616,0.5944607257843018,0.29207202792167664,0.36161208152770996,0.42348983883857727,0.5433652400970459,0.6080209612846375,0.31857654452323914,0.4635067582130432,0.2837749719619751,0.2736106514930725
126,14.966099988669157,37.990960896565035,379.9791216850281,388.3085438609123,372.45120918750763,405.93988341093063,363.71799463033676,424.9974225759506,350.0744527578354,442.4596232175827,337.0699455142021,424.8134037256241,326.00320279598236,407.3977162837982,359.4533658027649,400.5058945417404,365.9468547105789,404.0239035487175,367.47022891044617,214.491504073143,208.93254268169403,208.8180856704712,211.92178583145142,212.78653192520142,233.99113339185715,237.79431819915771,271.6784794330597,274.5922020673752,312.3813228607178,312.1903500556946,309.43879747390747,308.73284351825714,366.50694262981415,365.85657346248627,388.03716599941254,387.140239238739,0.5243116021156311,0.3709808886051178,0.44643789529800415,0.4902810752391815,0.56466144323349,0.45664647221565247,0.6536296606063843,0.5694125890731812,0.5222771763801575,0.440095454454422,0.3740224540233612,0.5149586200714111,0.5707210302352905,0.3876873552799225,0.4898017942905426,0.2445511370897293,0.2301543653011322
127,14.694300014525652,40.34784806372023,380.65276020765305,391.3499130010605,372.576297044754,402.9728872179985,363.0610023736954,424.9077414870262,351.3887048959732,445.82840460538864,336.1724120378494,435.8545882701874,324.48780381679535,413.2610557079315,364.96360099315643,406.71944785118103,369.35377264022827,409.3451153039932,376.3774263858795,216.68897312879562,210.21634620428085,210.2560366988182,213.7231039404869,214.35852885246277,237.82930374145508,238.64274775981903,273.0426139831543,271.98617124557495,309.7290266752243,302.3863756656647,306.4498860836029,306.19020891189575,362.03376960754395,361.69051921367645,386.0496554374695,387.08700692653656,0.5254277586936951,0.44834572076797485,0.38319581747055054,0.5741629004478455,0.5463791489601135,0.5416658520698547,0.4165430963039398,0.39165911078453064,0.32788482308387756,0.41591233015060425,0.2023390233516693,0.44863495230674744,0.43892523646354675,0.31342267990112305,0.4308217763900757,0.23580579459667206,0.21753020584583282
128,15.021400002297014,47.72103723090109,383.5387195944786,389.8790467977524,374.5680682659149,404.8233525156975,362.50568079948425,425.1486306190491,355.18622130155563,449.9008252620697,333.2590746283531,457.79506266117096,320.6990922689438,416.66907089948654,367.18052500486374,405.46209275722504,364.17713183164597,404.17695820331573,367.18253219127655,215.5951320528984,209.67037570476532,209.52138555049896,212.63817512989044,213.52881354093552,234.8552612066269,238.22269505262375,263.970862865448,268.6951777935028,297.53605246543884,295.7287777662277,300.5752103328705,300.4538768529892,354.74242067337036,354.2935199737549,386.4927352666855,386.04299008846283,0.5208641886711121,0.3812580704689026,0.42679721117019653,0.5473852753639221,0.5698500275611877,0.5992536544799805,0.5638878345489502,0.457283616065979,0.42181095480918884,0.4573359489440918,0.3351987302303314,0.5312952399253845,0.5249090194702148,0.37915459275245667,0.5105421543121338,0.2587495744228363,0.2675118148326874
129,15.027399989776313,53.10510810130729,379.4897428750992,390.55217683315277,372.5876175761223,401.7791465520859,362.0102269053459,423.2519197463989,349.96847331523895,454.345699429512,333.435787320137,475.17226564884186,299.1196973323822,414.7060961127281,364.13120740652084,404.3778909444809,364.5190225839615,405.5310329198837,366.6993622779846,213.80476200580597,208.59716403484344,208.8889012336731,211.94348591566086,213.79844349622726,231.9962336421013,234.28006571531296,262.288902759552,268.1058523654938,296.21191000938416,296.50452184677124,298.18044996261597,298.8927676677704,355.08105659484863,354.98852586746216,386.50422620773315,385.5404348373413,0.4504958689212799,0.501234769821167,0.43399667739868164,0.5160771608352661,0.6192545294761658,0.5761058926582336,0.6368734240531921,0.48309239745140076,0.5675000548362732,0.46955564618110657,0.4717473089694977,0.5666694641113281,0.5739673376083374,0.39616549015045166,0.5563924312591553,0.2372675985097885,0.23768362402915955
130,15.180400048848242,57.92902050676007,377.04945915937424,389.35327100753784,371.3601026535034,399.2057997584343,361.1053069829941,417.8894402384758,349.74283879995346,453.74049258232117,332.54288375377655,492.64153158664703,302.6480366587639,412.67311066389084,365.73104202747345,401.2583753466606,364.19963908195496,404.43687546253204,368.2775728106499,212.46995800733566,207.71444261074066,208.02967441082,211.15448653697968,212.91989922523499,231.15664094686508,234.5232001543045,257.67542564868927,265.5340530872345,285.57898938655853,284.4701588153839,298.65462470054626,298.46561229228973,356.2251441478729,354.9211485385895,385.86791157722473,384.8575532436371,0.4241683781147003,0.5212031602859497,0.40667423605918884,0.4560444951057434,0.5554735064506531,0.5533422231674194,0.6357625126838684,0.5492457151412964,0.5411288738250732,0.5116651058197021,0.4389188587665558,0.5744896531105042,0.5880699753761292,0.332439124584198,0.5703230500221252,0.3035276532173157,0.29806405305862427
131,14.844100049231201,66.99697048064645,379.47025978565216,390.7046694755554,372.0497719049454,400.19266641139984,360.543937087059,420.8380506038666,347.8543975353241,464.6015655994415,326.93218219280243,512.9891563653946,307.2844766974449,414.8227537870407,366.4554489850998,402.61531364917755,363.8297547698021,403.695072889328,368.2158317565918,214.76059114933014,209.1939389705658,209.4120557308197,212.1860322356224,214.15886998176575,231.97371923923492,235.29472184181213,255.4186772108078,264.683482170105,280.61040902137756,272.10771584510803,298.3816771507263,298.7100285291672,352.59050822257996,350.419474363327,385.64777410030365,385.5616674423218,0.49860209226608276,0.4995996057987213,0.4502064883708954,0.563643217086792,0.6115391254425049,0.6018790602684021,0.6779108047485352,0.5417609214782715,0.49790632724761963,0.5699411630630493,0.4161383807659149,0.5928521752357483,0.6064091324806213,0.36318209767341614,0.5609110593795776,0.3447618782520294,0.3812517821788788
132,14.77020001038909,68.9100806157925,381.8510504961014,371.5256018638611,386.7383085489273,366.8570468425751,399.01597344875336,346.1790124177933,424.5395699739456,311.13482224941254,482.67245221138,299.6053829193115,533.271320104599,364.80634462833405,417.2189061641693,367.681920170784,404.25173258781433,376.0659110546112,393.01860749721527,216.35661047697067,212.1682529449463,212.64205068349838,215.2690577507019,213.51362800598145,235.46081268787384,232.89800107479095,262.08140230178833,256.20663607120514,263.7257831096649,271.8333809375763,299.8640387058258,299.0210680961609,352.09063720703125,352.4676365852356,385.4607824087143,385.5712583065033,0.4386938214302063,0.31987085938453674,0.31119778752326965,0.6497253775596619,0.6006415486335754,0.6505163311958313,0.47608742117881775,0.47995901107788086,0.6707596778869629,0.35909220576286316,0.46423453092575073,0.5620812177658081,0.5372410416603088,0.5087421536445618,0.3572045564651489,0.3403127193450928,0.38119572401046753
133,14.978699968196452,72.88927880739406,382.68769931793213,372.72734451293945,387.4218224287033,367.4831551909447,399.368488907814,345.8102788925171,428.1950578689575,311.85401052236557,485.9442195892334,314.08685821294785,542.6883964538574,365.0747723579407,416.0187425017357,366.97426652908325,397.59737437963486,375.52835977077484,390.4396138191223,216.92658829689026,213.3043782711029,213.70042365789413,216.30330276489258,214.65102005004883,234.29971492290497,231.4449851512909,256.6159669160843,250.09562695026398,256.36395037174225,264.4069757461548,300.5980715751648,299.26222705841064,353.76665580272675,353.52226972579956,383.9981756210327,385.2566900253296,0.44795987010002136,0.37948787212371826,0.349812388420105,0.6798652410507202,0.6171579957008362,0.6351150870323181,0.4962971806526184,0.5228891372680664,0.6300506591796875,0.28930655121803284,0.40037229657173157,0.5874149203300476,0.5605129599571228,0.5090147256851196,0.3967909514904022,0.2788279354572296,0.3816874921321869
134,14.962499961256981,87.43432436130779,384.0307211279869,391.50256621837616,377.58963316679,401.0481560230255,366.0942624807358,420.98604714870453,349.3399295806885,473.77810072898865,331.13316982984543,539.2276324033737,340.6222640275955,413.0424329638481,370.8506252169609,407.6775180697441,366.4025930762291,407.15476644039154,369.9522353410721,219.2644066810608,215.9125806093216,216.44764828681946,216.05951988697052,216.3083997964859,230.78234088420868,234.30505323410034,239.64340966939926,252.56467127799988,249.51058423519135,245.6559163928032,295.82963263988495,296.5608003139496,347.2698405981064,347.1486277580261,383.03812408447266,381.8471076488495,0.34291261434555054,0.47510433197021484,0.49777472019195557,0.5933844447135925,0.6589080095291138,0.5226317048072815,0.4648250937461853,0.5503389239311218,0.3708728849887848,0.5160724520683289,0.31992802023887634,0.4927440881729126,0.5134468078613281,0.362840473651886,0.4538610875606537,0.41912251710891724,0.42177268862724304
135,14.934099977836013,89.6152605361442,384.23604291677475,389.17018884420395,375.6468105316162,398.3877241015434,363.67846643924713,419.73776453733444,348.33312487602234,468.7218643426895,341.00159549713135,533.496660232544,325.21577018499374,412.0801342725754,368.8851882815361,408.7260990142822,363.95725125074387,408.14465725421906,367.6012045145035,218.65098345279694,214.2545976638794,214.8444961309433,215.31378495693207,215.81573700904846,231.27149003744125,234.68470668792725,237.46188014745712,254.10964488983154,237.4124178290367,239.5581173300743,295.3204723596573,295.31682300567627,345.6570372581482,345.6746506690979,383.1448903083801,381.06095838546753,0.4481778144836426,0.4311995208263397,0.4302895963191986,0.5888476967811584,0.6103566884994507,0.5000055432319641,0.4127602279186249,0.4690537750720978,0.2862676680088043,0.39638078212738037,0.25485479831695557,0.5046278238296509,0.5230054259300232,0.43628379702568054,0.4163277745246887,0.4581204652786255,0.4309222996234894
136,15.19230002304539,93.22592134541523,376.6023918390274,388.1028741598129,371.4794365763664,396.39413303136826,362.22012507915497,419.4171499609947,351.20131397247314,466.01772928237915,325.7595838904381,542.949919462204,290.88699477910995,408.3249561190605,368.62112283706665,405.57701086997986,360.7651022672653,399.16873371601105,363.5016466975212,213.09328877925873,209.82977104187012,209.79086470603943,213.09769213199615,213.77043998241425,230.71574771404266,231.5058931708336,236.22681510448456,245.52696752548218,227.52289474010468,233.71726596355438,293.8126859664917,293.9783847332001,346.2466642856598,344.74014461040497,383.852322101593,380.1401147842407,0.4951190650463104,0.5604506731033325,0.43283024430274963,0.5001228451728821,0.5206891298294067,0.5687193274497986,0.5036765336990356,0.49751511216163635,0.40534934401512146,0.5019398927688599,0.21559277176856995,0.4361036717891693,0.5098456740379333,0.29420360922813416,0.3791371285915375,0.43666011095046997,0.4280514121055603
137,15.105200000107288,103.71392521096688,374.5323135852814,386.0482913851738,373.2428970336914,396.18321788311005,361.2838930487633,422.51814591884613,348.40789926052094,482.61528754234314,298.4038543701172,539.6046087741852,247.63627576828003,409.8045736551285,367.66366815567017,406.0059332251549,361.0772063732147,396.68498772382736,361.2683975696564,214.40407037734985,211.10926169157028,211.51067554950714,215.21480000019073,215.59243273735046,231.9886333346367,232.0227291584015,229.94535702466965,227.83652806282043,215.15962237119675,210.39617490768433,293.0225555896759,293.2675448656082,345.47583627700806,344.98694348335266,382.4838445186615,379.82801961898804,0.46344423294067383,0.49169647693634033,0.49956974387168884,0.5734362006187439,0.6277386546134949,0.6337907910346985,0.6127684712409973,0.6152005195617676,0.40947040915489197,0.5736703276634216,0.5128673911094666,0.5618321299552917,0.6336437463760376,0.4314071834087372,0.49814149737358093,0.4335733950138092,0.4208279550075531
138,14.981799991801381,106.6486633772024,372.54736679792404,383.2143850326538,368.92600107192993,393.90508806705475,359.5218777656555,422.1187693476677,342.08547616004944,486.676869392395,290.29447335004807,534.0996725559235,238.20860147476196,411.3155300617218,366.80863350629807,405.2736313343048,361.9256574511528,397.8215101957321,360.55378568172455,213.0759317278862,209.41769564151764,209.44776511192322,215.54005998373032,216.24750685691833,230.34165877103806,230.43998020887375,222.74193942546844,220.84011328220367,201.66474866867065,202.87856602668762,292.02049124240875,293.3899037837982,345.71566820144653,346.39022564888,383.39545917510986,381.1947479248047,0.3698185682296753,0.5479212403297424,0.5670798420906067,0.5744373798370361,0.6754590272903442,0.6945164799690247,0.7326071858406067,0.6798694133758545,0.5192707777023315,0.6676326990127563,0.5855048894882202,0.6243947148323059,0.6785656213760376,0.45172205567359924,0.5020084977149963,0.5257638096809387,0.5062946081161499
139,15.655800001695752,107.44886213789823,376.6649090051651,384.46644115448,372.5836834907532,397.1321353316307,361.4389816522598,422.1201609969139,343.5973424911499,487.43788743019104,285.7100328207016,520.0404825210571,246.68267488479614,412.5941345691681,367.353223323822,407.93690007925034,362.66034120321274,404.484860599041,362.01418775320053,207.39435505867004,206.2621203660965,206.07422387599945,214.844224691391,215.53974330425262,230.80764508247375,230.0159313082695,220.60190999507904,217.43122458457947,194.0946614742279,196.18375074863434,294.0318281650543,295.75646460056305,349.433424949646,351.93655002117157,384.46595644950867,383.30039501190186,0.45583710074424744,0.6346715092658997,0.641469419002533,0.5830707550048828,0.6276324987411499,0.6885524392127991,0.7378361225128174,0.7717231512069702,0.7210021018981934,0.4736608564853668,0.7069302201271057,0.6109541654586792,0.6417393088340759,0.3756808042526245,0.47503650188446045,0.43420854210853577,0.474105566740036
140,14.840100018773228,105.91498468901281,375.83540576696396,383.2788826227188,373.0953286886215,396.2159216403961,361.8327648639679,420.77135848999023,344.08393800258636,485.786963224411,283.8033663034439,505.61614513397217,249.47798973321915,413.186923623085,368.4453468322754,408.58754962682724,361.7250458598137,404.72591030597687,362.47150510549545,204.96972125768661,204.2418259382248,204.21133422851562,213.71091932058334,215.12252563238144,230.49095052480698,229.45773094892502,219.66189974546432,213.0000945329666,186.79937666654587,191.96686190366745,297.48942518234253,300.80566251277924,358.6218045949936,355.9400119781494,385.158851146698,383.0313079357147,0.48030632734298706,0.6158161759376526,0.5708314776420593,0.5487052202224731,0.5938996076583862,0.6708200573921204,0.7220505475997925,0.6389185190200806,0.7372229099273682,0.698242723941803,0.7227450609207153,0.5243820548057556,0.7297000885009766,0.382858544588089,0.39805132150650024,0.4000597596168518,0.5206653475761414
141,14.850799983832985,105.93333986215853,372.1434673666954,377.97370159626007,370.5461484193802,389.1587345004082,359.47498989105225,417.6477482318878,343.53447741270065,481.78747034072876,290.2875418663025,485.17966890335083,261.5196897983551,415.61883068084717,370.3277130126953,401.83326029777527,362.0107353925705,406.04449796676636,362.18710017204285,204.61624664068222,204.4484819173813,204.9795081615448,214.29133248329163,216.56646341085434,228.9589306116104,230.04880565404892,212.68361109495163,215.93949836492538,184.75192320346832,194.2670557498932,297.51524209976196,301.1295803785324,355.5092977285385,355.6927607059479,383.51278138160706,382.6731585264206,0.418458491563797,0.647461473941803,0.5636467933654785,0.4495312571525574,0.6174326539039612,0.6471242904663086,0.6858826875686646,0.7431889176368713,0.6767563223838806,0.5677763223648071,0.618740975856781,0.555722177028656,0.7419553399085999,0.25155162811279297,0.3698846697807312,0.43673327565193176,0.4483419954776764
142,14.945600007195026,103.84247041609261,376.79168289899826,376.43576860427856,369.10723662376404,387.8041512966156,358.03447234630585,418.3620389699936,342.2011703848839,476.4468022584915,295.48318403959274,469.99613332748413,266.45089185237885,416.3520960211754,369.9180061221123,401.81704223155975,361.75129985809326,403.3771880865097,361.28488326072693,203.36613178253174,203.58361518383026,204.00105905532837,214.79313373565674,217.1469670534134,230.27571403980255,230.74218291044235,217.68304508924484,219.5185947418213,186.43522542715073,193.1263461112976,301.7788336277008,303.35022735595703,355.2182240486145,355.05955255031586,380.293447971344,382.0918254852295,0.4580684304237366,0.6479775905609131,0.5948323607444763,0.46105390787124634,0.6132158637046814,0.6425278782844543,0.6601172685623169,0.580640971660614,0.660611629486084,0.6028285026550293,0.646632194519043,0.7110565900802612,0.7307177186012268,0.23777253925800323,0.3357815444469452,0.4903547465801239,0.4276869595050812
143,14.915800013113767,111.36490248556463,373.0473703145981,379.8259867429733,371.90514743328094,392.0096617937088,359.28556501865387,421.730472445488,341.04923272132874,468.1015099287033,298.4717507958412,434.83822935819626,276.31929075717926,415.62910747528076,370.50975143909454,402.35480761528015,363.24004340171814,408.21889638900757,361.6058189868927,202.5948664546013,202.7241923213005,202.9637678861618,214.6781489253044,216.70351022481918,230.18380159139633,230.22525644302368,216.53520262241364,224.10139918327332,181.76133793592453,191.49678891897202,300.43213152885437,302.28868758678436,355.310996055603,355.6423634290695,381.44778990745544,382.2746852636337,0.37709876894950867,0.6623125076293945,0.5756329894065857,0.5154829621315002,0.6540880799293518,0.6669895052909851,0.5612605810165405,0.6148513555526733,0.5319360494613647,0.5762312412261963,0.5887026786804199,0.6946370005607605,0.7064429521560669,0.25022265315055847,0.35878849029541016,0.40727177262306213,0.44265151023864746
144,15.419700008351356,134.04185667986934,384.6884359717369,391.05822867155075,376.7717716097832,402.6569828391075,365.1334892511368,428.31184935569763,347.3817452788353,450.6667675971985,299.06836688518524,406.4696468114853,283.71071457862854,416.3509987592697,371.92719972133636,402.66940063238144,364.2159106731415,407.7105162143707,361.6437681913376,203.4572600722313,202.37650841474533,202.8700910806656,215.38315284252167,216.06852263212204,232.7863790988922,230.95226204395294,217.59656143188477,224.82249343395233,185.58153295516968,193.57336181402206,301.6998145580292,302.53054022789,358.7260675430298,357.84690499305725,380.97500252723694,381.881520152092,0.4296041429042816,0.48699840903282166,0.4742920398712158,0.6196870803833008,0.7079318165779114,0.6397625207901001,0.5753188729286194,0.5303068161010742,0.6405202746391296,0.4628984034061432,0.5759518146514893,0.6706216931343079,0.6629033088684082,0.20002274215221405,0.34934690594673157,0.3880656659603119,0.3986634612083435
145,14.731200004462153,96.41678695286231,382.2753964662552,386.6253976225853,372.98206984996796,399.4875284433365,365.04426312446594,423.6249352693558,355.3825776576996,445.5600036382675,308.429456114769,402.8205551505089,288.9990887641907,413.8192141056061,370.7636203765869,402.5511907339096,362.3950714468956,403.798269033432,361.8385990858078,207.56291902065277,204.28557294607162,204.80639004707336,210.46401971578598,213.12702268362045,230.48562729358673,232.7007851600647,231.2312114238739,234.87735337018967,200.52848762273788,211.32057738304138,297.1834223270416,298.1940521001816,356.38215684890747,352.6533615589142,382.06208777427673,379.4871518611908,0.5472717881202698,0.4300382137298584,0.4811936020851135,0.4849303364753723,0.6410683393478394,0.6874439716339111,0.5656841397285461,0.6558136343955994,0.5622531175613403,0.4641226828098297,0.6014896631240845,0.6303602457046509,0.5204688906669617,0.3423706293106079,0.5146583914756775,0.5225823521614075,0.5277289748191833
146,14.938000007532537,,382.03394532203674,381.47177255153656,379.3317906856537,386.48973858356476,383.51064574718475,385.73471534252167,397.0883251428604,325.33066153526306,321.7153173685074,295.8903217315674,352.65291118621826,396.898846745491,394.1537115573883,402.87964671850204,378.70105242729187,397.22261929512024,375.2248999476433,213.46933811903,210.2515881061554,209.51076924800873,215.31940978765488,214.19136732816696,231.77415084838867,231.03577494621277,238.74339151382446,239.38697469234467,228.40466612577438,229.8925620317459,290.1144427061081,290.28762114048004,342.46575260162354,346.11652410030365,384.65125918388367,383.1137350797653,0.370719313621521,0.45480021834373474,0.4306856691837311,0.46279382705688477,0.38691970705986023,0.42250701785087585,0.42711886763572693,0.2916072607040405,0.28016990423202515,0.3332452178001404,0.13854147493839264,0.5543226599693298,0.5051232576370239,0.4326631426811218,0.48458415269851685,0.3867548108100891,0.4224688708782196
147,14.940200024284422,50.26723287063127,387.9542085528374,392.8536970615387,378.1603164076805,405.25508493185043,365.7120941877365,425.7471200823784,348.8144749403,439.3566735982895,308.2542421221733,388.07268607616425,350.5728237628937,420.51748955249786,370.87867230176926,409.1598653793335,367.13082706928253,409.8761900663376,368.35681653022766,216.05873572826385,211.0092362165451,213.2587764263153,214.44484663009644,217.499054312706,233.5656971335411,232.4264200925827,246.79125756025314,238.20585072040558,233.64224308729172,234.4797396659851,300.8032195568085,300.75888442993164,356.76564061641693,358.2191390991211,381.3060381412506,382.14415299892426,0.4402163624763489,0.3973398506641388,0.4210081696510315,0.5979260206222534,0.6573164463043213,0.5851898789405823,0.5407841801643372,0.3943459689617157,0.5954083800315857,0.320547491312027,0.3539155125617981,0.6824860572814941,0.566968560218811,0.42884039878845215,0.5523794889450073,0.4248681664466858,0.5036478638648987
148,15.002100029960275,36.973574436353026,385.6454356908798,393.93990606069565,378.395719230175,408.27798795700073,369.1404756307602,424.832351565361,349.95953464508057,438.4770709872246,331.3580817580223,386.8834147453308,329.8651632666588,423.2748284339905,373.0707339644432,411.2889549136162,367.70092153549194,405.74537366628647,369.7119617462158,216.27054905891418,212.63010734319687,213.7126685976982,213.98171043395996,215.36386555433273,228.84022104740143,233.2211498618126,247.92616140842438,249.48600387573242,242.17853444814682,247.6093009710312,292.0175054073334,290.5622274875641,348.1420965194702,347.74009454250336,385.493928194046,383.35787987709045,0.49714577198028564,0.42591848969459534,0.4213988780975342,0.5303913950920105,0.6574124097824097,0.4206177592277527,0.49591290950775146,0.4677325189113617,0.47958943247795105,0.2965686619281769,0.38365665078163147,0.6501956582069397,0.5633533596992493,0.45323923230171204,0.5772047638893127,0.40940216183662415,0.4771716296672821
149,15.313200012315065,33.16458657676879,386.9755312204361,394.60674691200256,379.5541869401932,406.506418466568,367.3858735561371,425.02916288375854,354.08821004629135,439.42018097639084,331.6894013285637,415.58457469940186,333.4930055141449,418.1855403780937,373.52422428131104,410.1503984928131,367.8438064455986,409.92888540029526,366.90861815214157,217.79097247123718,213.4917620420456,214.3069402575493,213.567342877388,214.42426246404648,231.6650773882866,236.74702900648117,259.95108437538147,264.97950208187103,258.868040561676,262.657155752182,294.67146039009094,293.75212478637695,346.37044072151184,348.7904751300812,384.89676117897034,382.86594092845917,0.47910362482070923,0.4787507951259613,0.4884202480316162,0.5607360005378723,0.6606382727622986,0.4341394007205963,0.5165802240371704,0.542635977268219,0.5204132795333862,0.2633894681930542,0.33534738421440125,0.5746021866798401,0.5074864625930786,0.43696707487106323,0.5441634654998779,0.44777947664260864,0.45297881960868835
150,15.325399988796562,31.197752168039788,384.66670483350754,392.58251279592514,377.8176763057709,404.43818682432175,366.3685511946678,422.84700334072113,354.68651217222214,434.20299500226974,331.1064876317978,417.0188833475113,333.18834137916565,412.2593626379967,371.03932750225067,411.51951372623444,366.1639519929886,409.93720853328705,365.1186628341675,217.95480132102966,214.0294687151909,214.48685944080353,213.86710262298584,214.38372749090195,235.14859688282013,236.46804946660995,264.00904536247253,265.85875511169434,269.91780185699463,280.65836334228516,296.96452140808105,295.98661518096924,345.9489554166794,348.38609051704407,384.8514006137848,381.6030533313751,0.4981704652309418,0.4771534502506256,0.5014452338218689,0.6008090376853943,0.6415137648582458,0.6006087064743042,0.4826779365539551,0.3897324800491333,0.5053104758262634,0.3007103204727173,0.40726810693740845,0.5845667123794556,0.583310604095459,0.4118594527244568,0.5129160284996033,0.48112255334854126,0.4294842779636383
151,14.921499998308718,33.459421094637364,384.131321310997,391.19758093357086,376.69557881355286,403.3713003396988,364.72969686985016,421.9447864294052,354.47452652454376,435.2034034729004,330.6027641296387,412.1170932650566,335.66962522268295,410.54268300533295,367.0034911632538,408.88290041685104,358.5885628461838,412.9359182715416,367.21681493520737,218.79894816875458,214.66131967306137,214.79352581501007,214.24931967258453,214.647627055645,235.85192692279816,237.90492981672287,267.01988303661346,271.9533873796463,286.89544105529785,299.8055284023285,297.8863602876663,296.80560863018036,344.1479539871216,346.6185063123703,382.00300443172455,381.2787735462189,0.46683618426322937,0.45740291476249695,0.4342857599258423,0.6035208106040955,0.6468029618263245,0.6344184875488281,0.5223932266235352,0.5201194882392883,0.5717698335647583,0.29066231846809387,0.4052422344684601,0.567840039730072,0.580726683139801,0.3863247036933899,0.49941205978393555,0.5453079342842102,0.42635858058929443
152,14.702600019518286,33.59950112579036,385.7905151247978,392.9052683711052,376.6931166648865,405.21076625585556,363.2628450393677,423.92071425914764,346.81023240089417,440.0226848125458,329.6549974679947,412.0149676203728,330.20480597019196,416.5037857890129,366.3418957591057,403.675857424736,356.0824166536331,402.23737382888794,365.0001050233841,219.50095117092133,214.64697861671448,215.054469704628,215.39346754550934,216.6160011291504,236.7665877342224,240.9991597533226,267.9991766214371,280.184912443161,300.7115333080292,317.95403718948364,303.66865611076355,303.1319296360016,359.9202206134796,359.30984354019165,384.00830936431885,381.8750056028366,0.4244728088378906,0.4984048902988434,0.4362027049064636,0.6159736514091492,0.6837451457977295,0.409903347492218,0.4911617040634155,0.39461269974708557,0.646225094795227,0.2916756868362427,0.38322675228118896,0.5686677694320679,0.54764723777771,0.3500429093837738,0.5329073071479797,0.3283032178878784,0.2808997929096222
153,14.89019999280572,46.041911406238256,388.3231026530266,392.9886335134506,379.2983911037445,404.24985921382904,365.7404088973999,424.84554547071457,349.7181102633476,443.98942041397095,332.49334639310837,420.26980274915695,331.43571972846985,407.4460760951042,360.20185899734497,401.73841404914856,365.8158255815506,401.38833397626877,367.8146085739136,217.40145671367645,212.29881536960602,212.60386818647385,214.3273434638977,215.56780713796616,237.78240501880646,243.8301385641098,268.12681353092194,280.4099358320236,307.1335518360138,316.25554943084717,308.64896869659424,309.0660808086395,363.6035045385361,364.52781653404236,387.23590660095215,386.52787160873413,0.4650101065635681,0.39844146370887756,0.3836349546909332,0.5700557827949524,0.6575399041175842,0.6144876480102539,0.5005002617835999,0.47801047563552856,0.6097607016563416,0.3599693477153778,0.38161471486091614,0.44930300116539,0.5258669257164001,0.3201442062854767,0.5039337873458862,0.2244431972503662,0.2159246802330017
154,14.97459999518469,54.47338613884398,381.9988329410553,387.0218035578728,377.2266000509262,390.39740937948227,372.6877092719078,403.10549533367157,364.4250327348709,438.3617514371872,336.58450078964233,420.7545516490936,322.61576795578003,392.13951337337494,371.9790118932724,393.05013370513916,370.2064254283905,390.4254297018051,371.68323290348053,217.5137723684311,211.79580771923065,211.30481880903244,215.6080857515335,214.8782752752304,240.0294570326805,241.8081250190735,274.9589169025421,278.3174686431885,315.3212846517563,316.3207552433014,307.68602180480957,308.7434296607971,363.5475276708603,364.5894936323166,385.5778030157089,386.6474256515503,0.4583336114883423,0.39668023586273193,0.35908034443855286,0.38053861260414124,0.5326385498046875,0.4378513991832733,0.4677242040634155,0.41293326020240784,0.32390156388282776,0.29139265418052673,0.3797285258769989,0.39917173981666565,0.3530678451061249,0.33535391092300415,0.4442440867424011,0.22374755144119263,0.24052894115447998
155,14.713599986862391,45.825029973889826,380.67028963565826,373.74169623851776,383.55956757068634,372.9101858139038,388.46796798706055,349.8050348162651,419.37743443250656,330.2901515364647,450.87808418273926,305.6227404475212,448.47799772024155,364.5436708331108,417.58421409130096,371.6385395526886,402.9452683329582,380.049614071846,394.91023349761963,217.81568855047226,213.67151534557343,213.1229209303856,215.88046026229858,214.58828735351562,239.4686176776886,237.40130388736725,269.9475395679474,274.67125129699707,310.8753762245178,299.0236015319824,302.3336560726166,303.00414192676544,358.97612369060516,357.9665193557739,384.7044914960861,385.3639991283417,0.3583669066429138,0.26887208223342896,0.30805453658103943,0.4970315992832184,0.453521728515625,0.511530876159668,0.6106781959533691,0.4020947813987732,0.4593275785446167,0.33508872985839844,0.25228866934776306,0.33102288842201233,0.320862352848053,0.4172711670398712,0.30229324102401733,0.20329579710960388,0.1894795298576355
156,14.750300033483654,48.501832255878945,379.7595354914665,390.59125006198883,372.87769615650177,397.324370265007,361.3621733188629,413.6869806647301,350.8637855052948,450.65242290496826,331.4728125333786,471.41668605804443,305.59062546491623,416.20348393917084,366.9448277950287,407.00580644607544,366.15592324733734,402.42058980464935,371.7777044773102,217.15331572294235,211.10607981681824,210.73821890354156,213.94895672798157,214.6949027776718,234.72560358047485,238.44673824310303,264.91613602638245,268.9906849861145,298.7901635169983,301.09534883499146,298.52342891693115,299.2719385623932,356.24378299713135,356.8019230365753,385.612637758255,385.13864398002625,0.49812182784080505,0.45236262679100037,0.3712238669395447,0.47388991713523865,0.5529495477676392,0.5613300204277039,0.6069251894950867,0.4541607201099396,0.4676905870437622,0.28768017888069153,0.3791866600513458,0.44922512769699097,0.4551272988319397,0.4129512906074524,0.5054311156272888,0.2087910771369934,0.22845739126205444
157,15.027000044938177,52.260958491103516,375.2145963907242,388.1148637533188,370.6815130710602,396.29744017124176,360.41060638427734,417.4923117160797,345.932208776474,458.95703625679016,327.75379049777985,486.15997874736786,304.66410821676254,417.17156332731247,364.2526823282242,403.0534155368805,364.48134100437164,399.1232642531395,369.0497508049011,213.93016707897186,208.23079603910446,207.92616546154022,212.63439005613327,214.2694212794304,231.36074841022491,234.50802969932556,263.773556470871,268.70253682136536,286.1081758737564,295.01540446281433,298.0530241727829,298.2664359807968,358.3701499700546,360.87502431869507,386.71413946151733,386.36120772361755,0.4263210892677307,0.5568476319313049,0.4139977991580963,0.48157238960266113,0.5896815657615662,0.5875712633132935,0.672412097454071,0.49004775285720825,0.5501916408538818,0.42217472195625305,0.4400520920753479,0.5681904554367065,0.5828770995140076,0.45238929986953735,0.5640643239021301,0.2505715787410736,0.34029507637023926
158,14.893400017172098,61.295385799858764,376.79989898204803,389.07290720939636,371.1911778450012,397.6513275504112,359.7228907942772,419.518820643425,347.8363596200943,456.5796711444855,329.83778524398804,505.2328528165817,306.13947051763535,412.9462753534317,365.8673701286316,400.8765014410019,362.92293471097946,397.86499923467636,366.4599450826645,213.7345044016838,208.6541965007782,208.65289962291718,210.83316242694855,212.7566584944725,231.44142627716064,232.48857975006104,256.93291783332825,262.84553480148315,286.6320843696594,283.63074707984924,295.96022522449493,295.5421781539917,352.3494699001312,352.67474496364594,387.1910285949707,386.2186416387558,0.48764440417289734,0.5187758803367615,0.41216138005256653,0.4054942727088928,0.5221301317214966,0.5729789733886719,0.6053465604782104,0.6096303462982178,0.5036808848381042,0.5512923002243042,0.450801283121109,0.5545404553413391,0.5656354427337646,0.4385751187801361,0.5656678676605225,0.33187630772590637,0.3594776690006256
159,14.754400006495416,71.42698599702521,374.09758377075195,385.76490342617035,370.7494362592697,394.2272013425827,357.983944773674,418.72357338666916,344.46482169628143,470.59539890289307,317.03041046857834,520.3093919754028,295.0611931681633,413.7492034435272,366.06177282333374,400.66331148147583,364.1256675720215,398.9055246710777,368.3751220703125,215.58962786197662,210.68543899059296,211.72345399856567,212.77642834186554,214.43554228544235,231.92294496297836,231.8501237630844,254.15702617168427,260.8889080286026,276.8862282037735,273.45339250564575,293.3641471862793,293.61462557315826,352.51975297927856,352.7485463619232,385.90229392051697,386.0535762310028,0.46316272020339966,0.45810651779174805,0.5672944188117981,0.4599059820175171,0.6086806058883667,0.6429566144943237,0.6296059489250183,0.6495030522346497,0.41769033670425415,0.5188978910446167,0.48015308380126953,0.6070035099983215,0.6209341883659363,0.4659474790096283,0.6029924750328064,0.3472646176815033,0.4189351797103882
160,14.6575000253506,76.38725447570407,373.9146889448166,384.1835884451866,367.6768085360527,393.5688441991806,359.4882373213768,415.8555983901024,347.2876216173172,476.3448907136917,320.0356234908104,526.4678680896759,296.50395876169205,411.25135362148285,366.36756098270416,399.0471785068512,363.9542270898819,399.37172716856,365.7424160838127,213.67226934432983,208.5819935798645,208.62934470176697,210.70855659246445,213.55078506469727,228.28856539726257,230.43357121944427,247.7080597281456,257.0994007587433,263.92266726493835,266.88232350349426,291.197305560112,290.3220034837723,342.80559492111206,344.4087772369385,384.73757696151733,385.0078101158142,0.4430115520954132,0.5292041897773743,0.5772753357887268,0.4210420846939087,0.5885657072067261,0.7002435922622681,0.7672955989837646,0.6628203988075256,0.567425549030304,0.4669853448867798,0.4545384645462036,0.6520642042160034,0.7050611972808838,0.5150991082191467,0.6633282899856567,0.49847927689552307,0.5253764390945435
161,14.77470004465431,81.72505904640506,376.41765040159225,388.1560779809952,371.4233156442642,393.3875015974045,360.066708445549,409.17624402046204,349.91237914562225,471.3281557559967,312.6549581885338,528.9484293460846,327.9289509654045,404.9845697283745,368.0121692419052,394.27518647909164,365.1238012313843,402.0867545604706,369.4816973209381,215.5494698882103,210.0026931166649,209.75651252269745,213.40443390607834,213.7576220035553,226.30295491218567,229.9969757795334,239.42189991474152,254.30200505256653,249.63653218746185,253.9675613641739,292.12074291706085,291.5601599216461,342.30599534511566,342.9912294149399,383.9102895259857,383.8421280384064,0.5121462345123291,0.46222519874572754,0.4185905158519745,0.44802021980285645,0.5180304050445557,0.5614878535270691,0.6244692206382751,0.556858479976654,0.39406633377075195,0.4747627377510071,0.32622936367988586,0.6009701490402222,0.6186082363128662,0.45242682099342346,0.49616605043411255,0.35753315687179565,0.48030078411102295
162,15.03090001642704,86.45829711110478,380.2757303118706,388.63943523168564,373.46491861343384,395.6211254000664,360.29852509498596,415.1220654249191,347.25325858592987,469.33600986003876,322.3794016838074,521.9336072206497,322.88746070861816,409.7852511405945,367.6671740412712,405.216894865036,363.48770344257355,402.20456302165985,364.01463001966476,210.058473944664,207.51776957511902,206.11272305250168,210.28372353315353,210.04840052127838,225.54144632816315,229.63979148864746,233.44391125440598,247.99055290222168,240.56532394886017,242.1369891166687,289.7465817928314,289.4210956096649,342.94053053855896,343.0722692012787,385.1349343061447,383.7254693508148,0.45266565680503845,0.5154903531074524,0.6172376275062561,0.4266510009765625,0.6150323748588562,0.653079092502594,0.7299676537513733,0.5814966559410095,0.45493125915527344,0.42697903513908386,0.37265485525131226,0.6584697365760803,0.6927340626716614,0.5096850991249084,0.6517279744148254,0.535564661026001,0.509623110294342
163,14.941599976737052,86.86703400233786,381.46460020542145,389.4452001452446,373.2907215952873,394.2754005789757,361.6620737314224,412.1867560148239,354.82709550857544,470.4742183685303,330.75421303510666,546.960545539856,334.13691091537476,408.52835100889206,368.3839804530144,405.49581348896027,362.6357464790344,407.5537950992584,363.1522089242935,207.71902692317963,205.06629341840744,204.78122156858444,209.4393052458763,208.9322109222412,226.78797215223312,233.0182940363884,233.18326896429062,248.82145953178406,232.8012027144432,239.44400715827942,293.7223870754242,293.0866153240204,342.4634302854538,342.8204939365387,384.7151379585266,382.6443256139755,0.5284741520881653,0.46160265803337097,0.4461164176464081,0.427019327878952,0.5698522329330444,0.5377811193466187,0.4862118363380432,0.4842034578323364,0.4267096221446991,0.320964515209198,0.2823188900947571,0.4244641661643982,0.48338040709495544,0.4029944837093353,0.5704295635223389,0.5125643014907837,0.5174928307533264
164,15.117800037842244,90.94849870431831,379.40370148420334,387.335914850235,371.48029297590256,393.8372451663017,362.01119035482407,412.987007856369,354.4507614374161,464.72478008270264,332.4373860359192,542.9605174064636,334.05231469869614,407.63833779096603,370.06669849157333,408.65528547763824,365.42407631874084,409.29635405540466,363.69158005714417,207.568121612072,205.19792652130127,204.95510876178741,209.66615331172943,209.37821626663208,226.13312423229218,231.43543952703476,229.4810596704483,245.1689990758896,220.51535093784332,232.87915110588074,291.8797347545624,291.96363973617554,343.41395127773285,343.6462733745575,385.14956188201904,383.5487622022629,0.5363776087760925,0.495839923620224,0.41793590784072876,0.4296993315219879,0.5434064269065857,0.554474949836731,0.5299480557441711,0.48958131670951843,0.334056556224823,0.4073161482810974,0.27597901225090027,0.5313260555267334,0.6165714859962463,0.46670472621917725,0.5640658140182495,0.5169000625610352,0.5234639644622803
165,14.740100014023483,97.54680688261445,376.9381539821625,383.4883258342743,372.95107889175415,391.09053099155426,360.85614824295044,413.0476516485214,346.95911210775375,483.96170818805695,286.8242086172104,540.5674159526825,240.79417872428894,408.02278089523315,369.9478730559349,410.2102929353714,367.3291906118393,407.6798731684685,364.454498231411,207.45880687236786,205.82314229011536,205.51943159103394,210.67795932292938,211.38409423828125,225.87522649765015,227.6097855567932,222.2090281844139,224.2976198196411,210.80511367321014,209.09691441059113,288.5021822452545,290.34067249298096,345.2327470779419,347.323796749115,384.39037561416626,383.50089836120605,0.49562638998031616,0.5981854796409607,0.5637616515159607,0.4109278619289398,0.562993586063385,0.6746233701705933,0.7415260672569275,0.6046478152275085,0.5553216934204102,0.6216728091239929,0.4587497413158417,0.6191852688789368,0.7145132422447205,0.5293213725090027,0.6395247578620911,0.49924948811531067,0.5437691807746887
166,15.08129999274388,99.91602229547021,375.4093469977379,382.0820107460022,372.93167608976364,390.5322655439377,360.6688911318779,414.5711328983307,344.0989517569542,486.8412445783615,280.23897790908813,538.6266005039215,238.39556419849396,409.67592638731,368.85058438777924,410.2459405660629,365.8365129828453,409.2734988927841,363.48320734500885,204.79339110851288,203.67512047290802,203.53314250707626,211.75944989919662,211.5104945898056,225.14328974485397,226.93471539020538,217.9427825808525,216.7564560174942,197.11358201503754,201.7801707983017,291.38803708553314,292.8467230796814,346.7515720129013,348.5336329936981,383.43355119228363,382.32248878479004,0.48487091064453125,0.615337073802948,0.537026047706604,0.4018837809562683,0.5764333009719849,0.6846898198127747,0.7917763590812683,0.7434247136116028,0.5753884315490723,0.7168658971786499,0.6313921213150024,0.6299892067909241,0.7256553173065186,0.525148332118988,0.613734781742096,0.5730255246162415,0.5949005484580994
167,14.855699962936342,107.06991437287324,373.84724748134613,381.5299006700516,372.08697175979614,395.5420422554016,361.3068017363548,420.0559169650078,343.87294256687164,484.1895104646683,279.9408973455429,522.2801814079285,239.7422257065773,412.18132323026657,369.30260276794434,410.80056631565094,364.1591474413872,410.759057700634,364.1025983095169,203.20133781433105,202.35648220777512,202.3213609457016,211.24279487133026,211.11052840948105,225.8543256521225,227.42514634132385,213.8357211947441,214.71982997655869,188.622771859169,193.83438110351562,295.4457869529724,297.1035889387131,348.93759536743164,352.76628041267395,382.99804151058197,382.8741444349289,0.4367615580558777,0.5822646617889404,0.6108272671699524,0.47798553109169006,0.652403712272644,0.7439746260643005,0.7950345277786255,0.6801992058753967,0.7348591089248657,0.6878814101219177,0.6232535243034363,0.6086382865905762,0.6430068016052246,0.44168946146965027,0.5440473556518555,0.5936002135276794,0.6230599284172058
168,14.838600007351488,101.1120518071286,373.60049736499786,380.42589461803436,372.9102928638458,392.74905574321747,362.62375688552856,416.84385669231415,346.36576104164124,481.6270560026169,282.8470088839531,505.6587510108948,239.84255826473236,413.4034856557846,371.3109132051468,411.74798506498337,364.9877139925957,410.5126019716263,363.18148708343506,203.65047979354858,203.0046647787094,203.1986837387085,211.52635872364044,213.124263048172,224.5907142162323,226.99572896957397,215.13216173648834,212.38062423467636,185.1137973666191,189.6209455728531,294.79912745952606,296.6073069572449,349.15978372097015,352.33107233047485,382.80661630630493,382.68700194358826,0.4413112699985504,0.6051720976829529,0.6310964226722717,0.418905109167099,0.5216551423072815,0.6737164258956909,0.7485794425010681,0.5872211456298828,0.7728416919708252,0.6144027709960938,0.6667327284812927,0.6405166387557983,0.649134635925293,0.4405699670314789,0.5247533321380615,0.6061530113220215,0.6428995728492737
169,15.062999969813973,106.914040695421,371.71376889944077,378.4432226419449,371.25837844610214,391.4833507537842,361.5521869659424,418.1371805667877,346.3376871943474,479.886691570282,288.72680723667145,488.7021472454071,256.1747932434082,414.93443363904953,370.93219727277756,408.0584017634392,364.30535089969635,411.5799434185028,363.43559688329697,203.55996978282928,203.15573596954346,203.5988911986351,211.9807636141777,214.22561395168304,224.13412272930145,226.87089693546295,208.33134931325912,212.6777600646019,181.61619317531586,194.2112296819687,295.7915406227112,299.4449963569641,351.92047476768494,353.5339114665985,381.1424505710602,383.3261516094208,0.4004635512828827,0.5573076605796814,0.5976272225379944,0.39897194504737854,0.552987277507782,0.6510151624679565,0.7391220331192017,0.6840562224388123,0.7357271909713745,0.5862969756126404,0.6813010573387146,0.6142168641090393,0.7380990982055664,0.3911154270172119,0.47600576281547546,0.5672963857650757,0.5083287954330444
170,15.11079998454079,106.66243898980467,373.2370628118515,380.18527311086655,372.13926565647125,392.0721254348755,363.25374579429626,419.80552715063095,347.2848918437958,475.0191307067871,292.6430420279503,470.8859324455261,262.2452475428581,415.8975352048874,370.43181908130646,408.7770280241966,363.0502973794937,411.47190326452255,362.1337625384331,202.35900056362152,201.66155171394348,201.85498255491257,208.72879713773727,210.25695657730103,223.69948768615723,226.82372677326202,210.23359769582748,217.35472387075424,174.1386970281601,190.7121024131775,299.3726124763489,301.0994505882263,358.30165672302246,355.7116106748581,380.80903232097626,381.7087639570236,0.40389901399612427,0.5605942606925964,0.606807291507721,0.5617004036903381,0.6686493754386902,0.6419528722763062,0.7207853198051453,0.6268609166145325,0.7349448800086975,0.532875120639801,0.5786963701248169,0.7146950364112854,0.7474052309989929,0.4256400465965271,0.42244285345077515,0.5423004627227783,0.5892475843429565
171,14.825399965047836,107.00020108593786,376.20673525333405,376.18238139152527,368.25027507543564,387.9091672897339,357.9363075494766,418.0338238477707,344.2582688331604,470.7711749076843,297.75309777259827,443.11115592718124,270.75831389427185,415.4248026609421,369.903340280056,410.70721876621246,364.806077003479,412.34307569265366,362.9553708434105,200.30543971061707,200.03393983840942,200.60960280895233,208.9802104830742,213.19922560453415,223.1450120806694,229.56617105007172,209.060662150383,220.3003858923912,174.66085624694824,192.2650231719017,296.12547159194946,300.26875507831573,359.43910908699036,356.7001030445099,381.26912236213684,382.35427737236023,0.41260775923728943,0.4451318681240082,0.5790643095970154,0.4693860411643982,0.5113930702209473,0.6313403248786926,0.6485317945480347,0.6633528470993042,0.6746781468391418,0.5621811747550964,0.6167574524879456,0.5716690421104431,0.7051511406898499,0.42854249477386475,0.41925856471061707,0.5609622001647949,0.5996395349502563
172,15.434400003869087,133.01908771617923,382.0338382720947,389.01879346370697,375.6375507116318,402.80934166908264,368.855562210083,427.4638532400131,354.16359996795654,452.55657374858856,300.70251101255417,406.5333682894707,282.017987370491,416.591325879097,370.4765659570694,411.6457523703575,368.43343752622604,411.06639808416367,365.0041193962097,200.3504232764244,198.99569863080978,199.81411904096603,210.83973729610443,211.63792037963867,228.34351682662964,230.30955350399017,211.56484282016754,224.64020669460297,182.44779348373413,197.01792973279953,295.1051906347275,296.33067989349365,360.4270284175873,356.40049409866333,382.2959178686142,382.129887342453,0.5141484141349792,0.5187788009643555,0.4186009168624878,0.5309096574783325,0.6338440179824829,0.6981504559516907,0.6001080274581909,0.4757472276687622,0.656099259853363,0.47482237219810486,0.5219414830207825,0.5984122157096863,0.44267579913139343,0.4271392524242401,0.4507594108581543,0.5205267667770386,0.550933301448822
173,15.179399983026087,88.00966057331962,385.29744309186935,389.1641137599945,377.6928025484085,399.9093319773674,369.05970644950867,422.452791929245,356.0292663574219,446.2485756278038,304.92584532499313,414.3583176136017,292.9436650276184,415.9001579284668,371.5567533969879,411.18054008483887,368.8550269603729,411.2257954478264,367.1609348654747,203.20076477527618,201.97470247745514,201.44106739759445,208.86873930692673,208.62571042776108,226.3751276731491,230.13813942670822,229.52964735031128,232.4036191701889,210.7972268462181,215.03230214118958,293.67425179481506,295.8542129993439,354.11108243465424,350.573712348938,384.87311577796936,384.10439896583557,0.45827600359916687,0.3967902660369873,0.4358741343021393,0.5504279732704163,0.6778297424316406,0.6668615341186523,0.5630248188972473,0.561226487159729,0.5459774732589722,0.41882845759391785,0.5765483975410461,0.6942904591560364,0.5518429279327393,0.5601518750190735,0.6255134344100952,0.5728772282600403,0.4600449204444885
174,16.0160000086762,94.26285214102977,379.6612368822098,376.73497319221497,379.8656487464905,381.2542470693588,391.23033821582794,377.121905207634,414.9496079683304,309.3284080028534,436.9704233407974,307.6434419155121,351.4240581393242,389.7309164404869,397.44911020994186,400.425767660141,370.5326066017151,406.4393516778946,374.11554139852524,208.61387264728546,206.89683651924133,206.11665892601013,212.28501719236374,211.57342332601547,228.65135943889618,228.36425179243088,236.91630172729492,243.87604200839996,226.25251239538193,229.3855129480362,292.25181806087494,292.2243423461914,348.07242703437805,346.40615010261536,386.31614875793457,387.10428857803345,0.40054410696029663,0.47283676266670227,0.3832998275756836,0.45279601216316223,0.3218413293361664,0.418378621339798,0.5595737099647522,0.4314423203468323,0.4006738066673279,0.47417354583740234,0.19484959542751312,0.5267065167427063,0.5402222871780396,0.35577285289764404,0.4898366630077362,0.3452998697757721,0.507447361946106
175,16.03080000495538,36.33626532782134,388.12942254543304,397.5320471525192,379.4661383628845,410.3166202902794,369.48972606658936,428.533549785614,347.09656423330307,440.7992786169052,318.58517706394196,391.4446521997452,342.3135728240013,423.74290430545807,371.3541078567505,411.6303371787071,364.2173023223877,415.68506783246994,366.6895939707756,214.96495497226715,209.7267748117447,210.20548862218857,212.1117935180664,213.56909215450287,225.03899663686752,228.23062813282013,244.41760915517807,238.20844447612762,232.10048151016235,233.24980181455612,293.4724817276001,292.29153871536255,349.50261187553406,347.6389682292938,384.0195288658142,384.4713249206543,0.3474556803703308,0.4627631604671478,0.5059004426002502,0.37589943408966064,0.5231685638427734,0.6150557994842529,0.5024651288986206,0.5392582416534424,0.5289396047592163,0.26804497838020325,0.41100165247917175,0.6833509802818298,0.5966217517852783,0.502239465713501,0.5736650824546814,0.5730716586112976,0.5700674057006836
176,15.54950000718236,27.007964846631534,390.7632793188095,398.56521290540695,382.9817119836807,410.60983008146286,372.90777719020844,429.1700419783592,356.31463474035263,439.6203911304474,333.0011913180351,404.7888021469116,341.0450042486191,426.382889688015,375.99980771541595,412.14907443523407,365.4104274511337,414.969653069973,369.42011684179306,212.00406217575073,207.87430542707443,207.90995448827744,209.2414710521698,210.0952389240265,223.9994283914566,229.13681399822235,246.84114211797714,249.0097782611847,238.0739310979843,243.3358320593834,289.8581736087799,288.5810806751251,349.8393175601959,348.38735723495483,384.1506643295288,383.6494059562683,0.3685799837112427,0.5711541771888733,0.5968360900878906,0.49453118443489075,0.41348958015441895,0.5715613961219788,0.5636329054832458,0.5282749533653259,0.6002438068389893,0.25569629669189453,0.43444544076919556,0.6809288859367371,0.6211948394775391,0.4663780629634857,0.5917751789093018,0.5381935834884644,0.4974806606769562
177,15.708899998571724,30.70545546814315,390.36368864774704,398.10481786727905,383.36034762859344,409.79282492399216,372.6746491789818,427.83601236343384,361.3461158275604,440.4553806781769,336.4864162802696,422.4284380674362,343.7516014575958,420.65486139059067,371.5643271803856,416.22021049261093,370.94694340229034,417.18823635578156,370.53365033864975,209.56348884105682,206.76494705677032,206.66614305973053,208.9575151205063,209.1442202925682,229.54756236076355,233.0206465125084,257.5072236061096,260.3655424118042,251.92268657684326,258.2681893110275,293.4300466775894,291.8018617630005,347.0620083808899,347.8969564437866,385.6774514913559,385.5279486179352,0.4172728955745697,0.6076051592826843,0.6139832139015198,0.47569209337234497,0.37580397725105286,0.5220938324928284,0.45264437794685364,0.5270354747772217,0.45126205682754517,0.3392532765865326,0.3826201558113098,0.6394503116607666,0.49597448110580444,0.5480222105979919,0.6140884757041931,0.5354495048522949,0.4428636133670807
178,16.058599983807653,31.118002872776586,386.16730415821075,394.12242621183395,379.56898659467697,407.3336468935013,374.38313949108124,426.5872747898102,354.5160083770752,440.91759556531906,324.56637847423553,416.17653411626816,330.1701217889786,418.8623101115227,371.402601480484,413.2307338118553,366.39841812849045,416.39124953746796,370.8859516978264,211.21432387828827,206.1704944372177,206.24168699979782,208.83373868465424,208.51971328258514,229.3921028971672,229.6915158033371,260.9973632097244,264.4670845270157,278.4942059516907,279.0825662612915,294.87817668914795,294.3126173019409,347.3815530538559,345.182048201561,385.9123673439026,383.935382604599,0.3105703890323639,0.5457796454429626,0.6005913019180298,0.551338255405426,0.4534635543823242,0.409645676612854,0.37264057993888855,0.36328303813934326,0.32344987988471985,0.2370976060628891,0.37917789816856384,0.5477579236030579,0.4194912016391754,0.4316090941429138,0.46838659048080444,0.5193789005279541,0.39687594771385193
179,16.34050003485754,35.54259907679429,387.87143218517303,396.1604162454605,380.1070196032524,409.2392696738243,373.19477808475494,426.53813886642456,360.14573806524277,444.5050799846649,333.92149966955185,416.91659712791443,337.12033927440643,420.2237445116043,373.0527763366699,409.28479266166687,361.75311970710754,417.2059531211853,369.95512568950653,208.70196986198425,205.13609862327576,205.0518166422844,207.865785241127,207.66101425886154,228.6990121603012,232.5920283794403,259.68531489372253,266.0024371147156,285.824702501297,294.2208104133606,295.05400919914246,293.33238875865936,346.2860230207443,347.22653090953827,386.1342842578888,383.6821596622467,0.3527365028858185,0.5767293572425842,0.6345762610435486,0.5030514597892761,0.4770030379295349,0.36229926347732544,0.4203731119632721,0.4727292060852051,0.4201739430427551,0.30212920904159546,0.41989007592201233,0.5629083514213562,0.509858250617981,0.384653240442276,0.5630610585212708,0.5013254284858704,0.4288727641105652
180,16.017100017052144,37.77863918903052,388.5225366950035,397.5674271583557,380.5983520746231,410.03644382953644,372.8475615978241,426.23513400554657,358.19815170764923,444.89613342285156,344.7444896697998,420.76365089416504,339.8348046541214,417.8525347709656,373.90989845991135,411.9830399751663,367.90720677375793,414.96491611003876,370.4540319442749,213.7483628988266,208.46218317747116,208.12265753746033,210.11500877141953,210.16324961185455,229.82611966133118,230.9119834303856,261.87776231765747,266.5423002243042,298.1027579307556,301.26454615592957,292.90300154685974,291.6778440475464,350.2418020963669,351.1064577102661,387.88528048992157,385.2103341817856,0.3811877965927124,0.5051717758178711,0.5978246331214905,0.4223470985889435,0.4426574409008026,0.38707342743873596,0.47703316807746887,0.5739884972572327,0.5484153628349304,0.4404543936252594,0.5466895699501038,0.5597821474075317,0.5334766507148743,0.4660911560058594,0.5457195043563843,0.39368653297424316,0.3601853549480438
181,15.915199997834861,39.60900034558023,388.6036805510521,397.60114789009094,381.60785979032516,409.5416589975357,370.6731364130974,426.38452219963074,355.4228016734123,446.49636948108673,346.8260222673416,431.5330623984337,337.03132724761963,417.3169103860855,372.45447421073914,414.7054805755615,366.5238538980484,415.2481702566147,371.13591331243515,212.3104269504547,206.81157433986664,206.52282297611237,209.93973422050476,209.76700818538666,230.30252623558044,232.3283550143242,262.6275386810303,267.3862359523773,301.5106211900711,300.6725364923477,297.19114327430725,297.05792677402496,352.23498272895813,350.3234752416611,388.51112961769104,388.78618836402893,0.36423423886299133,0.5454818606376648,0.549610435962677,0.4497048556804657,0.340789794921875,0.43404096364974976,0.5010778307914734,0.5616706013679504,0.5985118746757507,0.43750566244125366,0.3391713798046112,0.5600364208221436,0.5448808670043945,0.4247281551361084,0.5208762884140015,0.278516948223114,0.3034566640853882
182,16.79870003135875,47.262326857087295,389.59177827835083,397.6511134505272,382.68577241897583,408.7402296066284,372.97762727737427,424.4600318670273,358.36782586574554,454.74440693855286,346.34783017635345,445.3356537222862,337.111186504364,421.8202873468399,370.3088454604149,417.297561109066,366.39855194091797,418.1862094402313,374.1489142179489,208.55567902326584,205.10624027252197,204.97628104686737,209.25659626722336,209.63142412900925,230.82188057899475,233.57397603988647,261.0742710828781,267.5846884250641,298.65178966522217,295.876229763031,298.54858231544495,298.00503969192505,349.8010747432709,346.5212404727936,389.3224925994873,388.6165084838867,0.4422765374183655,0.6062830686569214,0.5649605393409729,0.4761205017566681,0.48660188913345337,0.4385662078857422,0.548754870891571,0.50244140625,0.5310971140861511,0.32747650146484375,0.3090466558933258,0.5789972543716431,0.4587964713573456,0.4042050242424011,0.47591328620910645,0.3937305808067322,0.29525697231292725
183,17.274899990297854,44.7666798415787,388.2895157337189,396.9429780840874,381.3165501356125,409.7381224036217,372.185966193676,429.75699681043625,355.2993998527527,454.3398652076721,343.894513130188,464.0443706512451,325.1671427488327,426.28587567806244,372.48816817998886,417.17025196552277,359.48521316051483,417.51840513944626,374.5132586956024,206.91031801700592,203.41399562358856,203.40327376127243,207.09236347675323,207.61805140972137,228.84783643484116,231.05085492134094,256.41030621528625,266.08766913414,294.0348743200302,292.9261643886566,294.2718712091446,293.8987926244736,349.4149670600891,347.17154932022095,388.18286871910095,387.79042744636536,0.3910715878009796,0.5233112573623657,0.5190880298614502,0.5090776085853577,0.5504078269004822,0.5365095138549805,0.4939196705818176,0.5483762621879578,0.5325769782066345,0.40381717681884766,0.2893114387989044,0.5796909332275391,0.518101692199707,0.4400513172149658,0.6011531352996826,0.33305057883262634,0.2599506974220276
184,16.77469996502623,48.72779211252647,393.4985659122467,402.3932385444641,389.01143378019333,410.2715790271759,373.6264302134514,423.9902164340019,354.7861489057541,459.1016607284546,338.67759478092194,482.9083902835846,302.0439270734787,424.4401741027832,372.18061369657516,416.1950269937515,370.57676470279694,418.5695552825928,379.8491095304489,207.4336233139038,203.73786824941635,202.70078819990158,207.71679508686066,206.66632401943207,226.2798523902893,230.22878515720367,256.67251682281494,267.65478014945984,287.9647319316864,295.9693033695221,291.9521789550781,292.1595286130905,346.6713767051697,344.34432542324066,386.9182620048523,387.51567029953003,0.5019954442977905,0.5643935203552246,0.47164514660835266,0.39215442538261414,0.4916849136352539,0.4513622522354126,0.47719210386276245,0.5019662380218506,0.47131776809692383,0.4200790524482727,0.4628640115261078,0.5863027572631836,0.5712606906890869,0.5093724131584167,0.5614610910415649,0.36719730496406555,0.34077849984169006
185,16.173799987882376,54.7957697014969,388.70473569631577,397.5056058168411,384.2074338197708,409.2399922609329,372.76928132772446,421.5827970504761,352.2855960726738,465.2101445198059,339.6291617155075,504.76434874534607,309.2962394952774,424.225913643837,370.99206495285034,418.44248700141907,373.4171208143234,424.17816936969757,376.93344378471375,205.83719682693481,202.50829231739044,202.10348546504974,205.41682744026184,205.24079889059067,224.18479144573212,228.00649446249008,252.47327154874802,261.74913012981415,284.4407227039337,280.86185252666473,291.6250641345978,291.40468537807465,346.062447309494,345.11801862716675,385.3850507736206,386.0042647123337,0.41259393095970154,0.516103208065033,0.46117880940437317,0.5452575087547302,0.5903796553611755,0.5309862494468689,0.5592777132987976,0.44946974515914917,0.4772641062736511,0.6391612887382507,0.41645047068595886,0.6781668066978455,0.5771738290786743,0.5714426040649414,0.6459618210792542,0.40968388319015503,0.4040733873844147
186,17.063000006601214,61.18450005342795,390.12718856334686,394.9140337705612,381.9110519886017,406.51203858852386,370.9891746044159,419.9813834428787,351.65453666448593,475.3622257709503,332.64661514759064,519.0354976654053,301.91723346710205,425.5027250647545,374.0824897289276,420.13703405857086,375.19042986631393,423.1058501005173,375.8911520242691,205.7333561182022,202.13138341903687,202.0636441707611,205.17554783821106,205.31054377555847,223.58165276050568,227.11009550094604,248.3432886004448,258.47191977500916,273.97675812244415,272.140771150589,290.37728667259216,290.0882337093353,345.91677474975586,345.1459769010544,384.1856498718262,384.285750746727,0.48334166407585144,0.4625837504863739,0.4307996332645416,0.6321251392364502,0.6180241107940674,0.5208605527877808,0.5354438424110413,0.5518832206726074,0.6228207945823669,0.5591962337493896,0.42525580525398254,0.7155318856239319,0.6561603546142578,0.6354458332061768,0.6607273817062378,0.5594586133956909,0.39987713098526
187,16.421000007539988,69.07699660104916,389.9457656741142,393.07138311862946,378.57698154449463,404.96629095077515,371.1731399297714,423.43781197071075,350.9508171081543,477.09697008132935,325.56710809469223,535.715484380722,305.4253135919571,426.573251247406,374.4350587129593,415.15838211774826,372.9680730700493,416.7707683444023,374.67859733104706,203.3950099349022,198.8359866142273,199.16765558719635,204.61957931518555,205.18182110786438,223.4593541622162,224.9256706237793,241.042032122612,255.1846058368683,259.3464980125427,260.4658544063568,288.02046751976013,287.6006410121918,345.0662339925766,342.8306578397751,382.5650954246521,381.9988121986389,0.4176504909992218,0.4564734697341919,0.5196819305419922,0.6538012623786926,0.6333435773849487,0.6681928038597107,0.5753709673881531,0.6555910110473633,0.5974732041358948,0.4731777012348175,0.39431238174438477,0.7312301993370056,0.6763494610786438,0.6334067583084106,0.7202193140983582,0.5899859070777893,0.5441349148750305
188,19.96589999180287,67.99431616229519,388.8294756412506,398.1656757593155,381.93532556295395,408.50640577077866,373.9952975511551,419.20195281505585,354.1265071630478,476.26203405857086,332.571412563324,535.23177921772,311.1319319009781,426.16482895612717,377.3586193919182,422.16683477163315,376.9113914966583,421.7056368589401,375.92428398132324,203.93728584051132,200.12736028432846,199.4859938621521,203.94188523292542,204.1206432580948,220.22884649038315,221.92709296941757,236.70509159564972,246.1811066865921,247.54822707176208,248.64187210798264,287.6132478713989,286.1677417755127,342.1910557746887,340.8462839126587,383.89756202697754,383.0954279899597,0.44954976439476013,0.4586603045463562,0.5736224055290222,0.562188446521759,0.548714816570282,0.428458571434021,0.5966278314590454,0.7276004552841187,0.5363670587539673,0.5477568507194519,0.4535825252532959,0.7210069298744202,0.7053833603858948,0.6429577469825745,0.6382508277893066,0.5500832796096802,0.525546133518219
189,17.209900019224733,76.15268371584644,388.6262413263321,397.2753681540489,381.7719673514366,408.96685433387756,372.6985213160515,421.89527583122253,355.9378992319107,473.2317713499069,343.6180031299591,528.9788850545883,332.5941606760025,425.7692526578903,377.8797117471695,428.3195569515228,373.5226720571518,426.87521237134933,379.78950947523117,202.3483842611313,198.58890122175217,197.91164445877075,202.96144556999207,202.48570251464844,221.67750430107117,223.44225347042084,231.29133528470993,247.00326693058014,237.1040474176407,245.7832064628601,290.1041581630707,289.0503695011139,341.71003472805023,342.3545227050781,386.28411889076233,386.1134135723114,0.45181772112846375,0.5224552154541016,0.6612892746925354,0.4504161477088928,0.5607138276100159,0.5040456652641296,0.57563316822052,0.4461124539375305,0.405657559633255,0.4079478979110718,0.1636418104171753,0.6434510946273804,0.6405810713768005,0.5525734424591064,0.516717255115509,0.4999161660671234,0.4800930917263031
190,17.739600036293268,85.305365176333,390.9217399954796,398.99279713630676,385.81200540065765,407.989434838295,374.6447160243988,426.1211793422699,358.48263692855835,479.1426409482956,348.05391186475754,551.0264093875885,349.28892028331757,423.8307923078537,375.41997170448303,424.9645047187805,376.4920501112938,426.46315038204193,382.6553702354431,201.23364233970642,197.1958281993866,196.09310501813889,202.60023492574692,202.37109470367432,221.9114248752594,221.8175972700119,228.05006051063538,250.26725214719772,226.19068449735641,257.93066930770874,290.6118406057358,289.6456665992737,341.7399232387543,341.7547016143799,385.62892413139343,385.4712780714035,0.45664137601852417,0.5778752565383911,0.6164345145225525,0.47274529933929443,0.516452968120575,0.561652421951294,0.5647679567337036,0.6110839247703552,0.3066815435886383,0.4453253746032715,0.12111876159906387,0.6737446784973145,0.6480103731155396,0.5880009531974792,0.5729615092277527,0.5107938647270203,0.5086649060249329
191,18.374199979007244,88.38400649008722,389.82715433835983,394.4071790575981,382.44287610054016,406.5214054584503,374.7742464542389,428.17279148101807,354.71298027038574,479.20692443847656,318.08937525749207,545.1413388252258,265.24698144197464,424.24641370773315,377.37828981876373,423.0131716132164,371.9946679472923,428.30946749448776,383.8138647079468,197.80315911769867,196.03163903951645,195.39556568861008,202.4377180337906,200.49010908603668,219.54371798038483,218.39926850795746,224.0743607878685,229.16662710905075,215.9490892291069,219.10166358947754,284.53542494773865,284.4132469892502,340.6035566329956,342.07472884655,384.17642092704773,385.3988037109375,0.4593378007411957,0.5957130789756775,0.6301720142364502,0.573104739189148,0.5437751412391663,0.7220971584320068,0.7099811434745789,0.46281343698501587,0.4676646292209625,0.5743047595024109,0.4915708601474762,0.695910632610321,0.6883088946342468,0.6125349402427673,0.5963618159294128,0.48388612270355225,0.5419647097587585
192,15.887999965343624,84.29732093434698,387.19436806440353,392.50337612628937,380.72889947891235,405.3496100306511,374.54558777809143,421.88435673713684,350.6205412745476,486.3729546070099,313.6745285987854,550.649379491806,264.1447952389717,425.95064878463745,378.11345529556274,419.8431284427643,378.6430848836899,426.43735134601593,381.35511487722397,198.87679302692413,196.89361041784286,196.47879046201706,202.3510684967041,201.2688540816307,216.00058734416962,215.6047078371048,218.58446568250656,223.21433472633362,198.33014392852783,211.26098132133484,284.2785224914551,285.416216135025,339.5763690471649,340.496066570282,382.63416171073914,382.9275577068329,0.4517444968223572,0.5385725498199463,0.595039963722229,0.6187694668769836,0.4529477655887604,0.5871691703796387,0.6726306676864624,0.6292317509651184,0.4330851435661316,0.7336094379425049,0.7277209758758545,0.7066628336906433,0.7119616866111755,0.6174119114875793,0.5879202485084534,0.4081380069255829,0.5282042026519775
193,16.390000004321337,88.59637754933664,385.7189254760742,392.03583550453186,379.791730761528,404.6663102507591,373.96931117773056,421.85732662677765,350.9778472185135,495.3941602706909,302.8298877477646,540.0659940242767,257.6934572458267,426.0728730559349,378.9686772823334,421.80845832824707,372.643818795681,427.479188144207,382.3224449157715,196.8387645483017,195.17188441753387,195.01031756401062,201.90988874435425,198.7131451368332,216.1163563132286,215.94299691915512,213.30950546264648,216.76022601127625,188.9237983226776,199.99376678466797,283.3170232772827,283.87462043762207,340.50761783123016,343.33731484413147,381.9378287792206,383.37564408779144,0.5551080107688904,0.5343906283378601,0.5877257585525513,0.5849761366844177,0.5468868613243103,0.6109914779663086,0.683222770690918,0.643373429775238,0.57111656665802,0.7294529676437378,0.7402175664901733,0.7488464713096619,0.7288452386856079,0.666809618473053,0.6702534556388855,0.43192487955093384,0.664191722869873
194,16.360199952032417,91.46366150478909,392.69488847255707,396.80413430929184,386.72688096761703,408.3847970366478,376.4277933835983,424.783884704113,357.76376980543137,490.40991497039795,306.51620602607727,529.4449269771576,257.11790323257446,429.06459778547287,382.5000140070915,425.6581348180771,375.16401529312134,430.0457372665405,380.3592292666435,195.50908774137497,194.49307441711426,193.9479936361313,200.5004539489746,199.7698291540146,215.57276844978333,216.6285778284073,210.01603889465332,212.55330502986908,181.3910943865776,193.78224962949753,288.13492453098297,288.646950006485,343.56423830986023,346.1189670562744,383.68957901000977,385.1074284315109,0.5123139023780823,0.6707892417907715,0.6179591417312622,0.5665210485458374,0.5558887720108032,0.6595584750175476,0.7628613114356995,0.7257720828056335,0.5468296408653259,0.7296933531761169,0.6157428026199341,0.7265117168426514,0.7619074583053589,0.6609461307525635,0.6632789373397827,0.5067164301872253,0.6776343584060669
195,16.783300030510873,96.48226231611378,391.31158912181854,399.5696625113487,389.60992324352264,408.68809628486633,379.3665283918381,427.67217242717743,358.9534960985184,495.4248836040497,308.0259045958519,517.6526265144348,266.64815813302994,429.0788086652756,381.3786658644676,427.24078792333603,374.64490336179733,428.1989116668701,379.27093279361725,196.40123414993286,195.36713993549347,194.488218665123,202.5294646024704,201.55826896429062,214.14009541273117,217.30394959449768,205.1558684706688,212.64524763822556,169.27716940641403,188.87046045064926,289.3634901046753,289.7665476799011,345.7371119260788,347.8596485853195,383.9600534439087,384.60001742839813,0.4389849901199341,0.7130002379417419,0.6284018158912659,0.40247416496276855,0.4126134216785431,0.6465357542037964,0.7590159773826599,0.6125893592834473,0.5029371976852417,0.4883977174758911,0.7067967057228088,0.7378659248352051,0.7691652774810791,0.575042188167572,0.5930997133255005,0.4674740433692932,0.6815549731254578
196,17.131400003563613,99.28463868601678,392.2199078798294,400.6622945070267,390.4748064875603,409.7342953681946,379.5602352619171,428.0020468235016,357.6795482635498,490.3256666660309,307.7162358760834,502.46288204193115,268.3721171617508,430.5286127924919,382.82772064208984,427.2761144042015,370.9305647611618,425.75346279144287,376.080764234066,196.48124849796295,195.31692361831665,194.08487457036972,202.51097655296326,199.56668680906296,213.49817103147507,215.68411898612976,201.1660237312317,211.21601283550262,165.7828375697136,185.91936963796616,289.3388795852661,289.6115255355835,346.1266276836395,347.77299904823303,383.8890870809555,383.51567673683167,0.45547524094581604,0.6848752498626709,0.6211613416671753,0.42794784903526306,0.631363034248352,0.6365756988525391,0.7128912806510925,0.6908022165298462,0.5283341407775879,0.5711773633956909,0.7407383918762207,0.7280945777893066,0.7752369046211243,0.5698975324630737,0.5576016306877136,0.4545266032218933,0.6605463624000549
197,17.006599984597415,105.09399938184032,390.969484269619,395.43520641326904,385.1003641486168,406.2774921655655,376.3696652650833,428.82017600536346,356.0189895629883,490.51814246177673,309.68980860710144,486.7830094099045,269.8235002756119,430.48737180233,383.38563817739487,425.9813721179962,378.13743448257446,427.0173479318619,378.4175306558609,194.70009231567383,193.92532843351364,193.27521562576294,202.07742726802826,201.10817694664001,212.97822856903076,215.19332611560822,194.8555065393448,209.8221556544304,162.1220680475235,185.24077075719833,287.8714472055435,289.94014835357666,344.10211086273193,347.48708271980286,382.7988953590393,383.21389627456665,0.5863948464393616,0.6133096814155579,0.618256688117981,0.3533075451850891,0.4305240511894226,0.6381843090057373,0.659772515296936,0.6351498961448669,0.7024715542793274,0.46549659967422485,0.7164814472198486,0.6001585721969604,0.7683896422386169,0.4115775227546692,0.533785343170166,0.45261019468307495,0.6389749646186829
198,16.166799992788583,121.56021361630648,391.7509488463402,396.64481723308563,385.34904116392136,409.5442817211151,376.09468072652817,434.9229861497879,356.81123942136765,484.90690565109253,314.25896775722504,459.4162269830704,278.4333665370941,424.7598787546158,383.66271018981934,428.46361941099167,376.0794796347618,432.43032824993134,381.91734117269516,193.75545251369476,194.08499521017075,193.259457051754,204.39039385318756,203.80323994159698,216.1745800971985,217.4823607802391,194.8069188594818,212.010682284832,160.63469994068146,184.7644395828247,284.8831993341446,286.27839863300323,343.0498905181885,345.18780875205994,382.2317374944687,382.928040266037,0.5753698945045471,0.6514092087745667,0.6344879269599915,0.5013216733932495,0.589745819568634,0.6668765544891357,0.6701174974441528,0.6518800258636475,0.6857466697692871,0.6831536293029785,0.5751494765281677,0.5091232657432556,0.6217922568321228,0.38482528924942017,0.4384845495223999,0.5162814259529114,0.600508451461792
199,15.83669998217374,131.19316545213564,391.20852679014206,399.74765980243683,388.75491535663605,415.0528041124344,377.2187051177025,438.9621142745018,359.7242824435234,466.31500697135925,318.98118156194687,427.4764851331711,289.4860054254532,429.29413962364197,386.37888836860657,431.0301685333252,378.95505517721176,434.185224711895,395.06572353839874,191.5056710243225,190.24187862873077,189.27875077724457,200.8336459994316,201.2026379108429,216.86744463443756,217.46446084976196,198.92247027158737,213.6086620092392,166.14679276943207,190.292260825634,286.30816650390625,289.55042147636414,347.24037432670593,345.7543935775757,380.5119869709015,378.9816710948944,0.33574584126472473,0.6030806303024292,0.5712512731552124,0.49031955003738403,0.5078274607658386,0.6975575089454651,0.6840207576751709,0.513944149017334,0.6152698993682861,0.5360347628593445,0.6574296355247498,0.5364700555801392,0.7437136769294739,0.4671953022480011,0.4078359305858612,0.44842660427093506,0.33755728602409363
200,15.708499995525926,114.26853506692376,395.3195924758911,402.7310881614685,392.6440397500992,412.01098001003265,380.7757873535156,435.3568060398102,363.8241614103317,456.07723224163055,322.25551813840866,419.2756567001343,291.47055077552795,429.7269425392151,389.3760726451874,429.10120886564255,373.8984708786011,433.28988575935364,393.4217040538788,190.15905940532684,187.66030752658844,187.43057918548584,198.3876589536667,197.7995399236679,216.64938819408417,217.01451963186264,209.12604892253876,218.59441846609116,184.56285047531128,193.57762944698334,291.2945110797882,293.3134181499481,351.7111647129059,352.1283974647522,379.41359174251556,384.58397233486176,0.35711729526519775,0.5997430682182312,0.5036250948905945,0.5583357214927673,0.6853815317153931,0.7378774285316467,0.7068436145782471,0.42026662826538086,0.5989958047866821,0.41287878155708313,0.6031839847564697,0.7068261504173279,0.7037522196769714,0.3769998848438263,0.488922119140625,0.2623353600502014,0.35723385214805603
201,16.26919995760545,56.01992550355491,394.6741616129875,397.28395891189575,387.2987685203552,408.37085378170013,377.9899999499321,427.18415850400925,365.2368192076683,449.0095274448395,324.1765025854111,431.73067659139633,297.5597388148308,428.817125082016,387.5779012441635,427.14088356494904,375.87209713459015,435.7478059530258,385.3926104903221,195.18666279315948,194.25714820623398,193.55279272794724,200.58556532859802,200.14607453346252,214.26304244995117,217.68571424484253,228.22286194562912,225.0337337255478,212.95527684688568,207.19860190153122,282.22052812576294,285.3121643066406,341.7587732076645,343.4436286687851,382.7170412540436,384.4780204296112,0.5423082709312439,0.5967744588851929,0.63941490650177,0.4926665425300598,0.5738826394081116,0.606860876083374,0.6324374079704285,0.39113494753837585,0.5357415676116943,0.3472804129123688,0.4811789095401764,0.6693982481956482,0.6785199642181396,0.5588474869728088,0.573868989944458,0.4468936622142792,0.48304468393325806
202,17.426899983547628,30.54868503148856,393.80387234687805,400.0975525379181,386.37415140867233,412.9154717326164,376.5571364760399,436.3950299024582,361.7165889143944,444.292746424675,324.1716050505638,388.0854250192642,312.4615992307663,427.4010416865349,387.89161109924316,426.8692443370819,372.6736589670181,433.22734183073044,388.1724833846092,196.2014998793602,194.26799070835114,194.13204473257065,200.33196538686752,199.91523027420044,216.56837856769562,222.2199913263321,235.02647924423218,229.06728023290634,217.4644306898117,216.37325876951218,285.9706766605377,287.6060698032379,341.25000500679016,343.70695519447327,382.9682434797287,385.850298166275,0.4755636751651764,0.6004989743232727,0.5619894862174988,0.5239226222038269,0.4906865656375885,0.7593789100646973,0.6220737099647522,0.5588545799255371,0.5603837966918945,0.23089084029197693,0.5498805046081543,0.6586894989013672,0.7068002820014954,0.5572556257247925,0.5726646780967712,0.4204987585544586,0.5145795345306396
203,16.75700000487268,17.42207268664398,391.94682347774506,403.8641582727432,387.14349257946014,417.4062970876694,379.60551738739014,440.4045051932335,360.58935302495956,443.43870198726654,333.619404733181,354.06506049633026,329.22647655010223,429.64863550662994,390.302108168602,422.7765644788742,372.2091692686081,432.3406203985214,389.67431378364563,200.2573345899582,196.2477501630783,196.29775536060333,200.14776349067688,200.65123862028122,213.79470366239548,223.99608063697815,233.0740748643875,234.75781440734863,225.63210713863373,229.00352209806442,285.95173621177673,287.6190687417984,341.731538772583,343.5430660247803,383.23187160491943,385.05401515960693,0.30325907468795776,0.5671010613441467,0.6091360449790955,0.5245583653450012,0.5725143551826477,0.721671462059021,0.5973283648490906,0.6085148453712463,0.4480099678039551,0.45774802565574646,0.45446300506591797,0.6491498351097107,0.680392861366272,0.5068703293800354,0.5543727278709412,0.43271881341934204,0.5053510665893555
204,16.608300036750734,22.57366195838236,395.70098465681076,405.9700982570648,390.29292863607407,416.07020676136017,381.0050348043442,441.93952107429504,362.8934959769249,448.57027477025986,344.6392595767975,397.1963920593262,348.70274156332016,433.84713423252106,388.5726628303528,425.5590065717697,373.4201449751854,434.27533400058746,385.73645490407944,202.42122054100037,197.7768898010254,197.4312869310379,200.64567410945892,201.21427965164185,215.47541213035583,221.17538636922836,239.51601403951645,241.84630751609802,234.30853670835495,240.21492564678192,279.9493330717087,279.6645929813385,335.747261762619,338.7644933462143,382.09260964393616,384.86551547050476,0.3967483639717102,0.5659251809120178,0.6030436158180237,0.5132002830505371,0.579875648021698,0.6215120553970337,0.5982840657234192,0.497789204120636,0.47194695472717285,0.18120914697647095,0.5780816078186035,0.6884663105010986,0.6715187430381775,0.3590243458747864,0.5407326221466064,0.4704625904560089,0.6127221584320068
205,16.586200043093413,29.790266352037143,395.9393581151962,405.5877693891525,390.2492790222168,418.7348403930664,382.27253288030624,438.83087104558945,367.2028181552887,447.93244445323944,339.7779878973961,401.44560569524765,342.0044928789139,428.10468095541,385.5686005949974,427.3592119216919,370.3623704314232,432.26986038684845,381.664810359478,202.45889031887054,198.66169226169586,197.41590535640717,200.11268746852875,199.4159322977066,218.7639023065567,220.46142494678497,243.63737124204636,249.39878129959106,250.96939086914062,253.64988660812378,281.56789696216583,281.41504633426666,336.1400046348572,338.7581899166107,381.9916341304779,383.999623298645,0.46825656294822693,0.581592321395874,0.5861255526542664,0.4801827371120453,0.5598317980766296,0.6360706686973572,0.4385157525539398,0.5054379105567932,0.5340228080749512,0.2500115931034088,0.45160022377967834,0.5738188624382019,0.6114031672477722,0.4704122543334961,0.4489198923110962,0.4018784463405609,0.5350844860076904
206,17.191499995533377,26.421158334908533,392.43015396595,402.4519019126892,386.2237730026245,416.17120838165283,380.8634344935417,436.78814405202866,368.72244560718536,445.7927302122116,341.1688877940178,384.4350487589836,334.0250972509384,424.33462285995483,382.1936638355255,428.76325219869614,368.79647064208984,431.50306165218353,376.3141598701477,201.33309477567673,196.82127177715302,195.76178288459778,199.61180609464645,198.2711963057518,219.97319567203522,221.90225625038147,252.19276893138885,252.548686504364,269.5293115377426,270.64206290245056,285.21492862701416,285.5724446773529,336.2920409440994,337.99179542064667,383.6373118162155,383.3215069770813,0.36114048957824707,0.6500855684280396,0.6062750816345215,0.5414694547653198,0.5337304472923279,0.561194658279419,0.46630755066871643,0.4871886372566223,0.4644300043582916,0.321012407541275,0.48260360956192017,0.4764391779899597,0.5836896300315857,0.44266143441200256,0.4012411832809448,0.4715372323989868,0.5000981688499451
207,15.649600012693554,29.966402136167474,396.4010109901428,406.3847026824951,390.4612914323807,417.2163904905319,379.44446074962616,435.7443803548813,366.508385181427,446.8294018507004,342.36410039663315,411.8422960639,338.28185790777206,422.8534263372421,382.2433885335922,428.8823720216751,368.69193637371063,426.71220207214355,378.46741592884064,202.89170068502426,198.0802235007286,196.66781795024872,200.20746511220932,199.39308613538742,222.5045353770256,224.82196563482285,255.2131371498108,261.29127192497253,282.7236865758896,285.70370078086853,287.3427131175995,288.5891032218933,342.45199966430664,343.2742202281952,385.6465677022934,384.298930644989,0.48304861783981323,0.6066792011260986,0.6055986881256104,0.49159958958625793,0.5207872986793518,0.6191531419754028,0.5465437769889832,0.5114357471466064,0.5243260860443115,0.21921265125274658,0.39821407198905945,0.509160578250885,0.61629319190979,0.47851139307022095,0.44418853521347046,0.4302643835544586,0.47287192940711975
208,16.357399988919497,34.37950833712638,392.2780627608299,402.5370066165924,384.64810490608215,416.1760256290436,376.3328936100006,437.39610743522644,365.94570392370224,450.12097346782684,349.19027376174927,414.87060511112213,338.02437603473663,422.0241639614105,379.3072494864464,421.89864790439606,369.32141679525375,421.8196718096733,379.25682896375656,204.40199035406113,198.98530852794647,197.92033052444458,200.27206772565842,200.03608119487762,223.16767728328705,223.27972149848938,255.81606471538544,262.8415536880493,291.0493106842041,294.49436116218567,289.29828429222107,288.55990839004517,345.38822162151337,343.3620460033417,386.28182673454285,384.01114439964294,0.37381672859191895,0.6087668538093567,0.6385893225669861,0.5134807229042053,0.4724898040294647,0.6017436981201172,0.5246290564537048,0.44726550579071045,0.5288760662078857,0.24581144750118256,0.3791011571884155,0.4810181260108948,0.6071380376815796,0.456193745136261,0.47116798162460327,0.44674891233444214,0.43715277314186096
209,15.804899972863495,29.284885614165333,393.8493685722351,404.4170979857445,386.26450550556183,416.34222066402435,376.68840646743774,437.9774689078331,362.3510739207268,450.81347954273224,348.34024369716644,428.5452182292938,342.26799631118774,425.34126698970795,375.4991618990898,416.1740987300873,370.67412662506104,418.34044164419174,382.70844024419785,203.59966027736664,197.6992279291153,197.1045641899109,200.06958889961243,199.67484039068222,223.38491940498352,223.1934037208557,260.98698818683624,262.5783779621124,296.99223840236664,293.29839849472046,291.98595809936523,290.67267322540283,348.6560220718384,346.8963397741318,386.7468328475952,386.95671594142914,0.4476616382598877,0.6673207879066467,0.6231091022491455,0.540901243686676,0.4926376938819885,0.5907029509544373,0.6105344891548157,0.5279132723808289,0.5467727780342102,0.3252095580101013,0.3506050407886505,0.6130577325820923,0.5897061824798584,0.3787137269973755,0.46815773844718933,0.415170282125473,0.383680522441864
210,18.458599981386214,37.127972760581585,394.8790552020073,406.500048995018,388.69767040014267,416.6985096335411,375.8918210864067,439.5644575357437,360.47563922405243,458.45903992652893,349.13083428144455,445.040650844574,334.2582787871361,429.3796457648277,375.7072402238846,427.1721689105034,364.28782147169113,426.7272961139679,381.10940849781036,203.71746504306793,197.6886870265007,196.93931782245636,200.7819367647171,200.723215341568,224.0588434934616,225.65282702445984,258.8373980522156,264.838082075119,301.7994931936264,298.30039608478546,291.2955365180969,290.63340497016907,345.60926389694214,346.7798318862915,384.52054595947266,386.6076748371124,0.5188071727752686,0.5853893160820007,0.5581739544868469,0.49436163902282715,0.46403613686561584,0.6307664513587952,0.6264814138412476,0.5248147249221802,0.5176038146018982,0.48670515418052673,0.404119610786438,0.6101307272911072,0.6181038022041321,0.4607824385166168,0.405595064163208,0.37884944677352905,0.4749237596988678
211,17.7836999646388,49.07006224178785,393.7411143183708,404.4248055815697,386.37690794467926,415.52837347984314,375.8928915858269,434.0549716949463,361.9334988594055,464.93823766708374,347.95406103134155,457.7870874404907,335.11770248413086,424.49385964870453,376.51549404859543,428.21644109487534,366.55631679296494,427.614606320858,382.32876086235046,202.9755453467369,197.5370578765869,197.12775719165802,201.24400228261948,201.87000221014023,224.89068508148193,227.46299707889557,260.60706329345703,264.11261463165283,292.4645663499832,299.60270273685455,291.0706639289856,292.1066883802414,346.93310475349426,348.1259307861328,387.1602051258087,386.807514667511,0.4830058515071869,0.6081634759902954,0.6332142949104309,0.47953328490257263,0.4726148545742035,0.6155006289482117,0.6643341779708862,0.5822766423225403,0.49160245060920715,0.4072107970714569,0.41298937797546387,0.4969649016857147,0.6322024464607239,0.37627413868904114,0.35490748286247253,0.3531247675418854,0.3318961560726166
212,17.185699951369315,51.68693012134247,391.5556629896164,401.5469819903374,384.3535569906235,412.9153914451599,374.51978874206543,425.86294811964035,361.08317440748215,463.8805307149887,345.69594955444336,472.32393431663513,319.3302446603775,424.361652970314,376.26347172260284,426.0438892841339,367.5425946712494,425.43228620290756,381.432726085186,203.00164878368378,197.93459618091583,197.38057297468185,201.14430856704712,201.9966287612915,222.3790247440338,227.12556755542755,253.85177731513977,265.2078129053116,286.1937698125839,296.12900030612946,288.20625281333923,289.66801512241364,343.98334097862244,345.9194288253784,387.1965478658676,386.58221983909607,0.4426393210887909,0.5888585448265076,0.6276421546936035,0.44582298398017883,0.44517040252685547,0.5040133595466614,0.6406656503677368,0.4522392451763153,0.5197568535804749,0.500001847743988,0.3830081820487976,0.49455857276916504,0.5869724154472351,0.4688539505004883,0.44530388712882996,0.3613367974758148,0.32724320888519287
213,18.395799968857318,52.06100466603354,390.62550604343414,400.9126843214035,383.21588373184204,411.68415653705597,373.0888521671295,427.01009529829025,352.8227459192276,468.83378505706787,339.9375190734863,496.60403871536255,311.2048596739769,429.7791829109192,374.0371540784836,428.21515649557114,368.0565414428711,422.62471413612366,379.90466845035553,203.38051807880402,198.23568296432495,197.6616033911705,201.86401546001434,202.70875042676926,218.49261355400085,223.64379733800888,248.3756200671196,263.0712217092514,276.66696536540985,284.64852476119995,284.7488065958023,284.9938863515854,342.67825961112976,345.30594527721405,386.8621644973755,388.49972915649414,0.4269467890262604,0.5619673728942871,0.6245666742324829,0.48906880617141724,0.4427925646305084,0.5249727368354797,0.5770707130432129,0.5367266535758972,0.4990454912185669,0.6240405440330505,0.37388211488723755,0.614285409450531,0.6041109561920166,0.5700860023498535,0.5155077576637268,0.41990917921066284,0.5328577756881714
214,17.8460999741219,57.283742765193686,391.80353713035583,402.7186703681946,384.7397931814194,411.5677129626274,373.4801732301712,428.3419303894043,353.4191211462021,471.58518266677856,339.4474176764488,513.7165071964264,303.5895141363144,430.42830699682236,374.6047328710556,423.2950341105461,369.7873249053955,420.85386723279953,378.81388306617737,203.4271755218506,198.36141979694366,197.48141276836395,201.92714023590088,202.57331717014313,219.99969118833542,223.2917703986168,245.79531568288803,259.4505498409271,275.50457072257996,279.75133299827576,282.9199072122574,282.821857213974,341.16619050502777,342.6775960922241,386.53628623485565,387.35847663879395,0.4738684892654419,0.5767935514450073,0.5923233032226562,0.47757160663604736,0.4299987256526947,0.4891587793827057,0.5905618667602539,0.6331877708435059,0.5056626200675964,0.7006568908691406,0.4616404175758362,0.6457140445709229,0.6582340002059937,0.5923577547073364,0.5423174500465393,0.41862842440605164,0.5620611906051636
215,18.227099964860827,65.19492837989021,389.0473757982254,398.6727178096771,382.5535122156143,409.45992636680603,372.00454330444336,427.78203243017197,354.37909150123596,474.9883003234863,339.4026975631714,526.7980101108551,303.7907145023346,426.1935451030731,373.7066106200218,414.70438331365585,376.09403842687607,416.73959004879,377.695799946785,202.41131299734116,197.213170170784,196.43487757444382,201.1368590593338,200.08356803655624,218.8622840642929,222.8542701601982,242.09554934501648,256.01288855075836,270.5357792377472,270.2433182001114,283.8721774816513,283.68165707588196,343.21613216400146,342.467924118042,384.94911885261536,386.87670159339905,0.3947903513908386,0.5910831093788147,0.6134271621704102,0.40272101759910583,0.4485416114330292,0.5145076513290405,0.620294451713562,0.6064239144325256,0.5094502568244934,0.6053375601768494,0.5314924716949463,0.6979870200157166,0.6450427770614624,0.5378081202507019,0.5856212377548218,0.37790483236312866,0.5351079702377319
216,18.155899946577847,66.18418420369947,389.67195868492126,399.1916691660881,383.01355934143066,410.4832167625427,374.97847098112106,430.14127933979034,356.7592399120331,474.69177198410034,336.17894208431244,540.6047228574753,307.18981778621674,430.32952666282654,377.2692594528198,418.2325620651245,375.24649727344513,423.1471981406212,376.4545558691025,204.12384021282196,199.52942419052124,198.49673241376877,201.99789547920227,201.9097530245781,219.7054507136345,221.37183320522308,239.21681225299835,248.96603125333786,258.8936161994934,259.16837334632874,285.3561073541641,284.20276069641113,340.00898337364197,340.0132359266281,383.52695655822754,385.63037180900574,0.42301854491233826,0.5161944031715393,0.5931011438369751,0.4763387143611908,0.42225342988967896,0.5674005150794983,0.62002032995224,0.5472429990768433,0.5304456949234009,0.5968887209892273,0.5731253027915955,0.6671170592308044,0.6974678635597229,0.5897334218025208,0.6163305640220642,0.4799666106700897,0.566326379776001
217,17.59569998830557,81.8323977739976,389.1235953569412,398.83018827438354,382.41777288913727,409.6383250951767,374.8156212568283,429.21200555562973,355.80472910404205,488.9626532793045,330.9767966270447,554.2763385772705,296.7474706172943,422.22049355506897,378.85306334495544,426.5823237299919,370.0376076698303,427.9814932346344,378.00851958990097,204.2085896730423,199.76194232702255,198.97963845729828,202.34990733861923,202.25629085302353,217.853071808815,218.64936989545822,232.69707548618317,244.30778169631958,248.72458577156067,251.29140865802765,286.8739370107651,286.3411011695862,341.9980320930481,345.1354510784149,383.34304118156433,386.66196274757385,0.4226107895374298,0.47930437326431274,0.5636627674102783,0.44468894600868225,0.4184991121292114,0.5972623825073242,0.7090614438056946,0.7085667252540588,0.5398144721984863,0.5550211668014526,0.5229093432426453,0.618579089641571,0.7370937466621399,0.5880743265151978,0.5749260783195496,0.4163203835487366,0.5874431729316711
218,17.06819998798892,79.03110390485834,390.8940408229828,400.2329439520836,384.00013160705566,408.5253268480301,374.33737564086914,425.53601759672165,356.78948152065277,480.0904611349106,336.53611421585083,545.387446641922,316.6755399107933,422.0731928348541,380.5660497546196,423.4794811606407,372.04645335674286,430.5911031961441,380.23933333158493,203.28720319271088,199.22001326084137,198.19759094715118,201.2426752448082,201.2644054889679,216.01060044765472,219.719746530056,229.38142627477646,241.82620590925217,237.75040531158447,239.17226600646973,286.7538400888443,287.11204981803894,341.58393597602844,344.38718271255493,383.31469082832336,387.0726809501648,0.4737425148487091,0.5183127522468567,0.6028996109962463,0.36075669527053833,0.3836930990219116,0.5604314208030701,0.6572784185409546,0.580588698387146,0.43036729097366333,0.5429373383522034,0.2768128216266632,0.5899246335029602,0.730506956577301,0.4690382480621338,0.5993576645851135,0.4606753885746002,0.6083912253379822
219,17.27100001880899,74.65449984379198,392.99714398384094,403.32141506671906,387.6269568800926,409.61461353302,374.09314119815826,424.34302628040314,361.3957602381706,484.58211612701416,351.858118891716,548.5046339035034,356.67895245552063,429.16436833143234,380.10201501846313,426.53862059116364,371.131551027298,429.3950609564781,380.9872645139694,202.16995799541473,198.31654179096222,196.5496211051941,201.96100986003876,200.46074837446213,218.04232549667358,222.41898667812347,230.33255046606064,250.40791815519333,228.241907954216,266.81193017959595,290.3630210161209,290.1705402135849,341.84068763256073,342.7277520895004,385.49106299877167,387.4294128417969,0.5175820589065552,0.5937169194221497,0.6015809178352356,0.34024402499198914,0.38650766015052795,0.3259955048561096,0.5445511341094971,0.4310246407985687,0.309141606092453,0.37121421098709106,0.1928868293762207,0.6094496846199036,0.6380825042724609,0.46260586380958557,0.5188097357749939,0.4401707649230957,0.5201303362846375
220,15.53739997325465,80.08809230318785,391.53992664813995,401.14436715841293,385.7206382751465,409.6226958036423,373.3677975535393,426.257400393486,363.29223024845123,482.92043340206146,338.2763715982437,557.0773003101349,309.5223824977875,427.73214715719223,377.8933606147766,424.43918389081955,367.5962802171707,429.1107095479965,378.72535276412964,201.9642972946167,197.60261052846909,196.5815755724907,201.7411589026451,200.35912442207336,216.67957830429077,219.90409922599792,225.32221364974976,237.49588549137115,217.19057834148407,229.612089574337,284.83340525627136,284.7776395082474,338.1446158885956,338.55268001556396,384.21315574645996,384.8665107488632,0.4720191955566406,0.5576919913291931,0.6045076251029968,0.3705584704875946,0.40523481369018555,0.5066469311714172,0.6630070805549622,0.42108097672462463,0.38941723108291626,0.4465669095516205,0.3297768235206604,0.5559107661247253,0.5981433391571045,0.4004274606704712,0.41410592198371887,0.4601646363735199,0.5174236297607422
221,15.120700001716614,92.12003333364902,389.9190834760666,398.8775846362114,385.1779753565788,408.9902447462082,377.2439689040184,432.08233565092087,358.36450731754303,496.26238882541656,320.6926960349083,560.2288506031036,258.381975710392,426.48391807079315,378.3909287452698,427.93407011032104,375.0890535712242,430.0447470545769,381.00294733047485,202.12185287475586,197.27339959144592,196.6949920654297,202.17419546842575,201.47014158964157,214.09250301122665,215.7937654852867,217.00795984268188,227.63112372159958,199.9589923620224,216.09102195501328,281.883460521698,282.4787576198578,339.437784075737,340.02593326568604,382.6732791662216,384.93868350982666,0.4082084596157074,0.5437895655632019,0.637614905834198,0.4481421113014221,0.45913535356521606,0.7276169061660767,0.729981541633606,0.5912905931472778,0.38344869017601013,0.6688313484191895,0.6130654215812683,0.6216445565223694,0.7346254587173462,0.5491912961006165,0.5809271931648254,0.5019552707672119,0.5829929709434509
222,19.048299989663064,101.51528853726401,389.05478900671005,398.56449031829834,385.9485208392143,409.5279030799866,376.7731900215149,434.04758524894714,356.0746555328369,505.25115835666656,304.302894949913,553.0326858758926,252.79886627197266,424.2884575724602,378.39794051647186,430.142269551754,376.00558841228485,430.571138381958,378.7198932170868,201.2140383720398,197.04893416166306,196.3033047914505,202.5598205924034,201.38183325529099,216.40641963481903,215.18572580814362,212.5898739695549,219.55406284332275,193.1738781929016,201.18221962451935,282.1209098100662,283.2026869058609,341.76073360443115,343.00127267837524,383.15068101882935,385.7709171772003,0.35359469056129456,0.562811017036438,0.6453433036804199,0.4900204539299011,0.4595889747142792,0.7249522805213928,0.696114718914032,0.5983685255050659,0.49923813343048096,0.73324054479599,0.6730024814605713,0.5650585889816284,0.7115640640258789,0.5695490837097168,0.5826659202575684,0.4990004599094391,0.584149181842804
223,16.806200030259788,98.84395704629296,392.04739689826965,400.5585898756981,389.69251227378845,411.3179386854172,378.71769869327545,435.226686835289,358.06878185272217,504.9933285713196,305.4112365245819,542.1546454429626,259.9178747534752,430.00971496105194,379.1798332929611,431.50563085079193,376.6507248878479,432.1238442659378,381.2123102545738,197.28235709667206,195.58003902435303,194.64363288879395,201.91709697246552,199.4304392337799,216.6573202610016,214.94275724887848,211.19526278972626,216.91455447673798,187.66460531949997,194.4372181892395,284.9663201570511,286.54887306690216,342.94040989875793,345.38617074489594,383.92096614837646,387.65555214881897,0.43301233649253845,0.6521214842796326,0.6220018267631531,0.5168729424476624,0.6094747185707092,0.7328941822052002,0.7239521741867065,0.7619474530220032,0.6431565284729004,0.7385832071304321,0.5724544525146484,0.6810466647148132,0.7490580081939697,0.5327031016349792,0.5692348480224609,0.5072154402732849,0.6171309351921082
224,15.138799964915961,100.51788480134057,393.8982903957367,402.92795300483704,391.40199279785156,413.306096971035,378.93297612667084,434.2690715789795,355.12710297107697,499.40125370025635,304.35968494415283,529.9274010658264,258.90649366378784,431.55471324920654,380.1419446468353,433.34014570713043,371.5849878191948,435.0241751074791,383.060982465744,197.20587146282196,195.80180513858795,194.49933260679245,202.26722383499146,199.6098004579544,216.16183751821518,215.63673770427704,206.51873630285263,214.49919486045837,183.87912440299988,189.01020658016205,290.3215812444687,290.7419807910919,345.0215972661972,347.6672582626343,384.7369737625122,388.3031767606735,0.4418469965457916,0.6559197306632996,0.5941744446754456,0.5450279712677002,0.6214690208435059,0.7069876194000244,0.6652987003326416,0.728327214717865,0.6008182168006897,0.5959653854370117,0.7445236444473267,0.6972219347953796,0.7581606507301331,0.4591463506221771,0.5587065815925598,0.5330610275268555,0.60895174741745
225,14.550399966537952,102.95194516829078,394.3862775564194,402.8340702056885,391.7736434340477,413.186923623085,380.7206566333771,434.9189717769623,356.66244000196457,506.2327527999878,302.63751900196075,519.227438211441,260.5769009590149,431.49530053138733,382.28602117300034,430.96537655591965,371.73632967472076,433.61933195590973,386.94245278835297,197.96110677719116,196.5520942211151,195.22160309553146,201.8684338927269,199.39367425441742,213.83365523815155,215.51127231121063,200.9134492278099,212.23834466934204,171.2093967795372,184.69210094213486,286.89779353141785,289.7952901124954,343.799395442009,349.3912010192871,384.2699167728424,388.0982097387314,0.4319286346435547,0.6678929328918457,0.6118094325065613,0.5150356292724609,0.6692030429840088,0.7130931615829468,0.6870788335800171,0.7228000164031982,0.5461403727531433,0.5718557834625244,0.5648584961891174,0.6053197383880615,0.761887788772583,0.2905210256576538,0.5275241136550903,0.4584079682826996,0.5800639986991882
226,14.940899971406907,115.6531226247567,395.52239859104156,399.39517110586166,390.5041114091873,413.3371414542198,382.641721367836,437.3333761692047,359.9984105825424,500.75677359104156,307.17242217063904,505.0005544424057,265.87432086467743,424.851727604866,383.1382457613945,430.6702666282654,374.77529019117355,433.96649491786957,388.5793534517288,196.1843690276146,195.63099426031113,194.49500465393066,202.1918842792511,199.13153904676437,215.3086577653885,215.43649071455002,197.85995030403137,211.86246120929718,166.52661210298538,184.63173580169678,284.19051575660706,285.9160268306732,343.19583451747894,348.4504518508911,383.61137425899506,386.6680248975754,0.5181488394737244,0.6524941325187683,0.6364127397537231,0.5175095200538635,0.7184717655181885,0.71376633644104,0.7173070907592773,0.7052792310714722,0.6470953822135925,0.6867636442184448,0.6895401477813721,0.5547199249267578,0.6564685702323914,0.31458792090415955,0.5745630860328674,0.4823223948478699,0.5868436694145203
227,14.94490000186488,115.32649417379577,392.7473429441452,397.6132445335388,388.0271898508072,411.3754780292511,382.14942544698715,438.2793765068054,360.1537935733795,492.3853075504303,311.06462424993515,484.3403973579407,268.6371995806694,427.2355424761772,382.5861089229584,433.76845252513885,375.21491754055023,435.2939141988754,387.7453273534775,197.2800197005272,197.1297779083252,195.99706065654755,203.81735479831696,203.10334813594818,214.78333175182343,216.02323746681213,198.87021815776825,213.45341366529465,163.0769019126892,186.54212737083435,285.0083329677582,286.13212287425995,348.75974214076996,348.7268979549408,383.4906439781189,386.5387291908264,0.5262413620948792,0.5613150000572205,0.6586967706680298,0.5163967609405518,0.5382985472679138,0.6654527187347412,0.7046605348587036,0.6333266496658325,0.6555472016334534,0.6471465229988098,0.7595152258872986,0.5512640476226807,0.6168534755706787,0.564114511013031,0.5598008036613464,0.5188912749290466,0.6054610013961792
228,14.913099992554635,122.83955344493259,396.76021707057953,401.01861023902893,392.5002181529999,418.27674692869186,385.2482001185417,441.37547492980957,361.66606134176254,486.64234578609467,313.61883586645126,464.44430923461914,283.3008471131325,428.32924497127533,384.72025656700134,432.7745205760002,374.4336938261986,435.13936084508896,390.5123810172081,192.36583280563354,194.0440229177475,192.4357134103775,203.36157763004303,200.5039826631546,217.16744565963745,217.07609117031097,198.57811903953552,217.86959946155548,164.8942801952362,191.50729966163635,287.46600699424744,288.6485786437988,344.7753714323044,346.5257343053818,381.32039427757263,381.47583866119385,0.5306342244148254,0.5987637639045715,0.6192620992660522,0.5997296571731567,0.6902547478675842,0.7028606534004211,0.7339098453521729,0.6302992105484009,0.6761162281036377,0.5934839248657227,0.7752869725227356,0.6857892274856567,0.7634983658790588,0.4128703773021698,0.6047269701957703,0.5153839588165283,0.5643893480300903
229,14.929500001017004,136.23963772696592,403.5339359641075,408.8323460817337,398.3487579226494,424.5150555372238,386.771841943264,443.50892674922943,365.46416652202606,466.3147928714752,314.72709715366364,430.6788038611412,286.5076619386673,428.0285952091217,385.9076009988785,431.00228202342987,377.2943894267082,434.21592128276825,393.6565181016922,190.92429274320602,190.63656681776047,190.1340417265892,199.64997351169586,199.44200557470322,220.228710770607,219.13410061597824,204.7677702307701,220.2170388698578,172.62757796049118,190.66010665893555,292.4082577228546,293.38568139076233,352.4225172996521,349.29574477672577,381.59279894828796,381.6800516843796,0.428006649017334,0.3523237109184265,0.38522571325302124,0.5418573021888733,0.6903993487358093,0.7682461738586426,0.6892250180244446,0.5589740872383118,0.6446436643600464,0.49528560042381287,0.597412645816803,0.6508452892303467,0.729333758354187,0.525429904460907,0.5320595502853394,0.4828629493713379,0.5029488205909729
230,15.385499980766326,102.16225026788901,403.63678419589996,408.621564745903,396.99960750341415,417.9178084731102,387.5185955762863,440.73561066389084,369.6751900911331,460.85219490528107,310.8639323711395,428.28813779354095,288.4350961446762,428.3310915827751,389.1423290967941,428.2613217830658,378.2278916835785,432.11501264572144,386.65036702156067,188.91111606359482,190.2299503684044,188.13288378715515,197.66944497823715,197.90794986486435,215.93245601654053,219.68540942668915,215.0102099776268,225.19546645879745,195.3691304922104,200.69400542974472,289.7631697654724,291.25759530067444,355.9749975204468,351.61784982681274,384.746594786644,385.81220614910126,0.511390209197998,0.4189120829105377,0.553178071975708,0.5883961915969849,0.6531171202659607,0.546978235244751,0.642676055431366,0.5186682343482971,0.5332735180854797,0.45106470584869385,0.6018988490104675,0.6658083200454712,0.7177503108978271,0.5180782079696655,0.6123754382133484,0.46043288707733154,0.5685430765151978
231,14.89470002707094,94.22944300520695,391.9380989074707,386.6988071203232,396.53458255529404,387.83206456899643,414.3500212430954,367.32126891613007,443.49300307035446,324.32329481840134,451.21347165107727,293.7613124847412,413.07559168338776,388.296741604805,432.8182772397995,389.1838912367821,413.1572975516319,402.4706088900566,416.2839052081108,197.80122888088226,196.3515908718109,195.22538816928864,202.60433667898178,201.78053271770477,219.80348563194275,218.9609221816063,229.84168219566345,237.6033303141594,216.74206972122192,219.2518903017044,286.85846495628357,287.1747523546219,341.5148696899414,342.29999351501465,386.12179803848267,385.80819487571716,0.3728264272212982,0.43966469168663025,0.42889490723609924,0.5641671419143677,0.5141745209693909,0.5155487656593323,0.6093023419380188,0.5034070611000061,0.29006505012512207,0.5273571014404297,0.12184305489063263,0.5762549042701721,0.602060079574585,0.4812030494213104,0.5164616703987122,0.4016253352165222,0.513198971748352
232,14.708500006236136,44.30467265301104,400.9591975212097,407.47990387678146,394.1989669203758,423.0951718688011,384.64103960990906,444.5706748366356,367.72862070798874,455.0599901676178,329.4919871687889,394.7733701467514,328.2365322113037,428.423823595047,387.66723442077637,424.1905871629715,374.3261086344719,432.2961411476135,389.80852764844894,199.04372835159302,197.74241697788239,197.63797307014465,204.9193993806839,205.0109800696373,221.6560002565384,226.2633096575737,239.33690917491913,236.31308764219284,219.14381211996078,227.51834058761597,288.26753783226013,288.73540914058685,351.09026181697845,347.26426100730896,383.86722111701965,383.8401073217392,0.5132360458374023,0.4589965343475342,0.5403760671615601,0.6370438933372498,0.6215441226959229,0.690967321395874,0.6370944380760193,0.4522162079811096,0.5596175789833069,0.303399920463562,0.40072494745254517,0.6807098984718323,0.714791476726532,0.4518365263938904,0.502505362033844,0.4732917547225952,0.5233823657035828
233,14.659099979326129,24.02995354072821,402.1315014362335,408.9837414622307,394.16056275367737,422.62653398513794,384.0209795832634,444.73363161087036,366.08917760849,451.27256321907043,334.9878241419792,399.6790675520897,351.5647485256195,434.249882876873,390.4150993824005,420.3495817184448,369.6254653930664,434.775150179863,387.76390051841736,207.53951489925385,203.8837971687317,204.79581898450851,202.8038899898529,204.8504537343979,216.30841487646103,223.05831730365753,240.51708310842514,238.6335188150406,230.63024425506592,235.10548323392868,283.14432740211487,284.1859314441681,343.2595021724701,344.40431356430054,380.3952679634094,381.3029316663742,0.46948733925819397,0.4348660707473755,0.43572014570236206,0.5995820164680481,0.6835933923721313,0.49851271510124207,0.5341552495956421,0.5228220224380493,0.527618408203125,0.2829727530479431,0.4340769052505493,0.6615744829177856,0.6237984895706177,0.5214687585830688,0.4778095483779907,0.5342525839805603,0.5189520120620728
234,14.656400016974658,27.511548006722137,400.5185799598694,406.04963636398315,394.6325994729996,419.44626754522324,387.32143634557724,443.67480063438416,373.26371824741364,450.8823661804199,340.31559270620346,422.6146246790886,337.746072947979,428.86711740493774,385.6459174156189,421.7132641673088,373.8413597345352,430.98914164304733,381.9116942882538,205.99258089065552,203.68009686470032,203.2245458960533,204.0141333937645,203.62430095672607,219.81826400756836,224.27493953704834,247.96509790420532,251.7888367176056,251.51840752363205,255.1401802301407,283.20769345760345,282.19260001182556,333.5452837944031,335.2485669851303,378.3230984210968,380.413333773613,0.49526166915893555,0.4018251895904541,0.3594115972518921,0.6348938941955566,0.6124789118766785,0.5597496032714844,0.5145791172981262,0.48757126927375793,0.3546483516693115,0.21956205368041992,0.5136602520942688,0.6085821986198425,0.621407687664032,0.5413646697998047,0.5615242719650269,0.3878774046897888,0.3708270192146301
235,14.739600010216236,24.49331981733729,398.7165012359619,404.54146325588226,392.36731564998627,417.5644098520279,384.2982656955719,443.0971591472626,365.9506014585495,449.59605407714844,338.116867184639,416.6927289366722,330.11062878370285,427.559716463089,380.8808568716049,421.0292418003082,371.7583284378052,430.4060138463974,377.64797538518906,207.46770405769348,204.67825549840927,203.99392622709274,205.79530465602875,205.10461163520813,223.03536558151245,226.46811079978943,258.28863775730133,258.60679507255554,267.9082142114639,275.9997971057892,285.1301188468933,285.18826723098755,338.4025739431381,339.2245833873749,378.6634534597397,377.83598506450653,0.48769623041152954,0.3637833893299103,0.34454813599586487,0.6453419327735901,0.6698989272117615,0.6166129112243652,0.5864087343215942,0.5207228064537048,0.42931628227233887,0.16993100941181183,0.45488372445106506,0.5719383358955383,0.6231479048728943,0.48957711458206177,0.5679977536201477,0.5122159719467163,0.40647244453430176
236,15.126300044357777,23.322911936992682,399.12109649181366,404.8421933054924,392.2489451766014,417.3020572066307,384.4239155650139,440.92083382606506,366.5637300014496,447.8547261953354,335.7164060473442,417.7191505432129,336.7481533885002,428.05276173353195,377.8714689016342,422.8450229167938,370.50517505407333,430.2737536430359,380.0431107878685,207.38348239660263,203.95815652608871,202.75997710227966,206.75761818885803,205.2710644006729,228.60087168216705,230.3785594701767,261.6622996330261,263.9544860124588,279.2102333307266,293.027863740921,291.9735321998596,291.20403122901917,346.31006050109863,346.45902049541473,383.2080452442169,380.0544002056122,0.47530996799468994,0.38867196440696716,0.3208685517311096,0.6149426698684692,0.627201497554779,0.567986011505127,0.5467244386672974,0.45859888195991516,0.3703418970108032,0.2272634506225586,0.3915744721889496,0.5417764782905579,0.5436844825744629,0.4534054398536682,0.5180214643478394,0.4577504098415375,0.3854427635669708
237,16.0592999891378,30.690529089909866,396.73591673374176,405.16751807928085,392.68386232852936,419.02532041072845,380.004278421402,441.94733572006226,362.31531924009323,450.42922377586365,341.2501119375229,418.07412815093994,335.9446097612381,425.23938220739365,379.5098682641983,415.73026967048645,368.3230422735214,428.4794628024101,380.49991965293884,214.45326125621796,208.81511491537094,206.95549762248993,209.14272737503052,207.7982269525528,228.36063259840012,228.50167560577393,261.583340883255,263.34015798568726,294.98029828071594,300.4748681783676,285.24436473846436,285.13367772102356,349.1761907339096,351.5848548412323,385.736052274704,382.3908613920212,0.3975078761577606,0.34581202268600464,0.4971337914466858,0.600383996963501,0.6163259148597717,0.5618957281112671,0.5290805697441101,0.5860919952392578,0.5633978843688965,0.371995210647583,0.5403453707695007,0.47703298926353455,0.546390950679779,0.46234723925590515,0.5675803422927856,0.4006214737892151,0.3314100205898285
238,15.293599979486316,42.55675907054275,396.173181951046,407.82158052921295,391.96801936626434,418.24187541007996,379.77139127254486,441.95102894306183,361.10771560668945,456.8621759414673,344.6032907962799,426.9902642965317,333.12850046157837,423.66400849819183,378.33135545253754,415.6087679862976,368.30441558361053,419.602908372879,377.6475739479065,214.51352083683014,208.22951424121857,206.84826391935349,209.69384014606476,208.2329072356224,229.98016160726547,229.28619623184204,262.1557465791702,267.43880474567413,306.02405774593353,307.12999296188354,287.30751645565033,287.3412654399872,351.50674057006836,351.81310534477234,385.7108385562897,383.9828543663025,0.4370208978652954,0.46507441997528076,0.4820883870124817,0.5989571213722229,0.6238163709640503,0.589356005191803,0.5776820182800293,0.5115820169448853,0.6169593334197998,0.4734429121017456,0.5043655037879944,0.5027654767036438,0.5670023560523987,0.5081062316894531,0.5492450594902039,0.37793803215026855,0.2975635230541229
239,15.635499963536859,40.128890155345864,396.5467594861984,408.47471898794174,390.1420952677727,418.14847433567047,378.8881222009659,444.52707874774933,356.7929338812828,460.9298061132431,344.0087889432907,440.99994373321533,327.57785391807556,428.97036707401276,374.175194978714,410.13830184936523,363.2958164215088,420.2429064512253,376.47039926052094,212.4417132139206,206.6689177751541,206.49386942386627,208.8820549249649,208.0732856988907,230.36326837539673,229.97984492778778,265.32335567474365,269.6696457862854,313.8380786180496,307.3259723186493,288.44744193553925,287.02476692199707,350.81818890571594,349.0856807231903,385.3428268432617,382.5915758609772,0.39568406343460083,0.46360263228416443,0.3758885860443115,0.6395272612571716,0.6136103272438049,0.5996661186218262,0.5580136179924011,0.6002235412597656,0.6422153115272522,0.5319750905036926,0.5045205950737,0.5957591533660889,0.5390046238899231,0.43408524990081787,0.5406939387321472,0.455875426530838,0.37762853503227234
240,15.21589996991679,48.043548621414494,394.28623938560486,404.16860830783844,388.64465391635895,415.73722791671753,376.3669087290764,440.17988765239716,358.51750844717026,462.82785511016846,346.9781402349472,454.19882690906525,318.00924837589264,423.007471203804,376.68455266952515,416.34553921222687,359.6495348215103,426.02478086948395,375.8774763941765,208.82182550430298,204.57087099552155,203.50118803977966,206.7336711883545,205.845219373703,230.3157815337181,230.41879284381866,266.3088923692703,267.30757880210876,310.2231069803238,307.33906173706055,290.74333798885345,291.24164068698883,347.70257556438446,343.9834917783737,383.3171337842941,381.8841440677643,0.38009777665138245,0.49132826924324036,0.516618013381958,0.6038899421691895,0.6131492257118225,0.6359497308731079,0.5621235966682434,0.6221436858177185,0.619372546672821,0.49956732988357544,0.4795432984828949,0.48141369223594666,0.6179924011230469,0.426472008228302,0.4272213876247406,0.4176943898200989,0.3273434638977051
241,16.01610000943765,50.59321352501598,390.61399817466736,400.29987692832947,387.35834181308746,413.81589555740356,376.7377297282219,436.845174908638,354.78395438194275,464.98871171474457,338.8212022781372,472.6849067211151,303.92399168014526,427.198583483696,377.05151987075806,425.67261332273483,358.58652889728546,435.3290265798569,375.52145504951477,205.64854633808136,201.87862795591354,201.2076143026352,206.02186620235443,205.4262222647667,227.45376813411713,228.52440112829208,259.24389386177063,270.4931330680847,305.2203553915024,305.153249502182,287.8481034040451,288.53692650794983,343.8401415348053,341.9440759420395,379.8923809528351,380.3415832519531,0.3740566372871399,0.456896036863327,0.4595443606376648,0.5746111869812012,0.587926983833313,0.7083635330200195,0.5853734016418457,0.5348080396652222,0.5586779117584229,0.5055136680603027,0.522289514541626,0.6067463159561157,0.6329416036605835,0.52625572681427,0.5640503764152527,0.5442642569541931,0.35965052247047424
242,16.692899982444942,57.96458966515096,390.1970118880272,396.3842576742172,379.4845241904259,411.19145917892456,372.9456193447113,430.6864846944809,353.3425001502037,466.3017327785492,335.8832701444626,491.0731964111328,298.1287360191345,427.3890788555145,376.25319492816925,424.4509593844414,364.97457361221313,431.00415539741516,377.8740381002426,203.39852356910706,197.72988551855087,197.52623045444489,202.5159227848053,202.88474881649017,223.14712327718735,226.49869298934937,248.01501262187958,261.98736357688904,285.82681369781494,292.99607515335083,288.4924405813217,289.1703156232834,343.8111276626587,342.5853669643402,381.78307807445526,380.4384570121765,0.48585787415504456,0.5155956745147705,0.6489018797874451,0.45100075006484985,0.42468464374542236,0.6211649179458618,0.596325159072876,0.4640592634677887,0.4551658630371094,0.5633026361465454,0.4892370104789734,0.6373772621154785,0.6529097557067871,0.4874570369720459,0.606955885887146,0.49725341796875,0.38217440247535706
243,15.695100009907037,60.6725570386929,388.60657089948654,397.9664558172226,381.81347596645355,410.6650678515434,372.22554790973663,430.91498279571533,353.7661770582199,474.10685110092163,332.99412602186203,509.819461107254,301.1941646337509,423.8655835390091,374.6035017967224,422.6725386977196,370.74507397413254,430.158300280571,375.73100531101227,202.69766664505005,197.11653769016266,196.53476732969284,200.78561627864838,199.87412226200104,220.68866509199142,222.91344398260117,251.60872149467468,256.2160459756851,280.25687408447266,277.05795896053314,284.843599319458,285.77131938934326,343.41886734962463,343.1634728908539,383.3509430885315,382.43944907188416,0.3594227731227875,0.5777712464332581,0.6416457295417786,0.3984443247318268,0.46058377623558044,0.5436142086982727,0.6167083382606506,0.5408239960670471,0.599550724029541,0.5737706422805786,0.5028875470161438,0.568123459815979,0.6543036699295044,0.5811495780944824,0.6910508275032043,0.500971257686615,0.42839866876602173
244,16.049600031692535,60.33069818228069,391.817400097847,400.1112549304962,384.87954688072205,410.9028525352478,373.659321308136,431.1780045032501,352.4828623533249,475.5484926700592,334.9633097052574,525.8015892505646,299.9496555328369,429.74789756536484,375.4357615709305,421.52464216947556,368.53928315639496,429.0201988220215,371.8805259466171,199.23219788074493,195.70699733495712,195.01929014921188,197.7436535358429,197.45882296562195,217.22610676288605,219.5049473643303,243.750275015831,249.40493392944336,269.3646080493927,265.15186619758606,285.4307230710983,284.47323513031006,343.6226581335068,340.31519734859467,383.69386172294617,383.18446016311646,0.4292312264442444,0.6707720756530762,0.6054321527481079,0.42985135316848755,0.5455549359321594,0.6739412546157837,0.5914350152015686,0.5898975133895874,0.5047276616096497,0.521277666091919,0.5065962672233582,0.6742643713951111,0.6686742901802063,0.5704380869865417,0.7474015951156616,0.49895358085632324,0.45785653591156006
245,16.546200029551983,74.62141333906803,387.84319776296616,395.71318835020065,380.8163592815399,407.9502545595169,372.15093410015106,429.21200555562973,349.9086591601372,483.52960109710693,325.80954945087433,535.9421626329422,302.87425994873047,422.32417142391205,375.54591596126556,416.01325619220734,367.9709817767143,427.7488469481468,374.1861943602562,197.4654883146286,193.9713374376297,193.4087940454483,196.76603382825851,195.96830314397812,214.8102947473526,216.8537670969963,235.55871188640594,245.06954663991928,255.01377987861633,256.667932510376,285.9859074354172,286.0987961292267,341.9985146522522,339.26439452171326,382.5498948097229,383.18391728401184,0.5179644227027893,0.5828587412834167,0.5019115805625916,0.6370278596878052,0.5079641342163086,0.6615895628929138,0.643236517906189,0.6751206517219543,0.613387405872345,0.5840248465538025,0.45275232195854187,0.6076352000236511,0.7080279588699341,0.5736967921257019,0.7465205192565918,0.5050700902938843,0.4595159590244293
246,16.613600018899888,72.77549298901751,386.9157170653343,393.66395807266235,377.50484961271286,406.37078619003296,372.06754219532013,428.32734483480453,348.7976145744324,494.3042312860489,323.9554712176323,545.64532995224,295.1889840364456,429.4832701086998,375.01700896024704,420.0831879377365,368.57070231437683,430.83327692747116,377.1374809741974,194.3080582022667,190.63848197460175,189.07508063316345,193.46195095777512,192.62923473119736,209.95437687635422,212.8422373533249,229.3407706618309,236.35060662031174,244.85794442892075,238.8695656657219,287.8830587863922,287.28359961509705,343.0948590040207,339.81285321712494,385.4202172756195,385.4158139228821,0.5272834897041321,0.41288667917251587,0.47860243916511536,0.6085125803947449,0.5358638763427734,0.5868725776672363,0.5743746757507324,0.6536901593208313,0.5649036765098572,0.5132602453231812,0.3965640366077423,0.7420386075973511,0.714201807975769,0.5945520997047424,0.723117470741272,0.5339312553405762,0.42738044261932373
247,16.087899974081665,77.63117363040185,390.127937912941,394.909243285656,378.85953986644745,406.69969713687897,371.2653099298477,429.87172758579254,350.1875242590904,485.58019626140594,320.4211103320122,552.2110240459442,306.08725690841675,428.67054694890976,376.3477735519409,425.33208745718,370.8177341222763,436.00402998924255,379.1630264520645,191.0569211244583,187.2224001288414,186.63675421476364,192.35672450065613,191.6571946144104,209.37091755867004,211.72242856025696,222.53591680526733,234.28995817899704,233.55361807346344,236.58066672086716,283.5786306858063,283.1595581769943,342.38450169563293,340.44247233867645,385.90687823295593,385.85201728343964,0.4319792687892914,0.527131974697113,0.6466090679168701,0.5560775399208069,0.5298997759819031,0.5362030267715454,0.608481228351593,0.6492167711257935,0.5227633118629456,0.5647662878036499,0.4304436147212982,0.768718421459198,0.7392458915710449,0.6280350685119629,0.7280728816986084,0.57728111743927,0.49999916553497314
248,16.483300016261637,73.52448959802527,387.0769075155258,394.3092283606529,379.8955959677696,404.5431225299835,372.02250093221664,424.3983978629112,351.42253267765045,483.72967743873596,328.26318764686584,559.740863442421,272.8478217124939,429.0266218185425,377.22312092781067,427.42338836193085,371.044813811779,436.9523854255676,374.9677927494049,187.29309505224228,184.65263664722443,184.05904358625412,189.11232817173004,187.9028086066246,205.65451800823212,209.66781210899353,219.27331894636154,234.12487769126892,222.94859540462494,228.36106991767883,280.3016917705536,280.38469195365906,339.16649532318115,337.55631589889526,385.0671045780182,385.35115098953247,0.5774728059768677,0.5648903250694275,0.6534063816070557,0.5720534920692444,0.5176281332969666,0.5696954727172852,0.5866581797599792,0.6621042490005493,0.3855341970920563,0.5335703492164612,0.6623547673225403,0.7598360180854797,0.7840750813484192,0.5971165299415588,0.6518647074699402,0.5963909029960632,0.5242153406143188
249,15.995099965948611,75.12793656427498,386.2797333598137,392.87465208768845,378.92350220680237,403.53043007850647,372.60739505290985,422.9389860033989,351.60499930381775,478.2752687931061,342.25456154346466,569.9235609769821,344.12964832782745,428.91223895549774,376.89736795425415,428.95800280570984,374.7902504205704,437.61095666885376,374.9988104701042,187.30624479055405,184.63408827781677,184.348337829113,189.19823879003525,188.3788080215454,205.16085994243622,210.3732985854149,215.23567068576813,241.87311971187592,211.3263680934906,258.61985433101654,280.16250360012054,280.3953082561493,339.0594576597214,337.58258521556854,385.3057301044464,386.1253569126129,0.5563700795173645,0.5341619253158569,0.6406828761100769,0.5288606286048889,0.47067269682884216,0.49221178889274597,0.5469800233840942,0.5462971329689026,0.3454892933368683,0.3398994207382202,0.14817698299884796,0.7356951236724854,0.7604127526283264,0.5886934399604797,0.6024237275123596,0.5746156573295593,0.525881290435791
250,15.329400019254535,85.75132899584246,386.89406621456146,393.17257207632065,379.55295586586,404.18739557266235,373.4046494960785,424.65124982595444,353.6324716806412,488.6086926460266,328.84034740924835,567.7411338090897,285.0433257818222,425.8286118507385,373.6805171966553,427.9994240999222,373.3841494321823,436.89067113399506,369.6711221933365,185.9092811346054,183.47829866409302,183.44482111930847,188.35593169927597,187.7133287191391,205.27905678749084,209.0756516456604,209.02508848905563,228.90827697515488,196.4883964061737,217.17779052257538,280.5063873529434,281.0725499391556,339.4393825531006,337.8800528049469,385.9104974269867,387.6940664052963,0.5681081414222717,0.5475719571113586,0.6035792827606201,0.5471750497817993,0.5457800030708313,0.48817914724349976,0.5515869855880737,0.5094011425971985,0.2673355042934418,0.6920885443687439,0.3348381519317627,0.7345754504203796,0.688538134098053,0.5707492232322693,0.6024197340011597,0.5876930356025696,0.5162022113800049
251,17.06629997352138,91.85601388217319,387.9977511167526,393.7492233514786,380.9272362589836,404.61869978904724,373.5328685641289,424.7257298231125,351.7015315890312,503.319335103035,302.07973527908325,558.9038934707642,256.08481776714325,425.72423815727234,372.3819746375084,428.0550900697708,370.10483503341675,433.19391548633575,370.97330445051193,185.33093392848969,183.03348463773727,182.84071731567383,189.55003952980042,188.06947249174118,206.26769995689392,208.2091864347458,202.7407350540161,212.34865468740463,187.79473042488098,201.19405740499496,286.4499785900116,287.2050631046295,348.6226953268051,347.6463574171066,388.49475276470184,390.38846588134766,0.6121120452880859,0.5578972101211548,0.5822988152503967,0.5570263862609863,0.5146884918212891,0.59603351354599,0.5630958080291748,0.7331265211105347,0.33334940671920776,0.7528562545776367,0.5372699499130249,0.7582626938819885,0.6946262717247009,0.565508246421814,0.6566110253334045,0.49353036284446716,0.48423337936401367
252,16.94350002799183,97.69089657156805,386.8678657412529,393.16679137945175,380.2887636423111,405.1955651640892,374.1804939508438,427.9085386991501,351.23233169317245,503.31398260593414,295.8248071670532,556.8790973424911,255.52593678236008,424.6976024508476,371.87348741292953,427.7577588558197,367.77572268247604,430.5531272292137,370.42657363414764,187.39963507652283,184.8965854048729,184.48184084892273,190.61141341924667,187.79580110311508,206.93293797969818,206.9870600104332,199.8111633658409,204.47077012062073,169.00609177350998,194.06588888168335,287.0344784259796,288.6240887641907,352.98370349407196,350.9775540828705,387.60892486572266,391.4701223373413,0.5282008051872253,0.5208060145378113,0.649571418762207,0.48967409133911133,0.5304588079452515,0.622154176235199,0.529717743396759,0.6427266001701355,0.5483013987541199,0.6892699599266052,0.5734566450119019,0.7587743401527405,0.6827476024627686,0.6183502078056335,0.6551179885864258,0.45163947343826294,0.45837733149528503
253,17.094300012104213,107.97858343193342,385.38112938404083,394.3747696876526,381.01638209819794,406.9876614809036,373.90550941228867,430.41607654094696,356.1447732448578,507.50017058849335,288.1512532234192,555.1495984792709,249.60626232624054,423.5992968082428,374.9343396425247,426.64901584386826,365.89605951309204,431.09576338529587,368.88093304634094,192.1035317182541,188.26866388320923,188.0438968539238,193.1393450498581,191.99441301822662,207.75802373886108,209.77756416797638,190.08148801326752,199.0883650779724,155.03843069076538,182.9299756884575,284.6981077194214,286.72630405426025,346.80757904052734,348.34872233867645,385.288388133049,389.4322144985199,0.40309780836105347,0.5162081718444824,0.6105785965919495,0.6167359948158264,0.516762375831604,0.658769428730011,0.6360988616943359,0.682378888130188,0.5589178204536438,0.7060316801071167,0.6337743401527405,0.7284039258956909,0.7188335061073303,0.5787209868431091,0.7334617376327515,0.5475416779518127,0.594826877117157
254,18.02829996449873,109.42310004118058,388.6216649413109,397.70702028274536,386.92377257347107,409.9026314020157,374.4191082715988,433.74963849782944,352.5778691768646,506.34403121471405,287.8242156505585,534.7144068479538,248.0894181728363,424.4948498606682,374.54366087913513,421.51564997434616,365.1104735136032,424.0869628190994,368.59082770347595,193.27120435237885,190.49017041921616,189.42722821235657,194.50746071338654,193.73762798309326,206.27659714221954,208.03878271579742,189.5269068479538,195.21516394615173,144.61466932296753,171.40338557958603,288.38863003253937,291.060831785202,349.7925394773483,351.53949427604675,385.0203264951706,389.09611201286316,0.46388763189315796,0.5233164429664612,0.46548086404800415,0.5229930877685547,0.5885691046714783,0.6150752902030945,0.6218132972717285,0.6737748384475708,0.779823899269104,0.5693008899688721,0.6788902282714844,0.6648284792900085,0.7423141598701477,0.5066306591033936,0.6644003987312317,0.42960524559020996,0.5954552888870239
255,18.970200035255402,109.74153493853869,389.7278119921684,398.54979771375656,388.2485691308975,411.0626245737076,376.27770936489105,433.65754878520966,349.0130793452263,500.6590905189514,297.68083906173706,510.59846353530884,259.57518112659454,425.28008794784546,372.2744162082672,425.31097185611725,365.5365858078003,420.2140029668808,369.7860938310623,194.83792328834534,192.29468548297882,191.2909170985222,196.7797264456749,195.02702617645264,208.40269267559052,210.19558107852936,191.6697713136673,202.11586612462997,147.83361065387726,173.3898405432701,292.04820823669434,293.0357354879379,355.8486876487732,352.1389836072922,384.0098475217819,387.69563472270966,0.4661245048046112,0.5887541770935059,0.5345913767814636,0.5801413655281067,0.6470117568969727,0.7035499215126038,0.5373190641403198,0.6164045929908752,0.682999849319458,0.5453847050666809,0.607546329498291,0.7885410189628601,0.7103340029716492,0.592737078666687,0.6123203635215759,0.49297860264778137,0.5820888876914978
256,17.55369995953515,117.33457798353619,392.726842880249,396.5612647533417,385.04542076587677,409.3899157047272,373.13681054115295,434.8823339343071,352.21315002441406,492.473677277565,298.56408137083054,488.4506334066391,263.9301333427429,426.71592205762863,372.6117305755615,429.65131175518036,366.6142040491104,428.7344825267792,371.1677339076996,193.16356348991394,190.92554438114166,189.83686065673828,196.62019538879395,195.29324805736542,210.05185383558273,212.31027615070343,187.07318377494812,202.60288900136948,148.9840921163559,171.71091151237488,293.59737408161163,295.1916893720627,351.1620123386383,352.52391505241394,384.6014952659607,388.8007254600525,0.5687870979309082,0.49307140707969666,0.4961528778076172,0.5601255297660828,0.6032302379608154,0.7129513025283813,0.6714836955070496,0.5940911769866943,0.7171204686164856,0.5175723433494568,0.6496714949607849,0.7553565502166748,0.6522776484489441,0.39721494913101196,0.5729530453681946,0.5303078889846802,0.5473974943161011
257,18.321300041861832,126.33072858480791,391.09438478946686,396.59988301992416,383.4304118156433,412.4588769674301,375.47745752334595,440.9999169707298,353.1721569299698,486.78027963638306,306.42133301496506,467.16412711143494,280.48422932624817,427.08436119556427,373.101564347744,428.79033583402634,367.9231304526329,428.9518741965294,373.0319551229477,194.15344321727753,192.35223066806793,191.44975447654724,199.95368421077728,197.84895700216293,215.01236641407013,216.0582230091095,192.35930317640305,206.57506000995636,152.88847863674164,183.77554005384445,293.9025927782059,295.17299020290375,357.0427803993225,352.7084939479828,384.0868157148361,387.51633381843567,0.6363530158996582,0.5670440196990967,0.5609773993492126,0.42780476808547974,0.5941346883773804,0.7158684730529785,0.7212382555007935,0.6363425254821777,0.7287822961807251,0.7714446187019348,0.636308491230011,0.7222833037376404,0.6336253881454468,0.455636590719223,0.5358729958534241,0.47763538360595703,0.5174302458763123
258,18.071899947244674,133.45803633295523,391.256672501564,396.3060041666031,383.3628097772598,411.02103567123413,373.98523485660553,439.93808859586716,354.61235332489014,470.6051404476166,313.12279319763184,441.64818465709686,281.4709889292717,427.0272232890129,374.6871613264084,426.8369152545929,367.7456148862839,425.9522277712822,376.58595967292786,191.80033373832703,190.06511116027832,189.4995517730713,198.0107500553131,197.85476279258728,215.51573598384857,216.39936220645905,194.2300193309784,212.53263038396835,158.96991592645645,187.5648512840271,299.9489389657974,299.38968300819397,364.053279876709,360.9438794851303,384.0327389240265,386.74888372421265,0.4699695110321045,0.47179386019706726,0.46269646286964417,0.5674186944961548,0.5983229875564575,0.6947576403617859,0.696465015411377,0.6181274056434631,0.6221105456352234,0.6550382971763611,0.5999419689178467,0.7198328375816345,0.5342875123023987,0.3330974578857422,0.549962043762207,0.3735986649990082,0.4511171579360962
259,19.312200020067394,133.36129852080794,389.7262330055237,398.08929562568665,385.1808924674988,411.5084875822067,376.3598166704178,436.87592500448227,354.75301694869995,455.6324932575226,309.69620484113693,409.90434420108795,284.21237736940384,427.5525441169739,375.8924901485443,425.71085691452026,367.42716807127,427.4171794652939,375.54401582479477,191.38875597715378,186.5995820760727,186.44410753250122,197.07377088069916,196.31741964817047,216.54720628261566,218.7368186712265,202.38566195964813,217.07242673635483,167.77533960342407,191.6281807422638,300.8914977312088,301.1885732412338,363.7241744995117,361.03616893291473,381.21341693401337,384.02676725387573,0.31636181473731995,0.5521993637084961,0.5061307549476624,0.5321537256240845,0.5453129410743713,0.72132807970047,0.5777913928031921,0.5331078171730042,0.6451790928840637,0.4783724248409271,0.5786195993423462,0.7370790839195251,0.742218017578125,0.34907570481300354,0.5603827238082886,0.32130175828933716,0.39777112007141113
260,17.41929998388514,63.39546056638239,383.47705882787704,389.06188106536865,376.32358026504517,401.74684423208237,371.87421000003815,426.037948012352,357.1308905482292,442.7110835313797,304.9830902814865,410.40022629499435,281.8347446322441,422.8055750131607,382.69227570295334,424.73316979408264,370.2830731868744,430.66178292036057,377.08893382549286,193.31409180164337,191.0185878276825,191.6457941532135,195.31215834617615,196.70684492588043,210.71909749507904,220.00994557142258,219.913991689682,223.40450829267502,202.79119265079498,196.39888167381287,292.21616899967194,295.41846203804016,359.6555368900299,357.99269819259644,383.581485748291,385.83174979686737,0.5719928741455078,0.36059534549713135,0.46317675709724426,0.6815739870071411,0.5965183973312378,0.6410073637962341,0.6271471381187439,0.41441917419433594,0.5083107352256775,0.3908096253871918,0.5336709022521973,0.6200712323188782,0.7162101864814758,0.37838104367256165,0.6036526560783386,0.4403785169124603,0.3614151179790497
261,17.849600000772625,,387.3753627538681,394.4662438631058,380.6201367378235,408.5459339618683,375.81656497716904,432.51837682724,356.2513414621353,449.79859256744385,312.46181333065033,424.18130058050156,290.2603511810303,421.3558511734009,380.27607822418213,423.6617604494095,372.05400037765503,431.3409880399704,383.031945168972,194.9359129667282,192.235526740551,192.82329893112183,197.16603016853333,197.21410512924194,215.80674934387207,218.40821093320847,237.83783900737762,229.40422719717026,223.67333900928497,216.5836696624756,289.66110849380493,290.95925307273865,353.6417031288147,352.0755270719528,385.2353367805481,386.2710294723511,0.5069277286529541,0.5173596143722534,0.4183693528175354,0.42165079712867737,0.54322350025177,0.7208022475242615,0.6657205820083618,0.2905995845794678,0.5476129055023193,0.27296483516693115,0.4605619013309479,0.577376663684845,0.7331681251525879,0.5754284858703613,0.6374998688697815,0.464028537273407,0.4181101620197296
262,19.21940001193434,21.3322418550118,386.452485203743,394.32863116264343,379.2125370502472,410.2791795730591,371.7598003745079,438.5137891173363,354.5024130344391,441.83568263053894,332.08187317848206,374.4195632338524,316.01811945438385,421.97144186496735,379.77719873189926,419.3525720834732,369.6571254134178,427.0006481409073,382.738601565361,197.21362257003784,194.14718502759933,195.00392365455627,197.0525382757187,198.8103506565094,212.99020206928253,219.9752767086029,233.0058832168579,236.53993570804596,226.56477344036102,229.79606527090073,291.42775774002075,292.2942832708359,355.0751452445984,352.48232448101044,385.6754307746887,388.3479642868042,0.5045572519302368,0.5371494889259338,0.5610762238502502,0.5469017624855042,0.4057328402996063,0.7442949414253235,0.6135251522064209,0.5037698745727539,0.40175095200538635,0.248818501830101,0.41494524478912354,0.5522323250770569,0.7068013548851013,0.5375087261199951,0.6296146512031555,0.34375646710395813,0.38738423585891724
263,17.73190003586933,31.51399279885169,381.374490916729,390.5104808807373,375.2237491607666,405.9081163406372,369.2792123556137,433.3579427599907,348.6584228873253,446.1919194459915,328.07071185112,398.13377487659454,332.27646321058273,428.56274765729904,375.40723276138306,423.7622803449631,367.4226719737053,431.55811208486557,378.6902403831482,200.48413741588593,195.28492391109467,196.0338557958603,196.16452378034592,197.30289602279663,212.49660432338715,219.4853584766388,236.9590534567833,242.2657117843628,242.6718155145645,242.3214322924614,284.1114966869354,283.60040616989136,344.93935108184814,345.03718996047974,384.6030032634735,386.672217130661,0.4849255383014679,0.4080785810947418,0.4947773218154907,0.6660616993904114,0.6329538822174072,0.6402175426483154,0.4861242473125458,0.3926493525505066,0.46143287420272827,0.19981038570404053,0.42796948552131653,0.6779417991638184,0.6081607341766357,0.5312791466712952,0.5834792256355286,0.47469696402549744,0.4962509572505951
264,17.766700009815395,26.0028815405368,378.6308811903,389.5213929414749,373.36129426956177,405.6390998363495,371.55257844924927,431.4075998663902,351.9930285811424,445.2251781821251,326.5101110339165,399.113629758358,315.9618647098541,428.61244559288025,373.89895260334015,427.56924390792847,371.51693081855774,431.84738779067993,377.8674277663231,202.41143363714218,197.4438636302948,197.90837210416794,198.87481755018234,199.4821333885193,219.04074048995972,219.18571937084198,250.67958390712738,250.55966794490814,262.5142880678177,260.94235146045685,285.43678522109985,284.6613427400589,344.8393406867981,345.4688090085983,384.3871786594391,385.0380907058716,0.5699377059936523,0.5111005306243896,0.42641890048980713,0.5780211687088013,0.4912170171737671,0.4566202163696289,0.4042854309082031,0.4775426685810089,0.40029826760292053,0.23724205791950226,0.5356703400611877,0.5924373865127563,0.5377315878868103,0.5154327750205994,0.521357536315918,0.4591430127620697,0.3868023455142975
265,17.566399998031557,14.775026983101577,383.72908115386963,392.47672069072723,375.83722561597824,408.21365094184875,371.3329922556877,432.7170079946518,351.37342351675034,440.114373087883,329.26265943050385,391.5034226179123,318.60072606801987,428.2188229560852,374.12140238285065,423.37395668029785,370.10285460948944,421.1289052963257,375.3325654268265,203.8135244846344,197.46820271015167,197.77167212963104,199.6218945980072,200.39290356636047,219.22548526525497,219.98527473211288,257.2893179655075,250.37243497371674,279.18797528743744,276.59925627708435,287.3589994907379,286.71553695201874,346.0523135662079,345.3729908466339,384.750244140625,384.0679657459259,0.5612664818763733,0.4804365336894989,0.49447697401046753,0.5549302697181702,0.48060429096221924,0.5905947089195251,0.4251050353050232,0.49315664172172546,0.46735039353370667,0.24012283980846405,0.48136407136917114,0.6512141823768616,0.5907338261604309,0.4973001480102539,0.5037916898727417,0.4449022710323334,0.35448968410491943
266,17.626299988478422,20.250503690856366,383.28958761692047,391.9650219678879,376.01142263412476,406.5819957256317,368.79580157995224,427.5409559607506,351.029472053051,437.81271904706955,335.5679545402527,402.54369723796844,321.99043571949005,421.2379624247551,369.9806571006775,423.09097015857697,367.4827002286911,422.91043043136597,373.77844113111496,205.22415059804916,198.94649267196655,200.07233345508575,200.73303240537643,200.53447437286377,221.691604077816,221.3653186559677,260.33870005607605,254.4325976371765,290.35780334472656,291.61360335350037,288.79108440876007,287.30736565589905,344.42696368694305,344.0107262134552,383.03978288173676,382.4604403972626,0.5837569236755371,0.42510437965393066,0.3812016546726227,0.5062666535377502,0.5268528461456299,0.5358169674873352,0.4210720956325531,0.5076879858970642,0.5007871389389038,0.4068065285682678,0.45159047842025757,0.6038017868995667,0.45639684796333313,0.4612726867198944,0.46124011278152466,0.48875266313552856,0.35656195878982544
267,16.112899989821017,31.738697500697853,374.8954002261162,386.10157549381256,369.8497885465622,401.81120800971985,362.9985922574997,426.4113649725914,349.5632357597351,445.740409553051,331.7705719470978,420.63663613796234,317.3964409828186,419.9336391687393,371.22540706396103,425.1198341846466,366.4708106517792,419.3672379255295,372.2661198377609,205.18040359020233,199.2952924966812,199.79826998710632,200.5146894454956,200.01003807783127,220.9290851354599,220.95909428596497,259.6341334581375,261.485924243927,293.65202391147614,295.9276223182678,292.08723521232605,291.22912430763245,350.88104224205017,348.5513972043991,385.55014634132385,384.66832971572876,0.42122137546539307,0.5269352793693542,0.5296749472618103,0.5291739106178284,0.4966798424720764,0.4437299072742462,0.36568474769592285,0.6297326683998108,0.47139647603034973,0.4171401560306549,0.4194994568824768,0.6020662784576416,0.6012845039367676,0.45702794194221497,0.4731775224208832,0.43548113107681274,0.32032665610313416
268,16.01170003414154,38.064849775162735,374.4905105829239,386.5577152967453,368.79772847890854,399.1594471335411,363.54856133461,427.7114597558975,353.3127670288086,451.61196506023407,336.22018307447433,436.1094206571579,315.3941253423691,419.8025297522545,370.69430553913116,421.05897492170334,366.1898848414421,416.12935185432434,369.52462434768677,203.5124980211258,197.7657155394554,197.55061477422714,199.48380726575851,199.4486407637596,220.3962945342064,222.53449928760529,258.92142367362976,262.3734109401703,298.10299921035767,293.73728609085083,292.6133152246475,292.6587361097336,352.455331325531,349.3792576789856,386.539030790329,386.23332953453064,0.474823534488678,0.5355892777442932,0.5132359266281128,0.5864859819412231,0.5446902513504028,0.5610505938529968,0.5327962040901184,0.5888582468032837,0.49583151936531067,0.4829976558685303,0.3863307237625122,0.620940625667572,0.6370244026184082,0.48636218905448914,0.5150995850563049,0.4383523464202881,0.3787040114402771
269,15.190100006293505,41.71327225627797,371.8739423751831,382.5909261703491,365.089652299881,397.8102967143059,360.1851056814194,427.30523198843,350.5465430021286,458.6237362623215,337.61432123184204,454.9097990989685,313.3805694580078,425.2242614030838,369.58583015203476,428.16481626033783,367.42687368392944,424.3683971166611,372.37707710266113,202.54152858257294,196.1297191977501,196.55628645420074,198.9276728630066,199.51603317260742,220.43437147140503,222.67679393291473,257.6450847387314,263.831915974617,300.48008584976196,296.4401605129242,293.67328667640686,293.1424413919449,352.17942810058594,349.86507415771484,386.53269720077515,386.9553587436676,0.40284502506256104,0.5607345104217529,0.5256244540214539,0.6195487976074219,0.5262934565544128,0.6068459153175354,0.583846926689148,0.6671493649482727,0.5046374201774597,0.569190263748169,0.4247042238712311,0.6445844769477844,0.6328118443489075,0.5027575492858887,0.5281103253364563,0.32448312640190125,0.3247823119163513
270,15.261900029145181,48.96923914439567,374.9000301361084,380.41992658376694,363.5403987765312,395.69135016202927,361.0062054991722,424.22120344638824,350.53846073150635,458.73715567588806,338.0990433692932,472.19129943847656,312.7125242948532,424.76598060131073,371.83684957027435,429.53850787878036,367.43709695339203,426.5984615087509,368.01679915189743,203.52947807312012,197.06810081005096,197.5621509552002,199.15458124876022,200.79956525564194,219.22489714622498,221.46884268522263,248.80365008115768,263.4946975708008,285.3790590763092,290.1907172203064,290.88919150829315,290.46089005470276,350.76209139823914,348.08756732940674,385.9679219722748,385.9056718349457,0.5899179577827454,0.5181241035461426,0.5182145833969116,0.5304879546165466,0.523568332195282,0.6593725681304932,0.5608120560646057,0.5305655598640442,0.4779462218284607,0.5733439922332764,0.4266369938850403,0.6779279708862305,0.6598612070083618,0.5117220282554626,0.5456873178482056,0.4220815598964691,0.31933462619781494
271,15.445899975020438,54.11568442959014,374.80042016506195,379.6090232729912,363.23442327976227,394.7629060149193,358.7829655408859,421.3919270038605,350.69708198308945,458.62229108810425,338.2149249315262,485.86393213272095,314.95222318172455,418.55579936504364,367.3355333209038,426.67489516735077,367.63013476133347,421.4312946200371,368.78887009620667,202.7290028333664,196.34385484457016,196.63177680969238,199.06916826963425,199.13668131828308,218.2281711101532,221.63442081212997,247.52017831802368,258.7530708312988,278.7090051174164,279.84440660476685,288.5187702178955,288.55978775024414,349.21069371700287,347.1015179157257,386.3162090778351,385.9004843235016,0.5498542189598083,0.5098174810409546,0.5231442451477051,0.5062116384506226,0.5219330787658691,0.6585128903388977,0.5817962288856506,0.5928018689155579,0.43981754779815674,0.5701974034309387,0.38711193203926086,0.6616581082344055,0.6466051340103149,0.523283064365387,0.5522185564041138,0.3366389870643616,0.3102799952030182
272,14.616800006479025,60.073013291970106,377.29018771648407,381.4454382658005,366.97688925266266,393.1515902876854,360.8641234636307,415.64125764369965,350.075014770031,467.98830461502075,339.95769798755646,508.3808169364929,314.60206282138824,416.2836911082268,370.2759811282158,418.71072739362717,367.5671893954277,414.03382247686386,371.7391397356987,201.89936292171478,195.819810628891,195.96297991275787,198.30444765090942,198.34766685962677,215.7745385169983,219.54892057180405,245.29019683599472,261.7779630422592,276.25220572948456,273.98158371448517,287.84834468364716,288.06597888469696,352.0662076473236,348.12831342220306,388.4846190214157,388.1874530315399,0.5188466310501099,0.5410491824150085,0.5143829584121704,0.5360071063041687,0.6148996949195862,0.6339595317840576,0.6969969272613525,0.5152684450149536,0.41627955436706543,0.6326236724853516,0.43452388048171997,0.6231019496917725,0.5264071226119995,0.5622164607048035,0.5781164169311523,0.4240483045578003,0.39070627093315125
273,15.72580001084134,64.47725002710646,368.70108914375305,373.659374833107,360.3962616920471,389.8006862401962,358.08984392881393,418.05742835998535,347.49947345256805,476.2089372873306,336.19652503728867,524.1255618333817,307.22996151447296,420.4802361726761,368.8012611269951,416.8656413555145,367.16510981321335,414.09890884160995,373.7772903442383,199.72961086034775,194.7655394077301,195.61164665222168,198.2793847322464,198.70038747787476,215.92702722549438,221.06950986385345,241.39656233787537,257.6306381225586,265.81086111068726,268.5913974046707,290.13362443447113,290.58741104602814,355.5428355932236,351.16240441799164,388.00414085388184,388.40056324005127,0.5089458227157593,0.45411866903305054,0.48171883821487427,0.49356916546821594,0.5406028628349304,0.6597405672073364,0.6539305448532104,0.48301637172698975,0.5156123042106628,0.5176311135292053,0.40716689825057983,0.663370668888092,0.646346390247345,0.5543270111083984,0.6402793526649475,0.4051908254623413,0.44662660360336304
274,15.971299959346652,67.99713302622905,373.88733768463135,369.3327640891075,369.08791410923004,377.94268387556076,370.7228343486786,391.1623882651329,375.61282217502594,479.56864619255066,333.8090704679489,527.2608940601349,313.45379161834717,401.9373931288719,387.06432914733887,391.4763657450676,368.00141072273254,405.42280542850494,381.8660910129547,201.87077128887177,196.88106387853622,197.13718217611313,199.2408990263939,198.41103291511536,215.30205273628235,218.03609746694565,236.881014585495,248.0635701417923,253.45864236354828,259.6134135723114,289.2900506258011,289.4248957633972,350.82723689079285,347.94503140449524,386.93376421928406,386.61132419109344,0.5036424994468689,0.4138862192630768,0.4261515140533447,0.5264669060707092,0.49969804286956787,0.44176796078681946,0.5224288105964661,0.4100612998008728,0.31125760078430176,0.3531809449195862,0.40909862518310547,0.5669556260108948,0.5616226196289062,0.3428382873535156,0.37376514077186584,0.3848429322242737,0.37123602628707886
275,16.3507999968715,72.35275299794208,372.1414601802826,382.64260452985764,364.7975130081177,393.2986501455307,356.60482037067413,421.07377457618713,347.56083983182907,484.94442665576935,325.87795436382294,543.9874475002289,314.913176715374,425.344933450222,372.21850937604904,419.64631712436676,366.42946261167526,415.7633481025696,373.5627354979515,204.1263736486435,197.69063234329224,198.2725836634636,197.80819582939148,198.89051580429077,211.66498893499374,215.97425770759583,228.2208110690117,244.4054245352745,242.46849220991135,246.69945067167282,290.13624835014343,288.9982531070709,351.1738350391388,346.6119616031647,388.23981070518494,388.11151027679443,0.4249933063983917,0.48405441641807556,0.4890994429588318,0.5551736950874329,0.4953758716583252,0.4598279297351837,0.6958596110343933,0.49538612365722656,0.5329543352127075,0.5178229212760925,0.5089306831359863,0.7370918989181519,0.7010124921798706,0.599737286567688,0.6251991987228394,0.47177043557167053,0.4765110909938812
276,15.528200019616634,77.30220296655575,376.2192868590355,379.6993466615677,362.1506496667862,390.9501885175705,356.3343051671982,418.3861252069473,346.8394302725792,484.68017387390137,316.1210212111473,547.6613479852676,302.0246848464012,424.9051455259323,373.19151306152344,419.20387971401215,366.17864459753036,415.0851599574089,374.3952628970146,204.85841596126556,197.7181231379509,198.8552588224411,198.63981121778488,201.38507544994354,212.91736578941345,215.6911010146141,221.76308315992355,237.46001023054123,232.7592351436615,242.57138288021088,285.995769739151,285.4958987236023,348.12783086299896,343.97975194454193,389.14883160591125,388.45521306991577,0.5298900008201599,0.4535786211490631,0.46243712306022644,0.5088796019554138,0.4976595938205719,0.578238308429718,0.664966881275177,0.6168369650840759,0.5345464944839478,0.4045912027359009,0.4932728409767151,0.698231041431427,0.6401697993278503,0.5720979571342468,0.5737882256507874,0.4613935649394989,0.4794163107872009
277,16.105799993965775,75.38477109073088,370.5280569791794,375.0026375055313,367.104840695858,388.0703309774399,359.89481300115585,401.4162472486496,355.9953850507736,495.3327136039734,328.35412657260895,532.9144691228867,326.50665867328644,417.56553387641907,378.38038432598114,409.63607704639435,364.7132647037506,412.0034865140915,380.0032614469528,198.0343954563141,194.62437576055527,195.06979298591614,198.92091703414917,198.69139981269836,211.62329280376434,215.3168009519577,215.99114727973938,234.77312058210373,221.71399784088135,226.98366498947144,287.91101706027985,287.89077973365784,349.1425623893738,344.32864224910736,388.2023218870163,388.33203983306885,0.32698947191238403,0.47073718905448914,0.43037280440330505,0.4507512152194977,0.4871288537979126,0.37555357813835144,0.5064528584480286,0.44360655546188354,0.277596116065979,0.382628858089447,0.45212864875793457,0.6613723039627075,0.5965269207954407,0.48231032490730286,0.5229359269142151,0.528637707233429,0.376177042722702
278,16.10790000995621,76.04365064447379,370.6662049293518,375.22407031059265,368.0770415067673,388.40095472335815,359.9614783525467,402.05688762664795,354.2336106300354,489.07200479507446,340.1365784406662,505.3009365797043,332.4464852809906,417.3105409145355,376.4244748353958,413.17346209287643,365.41634196043015,411.98638528585434,380.81389713287354,197.11240577697754,194.02221727371216,194.34737169742584,199.33229875564575,199.03805828094482,212.6873358488083,217.1773230433464,216.46639269590378,243.80055165290833,215.74193561077118,223.41586351394653,287.86583745479584,287.8027126789093,348.1072919368744,344.4582395553589,388.9220589399338,387.5759902000427,0.33417990803718567,0.439973384141922,0.41996368765830994,0.43595090508461,0.458612859249115,0.34707605838775635,0.5305176377296448,0.4034986197948456,0.24466323852539062,0.16291892528533936,0.2836848795413971,0.6388384103775024,0.5766561627388,0.4833260476589203,0.5011456608772278,0.4959300756454468,0.29831546545028687
279,16.026799974497408,89.64287957504064,373.8870165348053,383.93943428993225,369.16723811626434,393.67174595594406,359.183064699173,421.1934296488762,346.2554460763931,489.20726239681244,329.74826472997665,564.4892241954803,336.8827151656151,426.3487139940262,373.4776575565338,422.4101325273514,365.13083976507187,415.8326094150543,375.2931978106499,200.22946679592133,195.4912330508232,195.53134578466415,199.43603390455246,201.02992695569992,213.11411422491074,215.76102685928345,208.93887627124786,224.40684407949448,198.00227510929108,216.19116806983948,289.3227741718292,289.3508229255676,354.71922767162323,348.92396306991577,388.95945727825165,389.86718130111694,0.3917428255081177,0.5287131071090698,0.5008007884025574,0.5334863066673279,0.49756842851638794,0.530433177947998,0.6324649453163147,0.6131603121757507,0.24228116869926453,0.7069358825683594,0.30238309502601624,0.7084214091300964,0.6671051383018494,0.565254807472229,0.6271844506263733,0.41959062218666077,0.4131262004375458
280,15.87969996035099,88.9931742539253,369.8137394785881,379.1520003080368,365.2728950381279,392.243137717247,358.7293870449066,426.0207397341728,346.3829960823059,496.33566451072693,292.55263835191727,570.8605155944824,250.969810962677,429.3021416068077,374.1457027196884,420.2759313583374,363.69393515586853,422.5984601378441,375.08747458457947,200.51069325208664,194.99752974510193,196.2001125216484,198.967604637146,201.3681858778,207.54539608955383,214.67496705055237,205.83609598875046,220.2012048959732,193.78730142116547,211.71160113811493,285.85796892642975,285.9839470386505,356.60422456264496,348.3243530988693,390.5116089582443,390.97727859020233,0.3393000364303589,0.5567697882652283,0.5138136148452759,0.5761102437973022,0.5363578200340271,0.5130720138549805,0.7121888995170593,0.656703531742096,0.3673683702945709,0.6450141072273254,0.3229723274707794,0.6444289088249207,0.5476693511009216,0.5677222013473511,0.6244103908538818,0.2855418622493744,0.3699364960193634
281,15.373800008092076,95.53393411698914,373.2104609012604,376.9532480239868,365.1711975932121,391.8344210386276,359.3271539211273,429.17464512586594,346.1056296825409,499.04531264305115,273.0076740384102,554.1516789197922,225.77493804693222,426.37753719091415,377.77632826566696,426.737653195858,368.53409123420715,425.6235576868057,377.1697030067444,196.39674031734467,192.77428901195526,193.9464554786682,197.1980298757553,199.03353428840637,207.17243814468384,212.30376160144806,202.76558685302734,209.77433705329895,183.08136355876923,197.139519572258,290.3951715230942,292.4548246860504,360.60605788230896,353.71671092510223,389.53138041496277,391.782338142395,0.4404759407043457,0.4511670172214508,0.49466127157211304,0.5703573822975159,0.46453380584716797,0.582769513130188,0.7166370153427124,0.6330153942108154,0.5445384979248047,0.6160379648208618,0.5989555716514587,0.644695520401001,0.7488664388656616,0.5293560028076172,0.6665779948234558,0.28671374917030334,0.3616570234298706
282,15.016799967270344,98.9541241666991,373.79179561138153,381.34283089637756,371.605541408062,394.6496471762657,362.7129027247429,431.0371803045273,345.9355273246765,496.86192202568054,271.67658829689026,536.1607050895691,226.62483429908752,427.5616165995598,378.99830335378647,426.2810049057007,368.5851540565491,426.32219237089157,379.7040836215019,195.73491036891937,193.25680297613144,193.4662185907364,197.9650275707245,199.16059815883636,207.27003574371338,211.4267856478691,199.785994887352,205.20368707180023,172.7491979598999,191.58773624897003,287.91840624809265,292.65949010849,359.9228746891022,355.88313031196594,387.3534700870514,391.4991965293884,0.4065529704093933,0.5007254481315613,0.45904242992401123,0.5878241658210754,0.5012679100036621,0.6360256671905518,0.7475740909576416,0.6199865937232971,0.6855406761169434,0.5030905604362488,0.6300973892211914,0.4962926506996155,0.7332056760787964,0.49762699007987976,0.6667470335960388,0.34273695945739746,0.39734622836112976
283,16.448399983346462,97.63486687767127,371.76408237218857,379.11680763959885,370.27887147665024,394.4334330558777,364.1005911231041,430.73661082983017,348.4142687320709,491.7779061794281,279.3561637997627,524.5846990346909,227.75774383544922,430.8663821220398,377.5043411254883,423.05344915390015,369.64631336927414,424.2641572356224,378.0468434691429,195.73424685001373,193.735245347023,193.9573130607605,198.9398273229599,199.62091439962387,206.31402564048767,212.57725203037262,198.0375019311905,206.466423869133,162.1923407316208,188.01779341697693,292.05629110336304,293.1181927919388,359.792613863945,356.9287757873535,387.629674911499,392.10317969322205,0.35669174790382385,0.5052768588066101,0.438398152589798,0.5520489811897278,0.4950154721736908,0.5914283990859985,0.7476795315742493,0.7484958171844482,0.7323666214942932,0.6257856488227844,0.596710205078125,0.7309732437133789,0.7339880466461182,0.5085409879684448,0.65529865026474,0.2976899743080139,0.4074406921863556
284,15.956200018990785,98.10808158423116,372.5961548089981,379.8340690135956,372.1059998869896,394.3729498386383,366.58546113967896,428.66647905111313,349.5799890756607,486.9300960302353,278.3705817461014,502.6528956890106,230.59429967403412,429.2615429162979,376.0143665075302,419.3788528442383,366.27143013477325,424.6234168410301,376.54586946964264,195.52861630916595,193.40083181858063,193.2082303762436,198.48806142807007,197.45701336860657,207.50080460309982,212.19431114196777,198.7819249033928,205.2748645544052,166.00119560956955,187.69628834724426,292.1413120031357,292.82416343688965,358.8844676017761,353.9948761463165,386.34033703804016,389.44973742961884,0.36310014128685,0.5591561794281006,0.4711267650127411,0.6109130382537842,0.6767006516456604,0.5701304078102112,0.6761256456375122,0.6432375907897949,0.7301543354988098,0.6363335251808167,0.6961156129837036,0.7478561401367188,0.7163072824478149,0.5012261867523193,0.5270189046859741,0.3526463508605957,0.41026633977890015
285,16.2014999659732,103.13953988495855,376.2753810286522,378.68483436107635,369.6382043361664,394.6431974172592,363.1596488952637,427.6450085043907,345.7530071735382,485.5785369873047,285.242063999176,482.78892254829407,241.6611762046814,427.7827817797661,375.20798605680466,421.63418102264404,367.1537357568741,427.2123394012451,376.7171761393547,195.9800202846527,193.90579986572266,193.90055203437805,199.55522602796555,200.9476506114006,209.52839773893356,215.07220375537872,195.90308225154877,207.7943212389946,163.47080594301224,184.10760110616684,292.3938111066818,293.12739157676697,351.10642755031586,352.85015523433685,384.10234808921814,386.0244115591049,0.44399288296699524,0.6023430824279785,0.5204956531524658,0.4443826377391815,0.5470150709152222,0.5517016649246216,0.7632482647895813,0.6320379376411438,0.7013996243476868,0.5164574980735779,0.6574326157569885,0.7498785853385925,0.6811388731002808,0.37303879857063293,0.5217000246047974,0.4299898147583008,0.4638700485229492
286,15.509199991356581,103.45857149243982,374.9676321744919,377.947474360466,368.17673176527023,393.5281116962433,359.2766263484955,430.6626393198967,339.7968554496765,475.7477661371231,293.23096030950546,455.1553181409836,241.65903520584106,427.49955439567566,376.47366428375244,430.1694602370262,370.4863610267639,428.4160624742508,379.75779592990875,193.11738860607147,191.48317170143127,191.7085268497467,197.91475093364716,200.51637840270996,210.53605675697327,216.66724288463593,201.4687089920044,210.43888139724731,164.3727392554283,184.92199516296387,297.3292155265808,299.4869488477707,354.96123111248016,359.3718523979187,383.03902888298035,385.72030878067017,0.42493367195129395,0.5249539613723755,0.4952571988105774,0.6380683779716492,0.5303229689598083,0.6045196652412415,0.753156840801239,0.5977092385292053,0.6317231059074402,0.7354974746704102,0.6420047283172607,0.5618476271629333,0.570507824420929,0.23073530197143555,0.5237746238708496,0.3659883737564087,0.4243324100971222
287,15.526100003626198,120.14353673018105,382.5296668410301,389.4845677614212,376.5267610549927,403.07308596372604,368.0011430978775,435.21678471565247,346.30522429943085,461.34542751312256,301.09642803668976,429.829496383667,249.06191337108612,428.2084391117096,376.94891250133514,429.8733868598938,370.7956015467644,430.3961652517319,381.50897240638733,184.824005484581,184.7216727733612,185.10759949684143,195.28180235624313,197.48237788677216,215.3018114566803,217.57320255041122,202.81893980503082,215.00141835212708,166.77356177568436,188.190398812294,302.2639262676239,303.8725072145462,360.59064614772797,356.9727791547775,379.15014457702637,382.28937315940857,0.5470985770225525,0.5159774422645569,0.5241280794143677,0.6330798268318176,0.6491733193397522,0.6935158371925354,0.7721790075302124,0.5092494487762451,0.5354847311973572,0.4765892028808594,0.5960627794265747,0.6980749368667603,0.7256150245666504,0.33587825298309326,0.5166965126991272,0.4001401662826538,0.45400771498680115
288,15.471799997612834,107.8515834976096,395.09403824806213,401.7534813284874,388.22996920347214,409.9201340675354,379.9238839149475,434.7726077437401,353.7255516052246,452.50417280197144,295.91914492845535,417.99881851673126,263.5229688882828,430.7406787276268,381.8298010826111,432.2006258368492,372.353713452816,431.6751444339752,381.5345573425293,189.29165923595428,188.5516848564148,187.9930471777916,197.49640226364136,196.13597738742828,215.52487444877625,217.9337345957756,210.7629651427269,222.98364126682281,195.46722573041916,198.0406084060669,297.4019914865494,299.1639357805252,360.9974133968353,356.36945950984955,379.71519124507904,382.1564280986786,0.5049026012420654,0.6343743205070496,0.5579220056533813,0.5233909487724304,0.5517162680625916,0.6976038813591003,0.6145849227905273,0.38625964522361755,0.6348658204078674,0.4791228771209717,0.6324479579925537,0.6340152025222778,0.6014195084571838,0.4080888032913208,0.5657317042350769,0.3820948004722595,0.4548022747039795
289,16.847699997015297,50.02730412071149,377.5043411254883,384.55186700820923,371.0342961549759,395.3646337389946,365.76513743400574,422.0589551925659,351.35865062475204,455.21435618400574,306.7157203555107,424.57663601636887,281.1235048174858,429.82154792547226,382.7905743122101,428.05415338277817,373.6517207622528,441.8804830312729,382.9162509441376,197.04700392484665,194.1506986618042,194.9814544916153,198.52104133367538,198.72956722974777,214.34694743156433,218.75241136550903,236.74347013235092,227.25418466329575,225.81924962997437,212.88073652982712,289.03547048568726,290.4452973604202,352.8283495903015,350.37972354888916,384.8745936155319,388.1304507255554,0.4280063211917877,0.5714633464813232,0.3751930892467499,0.596750020980835,0.6350957751274109,0.5217127799987793,0.5270935297012329,0.33862605690956116,0.5710514187812805,0.25163769721984863,0.5334803462028503,0.6730260252952576,0.6757632493972778,0.5070920586585999,0.5736803412437439,0.34032100439071655,0.45426520705223083
290,15.065199986565858,37.50340469501044,380.86094558238983,388.6972154378891,374.63470685482025,405.72471302747726,369.4416606426239,433.3842770457268,349.3330248594284,447.72289419174194,310.6916890144348,367.45663356781006,317.9620393514633,433.2801442146301,382.9479377269745,426.44722670316696,368.3867369890213,431.58830016851425,389.9799146056175,202.15374702215195,196.7639980316162,198.5463606119156,198.26811999082565,201.2178988456726,211.8640295267105,221.20176124572754,230.59904378652573,231.8179430961609,222.38817828893661,227.38859248161316,291.1999897956848,291.85376703739166,359.3134627342224,358.5455904006958,383.61511409282684,386.49104630947113,0.40491631627082825,0.3851393759250641,0.4332139194011688,0.5778351426124573,0.509689450263977,0.7054376602172852,0.5519694685935974,0.5827404260635376,0.41250014305114746,0.4215855002403259,0.41483449935913086,0.7229912877082825,0.6811728477478027,0.37320852279663086,0.4452010989189148,0.35512441396713257,0.37736135721206665
291,16.10040001105517,21.689746752024657,373.41843217611313,383.56492006778717,368.294406414032,399.4953430891037,365.7686700820923,430.8308415412903,350.63060396909714,443.03244745731354,326.9363571405411,364.80580937862396,309.4021386504173,433.4461786746979,384.03682297468185,422.89819997549057,370.4468595981598,433.8646904230118,387.13966554403305,202.48838675022125,196.9276157617569,198.15705597400665,197.75001728534698,199.54332792758942,210.07943511009216,219.8114930987358,237.82351303100586,239.90988790988922,234.68464636802673,240.9165214896202,283.15428018569946,284.20031774044037,343.8789875507355,344.5111702680588,385.5380823612213,388.19460093975067,0.3975120782852173,0.6026722192764282,0.4898732006549835,0.6133376955986023,0.5169040560722351,0.5552687644958496,0.5363385081291199,0.569222629070282,0.4293079972267151,0.3362681269645691,0.530636727809906,0.6754105091094971,0.644511342048645,0.4413015842437744,0.5821975469589233,0.4106011390686035,0.4057677984237671
292,15.7805000199005,15.273602743981689,374.0958709716797,384.47990268468857,373.65255039930344,399.28215312957764,370.31451910734177,432.54139256477356,353.9789388179779,439.1176578402519,329.0033041834831,378.79180401563644,304.08954441547394,428.8540573120117,380.2985319495201,429.5821039676666,374.24461686611176,438.57114112377167,383.4198941588402,203.49268293380737,198.63739842176437,200.01269215345383,199.80798149108887,200.4210729598999,217.095152258873,220.49592792987823,247.97839844226837,246.51861160993576,254.32070422172546,250.24148046970367,281.9790072441101,280.9678647518158,344.68902349472046,345.19450426101685,385.62277150154114,387.80900597572327,0.4677867889404297,0.5615912079811096,0.44924411177635193,0.5685254335403442,0.46631842851638794,0.5671097040176392,0.5097498297691345,0.47260043025016785,0.4788161516189575,0.2719479203224182,0.48101651668548584,0.645032525062561,0.6802545189857483,0.5544100403785706,0.5463980436325073,0.4598289728164673,0.46380454301834106
293,16.370000026654452,10.74757308369468,375.61346447467804,387.2894016504288,370.93209022283554,401.660561978817,370.7939690351486,436.2893180847168,353.3877555131912,440.90721172094345,331.7912058234215,390.4949318766594,317.4235781431198,432.4241461157799,380.4452974200249,427.8705359697342,375.5215085744858,434.9223973751068,384.56286638975143,204.43952441215515,198.82891410589218,199.27758860588074,200.21319550275803,201.1747550368309,218.9083684682846,220.74197280406952,254.82395315170288,250.98023337125778,270.20335626602173,267.36982893943787,283.5683763027191,281.9993953704834,349.21470499038696,346.7231914997101,382.7545602321625,384.8830384016037,0.5179002285003662,0.5421222448348999,0.39252299070358276,0.5514557361602783,0.5192170143127441,0.6294860243797302,0.4959593117237091,0.5320243239402771,0.4437273442745209,0.30261683464050293,0.45273664593696594,0.6560220122337341,0.6625908613204956,0.4529632329940796,0.49499112367630005,0.47785884141921997,0.44748878479003906
294,16.440300038084388,21.876308559088507,381.190980553627,389.9370678663254,374.671799659729,408.26725620031357,373.20516192913055,437.0097641944885,354.1607631444931,446.962357878685,334.7780865430832,399.7480344772339,327.9411546587944,428.6661579012871,379.0966554880142,431.06276524066925,372.78220760822296,435.7644522190094,382.34425634145737,206.2458038330078,201.64562726020813,201.78452891111374,201.4033523797989,202.18977308273315,221.47547787427902,220.95951652526855,259.27179181575775,252.1296290755272,287.31234204769135,287.23054826259613,288.23430156707764,286.89978408813477,344.32345473766327,344.2439832687378,383.497007727623,383.49185037612915,0.5827062726020813,0.3123258352279663,0.39421510696411133,0.4206489026546478,0.5394725203514099,0.5469432473182678,0.4396328032016754,0.5329405665397644,0.5006313323974609,0.31482160091400146,0.49238693714141846,0.6325085163116455,0.6204096674919128,0.46128663420677185,0.4935615062713623,0.46033814549446106,0.3727022111415863
295,17.65489997342229,27.366900163422276,382.7841245532036,391.4544472694397,376.3135175704956,408.9779607653618,374.09434551000595,438.0323855280876,353.95600336790085,448.47746247053146,343.70203733444214,416.23455518484116,335.2804183959961,423.3432065844536,376.1380359530449,430.5808799266815,361.6155070066452,431.8943559527397,382.0284590125084,208.38845717906952,203.46394050121307,203.36233162879944,201.25381934642792,201.94083285331726,220.98489612340927,219.71896237134933,259.6213757991791,259.46442341804504,292.60203540325165,291.74377369880676,288.7015998363495,287.4239640235901,352.4403418302536,348.35390985012054,385.23901629447937,383.70610666275024,0.5566954612731934,0.3944461941719055,0.46443572640419006,0.3368508219718933,0.5100109577178955,0.5540375709533691,0.4461763799190521,0.540046215057373,0.590104877948761,0.33015871047973633,0.43334922194480896,0.5648253560066223,0.5827306509017944,0.4280533492565155,0.34527289867401123,0.3798901438713074,0.3383251130580902
296,15.104699996300042,27.683457599350778,377.74670219421387,388.89110964536667,372.65963542461395,403.150054872036,374.0522748827934,436.60506188869476,355.214375436306,452.9535149335861,348.7766327857971,433.90504825115204,341.75217616558075,430.0721518397331,375.8542733192444,426.1645345687866,363.91389602422714,433.3452305793762,381.9104899764061,205.0708777308464,199.20345544815063,199.3793784379959,200.77822709083557,201.28937792778015,220.19168943166733,221.11601650714874,259.6268045902252,260.92350149154663,297.94381499290466,293.8687834739685,292.44809901714325,291.21874928474426,347.5087375640869,346.2111961841583,384.9097902774811,384.47488379478455,0.5580839514732361,0.492822527885437,0.4071694612503052,0.4753250777721405,0.4808659553527832,0.5160432457923889,0.435168981552124,0.6508983373641968,0.5828102827072144,0.4213223457336426,0.28453972935676575,0.5350966453552246,0.6033844947814941,0.3268924355506897,0.32372334599494934,0.4504777789115906,0.40104469656944275
297,15.474500018171966,34.61692360779137,383.3522118330002,390.84608244895935,375.0914889574051,405.848917722702,371.6031863093376,436.6781234741211,352.1617392897606,460.168306350708,350.39859998226166,450.354288816452,335.03372180461884,430.12977147102356,374.0532115697861,426.9234918951988,364.27168369293213,434.756041765213,383.8031061887741,205.5360044836998,198.5689504146576,198.83520245552063,199.83094829320908,201.1499786376953,219.14868295192719,222.56749427318573,260.32542967796326,261.43778896331787,302.62267887592316,296.410724401474,295.32297563552856,295.0240000486374,353.28460931777954,351.7042279243469,386.64814949035645,388.86568999290466,0.5815565586090088,0.401305615901947,0.45037323236465454,0.5044872164726257,0.5267227292060852,0.5141051411628723,0.43874838948249817,0.7033980488777161,0.49067556858062744,0.4276532232761383,0.3852090537548065,0.5296023488044739,0.5730462074279785,0.3852775990962982,0.4126606583595276,0.31370699405670166,0.38819432258605957
298,15.604800020810217,46.474699257155606,385.7420215010643,391.83383226394653,375.4714359641075,405.5838353037834,368.85392969846725,431.95248407125473,352.7394610643387,466.7523595094681,348.9872803092003,459.07628989219666,335.29422783851624,428.36930841207504,375.8400356769562,436.77912509441376,367.9971019625664,437.79995334148407,385.108285844326,204.9305284023285,197.48557484149933,197.95290327072144,199.8858243227005,201.71231091022491,220.26903462409973,225.43676114082336,256.67589473724365,263.31232035160065,294.17433393001556,298.4348793029785,294.3934761285782,295.968820810318,348.30851912498474,349.3793783187866,385.69482362270355,387.2612107992172,0.5566524863243103,0.4461495876312256,0.46636033058166504,0.49325770139694214,0.5241417288780212,0.5194652676582336,0.45631858706474304,0.5059331059455872,0.5162872076034546,0.3626771867275238,0.3805818259716034,0.47663524746894836,0.524543821811676,0.43855714797973633,0.39376214146614075,0.30970945954322815,0.34768158197402954
299,16.127000038977712,46.01404175611038,383.10516732931137,389.51518404483795,374.3714175224304,402.67196983098984,368.91449320316315,429.96009731292725,352.5029074549675,466.13703644275665,347.81082820892334,479.9551500082016,331.40226662158966,431.87452495098114,376.3554811477661,436.7496060729027,369.53027123212814,433.8126106262207,379.4144332408905,202.68508994579315,196.22737711668015,196.43542045354843,199.4520035982132,199.68738692998886,218.7532558441162,223.70941030979156,251.93184012174606,263.47310304641724,295.10030472278595,294.1315972805023,293.7937455177307,295.8264055252075,359.71492183208466,353.17178094387054,384.57284331321716,384.8266091346741,0.4911061227321625,0.41676685214042664,0.4397503733634949,0.5322016477584839,0.5233727693557739,0.48927590250968933,0.44106826186180115,0.5210402011871338,0.4882584810256958,0.44542789459228516,0.36432501673698425,0.5128603577613831,0.531703770160675,0.3826143741607666,0.48722636699676514,0.36319175362586975,0.3400013744831085
300,15.769399993587285,55.833606622451185,379.3538429737091,388.19852328300476,373.35591500997543,401.10441076755524,368.687707901001,428.80845403671265,351.02992701530457,473.45882427692413,344.4556421637535,504.7343212366104,330.6546565890312,430.46317851543427,376.54463839530945,433.80519741773605,370.157985329628,434.3524367213249,382.9178566932678,202.10065042972565,196.25132411718369,196.2211490869522,199.26303642988205,199.29037642478943,217.48095834255219,222.35818421840668,246.35942739248276,263.5526649951935,284.13960576057434,286.804750084877,291.9533551931381,295.2104187011719,361.40532672405243,354.63284957408905,386.0202796459198,386.28707456588745,0.5025885105133057,0.3836231827735901,0.39768168330192566,0.5795566439628601,0.566683292388916,0.5150337815284729,0.45223119854927063,0.5005372762680054,0.49303460121154785,0.44401833415031433,0.46894702315330505,0.5674624443054199,0.5396550297737122,0.39084795117378235,0.5049782395362854,0.3031710088253021,0.26100045442581177
301,15.53309999871999,58.94448669378059,382.5770899653435,389.7139222621918,374.75527185201645,401.9213088750839,369.335761487484,427.3895873427391,354.82589119672775,474.2524925470352,344.0795489549637,513.4846370220184,324.2365576028824,428.11452955007553,375.89460438489914,432.66118144989014,370.4153333902359,433.8681427836418,384.69507306814194,204.22394108772278,197.19432020187378,197.6027311682701,199.4058739542961,201.25505590438843,217.7067357301712,222.54608070850372,245.30568397045135,263.9670023918152,276.73253309726715,277.40036487579346,291.8195958137512,293.30449080467224,352.9262487888336,348.4258111715317,387.80963933467865,387.5649516582489,0.5125190615653992,0.4318157434463501,0.43506839871406555,0.5575662851333618,0.547852635383606,0.5094854831695557,0.537100076675415,0.5629757642745972,0.4816231429576874,0.644253671169281,0.4067486524581909,0.574222207069397,0.6071316599845886,0.4539969563484192,0.5147244334220886,0.37983888387680054,0.294764906167984
302,15.094000031240284,53.172218689074136,380.4446818828583,383.04706597328186,378.9612640738487,389.48943853378296,379.8662910461426,389.6456243991852,386.9657361507416,342.84325593709946,487.5000299215317,312.7774500846863,317.11489963531494,398.1477984189987,410.7472554445267,380.8531309366226,406.64296066761017,412.32755345106125,414.11357468366623,203.2604513168335,197.8838973045349,197.61870086193085,199.70178830623627,199.15233433246613,218.11157274246216,220.4219304919243,262.6885824203491,246.64593183994293,272.36009430885315,271.3862898349762,289.6553781032562,289.6976925134659,353.0073187351227,354.3598417043686,386.6788523197174,386.072184920311,0.46857911348342896,0.47321850061416626,0.40505579113960266,0.45083707571029663,0.42789116501808167,0.5000946521759033,0.5724342465400696,0.36056897044181824,0.4894500970840454,0.3953515291213989,0.4164339303970337,0.5487288236618042,0.5423794984817505,0.3773465156555176,0.2987199127674103,0.3093504011631012,0.28288137912750244
303,15.576199977658689,59.95670835664947,376.9023725390434,374.239692568779,380.0052418708801,377.2755753993988,390.11498486995697,362.4323515892029,427.0330307483673,326.9018067717552,496.7109280824661,302.54197692871094,560.7508796453476,382.94266551733017,432.16377389431,367.3698160648346,422.2562482357025,388.3471888899803,422.75103306770325,204.56719148159027,199.34151262044907,198.36511439085007,200.13838374614716,198.95003646612167,219.87556791305542,217.06918454170227,255.7776710987091,238.88028752803802,260.7691730260849,262.4024851322174,295.08205795288086,292.1405580043793,352.3697373867035,358.86655259132385,387.53376626968384,385.71831822395325,0.47989359498023987,0.4215623438358307,0.4298543632030487,0.5050299763679504,0.41534262895584106,0.6242672204971313,0.5281261801719666,0.3792003095149994,0.48638346791267395,0.3329419195652008,0.38123634457588196,0.5829125046730042,0.6107353568077087,0.6281736493110657,0.44868794083595276,0.3250340223312378,0.3180343806743622
304,16.301900031976402,76.440772866042,380.90804755687714,389.53573763370514,373.4020267724991,401.96907991170883,369.6162323355675,434.1632527112961,354.5585874915123,499.9575387239456,328.70955914258957,562.8070414066315,301.9110780954361,431.3602837920189,380.28978061676025,425.14204704761505,368.68444287776947,428.35782730579376,384.1900382041931,208.46361577510834,203.5049580335617,204.00858396291733,201.00646251440048,202.14383947849274,215.51733446121216,219.0285860300064,233.98300528526306,247.59538215398788,250.84163331985474,250.29655253887177,291.30983233451843,290.28216218948364,357.3167232275009,353.097949385643,386.061719417572,387.2666697502136,0.5488746762275696,0.3534209132194519,0.41023683547973633,0.5182421207427979,0.624172031879425,0.7028148174285889,0.6855528354644775,0.648923933506012,0.5836395025253296,0.566055417060852,0.4503183960914612,0.7336333990097046,0.7171775102615356,0.5680005550384521,0.6981751322746277,0.4237578213214874,0.42706912755966187
305,15.487399999983609,79.26316329610182,382.7888347506523,390.28629153966904,374.8627767562866,403.4701609611511,366.81163090467453,433.2153789997101,349.78868293762207,496.97491323947906,326.84903115034103,570.1589102745056,313.1836778521538,432.06801772117615,381.5675287246704,425.6356008052826,369.71600288152695,429.46161925792694,382.635351896286,207.19632482528687,199.94724506139755,202.71454113721848,200.9007669687271,201.78496623039246,214.72129273414612,217.04568994045258,227.81074130535126,244.51838862895966,237.7145602107048,240.7245232462883,290.76239907741547,289.99660778045654,357.15467381477356,352.44652462005615,387.10413777828217,387.9625201225281,0.5271879434585571,0.3458938002586365,0.3865705728530884,0.4871896803379059,0.5907069444656372,0.6813094615936279,0.6791507601737976,0.6387408971786499,0.4502238631248474,0.5649563074111938,0.3659616708755493,0.7407753467559814,0.7014600038528442,0.5177616477012634,0.6958550214767456,0.41500598192214966,0.44094011187553406
306,15.592899988405406,83.45116745582202,382.8184875845909,388.522402882576,374.74571764469147,399.9286277294159,365.64211028814316,428.3497985601425,349.54479640722275,501.0536230802536,327.07038366794586,576.2556720972061,312.48445439338684,429.7412604689598,381.003857254982,424.1660192012787,369.4770941734314,426.97784650325775,386.8212990164757,202.97236347198486,197.03184854984283,197.21036529541016,200.14945244789124,199.29444801807404,213.85947215557098,216.0185023546219,220.87126851081848,237.06239652633667,228.5551793575287,232.67738103866577,290.5039886236191,289.67407727241516,355.975962638855,349.69904363155365,388.8437637090683,388.2888206243515,0.47990894317626953,0.43889251351356506,0.45323628187179565,0.5258783102035522,0.6454337239265442,0.5559093952178955,0.5298251509666443,0.4771098494529724,0.2871885299682617,0.41700518131256104,0.3232991397380829,0.6763107180595398,0.6282531023025513,0.47493550181388855,0.5899496078491211,0.4065665006637573,0.36785754561424255
307,15.756200009491295,80.90628907802082,387.1387823820114,390.71451807022095,377.6706432104111,400.4864382147789,367.8204963207245,424.65636146068573,350.60740089416504,492.1981842517853,329.8821842074394,569.1237373352051,322.96600860357285,429.91165721416473,381.76128911972046,429.2603118419647,372.2350218296051,430.5399600863457,386.2509101629257,201.73524755239487,196.53604912757874,196.71838110685349,200.05521768331528,199.2338415980339,212.8269311785698,215.98383349180222,218.97279012203217,228.63557070493698,220.2185468673706,219.94810259342194,290.02375173568726,289.8782299757004,354.3263339996338,348.6262240409851,389.0021939277649,388.6601800918579,0.42150717973709106,0.4662463665008545,0.4934695363044739,0.5031179189682007,0.6519832015037537,0.5021977424621582,0.5215796232223511,0.42299792170524597,0.2613975703716278,0.4968000054359436,0.2970300614833832,0.6898994445800781,0.6496336460113525,0.5687347054481506,0.5813068151473999,0.3936046361923218,0.3785480260848999
308,15.72570001007989,87.08864039453651,384.54937809705734,390.2853013277054,375.01526939868927,404.6292442083359,366.0285338163376,430.50808596611023,351.51282930374146,498.2286821603775,313.60384887456894,587.4406247138977,260.4060492515564,432.0915687084198,382.686789393425,428.4244123697281,373.2007996439934,429.8313965201378,386.64648646116257,205.70597088336945,201.20091879367828,199.17237561941147,202.00371634960175,202.55479896068573,212.94612330198288,215.97287034988403,215.00117707252502,225.18115556240082,205.13588750362396,216.59457248449326,290.2687108516693,290.4771764278412,357.4584448337555,351.35654401779175,389.0406177043915,388.85947704315186,0.5379990339279175,0.34501218795776367,0.4690132439136505,0.551464319229126,0.5990057587623596,0.6061812043190002,0.6535390615463257,0.5120126605033875,0.38893941044807434,0.6192300319671631,0.515587568283081,0.6959953904151917,0.6717253923416138,0.5219185948371887,0.5864089727401733,0.37795326113700867,0.3734545409679413
309,16.712900018319488,93.20772578715675,380.5833918452263,389.5748376250267,373.3240141272545,404.80705416202545,369.2139118909836,435.9230734705925,352.76172745227814,501.7377257347107,294.2248922586441,567.7457369565964,240.2259041070938,435.8216704130173,387.2186951637268,431.81342619657516,373.7217849493027,433.22873347997665,385.2105453014374,203.7675004005432,198.73523730039597,201.6414350271225,203.96370595693588,204.8714450597763,216.587952375412,217.26615917682648,212.9889051914215,217.16192638874054,194.88464105129242,205.2399544119835,291.4130698442459,292.4119372367859,358.4400908946991,354.02732825279236,386.1210741996765,389.0931261777878,0.5050897002220154,0.5126700401306152,0.34328290820121765,0.6212821006774902,0.713831901550293,0.7180654406547546,0.5167895555496216,0.6805579662322998,0.6006974577903748,0.7800162434577942,0.5351596474647522,0.7186735272407532,0.7213037610054016,0.5724621415138245,0.6072434782981873,0.3135620951652527,0.3842029273509979
310,15.882000036071986,97.21302432352515,384.3638605475426,389.3994898200035,375.49624478816986,406.53269922733307,371.7321814894676,436.99239534139633,354.8996218442917,510.9147425889969,291.3780596256256,556.2875928878784,244.50594812631607,434.775257229805,388.2375965118408,433.92260444164276,375.2353640794754,430.3548974990845,386.4963756799698,201.84588932991028,197.69283401966095,198.77394759655,203.31749886274338,203.9753326177597,215.8845921754837,215.8414031267166,208.67674106359482,213.78582155704498,183.60491013526917,197.58766627311707,293.1355950832367,294.38436782360077,358.9429175853729,355.53580832481384,387.24169731140137,389.33702969551086,0.4340011775493622,0.4482053518295288,0.5204167366027832,0.597513735294342,0.6548527479171753,0.752155601978302,0.5470670461654663,0.7046583294868469,0.5619186162948608,0.787471354007721,0.6195788979530334,0.711161732673645,0.6883988976478577,0.5515670776367188,0.5746464133262634,0.3427467942237854,0.3845178484916687
311,15.574400022160262,104.02030482688531,393.52144783735275,396.1034656763077,385.7768394947052,409.1903478503227,374.8786201477051,442.6071380376816,356.2100201845169,504.89826822280884,293.94856959581375,538.365238070488,245.05069851875305,436.9141418337822,386.4533683657646,436.316401720047,377.6966563463211,428.9908136129379,385.69855922460556,204.38798105716705,201.68276923894882,201.46005308628082,204.78841471672058,204.3876794576645,214.19034188985825,217.45221590995789,203.0430282354355,209.26867532730103,175.26808160543442,194.58774650096893,298.253165602684,298.9745011329651,362.4151723384857,356.87816739082336,386.4680041074753,386.705393075943,0.4562076926231384,0.415429025888443,0.42199793457984924,0.5270590782165527,0.5093527436256409,0.719109296798706,0.7116079330444336,0.6576026678085327,0.6555086970329285,0.4759960472583771,0.6625186204910278,0.6008877158164978,0.5569967031478882,0.4722842574119568,0.48503950238227844,0.31342360377311707,0.3608631491661072
312,15.610799950081855,103.97828370888071,392.30779588222504,396.58053374290466,386.5023972392082,408.7910515666008,378.3415787220001,439.17452812194824,356.2371573448181,501.056245803833,295.94494396448135,527.7276318073273,248.64928936958313,433.7685863375664,384.7694727778435,438.0227510333061,376.8292574286461,428.991295337677,384.59399116039276,203.7514402270317,199.80048674345016,201.3738710284233,205.07817643880844,204.24135845899582,211.793847322464,217.2391961812973,200.32929623126984,207.78076434135437,160.6736364364624,186.6807274222374,300.62919664382935,304.38208973407745,366.1629683971405,360.97488391399384,385.1298372745514,384.6428143978119,0.4459365904331207,0.49959278106689453,0.42065539956092834,0.5244684219360352,0.5675780773162842,0.698233962059021,0.7137966752052307,0.5281130075454712,0.5751072764396667,0.6367591619491577,0.6145040392875671,0.5403161644935608,0.7180203795433044,0.43312034010887146,0.44624584913253784,0.30215808749198914,0.38856789469718933
313,17.267499992158264,111.3752210522169,388.1716002225876,398.8530434370041,385.35803335905075,411.32093608379364,379.2040533423424,441.8185011148453,355.314440369606,496.710178732872,297.6919722557068,504.65146458148956,252.92454290390015,435.47536385059357,385.1902058124542,437.65918266773224,376.1962443590164,428.6674425005913,383.6746730208397,202.77783179283142,198.45582044124603,198.25285905599594,203.0638536810875,202.49417746067047,213.7500820159912,217.43519061803818,196.7312895655632,209.22886419296265,162.87673032283783,185.30541861057281,301.1816062927246,304.6556404829025,366.9146749973297,362.16725754737854,384.30146408081055,383.5705980062485,0.3644903898239136,0.562109112739563,0.515568733215332,0.5034471154212952,0.5192965865135193,0.6864576935768127,0.6843471527099609,0.7105493545532227,0.7663047313690186,0.6499516367912292,0.6890174746513367,0.5124256014823914,0.7127832770347595,0.40460658073425293,0.43823838233947754,0.29867392778396606,0.36890366673469543
314,17.260299995541573,119.13735853782565,389.6876950263977,392.99259436130524,379.7677515745163,408.45210468769073,375.24713957309723,445.10686123371124,352.8086420893669,492.51986932754517,299.5142566561699,486.7813501358032,256.63794481754303,434.68458592891693,385.08074724674225,437.9466385245323,376.8958424925804,429.4947512149811,384.61962962150574,202.36623895168304,198.12938421964645,198.6376246213913,204.51103365421295,204.0893372297287,215.80305474996567,216.2746206521988,196.65714132785797,210.73912370204926,160.53224658966064,181.74214112758636,298.911074757576,299.6203764677048,364.5519746541977,359.4126889705658,385.1133096218109,384.22027349472046,0.43732091784477234,0.511317789554596,0.5382620692253113,0.47278353571891785,0.5471769571304321,0.6760655045509338,0.490729957818985,0.630334198474884,0.742630124092102,0.5328447818756104,0.7363615036010742,0.5831459164619446,0.5355220437049866,0.4661993086338043,0.4964197874069214,0.3578987419605255,0.3172524571418762
315,17.35239999834448,121.78968100781759,385.3713878393173,392.239738881588,379.9129112958908,408.82744854688644,374.7608652114868,445.4998950958252,352.2741149663925,486.1750727891922,307.3870305418968,470.0438240766525,265.26823085546494,436.84603130817413,385.9120970964432,439.6316046118736,370.98307275772095,429.93178260326385,384.37659949064255,197.57518005371094,196.1773115992546,196.34561920166016,204.9427431821823,204.5630294084549,218.61883294582367,217.48965948820114,198.75090539455414,214.394087433815,167.30327606201172,186.0413817167282,304.4653010368347,304.89088809490204,367.7254046201706,361.017258644104,382.97560250759125,382.00665378570557,0.45688381791114807,0.5580638647079468,0.48290780186653137,0.46653950214385986,0.5121937394142151,0.6400066018104553,0.5035696029663086,0.6284142136573792,0.5155190825462341,0.5001114010810852,0.6710036396980286,0.7236766815185547,0.6987859010696411,0.41016554832458496,0.4683966636657715,0.2949455976486206,0.4089169204235077
316,39.09800003748387,120.73971132251127,392.8903081417084,400.4334217309952,390.5071088075638,415.10681080818176,378.63893669843674,446.83360356092453,356.7960383296013,473.9453662633896,307.2425131201744,430.8478624820709,274.6861636042595,435.5734215974808,387.4702090024948,442.3976413011551,377.6450582742691,430.90930914878845,390.21480894088745,191.43446338176727,190.03305113315582,189.86442685127258,198.79555720090866,200.86005103588104,219.69815200567245,220.90865176916122,208.13748115301132,217.5670951604843,179.33195394277573,187.85429632663727,303.5763666629791,304.2981244325638,372.004709482193,365.44651877880096,384.0623559951782,386.33288753032684,0.3285955786705017,0.4357224106788635,0.4330509603023529,0.47754284739494324,0.5096436142921448,0.6490246057510376,0.6298173069953918,0.5541720986366272,0.6472360491752625,0.4658815264701843,0.6307609677314758,0.7367250919342041,0.7158682942390442,0.3616582453250885,0.47250744700431824,0.23101793229579926,0.30497848987579346
317,21.382899954915047,87.70257073284279,400.84465408325195,407.33461034297943,394.70849788188934,420.02147364616394,388.7628905773163,445.1309742331505,364.0788332223892,462.8502285480499,308.99730253219604,424.1867333650589,281.61780792474747,437.2275573015213,387.31434428691864,443.8796674609184,377.2426040172577,432.06716132164,389.940921664238,196.01244223117828,194.64722192287445,193.86267113685608,201.5979745388031,200.24747228622437,219.7648658156395,220.89260667562485,222.20878690481186,223.44884341955185,198.45790147781372,204.06629502773285,301.0195870399475,302.0639054775238,371.4278099536896,366.14276123046875,383.731018781662,384.09260642528534,0.5779065489768982,0.5216326713562012,0.5319908261299133,0.5512928366661072,0.46220362186431885,0.5306805372238159,0.5995490550994873,0.5370135307312012,0.511360228061676,0.5251040458679199,0.5936011075973511,0.7486410140991211,0.7563350200653076,0.3658480644226074,0.45097875595092773,0.26751723885536194,0.31657886505126953
318,22.253099945373833,57.474784885773126,391.86161172389984,396.62632435560226,385.2881297469139,412.728803396225,378.9586145877838,443.7783714532852,363.435918033123,462.7351498603821,313.2230454683304,414.64622843265533,281.8443791270256,435.9326812028885,388.84521198272705,441.6182106733322,387.664825797081,431.3172497153282,395.47663474082947,203.3874699473381,201.00892055034637,201.03485810756683,204.76772499084473,205.06561481952667,222.21095842123032,224.71186673641205,237.20930564403534,230.4928958415985,224.29487526416779,215.5542351603508,299.1118495464325,299.49871122837067,370.03432977199554,367.03796887397766,388.3818339109421,390.7853105068207,0.4644429087638855,0.45629870891571045,0.44134682416915894,0.6042460203170776,0.588717520236969,0.6866282820701599,0.7158074378967285,0.5183948278427124,0.5250523090362549,0.22931261360645294,0.6024980545043945,0.6953476667404175,0.6908334493637085,0.5586239099502563,0.5533336997032166,0.21606385707855225,0.23966114223003387
319,19.60920001147315,34.885759828067094,391.16335171461105,398.37570774555206,383.79422104358673,416.3734792470932,378.05928802490234,448.7349175810814,362.91434395313263,457.96339869499207,336.8860069513321,383.0074307322502,320.4825569987297,438.5848702788353,389.9222414493561,437.53289049863815,383.2873395681381,433.86190712451935,392.98180907964706,205.56195712089539,202.2700287103653,202.9122245311737,206.40459597110748,206.9501894712448,219.68610310554504,229.0071563720703,237.1525446176529,239.34307688474655,227.5802891254425,227.7021051645279,301.9267078638077,301.8517905473709,363.27789771556854,362.0526497364044,386.35885524749756,387.1811361312866,0.5178831219673157,0.5038045048713684,0.548321008682251,0.6937284469604492,0.6008089184761047,0.5698718428611755,0.6914770007133484,0.5022231340408325,0.4501606225967407,0.30393823981285095,0.3459065854549408,0.6896042227745056,0.7015522122383118,0.4847981333732605,0.5082356333732605,0.31475430727005005,0.35110798478126526
320,17.60610000928864,20.988840252092896,387.0161031484604,396.75189393758774,381.84540361166,415.04092156887054,381.0736538171768,450.3276333808899,368.4395126104355,455.98431289196014,336.79801189899445,379.2957683801651,317.540851354599,439.01475608348846,388.89097583293915,432.85344314575195,379.2247139811516,435.523268699646,392.00339937210083,207.62538027763367,203.89794218540192,204.31187242269516,203.83644604682922,204.2165669798851,217.29113161563873,226.12867563962936,242.5182410478592,245.7320853471756,239.095116853714,245.92185175418854,294.362984418869,292.77325344085693,358.1879838705063,356.0044939517975,387.2373241186142,386.604568362236,0.5177715420722961,0.5435894131660461,0.5786678791046143,0.6306438446044922,0.6214179396629333,0.5260997414588928,0.6715028882026672,0.4664222002029419,0.48392194509506226,0.2866300344467163,0.493234783411026,0.7001270651817322,0.6676535606384277,0.552700400352478,0.5981862545013428,0.3786035478115082,0.30919942259788513
321,15.862699947319925,23.685557903543668,386.55862522125244,395.37927281856537,380.9568623304367,414.46317303180695,379.7135040163994,448.12344831228256,368.48436653614044,456.62538146972656,333.66929000616074,426.0908842086792,313.78058832883835,437.4204880595207,387.26809871196747,434.27656507492065,383.22118270397186,436.6335639357567,391.0366313457489,207.93473088741302,203.65607446432114,204.14787769317627,203.71131241321564,204.02886652946472,219.49722641706467,224.387963950634,251.11299747228622,256.07755148410797,255.122687458992,259.4993486404419,289.98451364040375,288.61208510398865,356.39093339443207,355.99387764930725,387.40863263607025,389.1909650564194,0.5639806985855103,0.5344974994659424,0.5748242735862732,0.6173515915870667,0.6018322110176086,0.5279610753059387,0.6085825562477112,0.39229997992515564,0.4936460256576538,0.24320945143699646,0.5535841584205627,0.7157651782035828,0.6958009004592896,0.5803033113479614,0.5715038776397705,0.30199772119522095,0.3511151671409607
322,16.242399986367673,23.178175086883268,388.7778508067131,396.7347391843796,381.5964054465294,412.9919321537018,375.92878007888794,442.99781680107117,368.2227632403374,452.8152599334717,334.96488869190216,419.6815365552902,318.0308992266655,436.24197524785995,387.4966503381729,430.7437564134598,385.1215867996216,438.3759355545044,390.6124727129936,206.61663550138474,202.31860131025314,202.33016765117645,205.2247537970543,204.83748495578766,223.8596671819687,228.30133813619614,255.2015255689621,257.3499997854233,273.32943511009216,273.8057210445404,290.53559625148773,289.4697436094284,353.23873603343964,352.5702407360077,387.4052245616913,387.86733531951904,0.6001431345939636,0.5209006667137146,0.5404707789421082,0.5889362692832947,0.5923951864242554,0.584079384803772,0.6148382425308228,0.42476686835289,0.4514845013618469,0.22592495381832123,0.44167575240135193,0.6708031296730042,0.6643548011779785,0.5016788244247437,0.5006141662597656,0.3167382776737213,0.3511064350605011
323,15.704599965829402,30.525809798267264,390.9926070570946,400.59314024448395,384.840634226799,417.1885575056076,377.8448134660721,442.684133708477,371.30486488342285,455.4847643375397,336.27951550483704,422.30878299474716,327.36897271871567,432.7564558982849,383.5787295103073,424.097025513649,376.7339026927948,434.09805929660797,387.0373525619507,206.80501455068588,202.1811774969101,201.72588288784027,203.81847071647644,203.6997309923172,226.52817434072495,228.89459943771362,257.7513382434845,263.1011403799057,285.30854511260986,281.39287877082825,295.1369490623474,292.5071220397949,353.7600507736206,349.8277361392975,388.2562177181244,387.4856309890747,0.36624670028686523,0.5266261696815491,0.5378095507621765,0.643254280090332,0.5410938858985901,0.4633689224720001,0.56118243932724,0.5293108224868774,0.4299367368221283,0.32142728567123413,0.33541572093963623,0.5800884962081909,0.5963724851608276,0.37678262591362,0.44029808044433594,0.30890142917633057,0.3223814368247986
324,16.57909998903051,22.65584275367041,389.79439705610275,399.29002130031586,382.51061195135117,416.50143069028854,376.32601565122604,446.28499937057495,364.62856143713,454.8657480478287,345.91518783569336,423.5527836084366,335.5712463259697,433.15205895900726,381.6015170812607,421.2558665275574,374.2783643603325,436.47205233573914,394.5044874548912,207.87249583005905,203.01666843891144,202.6571165919304,204.7139196395874,204.66720187664032,225.26135087013245,227.38960283994675,263.7722897529602,267.2607102394104,296.6253124475479,302.18201184272766,299.02827632427216,296.67040157318115,359.59214067459106,355.0244162082672,387.9879148006439,387.0756667852402,0.5372985601425171,0.5302259922027588,0.5791878700256348,0.6585249900817871,0.6246819496154785,0.5752059817314148,0.6514061689376831,0.5278915762901306,0.5387694239616394,0.40609651803970337,0.5413520336151123,0.6125032901763916,0.5863288044929504,0.326253205537796,0.46626654267311096,0.2941426634788513,0.24544721841812134
325,16.05189999099821,33.556039481415475,391.614246070385,399.8494910597801,383.9649121761322,416.26356571912766,376.19458508491516,444.09850430488586,361.5505276918411,461.03209233283997,350.1655522584915,434.4669533967972,335.40978825092316,429.0176831483841,379.4771377444267,426.9715573191643,374.71651977300644,434.5193543434143,394.73959589004517,207.45527815818787,202.46264523267746,202.13207709789276,203.6973785161972,204.2157677412033,225.0886549949646,227.07381308078766,266.6809756755829,270.0868182182312,307.6082091331482,305.8365533351898,299.8596353530884,298.92057514190674,360.27351427078247,358.42235684394836,388.3100230693817,387.6811579465866,0.5304672122001648,0.4952318072319031,0.5700556039810181,0.6278886795043945,0.6092211604118347,0.5415060520172119,0.6569139361381531,0.625187337398529,0.552818238735199,0.411034494638443,0.524350106716156,0.6140801310539246,0.6194062232971191,0.3876822590827942,0.4473286271095276,0.27193376421928406,0.24669769406318665
326,15.948700020089746,37.84252445497439,389.7748069167137,396.66997396945953,378.90591925382614,414.5711864233017,375.4268764257431,444.9583294391632,360.6251077055931,464.114541888237,350.0861212015152,451.15785920619965,331.5471319556236,428.63040322065353,375.9440882205963,427.9452568292618,373.80351758003235,434.6926681995392,393.37883055210114,204.45771086215973,197.4023333787918,197.83184123039246,202.65951430797577,203.45395755767822,225.18100476264954,228.67019432783127,265.2572149038315,271.0925922393799,307.47067975997925,305.7429368495941,300.09919583797455,300.35760629177094,358.5422124862671,358.2478212118149,388.7681225538254,388.52916526794434,0.548218309879303,0.5376029014587402,0.5521312355995178,0.5646729469299316,0.5411455035209656,0.5413818955421448,0.6291475892066956,0.49748173356056213,0.5380594730377197,0.4264516830444336,0.3858190178871155,0.6194048523902893,0.6291429996490479,0.4092468321323395,0.4342508316040039,0.32360318303108215,0.2914718985557556
327,17.287900031078607,44.648715889626395,388.3788489103317,393.28157567977905,377.6612763404846,412.4092593193054,373.672381401062,443.8312005996704,369.0142102241516,469.4272699356079,349.3858272433281,464.301718711853,335.61232674121857,434.00262427330017,381.43869411945343,431.41099870204926,384.83110678195953,431.6393897533417,401.64164090156555,204.58999240398407,197.13730281591415,197.25252890586853,202.95395082235336,203.12581729888916,227.41427367925644,230.50971001386642,261.49895334243774,273.21398282051086,302.68556237220764,301.5631296634674,299.69176506996155,299.88750314712524,358.8663716316223,356.93221402168274,388.67390286922455,387.902863740921,0.5833276510238647,0.5287668704986572,0.5108187794685364,0.5150396227836609,0.44612887501716614,0.5668909549713135,0.5939658880233765,0.47720450162887573,0.3472040891647339,0.34864547848701477,0.3233201801776886,0.5276482105255127,0.5150683522224426,0.4204012453556061,0.3677898049354553,0.2779892385005951,0.2623375952243805
328,15.78929997049272,49.14255533498458,391.7167999148369,402.58121824264526,385.9006427526474,413.0366522669792,377.7107334136963,438.69866436719894,370.02813374996185,467.19838309288025,352.83339738845825,490.1110850572586,333.4986791610718,433.41256499290466,390.9948551058769,426.1758818626404,393.08369386196136,423.210464656353,403.0000779032707,203.96658623218536,197.63444435596466,197.0690810084343,203.04797446727753,202.4152488708496,224.72390055656433,229.2619777917862,253.43201112747192,270.8169906139374,291.07871663570404,297.80785393714905,294.195325255394,295.163610458374,359.4537366628647,356.7847318649292,385.76189935207367,386.030775308609,0.41825875639915466,0.5863421559333801,0.3396252691745758,0.4957585334777832,0.477055162191391,0.582586944103241,0.6014420390129089,0.42907747626304626,0.41942906379699707,0.36706283688545227,0.3304975628852844,0.47013747692108154,0.4183438718318939,0.3670533001422882,0.31502765417099,0.31450819969177246,0.25706467032432556
329,15.649599954485893,55.661485083288284,392.1965709924698,403.6590773463249,386.84238785505295,413.6309667825699,377.25338929891586,437.44583213329315,366.6849908232689,477.59014916419983,349.15082585811615,505.7105631828308,327.35005164146423,434.10565984249115,382.9569299221039,427.8990647792816,383.4889413714409,426.51025235652924,390.70418775081635,202.7791588306427,196.686909198761,195.7575604915619,202.9241527915001,202.35589408874512,224.46270030736923,227.8684071302414,254.97623074054718,269.13587498664856,285.2144762277603,293.5337064266205,290.40319406986237,291.2805470228195,359.4643529653549,355.3348525762558,385.8814835548401,386.90508210659027,0.38588380813598633,0.5851264595985413,0.5183889269828796,0.4959588944911957,0.48236843943595886,0.5888199806213379,0.6085257530212402,0.45080241560935974,0.48127350211143494,0.5294501185417175,0.3914574086666107,0.5324189066886902,0.5551422238349915,0.4165286123752594,0.4205417335033417,0.3084045350551605,0.2612965404987335
330,15.58050001040101,63.15115019960242,394.28749722242355,400.94169485569,381.7943407893181,412.80480885505676,373.9668757915497,433.31193804740906,361.83560168743134,485.4078993797302,345.4537758231163,520.2937091588974,321.57896250486374,433.6391361951828,379.263011097908,430.78935968875885,376.1928722858429,430.3621768951416,389.18442648649216,202.63767850399017,196.8606606721878,196.3667311668396,202.93942880630493,202.8304307460785,223.9027054309845,227.96077197790146,249.9487178325653,267.4296361207962,282.2913738489151,285.4764153957367,289.5591678619385,291.1021509170532,358.60117518901825,354.9288694858551,387.86112236976624,387.6722004413605,0.44952526688575745,0.6073219180107117,0.5683037042617798,0.5033124685287476,0.50399249792099,0.5905899405479431,0.64668869972229,0.539500892162323,0.5113017559051514,0.6038118004798889,0.4556116461753845,0.5907012224197388,0.6217576265335083,0.4785764515399933,0.5104035139083862,0.2832033038139343,0.28591108322143555
331,15.605899970978498,65.18124967105109,389.721683382988,401.3222841620445,381.93272960186005,412.5863734483719,375.20651412010193,431.9535545706749,359.45042192935944,491.92199540138245,343.92959874868393,543.5333416461945,314.8733541369438,435.00327360630035,382.9048501253128,431.76182812452316,381.6197690963745,430.93778443336487,391.93978494405746,203.56102538108826,197.60193192958832,196.97668600082397,203.04109799861908,202.9208351969719,222.71262395381927,226.3083233833313,247.15565007925034,265.674357175827,275.72899091243744,273.3443341255188,288.77769339084625,289.7894390821457,358.70881605148315,355.4697278738022,386.29322719573975,387.63821017742157,0.34642156958580017,0.6153587102890015,0.6023798584938049,0.5623389482498169,0.5391683578491211,0.6430906057357788,0.6877296566963196,0.6206758618354797,0.46311599016189575,0.5146848559379578,0.45117324590682983,0.6670578718185425,0.6938122510910034,0.5160452127456665,0.5715869069099426,0.31154632568359375,0.3589782118797302
332,15.404900012072176,72.69977673517879,392.61535036563873,397.6086146235466,379.5053989291191,411.0474502444267,374.5629833936691,429.6572530269623,362.40435802936554,511.2842254638672,336.27242344617844,565.2874420881271,317.53742575645447,431.44589698314667,390.64231288433075,423.1983947753906,383.9087109565735,427.5229983329773,393.57890689373016,204.34034341573715,198.26149988174438,197.6521784067154,204.62408822774887,203.45468139648438,223.9642015695572,225.4202938079834,246.91815555095673,257.5870268344879,274.3306851387024,268.3353695869446,288.24190187454224,288.71218597888947,354.15390956401825,348.5031111240387,386.02018916606903,385.42992877960205,0.5264545679092407,0.5663508772850037,0.5685083866119385,0.5471910238265991,0.5428963303565979,0.5695637464523315,0.6228358149528503,0.5851227045059204,0.4889298975467682,0.36849161982536316,0.3679017722606659,0.6248815655708313,0.563829779624939,0.5084841251373291,0.4637121260166168,0.37746796011924744,0.3049516975879669
333,15.502299997024238,77.77479528296055,392.06356143951416,397.4901103377342,380.1115157008171,411.2432713508606,375.084530711174,432.6731442809105,358.0252660512924,506.23575019836426,335.9071958065033,568.9669091701508,313.3999187350273,434.8441438674927,383.39591497182846,430.39734280109406,378.37733340263367,430.0270035266876,388.2746893167496,202.86532580852509,197.73104667663574,197.07000088691711,204.64532083272934,203.54967015981674,224.4468361735344,223.9360020160675,237.81536984443665,250.99563002586365,254.94981062412262,252.08865678310394,289.031911611557,288.8711289167404,356.5825093984604,349.6630929708481,385.1080014705658,384.77687537670135,0.46284544467926025,0.5977455377578735,0.6120615601539612,0.5882550477981567,0.5264397263526917,0.68682861328125,0.6918477416038513,0.6739897131919861,0.3764396607875824,0.4265769422054291,0.3365359306335449,0.7068220973014832,0.6899481415748596,0.5073285102844238,0.5215157866477966,0.31712400913238525,0.4601840078830719
334,15.752999985124916,79.18365631237785,389.7572774887085,396.0068531036377,379.2907637953758,411.1561326980591,375.38662564754486,432.5970585346222,359.9653856754303,497.9732074737549,344.6141563653946,565.9524363279343,301.99473762512207,435.0176718235016,386.11254811286926,432.7724598646164,381.2276183962822,431.567318379879,388.47254437208176,203.74438279867172,198.1049546599388,197.9634894132614,203.51130670309067,203.3218418955803,221.9608268737793,223.0968315601349,232.07825362682343,248.58349752426147,241.89465391635895,246.3295841217041,290.61850595474243,290.62408554553986,354.8401389122009,348.96528220176697,385.7363237142563,384.22503876686096,0.5160130858421326,0.5663189888000488,0.5965923070907593,0.5541338324546814,0.5255065560340881,0.6440244913101196,0.6869552731513977,0.6149804592132568,0.33274224400520325,0.5329740047454834,0.3506331741809845,0.7361062169075012,0.7235592007637024,0.5662742257118225,0.5185187458992004,0.33940717577934265,0.4487103223800659
335,15.657400013878942,80.62613294957791,390.2479408979416,401.31074953079224,383.68797397613525,412.38693940639496,375.75551974773407,431.13248151540756,362.20976799726486,499.99067068099976,352.92631673812866,570.5045745372772,325.4342323541641,435.5046152472496,385.350031375885,432.02856981754303,382.21012276411057,432.18015253543854,389.2008051276207,202.455060005188,197.7403359413147,196.65305465459824,205.1130564212799,204.04451954364777,222.0247358083725,224.01263844966888,228.99862110614777,252.19457852840424,232.0073174238205,234.78604412078857,291.69768929481506,291.8490620851517,352.4518930912018,346.77268397808075,386.1180582046509,383.18922543525696,0.36563751101493835,0.6071039438247681,0.6014682054519653,0.5809305906295776,0.5453580617904663,0.61359703540802,0.6212805509567261,0.5048274397850037,0.2149406224489212,0.4270423650741577,0.2884376347064972,0.6760610342025757,0.6640766263008118,0.5132794976234436,0.42381104826927185,0.3504813015460968,0.4563332498073578
336,16.224099963437766,90.23691417815209,391.8090502023697,398.39181876182556,384.32765090465546,410.8668302297592,377.07994163036346,439.334086060524,361.35334169864655,515.7403398752213,328.2840088605881,589.4772498607635,284.3823994398117,435.92524123191833,385.59472078084946,432.02923887968063,381.94113302230835,430.1674530506134,387.42776370048523,198.59359109401703,196.00963735580444,195.4936910867691,203.9750611782074,203.08532756567,220.6307429075241,219.72891515493393,224.10408341884613,234.84542906284332,219.35928988456726,225.7487205862999,289.3531150817871,289.6111636161804,349.46717393398285,346.0206456184387,385.54586362838745,382.3906502723694,0.4702705144882202,0.6087436079978943,0.6107500791549683,0.54335618019104,0.5409207344055176,0.6428499817848206,0.5486888289451599,0.6959100365638733,0.2534942030906677,0.5632936954498291,0.2772226929664612,0.6791528463363647,0.6600985527038574,0.47842705249786377,0.5377859473228455,0.3929364085197449,0.4446386694908142
337,15.405799960717559,95.32633610240855,390.3351330757141,400.15198743343353,386.1888211965561,411.6242353320122,378.4708682894707,443.52262914180756,360.8541142940521,515.0473520755768,299.1163252592087,572.895695567131,259.49082577228546,436.1151478290558,388.01145350933075,432.70887219905853,383.0748721957207,430.97894513607025,388.8346140384674,201.4012713432312,196.23541474342346,195.81937330961227,203.6962022781372,203.0473712682724,220.22638845443726,219.94286984205246,221.35007280111313,224.11678075790405,206.88507413864136,215.70022439956665,288.121985912323,288.2473909854889,351.12045192718506,348.4626967906952,385.53425204753876,385.12434816360474,0.2974100708961487,0.6401017904281616,0.5929656624794006,0.5585386157035828,0.5831588506698608,0.7357556819915771,0.7415435314178467,0.6989420652389526,0.5302128791809082,0.5987119078636169,0.5428173542022705,0.7120852470397949,0.7123388051986694,0.5000246167182922,0.5634040832519531,0.37313029170036316,0.42863935232162476
338,15.61460003722459,96.7774662724515,393.90059196949005,404.3766598701477,390.39976447820663,415.0948212146759,381.4017083644867,444.4746510386467,365.5841695070267,520.2932809591293,304.78336185216904,566.7547221183777,266.9425454735756,439.57890927791595,390.382850587368,438.71290200948715,384.9187003970146,428.72985261678696,391.2306861281395,201.35790133476257,196.81680810451508,196.03320735692978,204.5566656589508,204.0548644065857,219.6801314353943,220.7336184978485,215.86405324935913,222.89822828769684,197.0401274561882,209.76557558774948,291.56546807289124,290.9413380622864,361.0496805906296,356.4402449131012,386.975053191185,387.53216779232025,0.3568311035633087,0.6346073150634766,0.6000952124595642,0.6205856800079346,0.616808295249939,0.5825509428977966,0.7369376420974731,0.7424625158309937,0.4818927049636841,0.7602993845939636,0.6049832701683044,0.7373998165130615,0.740098237991333,0.5838060975074768,0.567891538143158,0.277980238199234,0.34065189957618713
339,16.510299989022315,98.19290289153942,398.3160274028778,407.22381365299225,394.0716577768326,418.4284634590149,383.857193171978,445.6625574827194,364.6358675956726,517.9110985994339,304.4633895754814,557.6407041549683,265.7213197350502,439.572860956192,390.39015674591064,441.20459645986557,384.96272468566895,434.3202414512634,391.52649188041687,200.86192095279694,197.28718268871307,196.4807357788086,205.86452174186707,205.51345992088318,219.94231188297272,220.0215722322464,215.60019892454147,219.49006342887878,186.6119024157524,200.27624487876892,293.1740188598633,292.96488976478577,360.4509150981903,356.8616397380829,386.5501899719238,386.6003158092499,0.3639909029006958,0.5397697687149048,0.5620723366737366,0.7319925427436829,0.6816454529762268,0.5978976488113403,0.6788778305053711,0.6778814196586609,0.6322726011276245,0.7006633281707764,0.5527063012123108,0.7171714305877686,0.7319868206977844,0.6092826724052429,0.6106768250465393,0.3714252710342407,0.39242181181907654
340,18.998300016392022,102.97997037648662,397.7567717432976,406.64472699165344,394.69768583774567,418.57126808166504,384.8721336722374,443.81728410720825,366.8146550655365,506.09968972206116,306.820736348629,537.6259511709213,264.8097091913223,435.9855103492737,389.44819754362106,437.628700196743,383.5817804336548,440.10765570402145,389.18118822574615,200.54753363132477,197.3253048658371,196.01762974262238,205.42067283391953,204.61565852165222,219.4422749876976,218.69706785678864,211.92278110980988,216.10718768835068,185.6474324464798,195.0145399570465,292.7763900756836,293.0202031135559,356.10055339336395,353.78393745422363,386.50090861320496,385.63739907741547,0.33515605330467224,0.5271746516227722,0.585974395275116,0.7000856995582581,0.6291130185127258,0.5126333832740784,0.5873023271560669,0.7406324744224548,0.615297794342041,0.5071614384651184,0.6975573301315308,0.6988300085067749,0.7007369995117188,0.41830554604530334,0.48615774512290955,0.29913249611854553,0.3235046863555908
341,17.101600009482354,106.99488752762613,401.06180489063263,406.7153531908989,395.0501210093498,422.7093371152878,387.81814807653427,447.14779514074326,369.5383267402649,513.1601686477661,308.46727150678635,521.0287140607834,259.23992747068405,436.9619931578636,390.3428941965103,441.5955428481102,383.0795021057129,433.6457197666168,390.1234685778618,198.28145068883896,196.5792834162712,196.7554326057434,203.54853916168213,203.5729385614395,216.80466669797897,219.5972820520401,205.69846105575562,211.10823625326157,171.87376016378403,189.3629573583603,294.75545585155487,294.3765563964844,364.11625385284424,356.69744896888733,385.6193935871124,385.2510199546814,0.46119198203086853,0.3977361023426056,0.4901958107948303,0.6716200113296509,0.5999237895011902,0.5064769387245178,0.6943411827087402,0.6940584778785706,0.6036838889122009,0.5863412618637085,0.7372506856918335,0.6951225399971008,0.702447235584259,0.544163703918457,0.42942187190055847,0.3765965700149536,0.4677281975746155
342,19.353299983777106,113.67098906751572,399.19073247909546,406.91031789779663,393.95095896720886,423.303838968277,390.1662617921829,450.1277176141739,372.35596150159836,509.07749795913696,314.1562533378601,498.883239030838,265.9612186551094,438.2597863674164,390.91628044843674,441.0247793197632,381.2281268835068,435.09421253204346,390.18376445770264,197.6919443011284,196.06680554151535,196.10191172361374,203.3124319911003,202.51933085918427,216.92170238494873,218.92883199453354,201.34883826971054,215.61677181720734,165.54407632350922,184.521169424057,292.94208884239197,292.50778555870056,363.88685727119446,359.3168406486511,384.96003675460815,383.63743245601654,0.5116724967956543,0.4995199143886566,0.4572086036205292,0.6545787453651428,0.5730145573616028,0.5529077649116516,0.7031227946281433,0.7114381790161133,0.5366503000259399,0.6894999742507935,0.6562970280647278,0.7137265801429749,0.7083212733268738,0.5235084295272827,0.573341965675354,0.3839569687843323,0.46564897894859314
343,16.550400003325194,123.47723100124344,401.64801037311554,408.3220925331116,395.9983426332474,426.90419614315033,390.3117426633835,452.92327332496643,370.53116142749786,497.46541607379913,317.16317915916443,474.37260258197784,267.86874157190323,435.1453288793564,388.44489872455597,437.5952738523483,379.50036758184433,436.11619156599045,390.38828337192535,196.76885378360748,195.253316283226,195.02399510145187,203.76078981161118,202.396353662014,218.4407685995102,218.3552349805832,202.16510224342346,216.72192287445068,164.4621785879135,184.29115456342697,293.036097407341,291.91643941402435,362.8788514137268,356.27376198768616,383.7663059234619,382.92399883270264,0.5027983784675598,0.5185596346855164,0.4398896396160126,0.5908948183059692,0.5583644509315491,0.629551351070404,0.6823842525482178,0.5779088735580444,0.5203775763511658,0.534902036190033,0.7131901979446411,0.7098332643508911,0.7172626256942749,0.5074599385261536,0.4487248361110687,0.39909663796424866,0.3398081064224243
344,16.84269995894283,127.59135250207326,400.01991456747055,408.7349573969841,396.51852506399155,426.4899396300316,389.90918135643005,452.9386885166168,370.88046538829803,485.00041377544403,327.16522991657257,454.41940331459045,281.7880976200104,437.3602992296219,388.2960993051529,435.4528298377991,373.49178814888,434.8945108652115,390.331359565258,196.81784862279892,194.6972874403,193.37230050563812,203.3155233860016,202.8655972480774,219.89275908470154,220.59720504283905,203.78170573711395,216.95451641082764,172.18525213003159,188.99236696958542,300.70076620578766,297.97711157798767,366.22552013397217,362.2753508090973,379.92908561229706,381.32708978652954,0.5363137722015381,0.482058584690094,0.5702601671218872,0.5613213181495667,0.6435536742210388,0.6226251721382141,0.5768898725509644,0.6646342873573303,0.6678748726844788,0.6030735969543457,0.51023930311203,0.7298130989074707,0.5532005429267883,0.3739997446537018,0.4352847635746002,0.32326430082321167,0.26899564266204834
345,17.854000034276396,126.23366282445608,409.18716311454773,412.9939661026001,404.26669281721115,426.51806700229645,396.50120973587036,453.1918616294861,367.98342633247375,468.4071910381317,328.1210253238678,424.89318269491196,291.5049138069153,437.6543118953705,390.2003036737442,435.31928503513336,376.8178030848503,443.06782746315,390.52950900793076,192.63593024015427,191.46047633886337,190.20761692523956,199.51402753591537,198.4326726794243,218.17735159397125,219.99554419517517,210.92631143331528,219.8328915834427,186.53157138824463,192.96634757518768,299.9926708936691,296.72091948986053,363.79194390773773,361.3542960882187,380.60246682167053,380.48209846019745,0.39303210377693176,0.43682238459587097,0.4058160185813904,0.4764345586299896,0.517062246799469,0.6686927676200867,0.46485650539398193,0.5365406274795532,0.6601358652114868,0.46287617087364197,0.6178713440895081,0.7240556478500366,0.5846248865127563,0.37694597244262695,0.47282344102859497,0.29426226019859314,0.4039257764816284
346,16.567799961194396,46.99442369700703,394.3727357387543,402.12127816677094,390.8817033171654,423.3845546245575,394.06122040748596,448.4673997759819,379.1118565797806,456.6313762664795,328.57778066396713,415.12294858694077,297.9725501537323,441.7456268668175,392.6281963586807,439.92438620328903,379.91564106941223,441.64299273490906,390.3918695449829,197.02605783939362,194.7946588397026,194.63523334264755,200.86054867506027,199.13366532325745,217.86895102262497,218.03265923261642,226.8974678516388,225.5125681757927,200.01098811626434,212.23457467556,296.70882534980774,295.9645380973816,360.54622054100037,357.572389125824,382.7913855314255,380.5216381549835,0.3934536576271057,0.5726638436317444,0.4249739646911621,0.5059407353401184,0.51671302318573,0.6142715811729431,0.6016148328781128,0.4301551580429077,0.5852797031402588,0.26058393716812134,0.4960336983203888,0.5904653072357178,0.5317497849464417,0.46213433146476746,0.4805764853954315,0.26130369305610657,0.39433854818344116
347,15.723199991043657,1.4869350985081322,391.7731884717941,398.97797071933746,388.1886211633682,423.64586353302,390.52611017227173,457.1564562320709,370.9684604406357,454.10082268714905,327.66301214694977,355.76271200180054,302.12884443998337,440.4012134075165,390.7136349081993,432.4933003783226,384.7077049612999,435.5544202327728,396.46631145477295,196.2879986166954,193.67771524190903,193.9888905286789,200.19137477874756,199.54275488853455,220.43489927053452,221.67973613739014,236.9010860323906,229.3174268603325,219.48303616046906,217.7746106982231,299.26388585567474,298.5756357908249,364.5262783765793,359.29823195934296,381.4437484741211,380.94417905807495,0.4965248703956604,0.5974158644676208,0.5070099830627441,0.5165880918502808,0.5146533250808716,0.7071486711502075,0.5595688223838806,0.4897399842739105,0.5453271269798279,0.2717694938182831,0.4702420234680176,0.6540794372558594,0.5817738771438599,0.47326552867889404,0.5079218745231628,0.36529475450515747,0.43755945563316345
348,17.607899964787066,37.04411163942048,404.3951527476311,413.34391236305237,397.0877363681793,431.68761575222015,394.325687289238,463.94411838054657,374.516951918602,442.561347424984,351.2171306014061,348.5495263338089,323.6144368648529,439.68140959739685,396.0857221484184,428.7444916963577,383.38542407751083,433.27893990278244,392.12538278102875,201.54312866926193,196.4753371477127,197.24182212352753,202.66684317588806,202.6680344939232,222.18542802333832,224.89487731456757,237.2982473373413,232.14373087882996,227.33713960647583,229.0652745962143,298.19151866436005,297.1725345849991,356.73620450496674,350.8167713880539,381.82846879959106,381.862579703331,0.26389163732528687,0.5170758366584778,0.5392680764198303,0.5163825750350952,0.4008900225162506,0.6951670050621033,0.6359114050865173,0.4881662428379059,0.334699422121048,0.44158297777175903,0.336582213640213,0.4910631477832794,0.6465288996696472,0.4352615177631378,0.5848308205604553,0.38902148604393005,0.3741074204444885
349,16.609199985396117,15.901520979813242,407.5873017311096,417.12240064144135,400.0601653456688,432.52656614780426,394.47055262327194,462.0325810909271,372.40833568573,450.6302635669708,347.4662076830864,371.40602707862854,344.41903108358383,445.89940547943115,393.06185567379,432.5004727244377,386.1513001918793,432.25428462028503,393.70142555236816,202.14947938919067,197.3475176692009,197.69340705871582,201.56605023145676,201.99457788467407,220.5825623869896,224.6840140223503,242.2763733267784,241.67949283123016,235.91716289520264,239.80396616458893,297.63974237442017,296.088947892189,357.62504839897156,350.6417531967163,383.2755432128906,383.43801486492157,0.3188285827636719,0.5478049516677856,0.5715500116348267,0.4707619845867157,0.4176185727119446,0.6814895868301392,0.6407884955406189,0.5002875328063965,0.38143834471702576,0.44686949253082275,0.4842108488082886,0.6642786860466003,0.6196397542953491,0.4215299189090729,0.6043990850448608,0.3852781653404236,0.48964688181877136
350,16.544000012800097,6.05698706890711,406.6884568929672,416.1768820285797,399.59554183483124,430.9438862800598,394.54088443517685,459.57353687286377,373.40826243162155,456.3824851512909,335.2954589128494,378.70099890232086,340.5487742424011,444.15577602386475,390.3222603201866,429.758629322052,384.4484032392502,432.83331775665283,391.98549526929855,202.58437079191208,197.62904572486877,197.40411281585693,202.93276345729828,202.25871872901917,221.99376153945923,224.28192156553268,252.67443841695786,256.05378544330597,248.36013293266296,252.6020394563675,294.5604717731476,292.1501488685608,356.45242953300476,354.8969602584839,384.28288555145264,386.4197481870651,0.3366130590438843,0.5219852328300476,0.5677742958068848,0.44854316115379333,0.41407454013824463,0.6851202249526978,0.6243627071380615,0.47359827160835266,0.5212528705596924,0.24841786921024323,0.4995758533477783,0.6336599588394165,0.528529703617096,0.4545198678970337,0.5726649761199951,0.34922343492507935,0.4063482880592346
351,15.850999974645674,5.4939378688533,405.01414227485657,414.4015657901764,397.80047488212585,428.5476803779602,393.2573556303978,458.813964009285,370.44605672359467,454.7996447086334,338.00898760557175,391.29494285583496,332.7045826911926,444.421634554863,389.9167283773422,430.75328385829926,387.310222864151,433.88912457227707,390.7839934825897,201.66388911008835,196.36048805713654,196.1348614692688,202.5622183084488,201.46756291389465,222.72085762023926,222.83490747213364,258.5109165906906,257.8526153564453,269.84185910224915,273.1382210254669,291.05486011505127,288.8834944963455,352.1177510023117,348.91340708732605,384.33325266838074,382.96800220012665,0.33702316880226135,0.5358394980430603,0.5298905968666077,0.392630934715271,0.4145527184009552,0.6450010538101196,0.5388946533203125,0.5404858589172363,0.4577743709087372,0.2584984600543976,0.5067777633666992,0.6886923313140869,0.5837295055389404,0.5056134462356567,0.5124117136001587,0.38411834836006165,0.43381693959236145
352,15.310399990994483,3.3078678614389294,407.4323737025261,418.2329635024071,400.1943792104721,428.8279906511307,392.165633559227,458.0152108669281,368.79850459098816,449.670667886734,345.28969502449036,410.3645786643028,334.2724361419678,446.27793407440186,391.0096279978752,429.6368064880371,391.4912189245224,441.49844855070114,394.5799309015274,203.42271184921265,197.6978405714035,196.8434695005417,204.726813018322,203.8059241771698,226.24106669425964,227.7640838623047,262.28908371925354,267.4004111289978,283.40364265441895,291.93510842323303,294.7224910259247,293.30605912208557,354.56839776039124,349.23654079437256,383.4667271375656,381.9488673210144,0.3940794765949249,0.5256695747375488,0.5464524626731873,0.4258609116077423,0.4600408673286438,0.6514527201652527,0.5153241157531738,0.3915502727031708,0.4735985994338989,0.23327858746051788,0.3757671117782593,0.6146029829978943,0.5374287962913513,0.4333980977535248,0.4269181191921234,0.27588239312171936,0.3947652578353882
353,15.842099965084344,15.378802018987093,408.2003499865532,417.83495181798935,401.18386858701706,430.7038535475731,392.38072365522385,456.3263909816742,368.40450727939606,458.8052394390106,351.3556799888611,430.7014716863632,337.74650114774704,441.8978251218796,389.9941254854202,432.76951599121094,390.11675119400024,435.9954392313957,393.5378264784813,204.90017241239548,200.82091850042343,198.10542213916779,205.0720992088318,204.16264098882675,226.9528113603592,227.8836680650711,263.09703862667084,270.5995373725891,291.4090585708618,305.25277733802795,298.15463304519653,297.1779935359955,354.86990678310394,353.34851825237274,382.59374737739563,383.72115647792816,0.4034057855606079,0.4930841326713562,0.542843759059906,0.46412041783332825,0.4396927058696747,0.6226332783699036,0.4645017087459564,0.5085515379905701,0.662690281867981,0.26079311966896057,0.3065609633922577,0.5601310133934021,0.48866286873817444,0.4393070936203003,0.4568336009979248,0.4063553512096405,0.287047803401947
354,17.288500035647303,23.90464287303487,407.3841744661331,418.7019225358963,399.07209438085556,431.79798424243927,393.9414047598839,459.2410397529602,367.9540678858757,466.9542557001114,350.2170432806015,448.0579605102539,337.89950227737427,441.7276692390442,386.3396010398865,441.9353461265564,387.23325395584106,436.3092293739319,393.6495866179466,203.9143642783165,197.46502083539963,196.89385169744492,203.73927068710327,203.26681506633759,227.1430904865265,228.45141404867172,267.83109521865845,272.63334345817566,303.688712477684,309.67926275730133,301.985218167305,301.698849439621,360.6189663410187,358.22125029563904,382.61488950252533,381.558567404747,0.3745118975639343,0.5250000953674316,0.5793687701225281,0.461560994386673,0.520090639591217,0.649142324924469,0.45159122347831726,0.47012758255004883,0.523155927658081,0.3694891631603241,0.4616054594516754,0.5860131978988647,0.5937333106994629,0.4488293528556824,0.46124112606048584,0.27648425102233887,0.2911622226238251
355,16.363700036890805,39.37981277506982,409.07433247566223,420.1018681526184,400.4058563709259,431.5790135860443,392.7571112513542,457.96596789360046,371.02359116077423,476.08267188072205,351.6625386476517,455.28147649765015,333.9675579071045,438.5055730342865,383.9649121761322,439.2226470708847,393.20862114429474,436.52555054426193,389.39467257261276,203.7960166335106,197.2060524225235,196.7112181186676,203.17763209342957,203.85289829969406,227.0502883195877,232.5442851781845,265.89723920822144,271.57557368278503,308.0853998661041,310.5367704629898,302.9683722257614,303.87115001678467,359.38943564891815,358.57704722881317,383.9549865722656,383.9410526752472,0.4038451015949249,0.5602128505706787,0.5161420702934265,0.4545578956604004,0.5366630554199219,0.6465718746185303,0.5091956257820129,0.5747622847557068,0.46404314041137695,0.3974137008190155,0.4833163619041443,0.5776513814926147,0.5936169028282166,0.43605947494506836,0.4252641797065735,0.3396078646183014,0.2722183167934418
356,16.593599983025342,41.33939359961693,408.2847053408623,418.9526602625847,399.6140614748001,430.9431369304657,389.71946209669113,459.62561666965485,369.0121762752533,484.2528840303421,353.87336081266403,477.69216775894165,333.9319905638695,444.7178417444229,384.4496878385544,442.25935953855515,393.3262957930565,441.1539618372917,399.7984014749527,202.7160038948059,195.9141811132431,195.69534051418304,203.67477363348007,203.63096630573273,227.43123865127563,232.74661320447922,269.86568546295166,273.7938380241394,303.75889468193054,310.08847296237946,302.65060698986053,303.35070991516113,349.5357275009155,348.4305462837219,383.88670444488525,381.1132858991623,0.4273591637611389,0.6126445531845093,0.501090943813324,0.44381171464920044,0.6229708194732666,0.6445959210395813,0.5370071530342102,0.5367532968521118,0.5283113718032837,0.47163403034210205,0.45701175928115845,0.5573495626449585,0.5711974501609802,0.393742173910141,0.34945952892303467,0.33383622765541077,0.41824257373809814
357,17.722399963531643,,404.65370512008667,407.1021246314049,402.3306946158409,416.05072367191315,399.9414737224579,423.2058882713318,415.7884513139725,482.4707701206207,360.01160448789597,501.4204832315445,333.3478190302849,419.01750576496124,418.8852187991142,409.66693419218063,427.04625141620636,415.8923968076706,427.64444649219513,202.98792600631714,196.37710618972778,195.66991567611694,204.68737888336182,202.67893731594086,228.47956836223602,229.2655668258667,265.51251888275146,274.1932764053345,299.14704620838165,311.249178647995,297.6541588306427,298.46069622039795,368.1118139028549,369.27251958847046,383.601723074913,383.5976514816284,0.35501354932785034,0.4768011271953583,0.44282594323158264,0.4990099370479584,0.32129913568496704,0.4134160876274109,0.4284115135669708,0.29942676424980164,0.2631947696208954,0.2893507778644562,0.3852180540561676,0.41112980246543884,0.4084536135196686,0.2578221559524536,0.32447195053100586,0.23633280396461487,0.3809273838996887
358,15.568899980280548,43.70499461112071,403.8922588825226,401.56617069244385,410.6066988706589,396.53600096702576,426.05571830272675,368.24714386463165,459.1011790037155,346.71086329221725,493.7341368198395,325.1128951907158,512.2930641174316,388.644975066185,446.0609170794487,394.6958124637604,447.8257156610489,395.4628252983093,439.2011567950249,202.7442034482956,197.8701896071434,197.03757894039154,203.5921956896782,203.56090474128723,229.79071187973022,226.07413136959076,271.3630666732788,257.4443702697754,303.01801550388336,280.00820529460907,299.4606192111969,297.96302688121796,367.23798966407776,367.0191490650177,384.6856415271759,385.4802054166794,0.33734869956970215,0.4799759089946747,0.45208898186683655,0.5161935091018677,0.5719757676124573,0.6460690498352051,0.7181404829025269,0.5395951867103577,0.4547727108001709,0.31813693046569824,0.3843368589878082,0.5873275399208069,0.4646434783935547,0.39233672618865967,0.5170886516571045,0.31463444232940674,0.25292015075683594
359,15.59680001810193,47.562962922608975,403.3344216346741,395.73435747623444,409.253534078598,394.79815220832825,427.8235945701599,369.6697840690613,457.41648054122925,342.97538232803345,504.04920160770416,317.7440321445465,542.9905984401703,388.31006932258606,443.4572483897209,393.78513860702515,447.639288187027,396.2885550260544,437.8871187567711,197.70666235685349,195.41909044981003,195.30989634990692,202.53436559438705,202.41461551189423,228.39904129505157,224.42492496967316,270.10557770729065,253.49127542972565,294.87908148765564,285.32272028923035,298.25045120716095,296.58293771743774,359.5349272489548,363.24315345287323,385.7916672229767,385.81856989860535,0.3755587637424469,0.46464109420776367,0.432075560092926,0.560658872127533,0.558603823184967,0.6823298931121826,0.694871187210083,0.6536385416984558,0.4873981475830078,0.2736741602420807,0.4330254793167114,0.6308189034461975,0.4979751408100128,0.45915937423706055,0.4887055456638336,0.39324676990509033,0.260329931974411
360,15.29900002060458,53.15139102318961,396.24958884716034,392.9098715186119,402.3649238348007,395.5220239162445,420.8125459551811,366.49639558792114,454.2566874027252,339.5125843286514,514.7926802635193,315.8558317422867,560.9184663295746,389.863845705986,444.73927849531174,400.2272970676422,442.11505621671677,406.66985696554184,430.45721048116684,198.43464815616608,195.09859573841095,194.46695590019226,200.8215970993042,201.55511724948883,226.78171396255493,224.80343234539032,266.5452860593796,252.69134306907654,280.14130115509033,283.4453237056732,294.6829513311386,291.8136543035507,363.0130933523178,368.3378928899765,385.44748187065125,386.0289958715439,0.3977292776107788,0.434597373008728,0.3988531529903412,0.5041014552116394,0.5138776898384094,0.6336491703987122,0.650230884552002,0.5382721424102783,0.6434420943260193,0.36207956075668335,0.5803037881851196,0.572108805179596,0.6497434973716736,0.5020070672035217,0.5137912631034851,0.33565911650657654,0.25562813878059387
361,16.242299985606223,67.78864707950898,398.5047564506531,390.3543485403061,401.4248112440109,392.73722672462463,421.35488772392273,364.48530185222626,458.12119030952454,325.9163852930069,528.6067259311676,289.88944989442825,586.5347681045532,390.744037091732,449.1687642335892,399.74321722984314,448.2546112537384,407.6588646173477,435.3571004271507,198.41590374708176,195.4060613512993,194.77776926755905,201.06032818555832,201.3145011663437,227.03196614980698,224.77123659849167,262.4288147687912,248.63306540250778,277.05436992645264,276.4447166919708,297.893146276474,296.1485137939453,368.58942687511444,375.2598729133606,385.07162857055664,385.25741386413574,0.3403869867324829,0.44822120666503906,0.43348321318626404,0.5866897106170654,0.5460925698280334,0.6396083235740662,0.6904744505882263,0.5131568312644958,0.531121551990509,0.34067094326019287,0.4187775254249573,0.6340667009353638,0.6353668570518494,0.4742393493652344,0.5065066814422607,0.3507739007472992,0.26175457239151
362,15.322300023399293,64.6325703774864,403.6118950843811,394.92447113990784,407.53974479436874,393.82196378707886,423.49982064962387,369.38149857521057,458.2706320285797,338.9834899902344,515.8142578601837,302.88774824142456,589.183558344841,393.7467076778412,448.54519832134247,396.48887223005295,448.81512475013733,407.3885099887848,438.81917583942413,200.51348304748535,197.81005066633224,196.8933088183403,202.91940259933472,201.58907735347748,225.94284510612488,222.1891678571701,254.87263131141663,240.73446094989777,259.4920197725296,256.23061323165894,299.9850404262543,299.58765292167664,363.7730939388275,369.36634719371796,387.79492127895355,389.4849944114685,0.35684916377067566,0.49881911277770996,0.4359050691127777,0.6166349053382874,0.5716530680656433,0.6987411975860596,0.4843631386756897,0.43360665440559387,0.6371468901634216,0.36055251955986023,0.5997200012207031,0.6710739135742188,0.6567836999893188,0.4922962784767151,0.5161269903182983,0.35048356652259827,0.2577604353427887
363,15.591800038237125,73.04838943452529,404.0638064146042,402.19171702861786,403.32853388786316,402.7341658473015,411.7250496149063,379.49983233213425,447.6376289129257,338.70031613111496,522.9965596199036,324.1238340139389,583.1115785837173,400.22052615880966,442.9005619287491,401.064159989357,441.47278332710266,414.1760115623474,437.9160490036011,201.75489675998688,198.14447927474976,196.62936401367188,204.0649378299713,202.0315841436386,225.26803129911423,221.2334744334221,251.8529567718506,233.59918975830078,258.43910574913025,243.8685623407364,296.884748339653,296.40994024276733,360.8489661216736,367.2609715461731,386.5494359731674,389.0889037847519,0.35870328545570374,0.49940356612205505,0.44815170764923096,0.4521462917327881,0.5001112222671509,0.5783632397651672,0.4915411174297333,0.3370649814605713,0.5149731636047363,0.1771300584077835,0.25147172808647156,0.6092352271080017,0.5783860087394714,0.4454459249973297,0.43677645921707153,0.30295997858047485,0.2637656331062317
