frame,inference_ms,nose_x,nose_y,nose_conf,left_eye_x,left_eye_y,left_eye_conf,right_eye_x,right_eye_y,right_eye_conf,left_ear_x,left_ear_y,left_ear_conf,right_ear_x,right_ear_y,right_ear_conf,left_shoulder_x,left_shoulder_y,left_shoulder_conf,right_shoulder_x,right_shoulder_y,right_shoulder_conf,left_elbow_x,left_elbow_y,left_elbow_conf,right_elbow_x,right_elbow_y,right_elbow_conf,left_wrist_x,left_wrist_y,left_wrist_conf,right_wrist_x,right_wrist_y,right_wrist_conf,left_hip_x,left_hip_y,left_hip_conf,right_hip_x,right_hip_y,right_hip_conf,left_knee_x,left_knee_y,left_knee_conf,right_knee_x,right_knee_y,right_knee_conf,left_ankle_x,left_ankle_y,left_ankle_conf,right_ankle_x,right_ankle_y,right_ankle_conf,left_shoulder_angle,right_shoulder_angle,left_elbow_angle,right_elbow_angle
0,18.378099950496107,392.79663944244385,203.41045182943344,0.48288702964782715,389.2860436439514,198.74078673124313,0.4517013132572174,386.50507348775864,198.26629531383514,0.4377734065055847,401.4195925593376,204.85941123962402,0.4953482747077942,390.9140056371689,202.58112859725952,0.5129290223121643,403.8293135166168,222.30763614177704,0.441793829202652,407.14012736082077,220.47056341171265,0.3763062655925751,499.4273738861084,228.83551609516144,0.27804329991340637,494.76513481140137,231.31912767887115,0.3166298270225525,561.6750953197479,241.690652012825,0.3534250259399414,562.3456026315689,240.71850633621216,0.4779427945613861,414.4940034151077,290.19861912727356,0.5903484225273132,417.85240095853806,290.0754157304764,0.574310302734375,405.9369663000107,351.17558431625366,0.3418160378932953,396.9394721984863,350.1076204776764,0.33867692947387695,415.7518937587738,389.4744384288788,0.4335322082042694,409.1340663433075,389.26953172683716,0.33591437339782715,,74.19306601011435,,179.13954418723884
1,18.579600029625,390.6683795452118,201.3924344778061,0.3597794771194458,396.90082716941833,197.28267377614975,0.5284493565559387,385.63200092315674,196.48942184448242,0.35095736384391785,408.4642548561096,204.74033975601196,0.4393874406814575,385.50969636440277,202.46446990966797,0.5228084325790405,421.08884185552597,221.774664580822,0.5027288198471069,388.49842369556427,221.1560236811638,0.3445708155632019,511.61351108551025,224.74410772323608,0.4525240361690521,359.05524706840515,253.04071593284607,0.2068829983472824,560.5218462944031,229.4362570643425,0.22100569307804108,336.9569275379181,232.85844630002975,0.2506834864616394,425.42969024181366,291.3452099561691,0.6159144043922424,401.5173559188843,290.853994846344,0.5966524481773376,415.62578892707825,351.43489956855774,0.4058123230934143,387.2346188426018,347.00717759132385,0.41538354754447937,424.3777104616165,389.01190543174744,0.44878360629081726,399.8376352787018,388.0152397155762,0.31854483485221863,84.55088706283469,,,
2,17.85609999205917,396.2842195034027,198.37945544719696,0.4648993909358978,403.6906303167343,195.42706775665283,0.5181682705879211,391.0410203933716,194.02719366550446,0.4819622337818146,413.47844737768173,203.25484156608582,0.5253121852874756,380.1000345945358,201.8303720355034,0.519882082939148,433.8840932250023,219.5478800535202,0.5491800308227539,368.2706145644188,218.57054686546326,0.4253832995891571,515.2790081501007,221.32134544849396,0.3985486924648285,346.90762108564377,231.55772304534912,0.20751434564590454,557.4685678482056,219.2778429389,0.2696819305419922,359.3644073009491,220.8867405653,0.20047172904014587,436.451659321785,291.67781388759613,0.6977972388267517,389.0273574590683,290.50049006938934,0.6546831727027893,432.1076797246933,356.1264909505844,0.5357054471969604,381.01972740888596,347.9354405403137,0.41364988684654236,432.0955830812454,388.57476711273193,0.4543687701225281,390.52161407470703,387.99949622154236,0.4513346552848816,86.71315102241782,,,
3,17.48270000098273,391.02664893865585,201.1522707939148,0.3745521306991577,394.9570678472519,197.53515779972076,0.4789808392524719,389.70145094394684,195.91200959682465,0.44378089904785156,406.0705111026764,204.6423048377037,0.3967606723308563,386.66754853725433,201.64615505933762,0.4878441095352173,420.0161746740341,220.47838991880417,0.5087454915046692,389.5740615129471,218.61299699544907,0.317758172750473,509.8206921815872,217.29259437322617,0.4192606806755066,363.99319326877594,228.85971945524216,0.12437152117490768,582.6777586936951,209.11030542850494,0.36774006485939026,369.37743067741394,215.46343863010406,0.1471661478281021,425.8882921934128,292.87260031700134,0.5916005969047546,403.63871109485626,292.16634476184845,0.5883517265319824,422.77819699048996,358.9890019893646,0.4238946735858917,392.9337168931961,353.90309941768646,0.4430203139781952,427.0458767414093,389.06800293922424,0.3966135084629059,401.7884598970413,388.7325338125229,0.2912483215332031,87.39441825379303,,175.62389067038458,
4,17.88440003292635,389.8520702123642,203.20176005363464,0.39167752861976624,399.7307994365692,198.39112734794617,0.493618369102478,389.6346517801285,199.6775095462799,0.4644518792629242,409.90375542640686,204.70304697752,0.5377381443977356,378.97681307792664,203.72458279132843,0.5824734568595886,441.0488120317459,216.8856612443924,0.691069483757019,363.4847595691681,215.77922838926315,0.7375810742378235,509.89316499233246,214.48070681095123,0.5183549523353577,302.5250630378723,212.90276837348938,0.3431728780269623,577.6566346883774,200.1894143819809,0.6012685894966125,266.1385736465454,197.56751942634583,0.5558403730392456,438.4366863965988,292.46441555023193,0.726436197757721,390.2525440454483,291.6731994152069,0.7179200649261475,437.3649023771286,358.9309139251709,0.5598312616348267,387.25327229499817,353.03518652915955,0.5893025994300842,435.1706461906433,386.7133854627609,0.4046218693256378,391.3511440753937,389.58280313014984,0.43710246682167053,93.98016023503705,112.12930294460294,170.09157261463474,159.8483612302032
5,15.684399986639619,389.7255639433861,202.5612531900406,0.3543921113014221,400.1175173521042,199.02169650793076,0.5161821246147156,389.7754492163658,200.13895678520203,0.4419079124927521,409.80631321668625,205.69748085737228,0.5197425484657288,380.0193724632263,205.11420249938965,0.6391327977180481,441.8348262310028,217.13274663686752,0.7481994032859802,362.5158237814903,217.48949360847473,0.8072515726089478,504.68887853622437,212.96902978420258,0.6610972881317139,308.01851814985275,214.86790025234222,0.4018036127090454,568.2305661439896,190.39659917354584,0.6795060634613037,266.32069236040115,196.7644805908203,0.6745964288711548,437.21819043159485,293.95498061180115,0.7100101709365845,389.10705614089966,294.30534875392914,0.6154578924179077,433.75346553325653,358.5004107952118,0.5062140226364136,384.872749209404,354.4303255081177,0.6128280162811279,434.37403404712677,385.39765763282776,0.4534757137298584,394.706142783165,387.3621561527252,0.46330779790878296,97.22903272472095,111.84833463435369,164.23299760655257,159.28565882019598
6,16.16749999811873,388.62134379148483,201.9583557844162,0.3305083215236664,399.50072234869003,198.34208726882935,0.5334608554840088,385.96091187000275,198.44944161176682,0.5038893818855286,410.5615505576134,205.79075050354004,0.5098773837089539,379.1887719631195,205.48185229301453,0.6345726251602173,446.10825991630554,217.98408663272858,0.7725825905799866,361.3478018641472,218.6764384508133,0.745951771736145,514.2359135150909,208.3554772734642,0.7994674444198608,301.47035348415375,211.52270936965942,0.5338830947875977,556.7715656757355,183.58618080615997,0.5450460910797119,258.2671914100647,191.21762841939926,0.7415549159049988,438.8343769311905,297.2369260787964,0.667464554309845,390.8187579512596,297.19011783599854,0.6697671413421631,435.9758223295212,355.95593643188477,0.5017458200454712,381.08984512090683,350.27160012722015,0.5030723810195923,437.41173672676086,383.9000954627991,0.4925486743450165,390.8691517114639,386.35360741615295,0.5178893804550171,103.2883973710567,117.38716237306735,157.83140681463246,161.6399121845767
7,16.01900003151968,388.9428950548172,201.58147704601288,0.3119196593761444,399.6224381327629,198.23622584342957,0.5303864479064941,386.79282373189926,198.12222123146057,0.5200720429420471,410.77599835395813,205.832160115242,0.5012946128845215,379.62047761678696,205.30877941846848,0.630669891834259,444.8552403450012,218.65387880802155,0.762388288974762,360.5056667327881,219.10253822803497,0.7009478807449341,506.02421951293945,211.0110005736351,0.6749854683876038,298.02904576063156,207.22542917728424,0.6388764977455139,536.244257569313,183.42490047216415,0.6254936456680298,252.4329160451889,185.6191725730896,0.8073327541351318,434.485098361969,298.4997835159302,0.6131148934364319,389.92467683553696,300.80352115631104,0.7672281861305237,435.5832166671753,359.09953820705414,0.46485739946365356,382.85742700099945,355.9590730667114,0.5605430603027344,437.05750846862793,383.7386794090271,0.46173590421676636,396.20136284828186,386.3095135688782,0.4576495289802551,104.52200286304311,120.56677410016114,144.7309032943171,165.40928733977742
8,16.86820003669709,389.57834351062775,201.90388691425323,0.3597300946712494,399.4349133968353,198.87879866361618,0.5131367444992065,389.624963760376,200.31121534109116,0.43415769934654236,410.0993089079857,205.98039627075195,0.5058744549751282,379.6898459792137,206.13970112800598,0.6543509364128113,443.3132929801941,218.2923514842987,0.7309282422065735,359.1627787351608,218.55474305152893,0.716644287109375,502.5591734647751,207.30223149061203,0.49740171432495117,304.6516904234886,208.75411641597748,0.6096371412277222,519.3283863067627,174.33009207248688,0.3705112934112549,261.6182560324669,183.73722183704376,0.6442463994026184,432.8394998908043,297.44249629974365,0.6140843629837036,387.63934791088104,298.2938212156296,0.6170262694358826,434.20039904117584,360.05195927619934,0.4466683566570282,379.9223584532738,357.3858196735382,0.5361050367355347,434.56225460767746,384.67786026000977,0.42031213641166687,394.77444064617157,387.03829860687256,0.45628687739372253,108.04697386041875,119.84515617633329,127.46623662352033,160.02140978928747
9,18.495799973607063,387.02691519260406,200.2428276538849,0.26488447189331055,395.5354586839676,196.46417796611786,0.5486422181129456,384.71126437187195,196.63513964414597,0.5749323964118958,410.4703440070152,206.04463696479797,0.5331813097000122,378.695325255394,206.08600133657455,0.6158726811408997,445.750231385231,219.89339244365692,0.6976116895675659,357.5441300868988,219.02632403373718,0.6835398077964783,504.18718898296356,201.99788039922714,0.7114414572715759,305.14917826652527,214.45303505659103,0.5853527188301086,501.1833140850067,166.7682385444641,0.6590703725814819,270.09942150115967,185.96438336372375,0.7812307476997375,432.0663852095604,296.61026263237,0.6017245054244995,385.88474583625793,297.3590135574341,0.629510223865509,431.40644907951355,357.86672008037567,0.3889263868331909,373.8542592525482,352.001424074173,0.443951815366745,433.5971190929413,382.0613639354706,0.397905558347702,388.83490842580795,384.6545466184616,0.4531058073043823,117.13986878707686,114.87844060142832,102.15291612622045,145.8839974350697
10,15.175400010775775,389.25275111198425,195.37902295589447,0.46993979811668396,393.8255767226219,195.6127324104309,0.5651670694351196,384.2287635207176,195.26461118459702,0.5610780119895935,408.6131613254547,206.9078449010849,0.5245465040206909,379.4899569749832,206.2666745185852,0.6285374164581299,442.5951752066612,219.91284561157227,0.6409720182418823,358.48199462890625,219.9398990869522,0.5809463858604431,490.3729292154312,207.0396740436554,0.5377336144447327,310.15427154302597,217.30109947919846,0.614818811416626,469.0978772640228,163.21621072292328,0.5114302635192871,280.6823787689209,191.81224691867828,0.6997185349464417,428.5797953605652,301.4075947999954,0.6920070648193359,384.05234521627426,301.76821732521057,0.7654087543487549,429.07404494285583,359.03617215156555,0.38931339979171753,374.3603646159172,353.6256580352783,0.4336506426334381,431.83721804618835,382.82199788093567,0.3999963402748108,391.9231119155884,383.0957295894623,0.38328397274017334,114.83779985146032,110.47875907708627,79.18432938477343,142.27038684922735
11,18.9319999772124,390.60305231809616,194.1533225774765,0.4121885895729065,393.75610131025314,193.83700501918793,0.5365500450134277,382.92382472753525,194.34618037939072,0.5420599579811096,406.7477893233299,205.3997267484665,0.4685857594013214,375.5421959757805,207.2346732020378,0.5716861486434937,441.065538585186,221.7802290916443,0.6732782125473022,355.366091966629,224.63774865865707,0.6260004639625549,478.52646148204803,210.15227138996124,0.5713444948196411,308.1336236000061,220.83904260396957,0.5120657086372375,447.08589351177216,177.32922768592834,0.4414776563644409,281.38093316555023,194.06911599636078,0.5722535848617554,428.49498504400253,302.28974318504333,0.6336230039596558,383.39281052351,302.80620217323303,0.7298531532287598,426.9743138551712,362.15694284439087,0.3902188539505005,374.2547330856323,359.160702586174,0.45971155166625977,428.29707646369934,383.63272750377655,0.41836363077163696,385.7328419685364,386.44631910324097,0.42371779680252075,116.11883087120518,114.32307645221908,63.47685411967189,139.57970695644693
12,16.0782000166364,389.4465650320053,201.75402212142944,0.28827452659606934,398.5706992149353,197.445416867733,0.558728814125061,385.491872549057,196.86621010303497,0.5317838191986084,410.620508313179,205.46440476179123,0.4776962399482727,380.623401761055,204.99868988990784,0.6579516530036926,439.64862555265427,220.89894026517868,0.6962183117866516,360.48358768224716,225.5344642996788,0.6922739148139954,463.7495015859604,218.82114589214325,0.535515308380127,307.30933904647827,229.73116105794907,0.6299830079078674,428.96260595321655,198.31271147727966,0.42151975631713867,282.5930061340332,208.74007695913315,0.5501821637153625,425.70630729198456,293.98912167549133,0.5987552404403687,383.9708534479141,294.78781747817993,0.6825788617134094,424.09691846370697,361.56912541389465,0.3923693597316742,381.0380597114563,357.13084745407104,0.4884093701839447,428.85619831085205,384.2371027469635,0.40606245398521423,388.81756633520126,384.69867062568665,0.45733046531677246,105.72713589885365,104.22173212385061,35.44867864954504,135.1467973673088
13,18.078099994454533,389.7611848115921,205.6880106329918,0.519660472869873,396.0724747180939,202.35538136959076,0.4563180208206177,382.3953459262848,202.82136768102646,0.4844825863838196,411.9272937178612,207.83980244398117,0.5834001302719116,375.4996971487999,207.66178333759308,0.5296149253845215,439.717779815197,223.85545986890793,0.65256667137146,361.6007876396179,226.4896148443222,0.624179482460022,463.4677996635437,238.16745710372925,0.352980375289917,314.0364109277725,238.16263151168823,0.47166872024536133,449.31558322906494,225.8746685385704,0.27120155096054077,307.0851229429245,225.18902730941772,0.4938834011554718,429.7384504079819,290.8018181324005,0.6255493760108948,384.637373149395,291.37455558776855,0.6588724851608276,424.7542586326599,352.9442241191864,0.5152191519737244,377.21990942955017,350.2684634923935,0.5457542538642883,431.0681445002556,386.890816450119,0.34503722190856934,386.2054674625397,386.9966175556183,0.4379234313964844,67.40475769886382,95.75803343834323,,104.39377607192452
14,17.19669997692108,388.313039958477,208.2984146475792,0.4660811424255371,395.8844682574272,204.13668835163116,0.49323633313179016,380.3015561103821,205.3721605539322,0.5130710601806641,413.6271665096283,207.58463418483734,0.5738533139228821,374.4100625514984,208.83423632383347,0.49012184143066406,445.5875154733658,222.08755898475647,0.639918863773346,358.8093265891075,227.9190909266472,0.6053490042686462,448.4589160680771,240.02969831228256,0.43728944659233093,324.8768768310547,240.22688406705856,0.5163849592208862,386.7790142893791,227.59063398838043,0.26855388283729553,338.42800784111023,233.44385093450546,0.38664373755455017,431.76311272382736,293.0653223991394,0.6228377819061279,385.86676144599915,292.27992713451385,0.6326941251754761,426.0076796412468,358.3237941265106,0.41946128010749817,375.33374297618866,354.0631582736969,0.5410929918289185,428.57248920202255,384.10732448101044,0.358077734708786,390.95816373825073,385.32747542858124,0.4685877859592438,20.113889394404595,92.86554524954245,,6.653859989186591
15,16.18520001647994,385.05690187215805,207.16909039020538,0.5230523943901062,393.3200868964195,203.24451178312302,0.40259644389152527,378.7236399650574,204.42540955543518,0.4954838454723358,409.65973508358,204.9614725112915,0.422275573015213,374.55680125951767,206.19854319095612,0.5477898120880127,441.07817047834396,221.01383459568024,0.6075407862663269,361.37207543849945,226.4620486497879,0.6262085437774658,445.008642911911,244.19701927900314,0.5554097294807434,328.2214916944504,252.78327059745789,0.5305026173591614,379.1963457465172,239.26892864704132,0.2218276709318161,336.87797820568085,248.6967632174492,0.4629034101963043,428.9692965745926,288.41972494125366,0.6334740519523621,386.05436646938324,287.37127459049225,0.6674854755401611,422.39370036125183,350.1530112028122,0.5076314806938171,373.06396305561066,348.9105418920517,0.47945746779441833,429.33465802669525,384.67822217941284,0.4337662160396576,387.2658774256706,385.0019590854645,0.5200555324554443,19.80647531383765,73.61009121550693,,13.178407343224414
16,16.032799961976707,379.2601475119591,209.31744396686554,0.48042646050453186,386.39821088314056,205.63093292713165,0.3272193670272827,374.1592445373535,206.2876507639885,0.44430434703826904,406.80482017993927,205.64670658111572,0.369075745344162,372.62615555524826,206.31408596038818,0.49667608737945557,438.85099643468857,221.28231847286224,0.63644939661026,360.6714335680008,223.9380830526352,0.5778675675392151,446.4251812696457,252.58457684516907,0.4883778393268585,335.0283960700035,260.44329476356506,0.4491356611251831,411.32877749204636,256.10451447963715,0.21327179670333862,332.39261239767075,268.58247005939484,0.33980339765548706,428.6906455755234,283.54922473430634,0.5923071503639221,382.8701124191284,282.22861099243164,0.6297011971473694,425.5561697483063,341.2896955013275,0.5898200273513794,374.6826652288437,342.38703513145447,0.5338723063468933,432.71470642089844,383.4297208786011,0.5369774103164673,383.21272575855255,381.79456901550293,0.5541719794273376,22.869887317878955,55.9343182242852,,162.8579117957874
17,16.295599984005094,380.7634230852127,209.36107033491135,0.5055309534072876,387.98827719688416,204.86097955703735,0.3394063711166382,374.07240027189255,205.05555647611618,0.4235790967941284,407.2746088504791,205.8865385055542,0.5353345274925232,374.53873658180237,206.1117126941681,0.49937206506729126,434.18894469738007,226.8933962583542,0.6023386716842651,358.290134370327,229.5560523867607,0.5418382287025452,445.585508286953,259.7910556793213,0.5050880312919617,334.9535413980484,263.9240244626999,0.3693077266216278,413.3355624675751,278.25552010536194,0.23925654590129852,329.37024462223053,281.55173122882843,0.27007871866226196,429.6807504892349,291.14898931980133,0.6128038167953491,379.01042675971985,289.4834965467453,0.6292032599449158,423.17074912786484,343.639034986496,0.5162783861160278,367.70164412260056,344.23080337047577,0.4402163028717041,430.1493348479271,384.6223659515381,0.4556238651275635,381.79484927654266,382.6079225540161,0.42687639594078064,23.120666687145913,53.250498835329424,,
18,16.2710000295192,381.59482645988464,210.25976145267487,0.4574439823627472,389.75749158859253,205.52893197536469,0.38703665137290955,374.3249310851097,205.66480255126953,0.447893351316452,409.34075301885605,206.327476978302,0.5545631647109985,373.37079495191574,207.30776584148407,0.4731798768043518,434.9701951742172,228.56371462345123,0.610647439956665,360.7154846191406,231.68454563617706,0.5399478673934937,446.9216253757477,257.82854771614075,0.47426989674568176,345.106746673584,267.1432673931122,0.5730518102645874,415.42330396175385,291.22282087802887,0.3046417534351349,338.76914924383163,297.5775525569916,0.32948964834213257,427.4374386668205,294.7316596508026,0.5831255912780762,377.199569940567,293.13043773174286,0.6101648211479187,415.4096283316612,346.82926404476166,0.39486441016197205,371.44989079236984,344.4878867864609,0.4981265366077423,430.07782548666,386.2125794887543,0.4288821518421173,382.8589257001877,383.11509227752686,0.43591126799583435,28.7093158429281,38.77597989588831,114.45896660611967,168.0042596563859
19,16.39699999941513,383.25324416160583,212.792835354805,0.47864341735839844,390.1054574251175,206.72025001049042,0.4294385015964508,375.51101768016815,206.9356825351715,0.45145952701568604,407.57836306095123,207.720836520195,0.5555210113525391,373.2750655412674,208.97986364364624,0.4846486747264862,435.54154747724533,227.5851599574089,0.6384758353233337,360.1395559310913,230.0775330066681,0.5362880229949951,448.17164754867554,260.32509791851044,0.5700474977493286,349.8030008673668,266.0485215187073,0.5400846004486084,424.203352868557,297.119935631752,0.4555456340312958,354.0138906240463,299.4039486646652,0.3311487138271332,428.1644951105118,292.5911476612091,0.5631270408630371,378.14439272880554,291.16467249393463,0.6079332828521729,425.8555616736412,349.68887972831726,0.4192999303340912,374.8954002261162,348.1472237110138,0.4588052034378052,430.88725686073303,387.9537134170532,0.27113834023475647,386.0039459466934,386.5341147184372,0.39060306549072266,27.5695190859656,32.45479913713525,125.82448891455005,156.77243678597125
20,15.580800012685359,384.3125836253166,215.62983107566833,0.531775951385498,391.17943596839905,208.0103418827057,0.42298829555511475,374.90361630916595,208.52303087711334,0.4253942668437958,408.744083404541,207.479647397995,0.5577552318572998,370.1308214068413,209.74440330266953,0.5306810140609741,438.74836230278015,228.91194140911102,0.6693484783172607,354.78465020656586,230.82326793670654,0.488462895154953,454.029580950737,265.70252656936646,0.5968984365463257,352.22401559352875,269.2701470851898,0.575725793838501,436.83259654045105,305.62124145030975,0.46464216709136963,340.00975102186203,304.01196682453156,0.3388131260871887,424.74031537771225,292.30701076984406,0.49062037467956543,378.0564779639244,292.64513397216797,0.6297138333320618,428.9726418852806,349.7799024581909,0.4099736213684082,375.8524267077446,348.91521668434143,0.4481106102466583,433.91875064373016,387.88778376579285,0.36761242151260376,388.01006186008453,386.2867126464844,0.38587015867233276,35.01599334542364,24.438403377512014,134.13773398472708,164.4401131935631
21,15.870500006712973,381.0179075598717,209.14112889766693,0.27485859394073486,384.9745804667473,205.06207102537155,0.3527381420135498,375.7964128255844,204.5330051779747,0.3842039704322815,395.5150656700134,207.59193289279938,0.5211817622184753,371.04706186056137,206.82888615131378,0.5280393958091736,418.69325149059296,229.5098021030426,0.4683965742588043,369.51549834012985,232.5818041563034,0.46793246269226074,455.45109713077545,259.1544997692108,0.4340166449546814,350.64288794994354,265.7154350280762,0.3354368805885315,454.126300573349,293.2142823934555,0.34098902344703674,340.1953488588333,297.749373793602,0.2359829694032669,419.95389837026596,296.17439103126526,0.46370309591293335,384.79112362861633,295.9796783924103,0.46344518661499023,426.3545214533806,347.59086310863495,0.36812323331832886,387.43169778585434,348.96896171569824,0.3176601827144623,426.6177304983139,387.60753750801086,0.4019627571105957,401.69377422332764,388.84883058071136,0.32656827569007874,50.030949713173946,43.21254953010796,126.65823348641746,
22,15.435100009199232,375.59617590904236,210.26858323812485,0.30978941917419434,372.9874491095543,205.42810726165771,0.337790310382843,376.0876421928406,204.89696037769318,0.32023608684539795,376.99614828824997,207.64540648460388,0.3935481905937195,383.6194352507591,205.58231508731842,0.34441253542900085,369.577721118927,229.81577479839325,0.44202929735183716,414.2121676802635,227.3001333475113,0.5142972469329834,347.8659321665764,262.3262106180191,0.40679922699928284,459.35408449172974,258.5996471643448,0.5206893682479858,329.8091493844986,294.0663311481476,0.22107098996639252,469.70030081272125,284.08875608444214,0.3792174458503723,381.72457098960876,291.56697607040405,0.3466736376285553,419.9786269068718,292.25124502182007,0.34917503595352173,380.3086749315262,349.2154288291931,0.30038315057754517,420.2043684720993,348.59413385391235,0.3896753489971161,402.5672749876976,388.6858763694763,0.345791757106781,423.0007538199425,386.2548335790634,0.3778066337108612,44.86496872155235,50.19067705602295,,146.8284123997097
23,16.804800019599497,379.32898062467575,210.27656054496765,0.41434821486473083,385.9547029733658,204.92736160755157,0.4151143729686737,372.3685933947563,205.0386518239975,0.3790424168109894,394.0629332065582,206.27554154396057,0.5082336664199829,368.98420947790146,207.25715744495392,0.5619412660598755,414.49295967817307,224.11828875541687,0.5442212820053101,358.4655892252922,228.6655496954918,0.5285390019416809,463.8881847858429,251.63327169418335,0.3443129360675812,345.4603058695793,261.7135715484619,0.45103132724761963,495.99273002147675,283.493066906929,0.5129067301750183,318.0110146999359,284.5584671497345,0.33548852801322937,418.8065103292465,289.7943551540375,0.5298561453819275,379.9024739265442,289.9493169784546,0.5368168354034424,422.2310379743576,344.0468578338623,0.480723112821579,378.63066709041595,344.33446311950684,0.4266127347946167,426.30980134010315,387.04417979717255,0.29661062359809875,392.86830937862396,388.9612367153168,0.33679822087287903,57.12281885878439,40.760658408554484,164.33867074468773,151.25016381937286
24,15.317500045057386,370.17449778318405,209.44123548269272,0.3113347887992859,367.9167342185974,206.16900151968002,0.4837448000907898,378.166712641716,205.0056266784668,0.361716628074646,364.76325702667236,208.93474435806274,0.6350335478782654,396.621480345726,205.68113416433334,0.5941916704177856,350.86161774396896,228.47355145215988,0.5978426337242126,427.6642774939537,223.3553626537323,0.5583543181419373,331.66908860206604,261.6250219345093,0.5114148259162903,479.5475573539734,251.36361157894135,0.5772178173065186,312.479155421257,273.81811678409576,0.4024348258972168,518.8941917419434,275.7735974788666,0.5027421116828918,373.4483793973923,289.36288690567017,0.5902564525604248,425.4589148759842,288.1297068595886,0.6114488244056702,367.04253762960434,346.53782844543457,0.4207206070423126,424.5756725668907,344.83931052684784,0.5364490747451782,388.7907235622406,389.71731650829315,0.43204164505004883,425.8239016532898,386.72282552719116,0.42356500029563904,50.42025148713354,63.58839951479629,152.4995051315491,176.5468240866604
25,14.81449999846518,375.0784823894501,208.91446179151535,0.41422000527381897,365.1098847389221,207.79141080379486,0.5316246747970581,376.88577979803085,205.68377315998077,0.3635253608226776,359.6127631664276,210.463552236557,0.6190118193626404,397.13748782873154,205.46414840221405,0.6055125594139099,352.3802282214165,228.935586810112,0.6608631014823914,430.4729200601578,223.06796848773956,0.618507444858551,327.77255100011826,262.76892852783203,0.5654882788658142,486.0047028064728,246.94857186079025,0.6826412677764893,332.9087001681328,269.35130751132965,0.34903377294540405,534.0740340948105,270.7700617313385,0.40381044149398804,375.50984013080597,291.6319406032562,0.6370578408241272,427.3004950284958,289.79755210876465,0.5742362141609192,367.559508562088,348.5875891447067,0.5036213397979736,427.3000935912132,348.8175587654114,0.49679964780807495,387.2791516184807,389.3600718975067,0.415263831615448,429.00783455371857,387.65681886672974,0.35293281078338623,56.278920579818006,69.45248706127069,106.0063656999483,176.90797472713888
26,15.90800000121817,374.6860373020172,208.26989841461182,0.3972994089126587,371.39007663726807,205.9622701406479,0.4886282682418823,381.1451631784439,203.9099760055542,0.37664586305618286,360.669426381588,209.36036157608032,0.6367741227149963,398.1160313487053,204.27397644519806,0.644199788570404,349.70604038238525,228.29004323482513,0.6788673400878906,429.8520303964615,221.02271670103073,0.527332603931427,329.31096571683884,254.0094836950302,0.5189973711967468,480.63443541526794,236.71210378408432,0.6634647250175476,327.37922275066376,251.13726115226746,0.2967226505279541,514.545608997345,246.23913443088531,0.35856422781944275,373.9135113954544,289.21054899692535,0.6256610751152039,426.5552133321762,287.72309041023254,0.6599105596542358,368.449147105217,343.86034870147705,0.5335863828659058,421.366422355175,344.484961271286,0.6016625761985779,388.3115144968033,387.9123339653015,0.4552582800388336,421.97403782606125,385.2599472999573,0.47544339299201965,60.084786568959146,75.66096902661953,,178.5235149741143
27,15.535900020040572,372.0478985309601,210.23074758052826,0.3729683756828308,371.14370119571686,207.25881624221802,0.4845128059387207,377.81829184293747,205.6606706380844,0.3816494941711426,363.89973866939545,209.16625213623047,0.6404010057449341,393.4598941206932,205.34533327817917,0.5036813616752625,348.0393530726433,226.74132978916168,0.5920184254646301,430.24000614881516,220.42928951978683,0.4858255684375763,328.6441516280174,249.26245832443237,0.4100032150745392,493.18197321891785,231.3875606060028,0.3401946723461151,334.6422669291496,243.12688392400742,0.3386898636817932,543.5474722385406,241.27628445625305,0.4976491928100586,372.96207827329636,287.7285795211792,0.5665286779403687,424.129515171051,286.83753395080566,0.6072376370429993,372.563129901886,344.38172376155853,0.5359221696853638,422.7551812529564,343.65562295913696,0.5623978972434998,396.0616091489792,386.4802188873291,0.37798452377319336,426.64773124456406,384.75482845306396,0.43254372477531433,62.96264878832993,85.38094283651324,3.6159011475645695,178.76815754293665
28,14.935099985450506,369.2449028491974,210.65947127342224,0.31348153948783875,370.03209459781647,207.88614320755005,0.489065557718277,372.0493704676628,206.40800404548645,0.36176052689552307,368.66819804906845,209.39507567882538,0.5840859413146973,386.0733410716057,206.71091550588608,0.3780803382396698,353.4687387943268,225.0279580950737,0.5254483222961426,417.43201583623886,220.69435024261475,0.4660773277282715,342.14173090457916,252.60828256607056,0.26878494024276733,491.7082166671753,225.7092261314392,0.5166842937469482,332.9409489631653,237.71902388334274,0.21519538760185242,549.3293466567993,230.673433303833,0.4508676528930664,377.679983317852,288.12575590610504,0.5878480672836304,421.6454747915268,287.4605178833008,0.5995040535926819,377.6709911227226,345.17652893066406,0.5152317881584167,414.8496233224869,344.57725071907043,0.5726443529129028,401.30818033218384,387.37319469451904,0.39622390270233154,417.18376702070236,385.5199863910675,0.5099886059761047,,82.52643034888041,,178.93853473722746
29,15.118999988771975,373.8277643918991,209.4948598742485,0.4368341565132141,370.44391572475433,207.14770698547363,0.4865935146808624,370.64979952573776,206.77877539396286,0.4705447852611542,374.61024594306946,207.54889464378357,0.5356186628341675,375.24462389945984,206.70951306819916,0.41652530431747437,369.41101759672165,220.5255600810051,0.4396635591983795,399.8488219976425,220.43391907215118,0.4907320737838745,360.7429696917534,250.58954137563705,0.22225165367126465,486.6387596130371,224.03654021024704,0.39166343212127686,354.1006546020508,227.20043963193893,0.22033263742923737,546.690190911293,221.74473083019257,0.42183437943458557,387.85296607017517,289.3906943798065,0.5624346733093262,414.18976747989655,288.8011578321457,0.5940744876861572,380.60308903455734,347.9685561656952,0.4040836989879608,404.66780894994736,348.4204125404358,0.3717590868473053,403.7696866989136,386.4359440803528,0.39184921979904175,414.66373109817505,386.15111351013184,0.5300519466400146,,75.77624030854969,,175.43745433831242
30,15.275200014002621,364.47679138183594,210.3931589126587,0.449112206697464,364.8394765853882,205.99202293157578,0.5533408522605896,361.7740479707718,205.9274806380272,0.49481675028800964,374.09940361976624,206.92916798591614,0.42891913652420044,368.8929761648178,204.7915362715721,0.533827006816864,385.7819511294365,219.2981858253479,0.46759477257728577,387.53031754493713,217.8582140803337,0.4142223000526428,483.4158070087433,216.5819656252861,0.35507652163505554,453.21166586875916,225.51630800962448,0.21787714958190918,553.1173623800278,208.345569729805,0.24349898099899292,554.2779443264008,209.27832651138306,0.45597848296165466,395.8126645088196,288.115984082222,0.5745955109596252,401.7781295776367,287.8828778266907,0.5606064796447754,381.54531586170197,348.38443171977997,0.3456113338470459,403.2287633419037,347.758642911911,0.37407186627388,409.8807932138443,386.29461455345154,0.359332412481308,413.0410413146019,385.3296469449997,0.3446408808231354,83.30069168269509,,,
31,14.880300033837557,366.02053183317184,207.70945113897324,0.5415064692497253,370.4945771098137,203.7966650724411,0.4831138551235199,359.8306633234024,204.26513957977295,0.48942533135414124,382.8364987373352,205.80231684446335,0.5858508944511414,358.86694622039795,205.5037333369255,0.6227824091911316,405.2169751524925,215.41590654850006,0.4292101562023163,352.4281865954399,217.88763511180878,0.580619752407074,485.973979473114,211.81182265281677,0.522861123085022,282.77590095996857,214.97937142848969,0.34827300906181335,559.5373079776764,193.7955049276352,0.6034119725227356,255.576999604702,205.81137990951538,0.44984692335128784,416.14540934562683,289.6097159385681,0.6895467042922974,382.09921902418137,289.0660526752472,0.6489968299865723,411.7378153204918,348.3194068670273,0.5524038076400757,376.59760135412216,347.3206299543381,0.5681291222572327,418.86340737342834,386.6796063184738,0.577711284160614,387.59486865997314,387.1340866088867,0.48314711451530457,84.17616897042716,115.01996760434174,168.79396388035863,163.76341347934974
32,15.259899955708534,367.9631671309471,208.0090600848198,0.5480954647064209,368.64039182662964,203.7177214026451,0.3402526378631592,360.2373460531235,204.74760830402374,0.5119999647140503,384.7773944735527,205.4717788696289,0.6088368892669678,356.8308027982712,206.5103669166565,0.6332875490188599,411.24238818883896,215.8849691748619,0.5080920457839966,348.3109655380249,215.86535012722015,0.3793502748012543,486.5168832540512,208.56784856319427,0.4650019109249115,274.4773359298706,209.60652709007263,0.485230028629303,551.5547008514404,190.45170140266418,0.5578526258468628,241.33780509233475,196.55031478405,0.5527981519699097,420.07058280706406,291.0580269098282,0.7134152054786682,381.1476253271103,291.68393635749817,0.6800573468208313,415.3714382648468,353.5496549606323,0.6057945489883423,374.5169786810875,352.33191680908203,0.6192063689231873,420.9730405807495,387.008349776268,0.5590291023254395,387.9220935702324,388.72683358192444,0.46413007378578186,88.8540035609556,118.26253873549516,169.9869747324665,163.34203919528002
33,15.768999990541488,368.9865913391113,206.9949769973755,0.6114579439163208,371.40404665470123,202.91261661052704,0.3613162636756897,361.02523362636566,204.22332280874252,0.5439441204071045,386.8298897743225,205.88361299037933,0.45358332991600037,356.49587029218674,206.72261756658554,0.660876989364624,419.93251514434814,214.44496726989746,0.6234349608421326,347.83146208524704,218.98590970039368,0.6299235224723816,486.1060791015625,205.80931395292282,0.5659458637237549,282.265888273716,208.66321432590485,0.5301364660263062,535.6394253969193,184.2298243045807,0.6821495294570923,240.43590933084488,193.31195044517517,0.6015542149543762,425.0618131160736,291.01694905757904,0.7200745940208435,377.502414226532,292.0171434879303,0.6957021355628967,419.72813004255295,354.46890008449554,0.6507781744003296,372.5640398263931,353.60816526412964,0.6774674654006958,423.8417114019394,387.3765424489975,0.5512545108795166,384.1931426525116,389.2764081954956,0.44554391503334045,93.60275975195665,121.05805211672242,163.89445632231624,168.79451962932012
34,16.130800009705126,367.4292287826538,204.434095621109,0.5745545029640198,371.4966448545456,201.3835071325302,0.4717239439487457,361.1400982141495,202.1196210384369,0.46763166785240173,385.21493434906006,204.46286821365356,0.5996971726417542,359.35003584623337,205.33141446113586,0.6615520119667053,412.4265746474266,214.52112114429474,0.514805793762207,349.03542602062225,218.4369684457779,0.5067770481109619,485.80082619190216,201.51289331912994,0.6348296999931335,286.4463490843773,207.2579566836357,0.6445470452308655,519.3324542045593,175.4016147851944,0.5054590702056885,245.28267574310303,189.36642575263977,0.5402209758758545,422.2030979394913,292.1234874725342,0.7260335683822632,379.5769885778427,293.11481487751007,0.6814650297164917,418.1267431974411,352.7752379179001,0.46848800778388977,372.7386382818222,354.37471055984497,0.6627212166786194,424.3048094511032,385.2934550046921,0.39709338545799255,386.24472802877426,388.68213653564453,0.4569891691207886,92.87285786955692,122.37025218853417,152.14517782314763,166.63492132397857
35,14.891300001181662,368.92407417297363,202.9090124964714,0.4983317255973816,370.9569525718689,197.81071418523788,0.4538898169994354,362.5878683924675,201.0436195731163,0.45007625222206116,386.7601734995842,204.59448623657227,0.4186113476753235,357.5007480978966,205.92530912160873,0.6666198968887329,418.62680023908615,216.22408765554428,0.6309682130813599,342.9389318227768,218.4322634935379,0.6983479857444763,483.1244705915451,202.82313203811646,0.7207271456718445,285.9751420021057,207.0095442533493,0.6881859302520752,499.4951364994049,178.3013130426407,0.5815635323524475,242.7419791817665,185.45449924468994,0.6601586937904358,427.8770927786827,291.32231855392456,0.7126904726028442,376.78202164173126,292.91597032546997,0.6704089045524597,420.225055873394,353.98187720775604,0.46254122257232666,370.81165903806686,354.2760875225067,0.5047957301139832,425.7097596526146,385.48334205150604,0.4070475399494171,383.3502849340439,388.92953860759735,0.41067931056022644,94.71549705149307,125.7744832143411,135.4644964533533,164.83913438827574
36,15.217699983622879,369.7145309448242,200.94618785381317,0.4218464195728302,370.34612560272217,196.87197065353394,0.4646613895893097,362.5497853755951,200.3704344034195,0.4379759728908539,386.95082944631577,205.8264297246933,0.5757924914360046,355.156461417675,208.14392030239105,0.6026021242141724,422.3901677131653,217.5368447303772,0.5993327498435974,339.1436902284622,218.10991394519806,0.5443202257156372,479.30669498443604,206.28869128227234,0.5879998803138733,291.8926219344139,209.92705196142197,0.6112255454063416,469.7971810102463,175.4465832710266,0.5320762991905212,250.74441730976105,185.79186844825745,0.7351592183113098,429.1165437698364,292.9806332588196,0.6700975894927979,376.5701965689659,294.7588337659836,0.6027011871337891,420.1548043489456,354.1530349254608,0.4373971223831177,370.74965035915375,353.66371989250183,0.4932263493537903,427.0704447031021,385.7969150543213,0.4058400094509125,382.76517671346664,389.2073720693588,0.41390642523765564,96.08417868102913,125.85049882160774,84.04300936635877,159.43149482452344
37,14.976400008890778,372.3818943500519,201.38528656959534,0.4010162651538849,371.58929657936096,197.4676296710968,0.5156891345977783,364.6499981880188,200.6382246017456,0.4596627950668335,388.8397256731987,207.36292839050293,0.5489559173583984,356.35796320438385,209.1889173388481,0.5619656443595886,427.495432972908,221.56165993213654,0.6054174304008484,342.41644781827927,222.7055665254593,0.6880277991294861,474.9493341445923,208.71269172430038,0.5828158259391785,294.8759700059891,218.45756769180298,0.6738229393959045,452.97042882442474,174.62532782554626,0.5334920287132263,263.9382691383362,189.84673804044724,0.4639061689376831,427.4928905367851,294.454399228096,0.6635953783988953,376.6682275533676,295.8101191520691,0.58512282371521,419.6033365726471,359.1740634441376,0.5204081535339355,372.1532891988754,356.19549691677094,0.6145150065422058,423.5143526792526,385.9898180961609,0.45570555329322815,385.78684866428375,387.6281669139862,0.38277044892311096,105.1525454921514,120.21069316351864,72.33736851786392,142.34383292132756
38,14.736199984326959,382.79672968387604,195.178956925869,0.4722401201725006,388.99088019132614,194.33389019966125,0.5034025311470032,376.20475482940674,194.76569020748138,0.48829004168510437,398.32459139823914,204.0330286026001,0.5847722887992859,366.9074138402939,206.18029642105103,0.7001239657402039,428.3985598087311,218.29295468330383,0.4903617799282074,349.8733594417572,224.87100571393967,0.6652632355690002,464.96532130241394,215.9152648448944,0.5113188028335571,295.7693552970886,221.0647747516632,0.6687715649604797,434.491574883461,189.24129211902618,0.5341695547103882,266.75603771209717,198.0289968252182,0.5116275548934937,424.113109767437,293.3939150571823,0.7045742869377136,373.5588014125824,294.93897914886475,0.5772523880004883,418.8232636451721,356.38197588920593,0.5541723370552063,374.0242010354996,355.28397274017334,0.6290484070777893,423.874816596508,385.7532434463501,0.48298895359039307,385.7892037630081,387.7293837070465,0.41860100626945496,96.98622064456829,112.70120690718508,44.91630169162267,145.5755324847493
39,15.061599959153682,381.27565705776215,198.43870466947556,0.5088673233985901,386.2880564928055,195.98158860206604,0.4716862440109253,375.12997341156006,197.05407643318176,0.48822021484375,402.0197948217392,203.3692684173584,0.576771080493927,371.44852590560913,203.58415806293488,0.6227118372917175,422.9388789534569,219.74717700481415,0.5452876091003418,348.917671084404,221.83343124389648,0.49976781010627747,454.6326467990875,228.72736251354218,0.35094940662384033,296.2700546383858,231.3266978263855,0.5652483701705933,430.06773602962494,221.45727634429932,0.21318243443965912,280.87169659137726,215.54306089878082,0.45688799023628235,424.78744411468506,293.68420457839966,0.7491394877433777,375.0478125810623,294.6439243555069,0.6507698893547058,417.8699303865433,354.81510615348816,0.596470832824707,370.5397789478302,354.5265357494354,0.6995734572410583,423.342591047287,388.25597643852234,0.48250460624694824,382.09600752592087,390.4106032848358,0.431538850069046,72.7481255599547,99.52041353018294,,124.07052794358486
40,15.094299975316972,374.34320986270905,204.78464472293854,0.3837190270423889,386.95599460601807,199.9247909784317,0.5063326954841614,372.17673313617706,201.94387900829315,0.5155646204948425,401.9984115958214,206.3118993639946,0.6297768950462341,363.8677307367325,206.9432828426361,0.6626178026199341,426.85002887248993,219.36987602710724,0.6115683317184448,350.852063536644,229.34319853782654,0.6178605556488037,451.0214240550995,236.43259644508362,0.459871768951416,290.5234799385071,238.41927760839462,0.562353253364563,385.4410238265991,225.82733249664307,0.3355608880519867,300.27045744657516,231.28049278259277,0.49701976776123047,424.1242429614067,297.86015129089355,0.6816028952598572,373.51004016399384,298.4684171676636,0.6200299263000488,417.71623343229294,357.94202947616577,0.4972571134567261,369.05515682697296,354.2575693130493,0.5181624889373779,427.0852175951004,386.35879492759705,0.44789037108421326,381.79078137874603,387.4622871875763,0.3970085382461548,56.77047320894661,99.59254444695398,26.03247678458172,27.663775455240266
41,14.883600000757724,376.84443175792694,213.2492458820343,0.41117531061172485,385.94287395477295,207.93806356191635,0.3484324812889099,371.95861887931824,208.68854868412018,0.38383734226226807,404.11454808712006,207.81768012046814,0.6325576901435852,366.7817907333374,208.29731380939484,0.6202054023742676,433.7912006378174,220.2949721813202,0.6128292679786682,347.71169996261597,225.7343192100525,0.4752129018306732,445.0950322151184,245.0130872130394,0.5486683249473572,308.58521378040314,244.635258436203,0.5400714874267578,375.7712560892105,239.02261233329773,0.250641405582428,307.76505064964294,239.5118670463562,0.44928303360939026,425.61975741386414,289.6730819940567,0.6733412146568298,374.02869713306427,288.5459141731262,0.5797789692878723,413.5918400287628,354.6487740278244,0.5356597900390625,366.30493676662445,351.86534237861633,0.6315149068832397,421.6289088129997,388.8733204603195,0.44912421703338623,379.87838768959045,389.39557015895844,0.41935110092163086,31.2924961462032,86.94893837071469,,73.3109398444014
42,15.407599974423647,374.9405753016472,211.31852650642395,0.4083092510700226,386.3416885137558,206.91921520233154,0.5113805532455444,373.3556741476059,206.568666100502,0.5310675501823425,400.4748500585556,206.97190463542938,0.6708726286888123,369.49408835172653,206.7443327307701,0.6442499756813049,430.45795983076096,223.51985502243042,0.6107470989227295,352.01829236745834,226.0173100233078,0.5225005745887756,444.70266741514206,250.88316357135773,0.49168863892555237,327.84858322143555,254.35517704486847,0.4731377363204956,409.74443835020065,246.88167709112167,0.20438793301582336,325.1805239915848,254.56825709342957,0.3989391326904297,420.38255310058594,287.80717635154724,0.6715038418769836,371.4340206384659,287.13822865486145,0.5357673168182373,408.3221995830536,349.9264496564865,0.47720420360565186,367.0943498015404,350.91319274902344,0.6394846439361572,420.9084359407425,387.24142587184906,0.5424354076385498,375.84760946035385,386.7541617155075,0.4486005902290344,36.40764955388781,58.084281991634846,,135.02740186626312
43,14.8443000507541,375.50459468364716,214.58821195363998,0.6000763177871704,380.36139702796936,208.53129470348358,0.45664188265800476,369.31180906295776,210.7564355134964,0.5602207183837891,399.0091490149498,209.2947335243225,0.6112829446792603,363.41236704587936,209.2778137922287,0.5993426442146301,431.2894167304039,225.48435354232788,0.5983086228370667,355.5896925330162,228.1301954984665,0.552932858467102,439.2579200267792,257.43996691703796,0.5139802694320679,320.3801102042198,260.38472414016724,0.5614814758300781,393.2973655462265,270.4680701494217,0.20230261981487274,320.16876685619354,279.2336676120758,0.41878101229667664,425.225438952446,288.479532122612,0.6819791793823242,372.56213968992233,287.77318608760834,0.5667760372161865,410.68773567676544,351.0901110172272,0.48133814334869385,367.94274735450745,350.6698622703552,0.5769707560539246,423.63505148887634,386.3601219654083,0.3716176450252533,374.85255348682404,386.93500077724457,0.36934882402420044,19.50021971961058,63.392680639050276,,133.1343420341779
44,15.095100039616227,373.26387882232666,215.0079630613327,0.45788297057151794,386.31117928028107,209.81389182806015,0.42588314414024353,373.53712379932404,210.81749433279037,0.5025812387466431,400.6387702822685,209.88626062870026,0.5497304797172546,365.5939110517502,209.58951687812805,0.5314316153526306,428.0303882956505,226.57478654384613,0.5022293925285339,357.73719465732574,230.01612734794617,0.459513783454895,445.50348126888275,255.93420124053955,0.5959246158599854,332.99624025821686,260.33339190483093,0.4059339761734009,405.57366555929184,285.36581885814667,0.40697431564331055,332.70091623067856,291.60470616817474,0.46317386627197266,419.8173829317093,289.19776117801666,0.6214234828948975,369.79971593618393,288.59917664527893,0.4973243176937103,409.8419876098633,348.88638377189636,0.3959152400493622,363.2099623680115,348.36938190460205,0.5689874887466431,422.73106825351715,386.5776355266571,0.39261218905448914,373.66681480407715,385.15143179893494,0.3648066520690918,38.23045766484822,50.85164812403878,95.63456547761578,141.3242916330247
45,15.110399981494993,376.0697648525238,213.7652223110199,0.5666189193725586,380.9040867090225,207.78016114234924,0.4451836049556732,365.8288321495056,208.18466639518738,0.5377667546272278,398.1520804166794,208.90277481079102,0.5906742811203003,364.74955463409424,209.0801454782486,0.5681840181350708,426.9072470664978,226.99765920639038,0.5041929483413696,349.97885715961456,228.7536619901657,0.44120869040489197,447.0932799577713,257.9111558198929,0.5791723728179932,338.4218792319298,262.034775018692,0.4251687526702881,420.2146987915039,294.82862389087677,0.44642260670661926,335.00926089286804,296.7005615234375,0.45831194519996643,418.0989369750023,292.05689430236816,0.6255691647529602,369.66512739658356,290.8155107498169,0.5047000050544739,416.333549618721,352.9923895597458,0.4956870973110199,368.2668945789337,350.02468061447144,0.5215346813201904,422.92375814914703,388.64890027046204,0.3405172526836395,378.6942815184593,387.96107244491577,0.2668644189834595,40.85425279226612,36.74896743957438,110.79876675156889,166.47254781404217
46,14.879000023938715,372.4059538245201,213.74251186847687,0.41537168622016907,384.7122813463211,208.06963634490967,0.47516849637031555,369.7731943130493,207.99946922063828,0.5400428175926208,397.0347466468811,208.61268132925034,0.5849086046218872,363.2075002193451,209.114784181118,0.5890713334083557,428.0201115012169,228.68227338790894,0.4844590723514557,354.51520550251007,232.50249856710434,0.48265230655670166,451.39593827724457,259.0204689502716,0.4530775249004364,339.98355054855347,263.85206282138824,0.438630074262619,431.283743083477,302.4957356452942,0.4561551809310913,331.08748626708984,296.5878236293793,0.3153190612792969,414.2746045589447,299.85945439338684,0.6006938815116882,366.63507878780365,299.35445618629456,0.5819897651672363,415.514510512352,359.5273269414902,0.45222747325897217,366.9919030070305,355.410765171051,0.5784446597099304,417.8366378545761,392.5965361595154,0.36083173751831055,380.6126432418823,390.74890744686127,0.3321315050125122,48.544767924388545,35.14520921104918,117.5596117772722,170.33376059497047
47,14.780999976210296,375.7188016176224,210.97740238904953,0.42511677742004395,369.0043081045151,207.78477561473846,0.45730507373809814,376.71367025375366,206.00144791603088,0.31317952275276184,366.25403451919556,210.39006751775742,0.6027088761329651,394.3117172718048,206.88492333889008,0.5141471028327942,351.90538144111633,231.67598021030426,0.4899100065231323,431.32121056318283,228.7810623049736,0.5796024799346924,338.9635251760483,264.38115882873535,0.41160401701927185,457.70021641254425,260.0609872341156,0.5599092245101929,320.27528154850006,302.5076789855957,0.35855215787887573,451.36548256874084,297.3038811683655,0.3113898038864136,371.48786675930023,296.4483036994934,0.48537570238113403,426.48391807079315,296.9048047065735,0.49822738766670227,369.474685549736,352.3811378479004,0.5093684196472168,421.1449627876282,354.44064021110535,0.5504937767982483,386.0536171197891,390.38092589378357,0.3567449152469635,422.11194491386414,389.1248846054077,0.3512859046459198,38.410872793991324,44.20323535125317,175.47691141841798,130.20518248244326
48,14.774199982639402,370.0582683086395,211.2381049990654,0.4529740810394287,370.32032656669617,206.81997388601303,0.4213272035121918,369.51349115371704,206.655375957489,0.3911741375923157,374.7451288700104,208.24881660938263,0.38083991408348083,374.5970520377159,206.791261613369,0.35789358615875244,378.99180006980896,227.833300948143,0.3580757677555084,405.6564954519272,226.76090359687805,0.41284388303756714,341.96044182777405,264.6082330942154,0.42631638050079346,458.80620288848877,259.0941195487976,0.4497503638267517,319.36343014240265,298.7712230682373,0.28096798062324524,464.04843854904175,290.32975459098816,0.31812232732772827,378.29455703496933,295.1513353586197,0.4079955220222473,416.90508925914764,296.3405120372772,0.40210846066474915,367.4896584749222,349.98882043361664,0.4178560972213745,410.0756508708,354.157528758049,0.4040376543998718,386.28586196899414,388.6554751396179,0.31410133838653564,415.2580188512802,387.3805537223816,0.31686893105506897,44.60564579300345,49.502807125237204,,130.8410082770128
49,14.84860002528876,362.94485318660736,211.73907685279846,0.43586379289627075,368.06799578666687,205.9350809454918,0.49655622243881226,361.7024850845337,205.9711673259735,0.4528510570526123,379.4634085893631,207.37063425779343,0.4583375155925751,367.3667919039726,206.2604615688324,0.48570650815963745,391.71655905246735,227.04226577281952,0.4261138141155243,378.08894085884094,227.96950328350067,0.4613848030567169,347.2193505167961,261.26847100257874,0.36224955320358276,345.3576449751854,257.94973039627075,0.3771331310272217,487.91822052001953,282.20200991630554,0.2859433591365814,321.3124081492424,283.37725269794464,0.317685067653656,391.97061532735825,293.33184587955475,0.36402925848960876,396.7186014056206,293.94538974761963,0.4007113575935364,373.80153715610504,348.54307305812836,0.3197211027145386,391.59286284446716,351.32795238494873,0.3039441406726837,396.45523178577423,387.72902178764343,0.320730596780777,404.38988053798676,386.7082281112671,0.29578107595443726,52.65294930153781,63.28000457298377,,175.88767609286745
50,14.770600013434887,364.4377984404564,210.0873219370842,0.48964956402778625,371.9333283305168,203.92359322309494,0.367715448141098,357.34595388174057,205.00909507274628,0.5262208580970764,389.4079467654228,204.68730348348618,0.4324115514755249,353.6243626475334,206.0029559135437,0.5290159583091736,413.6434113383293,222.55485725402832,0.5788703560829163,349.7243994474411,228.54756397008896,0.6428760290145874,468.7926778793335,245.05475318431854,0.378179669380188,334.4262133836746,262.0764560699463,0.471212238073349,506.5209312438965,275.67455220222473,0.5839603543281555,312.4350508451462,272.4337147474289,0.3866492807865143,417.25921046733856,292.5295308828354,0.6099734306335449,368.6206946372986,291.9399038553238,0.6045492887496948,409.7279794216156,352.1417281627655,0.4026055335998535,366.6140434741974,345.2289469242096,0.48884153366088867,413.33810490369797,388.2773598432541,0.3948315680027008,381.8894011378288,387.23204612731934,0.31775128841400146,64.8474232524285,41.12425334254868,163.13219372408014,139.74493381114988
51,15.17149998107925,362.1621307730675,210.83424818515778,0.43876901268959045,366.01999658346176,205.52955025434494,0.5161373615264893,359.92508137226105,205.7820644378662,0.4721531569957733,376.70264410972595,206.54803669452667,0.4573809802532196,365.1380923986435,205.59710854291916,0.5502944588661194,387.47376841306686,221.84946125745773,0.43541163206100464,373.0228558778763,225.12947648763657,0.4479363262653351,473.28663444519043,241.3236808180809,0.3715428411960602,334.3519742488861,254.2021152973175,0.35311105847358704,534.0110887289047,274.23293673992157,0.31416791677474976,313.0830776691437,264.0205966234207,0.3262292444705963,391.71926206350327,290.8251619338989,0.5219020843505859,393.0117830634117,291.1763142347336,0.5298038721084595,380.36008566617966,348.4905947446823,0.38471347093582153,382.59678715467453,347.8398334980011,0.36079490184783936,398.92819249629974,387.87879610061646,0.3566974401473999,400.7830736041069,386.7822707891464,0.3132096230983734,73.6918149591067,69.9025993746088,164.33082625483502,167.84400964062166
52,15.166099998168647,371.7938690185547,207.64039993286133,0.4918457865715027,361.5917419195175,204.77464669942856,0.5683392286300659,373.94407415390015,203.5395364165306,0.3470078706741333,357.3379251360893,208.1878935098648,0.6165666580200195,392.7806890010834,204.56013405323029,0.5001745223999023,345.841912150383,225.4152570962906,0.6868078708648682,423.91621816158295,220.40148204565048,0.4382963478565216,319.66964650154114,252.86931693553925,0.5076979398727417,477.7557554244995,236.45230597257614,0.6755101680755615,311.33548736572266,253.45360565185547,0.4554252624511719,536.2527145147324,255.4490181207657,0.3751662075519562,370.66510766744614,294.7955685853958,0.5774997472763062,420.99910724163055,291.50195121765137,0.6860248446464539,366.4585534334183,348.5681359767914,0.6072350144386292,410.1084081530571,352.8837835788727,0.5751102566719055,379.44879627227783,390.4291214942932,0.38342538475990295,412.05800169706345,390.6308915615082,0.3991383910179138,63.317176799099016,75.74886621288856,137.64107150153671,178.60949826611554
53,14.639500004705042,369.1056308746338,208.04464882612228,0.33244791626930237,369.53875494003296,205.00909507274628,0.4915500581264496,373.672434926033,201.58734315633774,0.3244077265262604,365.9274786710739,207.2479435801506,0.6446352601051331,387.1219755411148,204.63631808757782,0.39902859926223755,347.27448123693466,225.5827956199646,0.5291948318481445,420.3158342242241,220.12746381759644,0.5356258749961853,319.8003544807434,249.1217621564865,0.36973822116851807,487.19541931152344,229.68554413318634,0.5383822917938232,322.2046961784363,237.22369194030762,0.32138264179229736,545.8051555156708,243.63037413358688,0.4909575283527374,371.3663650751114,293.8475810289383,0.47411084175109863,418.53198075294495,291.0864074230194,0.624499499797821,368.30315774679184,346.693182349205,0.5358282327651978,406.70419323444366,351.17274928092957,0.45423445105552673,390.28578305244446,389.2489023208618,0.3748135268688202,408.1857109069824,389.5824110507965,0.38801059126853943,68.84993538680011,83.3067307685771,37.98668821246033,174.7499707598267
54,14.886700024362653,370.28604382276535,207.59455680847168,0.3679085373878479,377.5727192759514,203.9704014658928,0.48410773277282715,366.5573872923851,204.5758775472641,0.5413939356803894,389.7231285572052,206.0245805978775,0.4905896782875061,358.1694087982178,205.8206540942192,0.6208619475364685,414.46713387966156,218.3086680173874,0.5088357329368591,346.9799600839615,223.04102057218552,0.4080025553703308,489.0363036394119,223.9982521533966,0.5613066554069519,335.1000124812126,246.97408717870712,0.25836917757987976,534.9999625682831,229.53946441411972,0.4199775159358978,315.45966666936874,235.25934422016144,0.41339507699012756,416.01132929325104,288.2178945541382,0.6588113903999329,372.2719005346298,288.5601496696472,0.6091493368148804,405.4900595545769,347.25708293914795,0.45570921897888184,365.90117114782333,343.205485701561,0.6646862626075745,412.4863352775574,388.9205207824707,0.5097478628158569,374.11358773708344,387.7012143135071,0.48048481345176697,84.3714427188126,,177.48898379632308,
55,14.991600008215755,373.45140355825424,204.7240383028984,0.5001774430274963,375.0237263441086,198.5601286292076,0.4678943455219269,361.60354417562485,199.0785027742386,0.4721337556838989,388.70213973522186,203.09515970945358,0.3619937300682068,357.0275605916977,203.66115641593933,0.49652692675590515,413.5677270293236,219.8357416987419,0.4524691700935364,349.7697083353996,224.53425478935242,0.40643247961997986,464.49992167949677,233.71141493320465,0.34151652455329895,352.983240544796,257.1009992361069,0.36794501543045044,522.5642919540405,224.35436576604843,0.34077784419059753,347.8350750207901,253.60154020786285,0.15610718727111816,419.36383908987045,291.0579364299774,0.6856436133384705,371.2167360186577,291.357545375824,0.5798279643058777,414.9876106977463,346.2173789739609,0.5038431882858276,364.4089217185974,341.61584520339966,0.4799700975418091,418.9940618276596,388.2481348514557,0.47475600242614746,375.04291504621506,386.88713693618774,0.37925663590431213,70.10799238344003,12.15867172722311,155.6060225245032,
56,14.613599982112646,368.1700679063797,208.7834017276764,0.4720114469528198,373.0708142518997,203.48827958106995,0.4250899851322174,359.98387855291367,204.30654919147491,0.5641773343086243,387.84587401151657,204.82047474384308,0.42915841937065125,354.32476365566254,205.25786942243576,0.5123254656791687,417.80516517162323,216.33165311813354,0.5442664623260498,350.5853486061096,220.75177478790283,0.5346992015838623,483.975035905838,218.69317722320557,0.540607750415802,346.06789457798004,252.12890523672104,0.3018208146095276,556.1121380329132,213.16075658798218,0.39817941188812256,330.44347381591797,220.73877584934235,0.24829916656017303,420.4479338526726,287.9010944366455,0.6630916595458984,373.5885345339775,288.79090344905853,0.6273195147514343,412.1713408231735,347.900997877121,0.5134006142616272,358.5785269141197,343.03939485549927,0.5329857468605042,416.8256046772003,387.9583580493927,0.5012715458869934,374.01638638973236,386.7306671142578,0.44340962171554565,85.84130963780711,26.87249559694559,173.57044114614703,
57,14.77010000962764,366.4833087325096,208.2988519668579,0.5620533227920532,371.63637179136276,202.94930619001389,0.3874683678150177,358.8567764759064,204.05676448345184,0.5006881952285767,387.12221640348434,204.7359665632248,0.41487637162208557,354.5186846256256,204.63526248931885,0.5395090579986572,418.88974165916443,214.69986408948898,0.6354755163192749,347.15447825193405,218.12758767604828,0.6638671159744263,484.8945949077606,211.86951863765717,0.5753484964370728,302.8996040225029,226.85038816928864,0.2205483615398407,551.5887427330017,199.48350566625595,0.5246630311012268,264.50879180431366,215.41340327262878,0.3510122001171112,425.10779106616974,289.40676963329315,0.7088199257850647,376.00558841228485,289.77276062965393,0.6761952042579651,414.68294656276703,349.4223864078522,0.5938910841941833,360.57950443029404,343.06406569480896,0.6824304461479187,416.3000429868698,388.4981608390808,0.5090699791908264,373.2672508955002,386.88119542598724,0.48845037817955017,87.69747916591773,,171.93464001618437,
58,14.63829999556765,365.39249658584595,205.29912823438644,0.5609776377677917,370.88316839933395,201.6968388557434,0.4590016305446625,358.27565586566925,202.5350291132927,0.4384688436985016,385.981893658638,203.15573596954346,0.5759623646736145,354.66585153341293,204.56925743818283,0.5508361458778381,420.337752699852,213.9092662334442,0.6564288139343262,347.0501848459244,215.5930359363556,0.6940035820007324,487.4260048866272,210.9319362640381,0.7025512456893921,277.9482429623604,209.8634898662567,0.517185389995575,538.5875272750854,193.03493130207062,0.7442163228988647,227.57562512159348,197.672837972641,0.6979639530181885,426.9582831263542,293.5452878475189,0.7276214957237244,377.27921509742737,293.69699239730835,0.6926693916320801,417.94331312179565,355.05210304260254,0.6448569893836975,364.3845143318176,348.90945613384247,0.6524515151977539,417.1162987947464,387.88853776454926,0.4836653172969818,372.33401626348495,388.9851233959198,0.46502307057380676,87.78873057775712,115.898026670205,163.26053961675518,171.135254724641
59,14.913599996361881,364.7098926305771,202.11838448047638,0.4695931375026703,369.95255649089813,197.88472670316696,0.5096281170845032,359.0594755411148,200.73138868808746,0.3920367956161499,386.8251795768738,201.88853549957275,0.5000759363174438,357.2526063323021,203.97776049375534,0.5906857252120972,422.1767101287842,211.19701206684113,0.6508700847625732,348.0613250732422,215.6083421111107,0.7237565517425537,493.2028479576111,206.4853793978691,0.6856921911239624,285.6873917579651,208.0865711569786,0.5743398070335388,524.8590145111084,186.58763873577118,0.5180273056030273,236.35323864221573,194.1228157877922,0.5565968155860901,425.8387815952301,290.296910405159,0.7457130551338196,378.04783368110657,291.23949933052063,0.7345519661903381,418.28817451000214,351.6038556098938,0.5549544095993042,363.6020327806473,347.851233959198,0.6909213662147522,422.79438829421997,387.81274580955505,0.3561638295650482,372.0719312429428,389.74482238292694,0.5051223635673523,91.14452884357536,118.50369548108868,151.6434980847515,171.07231684367645
60,14.939200016669929,369.57790845632553,202.63846266269684,0.4788506329059601,370.29950535297394,197.40121746063232,0.44528928399086,363.5278471708298,200.82204949855804,0.42873498797416687,387.8492728471756,204.0898801088333,0.3980032503604889,360.18440985679626,204.43690049648285,0.61281418800354,423.2993428707123,213.1259821653366,0.6227439641952515,347.0033504962921,215.73647665977478,0.7023822665214539,488.54965460300446,203.43064391613007,0.5078942775726318,286.4746370315552,207.78715825080872,0.6313022971153259,511.00343346595764,175.92044132947922,0.5817559957504272,243.84247934818268,190.07614970207214,0.5211105346679688,423.98911917209625,291.0487678050995,0.7420845627784729,375.4235578775406,292.11184573173523,0.7118106484413147,411.3759865164757,352.621693611145,0.5675024390220642,362.67787063121796,347.5222190618515,0.6725742220878601,417.6469453573227,387.22863805294037,0.5035921335220337,377.7760071158409,387.17012774944305,0.4283406734466553,97.94439157425752,117.89276149755365,137.6728260548659,164.9220690464113
61,15.017899975646287,362.5104712843895,200.86952126026154,0.4452425539493561,369.5802903175354,197.33610212802887,0.5347362160682678,357.04589289426804,197.97335171699524,0.5148005485534668,387.0221247076988,202.71784365177155,0.5380887985229492,356.0899636745453,204.19833528995514,0.5812796354293823,420.5144118666649,213.47499310970306,0.6007611155509949,342.9344892501831,215.8731313943863,0.7024086117744446,482.2434495687485,202.00130355358124,0.6965934038162231,285.3005935549736,206.18474501371384,0.6701796054840088,485.48144268989563,173.12949985265732,0.5249699950218201,246.49445432424545,186.38047003746033,0.6835454106330872,425.76352548599243,291.67591381073,0.7389518618583679,376.29625576734543,292.96145153045654,0.7095080018043518,411.561798453331,352.89741587638855,0.5466591119766235,363.0361132621765,347.9769104719162,0.6549032926559448,420.1547240614891,386.74161517620087,0.5754497647285461,378.49722933769226,386.3600013256073,0.4224429428577423,96.6893815031341,122.9440046271581,106.92853298476301,162.50535192736197
62,14.882499992381781,369.75413942337036,193.16167849302292,0.391518771648407,372.32355213165283,191.93189144134521,0.4174497127532959,363.51162910461426,192.71074199676514,0.4410904347896576,388.9659643173218,200.49285364151,0.33673083782196045,358.2122020125389,202.09573435783386,0.5206902623176575,430.932164311409,213.05317604541779,0.590197741985321,343.32348197698593,216.6077071428299,0.7587800621986389,477.3818299770355,201.57562601566315,0.6882765889167786,294.1428384780884,209.78638595342636,0.6663745641708374,455.80516481399536,163.2151551246643,0.695472002029419,257.40790152549744,188.13496482372284,0.7043930888175964,424.5550119280815,292.07673954963684,0.7515673637390137,373.88230633735657,293.198689699173,0.6977689862251282,411.07068008184433,348.67601811885834,0.4224642217159271,361.09363853931427,348.05903601646423,0.6330377459526062,422.74782156944275,384.0869665145874,0.602078378200531,376.0040094256401,385.170734167099,0.4850626587867737,108.49330015159275,119.64787438731811,74.52305878218301,157.3815827612058
63,14.78179998230189,375.16412234306335,187.98380315303802,0.4186681807041168,377.6380197405815,190.30298268795013,0.492981880903244,369.93855971097946,190.69361436367035,0.421947717666626,393.7583493590355,200.96871733665466,0.4444856643676758,361.5309910774231,203.05070394277573,0.5883738398551941,431.1262458562851,215.7675263285637,0.6170294284820557,347.6829035282135,218.9281684756279,0.7048494219779968,465.5937044620514,203.53617358207703,0.6834473609924316,300.62059104442596,214.83333694934845,0.413652241230011,427.7370982170105,165.7214017510414,0.4635522663593292,266.6848227381706,190.58710449934006,0.3952777087688446,423.75050485134125,296.9172306060791,0.6268370151519775,371.64204543828964,297.28862023353577,0.5280411243438721,411.4218841791153,356.51857030391693,0.39585283398628235,360.7167692184448,351.88274466991425,0.5274415612220764,421.60899752378464,383.95323729515076,0.5892630815505981,378.3777080774307,384.65023374557495,0.4505731463432312,114.73145362472992,111.97401126662047,64.50640291726066,149.427879106557
64,14.714899996761233,383.24101370573044,188.83609318733215,0.4958711862564087,388.5825649499893,187.97569012641907,0.5212926864624023,376.8396145105362,188.0134956240654,0.5199070572853088,398.37875866889954,198.40871059894562,0.4955384433269501,371.9198132753372,199.02554190158844,0.4972113370895386,430.7716964483261,216.11745715141296,0.6273741722106934,353.44740909338,220.36082643270493,0.6543349623680115,453.63387084007263,211.93570464849472,0.45505884289741516,295.6397713422775,225.32845675945282,0.5378232002258301,410.194877743721,189.41067039966583,0.4886375367641449,282.52053332328796,204.3376441001892,0.6489410996437073,422.15337324142456,297.0278573036194,0.6648659706115723,372.988974571228,297.5782462358475,0.5550870895385742,410.6558883190155,353.8023953437805,0.3059535622596741,361.34962171316147,351.8456780910492,0.5311811566352844,422.0722026228905,384.6904067993164,0.5968993902206421,371.72530353069305,385.67898964881897,0.5472698211669922,106.44550992414821,99.29020326256347,37.774198883966555,117.0937660889236
65,14.80280002579093,374.4453890323639,198.165214240551,0.4116840362548828,376.34547197818756,194.49590945243835,0.5274818539619446,366.3344022631645,195.68467897176743,0.47543448209762573,391.3698510527611,201.1653300523758,0.44238394498825073,362.7001370191574,202.44712793827057,0.589847981929779,424.49402022361755,214.8810047507286,0.5115115642547607,351.44057059288025,221.6971082687378,0.5280295014381409,456.5546749830246,227.53631591796875,0.35254722833633423,297.06765699386597,233.66504400968552,0.38981011509895325,400.56209576129913,217.88633823394775,0.23934921622276306,297.5303803682327,220.0310424566269,0.5408523678779602,421.8929742574692,293.702360868454,0.7000775933265686,372.6193311214447,294.0803555250168,0.6002598404884338,408.9988622665405,352.0616534948349,0.5033870339393616,361.24556916952133,348.4611586332321,0.5903863310813904,422.25587356090546,387.2935121059418,0.6063709259033203,371.8325140476227,388.1114499568939,0.5147045850753784,70.3493816145846,93.89571145297796,,75.64284560140108
66,15.547100047115237,374.149288892746,206.09890979528427,0.37816566228866577,384.44768065214157,202.6270923614502,0.35006237030029297,366.8811866044998,203.8778104186058,0.3447226285934448,403.6247143149376,204.28374826908112,0.5782607793807983,364.50277775526047,205.75929367542267,0.5778546333312988,428.73619532585144,215.19617623090744,0.5725677609443665,345.2320753931999,223.45535796880722,0.4483860433101654,445.55754148960114,231.77659380435944,0.47919782996177673,316.5858588218689,236.56629550457,0.3640614151954651,383.5165870189667,221.4305546283722,0.18953102827072144,322.52563190460205,230.7091276049614,0.36791229248046875,421.94253838062286,290.124787569046,0.6602896451950073,374.5782915353775,290.3284878730774,0.6077354550361633,407.3803206682205,348.28143548965454,0.43537843227386475,359.07727259397507,343.0799298286438,0.4792344570159912,422.194801568985,386.5477168560028,0.570509135723114,369.7671995162964,386.86309945583344,0.5241879224777222,50.594020955601906,89.10065978476673,,20.00595780135243
67,15.088799991644919,376.2082874774933,211.5885787010193,0.39293235540390015,385.1960400342941,206.59522193670273,0.3218516409397125,370.4558517932892,207.0126507282257,0.3773413896560669,402.08651369810104,204.22056317329407,0.6114270687103271,364.2371868491173,205.07565808296204,0.6501008868217468,433.75169920921326,218.98011898994446,0.5257856845855713,345.1377911567688,221.7802290916443,0.41439110040664673,444.4901465177536,243.6042556166649,0.4887828230857849,320.671500146389,242.20344656705856,0.4872375726699829,396.85961294174194,233.14947474002838,0.2878762185573578,333.9368345737457,238.4019205570221,0.40710848569869995,421.33438766002655,288.9307551383972,0.6644249558448792,371.6276204586029,287.5531692504883,0.5463756918907166,405.95746636390686,347.5254763364792,0.42243054509162903,360.4598225951195,344.8827106952667,0.5996836423873901,418.8307303786278,387.2167248725891,0.5225661396980286,369.0284211039543,387.56241822242737,0.4766315817832947,33.627766674904244,72.08352979385376,,23.86238462007075
68,14.939900022000074,371.86770671606064,205.49540919065475,0.6024637222290039,377.0607261657715,200.92110985517502,0.41414955258369446,367.5638708472252,201.7666289806366,0.564889669418335,395.5456551909447,201.94351708889008,0.5018943548202515,367.37971818447113,201.37682670354843,0.4861356317996979,425.81777304410934,219.82761359214783,0.4314889907836914,351.4865485429764,222.60128849744797,0.4646502435207367,439.08680069446564,248.28948324918747,0.42657455801963806,333.2169772386551,252.1986802816391,0.502566933631897,393.126406788826,254.39417386054993,0.18265999853610992,328.667381465435,256.3684743642807,0.473680704832077,417.426342189312,287.9216032028198,0.6289453506469727,371.3166403770447,286.63926243782043,0.4708130657672882,409.4166781902313,346.40180706977844,0.46922749280929565,359.19053143262863,341.72562742233276,0.6034269332885742,418.2093054652214,388.11971378326416,0.5078702569007874,366.18827909231186,386.0743262767792,0.45218050479888916,32.02041934317448,48.89151152892491,,164.19164443338195
69,14.714100048877299,363.1418518424034,208.39046281576157,0.6288548111915588,371.50534266233444,204.17814320325851,0.510398268699646,360.4980394244194,204.31004774570465,0.5407911539077759,392.67032051086426,204.12727844715118,0.47625017166137695,367.6837667822838,203.2287079691887,0.5343038439750671,428.2613753080368,220.7299239039421,0.5133825540542603,354.9963949918747,222.11946821212769,0.5002349019050598,431.0715433359146,255.0274121761322,0.4385138750076294,327.08462131023407,252.741634786129,0.3575943112373352,370.9923861026764,276.42653024196625,0.2424866110086441,325.38295543193817,273.357182264328,0.5018783807754517,423.5082775950432,286.11173474788666,0.6099224090576172,373.14652532339096,283.86475813388824,0.571395993232727,405.7309219241142,344.6340117454529,0.4026518762111664,356.1410264968872,341.8884308338165,0.5944249629974365,416.60722279548645,387.4284477233887,0.44183868169784546,368.35542488098145,385.1723326444626,0.3720656633377075,8.842020477894176,58.72962007488336,,142.36982588166532
70,14.622799993958324,368.2550923228264,207.50793743133545,0.5660758018493652,375.8124703168869,202.36836522817612,0.4009573459625244,362.71662271022797,202.37619173526764,0.5491294264793396,394.8751211166382,202.0338310599327,0.5111815929412842,362.7995328903198,202.12070679664612,0.4750417172908783,424.35019862651825,221.89988869428635,0.5427026152610779,351.08275616168976,223.88096010684967,0.41066303849220276,440.49659490585327,254.50567519664764,0.5876349210739136,336.5106898546219,261.1455993652344,0.4580247700214386,404.38862270116806,288.2291442155838,0.4100092649459839,339.8721650838852,287.9781229496002,0.35120898485183716,415.0225357413292,291.3925007581711,0.6455190777778625,368.83784544467926,291.0418310165405,0.5068168044090271,407.42306035757065,345.9168350696564,0.38337692618370056,355.44025081396103,342.7526943683624,0.546852171421051,420.80890625715256,386.28016793727875,0.38644295930862427,369.44572854042053,385.40374994277954,0.442645400762558,33.98947611710823,36.16593246058905,106.69967787753266,151.50178342067304
71,14.48569999774918,369.58633863925934,206.15749549865723,0.6222941279411316,375.9859982728958,199.9190153479576,0.3817136883735657,363.4385675191879,200.87347221374512,0.544855535030365,394.7486683726311,200.84138202667236,0.5022283792495728,362.3724571466446,201.39353531599045,0.4939708411693573,424.7851960659027,220.4287315607071,0.5315826535224915,357.6576030254364,224.13731968402863,0.5095404386520386,442.61463153362274,257.9865255355835,0.7049668431282043,339.58163154125214,263.5080282688141,0.5240841507911682,416.43238347768784,295.6126317977905,0.3784215748310089,338.9746851325035,296.9130082130432,0.401819109916687,414.43408221006393,294.93083596229553,0.5764001607894897,369.73805516958237,294.24777340888977,0.61382657289505,409.88486111164093,347.6110099554062,0.3672613501548767,356.85258746147156,344.4977490901947,0.40058624744415283,421.872634768486,387.7429255247116,0.4028737545013428,376.8357607126236,386.80974650382996,0.31543755531311035,33.30450496149012,34.43732135341022,119.77312156635728,156.3799999299304
72,15.527500014286488,373.9493998885155,203.39077246189117,0.46758967638015747,385.50386214256287,198.1372710466385,0.5255492329597473,371.98960983753204,199.19415110349655,0.500011682510376,396.37336534261703,199.81660723686218,0.439424067735672,363.5188549757004,201.10036551952362,0.5440957546234131,423.81315582990646,220.35045140981674,0.538084089756012,355.6560634970665,225.82923257350922,0.5476678013801575,446.327150285244,259.7415933609009,0.5751473903656006,340.35233759880066,259.47256660461426,0.4107968807220459,430.56300258636475,297.7666252851486,0.43791815638542175,336.8188866376877,295.3249360322952,0.40357470512390137,411.20232474803925,296.55543184280396,0.5975670218467712,366.5432299375534,296.40047001838684,0.6268614530563354,408.4764585494995,351.72784316539764,0.3651348054409027,361.3260439634323,347.9971477985382,0.4649466872215271,417.72022104263306,388.6175640821457,0.42090538144111633,376.0465350151062,388.2395694255829,0.3191559910774231,39.146583301463174,33.22989986632195,127.73231706236541,161.16873784768825
73,14.895099971909076,371.6425806879997,205.47340750694275,0.3802800476551056,382.13981771469116,199.243734061718,0.4418208599090576,367.646513402462,198.74511468410492,0.31845468282699585,393.94450920820236,203.07270562648773,0.4207235276699066,362.9283942580223,203.2038712501526,0.5681299567222595,415.36988604068756,222.73997902870178,0.5573126077651978,354.31314873695374,225.9188227057457,0.46841001510620117,451.9444086551666,258.0675653219223,0.5327416658401489,339.9142357110977,259.7086285352707,0.36440813541412354,448.62891137599945,297.3418827056885,0.4017924964427948,323.869831264019,294.8496152162552,0.4014803469181061,412.2465969324112,292.951860666275,0.43714892864227295,372.23860800266266,293.8406140804291,0.3848319947719574,406.9647527933121,349.98215508461,0.32670778036117554,368.378333568573,347.7549332380295,0.4464210271835327,412.3279548883438,387.9829685688019,0.39552825689315796,390.5968166589737,389.2089102268219,0.31707775592803955,48.54058479487045,37.86442896162136,129.18105892876864,178.54026891876924
74,14.774899987969548,373.8773552775383,204.46154117584229,0.5478652119636536,378.3705892562866,197.8389288187027,0.45337310433387756,362.1327188014984,198.47494184970856,0.4799860119819641,392.86488378047943,201.22542375326157,0.38793709874153137,357.674302816391,202.5933735370636,0.4850257933139801,414.476393699646,221.00557076931,0.504962682723999,353.05766701698303,227.7778971195221,0.588190495967865,454.77277517318726,245.8473265171051,0.47115376591682434,335.5197820663452,264.4779722690582,0.41223567724227905,471.7291648387909,280.3596591949463,0.4394036829471588,314.43367326259613,289.37416672706604,0.39722129702568054,417.08174842596054,292.5599321126938,0.44364720582962036,367.06512516736984,293.85322093963623,0.558246910572052,415.53495705127716,347.9323642253876,0.4349355697631836,361.5994495153427,344.4688558578491,0.42124873399734497,417.2832431793213,388.0784549713135,0.43077024817466736,372.71907490491867,387.5074667930603,0.2511759102344513,56.26189388695014,37.51082438294211,147.81836879857835,165.27845941637707
75,16.168200003448874,374.57724779844284,204.6375848054886,0.5184463262557983,375.2798433303833,198.16984379291534,0.4472006857395172,366.2142654657364,198.3976268172264,0.41907745599746704,388.4212674498558,201.81177842617035,0.2924056053161621,364.36909914016724,202.33737587928772,0.4875599145889282,408.95502531528473,222.34017872810364,0.4734947085380554,354.83544540405273,224.46288126707077,0.4719712734222412,460.4140930175781,249.5550400018692,0.43624448776245117,337.136878490448,262.61269998550415,0.3778650760650635,490.9919455051422,274.73407447338104,0.40954962372779846,311.47540163993835,278.9144848585129,0.3761957883834839,405.30606746673584,292.08524465560913,0.5251772403717041,368.54822182655334,291.97504019737244,0.5306210517883301,404.8768507242203,349.92898309230804,0.3660416901111603,368.6730152964592,345.1226029396057,0.40521591901779175,413.11886662244797,389.059739112854,0.39161351323127747,382.6331841349602,389.4819482564926,0.3068365156650543,65.12213639250602,36.36913285330252,168.40334717650745,147.31393739955408
76,15.214899962302297,369.05186504125595,203.2568170428276,0.49705928564071655,373.1455886363983,197.12958186864853,0.4510038197040558,359.6816765666008,198.18570792675018,0.4723277986049652,387.8074698448181,199.99127858877182,0.45201575756073,356.926398396492,202.67181956768036,0.5556529760360718,416.2839319705963,218.22238039970398,0.5912625193595886,346.66887295246124,222.91434878110886,0.652897298336029,461.68520402908325,241.8649765253067,0.48009544610977173,333.1177419424057,259.1089280843735,0.5661492943763733,514.6593495607376,272.14321410655975,0.5847128629684448,303.62604492902756,275.3398370742798,0.46328306198120117,412.3639504313469,289.89249563217163,0.6733570098876953,366.1912497282028,290.76469123363495,0.6816047430038452,409.39823883771896,348.45726799964905,0.45467472076416016,362.8386061191559,345.1825006008148,0.5399935841560364,416.40222215652466,388.5483469963074,0.4516908824443817,369.9747693538666,388.94944417476654,0.4249618351459503,65.62252979350595,36.57769100897726,177.75730047791893,139.3521508335801
77,16.65340003091842,373.50302839279175,204.37834495306015,0.5161912441253662,376.9629360437393,198.6034232378006,0.4351692497730255,361.39493060112,199.09080803394318,0.45432859659194946,391.11499190330505,202.64849084615707,0.3879125416278839,357.1888848543167,203.03503584861755,0.5379018187522888,415.9776620864868,218.85380911827087,0.5410051941871643,347.64005678892136,221.54148292541504,0.5433420538902283,471.5956735610962,236.5992603302002,0.5713902115821838,323.94872707128525,251.89014399051666,0.5109914541244507,522.7843866348267,255.2177516222,0.3640042245388031,309.61958384513855,261.48320984840393,0.3773097097873688,411.76147335767746,288.86847484111786,0.653689444065094,367.27984058856964,289.0230144262314,0.628847062587738,409.25318616628647,344.7279599905014,0.4399127960205078,361.4586253166199,341.4372982978821,0.6494309902191162,417.8430073261261,387.6396276950836,0.47086361050605774,368.82620376348495,388.1568406820297,0.38400447368621826,75.75033947878455,54.204041441593695,177.7083037486037,161.77845738545517
78,16.972500015981495,370.4148249030113,204.95013236999512,0.3686460554599762,379.3215941786766,200.39435124397278,0.40623992681503296,368.3382968902588,202.0053449869156,0.5612441301345825,389.8251203894615,203.4851429462433,0.3831928074359894,358.2430591583252,203.798534989357,0.6352037191390991,414.776213824749,216.93053925037384,0.6456496715545654,345.83720195293427,220.73663449287415,0.6884496212005615,474.87370336055756,229.97038978338242,0.5867724418640137,317.6576963663101,246.27553749084473,0.5242401361465454,525.1911369562149,241.77890002727509,0.4269290268421173,305.20588797330856,247.7613222002983,0.37063470482826233,413.57083147764206,284.1258829832077,0.6831967234611511,371.6055681705475,285.68771600723267,0.6832900047302246,405.01264357566833,343.278080701828,0.4931214153766632,360.9744384288788,339.8094753026962,0.6844779253005981,416.75107115507126,387.01742792129517,0.5842204093933105,368.15489357709885,387.65543150901794,0.5085421204566956,78.78551328605023,69.45414740788704,179.03498474412527,144.61870872437626
79,15.930699999444187,369.88559675216675,203.12429422140121,0.3853781521320343,378.6018706560135,198.4157680273056,0.47997745871543884,365.8596090078354,198.0325255393982,0.48348143696784973,389.06691241264343,201.9586272239685,0.3339751064777374,359.17062014341354,202.1776487827301,0.5293320417404175,402.9974819421768,214.80765575170517,0.45872288942337036,349.9650744795799,218.42656326293945,0.48430532217025757,479.55001950263977,223.66058135032654,0.48402896523475647,324.4397383928299,241.38243240118027,0.3917153477668762,540.0764849185944,234.5117393732071,0.42481377720832825,330.14424246549606,230.35419023036957,0.4037971496582031,409.3223671913147,285.1489989757538,0.5913207530975342,375.49292623996735,285.2732278108597,0.6018620729446411,395.8404974937439,342.79467701911926,0.48142683506011963,360.05097210407257,340.58238434791565,0.648846447467804,412.4651393890381,388.14393222332,0.48416978120803833,372.0236517190933,388.741370677948,0.43473613262176514,78.26527803995984,68.93498567838043,176.43268668781036,20.68293114509394
80,15.27680002618581,374.2701482772827,204.36385309696198,0.5191156268119812,377.3579503297806,198.56907105445862,0.4651338458061218,362.17687690258026,198.73384994268417,0.5447063446044922,389.53766453266144,203.3018760085106,0.4190834164619446,356.2191461920738,203.88806480169296,0.5914785861968994,411.62913286685944,216.98689311742783,0.5818992257118225,344.3452469110489,221.41372537612915,0.631386935710907,486.79301857948303,220.75669085979462,0.5610620379447937,338.8932468891144,244.65181624889374,0.2899126410484314,535.4913753271103,225.05559968948364,0.4707801640033722,333.84466457366943,222.87512576580048,0.31093829870224,413.6419929265976,285.15738344192505,0.6883623600006104,373.2055901288986,286.1838471889496,0.6585513949394226,403.06925892829895,347.66798210144043,0.43701618909835815,358.5234764814377,342.919358253479,0.5516077280044556,415.5881876349449,387.7489575147629,0.5275551676750183,372.36677354574203,387.6986507177353,0.4891406297683716,85.43749915840327,,177.82644802801877,
81,16.99840003857389,373.0667463541031,203.76065409183502,0.5045633912086487,375.1096071600914,197.7011581659317,0.47198686003685,360.6120476126671,198.04127192497253,0.5259559750556946,388.2637969851494,202.97263491153717,0.415054053068161,355.1203588247299,203.81013149023056,0.5437760949134827,410.5255550146103,216.86293572187424,0.5230400562286377,350.60298508405685,223.11157977581024,0.5503069162368774,477.77523851394653,220.07678002119064,0.40974491834640503,350.3581351041794,256.80932235717773,0.3395422697067261,536.0928889513016,216.66980648040771,0.4262741506099701,352.6936972141266,215.581318795681,0.2138328105211258,413.55413168668747,287.44748878479004,0.6929468512535095,372.1975008249283,287.62311017513275,0.6110527515411377,402.0325605273247,347.5510218143463,0.4218769967556,357.2708851099014,342.03289699554443,0.5005959272384644,414.32192063331604,385.98155426979065,0.5221430063247681,370.71488589048386,385.40284514427185,0.49061474204063416,84.80704446863163,18.923703104984554,173.92045722174694,
82,14.901600021403283,362.14403933286667,204.0080863237381,0.5471571683883667,365.35114854574203,198.03647649288177,0.38845300674438477,355.8735086917877,198.43175280094147,0.48168787360191345,382.5635749101639,203.38443887233734,0.5784880518913269,354.20438599586487,203.00100034475327,0.48864465951919556,404.9280473589897,215.5632831454277,0.42976391315460205,351.73843705654144,218.5577288866043,0.4936615228652954,483.3463315963745,212.4758090376854,0.5491544008255005,334.2615973353386,227.5626757144928,0.19082847237586975,555.1851925849915,200.05093497037888,0.5788537859916687,326.7629629969597,213.52819526195526,0.17595337331295013,410.06625723838806,287.28685688972473,0.6171327829360962,375.07007896900177,287.72646832466125,0.5995389223098755,392.0637220144272,351.24875235557556,0.47370871901512146,358.30536222457886,344.11785435676575,0.5406978726387024,410.07187736034393,386.50380396842957,0.4702198803424835,373.5110303759575,384.87278401851654,0.35016700625419617,88.15706129095689,,172.4421716565971,
83,15.361899975687265,365.38414669036865,202.68444150686264,0.5189164876937866,368.92359244823456,197.74757432937622,0.4249464273452759,357.4203803539276,199.14262282848358,0.48215335607528687,385.18645906448364,203.11530655622482,0.5781607627868652,353.631240606308,204.22225213050842,0.5624576807022095,414.0622709989548,213.2399264574051,0.631892204284668,343.25981402397156,217.02720189094543,0.774071216583252,481.33031356334686,210.61269319057465,0.6309685707092285,277.8142699599266,213.76691126823425,0.4740445613861084,544.7704107761383,193.17571794986725,0.7164164781570435,241.1381837129593,201.80505275726318,0.5470077395439148,413.7968406677246,289.5274395942688,0.723774790763855,372.08954095840454,290.72593569755554,0.7233834862709045,400.08310079574585,351.7549569606781,0.5699446797370911,360.4593943953514,346.6794294118881,0.6277816891670227,411.47567677497864,386.83309030532837,0.5291556119918823,365.6283276081085,387.5999975204468,0.4996776580810547,92.43596871555286,114.2165536085426,166.86796702842977,164.78826693859858
84,14.809699961915612,367.11468929052353,200.35832518339157,0.4150128960609436,369.5617171525955,196.01977109909058,0.44080379605293274,358.23642206192017,197.9634894132614,0.5290255546569824,381.44533121585846,200.26893109083176,0.5198699235916138,355.6204426288605,203.4611205458641,0.5856988430023193,415.2572962641716,210.28934836387634,0.6543432474136353,340.25478833913803,216.60725474357605,0.7404091954231262,484.72395730018616,203.6805191040039,0.5732818245887756,275.35123813152313,207.880020737648,0.5226514339447021,524.4149713516235,187.96011251211166,0.7006481885910034,225.95818078517914,192.33181238174438,0.6688172221183777,412.94204688072205,289.79525995254517,0.7153856158256531,368.126926779747,291.5256267786026,0.6075294613838196,405.3759710788727,353.18725299835205,0.6150377988815308,360.627810716629,350.76188027858734,0.713924765586853,414.47666132450104,387.924036026001,0.5370693206787109,368.6020144224167,387.90877509117126,0.5144744515419006,97.1025835287737,118.06520534575819,163.8275589612434,170.18508644921118
85,14.898299996275455,371.6494318842888,200.76477575302124,0.399993896484375,372.5850483775139,196.19699096679688,0.5331368446350098,360.9029825925827,198.13896000385284,0.5409619212150574,385.8647007346153,202.640950858593,0.342180073261261,355.5599058866501,204.9607788324356,0.5753571391105652,417.8545687198639,211.89323943853378,0.7048807144165039,341.01580637693405,218.2963627576828,0.717378556728363,482.9388995170593,202.39707750082016,0.6805388927459717,270.8052017688751,203.70718050003052,0.6321461796760559,520.4063256978989,168.9026883840561,0.6391067504882812,230.03865694999695,189.27695626020432,0.6663124561309814,412.77633357048035,291.59137547016144,0.6869401931762695,367.45585745573044,293.58491802215576,0.5803938508033752,407.99377036094666,354.34467124938965,0.5808538198471069,360.91160011291504,352.8725037574768,0.6844670176506042,415.7692893743515,387.2585265636444,0.545339822769165,367.90011471509933,387.7706425189972,0.5176164507865906,101.94705854208088,121.08894567977187,146.5057459847043,172.2459959182875
86,14.906099997460842,367.2743275165558,198.49243462085724,0.4503500163555145,371.54077619314194,195.9054045677185,0.5011870861053467,360.56732749938965,197.38441836833954,0.5392453670501709,388.3374741077423,202.3731154203415,0.49126455187797546,354.7570848464966,204.14480137825012,0.5233122110366821,420.2502393722534,212.12192726135254,0.7222322225570679,337.5230611562729,217.38759821653366,0.698397159576416,481.53333377838135,201.29810923337936,0.5909832715988159,272.54754662513733,201.86751401424408,0.6538999080657959,501.03772616386414,170.54800415039062,0.6110082268714905,233.67549139261246,181.53047859668732,0.7615501284599304,412.98216384649277,293.3608295917511,0.6680145859718323,370.3553854227066,294.9875668287277,0.6798198223114014,408.25804990530014,351.7255811691284,0.37332698702812195,360.86457842588425,353.6911051273346,0.6043768525123596,414.9871289730072,386.5870454311371,0.6010321974754333,367.84468960762024,388.8166197538376,0.5731538534164429,105.12866194028331,126.3670674555135,132.4027055185628,165.81637386242963
87,14.72730003297329,364.2457240819931,203.2801457643509,0.49025070667266846,370.9136776328087,201.18879449367523,0.4306188225746155,357.7480334639549,202.16466492414474,0.39235517382621765,386.17891907691956,204.258911550045,0.6151803731918335,355.7674757242203,206.37963861227036,0.5897611975669861,421.57032573223114,212.74548423290253,0.6942521929740906,337.4581888914108,218.85374879837036,0.6367444396018982,471.3153632879257,198.65195059776306,0.6894522905349731,283.2276517152786,202.98931336402893,0.6731218695640564,480.7283182144165,164.73563885688782,0.6636584997177124,242.48085761070251,179.32174479961395,0.5752381086349487,413.876806974411,294.49722635746,0.6373246908187866,369.53677451610565,296.1105122566223,0.6232209801673889,405.8969296216965,355.60951924324036,0.5171027779579163,359.931236743927,354.6840310096741,0.5743542909622192,415.6859509944916,384.89944541454315,0.6062604188919067,367.2395095229149,386.8687393665314,0.560677170753479,111.19441658749867,128.85537046736064,121.32942401568019,166.15620318826103
88,15.069600020069629,367.5638708472252,197.0452697277069,0.5042685270309448,371.6483881473541,195.7431741952896,0.5197383165359497,361.00203055143356,196.57107990980148,0.5531612038612366,389.83761847019196,204.04188054800034,0.525484561920166,357.7039021253586,205.46206736564636,0.5357183814048767,427.0722913146019,213.5509660243988,0.6681665778160095,331.6017541885376,218.65110409259796,0.5766583681106567,469.63976407051086,198.14886754751205,0.5153247117996216,287.2022822499275,204.6727513074875,0.6951703429222107,453.8729133605957,158.6441884636879,0.6934510469436646,246.06772649288177,177.94996470212936,0.6646865010261536,414.7658567428589,294.48920381069183,0.6519856452941895,369.4293231368065,296.2109147310257,0.6209409236907959,406.4495481848717,355.00924575328827,0.5207470059394836,358.3294216990471,353.2641005516052,0.5079424381256104,416.7771110534668,384.29048585891724,0.6450474858283997,366.24820029735565,385.4307129383087,0.5883452892303467,118.5369837593878,133.47512042831542,88.13392716881285,164.46614848174684
89,15.260799962561578,367.9978513121605,196.11374950408936,0.4788822829723358,370.33258378505707,195.1746742129326,0.5724376440048218,361.36171835660934,196.14009422063828,0.5675903558731079,387.2213714122772,205.5922075510025,0.5723093152046204,354.7612062692642,207.65342903137207,0.5105775594711304,421.6688652038574,216.89226627349854,0.6446733474731445,335.1166855096817,219.95902049541473,0.5272108316421509,458.99370086193085,203.68136358261108,0.5932555794715881,292.6038617491722,212.49820280075073,0.4909195601940155,429.18449372053146,167.59318858385086,0.6318263411521912,261.1346311569214,187.0347449183464,0.5748904347419739,413.312412917614,296.2761205434799,0.5631533265113831,367.9896887540817,300.0215038061142,0.7145285606384277,403.6040804386139,357.710280418396,0.4601750373840332,358.10354632139206,356.80596446990967,0.4569774568080902,415.5286946296692,384.1012020111084,0.5666852593421936,366.7830485701561,386.2801377773285,0.49612095952033997,115.5003026972206,122.2764543366126,69.93405319962096,150.97560464446738
90,15.258400002494454,370.2278086543083,194.14296263456345,0.4467788338661194,372.57198828458786,192.40068262815475,0.45193198323249817,364.48267912864685,193.5460368990898,0.5004529356956482,389.9391553401947,202.86007797718048,0.47779756784439087,360.01147067546844,204.5436064004898,0.6392747163772583,422.96138620376587,218.61727970838547,0.6902519464492798,343.18889343738556,223.4358595609665,0.6786752939224243,443.24478101730347,206.86643528938293,0.614713191986084,295.72310972213745,217.64546579122543,0.5588558912277222,395.0254727602005,176.15600562095642,0.5160461068153381,275.6987490057945,190.66539973020554,0.6220725774765015,414.68939632177353,298.04892241954803,0.537941575050354,371.00116419792175,301.2043468952179,0.7190690636634827,403.46512961387634,358.90455412864685,0.3924958109855652,360.2734754085541,357.1054527759552,0.44824114441871643,413.2904409170151,383.9078767299652,0.476533979177475,367.67902982234955,386.2017822265625,0.45680925250053406,126.03047414515804,116.6337239447384,62.5778198214629,133.53766786339614
91,15.040899976156652,373.02467572689056,195.96528714895248,0.38084352016448975,380.1519805788994,194.44721621274948,0.6096010804176331,370.11711901426315,194.57999539375305,0.5485288500785828,393.0348255634308,200.86380594968796,0.408590704202652,363.0244448184967,202.43636083602905,0.5579162836074829,422.5056746006012,216.94827330112457,0.7102118730545044,345.2643241882324,222.73159456253052,0.6522471904754639,446.9429015517235,223.11173057556152,0.3959976136684418,295.1889305114746,227.97965210676193,0.5930706858634949,403.1559426188469,209.78012776374817,0.30525970458984375,285.6953669786453,205.80768531560898,0.4975190758705139,412.64281553030014,289.41168570518494,0.7148852348327637,372.59310388565063,291.8431205749512,0.7070274353027344,401.21033668518066,356.8793737888336,0.3612450361251831,361.7516210079193,353.65928637981415,0.5831665396690369,411.529683470726,384.9530396461487,0.4773085415363312,367.807623565197,386.43473768234253,0.49724429845809937,83.59511837051993,105.59239980327288,2.777990312413678,107.19664152689596
92,14.955600025132298,369.80635303258896,202.55546247959137,0.30376937985420227,378.9230472445488,198.07987666130066,0.5642893314361572,363.861227452755,199.61379665136337,0.5386283993721008,393.67110365629196,204.0991844534874,0.5252870917320251,357.95712876319885,206.71138298511505,0.5488666296005249,422.57038629055023,219.5971764922142,0.725357711315155,343.6114730834961,228.94579595327377,0.701428234577179,441.3878927230835,235.92488384246826,0.4737018942832947,298.0852202177048,234.59487527608871,0.5157789587974548,381.53024858236313,223.285678088665,0.27331995964050293,300.72895234823227,219.20444869995117,0.5169897675514221,415.5907835960388,301.8589987754822,0.7267246842384338,369.8987103700638,302.4458510875702,0.7239346504211426,404.30413353443146,362.02034842967987,0.3669895827770233,361.9938750267029,356.9182801246643,0.5084713697433472,412.6328598856926,385.244505405426,0.4297378659248352,371.00640964508057,387.45734095573425,0.38880616426467896,53.90195949969283,102.60621562484032,,73.17965514067501
93,15.543400018941611,373.0126326084137,215.6438856124878,0.3715353310108185,384.9674081206322,209.1940445303917,0.4690948724746704,370.990031003952,213.26215434074402,0.48704254627227783,397.2134130001068,207.20793640613556,0.5990563631057739,357.4800874590874,210.682619035244,0.49374866485595703,426.1372368335724,214.97566175460815,0.4992738962173462,341.2945376634598,225.55263566970825,0.6235860586166382,433.6157457828522,237.07957261800766,0.6118095517158508,315.5956200957298,237.9158627986908,0.5276100039482117,362.4220480322838,228.21232104301453,0.27040207386016846,318.44959831237793,231.02242916822433,0.3771619498729706,418.70154786109924,292.9464921951294,0.6631269454956055,370.12421107292175,293.29673969745636,0.5332961678504944,401.8430018424988,351.53044629096985,0.30997005105018616,358.04809445142746,348.31002712249756,0.5589885711669922,416.6957530975342,384.2785425186157,0.5058566331863403,376.44141548871994,385.79679441452026,0.46563661098480225,24.139974595131882,87.36175398431051,,41.818496933437345
94,15.500299981795251,371.557128071785,206.57193845510483,0.3521242141723633,379.42968785762787,203.65614986419678,0.494526207447052,366.02385038137436,204.5038857460022,0.5703843832015991,393.25007623434067,203.5032992362976,0.4736611545085907,358.8305224776268,205.33901476860046,0.5954717397689819,420.82110995054245,220.08582800626755,0.5874044299125671,349.4521714448929,227.0412403345108,0.6581423878669739,435.0533729791641,245.56590402126312,0.43512487411499023,325.72706747055054,248.9095869064331,0.4676167070865631,386.7692459821701,248.10244631767273,0.2056514322757721,316.9624337553978,251.25517147779465,0.4644121825695038,413.7063834667206,287.9498932361603,0.6702848076820374,371.1518637537956,286.2992994785309,0.6354432702064514,407.30840986967087,341.5096218585968,0.4163846969604492,358.4920305609703,340.80092334747314,0.589900016784668,419.58299708366394,383.5495162010193,0.6035183668136597,367.54160445928574,383.9292299747467,0.5118152499198914,35.171077091755095,67.44424835044892,,152.3143967067235
95,14.770900015719235,370.1219630241394,207.95442533493042,0.3486124873161316,378.6890360713005,204.26047986745834,0.5171315670013428,363.18991726636887,204.91109031438828,0.595982015132904,392.5222436785698,204.12795704603195,0.4622402787208557,355.8004471063614,205.17643755674362,0.5766057372093201,421.5863296985626,221.8389505147934,0.6147260665893555,343.65311551094055,226.18477314710617,0.6316021680831909,428.46990859508514,255.55708122253418,0.49173659086227417,313.4701434969902,259.17072582244873,0.4533131718635559,400.41514295339584,261.77343904972076,0.2872382700443268,315.40028071403503,265.14649772644043,0.23859921097755432,409.4391051530838,289.2853456735611,0.633364737033844,366.08050656318665,288.1126664876938,0.6798928380012512,397.234073638916,344.4744656085968,0.4234887659549713,356.69072794914246,344.91820895671844,0.5696998238563538,413.1468334197998,382.8102958202362,0.5346548557281494,369.7300531864166,381.7600358724594,0.36252695322036743,21.748047214046093,62.367315229318685,,
96,15.113500005099922,373.4006618857384,210.88165962696075,0.4416578412055969,378.473009288311,205.18639034032822,0.5359382033348083,361.30693554878235,205.64254450798035,0.6222200393676758,393.92309921979904,204.9163984656334,0.5111772418022156,352.6293334364891,206.010284781456,0.48430588841438293,421.13061809539795,225.73290169239044,0.6305261850357056,344.5354746580124,228.1803514957428,0.6173569560050964,429.2413640022278,261.132027387619,0.5098519325256348,320.103921353817,262.5617598295212,0.5527076125144958,394.3024842143059,282.64481830596924,0.24572104215621948,319.80115735530853,285.10577976703644,0.36062541604042053,408.7576519846916,293.7679889202118,0.5474230051040649,363.12095034122467,292.2253979444504,0.6216871738433838,393.5714401602745,347.47408378124237,0.3434993028640747,353.7253107428551,345.4200403690338,0.533384382724762,411.36354196071625,381.8834503889084,0.4616132378578186,366.8812133669853,380.82866644859314,0.44468954205513,23.212270814480505,51.580140363085256,,145.37169137920208
97,15.015700017102063,369.65295046567917,208.9533530473709,0.4804442226886749,378.35924196243286,203.73664677143097,0.48230645060539246,361.8096153140068,204.05598032474518,0.5869923830032349,392.39557683467865,204.77615469694138,0.46388375759124756,354.9208444952965,205.22935318946838,0.5428851246833801,416.4869521856308,225.89620274305344,0.6196762919425964,347.7841727733612,229.16067051887512,0.6540893316268921,431.9250792860985,259.07584261894226,0.46992406249046326,333.5182693004608,264.5296061038971,0.5127442479133606,402.631210565567,290.36015582084656,0.35376453399658203,336.42028617858887,295.72012186050415,0.3231079876422882,406.8042849302292,292.66787457466125,0.5056454539299011,365.8164143562317,291.26353681087494,0.624992311000824,397.7699388861656,343.1476992368698,0.4067198634147644,352.5043793916702,341.69896602630615,0.5152095556259155,411.28820556402206,384.1649601459503,0.49296748638153076,364.6150731444359,380.88802123069763,0.4668295681476593,33.203087227599646,38.15769496619324,111.92986724995754,152.7179437312983
98,14.898099994752556,365.16306179761887,209.34393948316574,0.5494238138198853,373.80862921476364,203.44686996936798,0.42539623379707336,357.771236538887,204.3552424311638,0.5705854296684265,391.7686120867729,204.3684675693512,0.46154093742370605,354.0157104730606,205.60203969478607,0.5497860908508301,417.9447582960129,226.04368489980698,0.638511598110199,344.61131954193115,229.2809785604477,0.6023216843605042,436.28522342443466,258.65239691734314,0.4771060645580292,331.86057418584824,265.99043345451355,0.5651533007621765,409.6298146247864,300.05268919467926,0.4729585647583008,326.81635415554047,300.505269408226,0.4185926914215088,404.62841457128525,297.0164568424225,0.47141408920288086,358.8285955786705,296.37959933280945,0.5698366165161133,390.05549186468124,355.39107072353363,0.4018680155277252,353.0607714653015,351.7384594678879,0.5022785663604736,405.25270307064056,386.72843527793884,0.27343448996543884,366.76945322752,386.64440965652466,0.251852810382843,39.9818044382244,31.11752525809134,117.86953555612456,169.16043431760548
99,15.286999987438321,369.37421917915344,207.87202835083008,0.35801538825035095,377.5709797143936,203.35445988178253,0.5052921772003174,361.51190942525864,204.14605301618576,0.5365030169487,391.50248593091965,203.5283923149109,0.4140227437019348,353.36155503988266,205.3321232199669,0.5050605535507202,414.55486130714417,227.31053853034973,0.5792850255966187,344.5097023844719,231.4252454638481,0.5851088166236877,437.94869923591614,263.7752454280853,0.6056293249130249,333.06207597255707,264.6821551322937,0.5301203727722168,416.7744080424309,303.44909167289734,0.3674672842025757,318.3086670637131,302.69835019111633,0.4147654175758362,406.338885307312,298.9015140533447,0.6174861788749695,357.13878548145294,298.48129546642303,0.6002693176269531,393.06485307216644,353.0325927734375,0.38520753383636475,353.68010890483856,350.532182097435,0.4980737864971161,406.85430401563644,388.238996386528,0.35996532440185547,368.3635071516037,388.1181153059006,0.3032955527305603,39.228874904764986,29.66031734600102,119.22865963435535,177.78403744983058
100,14.87089996226132,373.0738384127617,206.5862191915512,0.4839203953742981,381.3167642354965,202.48090708255768,0.5521523952484131,366.3973476290703,202.43562191724777,0.5352635979652405,393.384397149086,204.25149220228195,0.4525286853313446,354.9272674918175,205.0781613588333,0.4867892861366272,411.68003511428833,228.03912752866745,0.5420984029769897,347.81425380706787,231.4593262076378,0.5638424754142761,438.27108013629913,260.46416544914246,0.48327821493148804,331.96711564064026,263.1779577732086,0.4745924472808838,435.63896292448044,290.6812688112259,0.36200031638145447,311.28597676754,297.8897683620453,0.4765220284461975,408.99391120672226,299.8422632217407,0.6035336256027222,357.05170035362244,298.6924452781677,0.5556473731994629,403.38018548488617,349.3729844093323,0.37501174211502075,355.0809644460678,347.8032796382904,0.5267617702484131,407.55205553770065,388.4603704214096,0.35611310601234436,365.5564435720444,387.80237078666687,0.36549288034439087,41.49681970036641,34.370582569738,135.66730117714155,175.76115713644626
101,14.910599973518401,371.06111216545105,205.14309573173523,0.45505326986312866,381.4921120405197,199.9622647166252,0.44757845997810364,366.1621589064598,200.7446892261505,0.47808682918548584,392.84705996513367,203.83997476100922,0.41765913367271423,354.563190639019,204.51697516441345,0.4562072157859802,412.96000450849533,226.7978042960167,0.5384262204170227,348.0414673089981,230.69249439239502,0.5907824039459229,448.86051392555237,260.9195806980133,0.46294814348220825,330.44411611557007,264.7967629432678,0.4839634597301483,464.9554727077484,297.4769389629364,0.4789697229862213,298.7799743413925,294.96558022499084,0.3964369595050812,410.488221347332,299.0169060230255,0.5367944240570068,356.6567663550377,298.15288376808167,0.505048930644989,396.95777773857117,351.8270995616913,0.391429603099823,356.204132437706,348.86144149303436,0.513020932674408,402.58750742673874,388.60438418388367,0.33142638206481934,368.18077290058136,388.3141851425171,0.3149507939815521,48.41538629782052,34.57092672274321,157.30712134566863,160.90780463289465
102,14.597199973650277,370.43238109350204,204.5058159828186,0.42541542649269104,380.44701021909714,199.52969563007355,0.4501069188117981,361.7417456507683,199.84432423114777,0.47665393352508545,392.20398420095444,203.65311878919601,0.4043613076210022,354.5494079589844,204.6018301844597,0.46166089177131653,409.878759264946,225.08075308799744,0.4997623860836029,345.3897867202759,229.3708552122116,0.6783584952354431,446.0917474627495,250.27038878202438,0.42532220482826233,327.1381730437279,266.2285462617874,0.503157377243042,470.5338451862335,286.71068120002747,0.5253650546073914,296.2224441766739,287.66892313957214,0.4131012260913849,411.23842734098434,297.48206615448,0.5401938557624817,356.8173145055771,296.8387544155121,0.5395603179931641,395.8094530105591,349.7868392467499,0.38476938009262085,354.1841000318527,346.4048230648041,0.4814448654651642,404.133549451828,387.1923254728317,0.35089540481567383,365.2537063360214,387.00174474716187,0.3211711645126343,54.10178648860905,35.95758355134425,158.67383333491023,151.0859273263529
103,14.976300008129328,371.0374541282654,204.4913090467453,0.4348660707473755,381.4448494911194,199.23596787452698,0.46119463443756104,362.6634724140167,199.41655057668686,0.49911749362945557,391.89725935459137,203.3663730621338,0.4097520411014557,355.24512553215027,204.3234086036682,0.4756919741630554,411.2386682033539,224.3119005560875,0.6159263253211975,343.23133873939514,226.94588965177536,0.6985601782798767,453.77587258815765,252.8057096004486,0.5532950162887573,331.8712524175644,263.77268183231354,0.46156150102615356,495.6640866994858,284.92632806301117,0.48871928453445435,297.8397011756897,277.35892510414124,0.4803498387336731,408.8057976961136,294.20880675315857,0.611186683177948,357.1805617213249,293.05464577674866,0.6455220580101013,391.2250392436981,350.5280501842499,0.4199032187461853,354.9700071811676,345.89626598358154,0.48687437176704407,403.5494582056999,385.43366861343384,0.37866660952568054,362.63604086637497,385.8654987812042,0.32248765230178833,58.17706653938343,29.0584758474308,176.33477288629132,128.90671919943767
104,14.78189998306334,372.0627249479294,204.83335304260254,0.46597230434417725,382.44785392284393,199.63793969154358,0.48031970858573914,363.90027391910553,199.62827342748642,0.5106586217880249,391.16913241147995,203.0891277194023,0.41885966062545776,354.99984735250473,204.55361950397491,0.5175060629844666,408.49420207738876,221.799018740654,0.6429781317710876,337.5876657962799,224.5525015592575,0.6968814730644226,458.55399322509766,249.2314840555191,0.6035767197608948,323.7647082209587,259.80082750320435,0.514726459980011,509.7148197889328,279.735951423645,0.7071417570114136,294.90225076675415,273.1903374195099,0.4641048014163971,412.1712337732315,293.03440845012665,0.6660999059677124,359.218792617321,292.65469467639923,0.716058611869812,391.3629730939865,353.7080248594284,0.4688563644886017,356.1628379225731,349.9344118833542,0.5579940676689148,400.4143668413162,384.0617527961731,0.379216730594635,365.2922978401184,386.10937213897705,0.45849326252937317,58.32264922723886,39.03436610610026,177.91711154300347,136.3000268265692
105,15.108999970834702,371.4812564253807,204.35978150367737,0.44208449125289917,380.70122706890106,199.56035321950912,0.47540074586868286,363.2474030852318,199.43740618228912,0.5254841446876526,390.7308967113495,204.23784482479095,0.4319973587989807,355.7928465604782,204.7790651321411,0.5149667263031006,407.4292692542076,221.80106961727142,0.5939847230911255,339.484055519104,222.8313485980034,0.6525136828422546,471.75651609897614,242.72794318199158,0.6409558653831482,308.71618938446045,255.95507192611694,0.5011932849884033,527.2494397163391,263.3760483264923,0.44440576434135437,290.3431543111801,260.16057538986206,0.39333003759384155,407.55390214920044,288.6813323497772,0.6390730738639832,358.64960807561874,288.76469445228577,0.6584030389785767,391.7070583701134,349.1183137893677,0.4419088363647461,359.11848682165146,345.6871670484543,0.5203345417976379,396.4468283653259,384.66757571697235,0.45178985595703125,363.9473223686218,384.9365723133087,0.4975576400756836,71.87253848736246,59.09643427393127,177.6111918665191,145.78094661291146
106,14.75679996656254,371.7945648431778,204.2568154335022,0.46949082612991333,380.0895704627037,199.3786696791649,0.4764063060283661,365.647569835186,198.51469266414642,0.5282192230224609,387.4609224200249,205.56194204092026,0.5706707835197449,357.70371478796005,205.08304727077484,0.5645237565040588,396.2681352496147,221.92472541332245,0.5260339379310608,350.3214704990387,223.5569970011711,0.4398077428340912,475.3677388429642,237.3277286887169,0.4870103597640991,308.83753049373627,248.73936414718628,0.4079076051712036,530.0353074073792,249.96382796764374,0.36502018570899963,333.72867596149445,235.57290214300156,0.16477735340595245,394.1202049255371,290.10741543769836,0.5548855662345886,366.23142021894455,291.21537137031555,0.5773158073425293,384.46352404356,350.4391688108444,0.3569752871990204,360.43378269672394,346.7867988348007,0.5157923698425293,392.4124907255173,384.7977159023285,0.4092613160610199,369.5878641009331,385.630401968956,0.443575382232666,80.78510643228377,71.97338079284702,178.00424061023384,
107,14.855400018859655,370.4070102572441,202.16953575611115,0.4194272458553314,377.43711376190186,197.14582300186157,0.5055806636810303,363.18726778030396,196.93337631225586,0.6086869835853577,388.4213744997978,203.2444967031479,0.3475498557090759,354.73572838306427,204.10444736480713,0.48031893372535706,403.7215677499771,218.94468104839325,0.45385056734085083,339.1979110240936,222.69259774684906,0.5824283361434937,463.39404225349426,229.58984661102295,0.4837501347064972,337.2535094022751,250.95229017734528,0.30672910809516907,530.0428009033203,238.89159750938416,0.5177493095397949,335.82824647426605,229.7102451324463,0.27137646079063416,410.6121048927307,293.1295630931854,0.6575312614440918,362.3519303202629,292.79092717170715,0.6884836554527283,392.00559389591217,351.12286472320557,0.4639572203159332,356.4387323856354,346.69840002059937,0.479780912399292,395.35904037952423,385.8089790344238,0.3891529440879822,364.4862653017044,383.70873057842255,0.31642207503318787,74.57862721607088,22.21480757982096,177.83031738367913,
108,15.1715999818407,374.8263530135155,201.49546086788177,0.4599640369415283,383.08378410339355,198.15910685062408,0.5360618233680725,369.65731275081635,197.04982388019562,0.5975703001022339,389.6772041320801,203.56916856765747,0.35177117586135864,357.5874317884445,204.23844802379608,0.5350158214569092,404.17313116788864,220.77896398305893,0.4073329567909241,345.59858763217926,224.07212895154953,0.5910575985908508,469.3557605743408,226.7769336104393,0.5606653690338135,341.5383171439171,249.17829698324203,0.23341044783592224,531.0102647542953,226.4991453886032,0.449769526720047,345.09087651968,220.7519255876541,0.2719089686870575,410.7043551802635,294.6231441497803,0.650265634059906,362.4971168041229,294.07471561431885,0.667251467704773,403.1451305747032,345.15864408016205,0.48797526955604553,358.31253457069397,341.8340826034546,0.45775383710861206,411.2593020796776,384.68374145030975,0.5206587910652161,365.23202872276306,383.7369602918625,0.5201469659805298,79.68813582868357,,174.4844192743095,
109,14.886300021316856,374.17492735385895,200.8712705373764,0.4172142744064331,382.1071674823761,197.29914110898972,0.5596636533737183,368.94473481178284,196.79328334331512,0.6079090237617493,389.7436553835869,202.57874596118927,0.3467089831829071,357.3126613497734,203.90308445692062,0.5149141550064087,405.67555034160614,220.8438229560852,0.44186607003211975,344.0221701860428,223.54529494047165,0.5986289978027344,468.57638347148895,225.76138776540756,0.4768078923225403,319.5631853342056,234.21311062574387,0.33235132694244385,532.652036190033,219.74781036376953,0.587384819984436,312.00808215141296,219.2176889181137,0.23072972893714905,409.5519625544548,294.964072227478,0.5744814872741699,362.17816150188446,294.6829513311386,0.5926088094711304,404.74188750982285,347.9638512134552,0.4498707354068756,358.0581839084625,344.29836165905,0.44792383909225464,410.6489033102989,385.7935371398926,0.47248774766921997,364.444944024086,384.70952820777893,0.47299250960350037,82.53594665522932,80.75308634268907,170.16815576333164,
110,14.941600034944713,376.14349550008774,203.48460006713867,0.5171512365341187,385.96487271785736,200.00002497434616,0.5240114331245422,371.6638568639755,199.47091388702393,0.49127012491226196,393.27884590625763,205.18838089704514,0.528565526008606,360.8431684374809,205.53626084327698,0.6732785105705261,415.2868688106537,221.62036627531052,0.5825216770172119,344.1859833598137,220.58287906646729,0.6047143340110779,490.661803483963,219.56926345825195,0.48721635341644287,297.73417669534683,221.56318300962448,0.357982337474823,538.3705905675888,209.02840608358383,0.569350004196167,238.92572903633118,208.3867380619049,0.5956162214279175,411.58026456832886,294.8078738451004,0.6694959998130798,364.0933920145035,293.43885338306427,0.7108225226402283,399.85288989543915,349.0132968425751,0.46452596783638,358.996155500412,344.4891836643219,0.5306735634803772,409.61027801036835,386.2274785041809,0.45691758394241333,364.88641798496246,384.5824341773987,0.3145405352115631,94.45803370505122,104.07366352329397,169.09987886094822,166.16208059865875
111,15.039100020658225,375.1664506793022,202.73239582777023,0.46075162291526794,384.3344485759735,199.5489979982376,0.5601206421852112,372.8623344898224,200.29524564743042,0.47138381004333496,391.9127815961838,204.75629436969757,0.5093533396720886,361.37089788913727,206.04424488544464,0.708810567855835,417.5301806330681,219.8350932598114,0.6105102896690369,342.33187836408615,219.49597477912903,0.6364078521728516,488.8986374139786,216.77565282583237,0.656097412109375,283.9321473836899,214.02916711568832,0.6419115662574768,528.4504865407944,199.76515436172485,0.629707396030426,226.61792957782745,196.46147865056992,0.6737814545631409,406.43456119298935,295.39870727062225,0.5649935603141785,365.2818069458008,296.1977348327637,0.703665554523468,397.50127029418945,351.35612177848816,0.5102972388267517,357.2531148195267,348.0150326490402,0.5819701552391052,408.9285304546356,385.29740595817566,0.4505547285079956,365.85495233535767,385.43523693084717,0.44091570377349854,100.80817491308116,112.0055874735854,159.18304556312765,168.30677507738264
112,15.029800008051097,374.6447963118553,202.36341899633408,0.4550189971923828,381.9987794160843,200.7009572982788,0.46291571855545044,372.06689989566803,199.31607270240784,0.5566582679748535,393.7621763944626,206.41570991277695,0.5866737961769104,363.2222463488579,206.3105120062828,0.7305755019187927,417.0815343260765,219.86103081703186,0.574571430683136,343.34363412857056,219.38878631591797,0.6164509654045105,488.2847595214844,211.66337537765503,0.7387508153915405,283.92021131515503,212.38730466365814,0.698337972164154,525.4700020551682,184.44215035438538,0.6021742224693298,235.44743555784225,191.88862699270248,0.5739327073097229,406.6897414922714,293.87201058864594,0.575661838054657,365.2438042163849,295.2958618402481,0.7195770740509033,402.8444540500641,348.029358625412,0.4161975383758545,356.36176347732544,349.17567801475525,0.589613139629364,411.842510163784,384.5111058950424,0.516350269317627,365.8930353522301,385.2101230621338,0.4943423867225647,104.56015120185792,112.81334639824377,150.36180938706195,163.79677213241015
113,14.75969998864457,372.995076417923,200.0507389307022,0.3225347697734833,381.1593472957611,196.7689744234085,0.6409822106361389,371.26680862903595,196.42433667182922,0.6516647934913635,392.5570616722107,205.43202805519104,0.5504239797592163,362.63403367996216,205.3398894071579,0.6835499405860901,417.703708589077,219.588445186615,0.566966712474823,341.205525636673,219.13072270154953,0.6095086932182312,481.51856088638306,212.85746812820435,0.5979490280151367,286.67827278375626,210.5416363477707,0.6274863481521606,502.0136469602585,184.4879331588745,0.5717422366142273,242.20001208782196,185.76381969451904,0.6537244915962219,411.49505281448364,296.7842252254486,0.5765995383262634,366.6587903499603,298.09533858299255,0.6538280248641968,405.2969146966934,355.5654253959656,0.4464915692806244,356.14193642139435,352.32256722450256,0.5448630452156067,411.38819020986557,384.75588405132294,0.44957590103149414,367.39267122745514,386.7521108388901,0.4597925543785095,100.61935686964198,116.81771182353593,131.86669009281945,159.83045462564476
114,14.788499975111336,372.29076808691025,197.18225622177124,0.5920374393463135,375.04037261009216,195.93803763389587,0.5675939917564392,365.43831396102905,196.17470276355743,0.68465256690979,389.7662161588669,205.82579636573792,0.4913545846939087,360.29236972332,206.5509923696518,0.7290946245193481,418.2529550790787,220.51740181446075,0.5992825627326965,341.4952027797699,220.0214666724205,0.5705164670944214,480.9447731971741,204.80697816610336,0.6872957944869995,290.59033262729645,208.71137976646423,0.6790831685066223,480.4569466114044,171.0869323015213,0.5280967950820923,248.49960678815842,182.2195429801941,0.5936662554740906,412.70993584394455,301.30954480171204,0.697056770324707,367.16909742355347,302.9455109834671,0.734679102897644,405.9815258383751,359.1176643371582,0.38133078813552856,355.8249615430832,355.6236642599106,0.42709919810295105,409.00879114866257,384.3447436094284,0.3855276107788086,367.71264350414276,386.30526101589203,0.4122733473777771,107.9932896124285,119.72945814820784,103.23963065307791,160.34030151168727
115,14.956299972254783,372.78729248046875,197.958618581295,0.5578269958496094,375.161874294281,196.30338019132614,0.6154325008392334,365.75740307569504,196.5938959121704,0.6760493516921997,388.9920577406883,206.12754666805267,0.4886246919631958,360.70071172714233,206.98318445682526,0.7455631494522095,418.5889045596123,223.69249057769775,0.6265668272972107,341.92757749557495,223.9559075832367,0.7003174424171448,474.238308429718,209.30352514982224,0.4402204751968384,297.1999171972275,215.39609146118164,0.6041204333305359,465.4692053794861,172.87719678878784,0.563450038433075,262.7668751478195,187.69639390707016,0.4753980040550232,413.0552521944046,306.01615583896637,0.6201862692832947,366.21389079093933,307.11346530914307,0.653702974319458,407.5827521085739,366.5625274181366,0.4618958830833435,355.68023002147675,357.91220128536224,0.35039737820625305,410.46014750003815,380.90949511528015,0.3276945948600769,366.8655840754509,383.81573808193207,0.36146607995033264,108.34269108547915,117.11459734311337,90.96159242645705,152.01908336388573
116,15.23400004953146,375.29702484607697,196.3583316206932,0.4042755961418152,381.893870472908,195.71851843595505,0.6350923776626587,372.6019622683525,195.1650984287262,0.5818833708763123,394.2103142142296,207.2107412815094,0.6115997433662415,363.0445166826248,207.9396469593048,0.7336117029190063,423.9249962568283,224.26299619674683,0.6476683020591736,341.8577809333801,225.51853984594345,0.7067573070526123,465.8776009082794,207.59368216991425,0.6384543180465698,296.34806728363037,219.64104413986206,0.5409932732582092,435.3227641582489,171.4583973288536,0.49312397837638855,284.52841556072235,195.24294126033783,0.5789903402328491,412.7063229084015,307.44890427589417,0.5954306721687317,364.38328325748444,308.45697045326233,0.6341409683227539,406.2286238670349,369.6817901134491,0.4273078143596649,356.4969140291214,358.4773987531662,0.33114898204803467,404.26928877830505,380.5746291875839,0.31762874126434326,364.2410674095154,375.90936744213104,0.17731064558029175,119.35046582043577,112.55352592344421,71.45295801650039,123.20676160713205
117,15.032200026325881,388.2606925368309,198.60164380073547,0.48673900961875916,393.1463448405266,200.47056543827057,0.36877331137657166,380.4507569670677,197.48844003677368,0.5485690236091614,407.98087084293365,213.65423369407654,0.40403932332992554,372.09146785736084,211.4391964673996,0.6223390698432922,431.2792202234268,227.16604220867157,0.5482853055000305,351.1256296634674,228.97100967168808,0.5879636406898499,447.4098801612854,207.3002861738205,0.46472832560539246,299.80669033527374,223.02251744270325,0.639037013053894,408.43486964702606,185.62203776836395,0.45160871744155884,284.1352746486664,192.63478416204453,0.44119754433631897,415.0278079509735,305.46151435375214,0.6157503128051758,368.93956965208054,305.74622428417206,0.6248463988304138,406.17847096920013,367.9266619682312,0.3666587471961975,357.293847322464,358.33006739616394,0.3282114565372467,403.4125145673752,379.6097218990326,0.36736297607421875,361.05349481105804,380.08896350860596,0.37710171937942505,152.65008220587836,109.67480652637403,80.00718401327846,123.89262072908161
118,14.902800030540675,382.87150406837463,200.69227123260498,0.48643508553504944,388.86509650945663,202.08753085136414,0.43798908591270447,375.25369638204575,199.6478019952774,0.5006527304649353,401.04312467575073,210.5129994750023,0.511695146560669,369.0902156829834,209.5469913482666,0.6891697645187378,426.29037177562714,221.48894429206848,0.5626680850982666,352.27620244026184,230.23038363456726,0.6019734740257263,440.65834736824036,227.04467856884003,0.5254535675048828,297.10560619831085,226.75840032100677,0.5986901521682739,401.3686100244522,209.75563788414001,0.34502220153808594,281.0629145503044,209.64576518535614,0.5096133351325989,415.6836761832237,304.6595311164856,0.6763209104537964,369.87259018421173,305.41045355796814,0.6524910926818848,402.8459259867668,363.8173989057541,0.2718523442745209,361.8791710138321,360.57372641563416,0.3492967486381531,407.7077864408493,380.7547745704651,0.2885483205318451,362.5009706020355,380.89905977249146,0.4414178133010864,76.12743551412511,106.77428978751944,2.611164973299885,136.75264627265244
119,14.890799997374415,384.0950313806534,207.7274113893509,0.4914664030075073,389.07799208164215,204.29715436697006,0.48394444584846497,376.45897167921066,204.5053786635399,0.42349398136138916,401.43219769001007,211.5307319164276,0.47069627046585083,370.82565581798553,210.22583150863647,0.5613811612129211,425.04005521535873,226.16673749685287,0.6033242344856262,355.2214674949646,232.18185305595398,0.5244292616844177,441.2326703071594,239.96551793813705,0.49091169238090515,306.4163284301758,236.69177597761154,0.4316670000553131,399.65120780467987,227.13601797819138,0.26170721650123596,305.153888463974,221.85291457176208,0.4491298794746399,415.0792989730835,301.05451226234436,0.663459837436676,368.4903880953789,300.8371193408966,0.5112659335136414,401.66947388648987,357.1677029132843,0.35266369581222534,361.2568361759186,354.22590136528015,0.4859611988067627,406.14582073688507,384.95249676704407,0.3799724876880646,363.67086589336395,384.2901842594147,0.4999863803386688,57.139914788754744,95.65909888233021,,89.58329865382144
120,14.844799996353686,377.13137912750244,208.0865108370781,0.42706310749053955,386.23305958509445,204.93945574760437,0.5039786696434021,372.54610896110535,205.2845458984375,0.5638800263404846,400.94900101423264,208.6998586654663,0.6045881509780884,367.82477831840515,209.32525539398193,0.5865395069122314,427.2233387827873,223.269557595253,0.6072133183479309,345.9617277979851,231.40737569332123,0.5476031303405762,438.6260845065117,243.52612626552582,0.5328249931335449,315.4337605834007,242.8540570139885,0.431125283241272,372.49063032865524,235.2411276102066,0.2483854591846466,323.1457454562187,240.88865369558334,0.4212684631347656,419.2169665694237,305.0129152536392,0.6783872842788696,371.49453061819077,304.5356340408325,0.6737599968910217,401.2176696062088,362.5942018032074,0.3615292012691498,359.42483699321747,358.7712471485138,0.4475879669189453,407.63017523288727,386.0944731235504,0.36513516306877136,366.9682449698448,387.9042510986328,0.4909023642539978,34.969860309799145,88.69280242974949,,6.256385973336429
121,14.757300028577447,384.52301704883575,212.80115950107574,0.3732532858848572,389.6897022128105,208.4125398993492,0.4523216485977173,376.5856385231018,208.6655969619751,0.5074070692062378,402.4671832919121,210.48547852039337,0.4997868239879608,371.6764352321625,210.72868835926056,0.5241609215736389,429.89961409568787,227.6332198381424,0.5433814525604248,353.3160588145256,231.16273325681686,0.4552081823348999,442.20323860645294,250.37715500593185,0.4387912452220917,321.96273654699326,254.15373873710632,0.41621607542037964,417.3774203658104,250.12298202514648,0.27588486671447754,319.6642940044403,254.87305355072021,0.40982165932655334,419.73966467380524,295.2718243598938,0.6004371643066406,373.37162458896637,294.9819269180298,0.541555643081665,408.1932044029236,350.0088768005371,0.4232977330684662,362.3239635229111,348.8809851408005,0.516887366771698,412.8200634717941,386.44674134254456,0.45409759879112244,366.7702025771141,387.6532599925995,0.48419737815856934,36.95423745957473,71.1935026311446,,161.12576447854067
122,14.90639999974519,383.75889456272125,213.57096207141876,0.4321344792842865,389.34243220090866,208.31821465492249,0.4636218249797821,376.1923370361328,208.62934470176697,0.4726182222366333,401.95941865444183,210.80993926525116,0.4791959226131439,371.24563950300217,211.54321813583374,0.4305405914783478,428.14693892002106,230.78966975212097,0.4608822464942932,356.33740961551666,234.68859732151031,0.44272974133491516,435.88539189100266,260.98351979255676,0.3693315088748932,327.4895912408829,263.4929482936859,0.4456198215484619,418.0750380754471,261.4141435623169,0.2797226905822754,329.58578968048096,268.838739156723,0.25878122448921204,415.211345076561,297.29284262657166,0.5897265672683716,371.6236328482628,296.68457674980164,0.5769296884536743,407.9542154073715,349.06257820129395,0.3627164959907532,363.92296850681305,347.575692653656,0.4613911211490631,411.4987995624542,385.8564507961273,0.44842979311943054,362.48619771003723,385.2424545288086,0.471056193113327,25.38226719444505,58.894219883761075,,
123,15.11969999410212,383.52552568912506,215.1984080672264,0.4678798317909241,389.3064901828766,209.57871961593628,0.4146634042263031,375.8530690073967,209.52308958768845,0.42181941866874695,406.62085485458374,210.60578656196594,0.4192586839199066,372.0557667016983,211.4572321176529,0.4290664792060852,427.211429476738,233.1319819688797,0.5057834982872009,352.6305377483368,232.95491290092468,0.4136306047439575,432.1842471957207,267.8933755159378,0.43106237053871155,329.231240272522,265.29434180259705,0.5332086086273193,405.78136920928955,282.7785475254059,0.29714247584342957,323.8368331193924,288.6485786437988,0.49274030327796936,414.08218228816986,300.72709584236145,0.6006523370742798,369.6937364935875,298.53724217414856,0.6008140444755554,404.081951379776,350.30477607250214,0.29889798164367676,362.62766420841217,346.67581021785736,0.42110300064086914,409.1923015117645,385.85464119911194,0.38038522005081177,364.06882405281067,383.90612745285034,0.4615685045719147,19.13315859342281,50.47160571061497,,157.1184486056051
124,14.947099960409105,381.2483593225479,216.2437368631363,0.5408338904380798,390.0712282061577,211.91708087921143,0.34351328015327454,374.85207176208496,212.0644725561142,0.33175036311149597,405.51639384031296,211.29154843091965,0.4692215323448181,368.5155180692673,212.43774718046188,0.508549690246582,425.09044897556305,232.6220526099205,0.5176721215248108,353.7776314020157,234.45482754707336,0.47666898369789124,440.1486825942993,266.52921080589294,0.5524020195007324,333.90589714050293,269.6221137046814,0.5333514213562012,413.2452926039696,293.33772706985474,0.2985644042491913,331.14936113357544,301.2016324996948,0.4732072353363037,412.37848246097565,298.98771119117737,0.5837163329124451,367.4575702548027,297.00921845436096,0.5660945177078247,404.0511209964752,350.30504751205444,0.3173680305480957,358.4250172972679,348.5960339307785,0.4615219235420227,412.32883805036545,384.64311599731445,0.47291430830955505,364.8897632956505,381.9098403453827,0.45804932713508606,34.789442445844465,41.80492266987015,,155.51944442035278
125,14.727699977811426,382.99991047382355,216.7960560321808,0.5665565133094788,391.3246759772301,212.20660132169724,0.37318313121795654,375.4352263212204,212.40841662883759,0.35575735569000244,406.93488585948944,212.1376405954361,0.5181403756141663,366.6120898127556,213.0397548675537,0.5828301310539246,427.00744581222534,233.8486728668213,0.5814507007598877,354.3024972677231,236.08877301216125,0.5773576498031616,442.63208067417145,267.4917656183243,0.5944607257843018,329.3415820002556,270.69028866291046,0.29207202792167664,418.61060893535614,306.0520461797714,0.36161208152770996,330.3817059993744,306.67916202545166,0.42348983883857727,410.82823872566223,304.1146614551544,0.5433652400970459,364.1450971364975,303.1158845424652,0.6080209612846375,402.88489216566086,360.12856554985046,0.31857654452323914,363.93006056547165,357.92305886745453,0.4635067582130432,406.18181627988815,388.7835644483566,0.2837749719619751,366.66810369491577,387.50770807266235,0.2736106514930725,37.87797853127984,,123.16753655630525,
126,14.966099988669157,379.9791216850281,214.491504073143,0.5243116021156311,388.3085438609123,208.93254268169403,0.3709808886051178,372.45120918750763,208.8180856704712,0.44643789529800415,405.93988341093063,211.92178583145142,0.4902810752391815,363.71799463033676,212.78653192520142,0.56466144323349,424.9974225759506,233.99113339185715,0.45664647221565247,350.0744527578354,237.79431819915771,0.6536296606063843,442.4596232175827,271.6784794330597,0.5694125890731812,337.0699455142021,274.5922020673752,0.5222771763801575,424.8134037256241,312.3813228607178,0.440095454454422,326.00320279598236,312.1903500556946,0.3740224540233612,407.3977162837982,309.43879747390747,0.5149586200714111,359.4533658027649,308.73284351825714,0.5707210302352905,400.5058945417404,366.50694262981415,0.3876873552799225,365.9468547105789,365.85657346248627,0.4898017942905426,404.0239035487175,388.03716599941254,0.2445511370897293,367.47022891044617,387.140239238739,0.2301543653011322,37.990960896565035,26.99509485925075,131.70108829912812,176.93781569652998
127,14.694300014525652,380.65276020765305,216.68897312879562,0.5254277586936951,391.3499130010605,210.21634620428085,0.44834572076797485,372.576297044754,210.2560366988182,0.38319581747055054,402.9728872179985,213.7231039404869,0.5741629004478455,363.0610023736954,214.35852885246277,0.5463791489601135,424.9077414870262,237.82930374145508,0.5416658520698547,351.3887048959732,238.64274775981903,0.4165430963039398,445.82840460538864,273.0426139831543,0.39165911078453064,336.1724120378494,271.98617124557495,0.32788482308387756,435.8545882701874,309.7290266752243,0.41591233015060425,324.48780381679535,302.3863756656647,0.2023390233516693,413.2610557079315,306.4498860836029,0.44863495230674744,364.96360099315643,306.19020891189575,0.43892523646354675,406.71944785118103,362.03376960754395,0.31342267990112305,369.35377264022827,361.69051921367645,0.4308217763900757,409.3451153039932,386.0496554374695,0.23580579459667206,376.3774263858795,387.08700692653656,0.21753020584583282,40.34784806372023,35.89288203484154,134.0757108659064,
128,15.021400002297014,383.5387195944786,215.5951320528984,0.5208641886711121,389.8790467977524,209.67037570476532,0.3812580704689026,374.5680682659149,209.52138555049896,0.42679721117019653,404.8233525156975,212.63817512989044,0.5473852753639221,362.50568079948425,213.52881354093552,0.5698500275611877,425.1486306190491,234.8552612066269,0.5992536544799805,355.18622130155563,238.22269505262375,0.5638878345489502,449.9008252620697,263.970862865448,0.457283616065979,333.2590746283531,268.6951777935028,0.42181095480918884,457.79506266117096,297.53605246543884,0.4573359489440918,320.6990922689438,295.7287777662277,0.3351987302303314,416.66907089948654,300.5752103328705,0.5312952399253845,367.18052500486374,300.4538768529892,0.5249090194702148,405.46209275722504,354.74242067337036,0.37915459275245667,364.17713183164597,354.2935199737549,0.5105421543121338,404.17695820331573,386.4927352666855,0.2587495744228363,367.18253219127655,386.04299008846283,0.2675118148326874,47.72103723090109,46.64702731439666,152.86590286693593,169.18214513108975
129,15.027399989776313,379.4897428750992,213.80476200580597,0.4504958689212799,390.55217683315277,208.59716403484344,0.501234769821167,372.5876175761223,208.8889012336731,0.43399667739868164,401.7791465520859,211.94348591566086,0.5160771608352661,362.0102269053459,213.79844349622726,0.6192545294761658,423.2519197463989,231.9962336421013,0.5761058926582336,349.96847331523895,234.28006571531296,0.6368734240531921,454.345699429512,262.288902759552,0.48309239745140076,333.435787320137,268.1058523654938,0.5675000548362732,475.17226564884186,296.21191000938416,0.46955564618110657,299.1196973323822,296.50452184677124,0.4717473089694977,414.7060961127281,298.18044996261597,0.5666694641113281,364.13120740652084,298.8927676677704,0.5739673376083374,404.3778909444809,355.08105659484863,0.39616549015045166,364.5190225839615,354.98852586746216,0.5563924312591553,405.5310329198837,386.50422620773315,0.2372675985097885,366.6993622779846,385.5404348373413,0.23768362402915955,53.10510810130729,38.410904719366485,165.79959149889348,155.65736996739793
130,15.180400048848242,377.04945915937424,212.46995800733566,0.4241683781147003,389.35327100753784,207.71444261074066,0.5212031602859497,371.3601026535034,208.02967441082,0.40667423605918884,399.2057997584343,211.15448653697968,0.4560444951057434,361.1053069829941,212.91989922523499,0.5554735064506531,417.8894402384758,231.15664094686508,0.5533422231674194,349.74283879995346,234.5232001543045,0.6357625126838684,453.74049258232117,257.67542564868927,0.5492457151412964,332.54288375377655,265.5340530872345,0.5411288738250732,492.64153158664703,285.57898938655853,0.5116651058197021,302.6480366587639,284.4701588153839,0.4389188587665558,412.67311066389084,298.65462470054626,0.5744896531105042,365.73104202747345,298.46561229228973,0.5880699753761292,401.2583753466606,356.2251441478729,0.332439124584198,364.19963908195496,354.9211485385895,0.5703230500221252,404.43687546253204,385.86791157722473,0.3035276532173157,368.2775728106499,384.8575532436371,0.29806405305862427,57.92902050676007,43.05307444107545,179.16164050419573,151.3657783230955
131,14.844100049231201,379.47025978565216,214.76059114933014,0.49860209226608276,390.7046694755554,209.1939389705658,0.4995996057987213,372.0497719049454,209.4120557308197,0.4502064883708954,400.19266641139984,212.1860322356224,0.563643217086792,360.543937087059,214.15886998176575,0.6115391254425049,420.8380506038666,231.97371923923492,0.6018790602684021,347.8543975353241,235.29472184181213,0.6779108047485352,464.6015655994415,255.4186772108078,0.5417609214782715,326.93218219280243,264.683482170105,0.49790632724761963,512.9891563653946,280.61040902137756,0.5699411630630493,307.2844766974449,272.10771584510803,0.4161383807659149,414.8227537870407,298.3816771507263,0.5928521752357483,366.4554489850998,298.7100285291672,0.6064091324806213,402.61531364917755,352.59050822257996,0.36318209767341614,363.8297547698021,350.419474363327,0.5609110593795776,403.695072889328,385.64777410030365,0.3447618782520294,368.2158317565918,385.5616674423218,0.3812517821788788,66.99697048064645,51.795054935309956,179.32374692326565,146.14748579572566
132,14.77020001038909,381.8510504961014,216.35661047697067,0.4386938214302063,371.5256018638611,212.1682529449463,0.31987085938453674,386.7383085489273,212.64205068349838,0.31119778752326965,366.8570468425751,215.2690577507019,0.6497253775596619,399.01597344875336,213.51362800598145,0.6006415486335754,346.1790124177933,235.46081268787384,0.6505163311958313,424.5395699739456,232.89800107479095,0.47608742117881775,311.13482224941254,262.08140230178833,0.47995901107788086,482.67245221138,256.20663607120514,0.6707596778869629,299.6053829193115,263.7257831096649,0.35909220576286316,533.271320104599,271.8333809375763,0.46423453092575073,364.80634462833405,299.8640387058258,0.5620812177658081,417.2189061641693,299.0210680961609,0.5372410416603088,367.681920170784,352.09063720703125,0.5087421536445618,404.25173258781433,352.4676365852356,0.3572045564651489,376.0659110546112,385.4607824087143,0.3403127193450928,393.01860749721527,385.5712583065033,0.38119572401046753,68.9100806157925,74.46910768884784,150.89567627201498,175.31402913354535
133,14.978699968196452,382.68769931793213,216.92658829689026,0.44795987010002136,372.72734451293945,213.3043782711029,0.37948787212371826,387.4218224287033,213.70042365789413,0.349812388420105,367.4831551909447,216.30330276489258,0.6798652410507202,399.368488907814,214.65102005004883,0.6171579957008362,345.8102788925171,234.29971492290497,0.6351150870323181,428.1950578689575,231.4449851512909,0.4962971806526184,311.85401052236557,256.6159669160843,0.5228891372680664,485.9442195892334,250.09562695026398,0.6300506591796875,314.08685821294785,256.36395037174225,0.28930655121803284,542.6883964538574,264.4069757461548,0.40037229657173157,365.0747723579407,300.5980715751648,0.5874149203300476,416.0187425017357,299.26222705841064,0.5605129599571228,366.97426652908325,353.76665580272675,0.5090147256851196,397.59737437963486,353.52226972579956,0.3967909514904022,375.52835977077484,383.9981756210327,0.2788279354572296,390.4396138191223,385.2566900253296,0.3816874921321869,72.88927880739406,82.28041990599314,,176.25690501246694
134,14.962499961256981,384.0307211279869,219.2644066810608,0.34291261434555054,391.50256621837616,215.9125806093216,0.47510433197021484,377.58963316679,216.44764828681946,0.49777472019195557,401.0481560230255,216.05951988697052,0.5933844447135925,366.0942624807358,216.3083997964859,0.6589080095291138,420.98604714870453,230.78234088420868,0.5226317048072815,349.3399295806885,234.30505323410034,0.4648250937461853,473.77810072898865,239.64340966939926,0.5503389239311218,331.13316982984543,252.56467127799988,0.3708728849887848,539.2276324033737,249.51058423519135,0.5160724520683289,340.6222640275955,245.6559163928032,0.31992802023887634,413.0424329638481,295.82963263988495,0.4927440881729126,370.8506252169609,296.5608003139496,0.5134468078613281,407.6775180697441,347.2698405981064,0.362840473651886,366.4025930762291,347.1486277580261,0.4538610875606537,407.15476644039154,383.03812408447266,0.41912251710891724,369.9522353410721,381.8471076488495,0.42177268862724304,87.43432436130779,63.978078180962214,179.04515477666504,9.025692456345546
135,14.934099977836013,384.23604291677475,218.65098345279694,0.4481778144836426,389.17018884420395,214.2545976638794,0.4311995208263397,375.6468105316162,214.8444961309433,0.4302895963191986,398.3877241015434,215.31378495693207,0.5888476967811584,363.67846643924713,215.81573700904846,0.6103566884994507,419.73776453733444,231.27149003744125,0.5000055432319641,348.33312487602234,234.68470668792725,0.4127602279186249,468.7218643426895,237.46188014745712,0.4690537750720978,341.00159549713135,254.10964488983154,0.2862676680088043,533.496660232544,237.4124178290367,0.39638078212738037,325.21577018499374,239.5581173300743,0.25485479831695557,412.0801342725754,295.3204723596573,0.5046278238296509,368.8851882815361,295.31682300567627,0.5230054259300232,408.7260990142822,345.6570372581482,0.43628379702568054,363.95725125074387,345.6746506690979,0.4163277745246887,408.14465725421906,383.1448903083801,0.4581204652786255,367.6012045145035,381.06095838546753,0.4309222996234894,89.6152605361442,,172.7536476491216,
136,15.19230002304539,376.6023918390274,213.09328877925873,0.4951190650463104,388.1028741598129,209.82977104187012,0.5604506731033325,371.4794365763664,209.79086470603943,0.43283024430274963,396.39413303136826,213.09769213199615,0.5001228451728821,362.22012507915497,213.77043998241425,0.5206891298294067,419.4171499609947,230.71574771404266,0.5687193274497986,351.20131397247314,231.5058931708336,0.5036765336990356,466.01772928237915,236.22681510448456,0.49751511216163635,325.7595838904381,245.52696752548218,0.40534934401512146,542.949919462204,227.52289474010468,0.5019398927688599,290.88699477910995,233.71726596355438,0.21559277176856995,408.3249561190605,293.8126859664917,0.4361036717891693,368.62112283706665,293.9783847332001,0.5098456740379333,405.57701086997986,346.2466642856598,0.29420360922813416,360.7651022672653,344.74014461040497,0.3791371285915375,399.16873371601105,383.852322101593,0.43666011095046997,363.5016466975212,380.1401147842407,0.4280514121055603,93.22592134541523,76.72118334664968,166.8005684812192,
137,15.105200000107288,374.5323135852814,214.40407037734985,0.46344423294067383,386.0482913851738,211.10926169157028,0.49169647693634033,373.2428970336914,211.51067554950714,0.49956974387168884,396.18321788311005,215.21480000019073,0.5734362006187439,361.2838930487633,215.59243273735046,0.6277386546134949,422.51814591884613,231.9886333346367,0.6337907910346985,348.40789926052094,232.0227291584015,0.6127684712409973,482.61528754234314,229.94535702466965,0.6152005195617676,298.4038543701172,227.83652806282043,0.40947040915489197,539.6046087741852,215.15962237119675,0.5736703276634216,247.63627576828003,210.39617490768433,0.5128673911094666,409.8045736551285,293.0225555896759,0.5618321299552917,367.66366815567017,293.2675448656082,0.6336437463760376,406.0059332251549,345.47583627700806,0.4314071834087372,361.0772063732147,344.98694348335266,0.49814149737358093,396.68498772382736,382.4838445186615,0.4335733950138092,361.2683975696564,379.82801961898804,0.4208279550075531,103.71392521096688,112.23897328811235,167.4027225351322,165.82618356670739
138,14.981799991801381,372.54736679792404,213.0759317278862,0.3698185682296753,383.2143850326538,209.41769564151764,0.5479212403297424,368.92600107192993,209.44776511192322,0.5670798420906067,393.90508806705475,215.54005998373032,0.5744373798370361,359.5218777656555,216.24750685691833,0.6754590272903442,422.1187693476677,230.34165877103806,0.6945164799690247,342.08547616004944,230.43998020887375,0.7326071858406067,486.676869392395,222.74193942546844,0.6798694133758545,290.29447335004807,220.84011328220367,0.5192707777023315,534.0996725559235,201.66474866867065,0.6676326990127563,238.20860147476196,202.87856602668762,0.5855048894882202,411.3155300617218,292.02049124240875,0.6243947148323059,366.80863350629807,293.3899037837982,0.6785656213760376,405.2736313343048,345.71566820144653,0.45172205567359924,361.9256574511528,346.39022564888,0.5020084977149963,397.8215101957321,383.39545917510986,0.5257638096809387,360.55378568172455,381.1947479248047,0.5062946081161499,106.6486633772024,121.94312235352153,162.75102445991095,171.47454692553688
139,15.655800001695752,376.6649090051651,207.39435505867004,0.45583710074424744,384.46644115448,206.2621203660965,0.6346715092658997,372.5836834907532,206.07422387599945,0.641469419002533,397.1321353316307,214.844224691391,0.5830707550048828,361.4389816522598,215.53974330425262,0.6276324987411499,422.1201609969139,230.80764508247375,0.6885524392127991,343.5973424911499,230.0159313082695,0.7378361225128174,487.43788743019104,220.60190999507904,0.7717231512069702,285.7100328207016,217.43122458457947,0.7210021018981934,520.0404825210571,194.0946614742279,0.4736608564853668,246.68267488479614,196.18375074863434,0.7069302201271057,412.5941345691681,294.0318281650543,0.6109541654586792,367.353223323822,295.75646460056305,0.6417393088340759,407.93690007925034,349.433424949646,0.3756808042526245,362.66034120321274,351.93655002117157,0.47503650188446045,404.484860599041,384.46595644950867,0.43420854210853577,362.01418775320053,383.30039501190186,0.474105566740036,107.44886213789823,122.13299218999849,149.76799522064238,163.70027224361002
140,14.840100018773228,375.83540576696396,204.96972125768661,0.48030632734298706,383.2788826227188,204.2418259382248,0.6158161759376526,373.0953286886215,204.21133422851562,0.5708314776420593,396.2159216403961,213.71091932058334,0.5487052202224731,361.8327648639679,215.12252563238144,0.5938996076583862,420.77135848999023,230.49095052480698,0.6708200573921204,344.08393800258636,229.45773094892502,0.7220505475997925,485.786963224411,219.66189974546432,0.6389185190200806,283.8033663034439,213.0000945329666,0.7372229099273682,505.61614513397217,186.79937666654587,0.698242723941803,249.47798973321915,191.96686190366745,0.7227450609207153,413.186923623085,297.48942518234253,0.5243820548057556,368.4453468322754,300.80566251277924,0.7297000885009766,408.58754962682724,358.6218045949936,0.382858544588089,361.7250458598137,355.9400119781494,0.39805132150650024,404.72591030597687,385.158851146698,0.4000597596168518,362.47150510549545,383.0313079357147,0.5206653475761414,105.91498468901281,124.12280641272277,130.56311871057864,163.77226319994017
141,14.850799983832985,372.1434673666954,204.61624664068222,0.418458491563797,377.97370159626007,204.4484819173813,0.647461473941803,370.5461484193802,204.9795081615448,0.5636467933654785,389.1587345004082,214.29133248329163,0.4495312571525574,359.47498989105225,216.56646341085434,0.6174326539039612,417.6477482318878,228.9589306116104,0.6471242904663086,343.53447741270065,230.04880565404892,0.6858826875686646,481.78747034072876,212.68361109495163,0.7431889176368713,290.2875418663025,215.93949836492538,0.6767563223838806,485.17966890335083,184.75192320346832,0.5677763223648071,261.5196897983551,194.2670557498932,0.618740975856781,415.61883068084717,297.51524209976196,0.555722177028656,370.3277130126953,301.1295803785324,0.7419553399085999,401.83326029777527,355.5092977285385,0.25155162811279297,362.0107353925705,355.6927607059479,0.3698846697807312,406.04449796676636,383.51278138160706,0.43673327565193176,362.18710017204285,382.6731585264206,0.4483419954776764,105.93333986215853,125.49455735034704,111.16261820502689,157.8483175805177
142,14.945600007195026,376.79168289899826,203.36613178253174,0.4580684304237366,376.43576860427856,203.58361518383026,0.6479775905609131,369.10723662376404,204.00105905532837,0.5948323607444763,387.8041512966156,214.79313373565674,0.46105390787124634,358.03447234630585,217.1469670534134,0.6132158637046814,418.3620389699936,230.27571403980255,0.6425278782844543,342.2011703848839,230.74218291044235,0.6601172685623169,476.4468022584915,217.68304508924484,0.580640971660614,295.48318403959274,219.5185947418213,0.660611629486084,469.99613332748413,186.43522542715073,0.6028285026550293,266.45089185237885,193.1263461112976,0.646632194519043,416.3520960211754,301.7788336277008,0.7110565900802612,369.9180061221123,303.35022735595703,0.7307177186012268,401.81704223155975,355.2182240486145,0.23777253925800323,361.75129985809326,355.05955255031586,0.3357815444469452,403.3771880865097,380.293447971344,0.4903547465801239,361.28488326072693,382.0918254852295,0.4276869595050812,103.84247041609261,124.4022739499911,90.56826598072223,151.23591840281415
143,14.915800013113767,373.0473703145981,202.5948664546013,0.37709876894950867,379.8259867429733,202.7241923213005,0.6623125076293945,371.90514743328094,202.9637678861618,0.5756329894065857,392.0096617937088,214.6781489253044,0.5154829621315002,359.28556501865387,216.70351022481918,0.6540880799293518,421.730472445488,230.18380159139633,0.6669895052909851,341.04923272132874,230.22525644302368,0.5612605810165405,468.1015099287033,216.53520262241364,0.6148513555526733,298.4717507958412,224.10139918327332,0.5319360494613647,434.83822935819626,181.76133793592453,0.5762312412261963,276.31929075717926,191.49678891897202,0.5887026786804199,415.62910747528076,300.43213152885437,0.6946370005607605,370.50975143909454,302.28868758678436,0.7064429521560669,402.35480761528015,355.310996055603,0.25022265315055847,363.24004340171814,355.6423634290695,0.35878849029541016,408.21889638900757,381.44778990745544,0.40727177262306213,361.6058189868927,382.2746852636337,0.44265151023864746,111.36490248556463,120.42005598557678,62.672870068113745,132.37789443960133
144,15.419700008351356,384.6884359717369,203.4572600722313,0.4296041429042816,391.05822867155075,202.37650841474533,0.48699840903282166,376.7717716097832,202.8700910806656,0.4742920398712158,402.6569828391075,215.38315284252167,0.6196870803833008,365.1334892511368,216.06852263212204,0.7079318165779114,428.31184935569763,232.7863790988922,0.6397625207901001,347.3817452788353,230.95226204395294,0.5753188729286194,450.6667675971985,217.59656143188477,0.5303068161010742,299.06836688518524,224.82249343395233,0.6405202746391296,406.4696468114853,185.58153295516968,0.4628984034061432,283.71071457862854,193.57336181402206,0.5759518146514893,416.3509987592697,301.6998145580292,0.6706216931343079,371.92719972133636,302.53054022789,0.6629033088684082,402.66940063238144,358.7260675430298,0.20002274215221405,364.2159106731415,357.84690499305725,0.34934690594673157,407.7105162143707,380.97500252723694,0.3880656659603119,361.6437681913376,381.881520152092,0.3986634612083435,134.04185667986934,116.15852497455013,70.11390632447491,123.40298182409644
145,14.731200004462153,382.2753964662552,207.56291902065277,0.5472717881202698,386.6253976225853,204.28557294607162,0.4300382137298584,372.98206984996796,204.80639004707336,0.4811936020851135,399.4875284433365,210.46401971578598,0.4849303364753723,365.04426312446594,213.12702268362045,0.6410683393478394,423.6249352693558,230.48562729358673,0.6874439716339111,355.3825776576996,232.7007851600647,0.5656841397285461,445.5600036382675,231.2312114238739,0.6558136343955994,308.429456114769,234.87735337018967,0.5622531175613403,402.8205551505089,200.52848762273788,0.4641226828098297,288.9990887641907,211.32057738304138,0.6014896631240845,413.8192141056061,297.1834223270416,0.6303602457046509,370.7636203765869,298.1940521001816,0.5204688906669617,402.5511907339096,356.38215684890747,0.3423706293106079,362.3950714468956,352.6533615589142,0.5146583914756775,403.798269033432,382.06208777427673,0.5225823521614075,361.8385990858078,379.4871518611908,0.5277289748191833,96.41678695286231,100.56224957332245,33.74555737820295,126.86276674289411
146,14.938000007532537,382.03394532203674,213.46933811903,0.370719313621521,381.47177255153656,210.2515881061554,0.45480021834373474,379.3317906856537,209.51076924800873,0.4306856691837311,386.48973858356476,215.31940978765488,0.46279382705688477,383.51064574718475,214.19136732816696,0.38691970705986023,385.73471534252167,231.77415084838867,0.42250701785087585,397.0883251428604,231.03577494621277,0.42711886763572693,325.33066153526306,238.74339151382446,0.2916072607040405,321.7153173685074,239.38697469234467,0.28016990423202515,295.8903217315674,228.40466612577438,0.3332452178001404,352.65291118621826,229.8925620317459,0.13854147493839264,396.898846745491,290.1144427061081,0.5543226599693298,394.1537115573883,290.28762114048004,0.5051232576370239,402.87964671850204,342.46575260162354,0.4326631426811218,378.70105242729187,346.11652410030365,0.48458415269851685,397.22261929512024,384.65125918388367,0.3867548108100891,375.2248999476433,383.1137350797653,0.4224688708782196,,,,
147,14.940200024284422,387.9542085528374,216.05873572826385,0.4402163624763489,392.8536970615387,211.0092362165451,0.3973398506641388,378.1603164076805,213.2587764263153,0.4210081696510315,405.25508493185043,214.44484663009644,0.5979260206222534,365.7120941877365,217.499054312706,0.6573164463043213,425.7471200823784,233.5656971335411,0.5851898789405823,348.8144749403,232.4264200925827,0.5407841801643372,439.3566735982895,246.79125756025314,0.3943459689617157,308.2542421221733,238.20585072040558,0.5954083800315857,388.07268607616425,233.64224308729172,0.320547491312027,350.5728237628937,234.4797396659851,0.3539155125617981,420.51748955249786,300.8032195568085,0.6824860572814941,370.87867230176926,300.75888442993164,0.566968560218811,409.1598653793335,356.76564061641693,0.42884039878845215,367.13082706928253,358.2191390991211,0.5523794889450073,409.8761900663376,381.3060381412506,0.4248681664466858,368.35681653022766,382.14415299892426,0.5036478638648987,50.26723287063127,99.78550782146246,29.799556871659533,3.077627976985447
148,15.002100029960275,385.6454356908798,216.27054905891418,0.49714577198028564,393.93990606069565,212.63010734319687,0.42591848969459534,378.395719230175,213.7126685976982,0.4213988780975342,408.27798795700073,213.98171043395996,0.5303913950920105,369.1404756307602,215.36386555433273,0.6574124097824097,424.832351565361,228.84022104740143,0.4206177592277527,349.95953464508057,233.2211498618126,0.49591290950775146,438.4770709872246,247.92616140842438,0.4677325189113617,331.3580817580223,249.48600387573242,0.47958943247795105,386.8834147453308,242.17853444814682,0.2965686619281769,329.8651632666588,247.6093009710312,0.38365665078163147,423.2748284339905,292.0175054073334,0.6501956582069397,373.0707339644432,290.5622274875641,0.5633533596992493,411.2889549136162,348.1420965194702,0.45323923230171204,367.70092153549194,347.74009454250336,0.5772047638893127,405.74537366628647,385.493928194046,0.40940216183662415,369.7119617462158,383.35787987709045,0.4771716296672821,36.973574436353026,70.78579296658425,,87.33627223726651
149,15.313200012315065,386.9755312204361,217.79097247123718,0.47910362482070923,394.60674691200256,213.4917620420456,0.4787507951259613,379.5541869401932,214.3069402575493,0.4884202480316162,406.506418466568,213.567342877388,0.5607360005378723,367.3858735561371,214.42426246404648,0.6606382727622986,425.02916288375854,231.6650773882866,0.4341394007205963,354.08821004629135,236.74702900648117,0.5165802240371704,439.42018097639084,259.95108437538147,0.542635977268219,331.6894013285637,264.97950208187103,0.5204132795333862,415.58457469940186,258.868040561676,0.2633894681930542,333.4930055141449,262.657155752182,0.33534738421440125,418.1855403780937,294.67146039009094,0.5746021866798401,373.52422428131104,293.75212478637695,0.5074864625930786,410.1503984928131,346.37044072151184,0.43696707487106323,367.8438064455986,348.7904751300812,0.5441634654998779,409.92888540029526,384.89676117897034,0.44777947664260864,366.90861815214157,382.86594092845917,0.45297881960868835,33.16458657676879,57.254367762333935,,0.5934526687819515
150,15.325399988796562,384.66670483350754,217.95480132102966,0.4981704652309418,392.58251279592514,214.0294687151909,0.4771534502506256,377.8176763057709,214.48685944080353,0.5014452338218689,404.43818682432175,213.86710262298584,0.6008090376853943,366.3685511946678,214.38372749090195,0.6415137648582458,422.84700334072113,235.14859688282013,0.6006087064743042,354.68651217222214,236.46804946660995,0.4826779365539551,434.20299500226974,264.00904536247253,0.3897324800491333,331.1064876317978,265.85875511169434,0.5053104758262634,417.0188833475113,269.91780185699463,0.3007103204727173,333.18834137916565,280.65836334228516,0.40726810693740845,412.2593626379967,296.96452140808105,0.5845667123794556,371.03932750225067,295.98661518096924,0.583310604095459,411.51951372623444,345.9489554166794,0.4118594527244568,366.1639519929886,348.38609051704407,0.5129160284996033,409.93720853328705,384.8514006137848,0.48112255334854126,365.1186628341675,381.6030533313751,0.4294842779636383,31.197752168039788,54.10292116578913,87.49691568855812,133.2528623567999
151,14.921499998308718,384.131321310997,218.79894816875458,0.46683618426322937,391.19758093357086,214.66131967306137,0.45740291476249695,376.69557881355286,214.79352581501007,0.4342857599258423,403.3713003396988,214.24931967258453,0.6035208106040955,364.72969686985016,214.647627055645,0.6468029618263245,421.9447864294052,235.85192692279816,0.6344184875488281,354.47452652454376,237.90492981672287,0.5223932266235352,435.2034034729004,267.01988303661346,0.5201194882392883,330.6027641296387,271.9533873796463,0.5717698335647583,412.1170932650566,286.89544105529785,0.29066231846809387,335.66962522268295,299.8055284023285,0.4052422344684601,410.54268300533295,297.8863602876663,0.567840039730072,367.0034911632538,296.80560863018036,0.580726683139801,408.88290041685104,344.1479539871216,0.3863247036933899,358.5885628461838,346.6185063123703,0.49941205978393555,412.9359182715416,382.00300443172455,0.5453079342842102,367.21681493520737,381.2787735462189,0.42635858058929443,33.459421094637364,47.04333425344253,,134.65477147695478
152,14.702600019518286,385.7905151247978,219.50095117092133,0.4244728088378906,392.9052683711052,214.64697861671448,0.4984048902988434,376.6931166648865,215.054469704628,0.4362027049064636,405.21076625585556,215.39346754550934,0.6159736514091492,363.2628450393677,216.6160011291504,0.6837451457977295,423.92071425914764,236.7665877342224,0.409903347492218,346.81023240089417,240.9991597533226,0.4911617040634155,440.0226848125458,267.9991766214371,0.39461269974708557,329.6549974679947,280.184912443161,0.646225094795227,412.0149676203728,300.7115333080292,0.2916756868362427,330.20480597019196,317.95403718948364,0.38322675228118896,416.5037857890129,303.66865611076355,0.5686677694320679,366.3418957591057,303.1319296360016,0.54764723777771,403.675857424736,359.9202206134796,0.3500429093837738,356.0824166536331,359.30984354019165,0.5329073071479797,402.23737382888794,384.00830936431885,0.3283032178878784,365.0001050233841,381.8750056028366,0.2808997929096222,33.59950112579036,41.09418170454995,,155.52254862683662
153,14.89019999280572,388.3231026530266,217.40145671367645,0.4650101065635681,392.9886335134506,212.29881536960602,0.39844146370887756,379.2983911037445,212.60386818647385,0.3836349546909332,404.24985921382904,214.3273434638977,0.5700557827949524,365.7404088973999,215.56780713796616,0.6575399041175842,424.84554547071457,237.78240501880646,0.6144876480102539,349.7181102633476,243.8301385641098,0.5005002617835999,443.98942041397095,268.12681353092194,0.47801047563552856,332.49334639310837,280.4099358320236,0.6097607016563416,420.26980274915695,307.1335518360138,0.3599693477153778,331.43571972846985,316.25554943084717,0.38161471486091614,407.4460760951042,308.64896869659424,0.44930300116539,360.20185899734497,309.0660808086395,0.5258669257164001,401.73841404914856,363.6035045385361,0.3201442062854767,365.8158255815506,364.52781653404236,0.5039337873458862,401.38833397626877,387.23590660095215,0.2244431972503662,367.8146085739136,386.52787160873413,0.2159246802330017,46.041911406238256,34.34456007157012,116.4493525220307,156.4751280610107
154,14.97459999518469,381.9988329410553,217.5137723684311,0.4583336114883423,387.0218035578728,211.79580771923065,0.39668023586273193,377.2266000509262,211.30481880903244,0.35908034443855286,390.39740937948227,215.6080857515335,0.38053861260414124,372.6877092719078,214.8782752752304,0.5326385498046875,403.10549533367157,240.0294570326805,0.4378513991832733,364.4250327348709,241.8081250190735,0.4677242040634155,438.3617514371872,274.9589169025421,0.41293326020240784,336.58450078964233,278.3174686431885,0.32390156388282776,420.7545516490936,315.3212846517563,0.29139265418052673,322.61576795578003,316.3207552433014,0.3797285258769989,392.13951337337494,307.68602180480957,0.39917173981666565,371.9790118932724,308.7434296607971,0.3530678451061249,393.05013370513916,363.5475276708603,0.33535391092300415,370.2064254283905,364.5894936323166,0.4442440867424011,390.4254297018051,385.5778030157089,0.22374755144119263,371.68323290348053,386.6474256515503,0.24052894115447998,54.47338613884398,43.76652920081568,,162.8540724773267
155,14.713599986862391,380.67028963565826,217.81568855047226,0.3583669066429138,373.74169623851776,213.67151534557343,0.26887208223342896,383.55956757068634,213.1229209303856,0.30805453658103943,372.9101858139038,215.88046026229858,0.4970315992832184,388.46796798706055,214.58828735351562,0.453521728515625,349.8050348162651,239.4686176776886,0.511530876159668,419.37743443250656,237.40130388736725,0.6106781959533691,330.2901515364647,269.9475395679474,0.4020947813987732,450.87808418273926,274.67125129699707,0.4593275785446167,305.6227404475212,310.8753762245178,0.33508872985839844,448.47799772024155,299.0236015319824,0.25228866934776306,364.5436708331108,302.3336560726166,0.33102288842201233,417.58421409130096,303.00414192676544,0.320862352848053,371.6385395526886,358.97612369060516,0.4172711670398712,402.9452683329582,357.9665193557739,0.30229324102401733,380.049614071846,384.7044914960861,0.20329579710960388,394.91023349761963,385.3639991283417,0.1894795298576355,45.825029973889826,41.770336876708924,178.4471711340052,
156,14.750300033483654,379.7595354914665,217.15331572294235,0.49812182784080505,390.59125006198883,211.10607981681824,0.45236262679100037,372.87769615650177,210.73821890354156,0.3712238669395447,397.324370265007,213.94895672798157,0.47388991713523865,361.3621733188629,214.6949027776718,0.5529495477676392,413.6869806647301,234.72560358047485,0.5613300204277039,350.8637855052948,238.44673824310303,0.6069251894950867,450.65242290496826,264.91613602638245,0.4541607201099396,331.4728125333786,268.9906849861145,0.4676905870437622,471.41668605804443,298.7901635169983,0.28768017888069153,305.59062546491623,301.09534883499146,0.3791866600513458,416.20348393917084,298.52342891693115,0.44922512769699097,366.9448277950287,299.2719385623932,0.4551272988319397,407.00580644607544,356.24378299713135,0.4129512906074524,366.15592324733734,356.8019230365753,0.5054311156272888,402.42058980464935,385.612637758255,0.2087910771369934,371.7777044773102,385.13864398002625,0.22845739126205444,48.501832255878945,47.218716858738354,,173.5345018102655
157,15.027000044938177,375.2145963907242,213.93016707897186,0.4263210892677307,388.1148637533188,208.23079603910446,0.5568476319313049,370.6815130710602,207.92616546154022,0.4139977991580963,396.29744017124176,212.63439005613327,0.48157238960266113,360.41060638427734,214.2694212794304,0.5896815657615662,417.4923117160797,231.36074841022491,0.5875712633132935,345.932208776474,234.50802969932556,0.672412097454071,458.95703625679016,263.773556470871,0.49004775285720825,327.75379049777985,268.70253682136536,0.5501916408538818,486.15997874736786,286.1081758737564,0.42217472195625305,304.66410821676254,295.01540446281433,0.4400520920753479,417.17156332731247,298.0530241727829,0.5681904554367065,364.2526823282242,298.2664359807968,0.5828770995140076,403.0534155368805,358.3701499700546,0.45238929986953735,364.48134100437164,360.87502431869507,0.5640643239021301,399.1232642531395,386.71413946151733,0.2505715787410736,369.0497508049011,386.36120772361755,0.34029507637023926,52.260958491103516,44.02750544751488,178.62733831693498,166.72879460000024
158,14.893400017172098,376.79989898204803,213.7345044016838,0.48764440417289734,389.07290720939636,208.6541965007782,0.5187758803367615,371.1911778450012,208.65289962291718,0.41216138005256653,397.6513275504112,210.83316242694855,0.4054942727088928,359.7228907942772,212.7566584944725,0.5221301317214966,419.518820643425,231.44142627716064,0.5729789733886719,347.8363596200943,232.48857975006104,0.6053465604782104,456.5796711444855,256.93291783332825,0.6096303462982178,329.83778524398804,262.84553480148315,0.5036808848381042,505.2328528165817,286.6320843696594,0.5512923002243042,306.13947051763535,283.63074707984924,0.450801283121109,412.9462753534317,295.96022522449493,0.5545404553413391,365.8673701286316,295.5421781539917,0.5656354427337646,400.8765014410019,352.3494699001312,0.4385751187801361,362.92293471097946,352.67474496364594,0.5656678676605225,397.86499923467636,387.1910285949707,0.33187630772590637,366.4599450826645,386.2186416387558,0.3594776690006256,61.295385799858764,46.62219383212657,176.87969275746448,161.91682075330863
159,14.754400006495416,374.09758377075195,215.58962786197662,0.46316272020339966,385.76490342617035,210.68543899059296,0.45810651779174805,370.7494362592697,211.72345399856567,0.5672944188117981,394.2272013425827,212.77642834186554,0.4599059820175171,357.983944773674,214.43554228544235,0.6086806058883667,418.72357338666916,231.92294496297836,0.6429566144943237,344.46482169628143,231.8501237630844,0.6296059489250183,470.59539890289307,254.15702617168427,0.6495030522346497,317.03041046857834,260.8889080286026,0.41769033670425415,520.3093919754028,276.8862282037735,0.5188978910446167,295.0611931681633,273.45339250564575,0.48015308380126953,413.7492034435272,293.3641471862793,0.6070035099983215,366.06177282333374,293.61462557315826,0.6209341883659363,400.66331148147583,352.51975297927856,0.4659474790096283,364.1256675720215,352.7485463619232,0.6029924750328064,398.9055246710777,385.90229392051697,0.3472646176815033,368.3751220703125,386.0535762310028,0.4189351797103882,71.42698599702521,62.6456955740266,178.6318233828689,163.1385028494771
160,14.6575000253506,373.9146889448166,213.67226934432983,0.4430115520954132,384.1835884451866,208.5819935798645,0.5292041897773743,367.6768085360527,208.62934470176697,0.5772753357887268,393.5688441991806,210.70855659246445,0.4210420846939087,359.4882373213768,213.55078506469727,0.5885657072067261,415.8555983901024,228.28856539726257,0.7002435922622681,347.2876216173172,230.43357121944427,0.7672955989837646,476.3448907136917,247.7080597281456,0.6628203988075256,320.0356234908104,257.0994007587433,0.567425549030304,526.4678680896759,263.92266726493835,0.4669853448867798,296.50395876169205,266.88232350349426,0.4545384645462036,411.25135362148285,291.197305560112,0.6520642042160034,366.36756098270416,290.3220034837723,0.7050611972808838,399.0471785068512,342.80559492111206,0.5150991082191467,363.9542270898819,344.4087772369385,0.6633282899856567,399.37172716856,384.73757696151733,0.49847927689552307,365.7424160838127,385.0078101158142,0.5253764390945435,76.38725447570407,63.29429901141182,179.87250566112377,158.1972045452546
161,14.77470004465431,376.41765040159225,215.5494698882103,0.5121462345123291,388.1560779809952,210.0026931166649,0.46222519874572754,371.4233156442642,209.75651252269745,0.4185905158519745,393.3875015974045,213.40443390607834,0.44802021980285645,360.066708445549,213.7576220035553,0.5180304050445557,409.17624402046204,226.30295491218567,0.5614878535270691,349.91237914562225,229.9969757795334,0.6244692206382751,471.3281557559967,239.42189991474152,0.556858479976654,312.6549581885338,254.30200505256653,0.39406633377075195,528.9484293460846,249.63653218746185,0.4747627377510071,327.9289509654045,253.9675613641739,0.32622936367988586,404.9845697283745,292.12074291706085,0.6009701490402222,368.0121692419052,291.5601599216461,0.6186082363128662,394.27518647909164,342.30599534511566,0.45242682099342346,365.1238012313843,342.9912294149399,0.49616605043411255,402.0867545604706,383.9102895259857,0.35753315687179565,369.4816973209381,383.8421280384064,0.48030078411102295,81.72505904640506,73.26493706402223,178.13370843158918,31.86421811924737
162,15.03090001642704,380.2757303118706,210.058473944664,0.45266565680503845,388.63943523168564,207.51776957511902,0.5154903531074524,373.46491861343384,206.11272305250168,0.6172376275062561,395.6211254000664,210.28372353315353,0.4266510009765625,360.29852509498596,210.04840052127838,0.6150323748588562,415.1220654249191,225.54144632816315,0.653079092502594,347.25325858592987,229.63979148864746,0.7299676537513733,469.33600986003876,233.44391125440598,0.5814966559410095,322.3794016838074,247.99055290222168,0.45493125915527344,521.9336072206497,240.56532394886017,0.42697903513908386,322.88746070861816,242.1369891166687,0.37265485525131226,409.7852511405945,289.7465817928314,0.6584697365760803,367.6671740412712,289.4210956096649,0.6927340626716614,405.216894865036,342.94053053855896,0.5096850991249084,363.48770344257355,343.0722692012787,0.6517279744148254,402.20456302165985,385.1349343061447,0.535564661026001,364.01463001966476,383.7254693508148,0.509623110294342,86.45829711110478,72.43567366642036,179.41735213703475,48.621293804753186
163,14.941599976737052,381.46460020542145,207.71902692317963,0.5284741520881653,389.4452001452446,205.06629341840744,0.46160265803337097,373.2907215952873,204.78122156858444,0.4461164176464081,394.2754005789757,209.4393052458763,0.427019327878952,361.6620737314224,208.9322109222412,0.5698522329330444,412.1867560148239,226.78797215223312,0.5377811193466187,354.82709550857544,233.0182940363884,0.4862118363380432,470.4742183685303,233.18326896429062,0.4842034578323364,330.75421303510666,248.82145953178406,0.4267096221446991,546.960545539856,232.8012027144432,0.320964515209198,334.13691091537476,239.44400715827942,0.2823188900947571,408.52835100889206,293.7223870754242,0.4244641661643982,368.3839804530144,293.0866153240204,0.48338040709495544,405.49581348896027,342.4634302854538,0.4029944837093353,362.6357464790344,342.8204939365387,0.5704295635223389,407.5537950992584,384.7151379585266,0.5125643014907837,363.1522089242935,382.6443256139755,0.5174928307533264,86.86703400233786,69.43430166771563,173.45235366150294,
164,15.117800037842244,379.40370148420334,207.568121612072,0.5363776087760925,387.335914850235,205.19792652130127,0.495839923620224,371.48029297590256,204.95510876178741,0.41793590784072876,393.8372451663017,209.66615331172943,0.4296993315219879,362.01119035482407,209.37821626663208,0.5434064269065857,412.987007856369,226.13312423229218,0.554474949836731,354.4507614374161,231.43543952703476,0.5299480557441711,464.72478008270264,229.4810596704483,0.48958131670951843,332.4373860359192,245.1689990758896,0.334056556224823,542.9605174064636,220.51535093784332,0.4073161482810974,334.05231469869614,232.87915110588074,0.27597901225090027,407.63833779096603,291.8797347545624,0.5313260555267334,370.06669849157333,291.96363973617554,0.6165714859962463,408.65528547763824,343.41395127773285,0.46670472621917725,365.42407631874084,343.6462733745575,0.5640658140182495,409.29635405540466,385.14956188201904,0.5169000625610352,363.69158005714417,383.5487622022629,0.5234639644622803,90.94849870431831,72.5075853373885,169.7600706077797,
165,14.740100014023483,376.9381539821625,207.45880687236786,0.49562638998031616,383.4883258342743,205.82314229011536,0.5981854796409607,372.95107889175415,205.51943159103394,0.5637616515159607,391.09053099155426,210.67795932292938,0.4109278619289398,360.85614824295044,211.38409423828125,0.562993586063385,413.0476516485214,225.87522649765015,0.6746233701705933,346.95911210775375,227.6097855567932,0.7415260672569275,483.96170818805695,222.2090281844139,0.6046478152275085,286.8242086172104,224.2976198196411,0.5553216934204102,540.5674159526825,210.80511367321014,0.6216728091239929,240.79417872428894,209.09691441059113,0.4587497413158417,408.02278089523315,288.5021822452545,0.6191852688789368,369.9478730559349,290.34067249298096,0.7145132422447205,410.2102929353714,345.2327470779419,0.5293213725090027,367.3291906118393,347.323796749115,0.6395247578620911,407.6798731684685,384.39037561416626,0.49924948811531067,364.454498231411,383.50089836120605,0.5437691807746887,97.54680688261445,113.2787915110735,171.56904033524688,164.87759724587121
166,15.08129999274388,375.4093469977379,204.79339110851288,0.48487091064453125,382.0820107460022,203.67512047290802,0.615337073802948,372.93167608976364,203.53314250707626,0.537026047706604,390.5322655439377,211.75944989919662,0.4018837809562683,360.6688911318779,211.5104945898056,0.5764333009719849,414.5711328983307,225.14328974485397,0.6846898198127747,344.0989517569542,226.93471539020538,0.7917763590812683,486.8412445783615,217.9427825808525,0.7434247136116028,280.23897790908813,216.7564560174942,0.5753884315490723,538.6266005039215,197.11358201503754,0.7168658971786499,238.39556419849396,201.7801707983017,0.6313921213150024,409.67592638731,291.38803708553314,0.6299892067909241,368.85058438777924,292.8467230796814,0.7256553173065186,410.2459405660629,346.7515720129013,0.525148332118988,365.8365129828453,348.5336329936981,0.613734781742096,409.2734988927841,383.43355119228363,0.5730255246162415,363.48320734500885,382.32248878479004,0.5949005484580994,99.91602229547021,119.63829372151272,163.7787201036338,169.3629327549631
167,14.855699962936342,373.84724748134613,203.20133781433105,0.4367615580558777,381.5299006700516,202.35648220777512,0.5822646617889404,372.08697175979614,202.3213609457016,0.6108272671699524,395.5420422554016,211.24279487133026,0.47798553109169006,361.3068017363548,211.11052840948105,0.652403712272644,420.0559169650078,225.8543256521225,0.7439746260643005,343.87294256687164,227.42514634132385,0.7950345277786255,484.1895104646683,213.8357211947441,0.6801992058753967,279.9408973455429,214.71982997655869,0.7348591089248657,522.2801814079285,188.622771859169,0.6878814101219177,239.7422257065773,193.83438110351562,0.6232535243034363,412.18132323026657,295.4457869529724,0.6086382865905762,369.30260276794434,297.1035889387131,0.6430068016052246,410.80056631565094,348.93759536743164,0.44168946146965027,364.1591474413872,352.76628041267395,0.5440473556518555,410.759057700634,382.99804151058197,0.5936002135276794,364.1025983095169,382.8741444349289,0.6230599284172058,107.06991437287324,121.28996160112362,157.11275023234333,163.7856458766595
168,14.838600007351488,373.60049736499786,203.65047979354858,0.4413112699985504,380.42589461803436,203.0046647787094,0.6051720976829529,372.9102928638458,203.1986837387085,0.6310964226722717,392.74905574321747,211.52635872364044,0.418905109167099,362.62375688552856,213.124263048172,0.5216551423072815,416.84385669231415,224.5907142162323,0.6737164258956909,346.36576104164124,226.99572896957397,0.7485794425010681,481.6270560026169,215.13216173648834,0.5872211456298828,282.8470088839531,212.38062423467636,0.7728416919708252,505.6587510108948,185.1137973666191,0.6144027709960938,239.84255826473236,189.6209455728531,0.6667327284812927,413.4034856557846,294.79912745952606,0.6405166387557983,371.3109132051468,296.6073069572449,0.649134635925293,411.74798506498337,349.15978372097015,0.4405699670314789,364.9877139925957,352.33107233047485,0.5247533321380615,410.5126019716263,382.80661630630493,0.6061530113220215,363.18148708343506,382.68700194358826,0.6428995728492737,101.1120518071286,122.6727526512781,136.98626512219002,165.06813934501923
169,15.062999969813973,371.71376889944077,203.55996978282928,0.4004635512828827,378.4432226419449,203.15573596954346,0.5573076605796814,371.25837844610214,203.5988911986351,0.5976272225379944,391.4833507537842,211.9807636141777,0.39897194504737854,361.5521869659424,214.22561395168304,0.552987277507782,418.1371805667877,224.13412272930145,0.6510151624679565,346.3376871943474,226.87089693546295,0.7391220331192017,479.886691570282,208.33134931325912,0.6840562224388123,288.72680723667145,212.6777600646019,0.7357271909713745,488.7021472454071,181.61619317531586,0.5862969756126404,256.1747932434082,194.2112296819687,0.6813010573387146,414.93443363904953,295.7915406227112,0.6142168641090393,370.93219727277756,299.4449963569641,0.7380990982055664,408.0584017634392,351.92047476768494,0.3911154270172119,364.30535089969635,353.5339114665985,0.47600576281547546,411.5799434185028,381.1424505710602,0.5672963857650757,363.43559688329697,383.3261516094208,0.5083287954330444,106.914040695421,122.56081656278455,122.61672835207386,164.27396074933344
170,15.11079998454079,373.2370628118515,202.35900056362152,0.40389901399612427,380.18527311086655,201.66155171394348,0.5605942606925964,372.13926565647125,201.85498255491257,0.606807291507721,392.0721254348755,208.72879713773727,0.5617004036903381,363.25374579429626,210.25695657730103,0.6686493754386902,419.80552715063095,223.69948768615723,0.6419528722763062,347.2848918437958,226.82372677326202,0.7207853198051453,475.0191307067871,210.23359769582748,0.6268609166145325,292.6430420279503,217.35472387075424,0.7349448800086975,470.8859324455261,174.1386970281601,0.532875120639801,262.2452475428581,190.7121024131775,0.5786963701248169,415.8975352048874,299.3726124763489,0.7146950364112854,370.43181908130646,301.0994505882263,0.7474052309989929,408.7770280241966,358.30165672302246,0.4256400465965271,363.0502973794937,355.7116106748581,0.42244285345077515,411.47190326452255,380.80903232097626,0.5423004627227783,362.1337625384331,381.7087639570236,0.5892475843429565,106.66243898980467,117.14014287050638,97.17369450784952,148.5978217115125
171,14.825399965047836,376.20673525333405,200.30543971061707,0.41260775923728943,376.18238139152527,200.03393983840942,0.4451318681240082,368.25027507543564,200.60960280895233,0.5790643095970154,387.9091672897339,208.9802104830742,0.4693860411643982,357.9363075494766,213.19922560453415,0.5113930702209473,418.0338238477707,223.1450120806694,0.6313403248786926,344.2582688331604,229.56617105007172,0.6485317945480347,470.7711749076843,209.060662150383,0.6633528470993042,297.75309777259827,220.3003858923912,0.6746781468391418,443.11115592718124,174.66085624694824,0.5621811747550964,270.75831389427185,192.2650231719017,0.6167574524879456,415.4248026609421,296.12547159194946,0.5716690421104431,369.903340280056,300.26875507831573,0.7051511406898499,410.70721876621246,359.43910908699036,0.42854249477386475,364.806077003479,356.7001030445099,0.41925856471061707,412.34307569265366,381.26912236213684,0.5609622001647949,362.9553708434105,382.35427737236023,0.5996395349502563,107.00020108593786,121.20476810744371,66.1508860824273,145.18487763335403
172,15.434400003869087,382.0338382720947,200.3504232764244,0.5141484141349792,389.01879346370697,198.99569863080978,0.5187788009643555,375.6375507116318,199.81411904096603,0.4186009168624878,402.80934166908264,210.83973729610443,0.5309096574783325,368.855562210083,211.63792037963867,0.6338440179824829,427.4638532400131,228.34351682662964,0.6981504559516907,354.16359996795654,230.30955350399017,0.6001080274581909,452.55657374858856,211.56484282016754,0.4757472276687622,300.70251101255417,224.64020669460297,0.656099259853363,406.5333682894707,182.44779348373413,0.47482237219810486,282.017987370491,197.01792973279953,0.5219414830207825,416.591325879097,295.1051906347275,0.5984122157096863,370.4765659570694,296.33067989349365,0.44267579913139343,411.6457523703575,360.4270284175873,0.4271392524242401,368.43343752622604,356.40049409866333,0.4507594108581543,411.06639808416367,382.2959178686142,0.5205267667770386,365.0041193962097,382.129887342453,0.550933301448822,133.01908771617923,109.93243176625458,66.08924760501523,130.128958310683
173,15.179399983026087,385.29744309186935,203.20076477527618,0.45827600359916687,389.1641137599945,201.97470247745514,0.3967902660369873,377.6928025484085,201.44106739759445,0.4358741343021393,399.9093319773674,208.86873930692673,0.5504279732704163,369.05970644950867,208.62571042776108,0.6778297424316406,422.452791929245,226.3751276731491,0.6668615341186523,356.0292663574219,230.13813942670822,0.5630248188972473,446.2485756278038,229.52964735031128,0.561226487159729,304.92584532499313,232.4036191701889,0.5459774732589722,414.3583176136017,210.7972268462181,0.41882845759391785,292.9436650276184,215.03230214118958,0.5765483975410461,415.9001579284668,293.67425179481506,0.6942904591560364,371.5567533969879,295.8542129993439,0.5518429279327393,411.18054008483887,354.11108243465424,0.5601518750190735,368.8550269603729,350.573712348938,0.6255134344100952,411.2257954478264,384.87311577796936,0.5728772282600403,367.1609348654747,384.10439896583557,0.4600449204444885,88.00966057331962,100.75577580697137,22.878626437458635,122.05834020510216
174,16.0160000086762,379.6612368822098,208.61387264728546,0.40054410696029663,376.73497319221497,206.89683651924133,0.47283676266670227,379.8656487464905,206.11665892601013,0.3832998275756836,381.2542470693588,212.28501719236374,0.45279601216316223,391.23033821582794,211.57342332601547,0.3218413293361664,377.121905207634,228.65135943889618,0.418378621339798,414.9496079683304,228.36425179243088,0.5595737099647522,309.3284080028534,236.91630172729492,0.4314423203468323,436.9704233407974,243.87604200839996,0.4006738066673279,307.6434419155121,226.25251239538193,0.47417354583740234,351.4240581393242,229.3855129480362,0.19484959542751312,389.7309164404869,292.25181806087494,0.5267065167427063,397.44911020994186,292.2243423461914,0.5402222871780396,400.425767660141,348.07242703437805,0.35577285289764404,370.5326066017151,346.40615010261536,0.4898366630077362,406.4393516778946,386.31614875793457,0.3452998697757721,374.11554139852524,387.10428857803345,0.507447361946106,94.26285214102977,70.16389798861327,92.02814119907957,
175,16.03080000495538,388.12942254543304,214.96495497226715,0.3474556803703308,397.5320471525192,209.7267748117447,0.4627631604671478,379.4661383628845,210.20548862218857,0.5059004426002502,410.3166202902794,212.1117935180664,0.37589943408966064,369.48972606658936,213.56909215450287,0.5231685638427734,428.533549785614,225.03899663686752,0.6150557994842529,347.09656423330307,228.23062813282013,0.5024651288986206,440.7992786169052,244.41760915517807,0.5392582416534424,318.58517706394196,238.20844447612762,0.5289396047592163,391.4446521997452,232.10048151016235,0.26804497838020325,342.3135728240013,233.24980181455612,0.41100165247917175,423.74290430545807,293.4724817276001,0.6833509802818298,371.3541078567505,292.29153871536255,0.5966217517852783,411.6303371787071,349.50261187553406,0.502239465713501,364.2173023223877,347.6389682292938,0.5736650824546814,415.68506783246994,384.0195288658142,0.5730716586112976,366.6895939707756,384.4713249206543,0.5700674057006836,36.33626532782134,91.45190650276054,,7.484430506098911
176,15.54950000718236,390.7632793188095,212.00406217575073,0.3685799837112427,398.56521290540695,207.87430542707443,0.5711541771888733,382.9817119836807,207.90995448827744,0.5968360900878906,410.60983008146286,209.2414710521698,0.49453118443489075,372.90777719020844,210.0952389240265,0.41348958015441895,429.1700419783592,223.9994283914566,0.5715613961219788,356.31463474035263,229.13681399822235,0.5636329054832458,439.6203911304474,246.84114211797714,0.5282749533653259,333.0011913180351,249.0097782611847,0.6002438068389893,404.7888021469116,238.0739310979843,0.25569629669189453,341.0450042486191,243.3358320593834,0.43444544076919556,426.382889688015,289.8581736087799,0.6809288859367371,375.99980771541595,288.5810806751251,0.6211948394775391,412.14907443523407,349.8393175601959,0.4663780629634857,365.4104274511337,348.38735723495483,0.5917751789093018,414.969653069973,384.1506643295288,0.5381935834884644,369.42011684179306,383.6494059562683,0.4974806606769562,27.007964846631534,67.87735976031699,,5.246721831801544
177,15.708899998571724,390.36368864774704,209.56348884105682,0.4172728955745697,398.10481786727905,206.76494705677032,0.6076051592826843,383.36034762859344,206.66614305973053,0.6139832139015198,409.79282492399216,208.9575151205063,0.47569209337234497,372.6746491789818,209.1442202925682,0.37580397725105286,427.83601236343384,229.54756236076355,0.5220938324928284,361.3461158275604,233.0206465125084,0.45264437794685364,440.4553806781769,257.5072236061096,0.5270354747772217,336.4864162802696,260.3655424118042,0.45126205682754517,422.4284380674362,251.92268657684326,0.3392532765865326,343.7516014575958,258.2681893110275,0.3826201558113098,420.65486139059067,293.4300466775894,0.6394503116607666,371.5643271803856,291.8018617630005,0.49597448110580444,416.22021049261093,347.0620083808899,0.5480222105979919,370.94694340229034,347.8969564437866,0.6140884757041931,417.18823635578156,385.6774514913559,0.5354495048522949,370.53365033864975,385.5279486179352,0.4428636133670807,30.70545546814315,52.13594233450151,48.49597340975792,31.62284599312175
178,16.058599983807653,386.16730415821075,211.21432387828827,0.3105703890323639,394.12242621183395,206.1704944372177,0.5457796454429626,379.56898659467697,206.24168699979782,0.6005913019180298,407.3336468935013,208.83373868465424,0.551338255405426,374.38313949108124,208.51971328258514,0.4534635543823242,426.5872747898102,229.3921028971672,0.409645676612854,354.5160083770752,229.6915158033371,0.37264057993888855,440.91759556531906,260.9973632097244,0.36328303813934326,324.56637847423553,264.4670845270157,0.32344987988471985,416.17653411626816,278.4942059516907,0.2370976060628891,330.1701217889786,279.0825662612915,0.37917789816856384,418.8623101115227,294.87817668914795,0.5477579236030579,371.402601480484,294.3126173019409,0.4194912016391754,413.2307338118553,347.3815530538559,0.4316090941429138,366.39841812849045,345.182048201561,0.46838659048080444,416.39124953746796,385.9123673439026,0.5193789005279541,370.8859516978264,383.935382604599,0.39687594771385193,31.118002872776586,55.38076659947017,,118.28671146373833
179,16.34050003485754,387.87143218517303,208.70196986198425,0.3527365028858185,396.1604162454605,205.13609862327576,0.5767293572425842,380.1070196032524,205.0518166422844,0.6345762610435486,409.2392696738243,207.865785241127,0.5030514597892761,373.19477808475494,207.66101425886154,0.4770030379295349,426.53813886642456,228.6990121603012,0.36229926347732544,360.14573806524277,232.5920283794403,0.4203731119632721,444.5050799846649,259.68531489372253,0.4727292060852051,333.92149966955185,266.0024371147156,0.4201739430427551,416.91659712791443,285.824702501297,0.30212920904159546,337.12033927440643,294.2208104133606,0.41989007592201233,420.2237445116043,295.05400919914246,0.5629083514213562,373.0527763366699,293.33238875865936,0.509858250617981,409.28479266166687,346.2860230207443,0.384653240442276,361.75311970710754,347.22653090953827,0.5630610585212708,417.2059531211853,386.1342842578888,0.5013254284858704,369.95512568950653,383.6821596622467,0.4288727641105652,35.54259907679429,50.12544113051277,103.34839299196113,135.4037477242127
180,16.017100017052144,388.5225366950035,213.7483628988266,0.3811877965927124,397.5674271583557,208.46218317747116,0.5051717758178711,380.5983520746231,208.12265753746033,0.5978246331214905,410.03644382953644,210.11500877141953,0.4223470985889435,372.8475615978241,210.16324961185455,0.4426574409008026,426.23513400554657,229.82611966133118,0.38707342743873596,358.19815170764923,230.9119834303856,0.47703316807746887,444.89613342285156,261.87776231765747,0.5739884972572327,344.7444896697998,266.5423002243042,0.5484153628349304,420.76365089416504,298.1027579307556,0.4404543936252594,339.8348046541214,301.26454615592957,0.5466895699501038,417.8525347709656,292.90300154685974,0.5597821474075317,373.90989845991135,291.6778440475464,0.5334766507148743,411.9830399751663,350.2418020963669,0.4660911560058594,367.90720677375793,351.1064577102661,0.5457195043563843,414.96491611003876,387.88528048992157,0.39368653297424316,370.4540319442749,385.2103341817856,0.3601853549480438,37.77863918903052,35.183068722201895,116.12043928767945,167.36215166778385
181,15.915199997834861,388.6036805510521,212.3104269504547,0.36423423886299133,397.60114789009094,206.81157433986664,0.5454818606376648,381.60785979032516,206.52282297611237,0.549610435962677,409.5416589975357,209.93973422050476,0.4497048556804657,370.6731364130974,209.76700818538666,0.340789794921875,426.38452219963074,230.30252623558044,0.43404096364974976,355.4228016734123,232.3283550143242,0.5010778307914734,446.49636948108673,262.6275386810303,0.5616706013679504,346.8260222673416,267.3862359523773,0.5985118746757507,431.5330623984337,301.5106211900711,0.43750566244125366,337.03132724761963,300.6725364923477,0.3391713798046112,417.3169103860855,297.19114327430725,0.5600364208221436,372.45447421073914,297.05792677402496,0.5448808670043945,414.7054805755615,352.23498272895813,0.4247281551361084,366.5238538980484,350.3234752416611,0.5208762884140015,415.2481702566147,388.51112961769104,0.278516948223114,371.13591331243515,388.78618836402893,0.3034566640853882,39.60900034558023,28.519570482654608,127.06298405891489,177.3811772558682
182,16.79870003135875,389.59177827835083,208.55567902326584,0.4422765374183655,397.6511134505272,205.10624027252197,0.6062830686569214,382.68577241897583,204.97628104686737,0.5649605393409729,408.7402296066284,209.25659626722336,0.4761205017566681,372.97762727737427,209.63142412900925,0.48660188913345337,424.4600318670273,230.82188057899475,0.4385662078857422,358.36782586574554,233.57397603988647,0.548754870891571,454.74440693855286,261.0742710828781,0.50244140625,346.34783017635345,267.5846884250641,0.5310971140861511,445.3356537222862,298.65178966522217,0.32747650146484375,337.111186504364,295.876229763031,0.3090466558933258,421.8202873468399,298.54858231544495,0.5789972543716431,370.3088454604149,298.00503969192505,0.4587964713573456,417.297561109066,349.8010747432709,0.4042050242424011,366.39855194091797,346.5212404727936,0.47591328620910645,418.1862094402313,389.3224925994873,0.3937305808067322,374.1489142179489,388.6165084838867,0.29525697231292725,47.262326857087295,29.963829628696683,120.9128594733196,178.6165422072612
183,17.274899990297854,388.2895157337189,206.91031801700592,0.3910715878009796,396.9429780840874,203.41399562358856,0.5233112573623657,381.3165501356125,203.40327376127243,0.5190880298614502,409.7381224036217,207.09236347675323,0.5090776085853577,372.185966193676,207.61805140972137,0.5504078269004822,429.75699681043625,228.84783643484116,0.5365095138549805,355.2993998527527,231.05085492134094,0.4939196705818176,454.3398652076721,256.41030621528625,0.5483762621879578,343.894513130188,266.08766913414,0.5325769782066345,464.0443706512451,294.0348743200302,0.40381717681884766,325.1671427488327,292.9261643886566,0.2893114387989044,426.28587567806244,294.2718712091446,0.5796909332275391,372.48816817998886,293.8987926244736,0.518101692199707,417.17025196552277,349.4149670600891,0.4400513172149658,359.48521316051483,347.17154932022095,0.6011531352996826,417.51840513944626,388.18286871910095,0.33305057883262634,374.5132586956024,387.79042744636536,0.2599506974220276,44.7666798415787,33.326864270174745,152.73341184354092,
184,16.77469996502623,393.4985659122467,207.4336233139038,0.5019954442977905,402.3932385444641,203.73786824941635,0.5643935203552246,389.01143378019333,202.70078819990158,0.47164514660835266,410.2715790271759,207.71679508686066,0.39215442538261414,373.6264302134514,206.66632401943207,0.4916849136352539,423.9902164340019,226.2798523902893,0.4513622522354126,354.7861489057541,230.22878515720367,0.47719210386276245,459.1016607284546,256.67251682281494,0.5019662380218506,338.67759478092194,267.65478014945984,0.47131776809692383,482.9083902835846,287.9647319316864,0.4200790524482727,302.0439270734787,295.9693033695221,0.4628640115261078,424.4401741027832,291.9521789550781,0.5863027572631836,372.18061369657516,292.1595286130905,0.5712606906890869,416.1950269937515,346.6713767051697,0.5093724131584167,370.57676470279694,344.34432542324066,0.5614610910415649,418.5695552825928,386.9182620048523,0.36719730496406555,379.8491095304489,387.51567029953003,0.34077849984169006,48.72779211252647,38.97600782272138,168.14307656187174,150.98835862176992
185,16.173799987882376,388.70473569631577,205.83719682693481,0.41259393095970154,397.5056058168411,202.50829231739044,0.516103208065033,384.2074338197708,202.10348546504974,0.46117880940437317,409.2399922609329,205.41682744026184,0.5452575087547302,372.76928132772446,205.24079889059067,0.5903796553611755,421.5827970504761,224.18479144573212,0.5309862494468689,352.2855960726738,228.00649446249008,0.5592777132987976,465.2101445198059,252.47327154874802,0.44946974515914917,339.6291617155075,261.74913012981415,0.4772641062736511,504.76434874534607,284.4407227039337,0.6391612887382507,309.2962394952774,280.86185252666473,0.41645047068595886,424.225913643837,291.6250641345978,0.6781668066978455,370.99206495285034,291.40468537807465,0.5771738290786743,418.44248700141907,346.062447309494,0.5714426040649414,373.4171208143234,345.11801862716675,0.6459618210792542,424.17816936969757,385.3850507736206,0.40968388319015503,376.93344378471375,386.0042647123337,0.4040733873844147,54.7957697014969,36.99981757895915,174.01492643788657,142.7753897231728
186,17.063000006601214,390.12718856334686,205.7333561182022,0.48334166407585144,394.9140337705612,202.13138341903687,0.4625837504863739,381.9110519886017,202.0636441707611,0.4307996332645416,406.51203858852386,205.17554783821106,0.6321251392364502,370.9891746044159,205.31054377555847,0.6180241107940674,419.9813834428787,223.58165276050568,0.5208605527877808,351.65453666448593,227.11009550094604,0.5354438424110413,475.3622257709503,248.3432886004448,0.5518832206726074,332.64661514759064,258.47191977500916,0.6228207945823669,519.0354976654053,273.97675812244415,0.5591962337493896,301.91723346710205,272.140771150589,0.42525580525398254,425.5027250647545,290.37728667259216,0.7155318856239319,374.0824897289276,290.0882337093353,0.6561603546142578,420.13703405857086,345.91677474975586,0.6354458332061768,375.19042986631393,345.1459769010544,0.6607273817062378,423.1058501005173,384.1856498718262,0.5594586133956909,375.8911520242691,384.285750746727,0.39987713098526,61.18450005342795,50.82138743857292,173.6799016684004,145.19956768921847
187,16.421000007539988,389.9457656741142,203.3950099349022,0.4176504909992218,393.07138311862946,198.8359866142273,0.4564734697341919,378.57698154449463,199.16765558719635,0.5196819305419922,404.96629095077515,204.61957931518555,0.6538012623786926,371.1731399297714,205.18182110786438,0.6333435773849487,423.43781197071075,223.4593541622162,0.6681928038597107,350.9508171081543,224.9256706237793,0.5753709673881531,477.09697008132935,241.042032122612,0.6555910110473633,325.56710809469223,255.1846058368683,0.5974732041358948,535.715484380722,259.3464980125427,0.4731777012348175,305.4253135919571,260.4658544063568,0.39431238174438477,426.573251247406,288.02046751976013,0.7312301993370056,374.4350587129593,287.6006410121918,0.6763494610786438,415.15838211774826,345.0662339925766,0.6334067583084106,372.9680730700493,342.8306578397751,0.7202193140983582,416.7707683444023,382.5650954246521,0.5899859070777893,374.67859733104706,381.9988121986389,0.5441349148750305,69.07699660104916,60.533636699140025,179.19912471582307,144.6851269840615
188,19.96589999180287,388.8294756412506,203.93728584051132,0.44954976439476013,398.1656757593155,200.12736028432846,0.4586603045463562,381.93532556295395,199.4859938621521,0.5736224055290222,408.50640577077866,203.94188523292542,0.562188446521759,373.9952975511551,204.1206432580948,0.548714816570282,419.20195281505585,220.22884649038315,0.428458571434021,354.1265071630478,221.92709296941757,0.5966278314590454,476.26203405857086,236.70509159564972,0.7276004552841187,332.571412563324,246.1811066865921,0.5363670587539673,535.23177921772,247.54822707176208,0.5477568507194519,311.1319319009781,248.64187210798264,0.4535825252532959,426.16482895612717,287.6132478713989,0.7210069298744202,377.3586193919182,286.1677417755127,0.7053833603858948,422.16683477163315,342.1910557746887,0.6429577469825745,376.9113914966583,340.8462839126587,0.6382508277893066,421.7056368589401,383.89756202697754,0.5500832796096802,375.92428398132324,383.0954279899597,0.525546133518219,67.99431616229519,61.51033747495104,174.31274098781824,138.17582456446823
189,17.209900019224733,388.6262413263321,202.3483842611313,0.45181772112846375,397.2753681540489,198.58890122175217,0.5224552154541016,381.7719673514366,197.91164445877075,0.6612892746925354,408.96685433387756,202.96144556999207,0.4504161477088928,372.6985213160515,202.48570251464844,0.5607138276100159,421.89527583122253,221.67750430107117,0.5040456652641296,355.9378992319107,223.44225347042084,0.57563316822052,473.2317713499069,231.29133528470993,0.4461124539375305,343.6180031299591,247.00326693058014,0.405657559633255,528.9788850545883,237.1040474176407,0.4079478979110718,332.5941606760025,245.7832064628601,0.1636418104171753,425.7692526578903,290.1041581630707,0.6434510946273804,377.8797117471695,289.0503695011139,0.6405810713768005,428.3195569515228,341.71003472805023,0.5525734424591064,373.5226720571518,342.3545227050781,0.516717255115509,426.87521237134933,386.28411889076233,0.4999161660671234,379.78950947523117,386.1134135723114,0.4800930917263031,76.15268371584644,46.09663282946098,175.34570663161375,
190,17.739600036293268,390.9217399954796,201.23364233970642,0.45664137601852417,398.99279713630676,197.1958281993866,0.5778752565383911,385.81200540065765,196.09310501813889,0.6164345145225525,407.989434838295,202.60023492574692,0.47274529933929443,374.6447160243988,202.37109470367432,0.516452968120575,426.1211793422699,221.9114248752594,0.561652421951294,358.48263692855835,221.8175972700119,0.5647679567337036,479.1426409482956,228.05006051063538,0.6110839247703552,348.05391186475754,250.26725214719772,0.3066815435886383,551.0264093875885,226.19068449735641,0.4453253746032715,349.28892028331757,257.93066930770874,0.12111876159906387,423.8307923078537,290.6118406057358,0.6737446784973145,375.41997170448303,289.6456665992737,0.6480103731155396,424.9645047187805,341.7399232387543,0.5880009531974792,376.4920501112938,341.7547016143799,0.5729615092277527,426.46315038204193,385.62892413139343,0.5107938647270203,382.6553702354431,385.4712780714035,0.5086649060249329,85.305365176333,34.15189995491717,171.91419534808665,
191,18.374199979007244,389.82715433835983,197.80315911769867,0.4593378007411957,394.4071790575981,196.03163903951645,0.5957130789756775,382.44287610054016,195.39556568861008,0.6301720142364502,406.5214054584503,202.4377180337906,0.573104739189148,374.7742464542389,200.49010908603668,0.5437751412391663,428.17279148101807,219.54371798038483,0.7220971584320068,354.71298027038574,218.39926850795746,0.7099811434745789,479.20692443847656,224.0743607878685,0.46281343698501587,318.08937525749207,229.16662710905075,0.4676646292209625,545.1413388252258,215.9490892291069,0.5743047595024109,265.24698144197464,219.10166358947754,0.4915708601474762,424.24641370773315,284.53542494773865,0.695910632610321,377.37828981876373,284.4132469892502,0.6883088946342468,423.0131716132164,340.6035566329956,0.6125349402427673,371.9946679472923,342.07472884655,0.5963618159294128,428.30946749448776,384.17642092704773,0.48388612270355225,383.8138647079468,385.3988037109375,0.5419647097587585,88.38400649008722,92.5660877588595,167.90147873119236,152.83260516113282
192,15.887999965343624,387.19436806440353,198.87679302692413,0.4517444968223572,392.50337612628937,196.89361041784286,0.5385725498199463,380.72889947891235,196.47879046201706,0.595039963722229,405.3496100306511,202.3510684967041,0.6187694668769836,374.54558777809143,201.2688540816307,0.4529477655887604,421.88435673713684,216.00058734416962,0.5871691703796387,350.6205412745476,215.6047078371048,0.6726306676864624,486.3729546070099,218.58446568250656,0.6292317509651184,313.6745285987854,223.21433472633362,0.4330851435661316,550.649379491806,198.33014392852783,0.7336094379425049,264.1447952389717,211.26098132133484,0.7277209758758545,425.95064878463745,284.2785224914551,0.7066628336906433,378.11345529556274,285.416216135025,0.7119616866111755,419.8431284427643,339.5763690471649,0.6174119114875793,378.6430848836899,340.496066570282,0.5879202485084534,426.43735134601593,382.63416171073914,0.4081380069255829,381.35511487722397,382.9275577068329,0.5282042026519775,84.29732093434698,99.8570934371379,160.2152404432129,154.7936223189382
193,16.390000004321337,385.7189254760742,196.8387645483017,0.5551080107688904,392.03583550453186,195.17188441753387,0.5343906283378601,379.791730761528,195.01031756401062,0.5877257585525513,404.6663102507591,201.90988874435425,0.5849761366844177,373.96931117773056,198.7131451368332,0.5468868613243103,421.85732662677765,216.1163563132286,0.6109914779663086,350.9778472185135,215.94299691915512,0.683222770690918,495.3941602706909,213.30950546264648,0.643373429775238,302.8298877477646,216.76022601127625,0.57111656665802,540.0659940242767,188.9237983226776,0.7294529676437378,257.6934572458267,199.99376678466797,0.7402175664901733,426.0728730559349,283.3170232772827,0.7488464713096619,378.9686772823334,283.87462043762207,0.7288452386856079,421.80845832824707,340.50761783123016,0.666809618473053,372.643818795681,343.33731484413147,0.6702534556388855,427.479188144207,381.9378287792206,0.43192487955093384,382.3224449157715,383.37564408779144,0.664191722869873,88.59637754933664,111.42142070833017,153.5563926663831,158.6494880240387
194,16.360199952032417,392.69488847255707,195.50908774137497,0.5123139023780823,396.80413430929184,194.49307441711426,0.6707892417907715,386.72688096761703,193.9479936361313,0.6179591417312622,408.3847970366478,200.5004539489746,0.5665210485458374,376.4277933835983,199.7698291540146,0.5558887720108032,424.783884704113,215.57276844978333,0.6595584750175476,357.76376980543137,216.6285778284073,0.7628613114356995,490.40991497039795,210.01603889465332,0.7257720828056335,306.51620602607727,212.55330502986908,0.5468296408653259,529.4449269771576,181.3910943865776,0.7296933531761169,257.11790323257446,193.78224962949753,0.6157428026199341,429.06459778547287,288.13492453098297,0.7265117168426514,382.5000140070915,288.646950006485,0.7619074583053589,425.6581348180771,343.56423830986023,0.6609461307525635,375.16401529312134,346.1189670562744,0.6632789373397827,430.0457372665405,383.68957901000977,0.5067164301872253,380.3592292666435,385.1074284315109,0.6776343584060669,91.46366150478909,113.50279298731363,148.58670085013563,163.74017975007024
195,16.783300030510873,391.31158912181854,196.40123414993286,0.4389849901199341,399.5696625113487,195.36713993549347,0.7130002379417419,389.60992324352264,194.488218665123,0.6284018158912659,408.68809628486633,202.5294646024704,0.40247416496276855,379.3665283918381,201.55826896429062,0.4126134216785431,427.67217242717743,214.14009541273117,0.6465357542037964,358.9534960985184,217.30394959449768,0.7590159773826599,495.4248836040497,205.1558684706688,0.6125893592834473,308.0259045958519,212.64524763822556,0.5029371976852417,517.6526265144348,169.27716940641403,0.4883977174758911,266.64815813302994,188.87046045064926,0.7067967057228088,429.0788086652756,289.3634901046753,0.7378659248352051,381.3786658644676,289.7665476799011,0.7691652774810791,427.24078792333603,345.7371119260788,0.575042188167572,374.64490336179733,347.8596485853195,0.5930997133255005,428.1989116668701,383.9600534439087,0.4674740433692932,379.27093279361725,384.60001742839813,0.6815549731254578,96.48226231611378,112.42254785107828,129.33277769677144,155.34592414710713
196,17.131400003563613,392.2199078798294,196.48124849796295,0.45547524094581604,400.6622945070267,195.31692361831665,0.6848752498626709,390.4748064875603,194.08487457036972,0.6211613416671753,409.7342953681946,202.51097655296326,0.42794784903526306,379.5602352619171,199.56668680906296,0.631363034248352,428.0020468235016,213.49817103147507,0.6365756988525391,357.6795482635498,215.68411898612976,0.7128912806510925,490.3256666660309,201.1660237312317,0.6908022165298462,307.7162358760834,211.21601283550262,0.5283341407775879,502.46288204193115,165.7828375697136,0.5711773633956909,268.3721171617508,185.91936963796616,0.7407383918762207,430.5286127924919,289.3388795852661,0.7280945777893066,382.82772064208984,289.6115255355835,0.7752369046211243,427.2761144042015,346.1266276836395,0.5698975324630737,370.9305647611618,347.77299904823303,0.5576016306877136,425.75346279144287,383.8890870809555,0.4545266032218933,376.080764234066,383.51567673683167,0.6605463624000549,99.28463868601678,113.89720107480709,120.12579310924696,152.37089519087536
197,17.006599984597415,390.969484269619,194.70009231567383,0.5863948464393616,395.43520641326904,193.92532843351364,0.6133096814155579,385.1003641486168,193.27521562576294,0.618256688117981,406.2774921655655,202.07742726802826,0.3533075451850891,376.3696652650833,201.10817694664001,0.4305240511894226,428.82017600536346,212.97822856903076,0.6381843090057373,356.0189895629883,215.19332611560822,0.659772515296936,490.51814246177673,194.8555065393448,0.6351498961448669,309.68980860710144,209.8221556544304,0.7024715542793274,486.7830094099045,162.1220680475235,0.46549659967422485,269.8235002756119,185.24077075719833,0.7164814472198486,430.48737180233,287.8714472055435,0.6001585721969604,383.38563817739487,289.94014835357666,0.7683896422386169,425.9813721179962,344.10211086273193,0.4115775227546692,378.13743448257446,347.48708271980286,0.533785343170166,427.0173479318619,382.7988953590393,0.45261019468307495,378.4175306558609,383.21389627456665,0.6389749646186829,105.09399938184032,116.72197930643868,99.85952236274949,154.95526389862917
198,16.166799992788583,391.7509488463402,193.75545251369476,0.5753698945045471,396.64481723308563,194.08499521017075,0.6514092087745667,385.34904116392136,193.259457051754,0.6344879269599915,409.5442817211151,204.39039385318756,0.5013216733932495,376.09468072652817,203.80323994159698,0.589745819568634,434.9229861497879,216.1745800971985,0.6668765544891357,356.81123942136765,217.4823607802391,0.6701174974441528,484.90690565109253,194.8069188594818,0.6518800258636475,314.25896775722504,212.010682284832,0.6857466697692871,459.4162269830704,160.63469994068146,0.6831536293029785,278.4333665370941,184.7644395828247,0.5751494765281677,424.7598787546158,284.8831993341446,0.5091232657432556,383.66271018981934,286.27839863300323,0.6217922568321228,428.46361941099167,343.0498905181885,0.38482528924942017,376.0794796347618,345.18780875205994,0.4384845495223999,432.43032824993134,382.2317374944687,0.5162814259529114,381.91734117269516,382.928040266037,0.600508451461792,121.56021361630648,118.6482711578235,76.42525459261144,150.07342365127747
199,15.83669998217374,391.20852679014206,191.5056710243225,0.33574584126472473,399.74765980243683,190.24187862873077,0.6030806303024292,388.75491535663605,189.27875077724457,0.5712512731552124,415.0528041124344,200.8336459994316,0.49031955003738403,377.2187051177025,201.2026379108429,0.5078274607658386,438.9621142745018,216.86744463443756,0.6975575089454651,359.7242824435234,217.46446084976196,0.6840207576751709,466.31500697135925,198.92247027158737,0.513944149017334,318.98118156194687,213.6086620092392,0.6152698993682861,427.4764851331711,166.14679276943207,0.5360347628593445,289.4860054254532,190.292260825634,0.6574296355247498,429.29413962364197,286.30816650390625,0.5364700555801392,386.37888836860657,289.55042147636414,0.7437136769294739,431.0301685333252,347.24037432670593,0.4671953022480011,378.95505517721176,345.7543935775757,0.4078359305858612,434.185224711895,380.5119869709015,0.44842660427093506,395.06572353839874,378.9816710948944,0.33755728602409363,131.19316545213564,115.6986394079858,73.42792676268385,147.0792653356491
200,15.708499995525926,395.3195924758911,190.15905940532684,0.35711729526519775,402.7310881614685,187.66030752658844,0.5997430682182312,392.6440397500992,187.43057918548584,0.5036250948905945,412.01098001003265,198.3876589536667,0.5583357214927673,380.7757873535156,197.7995399236679,0.6853815317153931,435.3568060398102,216.64938819408417,0.7378774285316467,363.8241614103317,217.01451963186264,0.7068436145782471,456.07723224163055,209.12604892253876,0.42026662826538086,322.25551813840866,218.59441846609116,0.5989958047866821,419.2756567001343,184.56285047531128,0.41287878155708313,291.47055077552795,193.57762944698334,0.6031839847564697,429.7269425392151,291.2945110797882,0.7068261504173279,389.3760726451874,293.3134181499481,0.7037522196769714,429.10120886564255,351.7111647129059,0.3769998848438263,373.8984708786011,352.1283974647522,0.488922119140625,433.28988575935364,379.41359174251556,0.2623353600502014,393.4217040538788,384.58397233486176,0.35723385214805603,114.26853506692376,106.3387073447041,53.6764689920752,138.72506146210833
201,16.26919995760545,394.6741616129875,195.18666279315948,0.5423082709312439,397.28395891189575,194.25714820623398,0.5967744588851929,387.2987685203552,193.55279272794724,0.63941490650177,408.37085378170013,200.58556532859802,0.4926665425300598,377.9899999499321,200.14607453346252,0.5738826394081116,427.18415850400925,214.26304244995117,0.606860876083374,365.2368192076683,217.68571424484253,0.6324374079704285,449.0095274448395,228.22286194562912,0.39113494753837585,324.1765025854111,225.0337337255478,0.5357415676116943,431.73067659139633,212.95527684688568,0.3472804129123688,297.5597388148308,207.19860190153122,0.4811789095401764,428.817125082016,282.22052812576294,0.6693982481956482,387.5779012441635,285.3121643066406,0.6785199642181396,427.14088356494904,341.7587732076645,0.5588474869728088,375.87209713459015,343.4436286687851,0.573868989944458,435.7478059530258,382.7170412540436,0.4468936622142792,385.3926104903221,384.4780204296112,0.48304468393325806,56.01992550355491,98.13543143077352,8.860235229006744,136.02902844158203
202,17.426899983547628,393.80387234687805,196.2014998793602,0.4755636751651764,400.0975525379181,194.26799070835114,0.6004989743232727,386.37415140867233,194.13204473257065,0.5619894862174988,412.9154717326164,200.33196538686752,0.5239226222038269,376.5571364760399,199.91523027420044,0.4906865656375885,436.3950299024582,216.56837856769562,0.7593789100646973,361.7165889143944,222.2199913263321,0.6220737099647522,444.292746424675,235.02647924423218,0.5588545799255371,324.1716050505638,229.06728023290634,0.5603837966918945,388.0854250192642,217.4644306898117,0.23089084029197693,312.4615992307663,216.37325876951218,0.5498805046081543,427.4010416865349,285.9706766605377,0.6586894989013672,387.89161109924316,287.6060698032379,0.7068002820014954,426.8692443370819,341.25000500679016,0.5572556257247925,372.6736589670181,343.70695519447327,0.5726646780967712,433.22734183073044,382.9682434797287,0.4204987585544586,388.1724833846092,385.850298166275,0.5145795345306396,30.54868503148856,101.48120310993953,,122.35521967584953
203,16.75700000487268,391.94682347774506,200.2573345899582,0.30325907468795776,403.8641582727432,196.2477501630783,0.5671010613441467,387.14349257946014,196.29775536060333,0.6091360449790955,417.4062970876694,200.14776349067688,0.5245583653450012,379.60551738739014,200.65123862028122,0.5725143551826477,440.4045051932335,213.79470366239548,0.721671462059021,360.58935302495956,223.99608063697815,0.5973283648490906,443.43870198726654,233.0740748643875,0.6085148453712463,333.619404733181,234.75781440734863,0.4480099678039551,354.06506049633026,225.63210713863373,0.45774802565574646,329.22647655010223,229.00352209806442,0.45446300506591797,429.64863550662994,285.95173621177673,0.6491498351097107,390.302108168602,287.6190687417984,0.680392861366272,422.7765644788742,341.731538772583,0.5068703293800354,372.2091692686081,343.5430660247803,0.5543727278709412,432.3406203985214,383.23187160491943,0.43271881341934204,389.67431378364563,385.05401515960693,0.5053510665893555,17.42207268664398,93.27985351532088,76.29619711374635,105.60542512992745
204,16.608300036750734,395.70098465681076,202.42122054100037,0.3967483639717102,405.9700982570648,197.7768898010254,0.5659251809120178,390.29292863607407,197.4312869310379,0.6030436158180237,416.07020676136017,200.64567410945892,0.5132002830505371,381.0050348043442,201.21427965164185,0.579875648021698,441.93952107429504,215.47541213035583,0.6215120553970337,362.8934959769249,221.17538636922836,0.5982840657234192,448.57027477025986,239.51601403951645,0.497789204120636,344.6392595767975,241.84630751609802,0.47194695472717285,397.1963920593262,234.30853670835495,0.18120914697647095,348.70274156332016,240.21492564678192,0.5780816078186035,433.84713423252106,279.9493330717087,0.6884663105010986,388.5726628303528,279.6645929813385,0.6715187430381775,425.5590065717697,335.747261762619,0.3590243458747864,373.4201449751854,338.7644933462143,0.5407326221466064,434.27533400058746,382.09260964393616,0.4704625904560089,385.73645490407944,384.86551547050476,0.6127221584320068,22.57366195838236,65.15077715847991,,26.67850092502666
205,16.586200043093413,395.9393581151962,202.45889031887054,0.46825656294822693,405.5877693891525,198.66169226169586,0.581592321395874,390.2492790222168,197.41590535640717,0.5861255526542664,418.7348403930664,200.11268746852875,0.4801827371120453,382.27253288030624,199.4159322977066,0.5598317980766296,438.83087104558945,218.7639023065567,0.6360706686973572,367.2028181552887,220.46142494678497,0.4385157525539398,447.93244445323944,243.63737124204636,0.5054379105567932,339.7779878973961,249.39878129959106,0.5340228080749512,401.44560569524765,250.96939086914062,0.2500115931034088,342.0044928789139,253.64988660812378,0.45160022377967834,428.10468095541,281.56789696216583,0.5738188624382019,385.5686005949974,281.41504633426666,0.6114031672477722,427.3592119216919,336.1400046348572,0.4704122543334961,370.3623704314232,338.7581899166107,0.4489198923110962,432.26986038684845,381.9916341304779,0.4018784463405609,381.664810359478,383.999623298645,0.5350844860076904,29.790266352037143,60.23073651594307,,108.8940326017384
206,17.191499995533377,392.43015396595,201.33309477567673,0.36114048957824707,402.4519019126892,196.82127177715302,0.6500855684280396,386.2237730026245,195.76178288459778,0.6062750816345215,416.17120838165283,199.61180609464645,0.5414694547653198,380.8634344935417,198.2711963057518,0.5337304472923279,436.78814405202866,219.97319567203522,0.561194658279419,368.72244560718536,221.90225625038147,0.46630755066871643,445.7927302122116,252.19276893138885,0.4871886372566223,341.1688877940178,252.548686504364,0.4644300043582916,384.4350487589836,269.5293115377426,0.321012407541275,334.0250972509384,270.64206290245056,0.48260360956192017,424.33462285995483,285.21492862701416,0.4764391779899597,382.1936638355255,285.5724446773529,0.5836896300315857,428.76325219869614,336.2920409440994,0.44266143441200256,368.79647064208984,337.99179542064667,0.4012411832809448,431.50306165218353,383.6373118162155,0.4715372323989868,376.3141598701477,383.3215069770813,0.5000981688499451,26.421158334908533,53.90439222252261,90.16319446595809,159.58750589885557
207,15.649600012693554,396.4010109901428,202.89170068502426,0.48304861783981323,406.3847026824951,198.0802235007286,0.6066792011260986,390.4612914323807,196.66781795024872,0.6055986881256104,417.2163904905319,200.20746511220932,0.49159958958625793,379.44446074962616,199.39308613538742,0.5207872986793518,435.7443803548813,222.5045353770256,0.6191531419754028,366.508385181427,224.82196563482285,0.5465437769889832,446.8294018507004,255.2131371498108,0.5114357471466064,342.36410039663315,261.29127192497253,0.5243260860443115,411.8422960639,282.7236865758896,0.21921265125274658,338.28185790777206,285.70370078086853,0.39821407198905945,422.8534263372421,287.3427131175995,0.509160578250885,382.2433885335922,288.5891032218933,0.61629319190979,428.8823720216751,342.45199966430664,0.47851139307022095,368.69193637371063,343.2742202281952,0.44418853521347046,426.71220207214355,385.6465677022934,0.4302643835544586,378.46741592884064,384.298930644989,0.47287192940711975,29.966402136167474,47.36755492744744,,155.98684612880496
208,16.357399988919497,392.2780627608299,204.40199035406113,0.37381672859191895,402.5370066165924,198.98530852794647,0.6087668538093567,384.64810490608215,197.92033052444458,0.6385893225669861,416.1760256290436,200.27206772565842,0.5134807229042053,376.3328936100006,200.03608119487762,0.4724898040294647,437.39610743522644,223.16767728328705,0.6017436981201172,365.94570392370224,223.27972149848938,0.5246290564537048,450.12097346782684,255.81606471538544,0.44726550579071045,349.19027376174927,262.8415536880493,0.5288760662078857,414.87060511112213,291.0493106842041,0.24581144750118256,338.02437603473663,294.49436116218567,0.3791011571884155,422.0241639614105,289.29828429222107,0.4810181260108948,379.3072494864464,288.55990839004517,0.6071380376815796,421.89864790439606,345.38822162151337,0.456193745136261,369.32141679525375,343.3620460033417,0.47116798162460327,421.8196718096733,386.28182673454285,0.44674891233444214,379.25682896375656,384.01114439964294,0.43715277314186096,34.37950833712638,34.521405877109174,,176.4770108424225
209,15.804899972863495,393.8493685722351,203.59966027736664,0.4476616382598877,404.4170979857445,197.6992279291153,0.6673207879066467,386.26450550556183,197.1045641899109,0.6231091022491455,416.34222066402435,200.06958889961243,0.540901243686676,376.68840646743774,199.67484039068222,0.4926376938819885,437.9774689078331,223.38491940498352,0.5907029509544373,362.3510739207268,223.1934037208557,0.6105344891548157,450.81347954273224,260.98698818683624,0.5279132723808289,348.34024369716644,262.5783779621124,0.5467727780342102,428.5452182292938,296.99223840236664,0.3252095580101013,342.26799631118774,293.29839849472046,0.3506050407886505,425.34126698970795,291.98595809936523,0.6130577325820923,375.4991618990898,290.67267322540283,0.5897061824798584,416.1740987300873,348.6560220718384,0.3787137269973755,370.67412662506104,346.8963397741318,0.46815773844718933,418.34044164419174,386.7468328475952,0.415170282125473,382.70844024419785,386.95671594142914,0.383680522441864,29.284885614165333,30.608258906063362,129.4162618483006,171.5986568473546
210,18.458599981386214,394.8790552020073,203.71746504306793,0.5188071727752686,406.500048995018,197.6886870265007,0.5853893160820007,388.69767040014267,196.93931782245636,0.5581739544868469,416.6985096335411,200.7819367647171,0.49436163902282715,375.8918210864067,200.723215341568,0.46403613686561584,439.5644575357437,224.0588434934616,0.6307664513587952,360.47563922405243,225.65282702445984,0.6264814138412476,458.45903992652893,258.8373980522156,0.5248147249221802,349.13083428144455,264.838082075119,0.5176038146018982,445.040650844574,301.7994931936264,0.48670515418052673,334.2582787871361,298.30039608478546,0.404119610786438,429.3796457648277,291.2955365180969,0.6101307272911072,375.7072402238846,290.63340497016907,0.6181038022041321,427.1721689105034,345.60926389694214,0.4607824385166168,364.28782147169113,346.7798318862915,0.405595064163208,426.7272961139679,384.52054595947266,0.37884944677352905,381.10940849781036,386.6076748371124,0.4749237596988678,37.127972760581585,29.3387355747532,134.14034134027867,172.18355505891896
211,17.7836999646388,393.7411143183708,202.9755453467369,0.4830058515071869,404.4248055815697,197.5370578765869,0.6081634759902954,386.37690794467926,197.12775719165802,0.6332142949104309,415.52837347984314,201.24400228261948,0.47953328490257263,375.8928915858269,201.87000221014023,0.4726148545742035,434.0549716949463,224.89068508148193,0.6155006289482117,361.9334988594055,227.46299707889557,0.6643341779708862,464.93823766708374,260.60706329345703,0.5822766423225403,347.95406103134155,264.11261463165283,0.49160245060920715,457.7870874404907,292.4645663499832,0.4072107970714569,335.11770248413086,299.60270273685455,0.41298937797546387,424.49385964870453,291.0706639289856,0.4969649016857147,376.51549404859543,292.1066883802414,0.6322024464607239,428.21644109487534,346.93310475349426,0.37627413868904114,366.55631679296494,348.1259307861328,0.35490748286247253,427.614606320858,387.1602051258087,0.3531247675418854,382.32876086235046,386.807514667511,0.3318961560726166,49.07006224178785,33.5903220422523,126.49901610545699,179.00588779091834
212,17.185699951369315,391.5556629896164,203.00164878368378,0.4426393210887909,401.5469819903374,197.93459618091583,0.5888585448265076,384.3535569906235,197.38057297468185,0.6276421546936035,412.9153914451599,201.14430856704712,0.44582298398017883,374.51978874206543,201.9966287612915,0.44517040252685547,425.86294811964035,222.3790247440338,0.5040133595466614,361.08317440748215,227.12556755542755,0.6406656503677368,463.8805307149887,253.85177731513977,0.4522392451763153,345.69594955444336,265.2078129053116,0.5197568535804749,472.32393431663513,286.1937698125839,0.500001847743988,319.3302446603775,296.12900030612946,0.3830081820487976,424.361652970314,288.20625281333923,0.49455857276916504,376.26347172260284,289.66801512241364,0.5869724154472351,426.0438892841339,343.98334097862244,0.4688539505004883,367.5425946712494,345.9194288253784,0.44530388712882996,425.43228620290756,387.1965478658676,0.3613367974758148,381.432726085186,386.58221983909607,0.32724320888519287,51.68693012134247,35.64428610134332,144.25099136739144,161.54791387578146
213,18.395799968857318,390.62550604343414,203.38051807880402,0.4269467890262604,400.9126843214035,198.23568296432495,0.5619673728942871,383.21588373184204,197.6616033911705,0.6245666742324829,411.68415653705597,201.86401546001434,0.48906880617141724,373.0888521671295,202.70875042676926,0.4427925646305084,427.01009529829025,218.49261355400085,0.5249727368354797,352.8227459192276,223.64379733800888,0.5770707130432129,468.83378505706787,248.3756200671196,0.5367266535758972,339.9375190734863,263.0712217092514,0.4990454912185669,496.60403871536255,276.66696536540985,0.6240405440330505,311.2048596739769,284.64852476119995,0.37388211488723755,429.7791829109192,284.7488065958023,0.614285409450531,374.0371540784836,284.9938863515854,0.6041109561920166,428.21515649557114,342.67825961112976,0.5700860023498535,368.0565414428711,345.30594527721405,0.5155077576637268,422.62471413612366,386.8621644973755,0.41990917921066284,379.90466845035553,388.49972915649414,0.5328577756881714,52.06100466603354,37.172852223584364,170.01324080802542,145.0032153536547
214,17.8460999741219,391.80353713035583,203.4271755218506,0.4738684892654419,402.7186703681946,198.36141979694366,0.5767935514450073,384.7397931814194,197.48141276836395,0.5923233032226562,411.5677129626274,201.92714023590088,0.47757160663604736,373.4801732301712,202.57331717014313,0.4299987256526947,428.3419303894043,219.99969118833542,0.4891587793827057,353.4191211462021,223.2917703986168,0.5905618667602539,471.58518266677856,245.79531568288803,0.6331877708435059,339.4474176764488,259.4505498409271,0.5056626200675964,513.7165071964264,275.50457072257996,0.7006568908691406,303.5895141363144,279.75133299827576,0.4616404175758362,430.42830699682236,282.9199072122574,0.6457140445709229,374.6047328710556,282.821857213974,0.6582340002059937,423.2950341105461,341.16619050502777,0.5923577547073364,369.7873249053955,342.6775960922241,0.5423174500465393,420.85386723279953,386.53628623485565,0.41862842440605164,378.81388306617737,387.35847663879395,0.5620611906051636,57.283742765193686,40.716129647347564,175.62718115255822,140.6426299261388
215,18.227099964860827,389.0473757982254,202.41131299734116,0.3947903513908386,398.6727178096771,197.213170170784,0.5910831093788147,382.5535122156143,196.43487757444382,0.6134271621704102,409.45992636680603,201.1368590593338,0.40272101759910583,372.00454330444336,200.08356803655624,0.4485416114330292,427.78203243017197,218.8622840642929,0.5145076513290405,354.37909150123596,222.8542701601982,0.620294451713562,474.9883003234863,242.09554934501648,0.6064239144325256,339.4026975631714,256.01288855075836,0.5094502568244934,526.7980101108551,270.5357792377472,0.6053375601768494,303.7907145023346,270.2433182001114,0.5314924716949463,426.1935451030731,283.8721774816513,0.6979870200157166,373.7066106200218,283.68165707588196,0.6450427770614624,414.70438331365585,343.21613216400146,0.5378081202507019,376.09403842687607,342.467924118042,0.5856212377548218,416.73959004879,384.94911885261536,0.37790483236312866,377.695799946785,386.87670159339905,0.5351079702377319,65.19492837989021,41.934077721762776,177.44080842952147,136.08823567556436
216,18.155899946577847,389.67195868492126,204.12384021282196,0.42301854491233826,399.1916691660881,199.52942419052124,0.5161944031715393,383.01355934143066,198.49673241376877,0.5931011438369751,410.4832167625427,201.99789547920227,0.4763387143611908,374.97847098112106,201.9097530245781,0.42225342988967896,430.14127933979034,219.7054507136345,0.5674005150794983,356.7592399120331,221.37183320522308,0.62002032995224,474.69177198410034,239.21681225299835,0.5472429990768433,336.17894208431244,248.96603125333786,0.5304456949234009,540.6047228574753,258.8936161994934,0.5968887209892273,307.18981778621674,259.16837334632874,0.5731253027915955,430.32952666282654,285.3561073541641,0.6671170592308044,377.2692594528198,284.20276069641113,0.6974678635597229,418.2325620651245,340.00898337364197,0.5897334218025208,375.24649727344513,340.0132359266281,0.6163305640220642,423.1471981406212,383.52695655822754,0.4799666106700897,376.4545558691025,385.63037180900574,0.566326379776001,66.18418420369947,54.79463768671663,172.9702657030592,146.10515377494772
217,17.59569998830557,389.1235953569412,204.2085896730423,0.4226107895374298,398.83018827438354,199.76194232702255,0.47930437326431274,382.41777288913727,198.97963845729828,0.5636627674102783,409.6383250951767,202.34990733861923,0.44468894600868225,374.8156212568283,202.25629085302353,0.4184991121292114,429.21200555562973,217.853071808815,0.5972623825073242,355.80472910404205,218.64936989545822,0.7090614438056946,488.9626532793045,232.69707548618317,0.7085667252540588,330.9767966270447,244.30778169631958,0.5398144721984863,554.2763385772705,248.72458577156067,0.5550211668014526,296.7474706172943,251.29140865802765,0.5229093432426453,422.22049355506897,286.8739370107651,0.618579089641571,378.85306334495544,286.3411011695862,0.7370937466621399,426.5823237299919,341.9980320930481,0.5880743265151978,370.0376076698303,345.1354510784149,0.5749260783195496,427.9814932346344,383.34304118156433,0.4163203835487366,378.00851958990097,386.66196274757385,0.5874431729316711,81.8323977739976,62.860770828384524,179.8358469071015,145.5890807246647
218,17.06819998798892,390.8940408229828,203.28720319271088,0.4737425148487091,400.2329439520836,199.22001326084137,0.5183127522468567,384.00013160705566,198.19759094715118,0.6028996109962463,408.5253268480301,201.2426752448082,0.36075669527053833,374.33737564086914,201.2644054889679,0.3836930990219116,425.53601759672165,216.01060044765472,0.5604314208030701,356.78948152065277,219.719746530056,0.6572784185409546,480.0904611349106,229.38142627477646,0.580588698387146,336.53611421585083,241.82620590925217,0.43036729097366333,545.387446641922,237.75040531158447,0.5429373383522034,316.6755399107933,239.17226600646973,0.2768128216266632,422.0731928348541,286.7538400888443,0.5899246335029602,380.5660497546196,287.11204981803894,0.730506956577301,423.4794811606407,341.58393597602844,0.4690382480621338,372.04645335674286,344.38718271255493,0.5993576645851135,430.5911031961441,383.31469082832336,0.4606753885746002,380.23933333158493,387.0726809501648,0.6083912253379822,79.03110390485834,61.92837793218279,173.5324205659261,
219,17.27100001880899,392.99714398384094,202.16995799541473,0.5175820589065552,403.32141506671906,198.31654179096222,0.5937169194221497,387.6269568800926,196.5496211051941,0.6015809178352356,409.61461353302,201.96100986003876,0.34024402499198914,374.09314119815826,200.46074837446213,0.38650766015052795,424.34302628040314,218.04232549667358,0.3259955048561096,361.3957602381706,222.41898667812347,0.5445511341094971,484.58211612701416,230.33255046606064,0.4310246407985687,351.858118891716,250.40791815519333,0.309141606092453,548.5046339035034,228.241907954216,0.37121421098709106,356.67895245552063,266.81193017959595,0.1928868293762207,429.16436833143234,290.3630210161209,0.6094496846199036,380.10201501846313,290.1705402135849,0.6380825042724609,426.53862059116364,341.84068763256073,0.46260586380958557,371.131551027298,342.7277520895004,0.5188097357749939,429.3950609564781,385.49106299877167,0.4401707649230957,380.9872645139694,387.4294128417969,0.5201303362846375,74.65449984379198,34.25216972275754,166.59530353853233,
220,15.53739997325465,391.53992664813995,201.9642972946167,0.4720191955566406,401.14436715841293,197.60261052846909,0.5576919913291931,385.7206382751465,196.5815755724907,0.6045076251029968,409.6226958036423,201.7411589026451,0.3705584704875946,373.3677975535393,200.35912442207336,0.40523481369018555,426.257400393486,216.67957830429077,0.5066469311714172,363.29223024845123,219.90409922599792,0.6630070805549622,482.92043340206146,225.32221364974976,0.42108097672462463,338.2763715982437,237.49588549137115,0.38941723108291626,557.0773003101349,217.19057834148407,0.4465669095516205,309.5223824977875,229.612089574337,0.3297768235206604,427.73214715719223,284.83340525627136,0.5559107661247253,377.8933606147766,284.7776395082474,0.5981433391571045,424.43918389081955,338.1446158885956,0.4004274606704712,367.5962802171707,338.55268001556396,0.41410592198371887,429.1107095479965,384.21315574645996,0.4601646363735199,378.72535276412964,384.8665107488632,0.5174236297607422,80.08809230318785,67.56837776777874,165.06995412915845,129.5515278423469
221,15.120700001716614,389.9190834760666,202.12185287475586,0.4082084596157074,398.8775846362114,197.27339959144592,0.5437895655632019,385.1779753565788,196.6949920654297,0.637614905834198,408.9902447462082,202.17419546842575,0.4481421113014221,377.2439689040184,201.47014158964157,0.45913535356521606,432.08233565092087,214.09250301122665,0.7276169061660767,358.36450731754303,215.7937654852867,0.729981541633606,496.26238882541656,217.00795984268188,0.5912905931472778,320.6926960349083,227.63112372159958,0.38344869017601013,560.2288506031036,199.9589923620224,0.6688313484191895,258.381975710392,216.09102195501328,0.6130654215812683,426.48391807079315,281.883460521698,0.6216445565223694,378.3909287452698,282.4787576198578,0.7346254587173462,427.93407011032104,339.437784075737,0.5491912961006165,375.0890535712242,340.02593326568604,0.5809271931648254,430.0447470545769,382.6732791662216,0.5019552707672119,381.00294733047485,384.93868350982666,0.5829929709434509,92.12003333364902,89.27180600303772,162.47496271027345,152.06363316207353
222,19.048299989663064,389.05478900671005,201.2140383720398,0.35359469056129456,398.56449031829834,197.04893416166306,0.562811017036438,385.9485208392143,196.3033047914505,0.6453433036804199,409.5279030799866,202.5598205924034,0.4900204539299011,376.7731900215149,201.38183325529099,0.4595889747142792,434.04758524894714,216.40641963481903,0.7249522805213928,356.0746555328369,215.18572580814362,0.696114718914032,505.25115835666656,212.5898739695549,0.5983685255050659,304.302894949913,219.55406284332275,0.49923813343048096,553.0326858758926,193.1738781929016,0.73324054479599,252.79886627197266,201.18221962451935,0.6730024814605713,424.2884575724602,282.1209098100662,0.5650585889816284,378.39794051647186,283.2026869058609,0.7115640640258789,430.142269551754,341.76073360443115,0.5695490837097168,376.00558841228485,343.00127267837524,0.5826659202575684,430.571138381958,383.15068101882935,0.4990004599094391,378.7198932170868,385.7709171772003,0.584149181842804,101.51528853726401,103.34691377887083,160.9538078803797,155.5453189214027
223,16.806200030259788,392.04739689826965,197.28235709667206,0.43301233649253845,400.5585898756981,195.58003902435303,0.6521214842796326,389.69251227378845,194.64363288879395,0.6220018267631531,411.3179386854172,201.91709697246552,0.5168729424476624,378.71769869327545,199.4304392337799,0.6094747185707092,435.226686835289,216.6573202610016,0.7328941822052002,358.06878185272217,214.94275724887848,0.7239521741867065,504.9933285713196,211.19526278972626,0.7619474530220032,305.4112365245819,216.91455447673798,0.6431565284729004,542.1546454429626,187.66460531949997,0.7385832071304321,259.9178747534752,194.4372181892395,0.5724544525146484,430.00971496105194,284.9663201570511,0.6810466647148132,379.1798332929611,286.54887306690216,0.7490580081939697,431.50563085079193,342.94040989875793,0.5327031016349792,376.6507248878479,345.38617074489594,0.5692348480224609,432.1238442659378,383.92096614837646,0.5072154402732849,381.2123102545738,387.65555214881897,0.6171309351921082,98.84395704629296,104.2821944820334,152.13446389634493,151.5624907805114
224,15.138799964915961,393.8982903957367,197.20587146282196,0.4418469965457916,402.92795300483704,195.80180513858795,0.6559197306632996,391.40199279785156,194.49933260679245,0.5941744446754456,413.306096971035,202.26722383499146,0.5450279712677002,378.93297612667084,199.6098004579544,0.6214690208435059,434.2690715789795,216.16183751821518,0.7069876194000244,355.12710297107697,215.63673770427704,0.6652987003326416,499.40125370025635,206.51873630285263,0.728327214717865,304.35968494415283,214.49919486045837,0.6008182168006897,529.9274010658264,183.87912440299988,0.5959653854370117,258.90649366378784,189.01020658016205,0.7445236444473267,431.55471324920654,290.3215812444687,0.6972219347953796,380.1419446468353,290.7419807910919,0.7581606507301331,433.34014570713043,345.0215972661972,0.4591463506221771,371.5849878191948,347.6672582626343,0.5587065815925598,435.0241751074791,384.7369737625122,0.5330610275268555,383.060982465744,388.3031767606735,0.60895174741745,100.51788480134057,109.70466034621245,151.8593563842947,152.0010141020306
225,14.550399966537952,394.3862775564194,197.96110677719116,0.4319286346435547,402.8340702056885,196.5520942211151,0.6678929328918457,391.7736434340477,195.22160309553146,0.6118094325065613,413.186923623085,201.8684338927269,0.5150356292724609,380.7206566333771,199.39367425441742,0.6692030429840088,434.9189717769623,213.83365523815155,0.7130931615829468,356.66244000196457,215.51127231121063,0.6870788335800171,506.2327527999878,200.9134492278099,0.7228000164031982,302.63751900196075,212.23834466934204,0.5461403727531433,519.227438211441,171.2093967795372,0.5718557834625244,260.5769009590149,184.69210094213486,0.5648584961891174,431.49530053138733,286.89779353141785,0.6053197383880615,382.28602117300034,289.7952901124954,0.761887788772583,430.96537655591965,343.799395442009,0.2905210256576538,371.73632967472076,349.3912010192871,0.5275241136550903,433.61933195590973,384.2699167728424,0.4584079682826996,386.94245278835297,388.0982097387314,0.5800639986991882,102.95194516829078,112.4982431338938,123.89713872544186,150.24534564585196
226,14.940899971406907,395.52239859104156,196.1843690276146,0.5181488394737244,399.39517110586166,195.63099426031113,0.6524941325187683,390.5041114091873,194.49500465393066,0.6364127397537231,413.3371414542198,202.1918842792511,0.5175095200538635,382.641721367836,199.13153904676437,0.7184717655181885,437.3333761692047,215.3086577653885,0.71376633644104,359.9984105825424,215.43649071455002,0.7173070907592773,500.75677359104156,197.85995030403137,0.7052792310714722,307.17242217063904,211.86246120929718,0.6470953822135925,505.0005544424057,166.52661210298538,0.6867636442184448,265.87432086467743,184.63173580169678,0.6895401477813721,424.851727604866,284.19051575660706,0.5547199249267578,383.1382457613945,285.9160268306732,0.6564685702323914,430.6702666282654,343.19583451747894,0.31458792090415955,374.77529019117355,348.4504518508911,0.5745630860328674,433.96649491786957,383.61137425899506,0.4823223948478699,388.5793534517288,386.6680248975754,0.5868436694145203,115.6531226247567,112.04658023507172,113.09555319956662,150.4708854567637
227,14.94490000186488,392.7473429441452,197.2800197005272,0.5262413620948792,397.6132445335388,197.1297779083252,0.5613150000572205,388.0271898508072,195.99706065654755,0.6586967706680298,411.3754780292511,203.81735479831696,0.5163967609405518,382.14942544698715,203.10334813594818,0.5382985472679138,438.2793765068054,214.78333175182343,0.6654527187347412,360.1537935733795,216.02323746681213,0.7046605348587036,492.3853075504303,198.87021815776825,0.6333266496658325,311.06462424993515,213.45341366529465,0.6555472016334534,484.3403973579407,163.0769019126892,0.6471465229988098,268.6371995806694,186.54212737083435,0.7595152258872986,427.2355424761772,285.0083329677582,0.5512640476226807,382.5861089229584,286.13212287425995,0.6168534755706787,433.76845252513885,348.75974214076996,0.564114511013031,375.21491754055023,348.7268979549408,0.5598008036613464,435.2939141988754,383.4906439781189,0.5188912749290466,387.7453273534775,386.5387291908264,0.6054610013961792,115.32649417379577,110.7395028277882,93.72185363907825,150.61016235197823
228,14.913099992554635,396.76021707057953,192.36583280563354,0.5306342244148254,401.01861023902893,194.0440229177475,0.5987637639045715,392.5002181529999,192.4357134103775,0.6192620992660522,418.27674692869186,203.36157763004303,0.5997296571731567,385.2482001185417,200.5039826631546,0.6902547478675842,441.37547492980957,217.16744565963745,0.7028606534004211,361.66606134176254,217.07609117031097,0.7339098453521729,486.64234578609467,198.57811903953552,0.6302992105484009,313.61883586645126,217.86959946155548,0.6761162281036377,464.44430923461914,164.8942801952362,0.5934839248657227,283.3008471131325,191.50729966163635,0.7752869725227356,428.32924497127533,287.46600699424744,0.6857892274856567,384.72025656700134,288.6485786437988,0.7634983658790588,432.7745205760002,344.7753714323044,0.4128703773021698,374.4336938261986,346.5257343053818,0.6047269701957703,435.13936084508896,381.32039427757263,0.5153839588165283,390.5123810172081,381.47583866119385,0.5643893480300903,122.83955344493259,106.90809149141951,78.9406903236275,138.04600701325722
229,14.929500001017004,403.5339359641075,190.92429274320602,0.428006649017334,408.8323460817337,190.63656681776047,0.3523237109184265,398.3487579226494,190.1340417265892,0.38522571325302124,424.5150555372238,199.64997351169586,0.5418573021888733,386.771841943264,199.44200557470322,0.6903993487358093,443.50892674922943,220.228710770607,0.7682461738586426,365.46416652202606,219.13410061597824,0.6892250180244446,466.3147928714752,204.7677702307701,0.5589740872383118,314.72709715366364,220.2170388698578,0.6446436643600464,430.6788038611412,172.62757796049118,0.49528560042381287,286.5076619386673,190.66010665893555,0.597412645816803,428.0285952091217,292.4082577228546,0.6508452892303467,385.9076009988785,293.38568139076233,0.729333758354187,431.00228202342987,352.4225172996521,0.525429904460907,377.2943894267082,349.29574477672577,0.5320595502853394,434.21592128276825,381.59279894828796,0.4828629493713379,393.6565181016922,381.6800516843796,0.5029488205909729,136.23963772696592,104.17090385198516,76.18218145138731,132.45112274669884
230,15.385499980766326,403.63678419589996,188.91111606359482,0.511390209197998,408.621564745903,190.2299503684044,0.4189120829105377,396.99960750341415,188.13288378715515,0.553178071975708,417.9178084731102,197.66944497823715,0.5883961915969849,387.5185955762863,197.90794986486435,0.6531171202659607,440.73561066389084,215.93245601654053,0.546978235244751,369.6751900911331,219.68540942668915,0.642676055431366,460.85219490528107,215.0102099776268,0.5186682343482971,310.8639323711395,225.19546645879745,0.5332735180854797,428.28813779354095,195.3691304922104,0.45106470584869385,288.4350961446762,200.69400542974472,0.6018988490104675,428.3310915827751,289.7631697654724,0.6658083200454712,389.1423290967941,291.25759530067444,0.7177503108978271,428.2613217830658,355.9749975204468,0.5180782079696655,378.2278916835785,351.61784982681274,0.6123754382133484,432.11501264572144,384.746594786644,0.46043288707733154,386.65036702156067,385.81220614910126,0.5685430765151978,102.16225026788901,99.86351084717846,33.72125814451502,127.11879184194395
231,14.89470002707094,391.9380989074707,197.80122888088226,0.3728264272212982,386.6988071203232,196.3515908718109,0.43966469168663025,396.53458255529404,195.22538816928864,0.42889490723609924,387.83206456899643,202.60433667898178,0.5641671419143677,414.3500212430954,201.78053271770477,0.5141745209693909,367.32126891613007,219.80348563194275,0.5155487656593323,443.49300307035446,218.9609221816063,0.6093023419380188,324.32329481840134,229.84168219566345,0.5034070611000061,451.21347165107727,237.6033303141594,0.29006505012512207,293.7613124847412,216.74206972122192,0.5273571014404297,413.07559168338776,219.2518903017044,0.12184305489063263,388.296741604805,286.85846495628357,0.5762549042701721,432.8182772397995,287.1747523546219,0.602060079574585,389.1838912367821,341.5148696899414,0.4812030494213104,413.1572975516319,342.29999351501465,0.5164616703987122,402.4706088900566,386.12179803848267,0.4016253352165222,416.2839052081108,385.80819487571716,0.513198971748352,94.22944300520695,,143.65807839717988,
232,14.708500006236136,400.9591975212097,199.04372835159302,0.5132360458374023,407.47990387678146,197.74241697788239,0.4589965343475342,394.1989669203758,197.63797307014465,0.5403760671615601,423.0951718688011,204.9193993806839,0.6370438933372498,384.64103960990906,205.0109800696373,0.6215441226959229,444.5706748366356,221.6560002565384,0.690967321395874,367.72862070798874,226.2633096575737,0.6370944380760193,455.0599901676178,239.33690917491913,0.4522162079811096,329.4919871687889,236.31308764219284,0.5596175789833069,394.7733701467514,219.14381211996078,0.303399920463562,328.2365322113037,227.51834058761597,0.40072494745254517,428.423823595047,288.26753783226013,0.6807098984718323,387.66723442077637,288.73540914058685,0.714791476726532,424.1905871629715,351.09026181697845,0.4518365263938904,374.3261086344719,347.26426100730896,0.502505362033844,432.2961411476135,383.86722111701965,0.4732917547225952,389.80852764844894,383.8401073217392,0.5233823657035828,44.30467265301104,92.97496614156435,40.80283083818497,83.39806464494728
233,14.659099979326129,402.1315014362335,207.53951489925385,0.46948733925819397,408.9837414622307,203.8837971687317,0.4348660707473755,394.16056275367737,204.79581898450851,0.43572014570236206,422.62653398513794,202.8038899898529,0.5995820164680481,384.0209795832634,204.8504537343979,0.6835933923721313,444.73363161087036,216.30841487646103,0.49851271510124207,366.08917760849,223.05831730365753,0.5341552495956421,451.27256321907043,240.51708310842514,0.5228220224380493,334.9878241419792,238.6335188150406,0.527618408203125,399.6790675520897,230.63024425506592,0.2829727530479431,351.5647485256195,235.10548323392868,0.4340769052505493,434.249882876873,283.14432740211487,0.6615744829177856,390.4150993824005,284.1859314441681,0.6237984895706177,420.3495817184448,343.2595021724701,0.5214687585830688,369.6254653930664,344.40431356430054,0.4778095483779907,434.775150179863,380.3952679634094,0.5342525839805603,387.76390051841736,381.3029316663742,0.5189520120620728,24.02995354072821,85.099050435753,,14.586298448683188
234,14.656400016974658,400.5185799598694,205.99258089065552,0.49526166915893555,406.04963636398315,203.68009686470032,0.4018251895904541,394.6325994729996,203.2245458960533,0.3594115972518921,419.44626754522324,204.0141333937645,0.6348938941955566,387.32143634557724,203.62430095672607,0.6124789118766785,443.67480063438416,219.81826400756836,0.5597496032714844,373.26371824741364,224.27493953704834,0.5145791172981262,450.8823661804199,247.96509790420532,0.48757126927375793,340.31559270620346,251.7888367176056,0.3546483516693115,422.6146246790886,251.51840752363205,0.21956205368041992,337.746072947979,255.1401802301407,0.5136602520942688,428.86711740493774,283.20769345760345,0.6085821986198425,385.6459174156189,282.19260001182556,0.621407687664032,421.7132641673088,333.5452837944031,0.5413646697998047,373.8413597345352,335.2485669851303,0.5615242719650269,430.98914164304733,378.3230984210968,0.3878774046897888,381.9116942882538,380.413333773613,0.3708270192146301,27.511548006722137,62.203434278694225,,167.3420116575077
235,14.739600010216236,398.7165012359619,207.46770405769348,0.48769623041152954,404.54146325588226,204.67825549840927,0.3637833893299103,392.36731564998627,203.99392622709274,0.34454813599586487,417.5644098520279,205.79530465602875,0.6453419327735901,384.2982656955719,205.10461163520813,0.6698989272117615,443.0971591472626,223.03536558151245,0.6166129112243652,365.9506014585495,226.46811079978943,0.5864087343215942,449.59605407714844,258.28863775730133,0.5207228064537048,338.116867184639,258.60679507255554,0.42931628227233887,416.6927289366722,267.9082142114639,0.16993100941181183,330.11062878370285,275.9997971057892,0.45488372445106506,427.559716463089,285.1301188468933,0.5719383358955383,380.8808568716049,285.18826723098755,0.6231479048728943,421.0292418003082,338.4025739431381,0.48957711458206177,371.7583284378052,339.2245833873749,0.5679977536201477,430.4060138463974,378.6634534597397,0.5122159719467163,377.64797538518906,377.83598506450653,0.40647244453430176,24.49331981733729,55.16002449477318,,163.82303942229393
236,15.126300044357777,399.12109649181366,207.38348239660263,0.47530996799468994,404.8421933054924,203.95815652608871,0.38867196440696716,392.2489451766014,202.75997710227966,0.3208685517311096,417.3020572066307,206.75761818885803,0.6149426698684692,384.4239155650139,205.2710644006729,0.627201497554779,440.92083382606506,228.60087168216705,0.567986011505127,366.5637300014496,230.3785594701767,0.5467244386672974,447.8547261953354,261.6622996330261,0.45859888195991516,335.7164060473442,263.9544860124588,0.3703418970108032,417.7191505432129,279.2102333307266,0.2272634506225586,336.7481533885002,293.027863740921,0.3915744721889496,428.05276173353195,291.9735321998596,0.5417764782905579,377.8714689016342,291.20403122901917,0.5436844825744629,422.8450229167938,346.31006050109863,0.4534054398536682,370.50517505407333,346.45902049541473,0.5180214643478394,430.2737536430359,383.2080452442169,0.4577504098415375,380.0431107878685,380.0544002056122,0.3854427635669708,23.322911936992682,53.1060542543448,,135.39283132828376
237,16.0592999891378,396.73591673374176,214.45326125621796,0.3975078761577606,405.16751807928085,208.81511491537094,0.34581202268600464,392.68386232852936,206.95549762248993,0.4971337914466858,419.02532041072845,209.14272737503052,0.600383996963501,380.004278421402,207.7982269525528,0.6163259148597717,441.94733572006226,228.36063259840012,0.5618957281112671,362.31531924009323,228.50167560577393,0.5290805697441101,450.42922377586365,261.583340883255,0.5860919952392578,341.2501119375229,263.34015798568726,0.5633978843688965,418.07412815093994,294.98029828071594,0.371995210647583,335.9446097612381,300.4748681783676,0.5403453707695007,425.23938220739365,285.24436473846436,0.47703298926353455,379.5098682641983,285.13367772102356,0.546390950679779,415.73026967048645,349.1761907339096,0.46234723925590515,368.3230422735214,351.5848548412323,0.5675803422927856,428.4794628024101,385.736052274704,0.4006214737892151,380.49991965293884,382.3908613920212,0.3314100205898285,30.690529089909866,48.04868307904064,121.58589204971162,156.9715253209189
238,15.293599979486316,396.173181951046,214.51352083683014,0.4370208978652954,407.82158052921295,208.22951424121857,0.46507441997528076,391.96801936626434,206.84826391935349,0.4820883870124817,418.24187541007996,209.69384014606476,0.5989571213722229,379.77139127254486,208.2329072356224,0.6238163709640503,441.95102894306183,229.98016160726547,0.589356005191803,361.10771560668945,229.28619623184204,0.5776820182800293,456.8621759414673,262.1557465791702,0.5115820169448853,344.6032907962799,267.43880474567413,0.6169593334197998,426.9902642965317,306.02405774593353,0.4734429121017456,333.12850046157837,307.12999296188354,0.5043655037879944,423.66400849819183,287.30751645565033,0.5027654767036438,378.33135545253754,287.3412654399872,0.5670023560523987,415.6087679862976,351.50674057006836,0.5081062316894531,368.30441558361053,351.81310534477234,0.5492450594902039,419.602908372879,385.7108385562897,0.37793803215026855,377.6475739479065,383.9828543663025,0.2975635230541229,42.55675907054275,39.91725533408319,120.88284143047937,172.73186100332921
239,15.635499963536859,396.5467594861984,212.4417132139206,0.39568406343460083,408.47471898794174,206.6689177751541,0.46360263228416443,390.1420952677727,206.49386942386627,0.3758885860443115,418.14847433567047,208.8820549249649,0.6395272612571716,378.8881222009659,208.0732856988907,0.6136103272438049,444.52707874774933,230.36326837539673,0.5996661186218262,356.7929338812828,229.97984492778778,0.5580136179924011,460.9298061132431,265.32335567474365,0.6002235412597656,344.0087889432907,269.6696457862854,0.6422153115272522,440.99994373321533,313.8380786180496,0.5319750905036926,327.57785391807556,307.3259723186493,0.5045205950737,428.97036707401276,288.44744193553925,0.5957591533660889,374.175194978714,287.02476692199707,0.5390046238899231,410.13830184936523,350.81818890571594,0.43408524990081787,363.2958164215088,349.0856807231903,0.5406939387321472,420.2429064512253,385.3428268432617,0.455875426530838,376.47039926052094,382.5915758609772,0.37762853503227234,40.128890155345864,34.800425900015334,132.5318903788163,174.28029361366185
240,15.21589996991679,394.28623938560486,208.82182550430298,0.38009777665138245,404.16860830783844,204.57087099552155,0.49132826924324036,388.64465391635895,203.50118803977966,0.516618013381958,415.73722791671753,206.7336711883545,0.6038899421691895,376.3669087290764,205.845219373703,0.6131492257118225,440.17988765239716,230.3157815337181,0.6359497308731079,358.51750844717026,230.41879284381866,0.5621235966682434,462.82785511016846,266.3088923692703,0.6221436858177185,346.9781402349472,267.30757880210876,0.619372546672821,454.19882690906525,310.2231069803238,0.49956732988357544,318.00924837589264,307.33906173706055,0.4795432984828949,423.007471203804,290.74333798885345,0.48141369223594666,376.68455266952515,291.24164068698883,0.6179924011230469,416.34553921222687,347.70257556438446,0.426472008228302,359.6495348215103,343.9834917783737,0.4272213876247406,426.02478086948395,383.3171337842941,0.4176943898200989,375.8774763941765,381.8841440677643,0.3273434638977051,48.043548621414494,34.00071437936157,136.70380382614775,161.47898747638024
241,16.01610000943765,390.61399817466736,205.64854633808136,0.3740566372871399,400.29987692832947,201.87862795591354,0.456896036863327,387.35834181308746,201.2076143026352,0.4595443606376648,413.81589555740356,206.02186620235443,0.5746111869812012,376.7377297282219,205.4262222647667,0.587926983833313,436.845174908638,227.45376813411713,0.7083635330200195,354.78395438194275,228.52440112829208,0.5853734016418457,464.98871171474457,259.24389386177063,0.5348080396652222,338.8212022781372,270.4931330680847,0.5586779117584229,472.6849067211151,305.2203553915024,0.5055136680603027,303.92399168014526,305.153249502182,0.522289514541626,427.198583483696,287.8481034040451,0.6067463159561157,377.05151987075806,288.53692650794983,0.6329416036605835,425.67261332273483,343.8401415348053,0.52625572681427,358.58652889728546,341.9440759420395,0.5640503764152527,435.3290265798569,379.8923809528351,0.5442642569541931,375.52145504951477,380.3415832519531,0.35965052247047424,50.59321352501598,41.18154953268365,147.98467579079468,155.62894793883794
242,16.692899982444942,390.1970118880272,203.39852356910706,0.48585787415504456,396.3842576742172,197.72988551855087,0.5155956745147705,379.4845241904259,197.52623045444489,0.6489018797874451,411.19145917892456,202.5159227848053,0.45100075006484985,372.9456193447113,202.88474881649017,0.42468464374542236,430.6864846944809,223.14712327718735,0.6211649179458618,353.3425001502037,226.49869298934937,0.596325159072876,466.3017327785492,248.01501262187958,0.4640592634677887,335.8832701444626,261.98736357688904,0.4551658630371094,491.0731964111328,285.82681369781494,0.5633026361465454,298.1287360191345,292.99607515335083,0.4892370104789734,427.3890788555145,288.4924405813217,0.6373772621154785,376.25319492816925,289.1703156232834,0.6529097557067871,424.4509593844414,343.8111276626587,0.4874570369720459,364.97457361221313,342.5853669643402,0.606955885887146,431.00415539741516,381.78307807445526,0.49725341796875,377.8740381002426,380.4384570121765,0.38217440247535706,57.96458966515096,46.27639020263467,158.15399444736212,155.59272042417035
243,15.695100009907037,388.60657089948654,202.69766664505005,0.3594227731227875,397.9664558172226,197.11653769016266,0.5777712464332581,381.81347596645355,196.53476732969284,0.6416457295417786,410.6650678515434,200.78561627864838,0.3984443247318268,372.22554790973663,199.87412226200104,0.46058377623558044,430.91498279571533,220.68866509199142,0.5436142086982727,353.7661770582199,222.91344398260117,0.6167083382606506,474.10685110092163,251.60872149467468,0.5408239960670471,332.99412602186203,256.2160459756851,0.599550724029541,509.819461107254,280.25687408447266,0.5737706422805786,301.1941646337509,277.05795896053314,0.5028875470161438,423.8655835390091,284.843599319458,0.568123459815979,374.6035017967224,285.77131938934326,0.6543036699295044,422.6725386977196,343.41886734962463,0.5811495780944824,370.74507397413254,343.1634728908539,0.6910508275032043,430.158300280571,383.3509430885315,0.500971257686615,375.73100531101227,382.43944907188416,0.42839866876602173,60.6725570386929,50.293607639981175,176.86190184043227,155.1944075682766
244,16.049600031692535,391.817400097847,199.23219788074493,0.4292312264442444,400.1112549304962,195.70699733495712,0.6707720756530762,384.87954688072205,195.01929014921188,0.6054321527481079,410.9028525352478,197.7436535358429,0.42985135316848755,373.659321308136,197.45882296562195,0.5455549359321594,431.1780045032501,217.22610676288605,0.6739412546157837,352.4828623533249,219.5049473643303,0.5914350152015686,475.5484926700592,243.750275015831,0.5898975133895874,334.9633097052574,249.40493392944336,0.5047276616096497,525.8015892505646,269.3646080493927,0.521277666091919,299.9496555328369,265.15186619758606,0.5065962672233582,429.74789756536484,285.4307230710983,0.6742643713951111,375.4357615709305,284.47323513031006,0.6686742901802063,421.52464216947556,343.6226581335068,0.5704380869865417,368.53928315639496,340.31519734859467,0.7474015951156616,429.0201988220215,383.69386172294617,0.49895358085632324,371.8805259466171,383.18446016311646,0.45785653591156006,60.33069818228069,49.8256821211641,176.13774011410803,144.58288681540026
245,16.546200029551983,387.84319776296616,197.4654883146286,0.5179644227027893,395.71318835020065,193.9713374376297,0.5828587412834167,380.8163592815399,193.4087940454483,0.5019115805625916,407.9502545595169,196.76603382825851,0.6370278596878052,372.15093410015106,195.96830314397812,0.5079641342163086,429.21200555562973,214.8102947473526,0.6615895628929138,349.9086591601372,216.8537670969963,0.643236517906189,483.52960109710693,235.55871188640594,0.6751206517219543,325.80954945087433,245.06954663991928,0.613387405872345,535.9421626329422,255.01377987861633,0.5840248465538025,302.87425994873047,256.667932510376,0.45275232195854187,422.32417142391205,285.9859074354172,0.6076352000236511,375.54591596126556,286.0987961292267,0.7080279588699341,416.01325619220734,341.9985146522522,0.5736967921257019,367.9709817767143,339.26439452171326,0.7465205192565918,427.7488469481468,382.5498948097229,0.5050700902938843,374.1861943602562,383.18391728401184,0.4595159590244293,74.62141333906803,60.817205805719624,179.45844522685604,157.32639806225606
246,16.613600018899888,386.9157170653343,194.3080582022667,0.5272834897041321,393.66395807266235,190.63848197460175,0.41288667917251587,377.50484961271286,189.07508063316345,0.47860243916511536,406.37078619003296,193.46195095777512,0.6085125803947449,372.06754219532013,192.62923473119736,0.5358638763427734,428.32734483480453,209.95437687635422,0.5868725776672363,348.7976145744324,212.8422373533249,0.5743746757507324,494.3042312860489,229.3407706618309,0.6536901593208313,323.9554712176323,236.35060662031174,0.5649036765098572,545.64532995224,244.85794442892075,0.5132602453231812,295.1889840364456,238.8695656657219,0.3965640366077423,429.4832701086998,287.8830587863922,0.7420386075973511,375.01700896024704,287.28359961509705,0.714201807975769,420.0831879377365,343.0948590040207,0.5945520997047424,368.57070231437683,339.81285321712494,0.723117470741272,430.83327692747116,385.4202172756195,0.5339312553405762,377.1374809741974,385.4158139228821,0.42738044261932373,72.77549298901751,65.9831820505292,179.55794084529663,141.58451640455527
247,16.087899974081665,390.127937912941,191.0569211244583,0.4319792687892914,394.909243285656,187.2224001288414,0.527131974697113,378.85953986644745,186.63675421476364,0.6466090679168701,406.69969713687897,192.35672450065613,0.5560775399208069,371.2653099298477,191.6571946144104,0.5298997759819031,429.87172758579254,209.37091755867004,0.5362030267715454,350.1875242590904,211.72242856025696,0.608481228351593,485.58019626140594,222.53591680526733,0.6492167711257935,320.4211103320122,234.28995817899704,0.5227633118629456,552.2110240459442,233.55361807346344,0.5647662878036499,306.08725690841675,236.58066672086716,0.4304436147212982,428.67054694890976,283.5786306858063,0.768718421459198,376.3477735519409,283.1595581769943,0.7392458915710449,425.33208745718,342.38450169563293,0.6280350685119629,370.8177341222763,340.44247233867645,0.7280728816986084,436.00402998924255,385.90687823295593,0.57728111743927,379.1630264520645,385.85201728343964,0.49999916553497314,77.63117363040185,72.94497569408698,176.09297500580567,151.91198685769814
248,16.483300016261637,387.0769075155258,187.29309505224228,0.5774728059768677,394.3092283606529,184.65263664722443,0.5648903250694275,379.8955959677696,184.05904358625412,0.6534063816070557,404.5431225299835,189.11232817173004,0.5720534920692444,372.02250093221664,187.9028086066246,0.5176281332969666,424.3983978629112,205.65451800823212,0.5696954727172852,351.42253267765045,209.66781210899353,0.5866581797599792,483.72967743873596,219.27331894636154,0.6621042490005493,328.26318764686584,234.12487769126892,0.3855341970920563,559.740863442421,222.94859540462494,0.5335703492164612,272.8478217124939,228.36106991767883,0.6623547673225403,429.0266218185425,280.3016917705536,0.7598360180854797,377.22312092781067,280.38469195365906,0.7840750813484192,427.42338836193085,339.16649532318115,0.5971165299415588,371.044813811779,337.55631589889526,0.6518647074699402,436.9523854255676,385.0671045780182,0.5963909029960632,374.9677927494049,385.35115098953247,0.5242153406143188,73.52448959802527,63.48303288581799,169.8405597592279,127.50082808548127
249,15.995099965948611,386.2797333598137,187.30624479055405,0.5563700795173645,392.87465208768845,184.63408827781677,0.5341619253158569,378.92350220680237,184.348337829113,0.6406828761100769,403.53043007850647,189.19823879003525,0.5288606286048889,372.60739505290985,188.3788080215454,0.47067269682884216,422.9389860033989,205.16085994243622,0.49221178889274597,351.60499930381775,210.3732985854149,0.5469800233840942,478.2752687931061,215.23567068576813,0.5462971329689026,342.25456154346466,241.87311971187592,0.3454892933368683,569.9235609769821,211.3263680934906,0.3398994207382202,344.12964832782745,258.61985433101654,0.14817698299884796,428.91223895549774,280.16250360012054,0.7356951236724854,376.89736795425415,280.3953082561493,0.7604127526283264,428.95800280570984,339.0594576597214,0.5886934399604797,374.7902504205704,337.58258521556854,0.6024237275123596,437.61095666885376,385.3057301044464,0.5746156573295593,374.9988104701042,386.1253569126129,0.525881290435791,75.12793656427498,36.39306928387345,167.23895581476523,
250,15.329400019254535,386.89406621456146,185.9092811346054,0.5681081414222717,393.17257207632065,183.47829866409302,0.5475719571113586,379.55295586586,183.44482111930847,0.6035792827606201,404.18739557266235,188.35593169927597,0.5471750497817993,373.4046494960785,187.7133287191391,0.5457800030708313,424.65124982595444,205.27905678749084,0.48817914724349976,353.6324716806412,209.0756516456604,0.5515869855880737,488.6086926460266,209.02508848905563,0.5094011425971985,328.84034740924835,228.90827697515488,0.2673355042934418,567.7411338090897,196.4883964061737,0.6920885443687439,285.0433257818222,217.17779052257538,0.3348381519317627,425.8286118507385,280.5063873529434,0.7345754504203796,373.6805171966553,281.0725499391556,0.688538134098053,427.9994240999222,339.4393825531006,0.5707492232322693,373.3841494321823,337.8800528049469,0.6024197340011597,436.89067113399506,385.9104974269867,0.5876930356025696,369.6711221933365,387.6940664052963,0.5162022113800049,85.75132899584246,,167.6456136658339,
251,17.06629997352138,387.9977511167526,185.33093392848969,0.6121120452880859,393.7492233514786,183.03348463773727,0.5578972101211548,380.9272362589836,182.84071731567383,0.5822988152503967,404.61869978904724,189.55003952980042,0.5570263862609863,373.5328685641289,188.06947249174118,0.5146884918212891,424.7257298231125,206.26769995689392,0.59603351354599,351.7015315890312,208.2091864347458,0.5630958080291748,503.319335103035,202.7407350540161,0.7331265211105347,302.07973527908325,212.34865468740463,0.33334940671920776,558.9038934707642,187.79473042488098,0.7528562545776367,256.08481776714325,201.19405740499496,0.5372699499130249,425.72423815727234,286.4499785900116,0.7582626938819885,372.3819746375084,287.2050631046295,0.6946262717247009,428.0550900697708,348.6226953268051,0.565508246421814,370.10483503341675,347.6463574171066,0.6566110253334045,433.19391548633575,388.49475276470184,0.49353036284446716,370.97330445051193,390.38846588134766,0.48423337936401367,91.85601388217319,99.90172234174166,167.519320997866,161.5993356188458
252,16.94350002799183,386.8678657412529,187.39963507652283,0.5282008051872253,393.16679137945175,184.8965854048729,0.5208060145378113,380.2887636423111,184.48184084892273,0.649571418762207,405.1955651640892,190.61141341924667,0.48967409133911133,374.1804939508438,187.79580110311508,0.5304588079452515,427.9085386991501,206.93293797969818,0.622154176235199,351.23233169317245,206.9870600104332,0.529717743396759,503.31398260593414,199.8111633658409,0.6427266001701355,295.8248071670532,204.47077012062073,0.5483013987541199,556.8790973424911,169.00609177350998,0.6892699599266052,255.52593678236008,194.06588888168335,0.5734566450119019,424.6976024508476,287.0344784259796,0.7587743401527405,371.87348741292953,288.6240887641907,0.6827476024627686,427.7577588558197,352.98370349407196,0.6183502078056335,367.77572268247604,350.9775540828705,0.6551179885864258,430.5531272292137,387.60892486572266,0.45163947343826294,370.42657363414764,391.4701223373413,0.45837733149528503,97.69089657156805,106.7895785262304,155.49235104111807,168.12306772602312
253,17.094300012104213,385.38112938404083,192.1035317182541,0.40309780836105347,394.3747696876526,188.26866388320923,0.5162081718444824,381.01638209819794,188.0438968539238,0.6105785965919495,406.9876614809036,193.1393450498581,0.6167359948158264,373.90550941228867,191.99441301822662,0.516762375831604,430.41607654094696,207.75802373886108,0.658769428730011,356.1447732448578,209.77756416797638,0.6360988616943359,507.50017058849335,190.08148801326752,0.682378888130188,288.1512532234192,199.0883650779724,0.5589178204536438,555.1495984792709,155.03843069076538,0.7060316801071167,249.60626232624054,182.9299756884575,0.6337743401527405,423.5992968082428,284.6981077194214,0.7284039258956909,374.9343396425247,286.72630405426025,0.7188335061073303,426.64901584386826,346.80757904052734,0.5787209868431091,365.89605951309204,348.34872233867645,0.7334617376327515,431.09576338529587,385.288388133049,0.5475416779518127,368.88093304634094,389.4322144985199,0.594826877117157,107.97858343193342,112.65642016687097,156.58341573653232,166.19044586499916
254,18.02829996449873,388.6216649413109,193.27120435237885,0.46388763189315796,397.70702028274536,190.49017041921616,0.5233164429664612,386.92377257347107,189.42722821235657,0.46548086404800415,409.9026314020157,194.50746071338654,0.5229930877685547,374.4191082715988,193.73762798309326,0.5885691046714783,433.74963849782944,206.27659714221954,0.6150752902030945,352.5778691768646,208.03878271579742,0.6218132972717285,506.34403121471405,189.5269068479538,0.6737748384475708,287.8242156505585,195.21516394615173,0.779823899269104,534.7144068479538,144.61466932296753,0.5693008899688721,248.0894181728363,171.40338557958603,0.6788902282714844,424.4948498606682,288.38863003253937,0.6648284792900085,374.54366087913513,291.060831785202,0.7423141598701477,421.51564997434616,349.7925394773483,0.5066306591033936,365.1104735136032,351.53949427604675,0.6644003987312317,424.0869628190994,385.0203264951706,0.42960524559020996,368.59082770347595,389.09611201286316,0.5954552888870239,109.42310004118058,116.02136764533485,135.27244988299523,160.26885269554091
255,18.970200035255402,389.7278119921684,194.83792328834534,0.4661245048046112,398.54979771375656,192.29468548297882,0.5887541770935059,388.2485691308975,191.2909170985222,0.5345913767814636,411.0626245737076,196.7797264456749,0.5801413655281067,376.27770936489105,195.02702617645264,0.6470117568969727,433.65754878520966,208.40269267559052,0.7035499215126038,349.0130793452263,210.19558107852936,0.5373190641403198,500.6590905189514,191.6697713136673,0.6164045929908752,297.68083906173706,202.11586612462997,0.682999849319458,510.59846353530884,147.83361065387726,0.5453847050666809,259.57518112659454,173.3898405432701,0.607546329498291,425.28008794784546,292.04820823669434,0.7885410189628601,372.2744162082672,293.0357354879379,0.7103340029716492,425.31097185611725,355.8486876487732,0.592737078666687,365.5365858078003,352.1389836072922,0.6123203635215759,420.2140029668808,384.0098475217819,0.49297860264778137,369.7860938310623,387.69563472270966,0.5820888876914978,109.74153493853869,114.62961730603557,116.79737840853515,151.93410384016346
256,17.55369995953515,392.726842880249,193.16356348991394,0.5687870979309082,396.5612647533417,190.92554438114166,0.49307140707969666,385.04542076587677,189.83686065673828,0.4961528778076172,409.3899157047272,196.62019538879395,0.5601255297660828,373.13681054115295,195.29324805736542,0.6032302379608154,434.8823339343071,210.05185383558273,0.7129513025283813,352.21315002441406,212.31027615070343,0.6714836955070496,492.473677277565,187.07318377494812,0.5940911769866943,298.56408137083054,202.60288900136948,0.7171204686164856,488.4506334066391,148.9840921163559,0.5175723433494568,263.9301333427429,171.71091151237488,0.6496714949607849,426.71592205762863,293.59737408161163,0.7553565502166748,372.6117305755615,295.1916893720627,0.6522776484489441,429.65131175518036,351.1620123386383,0.39721494913101196,366.6142040491104,352.52391505241394,0.5729530453681946,428.7344825267792,384.6014952659607,0.5303078889846802,371.1677339076996,388.8007254600525,0.5473974943161011,117.33457798353619,114.08295866458992,105.72242593809528,148.52468590358984
257,18.321300041861832,391.09438478946686,194.15344321727753,0.6363530158996582,396.59988301992416,192.35223066806793,0.5670440196990967,383.4304118156433,191.44975447654724,0.5609773993492126,412.4588769674301,199.95368421077728,0.42780476808547974,375.47745752334595,197.84895700216293,0.5941346883773804,440.9999169707298,215.01236641407013,0.7158684730529785,353.1721569299698,216.0582230091095,0.7212382555007935,486.78027963638306,192.35930317640305,0.6363425254821777,306.42133301496506,206.57506000995636,0.7287822961807251,467.16412711143494,152.88847863674164,0.7714446187019348,280.48422932624817,183.77554005384445,0.636308491230011,427.08436119556427,293.9025927782059,0.7222833037376404,373.101564347744,295.17299020290375,0.6336253881454468,428.79033583402634,357.0427803993225,0.455636590719223,367.9231304526329,352.7084939479828,0.5358729958534241,428.9518741965294,384.0868157148361,0.47763538360595703,373.0319551229477,387.51633381843567,0.5174302458763123,126.33072858480791,115.6055007646943,89.90076008892403,150.1500989701341
258,18.071899947244674,391.256672501564,191.80033373832703,0.4699695110321045,396.3060041666031,190.06511116027832,0.47179386019706726,383.3628097772598,189.4995517730713,0.46269646286964417,411.02103567123413,198.0107500553131,0.5674186944961548,373.98523485660553,197.85476279258728,0.5983229875564575,439.93808859586716,215.51573598384857,0.6947576403617859,354.61235332489014,216.39936220645905,0.696465015411377,470.6051404476166,194.2300193309784,0.6181274056434631,313.12279319763184,212.53263038396835,0.6221105456352234,441.64818465709686,158.96991592645645,0.6550382971763611,281.4709889292717,187.5648512840271,0.5999419689178467,427.0272232890129,299.9489389657974,0.7198328375816345,374.6871613264084,299.38968300819397,0.5342875123023987,426.8369152545929,364.053279876709,0.3330974578857422,367.7456148862839,360.9438794851303,0.549962043762207,425.9522277712822,384.0327389240265,0.3735986649990082,376.58595967292786,386.74888372421265,0.4511171579360962,133.45803633295523,108.92271774368014,85.36999802788733,147.05714559373675
259,19.312200020067394,389.7262330055237,191.38875597715378,0.31636181473731995,398.08929562568665,186.5995820760727,0.5521993637084961,385.1808924674988,186.44410753250122,0.5061307549476624,411.5084875822067,197.07377088069916,0.5321537256240845,376.3598166704178,196.31741964817047,0.5453129410743713,436.87592500448227,216.54720628261566,0.72132807970047,354.75301694869995,218.7368186712265,0.5777913928031921,455.6324932575226,202.38566195964813,0.5331078171730042,309.69620484113693,217.07242673635483,0.6451790928840637,409.90434420108795,167.77533960342407,0.4783724248409271,284.21237736940384,191.6281807422638,0.5786195993423462,427.5525441169739,300.8914977312088,0.7370790839195251,375.8924901485443,301.1885732412338,0.742218017578125,425.71085691452026,363.7241744995117,0.34907570481300354,367.42716807127,361.03616893291473,0.5603827238082886,427.4171794652939,381.21341693401337,0.32130175828933716,375.54401582479477,384.02676725387573,0.39777112007141113,133.36129852080794,106.49562466591713,74.17448936734674,137.16006613854182
260,17.41929998388514,383.47705882787704,193.31409180164337,0.5719928741455078,389.06188106536865,191.0185878276825,0.36059534549713135,376.32358026504517,191.6457941532135,0.46317675709724426,401.74684423208237,195.31215834617615,0.6815739870071411,371.87421000003815,196.70684492588043,0.5965183973312378,426.037948012352,210.71909749507904,0.6410073637962341,357.1308905482292,220.00994557142258,0.6271471381187439,442.7110835313797,219.913991689682,0.41441917419433594,304.9830902814865,223.40450829267502,0.5083107352256775,410.40022629499435,202.79119265079498,0.3908096253871918,281.8347446322441,196.39888167381287,0.5336709022521973,422.8055750131607,292.21616899967194,0.6200712323188782,382.69227570295334,295.41846203804016,0.7162101864814758,424.73316979408264,359.6555368900299,0.37838104367256165,370.2830731868744,357.99269819259644,0.6036526560783386,430.66178292036057,383.581485748291,0.4403785169124603,377.08893382549286,385.83174979686737,0.3614151179790497,63.39546056638239,105.00081045844301,0.9549568013810393,126.87769285210996
261,17.849600000772625,387.3753627538681,194.9359129667282,0.5069277286529541,394.4662438631058,192.235526740551,0.5173596143722534,380.6201367378235,192.82329893112183,0.4183693528175354,408.5459339618683,197.16603016853333,0.42165079712867737,375.81656497716904,197.21410512924194,0.54322350025177,432.51837682724,215.80674934387207,0.7208022475242615,356.2513414621353,218.40821093320847,0.6657205820083618,449.79859256744385,237.83783900737762,0.2905995845794678,312.46181333065033,229.40422719717026,0.5476129055023193,424.18130058050156,223.67333900928497,0.27296483516693115,290.2603511810303,216.5836696624756,0.4605619013309479,421.3558511734009,289.66110849380493,0.577376663684845,380.27607822418213,290.95925307273865,0.7331681251525879,423.6617604494095,353.6417031288147,0.5754284858703613,372.05400037765503,352.0755270719528,0.6374998688697815,431.3409880399704,385.2353367805481,0.464028537273407,383.031945168972,386.2710294723511,0.4181101620197296,,94.22578471848537,,135.89896968936947
262,19.21940001193434,386.452485203743,197.21362257003784,0.5045572519302368,394.32863116264343,194.14718502759933,0.5371494889259338,379.2125370502472,195.00392365455627,0.5610762238502502,410.2791795730591,197.0525382757187,0.5469017624855042,371.7598003745079,198.8103506565094,0.4057328402996063,438.5137891173363,212.99020206928253,0.7442949414253235,354.5024130344391,219.9752767086029,0.6135251522064209,441.83568263053894,233.0058832168579,0.5037698745727539,332.08187317848206,236.53993570804596,0.40175095200538635,374.4195632338524,226.56477344036102,0.248818501830101,316.01811945438385,229.79606527090073,0.41494524478912354,421.97144186496735,291.42775774002075,0.5522323250770569,379.77719873189926,292.2942832708359,0.7068013548851013,419.3525720834732,355.0751452445984,0.5375087261199951,369.6571254134178,352.48232448101044,0.6296146512031555,427.0006481409073,385.6754307746887,0.34375646710395813,382.738601565361,388.3479642868042,0.38738423585891724,21.3322418550118,72.80643069616558,,120.76881522881655
263,17.73190003586933,381.374490916729,200.48413741588593,0.4849255383014679,390.5104808807373,195.28492391109467,0.4080785810947418,375.2237491607666,196.0338557958603,0.4947773218154907,405.9081163406372,196.16452378034592,0.6660616993904114,369.2792123556137,197.30289602279663,0.6329538822174072,433.3579427599907,212.49660432338715,0.6402175426483154,348.6584228873253,219.4853584766388,0.4861242473125458,446.1919194459915,236.9590534567833,0.3926493525505066,328.07071185112,242.2657117843628,0.46143287420272827,398.13377487659454,242.6718155145645,0.19981038570404053,332.27646321058273,242.3214322924614,0.42796948552131653,428.56274765729904,284.1114966869354,0.6779417991638184,375.40723276138306,283.60040616989136,0.6081607341766357,423.7622803449631,344.93935108184814,0.5312791466712952,367.4226719737053,345.03718996047974,0.5834792256355286,431.55811208486557,384.6030032634735,0.47469696402549744,378.6902403831482,386.672217130661,0.4962509572505951,31.51399279885169,64.75155857071574,,48.6533949868891
264,17.766700009815395,378.6308811903,202.41143363714218,0.5699377059936523,389.5213929414749,197.4438636302948,0.5111005306243896,373.36129426956177,197.90837210416794,0.42641890048980713,405.6390998363495,198.87481755018234,0.5780211687088013,371.55257844924927,199.4821333885193,0.4912170171737671,431.4075998663902,219.04074048995972,0.4566202163696289,351.9930285811424,219.18571937084198,0.4042854309082031,445.2251781821251,250.67958390712738,0.4775426685810089,326.5101110339165,250.55966794490814,0.40029826760292053,399.113629758358,262.5142880678177,0.23724205791950226,315.9618647098541,260.94235146045685,0.5356703400611877,428.61244559288025,285.43678522109985,0.5924373865127563,373.89895260334015,284.6613427400589,0.5377315878868103,427.56924390792847,344.8393406867981,0.5154327750205994,371.51693081855774,345.4688090085983,0.521357536315918,431.84738779067993,384.3871786594391,0.4591430127620697,377.8674277663231,385.0380907058716,0.3868023455142975,26.0028815405368,57.583094625682854,,173.63140233608615
265,17.566399998031557,383.72908115386963,203.8135244846344,0.5612664818763733,392.47672069072723,197.46820271015167,0.4804365336894989,375.83722561597824,197.77167212963104,0.49447697401046753,408.21365094184875,199.6218945980072,0.5549302697181702,371.3329922556877,200.39290356636047,0.48060429096221924,432.7170079946518,219.22548526525497,0.5905947089195251,351.37342351675034,219.98527473211288,0.4251050353050232,440.114373087883,257.2893179655075,0.49315664172172546,329.26265943050385,250.37243497371674,0.46735039353370667,391.5034226179123,279.18797528743744,0.24012283980846405,318.60072606801987,276.59925627708435,0.48136407136917114,428.2188229560852,287.3589994907379,0.6512141823768616,374.12140238285065,286.71553695201874,0.5907338261604309,423.37395668029785,346.0523135662079,0.4973001480102539,370.10285460948944,345.3729908466339,0.5037916898727417,421.1289052963257,384.750244140625,0.4449022710323334,375.3325654268265,384.0679657459259,0.35448968410491943,14.775026983101577,54.86491110032702,,166.08216121156724
266,17.626299988478422,383.28958761692047,205.22415059804916,0.5837569236755371,391.9650219678879,198.94649267196655,0.42510437965393066,376.01142263412476,200.07233345508575,0.3812016546726227,406.5819957256317,200.73303240537643,0.5062666535377502,368.79580157995224,200.53447437286377,0.5268528461456299,427.5409559607506,221.691604077816,0.5358169674873352,351.029472053051,221.3653186559677,0.4210720956325531,437.81271904706955,260.33870005607605,0.5076879858970642,335.5679545402527,254.4325976371765,0.5007871389389038,402.54369723796844,290.35780334472656,0.4068065285682678,321.99043571949005,291.61360335350037,0.45159047842025757,421.2379624247551,288.79108440876007,0.6038017868995667,369.9806571006775,287.30736565589905,0.45639684796333313,423.09097015857697,344.42696368694305,0.4612726867198944,367.4827002286911,344.0107262134552,0.46124011278152466,422.91043043136597,383.03978288173676,0.48875266313552856,373.77844113111496,382.4604403972626,0.35656195878982544,20.250503690856366,41.093937554555275,115.51848189367853,175.00111953809045
267,16.112899989821017,374.8954002261162,205.18040359020233,0.42122137546539307,386.10157549381256,199.2952924966812,0.5269352793693542,369.8497885465622,199.79826998710632,0.5296749472618103,401.81120800971985,200.5146894454956,0.5291739106178284,362.9985922574997,200.01003807783127,0.4966798424720764,426.4113649725914,220.9290851354599,0.4437299072742462,349.5632357597351,220.95909428596497,0.36568474769592285,445.740409553051,259.6341334581375,0.6297326683998108,331.7705719470978,261.485924243927,0.47139647603034973,420.63663613796234,293.65202391147614,0.4171401560306549,317.3964409828186,295.9276223182678,0.4194994568824768,419.9336391687393,292.08723521232605,0.6020662784576416,371.22540706396103,291.22912430763245,0.6012845039367676,425.1198341846466,350.88104224205017,0.45702794194221497,366.4708106517792,348.5513972043991,0.4731775224208832,419.3672379255295,385.55014634132385,0.43548113107681274,372.2661198377609,384.66832971572876,0.32032665610313416,31.738697500697853,40.836098969341,117.03699479344098,178.9499424217022
268,16.01170003414154,374.4905105829239,203.5124980211258,0.474823534488678,386.5577152967453,197.7657155394554,0.5355892777442932,368.79772847890854,197.55061477422714,0.5132359266281128,399.1594471335411,199.48380726575851,0.5864859819412231,363.54856133461,199.4486407637596,0.5446902513504028,427.7114597558975,220.3962945342064,0.5610505938529968,353.3127670288086,222.53449928760529,0.5327962040901184,451.61196506023407,258.92142367362976,0.5888582468032837,336.22018307447433,262.3734109401703,0.49583151936531067,436.1094206571579,298.10299921035767,0.4829976558685303,315.3941253423691,293.73728609085083,0.3863307237625122,419.8025297522545,292.6133152246475,0.620940625667572,370.69430553913116,292.6587361097336,0.6370244026184082,421.05897492170334,352.455331325531,0.48636218905448914,366.1898848414421,349.3792576789856,0.5150995850563049,416.12935185432434,386.539030790329,0.4383523464202881,369.52462434768677,386.23332953453064,0.3787040114402771,38.064849775162735,37.142590773843395,126.59837989627275,169.6366618820072
269,15.190100006293505,371.8739423751831,202.54152858257294,0.40284502506256104,382.5909261703491,196.1297191977501,0.5607345104217529,365.089652299881,196.55628645420074,0.5256244540214539,397.8102967143059,198.9276728630066,0.6195487976074219,360.1851056814194,199.51603317260742,0.5262934565544128,427.30523198843,220.43437147140503,0.6068459153175354,350.5465430021286,222.67679393291473,0.583846926689148,458.6237362623215,257.6450847387314,0.6671493649482727,337.61432123184204,263.831915974617,0.5046374201774597,454.9097990989685,300.48008584976196,0.569190263748169,313.3805694580078,296.4401605129242,0.4247042238712311,425.2242614030838,293.67328667640686,0.6445844769477844,369.58583015203476,293.1424413919449,0.6328118443489075,428.16481626033783,352.17942810058594,0.5027575492858887,367.42687368392944,349.86507415771484,0.5281103253364563,424.3683971166611,386.53269720077515,0.32448312640190125,372.37707710266113,386.9553587436676,0.3247823119163513,41.71327225627797,32.56419658298493,134.95891851293626,160.82539954095247
270,15.261900029145181,374.9000301361084,203.52947807312012,0.5899179577827454,380.41992658376694,197.06810081005096,0.5181241035461426,363.5403987765312,197.5621509552002,0.5182145833969116,395.69135016202927,199.15458124876022,0.5304879546165466,361.0062054991722,200.79956525564194,0.523568332195282,424.22120344638824,219.22489714622498,0.6593725681304932,350.53846073150635,221.46884268522263,0.5608120560646057,458.73715567588806,248.80365008115768,0.5305655598640442,338.0990433692932,263.4946975708008,0.4779462218284607,472.19129943847656,285.3790590763092,0.5733439922332764,312.7125242948532,290.1907172203064,0.4266369938850403,424.76598060131073,290.88919150829315,0.6779279708862305,371.83684957027435,290.46089005470276,0.6598612070083618,429.53850787878036,350.76209139823914,0.5117220282554626,367.43709695339203,348.08756732940674,0.5456873178482056,426.5984615087509,385.9679219722748,0.4220815598964691,368.01679915189743,385.9056718349457,0.31933462619781494,48.96923914439567,33.6443277068277,150.79109789035212,152.928730845911
271,15.445899975020438,374.80042016506195,202.7290028333664,0.5498542189598083,379.6090232729912,196.34385484457016,0.5098174810409546,363.23442327976227,196.63177680969238,0.5231442451477051,394.7629060149193,199.06916826963425,0.5062116384506226,358.7829655408859,199.13668131828308,0.5219330787658691,421.3919270038605,218.2281711101532,0.6585128903388977,350.69708198308945,221.63442081212997,0.5817962288856506,458.62229108810425,247.52017831802368,0.5928018689155579,338.2149249315262,258.7530708312988,0.43981754779815674,485.86393213272095,278.7090051174164,0.5701974034309387,314.95222318172455,279.84440660476685,0.38711193203926086,418.55579936504364,288.5187702178955,0.6616581082344055,367.3355333209038,288.55978775024414,0.6466051340103149,426.67489516735077,349.21069371700287,0.523283064365387,367.63013476133347,347.1015179157257,0.5522185564041138,421.4312946200371,386.3162090778351,0.3366389870643616,368.78887009620667,385.9004843235016,0.3102799952030182,54.11568442959014,32.547992591701764,169.33020514952452,150.78392493292097
272,14.616800006479025,377.29018771648407,201.89936292171478,0.5188466310501099,381.4454382658005,195.819810628891,0.5410491824150085,366.97688925266266,195.96297991275787,0.5143829584121704,393.1515902876854,198.30444765090942,0.5360071063041687,360.8641234636307,198.34766685962677,0.6148996949195862,415.64125764369965,215.7745385169983,0.6339595317840576,350.075014770031,219.54892057180405,0.6969969272613525,467.98830461502075,245.29019683599472,0.5152684450149536,339.95769798755646,261.7779630422592,0.41627955436706543,508.3808169364929,276.25220572948456,0.6326236724853516,314.60206282138824,273.98158371448517,0.43452388048171997,416.2836911082268,287.84834468364716,0.6231019496917725,370.2759811282158,288.06597888469696,0.5264071226119995,418.71072739362717,352.0662076473236,0.5622164607048035,367.5671893954277,348.12831342220306,0.5781164169311523,414.03382247686386,388.4846190214157,0.4240483045578003,371.7391397356987,388.1874530315399,0.39070627093315125,60.073013291970106,29.90024516720627,171.94510070168025,129.1745102919841
273,15.72580001084134,368.70108914375305,199.72961086034775,0.5089458227157593,373.659374833107,194.7655394077301,0.45411866903305054,360.3962616920471,195.61164665222168,0.48171883821487427,389.8006862401962,198.2793847322464,0.49356916546821594,358.08984392881393,198.70038747787476,0.5406028628349304,418.05742835998535,215.92702722549438,0.6597405672073364,347.49947345256805,221.06950986385345,0.6539305448532104,476.2089372873306,241.39656233787537,0.48301637172698975,336.19652503728867,257.6306381225586,0.5156123042106628,524.1255618333817,265.81086111068726,0.5176311135292053,307.22996151447296,268.5913974046707,0.40716689825057983,420.4802361726761,290.13362443447113,0.663370668888092,368.8012611269951,290.58741104602814,0.646346390247345,416.8656413555145,355.5428355932236,0.5543270111083984,367.16510981321335,351.16240441799164,0.6402793526649475,414.09890884160995,388.00414085388184,0.4051908254623413,373.7772903442383,388.40056324005127,0.44662660360336304,64.47725002710646,34.21529881105594,176.65315460616003,127.90541876770372
274,15.971299959346652,373.88733768463135,201.87077128887177,0.5036424994468689,369.3327640891075,196.88106387853622,0.4138862192630768,369.08791410923004,197.13718217611313,0.4261515140533447,377.94268387556076,199.2408990263939,0.5264669060707092,370.7228343486786,198.41103291511536,0.49969804286956787,391.1623882651329,215.30205273628235,0.44176796078681946,375.61282217502594,218.03609746694565,0.5224288105964661,479.56864619255066,236.881014585495,0.4100612998008728,333.8090704679489,248.0635701417923,0.31125760078430176,527.2608940601349,253.45864236354828,0.3531809449195862,313.45379161834717,259.6134135723114,0.40909862518310547,401.9373931288719,289.2900506258011,0.5669556260108948,387.06432914733887,289.4248957633972,0.5616226196289062,391.4763657450676,350.82723689079285,0.3428382873535156,368.00141072273254,347.94503140449524,0.37376514077186584,405.42280542850494,386.93376421928406,0.3848429322242737,381.8660910129547,386.61132419109344,0.37123602628707886,67.99713302622905,63.42366313242573,174.54978955669444,173.8815857012646
275,16.3507999968715,372.1414601802826,204.1263736486435,0.4249933063983917,382.64260452985764,197.69063234329224,0.48405441641807556,364.7975130081177,198.2725836634636,0.4890994429588318,393.2986501455307,197.80819582939148,0.5551736950874329,356.60482037067413,198.89051580429077,0.4953758716583252,421.07377457618713,211.66498893499374,0.4598279297351837,347.56083983182907,215.97425770759583,0.6958596110343933,484.94442665576935,228.2208110690117,0.49538612365722656,325.87795436382294,244.4054245352745,0.5329543352127075,543.9874475002289,242.46849220991135,0.5178229212760925,314.913176715374,246.69945067167282,0.5089306831359863,425.344933450222,290.13624835014343,0.7370918989181519,372.21850937604904,288.9982531070709,0.7010124921798706,419.64631712436676,351.1738350391388,0.599737286567688,366.42946261167526,346.6119616031647,0.6251991987228394,415.7633481025696,388.23981070518494,0.47177043557167053,373.5627354979515,388.11151027679443,0.4765110909938812,72.35275299794208,55.98881235246721,179.0349555939872,139.1476173078222
276,15.528200019616634,376.2192868590355,204.85841596126556,0.5298900008201599,379.6993466615677,197.7181231379509,0.4535786211490631,362.1506496667862,198.8552588224411,0.46243712306022644,390.9501885175705,198.63981121778488,0.5088796019554138,356.3343051671982,201.38507544994354,0.4976595938205719,418.3861252069473,212.91736578941345,0.578238308429718,346.8394302725792,215.6911010146141,0.664966881275177,484.68017387390137,221.76308315992355,0.6168369650840759,316.1210212111473,237.46001023054123,0.5345464944839478,547.6613479852676,232.7592351436615,0.4045912027359009,302.0246848464012,242.57138288021088,0.4932728409767151,424.9051455259323,285.995769739151,0.698231041431427,373.19151306152344,285.4958987236023,0.6401697993278503,419.20387971401215,348.12783086299896,0.5720979571342468,366.17864459753036,343.97975194454193,0.5737882256507874,415.0851599574089,389.14883160591125,0.4613935649394989,374.3952628970146,388.45521306991577,0.4794163107872009,77.30220296655575,75.35839940544825,177.69648415730708,164.60711555838515
277,16.105799993965775,370.5280569791794,198.0343954563141,0.32698947191238403,375.0026375055313,194.62437576055527,0.47073718905448914,367.104840695858,195.06979298591614,0.43037280440330505,388.0703309774399,198.92091703414917,0.4507512152194977,359.89481300115585,198.69139981269836,0.4871288537979126,401.4162472486496,211.62329280376434,0.37555357813835144,355.9953850507736,215.3168009519577,0.5064528584480286,495.3327136039734,215.99114727973938,0.44360655546188354,328.35412657260895,234.77312058210373,0.277596116065979,532.9144691228867,221.71399784088135,0.382628858089447,326.50665867328644,226.98366498947144,0.45212864875793457,417.56553387641907,287.91101706027985,0.6613723039627075,378.38038432598114,287.89077973365784,0.5965269207954407,409.63607704639435,349.1425623893738,0.48231032490730286,364.7132647037506,344.32864224910736,0.5229359269142151,412.0034865140915,388.2023218870163,0.528637707233429,380.0032614469528,388.33203983306885,0.376177042722702,75.38477109073088,,174.00445101731344,
278,16.10790000995621,370.6662049293518,197.11240577697754,0.33417990803718567,375.22407031059265,194.02221727371216,0.439973384141922,368.0770415067673,194.34737169742584,0.41996368765830994,388.40095472335815,199.33229875564575,0.43595090508461,359.9614783525467,199.03805828094482,0.458612859249115,402.05688762664795,212.6873358488083,0.34707605838775635,354.2336106300354,217.1773230433464,0.5305176377296448,489.07200479507446,216.46639269590378,0.4034986197948456,340.1365784406662,243.80055165290833,0.24466323852539062,505.3009365797043,215.74193561077118,0.16291892528533936,332.4464852809906,223.41586351394653,0.2836848795413971,417.3105409145355,287.86583745479584,0.6388384103775024,376.4244748353958,287.8027126789093,0.5766561627388,413.17346209287643,348.1072919368744,0.4833260476589203,365.41634196043015,344.4582395553589,0.5011456608772278,411.98638528585434,388.9220589399338,0.4959300756454468,380.81389713287354,387.5759902000427,0.29831546545028687,76.04365064447379,,,
279,16.026799974497408,373.8870165348053,200.22946679592133,0.3917428255081177,383.93943428993225,195.4912330508232,0.5287131071090698,369.16723811626434,195.53134578466415,0.5008007884025574,393.67174595594406,199.43603390455246,0.5334863066673279,359.183064699173,201.02992695569992,0.49756842851638794,421.1934296488762,213.11411422491074,0.530433177947998,346.2554460763931,215.76102685928345,0.6324649453163147,489.20726239681244,208.93887627124786,0.6131603121757507,329.74826472997665,224.40684407949448,0.24228116869926453,564.4892241954803,198.00227510929108,0.7069358825683594,336.8827151656151,216.19116806983948,0.30238309502601624,426.3487139940262,289.3227741718292,0.7084214091300964,373.4776575565338,289.3508229255676,0.6671051383018494,422.4101325273514,354.71922767162323,0.565254807472229,365.13083976507187,348.92396306991577,0.6271844506263733,415.8326094150543,388.95945727825165,0.41959062218666077,375.2931978106499,389.86718130111694,0.4131262004375458,89.64287957504064,,175.24703996413822,
280,15.87969996035099,369.8137394785881,200.51069325208664,0.3393000364303589,379.1520003080368,194.99752974510193,0.5567697882652283,365.2728950381279,196.2001125216484,0.5138136148452759,392.243137717247,198.967604637146,0.5761102437973022,358.7293870449066,201.3681858778,0.5363578200340271,426.0207397341728,207.54539608955383,0.5130720138549805,346.3829960823059,214.67496705055237,0.7121888995170593,496.33566451072693,205.83609598875046,0.656703531742096,292.55263835191727,220.2012048959732,0.3673683702945709,570.8605155944824,193.78730142116547,0.6450141072273254,250.969810962677,211.71160113811493,0.3229723274707794,429.3021416068077,285.85796892642975,0.6444289088249207,374.1457027196884,285.9839470386505,0.5476693511009216,420.2759313583374,356.60422456264496,0.5677222013473511,363.69393515586853,348.3243530988693,0.6244103908538818,422.5984601378441,390.5116089582443,0.2855418622493744,375.08747458457947,390.97727859020233,0.3699364960193634,88.9931742539253,105.41097806809789,172.20872147342186,162.59953288832318
281,15.373800008092076,373.2104609012604,196.39674031734467,0.4404759407043457,376.9532480239868,192.77428901195526,0.4511670172214508,365.1711975932121,193.9464554786682,0.49466127157211304,391.8344210386276,197.1980298757553,0.5703573822975159,359.3271539211273,199.03353428840637,0.46453380584716797,429.17464512586594,207.17243814468384,0.582769513130188,346.1056296825409,212.30376160144806,0.7166370153427124,499.04531264305115,202.76558685302734,0.6330153942108154,273.0076740384102,209.77433705329895,0.5445384979248047,554.1516789197922,183.08136355876923,0.6160379648208618,225.77493804693222,197.139519572258,0.5989555716514587,426.37753719091415,290.3951715230942,0.644695520401001,377.77632826566696,292.4548246860504,0.7488664388656616,426.737653195858,360.60605788230896,0.5293560028076172,368.53409123420715,353.71671092510223,0.6665779948234558,425.6235576868057,389.53138041496277,0.28671374917030334,377.1697030067444,391.782338142395,0.3616570234298706,95.53393411698914,113.54266700057259,163.95201410595095,167.00577452079406
282,15.016799967270344,373.79179561138153,195.73491036891937,0.4065529704093933,381.34283089637756,193.25680297613144,0.5007254481315613,371.605541408062,193.4662185907364,0.45904242992401123,394.6496471762657,197.9650275707245,0.5878241658210754,362.7129027247429,199.16059815883636,0.5012679100036621,431.0371803045273,207.27003574371338,0.6360256671905518,345.9355273246765,211.4267856478691,0.7475740909576416,496.86192202568054,199.785994887352,0.6199865937232971,271.67658829689026,205.20368707180023,0.6855406761169434,536.1607050895691,172.7491979598999,0.5030905604362488,226.62483429908752,191.58773624897003,0.6300973892211914,427.5616165995598,287.91840624809265,0.4962926506996155,378.99830335378647,292.65949010849,0.7332056760787964,426.2810049057007,359.9228746891022,0.49762699007987976,368.5851540565491,355.88313031196594,0.6667470335960388,426.32219237089157,387.3534700870514,0.34273695945739746,379.7040836215019,391.4991965293884,0.39734622836112976,98.9541241666991,116.93731490347642,151.95925985024732,167.97400269257028
283,16.448399983346462,371.76408237218857,195.73424685001373,0.35669174790382385,379.11680763959885,193.735245347023,0.5052768588066101,370.27887147665024,193.9573130607605,0.438398152589798,394.4334330558777,198.9398273229599,0.5520489811897278,364.1005911231041,199.62091439962387,0.4950154721736908,430.73661082983017,206.31402564048767,0.5914283990859985,348.4142687320709,212.57725203037262,0.7476795315742493,491.7779061794281,198.0375019311905,0.7484958171844482,279.3561637997627,206.466423869133,0.7323666214942932,524.5846990346909,162.1923407316208,0.6257856488227844,227.75774383544922,188.01779341697693,0.596710205078125,430.8663821220398,292.05629110336304,0.7309732437133789,377.5043411254883,293.1181927919388,0.7339880466461182,423.05344915390015,359.792613863945,0.5085409879684448,369.64631336927414,356.9287757873535,0.65529865026474,424.2641572356224,387.629674911499,0.2976899743080139,378.0468434691429,392.10317969322205,0.4074406921863556,97.63486687767127,114.91572178276293,140.18746620553594,165.38269844601024
284,15.956200018990785,372.5961548089981,195.52861630916595,0.36310014128685,379.8340690135956,193.40083181858063,0.5591561794281006,372.1059998869896,193.2082303762436,0.4711267650127411,394.3729498386383,198.48806142807007,0.6109130382537842,366.58546113967896,197.45701336860657,0.6767006516456604,428.66647905111313,207.50080460309982,0.5701304078102112,349.5799890756607,212.19431114196777,0.6761256456375122,486.9300960302353,198.7819249033928,0.6432375907897949,278.3705817461014,205.2748645544052,0.7301543354988098,502.6528956890106,166.00119560956955,0.6363335251808167,230.59429967403412,187.69628834724426,0.6961156129837036,429.2615429162979,292.1413120031357,0.7478561401367188,376.0143665075302,292.82416343688965,0.7163072824478149,419.3788528442383,358.8844676017761,0.5012261867523193,366.27143013477325,353.9948761463165,0.5270189046859741,424.6234168410301,386.34033703804016,0.3526463508605957,376.54586946964264,389.44973742961884,0.41026633977890015,98.10808158423116,113.70168341378732,124.13491931853468,165.34968413483415
285,16.2014999659732,376.2753810286522,195.9800202846527,0.44399288296699524,378.68483436107635,193.90579986572266,0.6023430824279785,369.6382043361664,193.90055203437805,0.5204956531524658,394.6431974172592,199.55522602796555,0.4443826377391815,363.1596488952637,200.9476506114006,0.5470150709152222,427.6450085043907,209.52839773893356,0.5517016649246216,345.7530071735382,215.07220375537872,0.7632482647895813,485.5785369873047,195.90308225154877,0.6320379376411438,285.242063999176,207.7943212389946,0.7013996243476868,482.78892254829407,163.47080594301224,0.5164574980735779,241.6611762046814,184.10760110616684,0.6574326157569885,427.7827817797661,292.3938111066818,0.7498785853385925,375.20798605680466,293.12739157676697,0.6811388731002808,421.63418102264404,351.10642755031586,0.37303879857063293,367.1537357568741,352.85015523433685,0.5217000246047974,427.2123394012451,384.10234808921814,0.4299898147583008,376.7171761393547,386.0244115591049,0.4638700485229492,103.13953988495855,117.53278664817768,98.31868844204065,158.33364381826593
286,15.509199991356581,374.9676321744919,193.11738860607147,0.42493367195129395,377.947474360466,191.48317170143127,0.5249539613723755,368.17673176527023,191.7085268497467,0.4952571988105774,393.5281116962433,197.91475093364716,0.6380683779716492,359.2766263484955,200.51637840270996,0.5303229689598083,430.6626393198967,210.53605675697327,0.6045196652412415,339.7968554496765,216.66724288463593,0.753156840801239,475.7477661371231,201.4687089920044,0.5977092385292053,293.23096030950546,210.43888139724731,0.6317231059074402,455.1553181409836,164.3727392554283,0.7354974746704102,241.65903520584106,184.92199516296387,0.6420047283172607,427.49955439567566,297.3292155265808,0.5618476271629333,376.47366428375244,299.4869488477707,0.570507824420929,430.1694602370262,354.96123111248016,0.23073530197143555,370.4863610267639,359.3718523979187,0.5237746238708496,428.4160624742508,383.03902888298035,0.3659883737564087,379.75779592990875,385.72030878067017,0.4243324100971222,103.45857149243982,121.50452425758793,72.33619518674377,161.2929074500695
287,15.526100003626198,382.5296668410301,184.824005484581,0.5470985770225525,389.4845677614212,184.7216727733612,0.5159774422645569,376.5267610549927,185.10759949684143,0.5241280794143677,403.07308596372604,195.28180235624313,0.6330798268318176,368.0011430978775,197.48237788677216,0.6491733193397522,435.21678471565247,215.3018114566803,0.6935158371925354,346.30522429943085,217.57320255041122,0.7721790075302124,461.34542751312256,202.81893980503082,0.5092494487762451,301.09642803668976,215.00141835212708,0.5354847311973572,429.829496383667,166.77356177568436,0.4765892028808594,249.06191337108612,188.190398812294,0.5960627794265747,428.2084391117096,302.2639262676239,0.6980749368667603,376.94891250133514,303.8725072145462,0.7256150245666504,429.8733868598938,360.59064614772797,0.33587825298309326,370.7956015467644,356.9727791547775,0.5166965126991272,430.3961652517319,379.15014457702637,0.4001401662826538,381.50897240638733,382.28937315940857,0.45400771498680115,120.14353673018105,112.80511104069704,74.37146801554954,155.99587227052584
288,15.471799997612834,395.09403824806213,189.29165923595428,0.5049026012420654,401.7534813284874,188.5516848564148,0.6343743205070496,388.22996920347214,187.9930471777916,0.5579220056533813,409.9201340675354,197.49640226364136,0.5233909487724304,379.9238839149475,196.13597738742828,0.5517162680625916,434.7726077437401,215.52487444877625,0.6976038813591003,353.7255516052246,217.9337345957756,0.6145849227905273,452.50417280197144,210.7629651427269,0.38625964522361755,295.91914492845535,222.98364126682281,0.6348658204078674,417.99881851673126,195.46722573041916,0.4791228771209717,263.5229688882828,198.0406084060669,0.6324479579925537,430.7406787276268,297.4019914865494,0.6340152025222778,381.8298010826111,299.1639357805252,0.6014195084571838,432.2006258368492,360.9974133968353,0.4080888032913208,372.353713452816,356.36945950984955,0.5657317042350769,431.6751444339752,379.71519124507904,0.3820948004722595,381.5345573425293,382.1564280986786,0.4548022747039795,107.8515834976096,104.09211405921495,38.93944482266946,137.41335069384823
289,16.847699997015297,377.5043411254883,197.04700392484665,0.4280063211917877,384.55186700820923,194.1506986618042,0.5714633464813232,371.0342961549759,194.9814544916153,0.3751930892467499,395.3646337389946,198.52104133367538,0.596750020980835,365.76513743400574,198.72956722974777,0.6350957751274109,422.0589551925659,214.34694743156433,0.5217127799987793,351.35865062475204,218.75241136550903,0.5270935297012329,455.21435618400574,236.74347013235092,0.33862605690956116,306.7157203555107,227.25418466329575,0.5710514187812805,424.57663601636887,225.81924962997437,0.25163769721984863,281.1235048174858,212.88073652982712,0.5334803462028503,429.82154792547226,289.03547048568726,0.6730260252952576,382.7905743122101,290.4452973604202,0.6757632493972778,428.05415338277817,352.8283495903015,0.5070920586585999,373.6517207622528,350.37972354888916,0.5736803412437439,441.8804830312729,384.8745936155319,0.34032100439071655,382.9162509441376,388.1304507255554,0.45426520705223083,50.02730412071149,102.89156240715413,,139.89770570375504
290,15.065199986565858,380.86094558238983,202.15374702215195,0.40491631627082825,388.6972154378891,196.7639980316162,0.3851393759250641,374.63470685482025,198.5463606119156,0.4332139194011688,405.72471302747726,198.26811999082565,0.5778351426124573,369.4416606426239,201.2178988456726,0.509689450263977,433.3842770457268,211.8640295267105,0.7054376602172852,349.3330248594284,221.20176124572754,0.5519694685935974,447.72289419174194,230.59904378652573,0.5827404260635376,310.6916890144348,231.8179430961609,0.41250014305114746,367.45663356781006,222.38817828893661,0.4215855002403259,317.9620393514633,227.38859248161316,0.41483449935913086,433.2801442146301,291.1999897956848,0.7229912877082825,382.9479377269745,291.85376703739166,0.6811728477478027,426.44722670316696,359.3134627342224,0.37320852279663086,368.3867369890213,358.5455904006958,0.4452010989189148,431.58830016851425,383.61511409282684,0.35512441396713257,389.9799146056175,386.49104630947113,0.37736135721206665,37.50340469501044,100.08202835484227,46.731023866507286,15.989018722873324
291,16.10040001105517,373.41843217611313,202.48838675022125,0.3975120782852173,383.56492006778717,196.9276157617569,0.6026722192764282,368.294406414032,198.15705597400665,0.4898732006549835,399.4953430891037,197.75001728534698,0.6133376955986023,365.7686700820923,199.54332792758942,0.5169040560722351,430.8308415412903,210.07943511009216,0.5552687644958496,350.63060396909714,219.8114930987358,0.5363385081291199,443.03244745731354,237.82351303100586,0.569222629070282,326.9363571405411,239.90988790988922,0.4293079972267151,364.80580937862396,234.68464636802673,0.3362681269645691,309.4021386504173,240.9165214896202,0.530636727809906,433.4461786746979,283.15428018569946,0.6754105091094971,384.03682297468185,284.20031774044037,0.644511342048645,422.89819997549057,343.8789875507355,0.4413015842437744,370.4468595981598,344.5111702680588,0.5821975469589233,433.8646904230118,385.5380823612213,0.4106011390686035,387.13966554403305,388.19460093975067,0.4057677984237671,21.689746752024657,77.11526944345677,63.96274403106907,142.9798006962502
292,15.7805000199005,374.0958709716797,203.49268293380737,0.4677867889404297,384.47990268468857,198.63739842176437,0.5615912079811096,373.65255039930344,200.01269215345383,0.44924411177635193,399.28215312957764,199.80798149108887,0.5685254335403442,370.31451910734177,200.4210729598999,0.46631842851638794,432.54139256477356,217.095152258873,0.5671097040176392,353.9789388179779,220.49592792987823,0.5097498297691345,439.1176578402519,247.97839844226837,0.47260043025016785,329.0033041834831,246.51861160993576,0.4788161516189575,378.79180401563644,254.32070422172546,0.2719479203224182,304.08954441547394,250.24148046970367,0.48101651668548584,428.8540573120117,281.9790072441101,0.645032525062561,380.2985319495201,280.9678647518158,0.6802545189857483,429.5821039676666,344.68902349472046,0.5544100403785706,374.24461686611176,345.19450426101685,0.5463980436325073,438.57114112377167,385.62277150154114,0.4598289728164673,383.4198941588402,387.80900597572327,0.46380454301834106,15.273602743981689,67.34425550231815,,142.32265860841522
293,16.370000026654452,375.61346447467804,204.43952441215515,0.5179002285003662,387.2894016504288,198.82891410589218,0.5421222448348999,370.93209022283554,199.27758860588074,0.39252299070358276,401.660561978817,200.21319550275803,0.5514557361602783,370.7939690351486,201.1747550368309,0.5192170143127441,436.2893180847168,218.9083684682846,0.6294860243797302,353.3877555131912,220.74197280406952,0.4959593117237091,440.90721172094345,254.82395315170288,0.5320243239402771,331.7912058234215,250.98023337125778,0.4437273442745209,390.4949318766594,270.20335626602173,0.30261683464050293,317.4235781431198,267.36982893943787,0.45273664593696594,432.4241461157799,283.5683763027191,0.6560220122337341,380.4452974200249,281.9993953704834,0.6625908613204956,427.8705359697342,349.21470499038696,0.4529632329940796,375.5215085744858,346.7231914997101,0.49499112367630005,434.9223973751068,382.7545602321625,0.47785884141921997,384.56286638975143,384.8830384016037,0.44748878479003906,10.74757308369468,59.36606341747644,99.6388269600541,174.29609779771997
294,16.440300038084388,381.190980553627,206.2458038330078,0.5827062726020813,389.9370678663254,201.64562726020813,0.3123258352279663,374.671799659729,201.78452891111374,0.39421510696411133,408.26725620031357,201.4033523797989,0.4206489026546478,373.20516192913055,202.18977308273315,0.5394725203514099,437.0097641944885,221.47547787427902,0.5469432473182678,354.1607631444931,220.95951652526855,0.4396328032016754,446.962357878685,259.27179181575775,0.5329405665397644,334.7780865430832,252.1296290755272,0.5006313323974609,399.7480344772339,287.31234204769135,0.31482160091400146,327.9411546587944,287.23054826259613,0.49238693714141846,428.6661579012871,288.23430156707764,0.6325085163116455,379.0966554880142,286.89978408813477,0.6204096674919128,431.06276524066925,344.32345473766327,0.46128663420677185,372.78220760822296,344.2439832687378,0.4935615062713623,435.7644522190094,383.497007727623,0.46033814549446106,382.34425634145737,383.49185037612915,0.3727022111415863,21.876308559088507,52.58936056384391,105.95369798685397,159.1472177529501
295,17.65489997342229,382.7841245532036,208.38845717906952,0.5566954612731934,391.4544472694397,203.46394050121307,0.3944461941719055,376.3135175704956,203.36233162879944,0.46443572640419006,408.9779607653618,201.25381934642792,0.3368508219718933,374.09434551000595,201.94083285331726,0.5100109577178955,438.0323855280876,220.98489612340927,0.5540375709533691,353.95600336790085,219.71896237134933,0.4461763799190521,448.47746247053146,259.6213757991791,0.540046215057373,343.70203733444214,259.46442341804504,0.590104877948761,416.23455518484116,292.60203540325165,0.33015871047973633,335.2804183959961,291.74377369880676,0.43334922194480896,423.3432065844536,288.7015998363495,0.5648253560066223,376.1380359530449,287.4239640235901,0.5827306509017944,430.5808799266815,352.4403418302536,0.4280533492565155,361.6155070066452,348.35390985012054,0.34527289867401123,431.8943559527397,385.23901629447937,0.3798901438713074,382.0284590125084,383.70610666275024,0.3383251130580902,27.366900163422276,32.60656588324229,120.52019615123179,179.84393679016605
296,15.104699996300042,377.74670219421387,205.0708777308464,0.5580839514732361,388.89110964536667,199.20345544815063,0.492822527885437,372.65963542461395,199.3793784379959,0.4071694612503052,403.150054872036,200.77822709083557,0.4753250777721405,374.0522748827934,201.28937792778015,0.4808659553527832,436.60506188869476,220.19168943166733,0.5160432457923889,355.214375436306,221.11601650714874,0.435168981552124,452.9535149335861,259.6268045902252,0.6508983373641968,348.7766327857971,260.92350149154663,0.5828102827072144,433.90504825115204,297.94381499290466,0.4213223457336426,341.75217616558075,293.8687834739685,0.28453972935676575,430.0721518397331,292.44809901714325,0.5350966453552246,375.8542733192444,291.21874928474426,0.6033844947814941,426.1645345687866,347.5087375640869,0.3268924355506897,363.91389602422714,346.2111961841583,0.32372334599494934,433.3452305793762,384.9097902774811,0.4504777789115906,381.9104899764061,384.47488379478455,0.40104469656944275,27.683457599350778,25.59211908953548,131.04950553056716,
297,15.474500018171966,383.3522118330002,205.5360044836998,0.5815565586090088,390.84608244895935,198.5689504146576,0.401305615901947,375.0914889574051,198.83520245552063,0.45037323236465454,405.848917722702,199.83094829320908,0.5044872164726257,371.6031863093376,201.1499786376953,0.5267227292060852,436.6781234741211,219.14868295192719,0.5141051411628723,352.1617392897606,222.56749427318573,0.43874838948249817,460.168306350708,260.32542967796326,0.7033980488777161,350.39859998226166,261.43778896331787,0.49067556858062744,450.354288816452,302.62267887592316,0.4276532232761383,335.03372180461884,296.410724401474,0.3852090537548065,430.12977147102356,295.32297563552856,0.5296023488044739,374.0532115697861,295.0240000486374,0.5730462074279785,426.9234918951988,353.28460931777954,0.3852775990962982,364.27168369293213,351.7042279243469,0.4126606583595276,434.756041765213,386.64814949035645,0.31370699405670166,383.8031061887741,388.86568999290466,0.38819432258605957,34.61692360779137,19.40840907481923,137.23354213461695,158.87950604012477
298,15.604800020810217,385.7420215010643,204.9305284023285,0.5566524863243103,391.83383226394653,197.48557484149933,0.4461495876312256,375.4714359641075,197.95290327072144,0.46636033058166504,405.5838353037834,199.8858243227005,0.49325770139694214,368.85392969846725,201.71231091022491,0.5241417288780212,431.95248407125473,220.26903462409973,0.5194652676582336,352.7394610643387,225.43676114082336,0.45631858706474304,466.7523595094681,256.67589473724365,0.5059331059455872,348.9872803092003,263.31232035160065,0.5162872076034546,459.07628989219666,294.17433393001556,0.3626771867275238,335.29422783851624,298.4348793029785,0.3805818259716034,428.36930841207504,294.3934761285782,0.47663524746894836,375.8400356769562,295.968820810318,0.524543821811676,436.77912509441376,348.30851912498474,0.43855714797973633,367.9971019625664,349.3793783187866,0.39376214146614075,437.79995334148407,385.69482362270355,0.30970945954322815,385.108285844326,387.2612107992172,0.34768158197402954,46.474699257155606,23.7921983082594,124.72399075849154,164.35854083091922
299,16.127000038977712,383.10516732931137,202.68508994579315,0.4911061227321625,389.51518404483795,196.22737711668015,0.41676685214042664,374.3714175224304,196.43542045354843,0.4397503733634949,402.67196983098984,199.4520035982132,0.5322016477584839,368.91449320316315,199.68738692998886,0.5233727693557739,429.96009731292725,218.7532558441162,0.48927590250968933,352.5029074549675,223.70941030979156,0.44106826186180115,466.13703644275665,251.93184012174606,0.5210402011871338,347.81082820892334,263.47310304641724,0.4882584810256958,479.9551500082016,295.10030472278595,0.44542789459228516,331.40226662158966,294.1315972805023,0.36432501673698425,431.87452495098114,293.7937455177307,0.5128603577613831,376.3554811477661,295.8264055252075,0.531703770160675,436.7496060729027,359.71492183208466,0.3826143741607666,369.53027123212814,353.17178094387054,0.48722636699676514,433.8126106262207,384.57284331321716,0.36319175362586975,379.4144332408905,384.8266091346741,0.3400013744831085,46.01404175611038,25.031275441720446,150.27428345238891,158.57384367916552
300,15.769399993587285,379.3538429737091,202.10065042972565,0.5025885105133057,388.19852328300476,196.25132411718369,0.3836231827735901,373.35591500997543,196.2211490869522,0.39768168330192566,401.10441076755524,199.26303642988205,0.5795566439628601,368.687707901001,199.29037642478943,0.566683292388916,428.80845403671265,217.48095834255219,0.5150337815284729,351.02992701530457,222.35818421840668,0.45223119854927063,473.45882427692413,246.35942739248276,0.5005372762680054,344.4556421637535,263.5526649951935,0.49303460121154785,504.7343212366104,284.13960576057434,0.44401833415031433,330.6546565890312,286.804750084877,0.46894702315330505,430.46317851543427,291.9533551931381,0.5674624443054199,376.54463839530945,295.2104187011719,0.5396550297737122,433.80519741773605,361.40532672405243,0.39084795117378235,370.157985329628,354.63284957408905,0.5049782395362854,434.3524367213249,386.0202796459198,0.3031710088253021,382.9178566932678,386.28707456588745,0.26100045442581177,55.833606622451185,28.36900516580421,162.51244700936667,158.37672686014548
301,15.53309999871999,382.5770899653435,204.22394108772278,0.5125190615653992,389.7139222621918,197.19432020187378,0.4318157434463501,374.75527185201645,197.6027311682701,0.43506839871406555,401.9213088750839,199.4058739542961,0.5575662851333618,369.335761487484,201.25505590438843,0.547852635383606,427.3895873427391,217.7067357301712,0.5094854831695557,354.82589119672775,222.54608070850372,0.537100076675415,474.2524925470352,245.30568397045135,0.5629757642745972,344.0795489549637,263.9670023918152,0.4816231429576874,513.4846370220184,276.73253309726715,0.644253671169281,324.2365576028824,277.40036487579346,0.4067486524581909,428.11452955007553,291.8195958137512,0.574222207069397,375.89460438489914,293.30449080467224,0.6071316599845886,432.66118144989014,352.9262487888336,0.4539969563484192,370.4153333902359,348.4258111715317,0.5147244334220886,433.8681427836418,387.80963933467865,0.37983888387680054,384.69507306814194,387.5649516582489,0.294764906167984,58.94448669378059,31.125480526759873,171.79866770941274,138.64160733946375
302,15.094000031240284,380.4446818828583,203.2604513168335,0.46857911348342896,383.04706597328186,197.8838973045349,0.47321850061416626,378.9612640738487,197.61870086193085,0.40505579113960266,389.48943853378296,199.70178830623627,0.45083707571029663,379.8662910461426,199.15233433246613,0.42789116501808167,389.6456243991852,218.11157274246216,0.5000946521759033,386.9657361507416,220.4219304919243,0.5724342465400696,342.84325593709946,262.6885824203491,0.36056897044181824,487.5000299215317,246.64593183994293,0.4894500970840454,312.7774500846863,272.36009430885315,0.3953515291213989,317.11489963531494,271.3862898349762,0.4164339303970337,398.1477984189987,289.6553781032562,0.5487288236618042,410.7472554445267,289.6976925134659,0.5423794984817505,380.8531309366226,353.0073187351227,0.3773465156555176,406.64296066761017,354.3598417043686,0.2987199127674103,412.32755345106125,386.6788523197174,0.3093504011631012,414.11357468366623,386.072184920311,0.28288137912750244,53.172218689074136,56.43365514650582,154.22689349504316,22.881381449098363
303,15.576199977658689,376.9023725390434,204.56719148159027,0.47989359498023987,374.239692568779,199.34151262044907,0.4215623438358307,380.0052418708801,198.36511439085007,0.4298543632030487,377.2755753993988,200.13838374614716,0.5050299763679504,390.11498486995697,198.95003646612167,0.41534262895584106,362.4323515892029,219.87556791305542,0.6242672204971313,427.0330307483673,217.06918454170227,0.5281261801719666,326.9018067717552,255.7776710987091,0.3792003095149994,496.7109280824661,238.88028752803802,0.48638346791267395,302.54197692871094,260.7691730260849,0.3329419195652008,560.7508796453476,262.4024851322174,0.38123634457588196,382.94266551733017,295.08205795288086,0.5829125046730042,432.16377389431,292.1405580043793,0.6107353568077087,367.3698160648346,352.3697373867035,0.6281736493110657,422.2562482357025,358.86655259132385,0.44868794083595276,388.3471888899803,387.53376626968384,0.3250340223312378,422.75103306770325,385.71831822395325,0.3180343806743622,59.95670835664947,68.70864866854863,146.28199518349962,177.21302013463202
304,16.301900031976402,380.90804755687714,208.46361577510834,0.5488746762275696,389.53573763370514,203.5049580335617,0.3534209132194519,373.4020267724991,204.00858396291733,0.41023683547973633,401.96907991170883,201.00646251440048,0.5182421207427979,369.6162323355675,202.14383947849274,0.624172031879425,434.1632527112961,215.51733446121216,0.7028148174285889,354.5585874915123,219.0285860300064,0.6855528354644775,499.9575387239456,233.98300528526306,0.648923933506012,328.70955914258957,247.59538215398788,0.5836395025253296,562.8070414066315,250.84163331985474,0.566055417060852,301.9110780954361,250.29655253887177,0.4503183960914612,431.3602837920189,291.30983233451843,0.7336333990097046,380.28978061676025,290.28216218948364,0.7171775102615356,425.14204704761505,357.3167232275009,0.5680005550384521,368.68444287776947,353.097949385643,0.6981751322746277,428.35782730579376,386.061719417572,0.4237578213214874,384.1900382041931,387.2666697502136,0.42706912755966187,76.440772866042,61.99650756632228,179.33825795659857,137.89649605324738
305,15.487399999983609,382.7888347506523,207.19632482528687,0.5271879434585571,390.28629153966904,199.94724506139755,0.3458938002586365,374.8627767562866,202.71454113721848,0.3865705728530884,403.4701609611511,200.9007669687271,0.4871896803379059,366.81163090467453,201.78496623039246,0.5907069444656372,433.2153789997101,214.72129273414612,0.6813094615936279,349.78868293762207,217.04568994045258,0.6791507601737976,496.97491323947906,227.81074130535126,0.6387408971786499,326.84903115034103,244.51838862895966,0.4502238631248474,570.1589102745056,237.7145602107048,0.5649563074111938,313.1836778521538,240.7245232462883,0.3659616708755493,432.06801772117615,290.76239907741547,0.7407753467559814,381.5675287246704,289.99660778045654,0.7014600038528442,425.6356008052826,357.15467381477356,0.5177616477012634,369.71600288152695,352.44652462005615,0.6958550214767456,429.46161925792694,387.10413777828217,0.41500598192214966,382.635351896286,387.9625201225281,0.44094011187553406,79.26316329610182,63.40070066741059,176.1055945440132,114.34574942841479
306,15.592899988405406,382.8184875845909,202.97236347198486,0.47990894317626953,388.522402882576,197.03184854984283,0.43889251351356506,374.74571764469147,197.21036529541016,0.45323628187179565,399.9286277294159,200.14945244789124,0.5258783102035522,365.64211028814316,199.29444801807404,0.6454337239265442,428.3497985601425,213.85947215557098,0.5559093952178955,349.54479640722275,216.0185023546219,0.5298251509666443,501.0536230802536,220.87126851081848,0.4771098494529724,327.07038366794586,237.06239652633667,0.2871885299682617,576.2556720972061,228.5551793575287,0.41700518131256104,312.48445439338684,232.67738103866577,0.3232991397380829,429.7412604689598,290.5039886236191,0.6763107180595398,381.003857254982,289.67407727241516,0.6282531023025513,424.1660192012787,355.975962638855,0.47493550181388855,369.4770941734314,349.69904363155365,0.5899496078491211,426.97784650325775,388.8437637090683,0.4065665006637573,386.8212990164757,388.2888206243515,0.36785754561424255,83.45116745582202,,179.67469880067645,
307,15.756200009491295,387.1387823820114,201.73524755239487,0.42150717973709106,390.71451807022095,196.53604912757874,0.4662463665008545,377.6706432104111,196.71838110685349,0.4934695363044739,400.4864382147789,200.05521768331528,0.5031179189682007,367.8204963207245,199.2338415980339,0.6519832015037537,424.65636146068573,212.8269311785698,0.5021977424621582,350.60740089416504,215.98383349180222,0.5215796232223511,492.1981842517853,218.97279012203217,0.42299792170524597,329.8821842074394,228.63557070493698,0.2613975703716278,569.1237373352051,220.2185468673706,0.4968000054359436,322.96600860357285,219.94810259342194,0.2970300614833832,429.91165721416473,290.02375173568726,0.6898994445800781,381.76128911972046,289.8782299757004,0.6496336460113525,429.2603118419647,354.3263339996338,0.5687347054481506,372.2350218296051,348.6262240409851,0.5813068151473999,430.5399600863457,389.0021939277649,0.3936046361923218,386.2509101629257,388.6601800918579,0.3785480260848999,80.90628907802082,,175.72856602105176,
308,15.72570001007989,384.54937809705734,205.70597088336945,0.5379990339279175,390.2853013277054,201.20091879367828,0.34501218795776367,375.01526939868927,199.17237561941147,0.4690132439136505,404.6292442083359,202.00371634960175,0.551464319229126,366.0285338163376,202.55479896068573,0.5990057587623596,430.50808596611023,212.94612330198288,0.6061812043190002,351.51282930374146,215.97287034988403,0.6535390615463257,498.2286821603775,215.00117707252502,0.5120126605033875,313.60384887456894,225.18115556240082,0.38893941044807434,587.4406247138977,205.13588750362396,0.6192300319671631,260.4060492515564,216.59457248449326,0.515587568283081,432.0915687084198,290.2687108516693,0.6959953904151917,382.686789393425,290.4771764278412,0.6717253923416138,428.4244123697281,357.4584448337555,0.5219185948371887,373.2007996439934,351.35654401779175,0.5864089727401733,429.8313965201378,389.0406177043915,0.37795326113700867,386.64648646116257,388.85947704315186,0.3734545409679413,87.08864039453651,99.05230875982035,171.95155335315664,157.17803278189777
309,16.712900018319488,380.5833918452263,203.7675004005432,0.5050897002220154,389.5748376250267,198.73523730039597,0.5126700401306152,373.3240141272545,201.6414350271225,0.34328290820121765,404.80705416202545,203.96370595693588,0.6212821006774902,369.2139118909836,204.8714450597763,0.713831901550293,435.9230734705925,216.587952375412,0.7180654406547546,352.76172745227814,217.26615917682648,0.5167895555496216,501.7377257347107,212.9889051914215,0.6805579662322998,294.2248922586441,217.16192638874054,0.6006974577903748,567.7457369565964,194.88464105129242,0.7800162434577942,240.2259041070938,205.2399544119835,0.5351596474647522,435.8216704130173,291.4130698442459,0.7186735272407532,387.2186951637268,292.4119372367859,0.7213037610054016,431.81342619657516,358.4400908946991,0.5724621415138245,373.7217849493027,354.02732825279236,0.6072434782981873,433.22873347997665,386.1210741996765,0.3135620951652527,385.2105453014374,389.0931261777878,0.3842029273509979,93.20772578715675,114.73513458961799,167.7925204570985,167.65190747592388
310,15.882000036071986,384.3638605475426,201.84588932991028,0.4340011775493622,389.3994898200035,197.69283401966095,0.4482053518295288,375.49624478816986,198.77394759655,0.5204167366027832,406.53269922733307,203.31749886274338,0.597513735294342,371.7321814894676,203.9753326177597,0.6548527479171753,436.99239534139633,215.8845921754837,0.752155601978302,354.8996218442917,215.8414031267166,0.5470670461654663,510.9147425889969,208.67674106359482,0.7046583294868469,291.3780596256256,213.78582155704498,0.5619186162948608,556.2875928878784,183.60491013526917,0.787471354007721,244.50594812631607,197.58766627311707,0.6195788979530334,434.775257229805,293.1355950832367,0.711161732673645,388.2375965118408,294.38436782360077,0.6883988976478577,433.92260444164276,358.9429175853729,0.5515670776367188,375.2353640794754,355.53580832481384,0.5746464133262634,430.3548974990845,387.24169731140137,0.3427467942237854,386.4963756799698,389.33702969551086,0.3845178484916687,97.21302432352515,114.85251678168856,156.6451883093218,162.7892408235142
311,15.574400022160262,393.52144783735275,204.38798105716705,0.4562076926231384,396.1034656763077,201.68276923894882,0.415429025888443,385.7768394947052,201.46005308628082,0.42199793457984924,409.1903478503227,204.78841471672058,0.5270590782165527,374.8786201477051,204.3876794576645,0.5093527436256409,442.6071380376816,214.19034188985825,0.719109296798706,356.2100201845169,217.45221590995789,0.7116079330444336,504.89826822280884,203.0430282354355,0.6576026678085327,293.94856959581375,209.26867532730103,0.6555086970329285,538.365238070488,175.26808160543442,0.4759960472583771,245.05069851875305,194.58774650096893,0.6625186204910278,436.9141418337822,298.253165602684,0.6008877158164978,386.4533683657646,298.9745011329651,0.5569967031478882,436.316401720047,362.4151723384857,0.4722842574119568,377.6966563463211,356.87816739082336,0.48503950238227844,428.9908136129379,386.4680041074753,0.31342360377311707,385.69855922460556,386.705393075943,0.3608631491661072,104.02030482688531,117.84191412676122,150.4559734890162,170.7762589446886
312,15.610799950081855,392.30779588222504,203.7514402270317,0.4459365904331207,396.58053374290466,199.80048674345016,0.49959278106689453,386.5023972392082,201.3738710284233,0.42065539956092834,408.7910515666008,205.07817643880844,0.5244684219360352,378.3415787220001,204.24135845899582,0.5675780773162842,439.17452812194824,211.793847322464,0.698233962059021,356.2371573448181,217.2391961812973,0.7137966752052307,501.056245803833,200.32929623126984,0.5281130075454712,295.94494396448135,207.78076434135437,0.5751072764396667,527.7276318073273,160.6736364364624,0.6367591619491577,248.64928936958313,186.6807274222374,0.6145040392875671,433.7685863375664,300.62919664382935,0.5403161644935608,384.7694727778435,304.38208973407745,0.7180203795433044,438.0227510333061,366.1629683971405,0.43312034010887146,376.8292574286461,360.97488391399384,0.44624584913253784,428.991295337677,385.1298372745514,0.30215808749198914,384.59399116039276,384.6428143978119,0.38856789469718933,103.97828370888071,117.04517180052095,134.41970077912052,164.87258592421495
313,17.267499992158264,388.1716002225876,202.77783179283142,0.3644903898239136,398.8530434370041,198.45582044124603,0.562109112739563,385.35803335905075,198.25285905599594,0.515568733215332,411.32093608379364,203.0638536810875,0.5034471154212952,379.2040533423424,202.49417746067047,0.5192965865135193,441.8185011148453,213.7500820159912,0.6864576935768127,355.314440369606,217.43519061803818,0.6843471527099609,496.710178732872,196.7312895655632,0.7105493545532227,297.6919722557068,209.22886419296265,0.7663047313690186,504.65146458148956,162.87673032283783,0.6499516367912292,252.92454290390015,185.30541861057281,0.6890174746513367,435.47536385059357,301.1816062927246,0.5124256014823914,385.1902058124542,304.6556404829025,0.7127832770347595,437.65918266773224,366.9146749973297,0.40460658073425293,376.1962443590164,362.16725754737854,0.43823838233947754,428.6674425005913,384.30146408081055,0.29867392778396606,383.6746730208397,383.5705980062485,0.36890366673469543,111.3752210522169,117.0132521429624,120.42693161333445,159.98551694686108
314,17.260299995541573,389.6876950263977,202.36623895168304,0.43732091784477234,392.99259436130524,198.12938421964645,0.511317789554596,379.7677515745163,198.6376246213913,0.5382620692253113,408.45210468769073,204.51103365421295,0.47278353571891785,375.24713957309723,204.0893372297287,0.5471769571304321,445.10686123371124,215.80305474996567,0.6760655045509338,352.8086420893669,216.2746206521988,0.490729957818985,492.51986932754517,196.65714132785797,0.630334198474884,299.5142566561699,210.73912370204926,0.742630124092102,486.7813501358032,160.53224658966064,0.5328447818756104,256.63794481754303,181.74214112758636,0.7363615036010742,434.68458592891693,298.911074757576,0.5831459164619446,385.08074724674225,299.6203764677048,0.5355220437049866,437.9466385245323,364.5519746541977,0.4661993086338043,376.8958424925804,359.4126889705658,0.4964197874069214,429.4947512149811,385.1133096218109,0.3578987419605255,384.61962962150574,384.22027349472046,0.3172524571418762,119.13735853782565,117.09662327239374,102.96327492511512,151.85959990267423
315,17.35239999834448,385.3713878393173,197.57518005371094,0.45688381791114807,392.239738881588,196.1773115992546,0.5580638647079468,379.9129112958908,196.34561920166016,0.48290780186653137,408.82744854688644,204.9427431821823,0.46653950214385986,374.7608652114868,204.5630294084549,0.5121937394142151,445.4998950958252,218.61883294582367,0.6400066018104553,352.2741149663925,217.48965948820114,0.5035696029663086,486.1750727891922,198.75090539455414,0.6284142136573792,307.3870305418968,214.394087433815,0.5155190825462341,470.0438240766525,167.30327606201172,0.5001114010810852,265.26823085546494,186.0413817167282,0.6710036396980286,436.84603130817413,304.4653010368347,0.7236766815185547,385.9120970964432,304.89088809490204,0.6987859010696411,439.6316046118736,367.7254046201706,0.41016554832458496,370.98307275772095,361.017258644104,0.4683966636657715,429.93178260326385,382.97560250759125,0.2949455976486206,384.37659949064255,382.00665378570557,0.4089169204235077,121.78968100781759,114.99521812252448,88.87752631587585,149.99819687480755
316,39.09800003748387,392.8903081417084,191.43446338176727,0.3285955786705017,400.4334217309952,190.03305113315582,0.4357224106788635,390.5071088075638,189.86442685127258,0.4330509603023529,415.10681080818176,198.79555720090866,0.47754284739494324,378.63893669843674,200.86005103588104,0.5096436142921448,446.83360356092453,219.69815200567245,0.6490246057510376,356.7960383296013,220.90865176916122,0.6298173069953918,473.9453662633896,208.13748115301132,0.5541720986366272,307.2425131201744,217.5670951604843,0.6472360491752625,430.8478624820709,179.33195394277573,0.4658815264701843,274.6861636042595,187.85429632663727,0.6307609677314758,435.5734215974808,303.5763666629791,0.7367250919342041,387.4702090024948,304.2981244325638,0.7158682942390442,442.3976413011551,372.004709482193,0.3616582453250885,377.6450582742691,365.44651877880096,0.47250744700431824,430.90930914878845,384.0623559951782,0.23101793229579926,390.21480894088745,386.33288753032684,0.30497848987579346,120.73971132251127,114.0534558342787,56.85177630097499,141.47242475488935
317,21.382899954915047,400.84465408325195,196.01244223117828,0.5779065489768982,407.33461034297943,194.64722192287445,0.5216326713562012,394.70849788188934,193.86267113685608,0.5319908261299133,420.02147364616394,201.5979745388031,0.5512928366661072,388.7628905773163,200.24747228622437,0.46220362186431885,445.1309742331505,219.7648658156395,0.5306805372238159,364.0788332223892,220.89260667562485,0.5995490550994873,462.8502285480499,222.20878690481186,0.5370135307312012,308.99730253219604,223.44884341955185,0.511360228061676,424.1867333650589,198.45790147781372,0.5251040458679199,281.61780792474747,204.06629502773285,0.5936011075973511,437.2275573015213,301.0195870399475,0.7486410140991211,387.31434428691864,302.0639054775238,0.7563350200653076,443.8796674609184,371.4278099536896,0.3658480644226074,377.2426040172577,366.14276123046875,0.45097875595092773,432.06716132164,383.731018781662,0.26751723885536194,389.940921664238,384.09260642528534,0.31657886505126953,87.70257073284279,103.31682778748389,23.709347278838987,142.0473910172433
318,22.253099945373833,391.86161172389984,203.3874699473381,0.4644429087638855,396.62632435560226,201.00892055034637,0.45629870891571045,385.2881297469139,201.03485810756683,0.44134682416915894,412.728803396225,204.76772499084473,0.6042460203170776,378.9586145877838,205.06561481952667,0.588717520236969,443.7783714532852,222.21095842123032,0.6866282820701599,363.435918033123,224.71186673641205,0.7158074378967285,462.7351498603821,237.20930564403534,0.5183948278427124,313.2230454683304,230.4928958415985,0.5250523090362549,414.64622843265533,224.29487526416779,0.22931261360645294,281.8443791270256,215.5542351603508,0.6024980545043945,435.9326812028885,299.1118495464325,0.6953476667404175,388.84521198272705,299.49871122837067,0.6908334493637085,441.6182106733322,370.03432977199554,0.5586239099502563,387.664825797081,367.03796887397766,0.5533336997032166,431.3172497153282,388.3818339109421,0.21606385707855225,395.47663474082947,390.7853105068207,0.23966114223003387,57.474784885773126,102.19793966870029,,147.97438478856554
319,19.60920001147315,391.16335171461105,205.56195712089539,0.5178831219673157,398.37570774555206,202.2700287103653,0.5038045048713684,383.79422104358673,202.9122245311737,0.548321008682251,416.3734792470932,206.40459597110748,0.6937284469604492,378.05928802490234,206.9501894712448,0.6008089184761047,448.7349175810814,219.68610310554504,0.5698718428611755,362.91434395313263,229.0071563720703,0.6914770007133484,457.96339869499207,237.1525446176529,0.5022231340408325,336.8860069513321,239.34307688474655,0.4501606225967407,383.0074307322502,227.5802891254425,0.30393823981285095,320.4825569987297,227.7021051645279,0.3459065854549408,438.5848702788353,301.9267078638077,0.6896042227745056,389.9222414493561,301.8517905473709,0.7015522122383118,437.53289049863815,363.27789771556854,0.4847981333732605,383.2873395681381,362.0526497364044,0.5082356333732605,433.86190712451935,386.35885524749756,0.31475430727005005,392.98180907964706,387.1811361312866,0.35110798478126526,34.885759828067094,88.68462400295336,54.87247556123949,122.97981486684691
320,17.60610000928864,387.0161031484604,207.62538027763367,0.5177715420722961,396.75189393758774,203.89794218540192,0.5435894131660461,381.84540361166,204.31187242269516,0.5786678791046143,415.04092156887054,203.83644604682922,0.6306438446044922,381.0736538171768,204.2165669798851,0.6214179396629333,450.3276333808899,217.29113161563873,0.5260997414588928,368.4395126104355,226.12867563962936,0.6715028882026672,455.98431289196014,242.5182410478592,0.4664222002029419,336.79801189899445,245.7320853471756,0.48392194509506226,379.2957683801651,239.095116853714,0.2866300344467163,317.540851354599,245.92185175418854,0.493234783411026,439.01475608348846,294.362984418869,0.7001270651817322,388.89097583293915,292.77325344085693,0.6676535606384277,432.85344314575195,358.1879838705063,0.552700400352478,379.2247139811516,356.0044939517975,0.5981862545013428,435.523268699646,387.2373241186142,0.3786035478115082,392.00339937210083,386.604568362236,0.30919942259788513,20.988840252092896,75.27969124362502,,148.78441554972085
321,15.862699947319925,386.55862522125244,207.93473088741302,0.5639806985855103,395.37927281856537,203.65607446432114,0.5344974994659424,380.9568623304367,204.14787769317627,0.5748242735862732,414.46317303180695,203.71131241321564,0.6173515915870667,379.7135040163994,204.02886652946472,0.6018322110176086,448.12344831228256,219.49722641706467,0.5279610753059387,368.48436653614044,224.387963950634,0.6085825562477112,456.62538146972656,251.11299747228622,0.39229997992515564,333.66929000616074,256.07755148410797,0.4936460256576538,426.0908842086792,255.122687458992,0.24320945143699646,313.78058832883835,259.4993486404419,0.5535841584205627,437.4204880595207,289.98451364040375,0.7157651782035828,387.26809871196747,288.61208510398865,0.6958009004592896,434.27656507492065,356.39093339443207,0.5803033113479614,383.22118270397186,355.99387764930725,0.5715038776397705,436.6335639357567,387.40863263607025,0.30199772119522095,391.0366313457489,389.1909650564194,0.3511151671409607,23.685557903543668,63.9934231035989,,147.452736204731
322,16.242399986367673,388.7778508067131,206.61663550138474,0.6001431345939636,396.7347391843796,202.31860131025314,0.5209006667137146,381.5964054465294,202.33016765117645,0.5404707789421082,412.9919321537018,205.2247537970543,0.5889362692832947,375.92878007888794,204.83748495578766,0.5923951864242554,442.99781680107117,223.8596671819687,0.584079384803772,368.2227632403374,228.30133813619614,0.6148382425308228,452.8152599334717,255.2015255689621,0.42476686835289,334.96488869190216,257.3499997854233,0.4514845013618469,419.6815365552902,273.32943511009216,0.22592495381832123,318.0308992266655,273.8057210445404,0.44167575240135193,436.24197524785995,290.53559625148773,0.6708031296730042,387.4966503381729,289.4697436094284,0.6643548011779785,430.7437564134598,353.23873603343964,0.5016788244247437,385.1215867996216,352.5702407360077,0.5006141662597656,438.3759355545044,387.4052245616913,0.3167382776737213,390.6124727129936,387.86733531951904,0.3511064350605011,23.178175086883268,66.35423432286322,,176.95580711576807
323,15.704599965829402,390.9926070570946,206.80501455068588,0.36624670028686523,400.59314024448395,202.1811774969101,0.5266261696815491,384.840634226799,201.72588288784027,0.5378095507621765,417.1885575056076,203.81847071647644,0.643254280090332,377.8448134660721,203.6997309923172,0.5410938858985901,442.684133708477,226.52817434072495,0.4633689224720001,371.30486488342285,228.89459943771362,0.56118243932724,455.4847643375397,257.7513382434845,0.5293108224868774,336.27951550483704,263.1011403799057,0.4299367368221283,422.30878299474716,285.30854511260986,0.32142728567123413,327.36897271871567,281.39287877082825,0.33541572093963623,432.7564558982849,295.1369490623474,0.5800884962081909,383.5787295103073,292.5071220397949,0.5963724851608276,424.097025513649,353.7600507736206,0.37678262591362,376.7339026927948,349.8277361392975,0.44029808044433594,434.09805929660797,388.2562177181244,0.30890142917633057,387.0373525619507,387.4856309890747,0.3223814368247986,30.525809798267264,56.59847082372405,107.42201821532969,160.29471787269958
324,16.57909998903051,389.79439705610275,207.87249583005905,0.5372985601425171,399.29002130031586,203.01666843891144,0.5302259922027588,382.51061195135117,202.6571165919304,0.5791878700256348,416.50143069028854,204.7139196395874,0.6585249900817871,376.32601565122604,204.66720187664032,0.6246819496154785,446.28499937057495,225.26135087013245,0.5752059817314148,364.62856143713,227.38960283994675,0.6514061689376831,454.8657480478287,263.7722897529602,0.5278915762901306,345.91518783569336,267.2607102394104,0.5387694239616394,423.5527836084366,296.6253124475479,0.40609651803970337,335.5712463259697,302.18201184272766,0.5413520336151123,433.15205895900726,299.02827632427216,0.6125032901763916,381.6015170812607,296.67040157318115,0.5863288044929504,421.2558665275574,359.59214067459106,0.326253205537796,374.2783643603325,355.0244162082672,0.46626654267311096,436.47205233573914,387.9879148006439,0.2941426634788513,394.5044874548912,387.0756667852402,0.24544721841812134,22.65584275367041,38.90850439174559,123.81382609448433,171.35681014205394
325,16.05189999099821,391.614246070385,207.45527815818787,0.5304672122001648,399.8494910597801,202.46264523267746,0.4952318072319031,383.9649121761322,202.13207709789276,0.5700556039810181,416.26356571912766,203.6973785161972,0.6278886795043945,376.19458508491516,204.2157677412033,0.6092211604118347,444.09850430488586,225.0886549949646,0.5415060520172119,361.5505276918411,227.07381308078766,0.6569139361381531,461.03209233283997,266.6809756755829,0.625187337398529,350.1655522584915,270.0868182182312,0.552818238735199,434.4669533967972,307.6082091331482,0.411034494638443,335.40978825092316,305.8365533351898,0.524350106716156,429.0176831483841,299.8596353530884,0.6140801310539246,379.4771377444267,298.92057514190674,0.6194062232971191,426.9715573191643,360.27351427078247,0.3876822590827942,374.71651977300644,358.42235684394836,0.4473286271095276,434.5193543434143,388.3100230693817,0.27193376421928406,394.73959589004517,387.6811579465866,0.24669769406318665,33.556039481415475,28.8353695347607,124.86027642205364,172.39698838269322
326,15.948700020089746,389.7748069167137,204.45771086215973,0.548218309879303,396.66997396945953,197.4023333787918,0.5376029014587402,378.90591925382614,197.83184123039246,0.5521312355995178,414.5711864233017,202.65951430797577,0.5646729469299316,375.4268764257431,203.45395755767822,0.5411455035209656,444.9583294391632,225.18100476264954,0.5413818955421448,360.6251077055931,228.67019432783127,0.6291475892066956,464.114541888237,265.2572149038315,0.49748173356056213,350.0861212015152,271.0925922393799,0.5380594730377197,451.15785920619965,307.47067975997925,0.4264516830444336,331.5471319556236,305.7429368495941,0.3858190178871155,428.63040322065353,300.09919583797455,0.6194048523902893,375.9440882205963,300.35760629177094,0.6291429996490479,427.9452568292618,358.5422124862671,0.4092468321323395,373.80351758003235,358.2478212118149,0.4342508316040039,434.6926681995392,388.7681225538254,0.32360318303108215,393.37883055210114,388.52916526794434,0.2914718985557556,37.84252445497439,26.013730968513986,137.38950199052715,165.80339949864404
327,17.287900031078607,388.3788489103317,204.58999240398407,0.5833276510238647,393.28157567977905,197.13730281591415,0.5287668704986572,377.6612763404846,197.25252890586853,0.5108187794685364,412.4092593193054,202.95395082235336,0.5150396227836609,373.672381401062,203.12581729888916,0.44612887501716614,443.8312005996704,227.41427367925644,0.5668909549713135,369.0142102241516,230.50971001386642,0.5939658880233765,469.4272699356079,261.49895334243774,0.47720450162887573,349.3858272433281,273.21398282051086,0.3472040891647339,464.301718711853,302.68556237220764,0.34864547848701477,335.61232674121857,301.5631296634674,0.3233201801776886,434.00262427330017,299.69176506996155,0.5276482105255127,381.43869411945343,299.88750314712524,0.5150683522224426,431.41099870204926,358.8663716316223,0.4204012453556061,384.83110678195953,356.93221402168274,0.3677898049354553,431.6393897533417,388.67390286922455,0.2779892385005951,401.64164090156555,387.902863740921,0.2623375952243805,44.648715889626395,34.83832698190782,136.00127096718592,178.77226265308389
328,15.78929997049272,391.7167999148369,203.96658623218536,0.41825875639915466,402.58121824264526,197.63444435596466,0.5863421559333801,385.9006427526474,197.0690810084343,0.3396252691745758,413.0366522669792,203.04797446727753,0.4957585334777832,377.7107334136963,202.4152488708496,0.477055162191391,438.69866436719894,224.72390055656433,0.582586944103241,370.02813374996185,229.2619777917862,0.6014420390129089,467.19838309288025,253.43201112747192,0.42907747626304626,352.83339738845825,270.8169906139374,0.41942906379699707,490.1110850572586,291.07871663570404,0.36706283688545227,333.4986791610718,297.80785393714905,0.3304975628852844,433.41256499290466,294.195325255394,0.47013747692108154,390.9948551058769,295.163610458374,0.4183438718318939,426.1758818626404,359.4537366628647,0.3670533001422882,393.08369386196136,356.7847318649292,0.31502765417099,423.210464656353,385.76189935207367,0.31450819969177246,403.0000779032707,386.030775308609,0.25706467032432556,49.14255533498458,40.12747588328332,166.53442353024911,166.86325826795414
329,15.649599954485893,392.1965709924698,202.7791588306427,0.38588380813598633,403.6590773463249,196.686909198761,0.5851264595985413,386.84238785505295,195.7575604915619,0.5183889269828796,413.6309667825699,202.9241527915001,0.4959588944911957,377.25338929891586,202.35589408874512,0.48236843943595886,437.44583213329315,224.46270030736923,0.5888199806213379,366.6849908232689,227.8684071302414,0.6085257530212402,477.59014916419983,254.97623074054718,0.45080241560935974,349.15082585811615,269.13587498664856,0.48127350211143494,505.7105631828308,285.2144762277603,0.5294501185417175,327.35005164146423,293.5337064266205,0.3914574086666107,434.10565984249115,290.40319406986237,0.5324189066886902,382.9569299221039,291.2805470228195,0.5551422238349915,427.8990647792816,359.4643529653549,0.4165286123752594,383.4889413714409,355.3348525762558,0.4205417335033417,426.51025235652924,385.8814835548401,0.3084045350551605,390.70418775081635,386.90508210659027,0.2612965404987335,55.661485083288284,37.41210991396051,170.15996884468052,161.23768850704866
330,15.58050001040101,394.28749722242355,202.63767850399017,0.44952526688575745,400.94169485569,196.8606606721878,0.6073219180107117,381.7943407893181,196.3667311668396,0.5683037042617798,412.80480885505676,202.93942880630493,0.5033124685287476,373.9668757915497,202.8304307460785,0.50399249792099,433.31193804740906,223.9027054309845,0.5905899405479431,361.83560168743134,227.96077197790146,0.64668869972229,485.4078993797302,249.9487178325653,0.539500892162323,345.4537758231163,267.4296361207962,0.5113017559051514,520.2937091588974,282.2913738489151,0.6038118004798889,321.57896250486374,285.4764153957367,0.4556116461753845,433.6391361951828,289.5591678619385,0.5907012224197388,379.263011097908,291.1021509170532,0.6217576265335083,430.78935968875885,358.60117518901825,0.4785764515399933,376.1928722858429,354.9288694858551,0.5104035139083862,430.3621768951416,387.86112236976624,0.2832033038139343,389.18442648649216,387.6722004413605,0.28591108322143555,63.15115019960242,37.97106584753452,163.7297012874193,149.6265740699583
331,15.605899970978498,389.721683382988,203.56102538108826,0.34642156958580017,401.3222841620445,197.60193192958832,0.6153587102890015,381.93272960186005,196.97668600082397,0.6023798584938049,412.5863734483719,203.04109799861908,0.5623389482498169,375.20651412010193,202.9208351969719,0.5391683578491211,431.9535545706749,222.71262395381927,0.6430906057357788,359.45042192935944,226.3083233833313,0.6877296566963196,491.92199540138245,247.15565007925034,0.6206758618354797,343.92959874868393,265.674357175827,0.46311599016189575,543.5333416461945,275.72899091243744,0.5146848559379578,314.8733541369438,273.3443341255188,0.45117324590682983,435.00327360630035,288.77769339084625,0.6670578718185425,382.9048501253128,289.7894390821457,0.6938122510910034,431.76182812452316,358.70881605148315,0.5160452127456665,381.6197690963745,355.4697278738022,0.5715869069099426,430.93778443336487,386.29322719573975,0.31154632568359375,391.93978494405746,387.63821017742157,0.3589782118797302,65.18124967105109,41.795608074635766,173.20570076591446,126.30487199673101
332,15.404900012072176,392.61535036563873,204.34034341573715,0.5264545679092407,397.6086146235466,198.26149988174438,0.5663508772850037,379.5053989291191,197.6521784067154,0.5685083866119385,411.0474502444267,204.62408822774887,0.5471910238265991,374.5629833936691,203.45468139648438,0.5428963303565979,429.6572530269623,223.9642015695572,0.5695637464523315,362.40435802936554,225.4202938079834,0.6228358149528503,511.2842254638672,246.91815555095673,0.5851227045059204,336.27242344617844,257.5870268344879,0.4889298975467682,565.2874420881271,274.3306851387024,0.36849161982536316,317.53742575645447,268.3353695869446,0.3679017722606659,431.44589698314667,288.24190187454224,0.6248815655708313,390.64231288433075,288.71218597888947,0.563829779624939,423.1983947753906,354.15390956401825,0.5084841251373291,383.9087109565735,348.5031111240387,0.4637121260166168,427.5229983329773,386.02018916606903,0.37746796011924744,393.57890689373016,385.42992877960205,0.3049516975879669,72.69977673517879,63.13431357838028,168.79350669667028,158.9331297430194
333,15.502299997024238,392.06356143951416,202.86532580852509,0.46284544467926025,397.4901103377342,197.73104667663574,0.5977455377578735,380.1115157008171,197.07000088691711,0.6120615601539612,411.2432713508606,204.64532083272934,0.5882550477981567,375.084530711174,203.54967015981674,0.5264397263526917,432.6731442809105,224.4468361735344,0.68682861328125,358.0252660512924,223.9360020160675,0.6918477416038513,506.23575019836426,237.81536984443665,0.6739897131919861,335.9071958065033,250.99563002586365,0.3764396607875824,568.9669091701508,254.94981062412262,0.4265769422054291,313.3999187350273,252.08865678310394,0.3365359306335449,434.8441438674927,289.031911611557,0.7068220973014832,383.39591497182846,288.8711289167404,0.6899481415748596,430.39734280109406,356.5825093984604,0.5073285102844238,378.37733340263367,349.6630929708481,0.5215157866477966,430.0270035266876,385.1080014705658,0.31712400913238525,388.2746893167496,384.77687537670135,0.4601840078830719,77.77479528296055,60.60293410270219,175.02278560066725,132.0422533803936
334,15.752999985124916,389.7572774887085,203.74438279867172,0.5160130858421326,396.0068531036377,198.1049546599388,0.5663189888000488,379.2907637953758,197.9634894132614,0.5965923070907593,411.1561326980591,203.51130670309067,0.5541338324546814,375.38662564754486,203.3218418955803,0.5255065560340881,432.5970585346222,221.9608268737793,0.6440244913101196,359.9653856754303,223.0968315601349,0.6869552731513977,497.9732074737549,232.07825362682343,0.6149804592132568,344.6141563653946,248.58349752426147,0.33274224400520325,565.9524363279343,241.89465391635895,0.5329740047454834,301.99473762512207,246.3295841217041,0.3506331741809845,435.0176718235016,290.61850595474243,0.7361062169075012,386.11254811286926,290.62408554553986,0.7235592007637024,432.7724598646164,354.8401389122009,0.5662742257118225,381.2276183962822,348.96528220176697,0.5185187458992004,431.567318379879,385.7363237142563,0.33940717577934265,388.47254437208176,384.22503876686096,0.4487103223800659,79.18365631237785,52.22841558300657,179.4197347476834,118.034314777736
335,15.657400013878942,390.2479408979416,202.455060005188,0.36563751101493835,401.31074953079224,197.7403359413147,0.6071039438247681,383.68797397613525,196.65305465459824,0.6014682054519653,412.38693940639496,205.1130564212799,0.5809305906295776,375.75551974773407,204.04451954364777,0.5453580617904663,431.13248151540756,222.0247358083725,0.61359703540802,362.20976799726486,224.01263844966888,0.6212805509567261,499.99067068099976,228.99862110614777,0.5048274397850037,352.92631673812866,252.19457852840424,0.2149406224489212,570.5045745372772,232.0073174238205,0.4270423650741577,325.4342323541641,234.78604412078857,0.2884376347064972,435.5046152472496,291.69768929481506,0.6760610342025757,385.350031375885,291.8490620851517,0.6640766263008118,432.02856981754303,352.4518930912018,0.5132794976234436,382.21012276411057,346.77268397808075,0.42381104826927185,432.18015253543854,386.1180582046509,0.3504813015460968,389.2008051276207,383.18922543525696,0.4563332498073578,80.62613294957791,,176.66008473715212,
336,16.224099963437766,391.8090502023697,198.59359109401703,0.4702705144882202,398.39181876182556,196.00963735580444,0.6087436079978943,384.32765090465546,195.4936910867691,0.6107500791549683,410.8668302297592,203.9750611782074,0.54335618019104,377.07994163036346,203.08532756567,0.5409207344055176,439.334086060524,220.6307429075241,0.6428499817848206,361.35334169864655,219.72891515493393,0.5486888289451599,515.7403398752213,224.10408341884613,0.6959100365638733,328.2840088605881,234.84542906284332,0.2534942030906677,589.4772498607635,219.35928988456726,0.5632936954498291,284.3823994398117,225.7487205862999,0.2772226929664612,435.92524123191833,289.3531150817871,0.6791528463363647,385.59472078084946,289.6111636161804,0.6600985527038574,432.02923887968063,349.46717393398285,0.47842705249786377,381.94113302230835,346.0206456184387,0.5377859473228455,430.1674530506134,385.54586362838745,0.3929364085197449,387.42776370048523,382.3906502723694,0.4446386694908142,90.23691417815209,,173.71542144161728,
337,15.405799960717559,390.3351330757141,201.4012713432312,0.2974100708961487,400.15198743343353,196.23541474342346,0.6401017904281616,386.1888211965561,195.81937330961227,0.5929656624794006,411.6242353320122,203.6962022781372,0.5585386157035828,378.4708682894707,203.0473712682724,0.5831588506698608,443.52262914180756,220.22638845443726,0.7357556819915771,360.8541142940521,219.94286984205246,0.7415435314178467,515.0473520755768,221.35007280111313,0.6989420652389526,299.1163252592087,224.11678075790405,0.5302128791809082,572.895695567131,206.88507413864136,0.5987119078636169,259.49082577228546,215.70022439956665,0.5428173542022705,436.1151478290558,288.121985912323,0.7120852470397949,388.01145350933075,288.2473909854889,0.7123388051986694,432.70887219905853,351.12045192718506,0.5000246167182922,383.0748721957207,348.4626967906952,0.5634040832519531,430.97894513607025,385.53425204753876,0.37313029170036316,388.8346140384674,385.12434816360474,0.42863935232162476,95.32633610240855,107.81466440776065,165.06097385882308,164.1407300123505
338,15.61460003722459,393.90059196949005,201.35790133476257,0.3568311035633087,404.3766598701477,196.81680810451508,0.6346073150634766,390.39976447820663,196.03320735692978,0.6000952124595642,415.0948212146759,204.5566656589508,0.6205856800079346,381.4017083644867,204.0548644065857,0.616808295249939,444.4746510386467,219.6801314353943,0.5825509428977966,365.5841695070267,220.7336184978485,0.7369376420974731,520.2932809591293,215.86405324935913,0.7424625158309937,304.78336185216904,222.89822828769684,0.4818927049636841,566.7547221183777,197.0401274561882,0.7602993845939636,266.9425454735756,209.76557558774948,0.6049832701683044,439.57890927791595,291.56546807289124,0.7373998165130615,390.382850587368,290.9413380622864,0.740098237991333,438.71290200948715,361.0496805906296,0.5838060975074768,384.9187003970146,356.4402449131012,0.567891538143158,428.72985261678696,386.975053191185,0.277980238199234,391.2306861281395,387.53216779232025,0.34065189957618713,96.7774662724515,107.41521057717515,160.82595312893687,158.82170868556088
339,16.510299989022315,398.3160274028778,200.86192095279694,0.3639909029006958,407.22381365299225,197.28718268871307,0.5397697687149048,394.0716577768326,196.4807357788086,0.5620723366737366,418.4284634590149,205.86452174186707,0.7319925427436829,383.857193171978,205.51345992088318,0.6816454529762268,445.6625574827194,219.94231188297272,0.5978976488113403,364.6358675956726,220.0215722322464,0.6788778305053711,517.9110985994339,215.60019892454147,0.6778814196586609,304.4633895754814,219.49006342887878,0.6322726011276245,557.6407041549683,186.6119024157524,0.7006633281707764,265.7213197350502,200.27624487876892,0.5527063012123108,439.572860956192,293.1740188598633,0.7171714305877686,390.39015674591064,292.96488976478577,0.7319868206977844,441.20459645986557,360.4509150981903,0.6092826724052429,384.96272468566895,356.8616397380829,0.6106768250465393,434.3202414512634,386.5501899719238,0.3714252710342407,391.52649188041687,386.6003158092499,0.39242181181907654,98.19290289153942,109.95281764137671,147.3233462516996,154.12734235618868
340,18.998300016392022,397.7567717432976,200.54753363132477,0.33515605330467224,406.64472699165344,197.3253048658371,0.5271746516227722,394.69768583774567,196.01762974262238,0.585974395275116,418.57126808166504,205.42067283391953,0.7000856995582581,384.8721336722374,204.61565852165222,0.6291130185127258,443.81728410720825,219.4422749876976,0.5126333832740784,366.8146550655365,218.69706785678864,0.5873023271560669,506.09968972206116,211.92278110980988,0.7406324744224548,306.820736348629,216.10718768835068,0.615297794342041,537.6259511709213,185.6474324464798,0.5071614384651184,264.8097091913223,195.0145399570465,0.6975573301315308,435.9855103492737,292.7763900756836,0.6988300085067749,389.44819754362106,293.0202031135559,0.7007369995117188,437.628700196743,356.10055339336395,0.41830554604530334,383.5817804336548,353.78393745422363,0.48615774512290955,440.10765570402145,386.50090861320496,0.29913249611854553,389.18118822574615,385.63739907741547,0.3235046863555908,102.97997037648662,109.40887707176206,147.0748417169761,155.81182831883248
341,17.101600009482354,401.06180489063263,198.28145068883896,0.46119198203086853,406.7153531908989,196.5792834162712,0.3977361023426056,395.0501210093498,196.7554326057434,0.4901958107948303,422.7093371152878,203.54853916168213,0.6716200113296509,387.81814807653427,203.5729385614395,0.5999237895011902,447.14779514074326,216.80466669797897,0.5064769387245178,369.5383267402649,219.5972820520401,0.6943411827087402,513.1601686477661,205.69846105575562,0.6940584778785706,308.46727150678635,211.10823625326157,0.6036838889122009,521.0287140607834,171.87376016378403,0.5863412618637085,259.23992747068405,189.3629573583603,0.7372506856918335,436.9619931578636,294.75545585155487,0.6951225399971008,390.3428941965103,294.3765563964844,0.702447235584259,441.5955428481102,364.11625385284424,0.544163703918457,383.0795021057129,356.69744896888733,0.42942187190055847,433.6457197666168,385.6193935871124,0.3765965700149536,390.1234685778618,385.2510199546814,0.4677281975746155,106.99488752762613,113.46082335927402,112.64589520093023,164.0809961440701
342,19.353299983777106,399.19073247909546,197.6919443011284,0.5116724967956543,406.91031789779663,196.06680554151535,0.4995199143886566,393.95095896720886,196.10191172361374,0.4572086036205292,423.303838968277,203.3124319911003,0.6545787453651428,390.1662617921829,202.51933085918427,0.5730145573616028,450.1277176141739,216.92170238494873,0.5529077649116516,372.35596150159836,218.92883199453354,0.7031227946281433,509.07749795913696,201.34883826971054,0.7114381790161133,314.1562533378601,215.61677181720734,0.5366503000259399,498.883239030838,165.54407632350922,0.6894999742507935,265.9612186551094,184.521169424057,0.6562970280647278,438.2597863674164,292.94208884239197,0.7137265801429749,390.91628044843674,292.50778555870056,0.7083212733268738,441.0247793197632,363.88685727119446,0.5235084295272827,381.2281268835068,359.3168406486511,0.573341965675354,435.09421253204346,384.96003675460815,0.3839569687843323,390.18376445770264,383.63743245601654,0.46564897894859314,113.67098906751572,107.41463757720813,88.90526901818451,150.4268586443596
343,16.550400003325194,401.64801037311554,196.76885378360748,0.5027983784675598,408.3220925331116,195.253316283226,0.5185596346855164,395.9983426332474,195.02399510145187,0.4398896396160126,426.90419614315033,203.76078981161118,0.5908948183059692,390.3117426633835,202.396353662014,0.5583644509315491,452.92327332496643,218.4407685995102,0.629551351070404,370.53116142749786,218.3552349805832,0.6823842525482178,497.46541607379913,202.16510224342346,0.5779088735580444,317.16317915916443,216.72192287445068,0.5203775763511658,474.37260258197784,164.4621785879135,0.534902036190033,267.86874157190323,184.29115456342697,0.7131901979446411,435.1453288793564,293.036097407341,0.7098332643508911,388.44489872455597,291.91643941402435,0.7172626256942749,437.5952738523483,362.8788514137268,0.5074599385261536,379.50036758184433,356.27376198768616,0.4487248361110687,436.11619156599045,383.7663059234619,0.39909663796424866,390.38828337192535,382.92399883270264,0.3398081064224243,123.47723100124344,105.43933437202382,78.58504827709949,148.4120904727417
344,16.84269995894283,400.01991456747055,196.81784862279892,0.5363137722015381,408.7349573969841,194.6972874403,0.482058584690094,396.51852506399155,193.37230050563812,0.5702601671218872,426.4899396300316,203.3155233860016,0.5613213181495667,389.90918135643005,202.8655972480774,0.6435536742210388,452.9386885166168,219.89275908470154,0.6226251721382141,370.88046538829803,220.59720504283905,0.5768898725509644,485.00041377544403,203.78170573711395,0.6646342873573303,327.16522991657257,216.95451641082764,0.6678748726844788,454.41940331459045,172.18525213003159,0.6030735969543457,281.7880976200104,188.99236696958542,0.51023930311203,437.3602992296219,300.70076620578766,0.7298130989074707,388.2960993051529,297.97711157798767,0.5532005429267883,435.4528298377991,366.22552013397217,0.3739997446537018,373.49178814888,362.2753508090973,0.4352847635746002,434.8945108652115,379.92908561229706,0.32326430082321167,390.331359565258,381.32708978652954,0.26899564266204834,127.59135250207326,107.44733582048157,72.61521542368358,153.12124776484814
345,17.854000034276396,409.18716311454773,192.63593024015427,0.39303210377693176,412.9939661026001,191.46047633886337,0.43682238459587097,404.26669281721115,190.20761692523956,0.4058160185813904,426.51806700229645,199.51402753591537,0.4764345586299896,396.50120973587036,198.4326726794243,0.517062246799469,453.1918616294861,218.17735159397125,0.6686927676200867,367.98342633247375,219.99554419517517,0.46485650539398193,468.4071910381317,210.92631143331528,0.5365406274795532,328.1210253238678,219.8328915834427,0.6601358652114868,424.89318269491196,186.53157138824463,0.46287617087364197,291.5049138069153,192.96634757518768,0.6178713440895081,437.6543118953705,299.9926708936691,0.7240556478500366,390.2003036737442,296.72091948986053,0.5846248865127563,435.31928503513336,363.79194390773773,0.37694597244262695,376.8178030848503,361.3542960882187,0.47282344102859497,443.06782746315,380.60246682167053,0.29426226019859314,390.52950900793076,380.48209846019745,0.4039257764816284,126.23366282445608,106.38287877745645,54.75644961017282,143.96496334056508
346,16.567799961194396,394.3727357387543,197.02605783939362,0.3934536576271057,402.12127816677094,194.7946588397026,0.5726638436317444,390.8817033171654,194.63523334264755,0.4249739646911621,423.3845546245575,200.86054867506027,0.5059407353401184,394.06122040748596,199.13366532325745,0.51671302318573,448.4673997759819,217.86895102262497,0.6142715811729431,379.1118565797806,218.03265923261642,0.6016148328781128,456.6313762664795,226.8974678516388,0.4301551580429077,328.57778066396713,225.5125681757927,0.5852797031402588,415.12294858694077,200.01098811626434,0.26058393716812134,297.9725501537323,212.23457467556,0.4960336983203888,441.7456268668175,296.70882534980774,0.5904653072357178,392.6281963586807,295.9645380973816,0.5317497849464417,439.92438620328903,360.54622054100037,0.46213433146476746,379.91564106941223,357.572389125824,0.4805764853954315,441.64299273490906,382.7913855314255,0.26130369305610657,390.3918695449829,380.5216381549835,0.39433854818344116,46.99442369700703,91.41975579113809,,148.1269007622923
347,15.723199991043657,391.7731884717941,196.2879986166954,0.4965248703956604,398.97797071933746,193.67771524190903,0.5974158644676208,388.1886211633682,193.9888905286789,0.5070099830627441,423.64586353302,200.19137477874756,0.5165880918502808,390.52611017227173,199.54275488853455,0.5146533250808716,457.1564562320709,220.43489927053452,0.7071486711502075,370.9684604406357,221.67973613739014,0.5595688223838806,454.10082268714905,236.9010860323906,0.4897399842739105,327.66301214694977,229.3174268603325,0.5453271269798279,355.76271200180054,219.48303616046906,0.2717694938182831,302.12884443998337,217.7746106982231,0.4702420234680176,440.4012134075165,299.26388585567474,0.6540794372558594,390.7136349081993,298.5756357908249,0.5817738771438599,432.4933003783226,364.5262783765793,0.47326552867889404,384.7077049612999,359.29823195934296,0.5079218745231628,435.5544202327728,381.4437484741211,0.36529475450515747,396.46631145477295,380.94417905807495,0.43755945563316345,1.4869350985081322,94.39888910655334,,145.6722011755208
348,17.607899964787066,404.3951527476311,201.54312866926193,0.26389163732528687,413.34391236305237,196.4753371477127,0.5170758366584778,397.0877363681793,197.24182212352753,0.5392680764198303,431.68761575222015,202.66684317588806,0.5163825750350952,394.325687289238,202.6680344939232,0.4008900225162506,463.94411838054657,222.18542802333832,0.6951670050621033,374.516951918602,224.89487731456757,0.6359114050865173,442.561347424984,237.2982473373413,0.4881662428379059,351.2171306014061,232.14373087882996,0.334699422121048,348.5495263338089,227.33713960647583,0.44158297777175903,323.6144368648529,229.0652745962143,0.336582213640213,439.68140959739685,298.19151866436005,0.4910631477832794,396.0857221484184,297.1725345849991,0.6465288996696472,428.7444916963577,356.73620450496674,0.4352615177631378,383.38542407751083,350.8167713880539,0.5848308205604553,433.27893990278244,381.82846879959106,0.38902148604393005,392.12538278102875,381.862579703331,0.3741074204444885,37.04411163942048,89.3343728198674,138.70000536791605,156.3547055850902
349,16.609199985396117,407.5873017311096,202.14947938919067,0.3188285827636719,417.12240064144135,197.3475176692009,0.5478049516677856,400.0601653456688,197.69340705871582,0.5715500116348267,432.52656614780426,201.56605023145676,0.4707619845867157,394.47055262327194,201.99457788467407,0.4176185727119446,462.0325810909271,220.5825623869896,0.6814895868301392,372.40833568573,224.6840140223503,0.6407884955406189,450.6302635669708,242.2763733267784,0.5002875328063965,347.4662076830864,241.67949283123016,0.38143834471702576,371.40602707862854,235.91716289520264,0.44686949253082275,344.41903108358383,239.80396616458893,0.4842108488082886,445.89940547943115,297.63974237442017,0.6642786860466003,393.06185567379,296.088947892189,0.6196397542953491,432.5004727244377,357.62504839897156,0.4215299189090729,386.1513001918793,350.6417531967163,0.6043990850448608,432.25428462028503,383.2755432128906,0.3852781653404236,393.70142555236816,383.43801486492157,0.48964688181877136,15.901520979813242,71.86186775980647,113.13731327639938,114.11746585157985
350,16.544000012800097,406.6884568929672,202.58437079191208,0.3366130590438843,416.1768820285797,197.62904572486877,0.5219852328300476,399.59554183483124,197.40411281585693,0.5677742958068848,430.9438862800598,202.93276345729828,0.44854316115379333,394.54088443517685,202.25871872901917,0.41407454013824463,459.57353687286377,221.99376153945923,0.6851202249526978,373.40826243162155,224.28192156553268,0.6243627071380615,456.3824851512909,252.67443841695786,0.47359827160835266,335.2954589128494,256.05378544330597,0.5212528705596924,378.70099890232086,248.36013293266296,0.24841786921024323,340.5487742424011,252.6020394563675,0.4995758533477783,444.15577602386475,294.5604717731476,0.6336599588394165,390.3222603201866,292.1501488685608,0.528529703617096,429.758629322052,356.45242953300476,0.4545198678970337,384.4484032392502,354.8969602584839,0.5726649761199951,432.83331775665283,384.28288555145264,0.34922343492507935,391.98549526929855,386.4197481870651,0.4063482880592346,6.05698706890711,64.17857587476382,,6.508166233830671
351,15.850999974645674,405.01414227485657,201.66388911008835,0.33702316880226135,414.4015657901764,196.36048805713654,0.5358394980430603,397.80047488212585,196.1348614692688,0.5298905968666077,428.5476803779602,202.5622183084488,0.392630934715271,393.2573556303978,201.46756291389465,0.4145527184009552,458.813964009285,222.72085762023926,0.6450010538101196,370.44605672359467,222.83490747213364,0.5388946533203125,454.7996447086334,258.5109165906906,0.5404858589172363,338.00898760557175,257.8526153564453,0.4577743709087372,391.29494285583496,269.84185910224915,0.2584984600543976,332.7045826911926,273.1382210254669,0.5067777633666992,444.421634554863,291.05486011505127,0.6886923313140869,389.9167283773422,288.8834944963455,0.5837295055389404,430.75328385829926,352.1177510023117,0.5056134462356567,387.310222864151,348.91340708732605,0.5124117136001587,433.88912457227707,384.33325266838074,0.38411834836006165,390.7839934825897,382.96800220012665,0.43381693959236145,5.4939378688533,59.23424199383284,,156.32869129213933
352,15.310399990994483,407.4323737025261,203.42271184921265,0.3940794765949249,418.2329635024071,197.6978405714035,0.5256695747375488,400.1943792104721,196.8434695005417,0.5464524626731873,428.8279906511307,204.726813018322,0.4258609116077423,392.165633559227,203.8059241771698,0.4600408673286438,458.0152108669281,226.24106669425964,0.6514527201652527,368.79850459098816,227.7640838623047,0.5153241157531738,449.670667886734,262.28908371925354,0.3915502727031708,345.28969502449036,267.4004111289978,0.4735985994338989,410.3645786643028,283.40364265441895,0.23327858746051788,334.2724361419678,291.93510842323303,0.3757671117782593,446.27793407440186,294.7224910259247,0.6146029829978943,391.0096279978752,293.30605912208557,0.5374287962913513,429.6368064880371,354.56839776039124,0.4333980977535248,391.4912189245224,349.23654079437256,0.4269181191921234,441.49844855070114,383.4667271375656,0.27588239312171936,394.5799309015274,381.9488673210144,0.3947652578353882,3.3078678614389294,49.39341323898712,,173.5096547153331
353,15.842099965084344,408.2003499865532,204.90017241239548,0.4034057855606079,417.83495181798935,200.82091850042343,0.4930841326713562,401.18386858701706,198.10542213916779,0.542843759059906,430.7038535475731,205.0720992088318,0.46412041783332825,392.38072365522385,204.16264098882675,0.4396927058696747,456.3263909816742,226.9528113603592,0.6226332783699036,368.40450727939606,227.8836680650711,0.4645017087459564,458.8052394390106,263.09703862667084,0.5085515379905701,351.3556799888611,270.5995373725891,0.662690281867981,430.7014716863632,291.4090585708618,0.26079311966896057,337.74650114774704,305.25277733802795,0.3065609633922577,441.8978251218796,298.15463304519653,0.5601310133934021,389.9941254854202,297.1779935359955,0.48866286873817444,432.76951599121094,354.86990678310394,0.4393070936203003,390.11675119400024,353.34851825237274,0.4568336009979248,435.9954392313957,382.59374737739563,0.4063553512096405,393.5378264784813,383.72115647792816,0.287047803401947,15.378802018987093,39.06316575533806,,179.68314486710713
354,17.288500035647303,407.3841744661331,203.9143642783165,0.3745118975639343,418.7019225358963,197.46502083539963,0.5250000953674316,399.07209438085556,196.89385169744492,0.5793687701225281,431.79798424243927,203.73927068710327,0.461560994386673,393.9414047598839,203.26681506633759,0.520090639591217,459.2410397529602,227.1430904865265,0.649142324924469,367.9540678858757,228.45141404867172,0.45159122347831726,466.9542557001114,267.83109521865845,0.47012758255004883,350.2170432806015,272.63334345817566,0.523155927658081,448.0579605102539,303.688712477684,0.3694891631603241,337.89950227737427,309.67926275730133,0.4616054594516754,441.7276692390442,301.985218167305,0.5860131978988647,386.3396010398865,301.698849439621,0.5937333106994629,441.9353461265564,360.6189663410187,0.4488293528556824,387.23325395584106,358.22125029563904,0.46124112606048584,436.3092293739319,382.61488950252533,0.27648425102233887,393.6495866179466,381.558567404747,0.2911622226238251,23.90464287303487,35.96367483402788,141.47743214942346,176.5184453806822
355,16.363700036890805,409.07433247566223,203.7960166335106,0.4038451015949249,420.1018681526184,197.2060524225235,0.5602128505706787,400.4058563709259,196.7112181186676,0.5161420702934265,431.5790135860443,203.17763209342957,0.4545578956604004,392.7571112513542,203.85289829969406,0.5366630554199219,457.96596789360046,227.0502883195877,0.6465718746185303,371.02359116077423,232.5442851781845,0.5091956257820129,476.08267188072205,265.89723920822144,0.5747622847557068,351.6625386476517,271.57557368278503,0.46404314041137695,455.28147649765015,308.0853998661041,0.3974137008190155,333.9675579071045,310.5367704629898,0.4833163619041443,438.5055730342865,302.9683722257614,0.5776513814926147,383.9649121761322,303.87115001678467,0.5936169028282166,439.2226470708847,359.38943564891815,0.43605947494506836,393.20862114429474,358.57704722881317,0.4252641797065735,436.52555054426193,383.9549865722656,0.3396078646183014,389.39467257261276,383.9410526752472,0.2722183167934418,39.37981277506982,36.66691298186798,128.75153378985655,178.0428741634289
356,16.593599983025342,408.2847053408623,202.7160038948059,0.4273591637611389,418.9526602625847,195.9141811132431,0.6126445531845093,399.6140614748001,195.69534051418304,0.501090943813324,430.9431369304657,203.67477363348007,0.44381171464920044,389.71946209669113,203.63096630573273,0.6229708194732666,459.62561666965485,227.43123865127563,0.6445959210395813,369.0121762752533,232.74661320447922,0.5370071530342102,484.2528840303421,269.86568546295166,0.5367532968521118,353.87336081266403,273.7938380241394,0.5283113718032837,477.69216775894165,303.75889468193054,0.47163403034210205,333.9319905638695,310.08847296237946,0.45701175928115845,444.7178417444229,302.65060698986053,0.5573495626449585,384.4496878385544,303.35070991516113,0.5711974501609802,442.25935953855515,349.5357275009155,0.393742173910141,393.3262957930565,348.4305462837219,0.34945952892303467,441.1539618372917,383.88670444488525,0.33383622765541077,399.7984014749527,381.1132858991623,0.41824257373809814,41.33939359961693,32.57827203025229,138.91555406979887,171.45898543425102
357,17.722399963531643,404.65370512008667,202.98792600631714,0.35501354932785034,407.1021246314049,196.37710618972778,0.4768011271953583,402.3306946158409,195.66991567611694,0.44282594323158264,416.05072367191315,204.68737888336182,0.4990099370479584,399.9414737224579,202.67893731594086,0.32129913568496704,423.2058882713318,228.47956836223602,0.4134160876274109,415.7884513139725,229.2655668258667,0.4284115135669708,482.4707701206207,265.51251888275146,0.29942676424980164,360.01160448789597,274.1932764053345,0.2631947696208954,501.4204832315445,299.14704620838165,0.2893507778644562,333.3478190302849,311.249178647995,0.3852180540561676,419.01750576496124,297.6541588306427,0.41112980246543884,418.8852187991142,298.46069622039795,0.4084536135196686,409.66693419218063,368.1118139028549,0.2578221559524536,427.04625141620636,369.27251958847046,0.32447195053100586,415.8923968076706,383.601723074913,0.23633280396461487,427.64444649219513,383.5976514816284,0.3809273838996887,,,,
358,15.568899980280548,403.8922588825226,202.7442034482956,0.33734869956970215,401.56617069244385,197.8701896071434,0.4799759089946747,410.6066988706589,197.03757894039154,0.45208898186683655,396.53600096702576,203.5921956896782,0.5161935091018677,426.05571830272675,203.56090474128723,0.5719757676124573,368.24714386463165,229.79071187973022,0.6460690498352051,459.1011790037155,226.07413136959076,0.7181404829025269,346.71086329221725,271.3630666732788,0.5395951867103577,493.7341368198395,257.4443702697754,0.4547727108001709,325.1128951907158,303.01801550388336,0.31813693046569824,512.2930641174316,280.00820529460907,0.3843368589878082,388.644975066185,299.4606192111969,0.5873275399208069,446.0609170794487,297.96302688121796,0.4646434783935547,394.6958124637604,367.23798966407776,0.39233672618865967,447.8257156610489,367.0191490650177,0.5170886516571045,395.4628252983093,384.6856415271759,0.31463444232940674,439.2011567950249,385.4802054166794,0.25292015075683594,43.70499461112071,58.11133915229412,173.08064660160773,171.6075749476849
359,15.59680001810193,403.3344216346741,197.70666235685349,0.3755587637424469,395.73435747623444,195.41909044981003,0.46464109420776367,409.253534078598,195.30989634990692,0.432075560092926,394.79815220832825,202.53436559438705,0.560658872127533,427.8235945701599,202.41461551189423,0.558603823184967,369.6697840690613,228.39904129505157,0.6823298931121826,457.41648054122925,224.42492496967316,0.694871187210083,342.97538232803345,270.10557770729065,0.6536385416984558,504.04920160770416,253.49127542972565,0.4873981475830078,317.7440321445465,294.87908148765564,0.2736741602420807,542.9905984401703,285.32272028923035,0.4330254793167114,388.31006932258606,298.25045120716095,0.6308189034461975,443.4572483897209,296.58293771743774,0.4979751408100128,393.78513860702515,359.5349272489548,0.45915937423706055,447.639288187027,363.24315345287323,0.4887055456638336,396.2885550260544,385.7916672229767,0.39324676990509033,437.8871187567711,385.81856989860535,0.260329931974411,47.562962922608975,69.01338900699511,,172.67221948923466
360,15.29900002060458,396.24958884716034,198.43464815616608,0.3977292776107788,392.9098715186119,195.09859573841095,0.434597373008728,402.3649238348007,194.46695590019226,0.3988531529903412,395.5220239162445,200.8215970993042,0.5041014552116394,420.8125459551811,201.55511724948883,0.5138776898384094,366.49639558792114,226.78171396255493,0.6336491703987122,454.2566874027252,224.80343234539032,0.650230884552002,339.5125843286514,266.5452860593796,0.5382721424102783,514.7926802635193,252.69134306907654,0.6434420943260193,315.8558317422867,280.14130115509033,0.36207956075668335,560.9184663295746,283.4453237056732,0.5803037881851196,389.863845705986,294.6829513311386,0.572108805179596,444.73927849531174,291.8136543035507,0.6497434973716736,400.2272970676422,363.0130933523178,0.5020070672035217,442.11505621671677,368.3378928899765,0.5137912631034851,406.66985696554184,385.44748187065125,0.33565911650657654,430.45721048116684,386.0289958715439,0.25562813878059387,53.15139102318961,73.34888200914806,154.0479184443665,171.0416867133906
361,16.242299985606223,398.5047564506531,198.41590374708176,0.3403869867324829,390.3543485403061,195.4060613512993,0.44822120666503906,401.4248112440109,194.77776926755905,0.43348321318626404,392.73722672462463,201.06032818555832,0.5866897106170654,421.35488772392273,201.3145011663437,0.5460925698280334,364.48530185222626,227.03196614980698,0.6396083235740662,458.12119030952454,224.77123659849167,0.6904744505882263,325.9163852930069,262.4288147687912,0.5131568312644958,528.6067259311676,248.63306540250778,0.531121551990509,289.88944989442825,277.05436992645264,0.34067094326019287,586.5347681045532,276.4447166919708,0.4187775254249573,390.744037091732,297.893146276474,0.6340667009353638,449.1687642335892,296.1485137939453,0.6353668570518494,399.74321722984314,368.58942687511444,0.4742393493652344,448.2546112537384,375.2598729133606,0.5065066814422607,407.6588646173477,385.07162857055664,0.3507739007472992,435.3571004271507,385.25741386413574,0.26175457239151,67.78864707950898,78.44617173061941,159.55092795260293,173.05678254741716
362,15.322300023399293,403.6118950843811,200.51348304748535,0.35684916377067566,394.92447113990784,197.81005066633224,0.49881911277770996,407.53974479436874,196.8933088183403,0.4359050691127777,393.82196378707886,202.91940259933472,0.6166349053382874,423.49982064962387,201.58907735347748,0.5716530680656433,369.38149857521057,225.94284510612488,0.6987411975860596,458.2706320285797,222.1891678571701,0.4843631386756897,338.9834899902344,254.87263131141663,0.43360665440559387,515.8142578601837,240.73446094989777,0.6371468901634216,302.88774824142456,259.4920197725296,0.36055251955986023,589.183558344841,256.23061323165894,0.5997200012207031,393.7467076778412,299.9850404262543,0.6710739135742188,448.54519832134247,299.58765292167664,0.6567836999893188,396.48887223005295,363.7730939388275,0.4922962784767151,448.81512475013733,369.36634719371796,0.5161269903182983,407.3885099887848,387.79492127895355,0.35048356652259827,438.81917583942413,389.4849944114685,0.2577604353427887,64.6325703774864,79.29869823201726,143.7104885357528,174.06281642700958
363,15.591800038237125,404.0638064146042,201.75489675998688,0.35870328545570374,402.19171702861786,198.14447927474976,0.49940356612205505,403.32853388786316,196.62936401367188,0.44815170764923096,402.7341658473015,204.0649378299713,0.4521462917327881,411.7250496149063,202.0315841436386,0.5001112222671509,379.49983233213425,225.26803129911423,0.5783632397651672,447.6376289129257,221.2334744334221,0.4915411174297333,338.70031613111496,251.8529567718506,0.3370649814605713,522.9965596199036,233.59918975830078,0.5149731636047363,324.1238340139389,258.43910574913025,0.1771300584077835,583.1115785837173,243.8685623407364,0.25147172808647156,400.22052615880966,296.884748339653,0.6092352271080017,442.9005619287491,296.40994024276733,0.5783860087394714,401.064159989357,360.8489661216736,0.4454459249973297,441.47278332710266,367.2609715461731,0.43677645921707153,414.1760115623474,386.5494359731674,0.30295997858047485,437.9160490036011,389.0889037847519,0.2637656331062317,73.04838943452529,84.28691978136918,,
