frame,inference_ms,left_shoulder_angle,right_shoulder_angle,left_elbow_angle,right_elbow_angle,left_hip_angle,right_hip_angle,left_knee_angle,right_knee_angle,nose_x,nose_y,nose_conf,left_eye_x,left_eye_y,left_eye_conf,right_eye_x,right_eye_y,right_eye_conf,left_ear_x,left_ear_y,left_ear_conf,right_ear_x,right_ear_y,right_ear_conf,left_shoulder_x,left_shoulder_y,left_shoulder_conf,right_shoulder_x,right_shoulder_y,right_shoulder_conf,left_elbow_x,left_elbow_y,left_elbow_conf,right_elbow_x,right_elbow_y,right_elbow_conf,left_wrist_x,left_wrist_y,left_wrist_conf,right_wrist_x,right_wrist_y,right_wrist_conf,left_hip_x,left_hip_y,left_hip_conf,right_hip_x,right_hip_y,right_hip_conf,left_knee_x,left_knee_y,left_knee_conf,right_knee_x,right_knee_y,right_knee_conf,left_ankle_x,left_ankle_y,left_ankle_conf,right_ankle_x,right_ankle_y,right_ankle_conf
0,44.18919997988269,,,,,,,,,0.0,0.0,0.0,0.0,0.0,0.0,0.0,0.0,0.0,0.0,0.0,0.0,0.0,0.0,0.0,0.0,0.0,0.0,0.0,0.0,0.0,0.0,0.0,0.0,0.0,0.0,0.0,0.0,0.0,0.0,0.0,0.0,0.0,0.0,0.0,0.0,0.0,0.0,0.0,0.0,0.0,0.0,0.0,0.0,0.0,0.0,0.0,0.0,0.0,0.0,0.0
1,80.51320002414286,,6.985582040234068,,160.14280713344786,175.55221695224338,176.08067930915263,179.48602068101755,177.98078753733992,405.79590797424316,118.36714005470276,0.9998310208320618,412.28024196624756,112.73262768983841,0.9996457099914551,398.37050676345825,112.15003618597984,0.9997862577438354,417.23261547088623,115.75934273004532,0.9993471503257751,389.1779856681824,115.3637306690216,0.9998639822006226,431.0938529968262,153.6550207734108,0.9994078874588013,369.3782467842102,152.53203296661377,0.9999189376831055,418.16289138793945,191.42740392684937,0.08268429338932037,378.47111892700195,191.85872948169708,0.9034901261329651,399.8589482307434,223.0660835504532,0.07560666650533676,396.6128640174866,219.9273845553398,0.8672193288803101,419.14727544784546,253.40656983852386,0.9994550347328186,379.9965844154358,252.9985214471817,0.9994046688079834,415.7587561607361,334.87877893447876,0.961161732673645,383.0791311264038,336.51120042800903,0.9959633946418762,412.19004487991333,405.4333715438843,0.9878394603729248,387.93453454971313,403.70316886901855,0.9957073330879211
2,56.62669998127967,,9.1960385085463,,166.2252140460238,175.77573397498074,175.74257766518699,179.5333586684343,177.8117640121081,405.7029309272766,118.57981127500534,0.9998354911804199,412.0724778175354,112.72663033008575,0.9996628165245056,398.14907026290894,112.15950232744217,0.9997854828834534,417.18330907821655,115.75997665524483,0.9993892908096313,389.07995414733887,115.36403694748878,0.9998635053634644,431.1768980026245,153.49661070108414,0.999420166015625,369.6886672973633,151.53362214565277,0.999848484992981,418.18278074264526,194.21480864286423,0.10806694626808167,380.48504877090454,191.01529556512833,0.8289047479629517,404.4353446960449,223.47111189365387,0.07028333842754364,396.55718898773193,219.92850995063782,0.7823871374130249,419.33626222610474,253.46614456176758,0.9994236826896667,380.5287446975708,253.00407719612122,0.9993628859519958,415.71917963027954,335.3106173276901,0.9639511704444885,383.21014308929443,336.4554719924927,0.9950292110443115,412.04781198501587,405.43103528022766,0.9878393411636353,387.9433798789978,403.66199934482574,0.9945551156997681
3,35.96280002966523,,9.625571089225218,,164.29830380741993,175.94392392042627,175.66381789718983,179.6795116324151,177.88386252186325,405.6616864204407,118.74931859970093,0.9998418092727661,411.97720098495483,112.72415873408318,0.9996815323829651,398.04568099975586,112.16379022598267,0.9997894167900085,417.1648602485657,115.76692846417427,0.9994322061538696,388.9834895133972,115.366878926754,0.9998660087585449,431.1872091293335,153.49125438928604,0.9994387626647949,369.8226361274719,151.15380835533142,0.9998030662536621,418.0836877822876,195.18884539604187,0.1283665895462036,381.06032371520996,190.99945455789566,0.7645998001098633,404.6968126296997,224.6179466843605,0.06522628664970398,398.5031108856201,219.51735603809357,0.7063862085342407,419.44791555404663,253.5118441581726,0.9993917346000671,380.75427532196045,253.03142857551575,0.9993154406547546,415.6550636291504,335.8310627937317,0.966317892074585,383.35778427124023,336.417977809906,0.9940422177314758,412.0603723526001,405.385250210762,0.9874010682106018,387.9439105987549,403.6127098798752,0.9932195544242859
4,30.02020000712946,,9.252941994549639,,154.90819674464632,176.27599740597694,175.61382103876377,179.65859810205535,177.92792911475667,405.65425634384155,118.89627528190613,0.9998447299003601,411.94684886932373,112.73183706402779,0.9996947050094604,398.0253367424011,112.2041192650795,0.9997863173484802,417.15679836273193,115.79843953251839,0.9994672536849976,388.9558162689209,115.38910192251205,0.999864935874939,431.18544006347656,153.53541547060013,0.9994617104530334,369.9016122817993,150.96065348386765,0.9997658133506775,418.0065817832947,196.23238599300385,0.14732477068901062,380.9819288253784,191.20048719644547,0.7118048071861267,400.1324963569641,223.14792400598526,0.06127258017659187,401.64102935791016,215.40024691820145,0.6386509537696838,419.4888062477112,253.51113188266754,0.9993438124656677,380.88650035858154,253.0352463722229,0.9992358088493347,415.24471616744995,335.8971619606018,0.968151330947876,383.43840312957764,336.2674597501755,0.9929769039154053,412.08132314682007,405.3580982685089,0.9866495132446289,387.9442391395569,403.60467541217804,0.9918361902236938
5,37.51729999203235,,2.600886711383916,,107.4792100065121,176.52493272316812,175.66081194228676,179.36487329397454,178.01595347728687,405.5169768333435,119.06971436738968,0.9997690916061401,411.79668045043945,112.79333493113518,0.9995476603507996,397.87994480133057,112.26542481780052,0.9995928406715393,417.1145429611206,116.00490683317184,0.9993367195129395,388.8562936782837,115.46734538674355,0.9996963143348694,430.84355545043945,153.5104003548622,0.9994560480117798,369.91187286376953,150.9764232635498,0.9996811747550964,414.2960419654846,192.33797693252563,0.18913237750530243,372.6792984008789,195.75877976417542,0.7027328610420227,378.3135962486267,200.6524828672409,0.07575342059135437,407.536744594574,204.41288441419601,0.5966625809669495,419.47093868255615,253.29525542259216,0.9993348717689514,380.882785320282,253.0083508491516,0.9992015361785889,415.1116065979004,335.7341648340225,0.9695438146591187,383.48199796676636,335.81228721141815,0.9923306703567505,412.2073564529419,405.26447677612305,0.9858118295669556,387.9586191177368,403.53333389759064,0.9905218482017517
6,43.505100009497255,,8.04864081071454,,132.20424598850676,176.91899467814443,175.60263097006256,178.93105404258503,178.1931774384186,405.36941146850586,119.4459525346756,0.9997913837432861,411.67360401153564,113.0091045498848,0.9995915293693542,397.78358125686646,112.4543345272541,0.9996316432952881,417.0515389442444,116.13420620560646,0.9993999600410461,388.7658944129944,115.4863631427288,0.9997256398200989,430.5490312576294,153.6572145819664,0.9994896054267883,369.72437715530396,151.35756188631058,0.9996906518936157,417.0337724685669,196.8987339735031,0.23630964756011963,368.3883786201477,194.33635133504868,0.7226243019104004,418.3222589492798,220.28625744581223,0.103358194231987,353.58938455581665,206.94187557697296,0.6241637468338013,419.51074266433716,253.23975491523743,0.9992831349372864,380.88998794555664,253.01211166381836,0.9992184042930603,414.8506693840027,335.454297542572,0.9718784689903259,383.5892539024353,335.65131294727325,0.992154598236084,412.20740699768066,405.04515290260315,0.986142635345459,387.94631147384644,403.4391140937805,0.9901469945907593
7,32.838899991475046,0.6522437323827415,20.165792986636887,,139.83635634244803,176.78016173560025,175.66910902601438,178.95229222039862,178.4135562869385,405.1002860069275,120.24287486076355,0.9998122453689575,411.2887816429138,113.62897655367851,0.9996323585510254,397.6591148376465,113.38985142111778,0.9996684193611145,416.81334686279297,116.34651416540146,0.9994598627090454,388.7604355812073,115.83554196357727,0.9997530579566956,430.4731636047363,154.9647102355957,0.9995380640029907,369.7173261642456,151.82183730602264,0.9997171759605408,425.02610874176025,198.851109623909,0.3055950105190277,359.2463011741638,194.16406613588333,0.7489133477210999,436.75324630737305,224.69411742687225,0.1854032576084137,335.8028173446655,211.1630623936653,0.6604762673377991,419.39696645736694,253.35525751113892,0.9993297457695007,380.87158966064453,253.2534306049347,0.9992768168449402,414.80495166778564,335.40919625759125,0.9743022918701172,383.66878604888916,335.6378651857376,0.9921947121620178,412.1884779930115,404.9281117916107,0.9868876338005066,387.8474712371826,403.35631918907166,0.9901545643806458
8,24.43320001475513,7.565071813655482,31.048343468399814,,159.49639300199075,176.89031591344965,175.433077132947,178.45959450267114,178.58227978059278,405.1035966873169,120.88447839021683,0.9998307824134827,411.12435960769653,114.17346131801605,0.9996683597564697,397.65499544143677,113.94715002179146,0.999700665473938,416.3739867210388,116.54414212703705,0.999512255191803,388.76298809051514,116.11350747942924,0.9997764825820923,430.465126991272,155.87418633699417,0.9995810985565186,369.4245204925537,153.71647590398788,0.9997385144233704,431.2841033935547,200.78126227855682,0.3704841136932373,349.7331748008728,196.95594394207,0.7730625867843628,445.0070505142212,228.86845076084137,0.2632666528224945,324.11262798309326,222.58702129125595,0.6932163238525391,419.31998682022095,253.38699650764465,0.9993451833724976,380.877402305603,253.25277531147003,0.999289333820343,414.44247007369995,335.2293609380722,0.9759491086006165,383.7323966026306,335.14024102687836,0.9915050268173218,412.170382976532,404.8131790161133,0.9871394038200378,387.79601669311523,403.24719858169556,0.9894149899482727
9,24.762400018516928,15.62422652176629,35.515696108074664,159.35174804043197,164.14685796543486,176.8336483949566,174.73329918621954,177.79607717586944,179.16741112787903,405.0754179954529,122.11769795417786,0.9998475909233093,410.67938899993896,115.54245483875275,0.9997011423110962,397.63528299331665,115.18713620305061,0.999730110168457,415.4959487915039,117.02636688947678,0.9995601773262024,388.76233100891113,116.77678555250168,0.9997978210449219,430.5007610321045,158.7078034877777,0.9996221661567688,367.59634256362915,156.0591215491295,0.9997618794441223,438.0778217315674,207.86988508701324,0.4327382445335388,343.9533586502075,200.61119937896729,0.7953616380691528,457.66325092315674,242.6142853498459,0.33640068769454956,312.27555561065674,233.6361665725708,0.7233835458755493,419.10595512390137,253.38881993293762,0.9993808269500732,380.4922513961792,253.2059360742569,0.9993159174919128,413.85771799087524,334.63119196891785,0.9767999053001404,383.73482275009155,334.11818265914917,0.9900726079940796,412.0316882133484,404.72750651836395,0.987025260925293,387.4762201309204,402.59250342845917,0.9880227446556091
10,27.642800007015467,22.28230484809066,38.6150773402248,166.1427332070774,168.94986731595472,176.8855833328128,173.84781023986338,177.12861166646138,179.40847813472874,404.73934602737427,123.11626547574997,0.9998627305030823,409.94732427597046,116.68616986274719,0.9997307658195496,397.4120774269104,116.39355283975601,0.9997568130493164,414.7046203613281,117.58092322945595,0.9996036291122437,388.6309905052185,117.68800672888756,0.9998174905776978,430.69394302368164,161.13330101966858,0.9996593594551086,365.7426142692566,157.51328897476196,0.9997839331626892,444.1213550567627,210.80497300624847,0.4890904128551483,339.63403272628784,202.75425118207932,0.8154932260513306,465.33366775512695,249.09804379940033,0.40239763259887695,308.30713653564453,238.741714656353,0.7505812048912048,419.1014060974121,253.47486281394958,0.99941486120224,380.2615146636963,253.2234010696411,0.9993439316749573,413.41077613830566,334.0253304243088,0.977047324180603,383.74844455718994,333.9399428367615,0.9877490997314453,411.9702763557434,404.57844150066376,0.986335813999176,387.40250062942505,402.1788992881775,0.9856777787208557
11,43.872599955648184,26.62797670936478,40.32907963613959,169.67854616891228,173.73800006546796,176.81268482017938,173.66144141928567,176.70505226657855,179.79365285276577,403.44759941101074,124.24784332513809,0.9998763799667358,408.9995346069336,117.6992891728878,0.9997572898864746,396.4338092803955,117.38246902823448,0.9997807145118713,414.0741000175476,118.25848954916,0.9996424913406372,388.2084617614746,118.44702887535095,0.9998348951339722,430.8172216415405,162.6755626797676,0.9996927976608276,364.4362096786499,157.843143761158,0.9998036623001099,447.9396562576294,211.90597999095917,0.5398600101470947,336.8438367843628,203.41247922182083,0.8334610462188721,471.6624755859375,253.83724009990692,0.4616771340370178,306.8734097480774,242.53140497207642,0.7747337818145752,418.9246258735657,253.61951172351837,0.9994410276412964,379.8157858848572,253.49705731868744,0.9993628859519958,412.9822578430176,333.34109008312225,0.9771623611450195,383.73745107650757,333.81099247932434,0.9852330088615417,411.78525733947754,404.1890262365341,0.9856534600257874,387.32102251052856,402.147758603096,0.9838489890098572
12,43.14690001774579,29.423565494508654,41.976570852358414,170.7456204670607,177.6289947332184,177.00214169966313,173.0776428096263,176.16560370336936,179.95676014594633,402.599458694458,124.75945657491684,0.9998886585235596,408.3294882774353,118.14441150426865,0.9997811913490295,395.8135495185852,117.62799751758575,0.9998022317886353,413.2806992530823,118.53275123238564,0.9996775388717651,387.74140310287476,118.45226410031319,0.9998505711555481,430.7970037460327,162.558920443058,0.9997230172157288,363.07119846343994,157.64201140403748,0.9998210072517395,450.0433282852173,210.61801493167877,0.5856528282165527,334.7099642753601,202.72860926389694,0.8495721817016602,474.86059284210205,251.79201221466064,0.5152181386947632,307.11036348342896,242.82252621650696,0.7963231205940247,418.65042066574097,253.60734605789185,0.9994595646858215,379.63885402679443,253.50791239738464,0.9993738532066345,412.2957339286804,332.57169008255005,0.9770832061767578,383.6693925857544,333.54981529712677,0.9826268553733826,411.3392758369446,404.05426371097565,0.9849896430969238,387.17575693130493,402.15143394470215,0.9820268154144287
13,29.563600022811443,30.419929051515403,42.11464144436121,169.13200710866732,179.07608013056307,175.91886863465888,173.52024342035662,176.94121928438128,179.2191777653232,401.7348909378052,125.36546057462692,0.999899685382843,407.57192373275757,118.64365965127945,0.9998027086257935,394.79593229293823,118.14140570163727,0.9998215436935425,412.176296710968,118.85021242499352,0.9997091293334961,387.04348134994507,118.77511721849442,0.9998645782470703,430.44495964050293,161.97048115730286,0.9997503161430359,362.41361141204834,157.4057781100273,0.9998363852500916,449.8763790130615,209.07257652282715,0.6268523931503296,334.0153784751892,202.29037463665009,0.863962709903717,475.21824741363525,247.6724101305008,0.5634132027626038,310.94226121902466,240.09408366680145,0.8154259920120239,417.5362124443054,253.79883420467377,0.9994711875915527,379.02632761001587,253.64991164207458,0.9993737936019897,412.134521484375,332.61257469654083,0.9769412279129028,383.6549115180969,333.5945177078247,0.9811452031135559,411.06044578552246,403.9998743534088,0.9842496514320374,386.69881677627563,402.40865087509155,0.980408787727356
14,27.914599981158972,31.831354117181988,42.502074369696686,171.51448165330265,171.98736717225438,175.27711000117642,174.10768451397544,177.70870704634817,178.42786388860173,400.57036542892456,126.29861271381378,0.999909520149231,406.7202196121216,119.4421276152134,0.9998218417167664,393.4682230949402,118.86918744444847,0.9998384714126587,411.00588274002075,119.5129491686821,0.9997372031211853,386.2825050354004,119.30217972397804,0.9998763799667358,429.47561264038086,161.76722621917725,0.9997748136520386,362.03652238845825,157.1192296743393,0.9998494982719421,449.7511796951294,207.63748383522034,0.6638701558113098,334.6827964782715,199.46036159992218,0.8767551183700562,474.1005516052246,246.10694253444672,0.6067036390304565,316.72136974334717,238.2415405511856,0.8322498202323914,416.5646667480469,253.80854964256287,0.9994704127311707,378.43548488616943,253.68290424346924,0.9993592500686646,412.07257890701294,332.6231163740158,0.9769748449325562,383.66800260543823,333.6010706424713,0.9800005555152893,410.8649387359619,403.89103865623474,0.9836238026618958,386.28409719467163,402.5193099975586,0.9789139628410339
15,26.392499974463135,33.21983995930846,43.56608209452077,172.02804988839242,170.05289566786124,174.89758825485967,174.74971590344023,178.46812499940265,177.97556510717644,399.54683446884155,127.19711977243423,0.9999183416366577,405.85600566864014,120.18354231119156,0.9998389482498169,392.42283153533936,119.53226608037949,0.9998534917831421,409.68375873565674,120.1397088766098,0.9997625350952148,385.4557194709778,119.76700359582901,0.9998869895935059,428.1104497909546,161.31853538751602,0.9997969269752502,361.75764179229736,156.48043251037598,0.999860405921936,448.1753969192505,203.35200703144073,0.6971450448036194,336.7345085144043,193.30923581123352,0.888054609298706,470.5323963165283,237.14291256666183,0.6456731557846069,321.41978120803833,227.3116871714592,0.8475883603096008,415.60833501815796,253.76108360290527,0.9994714260101318,377.8016285896301,253.68757677078247,0.9993477463722229,412.0940856933594,331.1612136363983,0.9778526425361633,383.5620608329773,333.62209701538086,0.979503333568573,410.7460069656372,403.48925828933716,0.9836491942405701,386.0878825187683,402.5896543264389,0.9784078001976013
16,23.057600017637014,35.131957278659556,43.32094247004952,174.12689936383686,164.99423928661392,174.83170597955578,175.167524467088,179.5250324664755,178.27721257186212,398.4777626991272,127.29267865419388,0.9999262690544128,404.9271197319031,120.20163410902023,0.999854326248169,391.3824186325073,119.66772663593292,0.9998670816421509,408.2453565597534,120.17224562168121,0.9997852444648743,384.1343283653259,119.94155383110046,0.9998971223831177,426.19081115722656,159.57722121477127,0.99981689453125,361.16889667510986,155.28202897310257,0.9998688101768494,446.59966468811035,197.7813430428505,0.7270956635475159,338.8433108329773,188.0177125930786,0.8985600471496582,465.55384063720703,225.8984898328781,0.6808485388755798,328.98501443862915,216.1874253153801,0.8622704148292542,414.5918550491333,253.7634768486023,0.9994893670082092,376.8567199707031,254.0283578634262,0.9993664026260376,412.0846338272095,331.29110419750214,0.9792539477348328,382.75721168518066,334.4804459810257,0.9798885583877563,410.3490285873413,403.4776624441147,0.9838711619377136,385.7023272514343,402.7032480239868,0.9788601994514465
17,22.758400009479374,35.38881212129988,41.913199827397264,172.50333377237402,149.6428134381589,174.60075287945767,175.0235756142574,179.86029176100462,178.57681330116228,396.84630489349365,127.13526576757431,0.9999334216117859,403.46915674209595,120.10378170013428,0.9998683929443359,389.7391333580017,119.63112992048264,0.9998795986175537,406.70813941955566,120.1440110206604,0.9998061656951904,382.33953523635864,119.98434734344482,0.9999064207077026,425.09166526794434,159.05274426937103,0.9998348355293274,359.8178610801697,155.17520189285278,0.9998763799667358,445.19821071624756,195.96737676858902,0.7524027228355408,338.58957624435425,188.3005856871605,0.9066032767295837,461.8835344314575,218.8715215921402,0.7116932272911072,337.5521960258484,214.169078707695,0.8742099404335022,413.74045419692993,254.06764698028564,0.9995249509811401,376.0339021682739,254.64077234268188,0.9993970394134521,411.82038593292236,331.88351798057556,0.980440080165863,382.0796847343445,335.36480724811554,0.9802775979042053,410.22870683670044,403.46857380867004,0.9839164018630981,385.4514989852905,402.85900843143463,0.9790707230567932
18,27.081099979113787,34.354686428107485,34.96189302604465,176.6808501704022,121.11434169692252,175.49651562346037,175.15979568039003,177.2628494000103,178.8488111008647,395.29824590682983,127.14612084627151,0.9999396800994873,402.06803131103516,120.02574479579926,0.9998806715011597,387.9863681793213,119.66782635450363,0.9998905062675476,405.47939682006836,120.11161673069,0.9998242259025574,380.5322070121765,120.19431191682816,0.9999145865440369,424.6700210571289,159.01718747615814,0.9998502135276794,357.8433814048767,156.0095329284668,0.999883234500885,444.32499980926514,196.88511526584625,0.7723332643508911,337.3620972633362,198.9960434436798,0.9143967628479004,451.7556324005127,213.4871888756752,0.7373951077461243,346.6258611679077,213.04005080461502,0.8850475549697876,412.9253191947937,255.7367364168167,0.9995437264442444,374.59888648986816,256.2866131067276,0.9994034171104431,409.62649154663086,333.79079234600067,0.9814252853393555,381.10199785232544,336.3118772506714,0.9810577630996704,410.012451171875,403.5327355861664,0.9840967655181885,385.1689033508301,402.9073861837387,0.9796637296676636
19,28.49389996845275,32.16671455956045,31.01166627674733,143.49525341167677,104.49666241302083,174.9516986129062,176.46238389366908,176.2296022274918,179.30481718322898,393.5776777267456,127.13915479183197,0.9999452829360962,400.3753890991211,119.98182588815689,0.9998915791511536,386.0185351371765,119.6728692650795,0.999900221824646,404.2495422363281,120.1050495505333,0.9998403787612915,378.60784244537354,120.30911648273468,0.9999218583106995,423.97472763061523,158.99891048669815,0.9998640418052673,356.2615079879761,156.75019973516464,0.9998912811279297,443.667311668396,201.78700953722,0.7930164337158203,336.74585580825806,204.6924952864647,0.9218051433563232,441.8301115036011,210.5879426598549,0.7620517015457153,347.2857732772827,212.53332376480103,0.8956959247589111,411.10295391082764,257.3911244869232,0.9995545148849487,372.026487827301,257.86048555374146,0.9994131326675415,407.80837202072144,335.83818554878235,0.9825422167778015,379.4143090248108,337.1300823688507,0.9820871949195862,409.4217600822449,403.5209118127823,0.9846369028091431,384.7412443161011,402.91641783714294,0.9805889129638672
20,24.334799963980913,29.99646775239369,29.18376824261663,122.03545983956928,81.51705739922866,174.16734355392128,176.47607695929625,176.0397120897684,179.5074359666147,392.1014428138733,127.37477552890778,0.9999505877494812,398.9358243942261,120.08181512355804,0.9999020099639893,384.4104037284851,119.8911104798317,0.9999096989631653,403.03368854522705,120.26965641975403,0.9998557567596436,376.8834581375122,120.63929891586304,0.9999291896820068,422.61176347732544,158.82908976078033,0.9998769760131836,354.4505910873413,157.52317535877228,0.9999001622200012,441.4784212112427,204.5790440440178,0.812821090221405,335.44463205337524,209.124857544899,0.9290213584899902,436.56709003448486,211.45077896118164,0.7850937843322754,351.35502910614014,212.4304141998291,0.9056395292282104,409.28508710861206,258.8959347009659,0.999571681022644,370.5006937980652,259.2734977006912,0.9994344115257263,406.8757963180542,337.6073924303055,0.9838541150093079,378.02584505081177,338.2916042804718,0.9833785891532898,409.4189043045044,403.5943901538849,0.9855055809020996,384.7609820365906,403.105256319046,0.981827974319458
21,27.662700042128563,26.752923478316983,27.918618049798653,115.80284990788546,80.22100933380847,173.06252418679193,176.72577920917558,176.79478029033007,178.65270306317686,390.50347089767456,127.60570949316025,0.9999552965164185,397.419406414032,120.38869190216064,0.9999112486839294,383.0288643836975,120.25143641233444,0.9999179840087891,401.689754486084,120.71207922697067,0.9998694658279419,375.7059679031372,121.1402137875557,0.9999354481697083,420.7609667778015,158.82719510793686,0.9998887777328491,353.2366328239441,158.31157886981964,0.9999073147773743,437.38697624206543,206.28803515434265,0.8306176066398621,335.4413466453552,210.27526795864105,0.9350516200065613,431.60996532440186,212.08701193332672,0.8058571815490723,355.14891719818115,213.440762758255,0.914178729057312,407.70316314697266,258.7243332862854,0.9995921850204468,369.235634803772,259.1597330570221,0.9994521737098694,406.9953851699829,338.3033425807953,0.9850538969039917,377.1838707923889,338.2278413772583,0.9843946099281311,410.06926345825195,403.5902874469757,0.9863945841789246,385.27426385879517,403.2961176633835,0.9829651713371277
22,24.91909998934716,24.02004473345324,26.6352223882502,104.50122343565715,80.14119400083582,172.64482963700544,176.62345328463854,177.31140044805824,178.7006259936714,388.45691442489624,127.6678626537323,0.9999595284461975,395.42529010772705,120.6929332613945,0.999919593334198,381.19704723358154,120.38944691419601,0.9999254941940308,400.0124526023865,121.11145210266113,0.9998816847801208,374.15416860580444,121.31325399875641,0.9999411106109619,418.87453603744507,159.1486023068428,0.99989914894104,351.80770778656006,159.59940147399902,0.9999129772186279,433.8031015396118,208.31477236747742,0.8464826941490173,335.87676429748535,211.16680896282196,0.9400138258934021,424.9497356414795,213.71705442667007,0.8243857026100159,359.2254009246826,214.1615285873413,0.9211689829826355,406.44687366485596,258.5007642507553,0.9996089935302734,368.38582611083984,259.0126339197159,0.9994702935218811,406.7618684768677,338.6252056360245,0.9860853552818298,376.87377882003784,338.5551747083664,0.9853606224060059,410.0687327384949,403.59293711185455,0.9871964454650879,385.2795457839966,403.36159002780914,0.9840236902236938
23,25.38419998018071,23.046217836028838,25.926532372322722,104.20744873613496,96.2899534375852,173.0210897465271,176.2227343495846,176.21411397486156,178.01805043660434,386.4924931526184,127.7381072640419,0.9999634027481079,393.54009771347046,120.93789905309677,0.9999272227287292,379.57926177978516,120.59669059515,0.9999322891235352,398.31225395202637,121.49713504314423,0.9998928308486938,372.89901638031006,121.64420568943024,0.999946117401123,417.35569190979004,160.40374571084976,0.9999087452888489,350.74384212493896,160.23727267980576,0.99991774559021,431.43315982818604,208.97562158107758,0.8612838387489319,336.23110818862915,209.95935952663422,0.9442617893218994,420.75280380249023,215.2343579530716,0.8415513038635254,358.9586763381958,219.40191042423248,0.9272699356079102,405.53317642211914,258.3409011363983,0.9996222257614136,367.5762004852295,259.1761438846588,0.9994813799858093,405.66717052459717,338.5323534011841,0.9869420528411865,375.7399592399597,338.47357642650604,0.9860817790031433,410.0487422943115,403.10878920555115,0.987764835357666,384.69967126846313,403.3763198852539,0.984776496887207
24,27.040100016165525,22.757372195412554,24.071880158203236,112.26272507826285,119.28666276616006,172.1691479086842,176.27727210574926,176.28858774892583,177.4821395039802,385.5135426521301,127.80952000617981,0.9999669194221497,392.6150279045105,121.14839071035385,0.9999341368675232,378.5320506095886,120.8010424375534,0.9999384880065918,397.2400231361389,121.93606770038605,0.9999030828475952,371.9376301765442,122.07161372900009,0.9999507069587708,415.74467945098877,161.52820080518723,0.9999176263809204,349.8959541320801,160.6439819931984,0.9999231100082397,428.95853996276855,208.38882052898407,0.8746984601020813,337.527606010437,208.8992941379547,0.9481394290924072,419.4524898529053,215.81849509477615,0.8571000099182129,356.75588607788086,227.25030326843262,0.9329614043235779,403.8439712524414,258.3139201402664,0.9996398091316223,366.72325801849365,259.1307861804962,0.9994989037513733,404.99153900146484,338.39593839645386,0.9876511096954346,375.0185594558716,338.41314697265625,0.9864982962608337,410.0908713340759,402.72401797771454,0.9881761074066162,384.7178421020508,403.3825594186783,0.9852700233459473
25,25.377499987371266,21.521445959696152,22.583222299495496,126.50196344581181,129.92031553792583,173.35272483589924,176.19650993153948,174.68158122121721,177.0958326702582,383.77546072006226,127.90352612733841,0.9999700784683228,391.17781352996826,121.36275714635849,0.9999403953552246,376.88555574417114,120.97915405035019,0.9999441504478455,396.0833067893982,122.43209636211395,0.9999123215675354,370.76620531082153,122.41881954669952,0.9999549388885498,414.52543926239014,162.21353805065155,0.9999256134033203,349.08246183395386,160.74854403734207,0.9999285340309143,426.3232889175415,207.56978917121887,0.8867436051368713,338.31615447998047,208.29450100660324,0.9517652988433838,418.9393091201782,216.71509325504303,0.8711111545562744,354.96111822128296,230.1276968717575,0.9385383725166321,402.93828535079956,257.3928339481354,0.999656617641449,366.10828018188477,259.06856179237366,0.9995184540748596,402.5319814682007,336.6352788209915,0.987996518611908,374.4072461128235,337.7526111602783,0.9860808849334717,408.1816954612732,400.8934414386749,0.9879043102264404,384.7114987373352,403.3668038845062,0.9849465489387512
26,28.038700053002685,22.34441148254069,21.754458735333753,131.97329583330654,133.58201730009557,173.2848703624131,176.52601185502024,174.4785131324132,177.49542894167186,382.35962677001953,128.0698567032814,0.9999728202819824,389.7829051017761,121.51824688911438,0.9999457001686096,375.49966955184937,121.22336483001709,0.9999487996101379,394.98817920684814,122.73289030790329,0.9999202489852905,369.5878052711487,122.85664105415344,0.9999580383300781,413.67590856552124,162.65947949886322,0.9999324679374695,348.3655605316162,160.73498231172562,0.9999324679374695,426.1675605773926,207.45941495895386,0.8974689245223999,338.3594460487366,208.07453608512878,0.9548289775848389,420.14879417419434,216.9264681339264,0.8835875988006592,353.6722779273987,230.36893033981323,0.9434847831726074,402.4440588951111,257.3551973104477,0.9996553659439087,365.39281940460205,259.11189663410187,0.9995245933532715,402.377845287323,334.598028421402,0.9884623885154724,374.1418104171753,337.78531885147095,0.9858997464179993,408.1019105911255,394.34668934345245,0.9876728653907776,384.33951473236084,403.2791939973831,0.9850863218307495
27,25.20810003625229,23.760263311581557,21.16623582536355,133.29379638824003,138.90847917917677,174.55355848374674,176.49811630019627,173.05312261088048,178.26888720575374,381.2983388900757,128.20753955841064,0.9999753832817078,388.7689776420593,121.69255495071411,0.9999507665634155,374.4675712585449,121.35953766107559,0.9999533295631409,393.94372272491455,122.94603163003922,0.9999277591705322,368.4744815826416,123.02247303724289,0.999961256980896,412.913516998291,162.89416003227234,0.9999388456344604,347.1652240753174,160.90101373195648,0.9999366998672485,426.82155895233154,207.3875748515129,0.9072945713996887,337.9362096786499,207.8433741927147,0.957927942276001,421.2009081840515,217.38396269083023,0.8949134349822998,350.571888923645,229.75651586055756,0.9481350183486938,402.3408718109131,257.12584459781647,0.9996638298034668,364.5679545402527,259.1598470211029,0.9995408058166504,401.12276887893677,330.17838740348816,0.9887668490409851,373.58331632614136,337.7781106233597,0.985045850276947,407.2354726791382,388.4190471172333,0.986864447593689,383.10725927352905,403.2800772190094,0.9848716855049133
28,27.444900013506413,24.733361327840083,22.77621216865918,134.99606481762825,141.04604944222476,175.25702084336368,176.38776772374302,172.68968444406826,177.85781622157756,380.2261333465576,128.2255031466484,0.999977707862854,387.58031702041626,121.79606282711029,0.9999552965164185,373.4449248313904,121.3941257596016,0.9999573230743408,392.87740564346313,123.0128715634346,0.9999345541000366,367.7470417022705,123.07154881954193,0.9999639391899109,412.74489974975586,162.8601844906807,0.9999445676803589,346.3919653892517,160.82507091760635,0.9999407529830933,427.35303688049316,206.78506100177765,0.9160823822021484,335.8889708518982,207.3043810725212,0.9607221484184265,422.0185956954956,217.43383622169495,0.9050201177597046,346.612416267395,229.07753211259842,0.9521705508232117,402.389799118042,256.09250378608704,0.9996796250343323,363.80210065841675,259.13272356987,0.9995631575584412,400.48375701904297,324.5543454885483,0.9889851212501526,372.6045174598694,337.23108303546906,0.983823299407959,406.41038036346436,383.7687427997589,0.9858582615852356,382.5427756309509,403.15628373622894,0.9844006896018982
29,33.30489998916164,25.508010631841422,24.52024260866279,136.05374863956342,141.09483657382705,175.35987366686183,176.52982607121112,171.78204686366962,177.91924950046916,379.2447566986084,128.22893631458282,0.9999798536300659,386.37944984436035,121.81357055902481,0.9999596476554871,372.59759283065796,121.45605099201202,0.999961256980896,391.99150800704956,122.98628944158554,0.9999409914016724,367.24647188186646,123.13660806417465,0.9999669790267944,412.51711988449097,162.86488550901413,0.9999499320983887,345.9558148384094,160.77971321344376,0.9999452829360962,427.6793031692505,206.72565722465515,0.9241616129875183,333.74637937545776,207.02182137966156,0.9634935259819031,422.61403799057007,217.6495417356491,0.9141788482666016,343.39061880111694,228.56693029403687,0.9560257792472839,402.16608810424805,254.59270799160004,0.9997069239616394,362.7997479438782,259.0130612850189,0.9995984435081482,400.22216272354126,316.5119572877884,0.9898509979248047,371.3367290496826,336.8427789211273,0.9832741022109985,406.5551657676697,372.7966229915619,0.9861745834350586,381.04126834869385,403.03833091259,0.9848357439041138
30,24.49369995156303,27.493473001302057,27.065718894994475,132.0259628532727,138.48234499275443,175.7319150210584,176.42204824857583,171.51393125038987,177.57906807821198,378.83160400390625,127.8136796951294,0.9999818205833435,386.0356192588806,121.43882817029953,0.9999635219573975,372.29702854156494,121.0052518248558,0.9999647736549377,391.34817457199097,122.76897418498993,0.9999467730522156,366.7924790382385,122.93046128749847,0.9999696016311646,411.7160110473633,162.81090927124023,0.9999547600746155,345.381196975708,160.7639434337616,0.9999489188194275,428.7934103012085,206.4226552248001,0.9315361976623535,331.1821184158325,206.6376769542694,0.9660761952400208,423.2713723182678,217.4548056125641,0.922520637512207,340.99315547943115,228.34747821092606,0.9594969749450684,402.1060914993286,252.59591484069824,0.9997320771217346,362.37941789627075,258.49062144756317,0.9996306300163269,400.2631039619446,309.9284802675247,0.990659236907959,371.0426344871521,337.0975171327591,0.9826169013977051,406.3723454475403,362.3691660165787,0.9861127138137817,381.1452136039734,403.04055321216583,0.9850708246231079
31,24.10999999847263,29.35242974264499,28.942502689424586,127.74201059267537,134.9779251751203,177.34961329490855,176.1910953573638,171.96634169049088,177.0128071769113,378.54360008239746,127.12788659334183,0.9999836087226868,385.5968656539917,120.73106849193573,0.9999670386314392,371.94298791885376,120.15631914138794,0.9999680519104004,390.7975149154663,122.34105330705643,0.9999520182609558,366.2681531906128,122.53778380155563,0.9999721050262451,411.15650606155396,162.74284422397614,0.9999591112136841,344.81115341186523,160.71287328004837,0.9999524354934692,429.88886642456055,205.87209475040436,0.938121497631073,329.0811505317688,206.5641843676567,0.9687568545341492,423.44089937210083,217.61002469062805,0.929925262928009,339.70752477645874,228.2680167555809,0.962740957736969,402.0946683883667,250.7985588312149,0.9997554421424866,362.0001554489136,258.12519562244415,0.9996592402458191,399.8077211380005,291.3826495409012,0.9913344383239746,370.5814895629883,337.1399117708206,0.9808422923088074,405.0726127624512,353.9704691171646,0.9861655235290527,381.24031352996826,403.0554255247116,0.9846577048301697
32,22.513299947604537,30.043427416674465,30.25774035748907,124.62438525308998,131.20988116441367,179.88961330581088,175.7587031960033,170.7595522463026,176.79333132709007,377.65608501434326,126.10504472255707,0.9999851584434509,384.8662667274475,119.68848234415054,0.9999701976776123,371.2345275878906,119.02947080135345,0.9999709129333496,390.4091544151306,121.78895431756973,0.9999566674232483,365.7306604385376,121.78137570619583,0.9999741911888123,410.6937942504883,162.6312021613121,0.9999628663063049,344.35028648376465,160.66955268383026,0.9999555349349976,430.0160369873047,205.35629332065582,0.943857729434967,327.75513458251953,206.4323564171791,0.9709452986717224,422.6044092178345,217.67136585712433,0.9363852143287659,339.71844244003296,228.1416733264923,0.9653520584106445,402.1064453125,248.53235459327698,0.9997743368148804,361.8662624359131,256.8117311000824,0.9996813535690308,399.0543518066406,279.66907942295074,0.9917736053466797,370.47451162338257,337.57360208034515,0.9774978756904602,403.44191312789917,348.5997123718262,0.9854896664619446,381.1940903663635,403.1005553007126,0.9829007983207703
33,25.955200020689517,30.497268105617167,30.22237468945291,121.77569746255622,129.42256659816576,178.74691121557814,175.93419194690856,170.70310577889163,177.35376098723088,377.27288007736206,124.65650427341461,0.9999865293502808,384.40087604522705,118.34983888268471,0.999972939491272,370.9575171470642,117.69060653448105,0.9999733567237854,389.99256467819214,121.17552840709686,0.9999607801437378,365.3001456260681,120.84050250053406,0.9999756217002869,410.4046530723572,162.60761159658432,0.9999660849571228,343.73086071014404,160.63576233386993,0.9999574422836304,430.06253814697266,205.13107180595398,0.9489595293998718,327.32229471206665,206.3502737879753,0.9726711511611938,421.32009267807007,218.38264417648315,0.9419921040534973,340.1968483924866,227.91965705156326,0.9670551419258118,401.88371992111206,248.17345321178436,0.9997914433479309,361.49124574661255,256.6726379394531,0.9997010231018066,399.26550245285034,269.683176279068,0.9922654628753662,370.7034034729004,338.64979338645935,0.9755775928497314,402.354923248291,344.7456465959549,0.9854304790496826,381.0394992828369,403.48495614528656,0.9821934103965759
34,32.17150003183633,30.710005628583477,30.2411039066105,119.20969848401144,128.87274199347962,176.9984177766528,175.62185476525156,169.5422907408191,177.0399421073308,377.02541303634644,123.95972788333893,0.9999876618385315,384.0107464790344,117.6230970621109,0.9999752640724182,370.7614541053772,117.13132780790329,0.9999752640724182,389.4753403663635,120.67623752355576,0.9999643564224243,364.952675819397,120.50697237253189,0.9999759793281555,410.2060627937317,162.5987651348114,0.9999686479568481,343.450261592865,160.75664973258972,0.9999578595161438,430.10150814056396,205.29267287254333,0.9535329937934875,327.2112226486206,206.40164309740067,0.9738709926605225,418.8711495399475,220.86126321554184,0.9468464255332947,340.4024896621704,227.89135122299194,0.967797577381134,401.58714866638184,248.57873797416687,0.9998050928115845,361.50886058807373,256.7223262786865,0.9997147917747498,399.4389719963074,262.57469522953033,0.9925928711891174,370.5877318382263,339.2347710132599,0.9731424450874329,401.80888843536377,340.9613838195801,0.9848458766937256,381.0813250541687,403.74539256095886,0.9810230731964111
35,31.539799994789064,30.501902575788,29.849532344528853,118.4698276665791,128.65659106894944,169.54462559021965,175.28248400533664,161.5741623687065,176.59806497619306,376.7751407623291,122.88608652353287,0.9999886155128479,383.68521308898926,116.4598870575428,0.9999772310256958,370.5452995300293,116.13286000490189,0.999976634979248,389.1371455192566,120.02501827478409,0.9999673962593079,364.63189363479614,119.968905210495,0.9999752044677734,409.9487648010254,162.5706587433815,0.999970555305481,343.30436420440674,160.7802260518074,0.9999575614929199,429.71448707580566,205.53892076015472,0.9575055241584778,327.41600465774536,206.84984958171844,0.9749079346656799,416.92482328414917,222.61819046735764,0.9509803652763367,340.6986060142517,227.84845799207687,0.9681210517883301,401.209680557251,248.61851143836975,0.9998171925544739,361.6496024131775,256.7546635866165,0.9997275471687317,398.6718039512634,257.3230309486389,0.9928646683692932,370.4749412536621,339.2826359272003,0.9706054925918579,401.6879348754883,336.87226712703705,0.9842597246170044,381.2895441055298,403.8679324388504,0.9796126484870911
36,23.829699959605932,28.958222183934076,29.31434608252195,120.8250483741357,128.78613016757072,140.24478933546615,175.0734366568701,132.29449075303765,176.22991520346977,376.46916818618774,122.28811699151993,0.99998939037323,383.36822175979614,115.76877325773239,0.99997878074646,370.29404163360596,115.5316781103611,0.9999775290489197,388.7609157562256,119.53156805038452,0.9999698996543884,364.3154330253601,119.59800910949707,0.9999733567237854,409.7906103134155,162.55493170022964,0.9999716877937317,343.214723110199,160.9466136097908,0.9999562501907349,428.02492809295654,205.62343937158585,0.960866391658783,327.8224096298218,207.38016718626022,0.9755755066871643,414.6634011268616,223.86084055900574,0.954444944858551,341.24529790878296,228.14947986602783,0.9680823087692261,400.76746463775635,248.24006521701813,0.9998271465301514,361.7730326652527,256.6487339735031,0.9997389912605286,397.657244682312,251.26814782619476,0.9930639863014221,370.54239320755005,339.41822469234467,0.967598021030426,400.4189839363098,332.84933507442474,0.9836665987968445,381.69766759872437,403.8798701763153,0.978258490562439
37,22.084999945946038,25.684964312344242,29.538997099223298,128.99111662525118,127.75545459862744,82.743789986464,173.92919684548096,75.08458929455368,175.25877602254565,376.2203869819641,121.65118598937988,0.9999886751174927,383.04556941986084,115.1826203763485,0.9999766945838928,370.0570373535156,114.99725067615509,0.9999739527702332,388.38733959198,119.00983336567879,0.9999672770500183,364.0657925605774,119.2169417142868,0.999957799911499,409.42992305755615,162.18100130558014,0.9999639391899109,343.1224789619446,161.05815595388412,0.999948263168335,424.9419012069702,205.10691142082214,0.9613879919052124,328.1171865463257,207.4619506597519,0.9756004214286804,412.7763133049011,225.24165785312653,0.9528806805610657,342.6520085334778,228.74905914068222,0.9662289023399353,400.85392141342163,246.36441588401794,0.9998197555541992,362.5262756347656,255.42148327827454,0.9997332096099854,396.5333571434021,245.3611330986023,0.9928757548332214,370.6000647544861,338.52776634693146,0.961720883846283,399.2648706436157,330.2783623933792,0.9816558361053467,382.45715284347534,403.83721911907196,0.9745661616325378
38,25.64379997784272,23.81837082943261,29.47049675468147,137.29278849532028,127.25178001781333,69.863037219998,173.12354830307524,61.32747531951582,174.7217722701293,375.7585849761963,121.34741473197937,0.9999887943267822,382.64611434936523,114.93814605474472,0.9999765753746033,369.7455048561096,114.7234448492527,0.9999728798866272,388.06658267974854,118.7253006696701,0.9999674558639526,363.8116788864136,118.87889575958252,0.9999504685401917,409.29039430618286,161.74115693569183,0.9999613761901855,343.0847473144531,161.54464012384415,0.9999445676803589,422.9086380004883,203.3332456946373,0.9622401595115662,328.56599855422974,207.87313306331635,0.9760025143623352,412.7467951774597,225.55165439844131,0.9533127546310425,343.7067003250122,229.21924644708633,0.9661213755607605,400.84358501434326,246.5366725921631,0.9998252987861633,363.1465353965759,255.3627063035965,0.9997417330741882,394.6961064338684,243.56146931648254,0.9927553534507751,370.6373920440674,337.77326714992523,0.95746910572052,398.82705211639404,326.63185369968414,0.979134202003479,382.8444266319275,403.8169050216675,0.9717140197753906
39,27.10470004240051,23.178482579707936,28.66644209499194,139.8407407520672,129.10274813680974,53.01437919438244,172.58587679880824,43.021767092459,174.41483299584854,375.179443359375,120.97878366708755,0.9999890923500061,382.0964403152466,114.63790056109428,0.9999768733978271,369.2786989212036,114.48631408810616,0.999972403049469,387.75272512435913,118.51798576116562,0.9999681711196899,363.45801734924316,118.73100599646568,0.9999451041221619,409.2219820022583,161.54670572280884,0.9999597072601318,343.0456762313843,161.84868204593658,0.9999417066574097,421.9875864982605,202.12440019845963,0.9631733894348145,329.54608631134033,208.0941663980484,0.976257860660553,412.1622705459595,225.6173404455185,0.9534915685653687,344.29984283447266,229.46170502901077,0.9656404256820679,400.6917486190796,246.78155291080475,0.9998318552970886,363.5958275794983,255.3682050704956,0.9997521042823792,392.4063792228699,239.13584518432617,0.9925680756568909,370.72389936447144,337.18475663661957,0.9533448219299316,398.53720331192017,321.1031712293625,0.9769579172134399,383.1491103172302,403.8075029850006,0.9696531295776367
40,27.32539997668937,23.235620222899144,27.814348592085643,141.30936114710943,130.6828311277601,54.512068792281426,172.3069074285467,43.67723520572776,174.37954441395308,374.84145069122314,120.48503428697586,0.9999893307685852,381.7010540962219,114.21027883887291,0.9999771118164062,368.99630546569824,114.19625413417816,0.9999719858169556,387.44116735458374,118.12437519431114,0.9999688267707825,363.16225481033325,118.5409993827343,0.9999400973320007,409.18857192993164,161.13520991802216,0.9999576807022095,343.01502084732056,162.04482847452164,0.9999375939369202,421.5816617012024,200.56746566295624,0.964079737663269,330.4600615501404,208.20778858661652,0.9763716459274292,411.9326457977295,225.3884293437004,0.9538543820381165,344.8488850593567,229.45805817842484,0.965301513671875,400.4924507141113,246.92107343673706,0.9998365640640259,363.86715173721313,255.33495604991913,0.9997598528862,390.65331077575684,238.28440529108047,0.9923276901245117,370.87469959259033,336.9655182361603,0.948607861995697,397.95247650146484,320.9411143064499,0.9748148918151855,383.2955889701843,403.80707561969757,0.9674715995788574
41,23.598600004334003,23.152764629654563,27.034552697838095,140.53589396612466,131.4126025348337,60.53253831397529,172.17224557676974,49.39892597243167,174.5026315404064,374.5611548423767,120.06680035591125,0.9999896287918091,381.4414310455322,113.87118583917618,0.9999775886535645,368.8002676963806,113.87831571698189,0.9999719858169556,387.2275400161743,117.77234727144241,0.9999697804450989,362.9813804626465,118.2893097102642,0.9999364614486694,409.21728134155273,160.95065933465958,0.9999561905860901,343.013605594635,162.229208111763,0.9999345541000366,421.6785054206848,200.8329164981842,0.965360164642334,331.27115297317505,208.46843868494034,0.9761649966239929,411.6390061378479,225.54154008626938,0.954406201839447,345.5796103477478,229.41372615098953,0.964652955532074,400.4775400161743,246.97190141677856,0.9998419880867004,364.15048027038574,255.3725926876068,0.999768078327179,389.7732763290405,239.40160942077637,0.9921475648880005,371.2277293205261,336.95882284641266,0.9443538784980774,397.5280523300171,322.4866096973419,0.9730236530303955,383.5630211830139,403.8063063621521,0.9655753970146179
42,24.71160003915429,23.242643143878272,26.43033986761059,140.62368918127257,131.26881317386142,73.47269184210322,172.1027409855128,62.943322878110244,174.36101821980148,374.2096667289734,119.53645426034927,0.9999890923500061,381.1652293205261,113.54899513721466,0.9999759197235107,368.55118322372437,113.5175624191761,0.999969482421875,387.10436248779297,117.50871986150742,0.9999678134918213,362.8642683029175,117.93560081720352,0.9999241828918457,409.23153495788574,160.74496841430664,0.9999480247497559,343.03794288635254,162.26883912086487,0.9999259114265442,421.9053249359131,201.01629894971848,0.965394914150238,331.79949712753296,208.66317480802536,0.9753609895706177,411.92377519607544,225.83741933107376,0.9522022604942322,346.3614869117737,229.37180161476135,0.9628579616546631,400.5016498565674,247.08877158164978,0.9998376369476318,364.21702241897583,255.3876929283142,0.9997639060020447,390.5772409439087,243.01834499835968,0.9917212128639221,371.23291015625,336.9535804986954,0.9378446340560913,397.49509716033936,326.16599702835083,0.9708085060119629,383.68688106536865,403.7899240255356,0.9618514180183411
43,22.639400034677237,23.27944448491952,26.18654457811117,140.55342087563892,131.02382557675875,87.50562513632808,172.02198256313758,77.40235309977948,174.33046668412308,373.9846920967102,119.32591274380684,0.9999887347221375,380.9584255218506,113.44577217102051,0.9999744892120361,368.30171966552734,113.35960820317268,0.9999675750732422,387.01777935028076,117.42603892087936,0.9999659061431885,362.68036127090454,117.81452822685242,0.9999158382415771,409.2184944152832,160.55080211162567,0.999941885471344,343.0313720703125,162.32194638252258,0.9999222755432129,422.0797801017761,201.06061673164368,0.9652557969093323,332.0442600250244,208.7221084833145,0.9754955172538757,412.1892614364624,225.74782931804657,0.9504947066307068,346.84542751312256,229.35470700263977,0.9626180529594421,400.6252064704895,247.17145252227783,0.9998311996459961,364.2829327583313,255.3736468553543,0.9997586607933044,391.1145062446594,245.80772984027863,0.9914175868034363,371.2362713813782,336.7009506225586,0.9342064261436462,397.5192070007324,328.33385026454926,0.9693483710289001,383.7299704551697,403.74297082424164,0.9593402147293091
44,25.37970000412315,23.234896705920143,26.42769983255196,140.7213405472627,130.26268053676455,125.2553378711075,171.16105329262342,114.91843046345384,173.78220286668468,373.9588384628296,119.03494107723236,0.9999892115592957,380.9290843009949,113.28519678115845,0.9999754428863525,368.2191548347473,113.18783584237099,0.9999686479568481,387.0357985496521,117.27864062786102,0.9999674558639526,362.5767192840576,117.649543851614,0.9999170899391174,409.15339279174805,160.29579323530197,0.99994295835495,343.0502505302429,162.31653308868408,0.9999215602874756,422.24415159225464,201.12819743156433,0.9669010639190674,332.1834349632263,208.71720802783966,0.9760430455207825,412.47006273269653,225.93742281198502,0.9520973563194275,347.46369075775146,229.3247771859169,0.963095486164093,400.94692373275757,246.16432344913483,0.9998337626457214,364.6601986885071,254.11328959465027,0.9997625946998596,391.2267155647278,251.73027217388153,0.9915086627006531,370.95084524154663,335.72028970718384,0.9324324727058411,397.7848448753357,328.5786451101303,0.9687982201576233,383.70378828048706,403.6963595151901,0.9587364196777344
45,29.720099992118776,23.084089854132515,26.3408327850949,140.821788299227,129.89802930498797,156.43533272467047,171.19323046260342,147.17525133723282,174.0477835520419,373.9168105125427,118.86609616875648,0.9999896287918091,380.8671669960022,113.16973692178726,0.9999762773513794,368.1412401199341,113.04553744196892,0.9999696612358093,387.0251841545105,117.12427628040314,0.9999687075614929,362.4992341995239,117.45684483647346,0.9999186396598816,409.16797494888306,160.1599907875061,0.9999418258666992,343.0391812324524,162.3373885154724,0.9999203085899353,422.47486305236816,201.21824330091476,0.9680662751197815,332.27426385879517,208.86107343435287,0.9763604402542114,412.6532874107361,226.51251405477524,0.9530349373817444,347.9141454696655,229.5603551864624,0.9635987877845764,401.44711446762085,246.21765863895416,0.9998314380645752,364.7487277984619,254.0845136642456,0.9997598528862,392.8006281852722,262.01644217967987,0.9913883805274963,371.1403121948242,335.1902712583542,0.9308234453201294,398.12066411972046,335.6332496404648,0.9686291217803955,383.78688383102417,403.7044509649277,0.9580384492874146
46,36.95739997783676,22.64525396916848,26.534221774131254,142.75251047136643,130.2457242792353,171.209700854602,171.12763722195666,163.66095271419016,174.49222331953467,373.8549690246582,118.6993880867958,0.9999902248382568,380.82475996017456,113.07304552197456,0.9999776482582092,368.067015171051,112.8870490193367,0.9999712705612183,387.04934453964233,116.9547903239727,0.9999706745147705,362.45126724243164,117.17887932062149,0.9999223947525024,409.1783366203308,159.8099928498268,0.999944269657135,343.04572677612305,162.3092678785324,0.999921441078186,422.521945476532,201.0847913622856,0.9697703719139099,332.27161026000977,208.81346493959427,0.9770005941390991,413.6135869026184,226.4773988723755,0.9551633596420288,347.9259223937988,229.80761450529099,0.9645347595214844,402.1023006439209,245.3308756351471,0.9998336434364319,364.8302311897278,253.11778485774994,0.9997614622116089,396.0363759994507,270.55807852745056,0.9914736747741699,371.443883895874,335.00168919563293,0.931503176689148,399.5155725479126,341.21911358833313,0.9688595533370972,383.71478176116943,403.7132831811905,0.9584389925003052
47,35.67710000788793,22.79249795514125,27.011961739300936,144.42870761308944,130.87594076618024,175.5829719329945,170.7868721454757,167.2511039494686,174.69250706162575,373.72752046585083,118.50884014368057,0.9999909400939941,380.72925567626953,112.9692171216011,0.9999792575836182,368.00643730163574,112.75411704182625,0.9999732375144958,387.0341558456421,116.84646746516228,0.9999728798866272,362.4296340942383,116.96628645062447,0.9999274611473083,409.1904926300049,159.5385873913765,0.9999476075172424,343.18287992477417,162.014086663723,0.999923825263977,422.5766854286194,200.74554878473282,0.971834123134613,332.2873296737671,208.40688383579254,0.9775320291519165,414.44911670684814,226.4061000943184,0.957550585269928,347.9100008010864,229.9828770160675,0.965365469455719,402.153603553772,243.40941274166107,0.9998382329940796,364.93945837020874,250.622256398201,0.999767005443573,396.0225520133972,281.2093324661255,0.9914170503616333,371.5445942878723,333.0368059873581,0.9300000667572021,400.12875604629517,347.661873459816,0.9687618613243103,383.71377086639404,402.8372412919998,0.9581891894340515
48,26.61830000579357,23.02205197566534,27.139822155942113,145.23350104994884,132.02480902698244,178.39767454423117,170.8785453414194,167.98598844541698,175.09775357831384,373.69845724105835,118.32387644052505,0.9999915361404419,380.7299885749817,112.8173955976963,0.9999805688858032,368.02882862091064,112.5525573194027,0.9999749660491943,387.0524277687073,116.71122059226036,0.9999747276306152,362.44707202911377,116.68250876665115,0.9999321699142456,409.3059368133545,159.38469314575195,0.9999502897262573,343.3885464668274,161.62210720777512,0.9999258518218994,422.916042804718,200.84241825342178,0.9739692807197571,332.2852826118469,207.86016964912415,0.977658212184906,415.1651334762573,226.85547471046448,0.9599438309669495,347.516206741333,230.0442894101143,0.9661917686462402,402.15648460388184,243.68486392498016,0.9998404383659363,365.01241970062256,250.7532296180725,0.9997738599777222,395.9814085960388,298.3069931268692,0.9916672706604004,371.38181495666504,331.40595149993896,0.930576503276825,401.8363342285156,358.4082874059677,0.9688543677330017,383.1599016189575,402.41546022892,0.9591000080108643
49,23.607000010088086,23.19742064020022,27.5187493285648,146.28365327952037,133.128800974441,179.39991038262357,170.74221875025773,165.92462989197318,174.94205865807976,373.7235527038574,118.20998358726501,0.9999922513961792,380.7526578903198,112.68506193161011,0.9999821782112122,368.0627694129944,112.37821364402771,0.9999770522117615,387.1340069770813,116.56469839811325,0.9999768733978271,362.46521759033203,116.46982330083847,0.9999379515647888,409.6520924568176,159.35902273654938,0.9999539256095886,343.7751884460449,161.28823518753052,0.9999300241470337,423.4905595779419,201.04387825727463,0.976032555103302,332.2850046157837,207.47035551071167,0.9774969816207886,416.37310218811035,226.96969521045685,0.962608277797699,346.8830580711365,230.0358560681343,0.9674034118652344,402.43799352645874,244.6911667585373,0.9998484253883362,365.34768295288086,250.81949973106384,0.9997878670692444,396.072389125824,311.62739980220795,0.9921216368675232,371.4014768600464,331.5326795578003,0.9319403767585754,404.66459035873413,368.15435314178467,0.9702355265617371,383.04076766967773,402.24343144893646,0.9609947800636292
50,24.760200001765043,23.15269452457999,27.793852717793662,147.88893913473547,134.9847844519256,179.84422230672928,171.30450269732947,166.83373917226484,175.08985325966597,373.7332067489624,117.975879997015,0.999992847442627,380.7745943069458,112.3645735681057,0.9999834299087524,368.16919136047363,112.08683598041534,0.99997878074646,387.37793588638306,116.21049091219902,0.9999784827232361,362.5632743835449,116.08107045292854,0.9999428391456604,410.13896465301514,159.01631850004196,0.999957263469696,344.42878246307373,160.78954261541367,0.999932587146759,424.0691452026367,201.0704746246338,0.9778270125389099,332.31942558288574,207.0697575211525,0.9760517477989197,417.72729682922363,226.92116075754166,0.9652064442634583,345.6839599609375,229.89254623651505,0.9682685136795044,402.76446199417114,246.36957275867462,0.9998471736907959,365.58291816711426,251.47202956676483,0.9997892379760742,396.404417514801,319.3389502763748,0.9920921921730042,371.791934967041,331.5176932811737,0.9317020177841187,405.3102488517761,381.2565470933914,0.9713765382766724,383.3467655181885,401.728342294693,0.9619013071060181
51,23.92209996469319,23.31418191472036,27.752301424681125,148.97176731348648,135.73051695583948,178.65420562787799,172.5585100226668,168.44284994274733,175.52505924933752,373.7756390571594,117.4901437163353,0.9999934434890747,380.941442489624,111.85910013318062,0.9999847412109375,368.4514584541321,111.5358837544918,0.9999805688858032,388.1988582611084,115.80031993985176,0.9999802112579346,363.03435134887695,115.31421327590942,0.9999479651451111,410.9658260345459,158.88347911834717,0.9999605417251587,345.4076318740845,160.20896685123444,0.9999357461929321,424.8859987258911,201.33726453781128,0.9795199036598206,332.42655515670776,206.9640558362007,0.9745816588401794,419.03650665283203,226.92996448278427,0.9678118228912354,344.99561643600464,229.87186175584793,0.9690845012664795,402.79114961624146,249.4014731645584,0.9998401403427124,365.6266899108887,253.4458874464035,0.9997825026512146,397.55481576919556,327.935916185379,0.9923290014266968,372.281334400177,332.7929798364639,0.936255156993866,406.17135429382324,391.3106007575989,0.973294734954834,383.5364599227905,401.75805842876434,0.9641395807266235
52,30.931799963582307,23.08216246906421,27.402607688102652,149.04305187222485,137.17560345593193,177.0105802537235,173.81426416441263,170.46506504248975,174.87267564436382,374.35968351364136,117.43128126859665,0.9999940395355225,381.6226592063904,111.7482059597969,0.9999861121177673,369.0053782463074,111.33643236756325,0.9999823570251465,389.34720945358276,115.63092657923698,0.9999819993972778,363.47247314453125,115.01338371634483,0.9999529123306274,411.94717741012573,158.80131101608276,0.9999641180038452,346.36651611328125,159.77583211660385,0.9999401569366455,425.73944664001465,202.0290407538414,0.9809679985046387,332.84443378448486,206.87247145175934,0.9738414883613586,419.85947608947754,226.97869837284088,0.9702870845794678,344.46042346954346,229.86332869529724,0.970332682132721,403.1231780052185,252.3879019021988,0.999846339225769,365.6892137527466,255.7516657114029,0.9997885823249817,399.67723989486694,334.7118215560913,0.9925567507743835,373.11034393310547,337.3374400138855,0.9409332275390625,407.7681636810303,399.3199678659439,0.9750490188598633,384.95229387283325,402.3401299715042,0.9659717679023743
53,28.536300000268966,22.73338785456099,27.02705037125856,149.10968191496707,139.6284727566577,175.85936901595923,175.40475066462673,173.01706438713188,176.46779508738294,375.416624546051,117.40199249982834,0.9999945759773254,382.64095878601074,111.62363609671593,0.9999873042106628,370.0492534637451,111.19420519471169,0.9999839067459106,390.5987730026245,115.39856094121933,0.9999836087226868,364.7644724845886,114.78773483633995,0.9999573230743408,413.22734928131104,158.80524277687073,0.9999673366546631,347.4926781654358,159.5322623848915,0.9999441504478455,426.6553678512573,202.9204393029213,0.9822676777839661,333.5998249053955,206.87700152397156,0.9733771085739136,420.58044624328613,227.35675996541977,0.9726002216339111,343.85474586486816,229.89077979326248,0.9715152978897095,403.49950885772705,254.5091153383255,0.999853253364563,365.96728563308716,257.5573126077652,0.9997950196266174,401.1027784347534,337.04734444618225,0.9927145838737488,374.64553928375244,339.05809819698334,0.9454216957092285,407.4747009277344,405.4792990684509,0.9766942262649536,385.482533454895,403.0610097646713,0.96761554479599
54,36.06980002950877,22.85905395558418,26.85347449204739,148.24282515140206,142.30953398909307,175.27425317757363,176.01531287380163,173.34868092540526,176.94989757072892,376.72692108154297,117.41417953372002,0.9999950528144836,383.9057903289795,111.60892048478127,0.9999884366989136,371.004271030426,111.21739688515663,0.9999853372573853,391.96102952957153,115.23173177242279,0.9999850988388062,365.9150981903076,114.79286321997643,0.9999613165855408,414.7735381126404,158.8093312382698,0.9999703168869019,348.87709856033325,159.49150598049164,0.9999477863311768,427.8899736404419,203.47352123260498,0.9835827350616455,334.6089758872986,206.88024950027466,0.9734323024749756,421.18028593063354,227.84724712371826,0.974852442741394,343.4097247123718,229.88602179288864,0.9727602005004883,403.72081899642944,255.91970574855804,0.9998582005500793,366.4428105354309,258.1335434913635,0.9997977614402771,401.1681580543518,338.6416734457016,0.9928472638130188,375.17668867111206,339.6909692287445,0.9495349526405334,407.09154653549194,407.96491265296936,0.9781410098075867,385.47654390335083,403.54871904850006,0.9688388109207153
55,23.66429998073727,23.564712795692042,26.41621514422305,144.02712875041283,145.30843469857635,175.0234965855336,176.3107423238906,173.5271992426473,176.52207520543493,377.99637746810913,117.42942222952843,0.9999955296516418,385.2547535896301,111.57815730571747,0.9999894499778748,372.2411513328552,111.19226068258286,0.9999866485595703,393.63019371032715,115.14950668811798,0.9999864101409912,367.6129970550537,114.6818408370018,0.9999649524688721,416.3950386047363,158.91538906097412,0.999972939491272,350.49902868270874,159.50159180164337,0.9999509453773499,429.913330078125,204.28346395492554,0.9848239421844482,336.0672674179077,206.70428895950317,0.9734431505203247,421.36522912979126,228.5835975408554,0.976917028427124,343.06976079940796,228.65781664848328,0.9738056063652039,404.3816156387329,257.1498340368271,0.9998641610145569,366.90804958343506,258.4519876241684,0.9998038411140442,401.5122666358948,339.49150359630585,0.9929291009902954,375.0925064086914,340.068275809288,0.9533792734146118,406.9638452529907,409.117231965065,0.9794504642486572,385.45693254470825,404.0291631221771,0.9703997373580933
56,26.912999979685992,23.603311059897358,25.23170268691963,139.88808370467402,150.72609324195835,174.536971064373,176.59190890436173,174.790765115248,176.50965954724046,380.03494787216187,117.19419324398041,0.9999959468841553,387.5700058937073,111.29162311553955,0.9999904036521912,374.1854305267334,110.88949373364449,0.9999878406524658,396.0031681060791,115.00611138343811,0.9999876618385315,369.6219229698181,114.50737607479095,0.9999682307243347,418.23673725128174,159.3928843140602,0.999975323677063,351.93447399139404,159.66050046682358,0.9999537467956543,431.8824520111084,206.4852927327156,0.9859898090362549,338.16851329803467,206.5326163172722,0.9733482599258423,421.7310719490051,229.33695709705353,0.9787971377372742,343.1271290779114,228.17123275995255,0.9745229482650757,405.2145929336548,259.06406021118164,0.9998698234558105,367.4816312789917,259.34529507160187,0.9998098611831665,402.380802154541,341.0102459192276,0.9930082559585571,375.23989486694336,340.5638486146927,0.9569128751754761,406.27135705947876,409.9786579608917,0.9806689023971558,385.3438639640808,404.7429486513138,0.9718981981277466
57,39.91759999189526,23.057438647461073,25.029222490290163,137.02125134884474,154.71795449778335,174.65629628312453,176.51840111860082,175.60818127631853,176.2108395539654,383.13129329681396,116.98602360486984,0.9999963045120239,390.28170585632324,110.93185275793076,0.999991238117218,377.0261206626892,110.76684701442719,0.9999889135360718,398.36102962493896,114.63614124059677,0.9999887347221375,371.86954641342163,114.4715984761715,0.9999711513519287,420.64575004577637,159.79841125011444,0.9999774098396301,354.191978931427,159.69285202026367,0.9999561309814453,433.86870861053467,208.12462329864502,0.9870402216911316,340.14857816696167,206.37883603572845,0.973452091217041,422.4953589439392,229.80963736772537,0.9805320501327515,343.40206718444824,228.04374969005585,0.9754658937454224,407.0740327835083,259.4591736793518,0.9998746514320374,368.6991276741028,259.2860622406006,0.9998149871826172,403.65776443481445,340.59370720386505,0.9929076433181763,375.53040075302124,340.5346738100052,0.9596961140632629,406.0711998939514,410.3782160282135,0.9814831018447876,385.31793451309204,405.28835225105286,0.9729498028755188
58,27.253300009761006,22.061148017266003,24.609174616927437,138.1922669851688,158.01789454341173,174.36754702986525,176.36009375632304,177.20027981906097,176.15176766450682,386.219425201416,116.72118532657623,0.9999966025352478,392.99330472946167,110.30620419979095,0.9999919533729553,379.5875005722046,110.62149295210838,0.9999898672103882,400.82157278060913,114.0751316845417,0.9999896883964539,373.87943267822266,114.45942568778992,0.999973714351654,422.94950342178345,159.85931080579758,0.9999793171882629,356.1219792366028,159.68973225355148,0.999957263469696,435.1740770339966,208.80364978313446,0.9879758954048157,342.22204971313477,206.01459258794785,0.9729210138320923,424.0121307373047,229.9883472919464,0.9821440577507019,344.18475246429443,227.2522549033165,0.9759469032287598,408.8769636154175,259.5162127017975,0.9998801946640015,369.95132303237915,259.2614744901657,0.9998204112052917,405.44654273986816,341.1886281967163,0.9926812648773193,375.99819231033325,340.3023580312729,0.9618695378303528,405.9282341003418,411.1315470933914,0.981999933719635,385.301381111145,405.5438312292099,0.9734417200088501
59,24.130099976900965,21.553824157082587,24.69280929595253,139.326882882737,158.1803596156127,174.2790376180475,175.87565742517896,177.4239208511923,175.53773050148786,389.171591758728,116.34877207875252,0.9999969005584717,395.8934860229492,109.71352687478065,0.9999926686286926,382.4386029243469,110.28297689557076,0.9999907612800598,403.3143129348755,113.59572753310204,0.9999905824661255,376.07416105270386,114.34487041831017,0.9999760985374451,424.9832468032837,159.82127529382706,0.9999810457229614,358.2501149177551,159.36118805408478,0.9999586939811707,436.2326354980469,208.48124539852142,0.9888095855712891,344.2493486404419,204.66742318868637,0.9731664657592773,424.9759178161621,229.9622352719307,0.9836117625236511,346.0802307128906,227.19114166498184,0.9768413305282593,409.8040804862976,260.9447239637375,0.9998844265937805,371.44681549072266,259.32577872276306,0.9998248219490051,405.8654828071594,341.025346159935,0.992549479007721,376.24353647232056,340.1590481996536,0.9639700055122375,405.57745361328125,409.89449548721313,0.9824947118759155,385.2772207260132,405.61141192913055,0.9742608070373535
60,33.414000004995614,21.768610197007515,23.338853415725026,137.99054866192802,160.5205793372431,173.91231172904565,175.73745668996546,177.77216008720166,175.29665397155347,391.737672328949,116.07696774601936,0.9999971985816956,398.5345244407654,109.35348585247993,0.9999933242797852,384.978551864624,109.98319438099861,0.9999915957450867,405.62835216522217,113.19896870851517,0.9999914169311523,378.26709508895874,114.07325127720833,0.9999783039093018,426.6400022506714,159.73594468832016,0.9999827146530151,359.7278661727905,158.8006842136383,0.9999604821205139,437.5648431777954,208.24169290065765,0.9895930886268616,346.7984209060669,203.24969577789307,0.9736119508743286,425.6964330673218,229.3765596151352,0.9849867224693298,348.14157152175903,226.82608622312546,0.977788507938385,410.2060122489929,262.61492455005646,0.9998903274536133,372.34661293029785,259.82169342041016,0.9998306035995483,406.036096572876,342.49861681461334,0.9925021529197693,376.3632769584656,340.2926995754242,0.9661274552345276,405.14034271240234,410.0000832080841,0.9829740524291992,385.0367794036865,405.63805103302,0.9750028252601624
61,42.94569999910891,21.4402010947491,22.339034477293737,139.33100564441338,160.56541738954778,173.40983986486458,176.0608910674873,178.23544059348558,175.46262946168366,394.5829367637634,115.97053241729736,0.9999974370002747,401.2283568382263,109.14498856663704,0.9999939203262329,387.7602310180664,109.90360471606255,0.999992311000824,408.00276708602905,112.85045942664146,0.9999921917915344,380.7827067375183,113.97390308976173,0.9999803304672241,428.79942512512207,159.54023987054825,0.9999842643737793,361.6219291687012,157.35429483652115,0.999962568283081,438.8270969390869,208.0746073126793,0.990215539932251,349.2406415939331,201.0034637451172,0.974543035030365,427.321496963501,228.8352017402649,0.9862050414085388,350.777277469635,225.43881571292877,0.978988528251648,411.21076583862305,261.7228991985321,0.9998977184295654,373.18770265579224,258.8216586112976,0.9998390674591064,406.81433391571045,340.9434914588928,0.9926027655601501,376.8257865905762,340.0746293067932,0.9682865142822266,405.1186842918396,409.74138474464417,0.9834237694740295,384.9528498649597,405.3127120733261,0.9753785133361816
62,27.35640003811568,22.146595177189294,21.760284064365543,138.58230813561772,160.22299718120524,173.04684229394823,176.04043876558399,179.73173031999232,175.85312376823654,396.79275274276733,115.84362629055977,0.9999976754188538,403.20425176620483,109.03234931826591,0.9999944567680359,389.91806173324585,109.68393895030022,0.9999929666519165,409.42446422576904,112.71244892477989,0.999992847442627,382.5639033317566,113.79030695557594,0.9999821186065674,430.4176149368286,159.44272935390472,0.9999856948852539,363.2417869567871,156.27629435062408,0.9999641180038452,440.96205615997314,208.00615763664246,0.9907934069633484,351.0747332572937,199.76028656959534,0.9749491214752197,429.9320316314697,227.76848369836807,0.9872922897338867,352.7983088493347,223.5428950190544,0.9797057509422302,412.6154294013977,261.483859539032,0.9999046921730042,374.1504535675049,257.8749589920044,0.9998469948768616,408.60824251174927,339.4261167049408,0.9927922487258911,377.2351989746094,339.3287343978882,0.9702836275100708,405.30259132385254,410.1824827194214,0.9840088486671448,384.498149394989,404.9509046077728,0.9756678938865662
63,23.356399964541197,22.054262192480593,22.199018745211053,139.88970599012023,157.63441874773414,172.99973369926644,176.16235904486743,179.878449852237,176.55134100335314,398.38923358917236,115.74932813644409,0.9999978542327881,404.8089966773987,108.98916405439377,0.9999949336051941,391.58692264556885,109.57286670804024,0.9999935030937195,411.10805892944336,112.70314660668373,0.9999933838844299,384.8712453842163,113.73717832565308,0.9999836683273315,432.38400745391846,159.42237251996994,0.9999869465827942,365.193470954895,155.6301892399788,0.9999654293060303,442.53071212768555,207.94913285970688,0.9912002086639404,352.27736949920654,198.9050431251526,0.9757616519927979,432.92150020599365,225.79523837566376,0.9882292747497559,354.6404118537903,222.38489174842834,0.980597198009491,414.01827335357666,261.0454397201538,0.9999112486839294,375.1319818496704,257.34910023212433,0.9998548030853271,409.51385259628296,340.5206277370453,0.9929429292678833,377.6145119667053,338.94040179252625,0.9721763730049133,405.43046951293945,409.95931255817413,0.9843236804008484,383.39925622940063,402.60959804058075,0.975237250328064
64,24.319399963133037,21.67448358076953,22.379820734372636,143.14577798884034,155.8550298761596,172.57387361208526,176.33857889257732,178.19685500222616,177.48099748364703,400.0058059692383,115.74005430936813,0.9999979734420776,406.3159122467041,109.01205658912659,0.999995231628418,393.22709941864014,109.58097952604294,0.9999938607215881,412.66592359542847,112.72532686591148,0.9999937415122986,386.72580766677856,113.74086791276932,0.9999848008155823,433.87901973724365,159.41524976491928,0.9999879598617554,367.1183156967163,155.3817475438118,0.9999660849571228,443.6641273498535,207.79751789569855,0.9913644194602966,353.6637864112854,198.29401046037674,0.9764209389686584,435.54027366638184,224.89043480157852,0.9888901710510254,356.43571043014526,221.7598557472229,0.9812927842140198,415.48141717910767,261.24786841869354,0.999916672706604,375.99556398391724,257.4287041425705,0.9998607039451599,411.5540404319763,341.12728703022003,0.9931512475013733,377.8597044944763,338.92658364772797,0.9739739298820496,406.02386474609375,409.59331691265106,0.9847293496131897,381.91187620162964,399.46632623672485,0.9749283194541931
65,21.456299989949912,21.207102069571587,23.103302650659998,145.50349440123998,153.00264333727054,172.25737388258943,176.18149450216052,177.42728225161187,179.85836704681682,401.55194425582886,115.74417838454247,0.9999979734420776,407.7762508392334,109.0484324991703,0.999995231628418,395.00377225875854,109.60632941126823,0.9999937415122986,414.27675914764404,112.80498775839806,0.9999934434890747,388.8076696395874,113.76950851082802,0.9999848008155823,435.4996862411499,159.521222114563,0.9999886155128479,369.03810596466064,155.39442604780197,0.9999648928642273,444.61694622039795,207.76067900657654,0.9912977814674377,354.60692596435547,198.1056563258171,0.9769838452339172,437.3201560974121,224.30953139066696,0.9893638491630554,358.0162696838379,221.39508521556854,0.9816629886627197,416.6477370262146,261.1932511329651,0.9999212622642517,376.9335985183716,257.20798420906067,0.9998651146888733,412.7935743331909,341.08859622478485,0.9931687712669373,377.79642248153687,337.4814051389694,0.975471556186676,406.429536819458,409.24418795108795,0.9847908020019531,378.2429094314575,391.4285535812378,0.973580539226532
66,24.622200056910515,21.51991818064438,23.50802213770921,146.7822115076923,150.825256576325,172.15746541884496,175.22023537898446,176.8105723403182,176.9496684360893,402.82248735427856,115.81849721074104,0.9999979734420776,409.0747957229614,109.23992064595222,0.999995231628418,396.0112552642822,109.7200014591217,0.9999937415122986,415.75286769866943,113.03220364451408,0.9999932050704956,389.8544006347656,113.86575117707253,0.9999851584434509,436.73479747772217,160.03225129842758,0.9999892115592957,370.01586866378784,155.50316202640533,0.9999645352363586,445.98408031463623,207.74912589788437,0.9912285208702087,355.29671001434326,198.40535336732864,0.9776844382286072,439.33203887939453,224.0106605887413,0.9897512793540955,359.43589448928833,221.32196301221848,0.9820766448974609,417.9242949485779,261.0333310365677,0.9999253153800964,378.06615447998047,256.18250691890717,0.9998692870140076,414.1620478630066,340.593279838562,0.9932502508163452,377.78449392318726,333.7162598371506,0.9769324660301208,407.07992124557495,409.1627606153488,0.9851005673408508,374.7061171531677,387.7869453430176,0.972769021987915
67,27.65840000938624,22.271886909909384,22.936398131541274,146.23719269033873,150.85190077363362,172.1612685841198,174.02946256016804,176.96376666486927,176.11868470310282,403.544695854187,116.07157582044601,0.9999979138374329,409.9550070762634,109.68774250149727,0.9999951720237732,396.52297019958496,110.21251147985458,0.999993622303009,416.7402591705322,113.37375399470329,0.9999927282333374,390.6166911125183,114.30877229571342,0.9999852776527405,437.76520252227783,160.47693914175034,0.9999897480010986,370.84417057037354,155.5752727985382,0.9999637603759766,447.34934425354004,207.74161851406097,0.9911237359046936,356.5116286277771,198.62991958856583,0.9783161878585815,440.7222719192505,223.90007269382477,0.9900758862495422,360.8294382095337,221.40301996469498,0.9823498129844666,418.5832214355469,260.9456926584244,0.9999293684959412,378.7170696258545,255.07226884365082,0.9998734593391418,414.4432282447815,340.73089146614075,0.9932952523231506,376.83013343811035,329.8070924282074,0.9783912897109985,407.24879121780396,409.1055791378021,0.9854024648666382,372.08332538604736,380.70917761325836,0.9700802564620972
68,25.656100013293326,23.30299889590445,22.824375385666876,145.55846674509448,149.65074958378372,172.53694727171236,170.4233335491308,177.7152956365539,178.87088556458502,403.7306499481201,116.38762670755386,0.9999978542327881,410.275182723999,110.12658256292343,0.9999949336051941,396.86455154418945,110.7324583530426,0.9999933242797852,417.3318600654602,113.67818766832352,0.9999915361404419,391.2857012748718,115.00044879317284,0.9999850988388062,438.77624893188477,160.78720635175705,0.9999901056289673,371.8210234642029,155.652996301651,0.9999630451202393,448.9500961303711,207.67017728090286,0.9910573363304138,357.4676570892334,198.65153002738953,0.9788842797279358,442.2862777709961,224.00108760595322,0.9903186559677124,362.288791179657,221.54986268281937,0.9824798703193665,419.21695137023926,260.8575129508972,0.999932587146759,379.3272457122803,253.99442505836487,0.9998780488967896,414.16192150115967,341.2878054380417,0.9934327006340027,372.95757246017456,323.8253742456436,0.9800837635993958,407.19106912612915,408.9627821445465,0.9859688878059387,369.6988773345947,369.4794420003891,0.9680622816085815
69,28.399800008628517,24.66830185953813,22.734132041826197,142.30595109301322,147.35421659897025,172.80005486759654,167.77621264950776,178.12108851803478,174.1611251502799,404.4408793449402,116.55551716685295,0.9999976754188538,411.0612292289734,110.60958370566368,0.999994158744812,397.90317010879517,110.95319253206253,0.9999926686286926,418.0529818534851,114.33251243829727,0.9999889731407166,392.34006452560425,115.24901157617569,0.9999845623970032,439.2140169143677,160.96432077884674,0.9999903440475464,372.63494539260864,155.71408104896545,0.9999635815620422,450.410080909729,207.4966384768486,0.9909801483154297,358.2086682319641,198.8923218846321,0.9794282913208008,442.87760066986084,224.28430259227753,0.9904432892799377,363.96386909484863,221.68549418449402,0.982711136341095,419.5595941543579,260.7783933877945,0.9999342560768127,379.8955202102661,253.20627796649933,0.999883234500885,413.9810471534729,341.7809280157089,0.9935287237167358,370.80302715301514,318.19372522830963,0.9817798137664795,407.14926862716675,408.8222644329071,0.9865683317184448,369.1701035499573,362.1857693195343,0.9682349562644958
70,23.454800015315413,25.909486366549658,22.558156882343436,139.8564023793418,144.30484321736992,172.46125702379348,166.27557378858327,178.24616322753383,171.8390645769271,404.7212510108948,116.8743388056755,0.9999976754188538,411.42143630981445,110.96333533525467,0.9999936819076538,398.3536500930786,111.28200739622116,0.9999923706054688,418.58605194091797,114.67620673775673,0.9999868273735046,393.103214263916,115.63807782530785,0.999984622001648,439.7958879470825,161.57690620422363,0.999990701675415,373.5646653175354,155.73109018802643,0.999965488910675,451.53540897369385,207.54702484607697,0.9912859797477722,358.8753786087036,199.32289242744446,0.9800302982330322,443.0061864852905,225.1764419078827,0.990782618522644,366.0564212799072,222.70487439632416,0.9830639362335205,419.6048822402954,260.0805343389511,0.9999356269836426,380.1551938056946,251.52485191822052,0.9998912215232849,413.8453092575073,341.52425241470337,0.9935615062713623,370.66132497787476,306.55303514003754,0.9833723306655884,407.02002573013306,408.72992503643036,0.9871519804000854,369.2697525024414,355.5210644006729,0.9691824913024902
71,32.18949999427423,27.1240623032111,22.564801362484626,138.62464848204093,143.39011809072036,172.3719049899236,163.07394307846738,178.45331580252372,168.33450451550553,404.8937602043152,117.70797181129456,0.9999976754188538,411.774188041687,111.90015569329262,0.9999934434890747,398.9535150527954,111.95631861686707,0.9999922513961792,418.79313373565674,115.48313653469086,0.99998539686203,393.8162236213684,116.1751549243927,0.9999850392341614,439.7663698196411,162.28305613994598,0.999991238117218,374.23226022720337,156.1499651670456,0.9999677538871765,452.221604347229,207.66131657361984,0.9916677474975586,359.5238676071167,200.0960247516632,0.9805054664611816,443.37324237823486,225.78144872188568,0.9911887645721436,367.52454376220703,224.5670332312584,0.9832700490951538,419.81997537612915,257.9634521007538,0.9999368190765381,380.83590507507324,249.19038319587708,0.9998994469642639,413.7698965072632,341.3935641050339,0.9936495423316956,371.0895400047302,291.86078584194183,0.9848397970199585,407.0076928138733,409.2100557088852,0.9878630638122559,369.8663067817688,350.22136425971985,0.9706754088401794
72,24.61680001579225,27.491780816266964,22.8838244473424,135.58488007407882,141.76998912926697,172.88094841053837,154.67423885630654,178.8285269512946,159.77784612763745,405.69587993621826,118.30772915482521,0.9999975562095642,412.63342332839966,112.36193814873695,0.999992847442627,400.0459384918213,112.47872996330261,0.9999920129776001,419.46631383895874,116.02946609258652,0.9999824166297913,394.79787826538086,116.67569941282272,0.9999853372573853,440.39600563049316,163.09422397613525,0.999991238117218,374.6066198348999,156.845858335495,0.9999698996543884,453.18670558929443,208.847312271595,0.991669237613678,359.68998289108276,201.27133631706238,0.9810674786567688,443.1938591003418,227.02701914310455,0.9912644624710083,368.2082118988037,225.10162448883057,0.9837137460708618,420.56578826904297,257.4159971475601,0.9999358654022217,381.53741550445557,248.5208442211151,0.9999071359634399,413.6713342666626,340.3197375535965,0.9935076832771301,371.4278359413147,274.85401153564453,0.986089825630188,406.4978733062744,409.43650233745575,0.9883628487586975,370.5157561302185,341.8334084749222,0.9718384742736816
73,27.875799976754934,27.86225322149747,22.97793401565118,134.82750238382684,139.75535194543713,173.0238192924779,151.36042949690759,178.48789525049548,158.92605451486963,406.37502431869507,118.89393189549446,0.9999974370002747,413.2919707298279,112.77693834900856,0.9999923706054688,400.956148147583,112.89831009507179,0.9999918937683105,419.82912397384644,116.61629563570023,0.9999799132347107,395.5371961593628,116.98620167374611,0.9999856948852539,440.8337230682373,163.59529554843903,0.9999911785125732,374.7865843772888,157.19322085380554,0.9999719262123108,453.9609498977661,209.66471964120865,0.9914458990097046,359.7131323814392,202.6168532371521,0.9816396236419678,443.6804027557373,228.0085205435753,0.991176426410675,368.7945308685303,225.22275406122208,0.9840784668922424,421.01839113235474,257.15915060043335,0.9999348521232605,382.13861989974976,248.17430794239044,0.999914288520813,413.8931498527527,338.9056142568588,0.9934783577919006,375.0035982131958,264.18506467342377,0.9872760772705078,405.87225580215454,409.3744204044342,0.9889792799949646,371.3033695220947,336.093892455101,0.9733476638793945
74,23.973500006832182,27.477649568232327,23.08148590418235,136.61800673677698,137.9295514516248,172.26665116987334,143.1317001380927,177.17952573106462,152.3931304315159,406.9273772239685,119.13006547093391,0.9999974370002747,413.99310207366943,113.01654070615768,0.9999921917915344,401.62414741516113,112.98215916752815,0.9999919533729553,420.523229598999,117.15619334578514,0.9999786615371704,396.0854802131653,117.10241654515266,0.9999862313270569,441.12577056884766,164.20679831504822,0.9999913573265076,374.9515118598938,157.67441993951797,0.9999738335609436,453.699330329895,210.4162557721138,0.9912684559822083,359.62134313583374,203.9103882908821,0.9820787906646729,443.927414894104,228.6711077094078,0.9912276864051819,368.9879403114319,225.22100186347961,0.9842447638511658,420.99463510513306,256.87817215919495,0.9999353289604187,382.3974595069885,247.5146553516388,0.9999207854270935,414.50600481033325,338.90891921520233,0.9932958483695984,378.64782333374023,253.48503410816193,0.988290011882782,405.4023666381836,409.5517485141754,0.9894253015518188,372.72898387908936,328.29718232154846,0.9741897583007812
75,22.696100000757724,27.635004838556135,22.97601201364496,136.20077065222407,136.9979225241743,171.16100640310458,14.502360918835166,175.88670907148088,24.27604991072714,407.3374719619751,119.39127114415169,0.9999973177909851,414.6169505119324,113.4942638874054,0.9999919533729553,402.35552978515625,113.10932883620262,0.9999918341636658,421.2621431350708,117.9170246720314,0.9999770522117615,396.73927640914917,117.16766810417175,0.9999862909317017,441.3936576843262,165.2481878399849,0.999991238117218,374.7200927734375,158.3889462351799,0.9999748468399048,453.7564458847046,211.67004585266113,0.9908549189567566,359.6391348838806,204.92291641235352,0.980596661567688,443.761173248291,229.78640294075012,0.990852952003479,369.1307039260864,225.23566049337387,0.9820257425308228,420.85050678253174,256.2390331029892,0.9999305605888367,382.46923303604126,246.6199803352356,0.9999247789382935,415.2434778213501,338.8372073173523,0.9929030537605286,381.1382131576538,242.86580407619476,0.9890545010566711,405.30569982528687,409.5772479772568,0.9896504878997803,374.5688123703003,321.85248506069183,0.9748758673667908
76,23.159700038377196,27.36374318638279,23.33090191069354,137.29105694242682,135.50818340001973,170.72862259421873,3.3319241126234385,175.4571358374081,12.38016322695035,407.9396619796753,119.51353323459625,0.9999971985816956,415.16558837890625,113.57850471138954,0.9999916553497314,402.7894058227539,113.16722971200943,0.9999915957450867,421.6861882209778,117.9844985306263,0.9999756217002869,397.11623907089233,117.18286094069481,0.9999861717224121,441.7236137390137,165.71757739782333,0.9999910593032837,374.6929249763489,158.881627202034,0.9999751448631287,453.5816116333008,212.0653160214424,0.990502655506134,359.531373500824,205.2132826447487,0.9784775972366333,443.5392818450928,230.6709921360016,0.9907090067863464,369.1471815109253,224.6082739830017,0.9794233441352844,420.8077964782715,256.22344851493835,0.9999246597290039,382.6793475151062,246.45547318458557,0.9999275803565979,415.4088854789734,338.7897127866745,0.9922884106636047,381.49730825424194,238.58636736869812,0.989567756652832,405.08411169052124,409.7017252445221,0.9896053075790405,376.2383303642273,316.9884411096573,0.9745389819145203
77,25.629299983847886,26.994739816098,23.436740394627947,138.05266066884923,131.66697951871993,170.6894070488162,1.2765938335510536,175.35407000972663,7.6742730050905275,408.18470287323,119.48908081650734,0.9999969005584717,415.5140438079834,113.58594086766243,0.9999909996986389,402.9435420036316,113.1518018245697,0.9999911189079285,421.9442443847656,118.04296922683716,0.9999725818634033,397.1519994735718,117.16851571202278,0.9999856948852539,441.82071018218994,165.72734981775284,0.9999905228614807,374.5873622894287,158.97066164016724,0.9999749064445496,453.32322692871094,212.00665301084518,0.9898104667663574,359.4084234237671,205.35214787721634,0.9773969650268555,443.37824630737305,230.7186718583107,0.9904056787490845,369.9312062263489,223.42363160848618,0.9783549904823303,420.87418699264526,256.1904844045639,0.9999180436134338,382.71760988235474,246.35686576366425,0.9999291300773621,415.50931787490845,338.56332314014435,0.9913899302482605,382.0210781097412,236.4919924736023,0.9897434711456299,405.0189847946167,409.8422429561615,0.9893044233322144,377.03701305389404,314.936318397522,0.9730265736579895
78,22.865100007038563,26.667335147997274,23.519941008706613,138.9249192874632,128.91398012768727,170.64596698807213,2.8457710464518775,175.2379984759583,5.509218885207725,408.3525114059448,119.50699454545975,0.9999968409538269,415.7635579109192,113.72636598348618,0.9999908804893494,403.02173471450806,113.15202262997627,0.9999911785125732,422.2418518066406,118.15290895104408,0.9999716877937317,397.2221050262451,117.15694835782051,0.9999860525131226,441.9488916397095,165.6858526468277,0.9999903440475464,374.5973196029663,159.02470910549164,0.9999756217002869,453.13191509246826,211.9570216536522,0.9891641736030579,359.3914403915405,205.2642530798912,0.977641224861145,443.3499917984009,230.7574338912964,0.9901387095451355,370.81758403778076,222.93817311525345,0.9785450100898743,420.90011644363403,256.278094291687,0.9999148845672607,382.74730491638184,246.6049085855484,0.9999318718910217,415.5307741165161,338.71990978717804,0.9910746812820435,382.332332611084,236.98767924308777,0.9902188181877136,404.91539335250854,409.84802663326263,0.9893534183502197,378.04608821868896,317.73576056957245,0.9733842015266418
79,25.072599994018674,26.329658963168022,23.97859431590222,138.7875508880385,127.21443517950927,170.6910326062877,3.216950338883932,175.18877924833663,5.105688732015017,408.2636032104492,119.55772280693054,0.9999967217445374,415.8097810745239,113.85434764623642,0.9999906420707703,402.9293894767761,113.19082027673721,0.9999910593032837,422.4561867713928,118.24497056007385,0.9999703168869019,397.34482765197754,117.16815957427025,0.9999861121177673,442.14515686035156,165.72299069166183,0.9999901056289673,374.9996557235718,159.12176376581192,0.9999761581420898,452.9994878768921,211.86251693964005,0.9885739088058472,359.31772089004517,205.21386671066284,0.9775401949882507,442.93795108795166,230.80599683523178,0.9898107051849365,371.1280550956726,222.72624266147614,0.9781978130340576,421.00110483169556,256.645058631897,0.9999115467071533,382.95959281921387,246.777792096138,0.9999340772628784,415.5356516838074,339.31195318698883,0.990723192691803,382.7014355659485,239.27924048900604,0.9906160831451416,404.8767771720886,409.8422714471817,0.9893093705177307,378.19062089920044,321.6660398244858,0.9733643531799316
80,28.389499988406897,26.150078078932946,24.333344854548482,138.89327923270383,126.52499852957203,170.60592135925555,148.6436921327536,175.2227862622588,156.6606154630021,408.1518235206604,119.57758104801178,0.9999966025352478,415.8174133300781,113.92987734079361,0.9999900460243225,402.87988090515137,113.20857018232346,0.999990701675415,422.6491413116455,118.27806288003922,0.999967634677887,397.5429883003235,117.16147843003273,0.9999858140945435,442.2994194030762,165.7041153907776,0.9999898672103882,375.3539237976074,159.1345989704132,0.9999771118164062,452.9158868789673,211.80398213863373,0.9882870316505432,359.22433948516846,205.14235424995422,0.9779130220413208,442.72778606414795,230.85416090488434,0.9895582795143127,371.17556715011597,222.75769674777985,0.9783583283424377,420.98437452316284,256.7142918109894,0.999909520149231,383.05016899108887,246.86511707305908,0.9999374151229858,415.4964542388916,339.61672163009644,0.9907745718955994,382.4509611129761,248.07524466514587,0.9912741184234619,404.904324054718,409.94848597049713,0.9896921515464783,378.51888370513916,323.0179102420807,0.9747690558433533
81,33.13579998211935,25.977757463658392,24.66103624536664,136.9444735499695,127.286921296074,170.62944929373097,170.8740919164118,175.46029915930566,178.76192413439716,408.0814399719238,119.60309475660324,0.9999962449073792,415.85069704055786,114.00835585594177,0.9999887347221375,402.94392108917236,113.22609928250313,0.9999896287918091,422.8200330734253,118.29390388727188,0.9999623894691467,397.8342776298523,117.1573116183281,0.9999843239784241,442.4232540130615,165.69035422801971,0.9999898672103882,375.7542634010315,159.10449820756912,0.999977707862854,452.8971347808838,212.03116953372955,0.9884564876556396,359.2324266433716,204.95328783988953,0.9783245325088501,441.8996105194092,230.836396753788,0.9897210597991943,371.09163761138916,223.28750151395798,0.9784641861915588,421.1115198135376,256.25584280490875,0.9999091029167175,383.16750860214233,246.5778990983963,0.9999399185180664,415.4714093208313,339.6033593416214,0.9907708168029785,382.2931604385376,258.25611186027527,0.9918530583381653,405.0567922592163,410.03749191761017,0.9899368286132812,378.40311098098755,331.41566693782806,0.9755569100379944
82,22.528500005137175,25.858141796778373,24.475486088890907,132.77811412400038,128.22092618739336,170.77276231798314,170.49741315637112,175.59928572234054,178.15998328537594,408.1977939605713,119.58930510282516,0.9999961256980896,416.0533561706543,114.00173169374466,0.9999880790710449,403.18663692474365,113.20084911584854,0.9999890327453613,423.0011348724365,118.27901020646095,0.9999599456787109,398.058367729187,117.0936911702156,0.999983549118042,442.517014503479,165.66796028614044,0.999989926815033,376.050657749176,158.9032233953476,0.9999781847000122,453.0506896972656,212.56311112642288,0.988831639289856,359.440468788147,204.92189073562622,0.978541374206543,440.2188968658447,231.19018399715424,0.9900600910186768,371.8251428604126,224.79372203350067,0.9784820079803467,421.2185482978821,256.48596477508545,0.9999090433120728,383.15105628967285,246.60308516025543,0.9999425411224365,415.44628858566284,339.6348704099655,0.9908847212791443,381.0859751701355,270.8209651708603,0.9923919439315796,405.08077573776245,410.0693448781967,0.9901561141014099,377.3420000076294,341.46154367923737,0.9764501452445984
83,24.436399980913848,26.011997566659367,24.332448432236372,130.56430054137823,130.39366483915487,170.83069844531568,169.93077462570125,175.67911608649436,176.93167902823996,408.2982769012451,119.5615548491478,0.9999959468841553,416.1659951210022,113.96892428398132,0.9999871850013733,403.3212628364563,113.16703027486801,0.9999881386756897,422.9986834526062,118.23053985834122,0.9999568462371826,398.1436367034912,117.02252772450447,0.9999823570251465,442.5289430618286,165.6242693066597,0.999989926815033,376.25928115844727,158.5759328007698,0.999978244304657,453.2504930496216,212.57778400182724,0.9891836047172546,359.7761869430542,204.2084613442421,0.9788438677787781,439.4631013870239,231.1607527732849,0.9903531670570374,371.7972421646118,225.24442148208618,0.9787015914916992,421.30783557891846,256.4618043899536,0.9999070763587952,383.1497926712036,246.67793107032776,0.9999432563781738,415.5801057815552,338.7833877801895,0.9908824563026428,379.6546998023987,282.3416510820389,0.9927838444709778,405.1984944343567,409.938343167305,0.9902423620223999,376.7557315826416,347.9799757003784,0.9768257141113281
84,27.55339996656403,25.987929401549685,23.651350800657475,129.9429584998183,133.41230092906906,171.12374858866997,169.6756881667016,176.08716475398353,177.18846551405866,408.50887155532837,119.48028421401978,0.9999958276748657,416.3458333015442,113.90412145853043,0.999986469745636,403.46503734588623,113.07976940274239,0.9999873042106628,423.020544052124,118.14937606453896,0.9999547004699707,398.13658571243286,116.85711598396301,0.999981164932251,442.6084499359131,165.41729629039764,0.9999899864196777,376.3219566345215,158.18959456682205,0.9999775886535645,453.41547107696533,212.54030406475067,0.9894789457321167,360.462685585022,203.56403720378876,0.979042649269104,439.346848487854,231.1151244044304,0.9906272888183594,371.67029905319214,225.25779801607132,0.9789592027664185,421.4683151245117,256.46832883358,0.9999033808708191,383.13114166259766,246.9702204465866,0.9999415278434753,415.59228706359863,336.5797498226166,0.9908351898193359,378.3709645271301,292.73275351524353,0.9930379986763,405.2004656791687,409.5247105360031,0.9901159405708313,374.9478220939636,355.3931682109833,0.9766361713409424
85,22.12179999332875,26.07453510703334,23.276304541737883,128.496054079511,135.20881014840717,171.26655100927547,169.15317602970035,176.13639325388198,177.1660648527066,408.4713168144226,119.13706713914871,0.9999958872795105,416.3199038505554,113.50160744786263,0.999986469745636,403.4395122528076,112.62550857663155,0.9999870657920837,422.9701256752014,117.84667322039604,0.9999549388885498,398.164511680603,116.45376148819923,0.9999805092811584,442.7069616317749,165.11579006910324,0.9999902844429016,376.4629511833191,157.75418055057526,0.9999770522117615,453.7169704437256,212.5113714337349,0.9897758960723877,360.8289580345154,202.95762008428574,0.9795814156532288,439.3675718307495,230.59889560937881,0.9910260438919067,371.45083379745483,225.0156243443489,0.9793323278427124,421.5377130508423,256.8342959880829,0.9999060034751892,383.1280837059021,248.56101655960083,0.9999406337738037,415.58200120925903,336.7288718223572,0.9910579919815063,375.9265956878662,310.3398336172104,0.9934231042861938,405.24085092544556,409.1466062068939,0.9900138974189758,372.5776023864746,360.5630062818527,0.9759512543678284
86,24.585099949035794,26.253474040197634,22.684835021499687,126.64917962429305,136.70426657912793,171.6927501903463,170.20194343816746,176.27266351559737,178.90634463679842,408.443820476532,118.84584617614746,0.9999957084655762,416.3192720413208,113.13977149128914,0.9999861717224121,403.42389392852783,112.22572258114815,0.9999862313270569,422.93140840530396,117.58939218521118,0.9999546408653259,398.16216135025024,116.16380125284195,0.9999778270721436,442.73920917510986,164.8969362974167,0.9999905228614807,376.43168926239014,157.69365137815475,0.9999744892120361,454.1390190124512,212.5028526186943,0.9899591207504272,361.2766833305359,202.9551841020584,0.9801157712936401,439.43550395965576,230.09789526462555,0.9912663102149963,371.4207344055176,224.92549300193787,0.9794634580612183,421.7594528198242,257.33758985996246,0.9999095797538757,383.18921756744385,250.31911194324493,0.9999349117279053,415.5127296447754,337.07198917865753,0.9911714196205139,376.18083572387695,321.47116124629974,0.9933925271034241,405.2507576942444,408.2237820625305,0.9897609949111938,372.44451808929443,368.6115200519562,0.9734438061714172
87,32.8631000011228,26.08592174844547,21.96246226690331,125.2681424148294,138.79122681891246,172.25901530500096,170.77809870944063,176.3440004927582,179.61729679561645,408.3058080673218,118.29984426498413,0.9999955892562866,416.3037042617798,112.49185720086098,0.9999860525131226,403.41343116760254,111.6995290517807,0.9999856948852539,422.9086380004883,117.01122391223907,0.9999551773071289,398.15986156463623,115.9196118414402,0.9999754428863525,442.7835874557495,164.69114565849304,0.9999905824661255,376.4030556678772,157.73393768072128,0.9999718070030212,454.4247989654541,212.65572118759155,0.9900718927383423,361.802020072937,203.23251569271088,0.9803593158721924,439.6653814315796,229.5808972120285,0.9913454055786133,371.3794140815735,225.34686094522476,0.9794527888298035,422.00772857666016,258.8421721458435,0.9999120235443115,383.35844135284424,253.1227422952652,0.9999270439147949,415.5083827972412,337.84822702407837,0.9911567568778992,376.7641725540161,327.72331619262695,0.9929835200309753,405.2519202232361,407.6522806882858,0.9891783595085144,372.58733224868774,378.8683443069458,0.9712172746658325
88,28.42310001142323,26.275147650995113,21.599689259975012,124.37923104238757,140.8870995954935,172.49955119902916,171.63725985972846,176.49413787734773,179.63290766972864,408.00274181365967,117.85485726594925,0.9999955892562866,416.1798949241638,112.19096353650093,0.9999861121177673,403.2300295829773,111.47890171408653,0.99998539686203,422.8601908683777,116.80990636348724,0.9999563694000244,398.13956785202026,115.815398812294,0.999973714351654,442.7715072631836,164.50185132026672,0.9999907612800598,376.4552683830261,157.745989382267,0.9999701380729675,454.67539978027344,212.58902370929718,0.9903626441955566,362.1582341194153,203.23133331537247,0.9806252121925354,440.1248836517334,228.91051775217056,0.9915256500244141,371.3259377479553,226.3111537694931,0.9795137643814087,422.0285277366638,259.07300639152527,0.9999127388000488,383.4083037376404,253.55876886844635,0.9999184012413025,415.2756748199463,338.31701827049255,0.9908877611160278,377.6715769767761,331.4525343179703,0.9923259615898132,405.06437397003174,407.6637055873871,0.9883977770805359,372.9857511520386,389.95739126205444,0.9701471924781799
89,25.46570001868531,26.441537917487864,21.339630122162166,123.8882681064296,142.30999658687398,172.87071889731723,172.80175851730186,176.53997127689888,179.83625333013055,407.8195424079895,117.72397664189339,0.9999958276748657,415.9892907142639,112.0782530605793,0.9999868869781494,402.98276472091675,111.42313054203987,0.9999861121177673,422.5343542098999,116.57464176416397,0.9999593496322632,398.0464391708374,115.71135672926903,0.9999747276306152,442.64155673980713,164.33033537864685,0.9999911785125732,376.40396547317505,157.73145896196365,0.9999706149101257,454.91063499450684,212.50686985254288,0.9907861948013306,362.32349014282227,203.23992335796356,0.9809789657592773,440.506142616272,228.60385465621948,0.9918334484100342,371.26351499557495,227.1539608836174,0.9799613952636719,422.0383334159851,259.99753999710083,0.999912679195404,383.49081802368164,255.46473264694214,0.9999120831489563,414.980215549469,340.2767446041107,0.9909344911575317,379.24885082244873,335.0544830560684,0.9919235706329346,404.742151260376,408.90796542167664,0.9882289171218872,375.986289024353,399.7463929653168,0.9703676104545593
90,23.452800000086427,26.580808033858155,21.008457713646937,124.49391988494351,143.23158390675172,173.10818842508124,174.3060443648959,176.6500627337992,179.1752018505031,407.51523780822754,117.23863211274147,0.9999960064888,415.48740673065186,111.80091434717178,0.9999876022338867,402.429603099823,111.2176176905632,0.9999867677688599,421.93375635147095,116.14560261368752,0.999962329864502,397.7692770957947,115.45255142450333,0.9999759197235107,442.4327564239502,164.2541361451149,0.9999915957450867,376.07448959350586,157.6055428981781,0.9999710917472839,455.00404167175293,212.29451203346252,0.9911548495292664,362.2738046646118,203.2447525858879,0.9813673496246338,441.3783931732178,228.05679857730865,0.9920795559883118,371.241578578949,227.9589034318924,0.980476975440979,422.006010055542,261.0488586425781,0.9999113082885742,383.3699655532837,257.3359943628311,0.9999032020568848,414.89615964889526,341.9154626131058,0.9904956817626953,381.23682594299316,338.2516598701477,0.9906448721885681,404.7379560470581,410.91914653778076,0.9874883890151978,380.42464780807495,406.1508609056473,0.9688953161239624
91,30.4813000257127,26.82838259814374,20.97878438018645,124.54765147662033,144.51432833241418,173.40167933105116,174.96573514936165,177.11133585035188,178.77530345398444,407.2233672142029,117.0725579559803,0.9999961256980896,415.10799264907837,111.72605419158936,0.9999880790710449,401.99752140045166,111.16237360239029,0.9999871253967285,421.4355368614197,116.03280666470528,0.9999647736549377,397.4915843009949,115.33680665493011,0.9999765753746033,442.10750102996826,164.21251076459885,0.9999918937683105,375.76743030548096,157.38579165935516,0.9999707937240601,454.9614324569702,211.87012404203415,0.991466224193573,362.11994647979736,202.84864193201065,0.9816642999649048,441.47068786621094,227.74523502588272,0.9922387599945068,370.74527978897095,228.21956777572632,0.9806557893753052,421.91502952575684,261.4270769357681,0.9999060034751892,383.2619514465332,257.77293264865875,0.9998878240585327,414.6867022514343,341.8520416021347,0.9898020029067993,382.1958112716675,337.6495306491852,0.9890134334564209,404.8429627418518,411.6779478788376,0.9865174293518066,382.7565293312073,407.48951148986816,0.9676640629768372
92,30.613399983849376,27.516951023202065,21.668214912497017,123.93072766421895,143.18692785355577,173.6538314990304,174.95804861678297,177.37343541213883,176.7804478085634,406.7268409729004,116.64752891659737,0.9999962449073792,414.3522982597351,111.57937529683113,0.9999886155128479,401.31918573379517,111.02506113052368,0.9999876618385315,420.66980934143066,115.91185516119003,0.9999672770500183,396.93359565734863,115.27301526069641,0.9999775886535645,441.2051763534546,164.0726625919342,0.9999920129776001,375.1041316986084,157.3873871564865,0.999970018863678,454.9269609451294,211.61273616552353,0.9917623400688171,361.0381374359131,202.6610428094864,0.9816809892654419,441.4297971725464,227.71559011936188,0.9923526048660278,370.07659816741943,228.1090938448906,0.9807560443878174,421.448627948761,261.9052987098694,0.9998980760574341,382.91170167922974,258.65230798721313,0.9998692274093628,414.3640751838684,341.74679577350616,0.9892368912696838,382.0184750556946,339.48076248168945,0.987526535987854,404.8381862640381,412.2268558740616,0.9855911135673523,385.16316652297974,409.0966614484787,0.9676644802093506
93,25.66749998368323,28.110376739219948,22.018057327166915,123.28855455816434,143.20202558296538,173.8930258605777,175.0468361654387,177.84638573042426,174.63416731754927,406.22311210632324,116.56555312871933,0.9999964833259583,413.7326703071594,111.55530750751495,0.9999894499778748,400.65100955963135,110.9901382625103,0.9999884963035583,419.9388818740845,115.89936184883118,0.9999701380729675,396.1604127883911,115.23814937472343,0.9999791979789734,439.92224979400635,164.07435780763626,0.9999923706054688,373.907434463501,157.2542771100998,0.9999703764915466,454.4435510635376,211.59487229585648,0.9921354651451111,359.89104986190796,202.32138711214066,0.9816880822181702,441.04070377349854,227.7275848388672,0.992654025554657,369.0075011253357,228.0345185995102,0.9812201857566833,420.7191410064697,261.78828608989716,0.9998929500579834,382.3295021057129,258.78744089603424,0.9998578429222107,413.71457529067993,341.6691007614136,0.9889615774154663,382.02499532699585,341.3193734884262,0.985974907875061,404.827672958374,412.3641256093979,0.9848486185073853,388.20671796798706,409.8487958908081,0.9676504731178284
94,26.04500000597909,28.591262356399547,22.021135647509098,122.43270177008083,144.01782939109276,174.2001762460995,174.94684365997892,177.97897646904073,174.39933304395566,404.39432764053345,116.43463689088821,0.9999967217445374,412.122567653656,111.42143532633781,0.9999901652336121,399.2210736274719,110.81632879376411,0.9999892711639404,418.76859426498413,115.88057914376259,0.9999725818634033,394.9891142845154,115.11144980788231,0.999980628490448,438.1098165512085,164.07418686151505,0.9999926686286926,372.4351420402527,157.2176376581192,0.9999708533287048,453.58863735198975,211.58615404367447,0.9925065636634827,358.8375458717346,202.15367472171783,0.9818240404129028,440.20014476776123,227.81481009721756,0.9929527640342712,367.67946338653564,227.6208717226982,0.981766402721405,419.8379440307617,262.2178736925125,0.99988853931427,381.74533128738403,259.8094707727432,0.9998469352722168,413.2262878417969,341.8462864160538,0.988857090473175,381.9355058670044,342.2182936668396,0.9849308729171753,404.8705096244812,412.25981998443604,0.98441481590271,388.6811308860779,409.41046154499054,0.9678588509559631
95,32.987300015520304,28.399190956196044,22.53748709729055,124.33951311462575,143.86662136552494,174.3229480097077,175.00993424665063,178.17017956704024,174.66268417995465,402.66958951950073,116.42800560593605,0.9999969005584717,410.59065771102905,111.36277943849564,0.9999907612800598,397.801878452301,110.75496625900269,0.999989926815033,417.53381156921387,115.8413398861885,0.99997478723526,393.64730310440063,115.03242284059525,0.9999818801879883,436.55748653411865,164.00908488035202,0.9999929070472717,371.01202964782715,157.1008672118187,0.9999710321426392,452.139368057251,211.33311104774475,0.9928382635116577,357.2903461456299,202.15713638067245,0.9816530346870422,439.4767484664917,227.8736582994461,0.9932247996330261,366.14393949508667,227.58762270212173,0.982124924659729,418.9472699165344,262.1323721408844,0.9998816847801208,381.0673494338989,259.6601493358612,0.9998350143432617,412.6781301498413,341.8334084749222,0.9885868430137634,381.92911195755005,340.66088902950287,0.9835717082023621,404.8735423088074,412.2185080051422,0.9838920831680298,389.13406229019165,409.8284533023834,0.9678314924240112
96,23.45380000770092,27.58041233237918,21.79884229790842,126.26695436766049,145.6837908308983,174.09323601216875,175.63611017017047,178.9790535103283,175.44796062987564,401.318452835083,116.26980921626091,0.999997079372406,409.33090591430664,111.06613805890083,0.9999914169311523,396.3860192298889,110.54221668839455,0.9999905824661255,416.37110567092896,115.65027910470963,0.9999768733978271,391.83408641815186,114.95974224805832,0.9999830722808838,435.52698040008545,163.98463958501816,0.9999931454658508,369.44400548934937,157.00684684515,0.9999706149101257,450.2286252975464,211.30479097366333,0.9931601285934448,356.42464113235474,202.1024763584137,0.9810821413993835,437.74144649505615,228.19637608528137,0.9934895038604736,364.75997400283813,227.4359365105629,0.9821131825447083,417.65279388427734,262.1335402727127,0.9998782277107239,379.72528553009033,260.1009624004364,0.9998267889022827,411.4864115715027,342.0098248720169,0.9882972836494446,381.6137886047363,341.36740934848785,0.982287585735321,404.78402757644653,412.4493992328644,0.9835683703422546,388.6968502998352,410.10515809059143,0.9678766131401062
97,25.83310002228245,26.4437924085934,21.189414189324463,130.62654214451578,147.35835348548454,174.2956156973998,176.67109979949007,179.44457315771604,175.79626738299808,399.6434254646301,116.2157475054264,0.9999972581863403,407.67647552490234,110.97924044728279,0.9999919533729553,394.8359384536743,110.4937036037445,0.9999911189079285,414.95987129211426,115.56769788265228,0.9999787211418152,390.2794818878174,114.93185666203499,0.9999839663505554,434.1637382507324,163.7106699347496,0.9999933838844299,368.3457441329956,156.88856637477875,0.9999695420265198,447.7286319732666,210.72561126947403,0.9934374094009399,355.70665311813354,201.8647757768631,0.9799298644065857,435.96626472473145,228.6461495757103,0.9937082529067993,363.418466091156,227.17527216672897,0.9817395806312561,416.2636728286743,261.7247796058655,0.9998754262924194,378.2449059486389,259.8245710134506,0.9998180866241455,409.7341265678406,342.08390152454376,0.9880608320236206,381.30966091156006,340.92206621170044,0.981132447719574,404.72428369522095,412.14779329299927,0.9834778308868408,388.97416400909424,409.5992430448532,0.96817547082901
98,23.876700026448816,24.94093063032818,20.789194185418644,134.2814705060524,150.76027877977833,174.42306056649224,177.1942292326297,178.6580583594943,175.69352616968106,398.02548837661743,116.23255720734596,0.9999974370002747,406.1954641342163,110.98122057318687,0.9999924898147583,393.2948546409607,110.49460819363594,0.9999916553497314,413.5729489326477,115.53523236513138,0.9999805092811584,388.80794763565063,114.92049586772919,0.9999849200248718,432.4977836608887,163.30250757932663,0.9999936819076538,367.0463652610779,156.69938600063324,0.9999688267707825,444.9725284576416,210.48922127485275,0.9937339425086975,354.7826952934265,201.5881849527359,0.9785396456718445,433.96479415893555,228.87449085712433,0.9939677119255066,360.92901134490967,226.3144587278366,0.9813148379325867,415.1920738220215,260.1385705471039,0.9998732805252075,376.9896020889282,259.79770398139954,0.9998087882995605,408.6526713371277,342.2129658460617,0.9880192279815674,380.8258972167969,341.0545779466629,0.9802549481391907,404.7479133605957,411.7592897415161,0.9835208654403687,389.20022535324097,409.1645270586014,0.9685270190238953
99,21.861699991859496,23.51785211803287,20.242269596743654,139.4648742217206,159.68040778596304,174.98151748513146,177.78937280697747,177.12518911369983,174.78241536530467,395.9523959159851,116.28702491521835,0.999997615814209,404.3758282661438,110.98302263021469,0.999993085861206,391.35896587371826,110.54997336864471,0.999992311000824,412.04586601257324,115.53402861952782,0.9999822974205017,387.1101498603821,114.9410948753357,0.9999860525131226,431.2336091995239,163.28220772743225,0.9999940395355225,365.699423789978,156.6988161802292,0.9999685883522034,442.61865997314453,210.31532633304596,0.993930995464325,353.9632387161255,200.95803481340408,0.9772471785545349,433.2495861053467,228.7607547044754,0.9942218065261841,356.2428822517395,224.77111440896988,0.9813401699066162,414.4886426925659,259.12457513809204,0.999875009059906,375.4189496040344,259.6937117576599,0.9998072385787964,407.36408376693726,342.3682419061661,0.9880970120429993,379.99264192581177,342.006605386734,0.9796362519264221,404.9635372161865,410.53001618385315,0.9835036396980286,389.91073274612427,409.188516497612,0.9690909385681152
100,25.632800010498613,22.127331358643577,22.82530707827292,142.46954707982067,164.49152233765548,175.55949472274986,177.4600600187052,175.4044529073679,173.7167506396736,394.8771324157715,116.45196655392647,0.9999977946281433,403.37345027923584,111.02292430400848,0.999993622303009,390.03914165496826,110.65884467959404,0.9999929070472717,410.99840211868286,115.54723420739174,0.9999839067459106,385.6369981765747,114.9994587302208,0.9999871253967285,429.7519407272339,163.67623853683472,0.9999939799308777,364.2439880371094,157.249105989933,0.9999679923057556,440.4141511917114,211.88216149806976,0.9935992360115051,350.8245873451233,200.96531426906586,0.9756864905357361,432.9755325317383,227.79187482595444,0.9938766360282898,350.2591938972473,221.7761526107788,0.9805456399917603,413.50683641433716,259.16135704517365,0.999871015548706,374.56426334381104,259.55020248889923,0.9998001456260681,405.9167604446411,342.32251381874084,0.988183856010437,379.25678634643555,342.94290578365326,0.9796562194824219,405.19343996047974,409.2327630519867,0.9837284684181213,390.42216968536377,409.6367372274399,0.9703161716461182
101,27.555300039239228,24.48553712174705,26.39470630650805,123.44602444432878,172.66875730690285,176.86648314083337,176.78897674974993,172.04149577636764,173.56527485510236,394.1807270050049,116.59326776862144,0.9999974966049194,402.6258430480957,111.09692260622978,0.9999932646751404,389.1973948478699,110.6957619190216,0.9999925494194031,410.0336546897888,115.59630286693573,0.9999844431877136,384.26619958877563,115.02754375338554,0.9999867677688599,428.56772804260254,164.13339120149612,0.9999882578849792,362.4219765663147,158.26617842912674,0.9999608993530273,441.4234285354614,212.3752555847168,0.9911175966262817,346.9332995414734,200.98021507263184,0.9699430465698242,433.2399320602417,221.58208602666855,0.9853313565254211,343.46309995651245,216.50490075349808,0.976209282875061,412.6277117729187,258.73914861679077,0.9998287558555603,373.8905019760132,259.4992035627365,0.9997529983520508,403.57916736602783,339.02470672130585,0.9881733655929565,378.5654606819153,341.7678221464157,0.9788939356803894,405.3230872154236,404.3951017856598,0.9836918711662292,390.02953815460205,408.92654156684875,0.9710898399353027
102,31.23530000448227,26.60632410463036,34.16679127363881,67.38805330543904,167.95980123425352,177.53423680489817,176.69234842259823,170.95217449546817,173.3710390254021,393.6830129623413,116.63270646333694,0.9999974370002747,402.08744049072266,111.13182410597801,0.9999933838844299,388.5648274421692,110.69561234116554,0.9999923706054688,409.34518480300903,115.60828334093094,0.9999855160713196,383.4553861618042,115.02812069654465,0.9999866485595703,427.2657461166382,163.98536610603333,0.9999880194664001,361.65417671203613,158.19735836982727,0.9999582171440125,442.26757621765137,211.55427259206772,0.9910185933113098,340.8616633415222,198.0115932226181,0.9699899554252625,447.3759307861328,207.2502481341362,0.9859934449195862,333.51465702056885,206.88771414756775,0.9767748117446899,412.2805452346802,257.5140632390976,0.9998176097869873,373.2958936691284,258.9445403814316,0.9997385144233704,403.26728105545044,334.9773578643799,0.988315224647522,378.0088872909546,341.08540523052216,0.9760733246803284,405.8559045791626,396.45787394046783,0.9822278618812561,389.79263496398926,408.5141625404358,0.970005452632904
103,25.49249998992309,35.52121844159116,47.02040289541391,55.90782343268965,111.30617547619818,179.49311414350902,176.4223480649344,167.1070885544816,173.20690702109627,393.77318477630615,116.63551995158195,0.9999973177909851,402.0939607620239,111.1834925711155,0.9999933838844299,388.43502855300903,110.65437158942223,0.9999918341636658,408.8193426132202,115.57763412594795,0.999986469745636,383.44901752471924,114.77864620089531,0.9999856352806091,426.4588499069214,162.89665299654007,0.999987006187439,362.0032639503479,156.9658625125885,0.9999510645866394,449.34186840057373,208.58314353227615,0.9915576577186584,331.92312955856323,192.27152162790298,0.9711292386054993,462.37963104248047,185.3528620004654,0.9869976043701172,318.129065990448,187.48827821016312,0.9778964519500732,412.04482984542847,254.77188801765442,0.9998018741607666,373.4983506202698,256.47203266620636,0.9997255802154541,401.2411699295044,327.8512408733368,0.9882408976554871,377.8818430900574,339.7795478105545,0.967662513256073,405.85165882110596,386.6492704153061,0.9770615100860596,389.6750679016113,408.01870369911194,0.9664347767829895
104,22.27910002693534,50.03898581096681,63.56339382627518,56.45350224828324,95.57524923446029,178.72884156325003,175.99047041747855,165.07079316021697,173.0457126079713,393.4222526550293,116.89265140891075,0.9999973773956299,401.5142126083374,111.44536066055298,0.999993622303009,387.696494102478,110.89987871050835,0.9999920725822449,408.20183753967285,115.57805436849594,0.9999875426292419,382.861536026001,114.78250673413277,0.9999861121177673,426.7053060531616,162.4279044866562,0.9999860525131226,361.49983835220337,156.91806882619858,0.9999460577964783,460.7112503051758,201.51819676160812,0.9922537803649902,322.33279609680176,182.6797062754631,0.9729383587837219,470.7105665206909,165.29595303535461,0.987946093082428,313.9421167373657,172.28461509943008,0.9789677858352661,412.2088222503662,253.77045714855194,0.9998058676719666,373.47785472869873,255.93067479133606,0.9997252225875854,400.8042106628418,316.5942108631134,0.9887556433677673,377.63920307159424,338.4105542898178,0.9627543687820435,405.8117790222168,378.2915151119232,0.9760032296180725,389.65515327453613,407.66860604286194,0.9658288955688477
105,24.51479999581352,67.96847213517111,78.58755928338569,60.75642812318573,78.7093063845552,175.8888459473784,175.55418149316333,161.20755462900237,173.054605398564,392.8967390060425,117.1579455435276,0.9999962449073792,400.93100214004517,111.63173466920853,0.9999910593032837,387.176944732666,110.99471819400787,0.9999886751174927,407.841251373291,115.71949803829193,0.9999865889549255,382.3236389160156,114.79736480116844,0.9999809861183167,426.59112548828125,161.33000302314758,0.9999793171882629,360.5069375038147,156.81860667467117,0.9999237656593323,472.4807949066162,189.10319197177887,0.9929263591766357,313.1599369049072,172.9427291750908,0.975072979927063,473.99248695373535,144.46141016483307,0.9885939955711365,309.97134733200073,148.7741386294365,0.9799579977989197,412.03472089767456,251.68858981132507,0.9998012185096741,373.18317890167236,254.50108087062836,0.9997128248214722,399.10224294662476,306.55656802654266,0.9888286590576172,377.48903465270996,338.10997402668,0.9545223712921143,405.23554372787476,369.90797543525696,0.973095178604126,389.58792877197266,407.47982454299927,0.9632663130760193
106,32.00569999171421,82.18646834452575,88.81085852757424,69.70983800107004,75.89749799196788,173.15410303998235,176.3012847102339,158.0031944178187,173.62094867076925,392.4279112815857,117.33412688970566,0.9999955296516418,400.54845428466797,111.66720598936081,0.9999893307685852,386.7152690887451,110.99852886795998,0.9999863505363464,407.59001874923706,115.719647616148,0.9999860525131226,382.18327617645264,114.73454210162163,0.9999778270721436,426.6693181991577,157.667111992836,0.9999735355377197,360.2636909484863,154.71240800619125,0.999905526638031,477.0570650100708,172.9827875494957,0.9936038255691528,308.3422145843506,162.2344931960106,0.9774379730224609,474.25157928466797,125.52576529979706,0.9895406365394592,312.2699704170227,123.95965665578842,0.9816290736198425,411.8543772697449,250.22762727737427,0.9997997879981995,372.5038070678711,253.62666296958923,0.9997052550315857,397.94120502471924,298.9431976079941,0.9883506894111633,377.41973781585693,337.4717466831207,0.9443342089653015,404.3846483230591,359.6626615524292,0.9684690237045288,389.50483322143555,407.9168483018875,0.9603928923606873
107,26.97529998840764,96.14372978928925,102.76107593800933,76.55132934385028,80.32229443443693,168.25051275596178,176.4347166677686,152.0664212473357,174.0854960096317,391.97856855392456,117.45118224620819,0.9999954700469971,400.1431360244751,111.6795212328434,0.9999890923500061,386.0985474586487,111.01453369855881,0.9999858736991882,407.18391704559326,115.71213310956955,0.9999867081642151,381.12484407424927,114.748232036829,0.9999780058860779,426.1456241607666,154.2870370745659,0.9999685883522034,359.5028157234192,152.38677150011063,0.9998791813850403,479.8975782394409,157.03250300884247,0.9942125678062439,305.23429441452026,147.07897990942,0.9796102643013,470.54477977752686,106.69063675403595,0.990341305732727,316.2247676849365,106.8046578168869,0.9829763174057007,411.0980257987976,248.57306826114655,0.9998044967651367,372.11122608184814,252.54451704025269,0.9997061491012573,394.48667430877686,292.2633639574051,0.9881093502044678,377.4405117034912,337.0232410430908,0.938631534576416,402.2412734031677,354.3757823705673,0.9635075926780701,389.39831018447876,408.29537999629974,0.958754301071167
108,24.0215000230819,108.87104129888982,116.39966480528045,86.15431334720441,91.58864292660463,160.60502034807473,176.42148641969385,144.60297228269192,175.092112052998,392.1223177909851,117.65318357944489,0.9999958276748657,400.32848358154297,111.81282359361649,0.9999899864196777,386.1671872138977,111.07457852363586,0.999987006187439,406.9126181602478,115.70985382795334,0.9999879598617554,380.57827854156494,114.6748249232769,0.9999799132347107,425.2269229888916,151.60466450452805,0.999967634677887,358.8344120979309,150.1290860772133,0.9998751878738403,480.30309867858887,141.57073974609375,0.9947434067726135,306.83701753616333,132.29644256830215,0.9815816879272461,468.1819648742676,93.56543630361557,0.9909656643867493,320.7587823867798,87.71091628074646,0.9839757084846497,410.7153010368347,248.1739945411682,0.9998172521591187,372.25573348999023,252.48653781414032,0.9997223615646362,391.66837549209595,284.08527302742004,0.9877744317054749,377.8438334465027,334.6329869031906,0.9340626001358032,400.4915409088135,351.5032892227173,0.9600133299827576,389.2318916320801,408.1996216773987,0.9569120407104492
109,25.154099974315614,120.69077637679857,128.65552681532083,100.23555478355851,105.6538379925585,153.1723284575605,176.50281297462095,139.02507049839434,175.28629174804752,392.06833600997925,118.60060971975327,0.9999961853027344,400.2516050338745,112.68261170387268,0.9999908804893494,385.6142783164978,112.058807939291,0.9999881982803345,406.687340259552,115.99158015847206,0.9999890923500061,379.4552249908447,114.92781805992126,0.9999818205833435,425.16045665740967,149.99603301286697,0.9999651908874512,358.9688358306885,148.84173357486725,0.9998724460601807,476.9698247909546,128.7214178442955,0.9951819777488708,311.733362197876,120.120192527771,0.9832997918128967,465.9827632904053,77.42372772097588,0.9913887977600098,324.6190104484558,74.11739468574524,0.9848289489746094,410.74032068252563,248.05011558532715,0.9998316764831543,372.36720991134644,252.65850961208344,0.9997434616088867,391.12405920028687,275.86433160305023,0.9878892302513123,377.8036503791809,333.3024847507477,0.9320645332336426,398.4639892578125,348.3620402812958,0.9602020978927612,389.1893835067749,408.8515816926956,0.9574463963508606
110,22.064999968279153,128.81185056912489,138.98072529125986,112.4314098228134,108.55338407450553,141.21149050628077,177.18341082938582,128.42301792088293,176.8530172726682,391.6802787780762,118.70381844043732,0.9999964833259583,399.80200958251953,112.70910122990608,0.9999915957450867,384.59499311447144,112.21003115177155,0.9999890327453613,406.27388429641724,115.98356705904007,0.9999900460243225,379.0803599357605,115.01599776744843,0.9999831318855286,424.89524841308594,148.63856410980225,0.9999535083770752,359.2466549873352,148.87053799629211,0.9998412728309631,473.68891525268555,119.52220875024796,0.9955744743347168,314.7410774230957,109.23262694478035,0.9847641587257385,465.5442876815796,64.3278017938137,0.9919021725654602,335.2756862640381,61.1730694770813,0.9853660464286804,410.9503846168518,248.03379023075104,0.9998394250869751,372.5290036201477,252.6766299009323,0.9997527003288269,390.23871755599976,267.500479221344,0.987130343914032,378.83162927627563,333.20860683918,0.9268379807472229,396.5889563560486,343.0891786813736,0.9586306214332581,389.1693172454834,410.4600422382355,0.9562696218490601
111,24.717000022064894,135.83693787319476,148.87317823768248,118.90058754367652,120.2579768622934,142.5718634328969,178.1999022912064,132.22466554428465,178.43695312067678,391.18446016311646,119.0991313457489,0.9999967217445374,399.1781611442566,112.73983591794968,0.9999922513961792,383.8425335884094,112.56931003928185,0.9999898672103882,405.88216257095337,115.5646493434906,0.9999909400939941,378.8016309738159,115.0076285302639,0.9999843835830688,424.3239917755127,145.96839994192123,0.9999455213546753,360.0016670227051,147.55372577905655,0.9998274445533752,470.29195499420166,109.63577488064766,0.9959183931350708,323.2685055732727,100.63816112279892,0.9861142039299011,461.2518262863159,55.15807378292084,0.9923322796821594,343.35675382614136,50.1134145706892,0.986162006855011,410.9645371437073,247.24626994132996,0.9998503923416138,372.7357063293457,252.27920866012573,0.9997674226760864,391.5509600639343,266.6987988948822,0.9859327077865601,379.98488330841064,332.9841260910034,0.9209141135215759,395.40406131744385,344.5687173604965,0.9558647274971008,389.26044940948486,411.993656873703,0.9529262781143188
112,21.98389999102801,144.43018381020872,160.4449229174707,130.6458492404323,138.3838253344232,143.01119655167983,178.45013920747513,133.67063152821407,178.3062559912012,390.9992136955261,119.42457002401352,0.9999967813491821,398.67193031311035,112.77818483114243,0.9999926090240479,383.6002221107483,112.95056974887848,0.9999904036521912,405.3464136123657,115.54211294651031,0.9999915361404419,378.89827251434326,115.19701546430588,0.9999848008155823,423.47585105895996,144.65587562322617,0.9998648762702942,360.89800214767456,145.97090715169907,0.999773383140564,462.0749979019165,102.75938880443573,0.9956218004226685,335.0649905204773,93.13545694947243,0.9869135022163391,455.5090341567993,46.86469393968582,0.9907784461975098,348.93517446517944,43.32590979337692,0.9851294159889221,410.8913230895996,245.91397285461426,0.9998607635498047,372.7960567474365,250.3911372423172,0.9997832775115967,392.39361667633057,265.01993703842163,0.9841398596763611,379.92379999160767,332.67850291728973,0.9198821783065796,395.46875858306885,343.0765571594238,0.9503000378608704,389.2092981338501,412.3901948928833,0.9384885430335999
113,38.45960000762716,151.368974501249,169.46909665308138,140.78844981727514,152.79572998489667,142.44720371740107,179.16188290175427,133.16559449066503,178.38555081553926,389.20255041122437,119.24259787797928,0.9999967217445374,397.2476806640625,112.50504142045975,0.9999927878379822,382.41204166412354,112.88829550147057,0.9999905228614807,404.6930470466614,115.32671371102333,0.9999920129776001,378.6135540008545,115.15251249074936,0.9999843239784241,422.1289348602295,143.78830981254578,0.9997859001159668,362.4005455970764,143.99216306209564,0.9997094869613647,454.4505262374878,98.2493386566639,0.9953319430351257,346.03360319137573,87.86789467930794,0.986303448677063,450.6048803329468,41.04589453339577,0.9890847206115723,355.9176015853882,36.76463083922863,0.9827671647071838,410.2024235725403,244.7896032333374,0.9998708963394165,372.9082407951355,248.7693713903427,0.9997992515563965,392.90606451034546,262.52173042297363,0.983397901058197,379.8998923301697,330.5128149986267,0.9214036464691162,396.1010732650757,334.343119263649,0.9493907690048218,389.1926941871643,412.0347979068756,0.9327033162117004
114,24.385400000028312,158.38712423355662,175.68890199287347,149.85601798893495,162.312083566065,125.35882642354537,179.43837475285136,116.57259804699707,178.0219135156655,389.3249444961548,120.28264832496643,0.9999948740005493,397.2604179382324,113.16023516654968,0.9999904632568359,382.55536127090454,113.47713366150856,0.9999866485595703,404.6607995033264,116.11989659070969,0.9999904036521912,378.48337602615356,115.84697398543358,0.9999740123748779,421.42846059799194,144.75830084085464,0.9996735453605652,363.7614121437073,144.48893249034882,0.9995834231376648,448.38515758514404,93.93665292859077,0.9950550198554993,354.3205647468567,88.05940419435501,0.9847343564033508,446.17367362976074,36.41499616205692,0.9870237708091736,361.9753632545471,34.87372812628746,0.9793812036514282,410.267297744751,245.3815896511078,0.9998792409896851,373.2644295692444,249.17850244045258,0.9998106956481934,393.15643787384033,254.87778913974762,0.9824911952018738,379.8550338745117,330.6457825899124,0.9196205139160156,396.51718282699585,333.2055013179779,0.948338508605957,389.2683343887329,411.9631145000458,0.9242033362388611
115,23.289000033400953,162.76932068471726,175.2723828355342,153.754676324297,161.0573489543599,118.22264980831109,179.20501960003116,109.76688893763063,178.01425377736507,389.500461101532,120.2390570640564,0.999990701675415,397.35240936279297,113.16929531097412,0.9999838471412659,382.7776823043823,113.45495340228081,0.9999753832817078,404.68298864364624,116.15179228782654,0.9999858736991882,378.5169882774353,115.84054213762283,0.9999430179595947,421.0240521430969,145.49341189861298,0.9995937347412109,366.06268882751465,144.94886302947998,0.9993993043899536,443.85685443878174,93.21199095249176,0.9946994185447693,357.47705841064453,88.24628391861916,0.9831913113594055,441.2796287536621,37.5933883190155,0.984721839427948,366.62937116622925,38.04675167798996,0.9728314280509949,409.85358905792236,245.6864720582962,0.9998827576637268,373.1501479148865,249.38338136672974,0.9998089671134949,393.3975110054016,252.28878164291382,0.9785353541374207,379.81646823883057,330.8607473373413,0.9066030979156494,396.3110866546631,331.968079328537,0.9439461827278137,389.2636842727661,411.7298015356064,0.9095324873924255
116,23.892899975180626,166.6722042917105,178.80122584402798,157.45261025429744,163.6512413679185,124.27783756705,178.6809414749658,117.07914566576078,178.29589655130908,389.5646781921387,119.75970989465714,0.9999897480010986,397.4848871231079,112.75343325734138,0.9999827742576599,382.8279490470886,112.93856790661812,0.9999740123748779,404.66436290740967,116.00327572226524,0.9999852776527405,378.6004376411438,115.68975341320038,0.9999369382858276,420.608877658844,145.85497719049454,0.9995211958885193,366.8029670715332,144.9426377415657,0.9992968440055847,439.4920129776001,92.45788350701332,0.9944326281547546,362.0593686103821,86.98994389176369,0.9816247224807739,436.5730037689209,38.067023038864136,0.9831506609916687,372.70098209381104,35.46480283141136,0.9656042456626892,409.83390188217163,245.8918068408966,0.9998876452445984,373.1672320365906,249.57820296287537,0.9998142123222351,393.6609501838684,254.5383186340332,0.9762315154075623,379.82063817977905,328.81680154800415,0.9020374417304993,395.10311794281006,333.14555621147156,0.9398656487464905,389.2544598579407,411.5678015947342,0.8941810131072998
117,23.259399982634932,168.36676239036947,179.75760730786527,159.16166343051614,163.48550981867822,132.48056232508782,178.12687419992338,124.7859459727829,178.52464984101462,389.6712770462036,119.4157520532608,0.9999895095825195,397.5522379875183,112.55260717868805,0.9999825954437256,383.1305603981018,112.56329843401909,0.9999740123748779,404.7329521179199,115.95345917344093,0.9999852776527405,378.62075662612915,115.5976633131504,0.999935507774353,420.50710582733154,146.19904899597168,0.9994754791259766,367.65009689331055,144.7493261694908,0.9992436170578003,437.71905517578125,92.44498419761658,0.9941179156303406,364.827880859375,86.4827396273613,0.9807085990905762,434.8487205505371,39.15936163067818,0.9816996455192566,377.1538472175598,36.07814683020115,0.9609324932098389,409.8047375679016,245.98545682430267,0.9998927712440491,373.184139251709,249.80419373512268,0.9998193383216858,393.7135672569275,257.83105432987213,0.9749243259429932,379.795871257782,327.10830903053284,0.898985743522644,395.79474687576294,333.6234360933304,0.9380521774291992,389.20239877700806,411.4491364955902,0.8817090392112732
118,34.176999994087964,168.7277068257042,179.75159295319122,159.00010674691472,159.542418783404,121.50380515781346,178.00296857465523,112.26528335366471,178.49968986234651,389.9269070625305,119.37489593029022,0.9999887943267822,397.6511034965515,112.54432341456413,0.9999817609786987,383.41434383392334,112.43303748965263,0.9999732375144958,404.7461190223694,115.95007586479187,0.9999848008155823,378.6487078666687,115.48666229844093,0.9999324083328247,420.5910859107971,146.45660781860352,0.9994027018547058,367.9238977432251,144.83286184072495,0.9991856217384338,437.64040756225586,92.1994557082653,0.9938112497329712,364.7772855758667,87.211012840271,0.9800935387611389,434.3506021499634,39.25358499586582,0.9800044894218445,380.2304801940918,37.69357343018055,0.9566871523857117,409.81545305252075,246.1001616716385,0.9998958706855774,373.2075414657593,249.9579882621765,0.9998233318328857,394.1979627609253,253.49309706687927,0.9739388823509216,379.7883400917053,327.1259734630585,0.8975121974945068,398.42709159851074,332.4380387067795,0.9366171956062317,389.19226455688477,411.300213932991,0.8748139142990112
119,32.18899999046698,168.6452118805085,179.17695843249854,158.29697137405077,157.76876154604713,115.78837703563453,177.88563414284948,103.05393637329658,178.17740696275365,390.2918906211853,119.29502847790718,0.9999876618385315,397.8334436416626,112.48810350894928,0.9999802708625793,383.8651523590088,112.22639212012291,0.999971330165863,404.8177914619446,115.9023890197277,0.9999839067459106,378.76159954071045,115.26161885261536,0.9999258518218994,420.6876769065857,146.63414961099625,0.9993224143981934,368.1863512992859,144.59175658226013,0.9991239905357361,437.8745307922363,92.31824189424515,0.9934847354888916,364.63353633880615,86.97096887230873,0.9796468615531921,434.02216243743896,39.15280869603157,0.9783229827880859,381.1597957611084,38.1544584184885,0.9538981914520264,409.86983919143677,246.1520723104477,0.9998995661735535,373.22002601623535,251.12244474887848,0.9998277425765991,396.4964089393616,250.91007268428802,0.9738147258758545,379.96729373931885,331.1446603536606,0.896800696849823,405.54839038848877,329.98268258571625,0.936639130115509,389.30462551116943,411.32725191116333,0.8690775632858276
120,35.237899981439114,167.9387950339803,179.0311170129437,157.54033517938598,157.58984722181862,134.8121919553579,177.2399914941664,121.3559167421165,178.78035367261526,391.112181186676,119.38379937410355,0.9999858736991882,398.23484468460083,112.51033362746239,0.9999773502349854,384.68258714675903,112.23278123140335,0.9999677538871765,404.88286781311035,115.8968902528286,0.9999818205833435,379.1742215156555,115.24318516254425,0.9999139904975891,420.7262930870056,146.63920676708221,0.9992296695709229,368.4303560256958,144.0727499127388,0.9990537762641907,438.4707565307617,92.5554438829422,0.9929985404014587,364.903546333313,86.37121152877808,0.9799044728279114,434.4718084335327,39.31399664282799,0.9768038988113403,381.57459115982056,37.71370233595371,0.9521307945251465,410.0630464553833,246.36735045909882,0.9999030828475952,373.2248024940491,252.63249731063843,0.9998311400413513,400.4447617530823,254.07556748390198,0.9718883633613586,380.6510376930237,332.8556315898895,0.8928773403167725,410.2067451477051,329.72221767902374,0.9324279427528381,389.61810398101807,411.4557464122772,0.8570672273635864
121,22.289800050202757,166.78105679507672,178.09971234163083,156.2473362759359,157.98600646768037,162.20921019733956,176.6733336852505,149.82617702000357,179.23821858593172,392.4094877243042,119.73747265338898,0.9999763369560242,398.9977922439575,112.68140083551407,0.999959409236908,385.63876724243164,112.43818011879921,0.9999455213546753,405.1719079017639,115.93619361519814,0.9999671578407288,379.699583530426,115.4236544072628,0.9998489618301392,420.7881851196289,146.603322327137,0.9990338683128357,368.9660038948059,143.75695544481277,0.998869001865387,439.3092432022095,92.1168103814125,0.9921301603317261,364.7847661972046,86.36049890518188,0.9806210398674011,434.6796989440918,38.97373194992542,0.9739899635314941,380.570924282074,37.331911981105804,0.95176762342453,410.9931707382202,247.31530368328094,0.9998989701271057,373.34375953674316,254.3782275915146,0.9998152256011963,404.638635635376,262.03798139095306,0.9674400091171265,381.210214138031,334.7087160348892,0.8827585577964783,412.9807415008545,331.7068736553192,0.9272143840789795,389.78136348724365,411.6714519262314,0.8418047428131104
122,22.2582999849692,165.88952998073694,177.38447196387477,155.72158126479297,158.7201881622253,164.17711556218327,176.6158881395993,152.7228119098795,178.9109287981356,393.1269450187683,120.26538276672363,0.9999730587005615,399.4893145561218,112.97221580147743,0.9999529719352722,386.3888511657715,112.636399269104,0.9999337792396545,405.4752016067505,115.93919229507446,0.9999645948410034,380.23401832580566,115.42683827877045,0.9998350739479065,420.9424476623535,146.41841560602188,0.9990764260292053,369.2330822944641,142.96148616075516,0.998885452747345,440.0576591491699,92.70981535315514,0.9924060702323914,364.51045989990234,85.78525096178055,0.9818675518035889,435.63201236724854,38.73510184884071,0.9745486974716187,379.3406653404236,35.904900059103966,0.9549614191055298,411.20828914642334,247.87384164333344,0.9999005198478699,373.35323667526245,254.99049961566925,0.999811589717865,404.48123931884766,265.12484097480774,0.9672377109527588,381.17394828796387,336.3551551103592,0.8803457021713257,412.27680492401123,339.62204945087433,0.9291248321533203,389.8506097793579,411.5818476676941,0.8502789735794067
123,28.032600006554276,165.7323011465651,176.56780110098737,155.45817042790176,159.5708897828524,169.69376539110502,176.520201758035,157.3600533600734,178.50709402249564,394.29278469085693,120.39892017841339,0.9999690055847168,400.39123487472534,113.0880674123764,0.9999465942382812,387.6701602935791,112.71238481998444,0.9999204277992249,406.1294527053833,115.94098722934723,0.9999623894691467,381.3513603210449,115.43206638097763,0.9998169541358948,421.51885986328125,146.0608105659485,0.9991164207458496,369.4885606765747,142.50461840629578,0.9988518953323364,440.58484077453613,93.18949729204178,0.9927306771278381,364.1992812156677,86.52721410989761,0.9826081395149231,436.0357131958008,37.998516380786896,0.9752174019813538,377.90893507003784,35.4736101180315,0.9573332667350769,411.5525493621826,248.400897026062,0.9999005794525146,373.35985803604126,255.3042427301407,0.9998013973236084,403.5998148918152,276.37773978710175,0.9679855108261108,381.2576251029968,338.15276753902435,0.878147542476654,412.53736305236816,351.6481945514679,0.9324700236320496,390.087336063385,410.71053528785706,0.8572096228599548
124,36.29969997564331,166.420204953374,176.0354695713153,156.41179205877063,160.25508848075518,174.83231504622134,177.42691288954828,163.7107930755542,176.83474215905676,395.03986120224,120.39084297418594,0.9999637603759766,400.88955545425415,113.0723474919796,0.9999406337738037,388.5787272453308,112.70578202605247,0.999905526638031,406.52317094802856,115.74538213014603,0.9999602437019348,382.46445655822754,115.351272970438,0.999798059463501,422.7554874420166,144.83836060762405,0.9991616010665894,369.93358182907104,141.9818366765976,0.9987974762916565,440.80193042755127,92.280398696661,0.9930871725082397,364.20736837387085,86.94557625055313,0.9833925366401672,436.31714630126953,36.99423997104168,0.9762179851531982,376.8185839653015,35.62116155028343,0.9598149061203003,413.018675327301,248.4071080684662,0.9998993873596191,373.8373794555664,255.16517806053162,0.9997867941856384,405.4589009284973,289.04379320144653,0.9692956209182739,379.6804270744324,328.6134041547775,0.8797082304954529,413.0965394973755,364.88318514823914,0.9367591738700867,390.11695528030396,405.66440522670746,0.8660483956336975
125,25.121000013314188,166.33450500128245,176.3446609457789,158.1120043925844,160.96361920032024,177.00765449687165,178.7985974298249,167.35998538841793,174.97567776648535,395.9484534263611,120.43070191144943,0.9999616146087646,401.63703632354736,113.07241159677505,0.9999386668205261,389.49439573287964,112.71799755096436,0.9999005794525146,407.07249116897583,115.66124814748764,0.9999598860740662,383.3410539627075,115.3237435221672,0.9997953176498413,423.3782238960266,144.17067354917526,0.9992061853408813,370.15036821365356,141.68521666526794,0.998772919178009,441.04252338409424,92.01146483421326,0.9934225082397461,364.4645400047302,86.57649645209312,0.9841924905776978,437.9673309326172,36.63915638625622,0.9772685766220093,376.47113943099976,35.16718207299709,0.9623380303382874,414.16674852371216,248.54036056995392,0.9998950958251953,374.5792245864868,255.14942252635956,0.9997712969779968,407.16387605667114,298.1416312456131,0.9703189134597778,378.9431562423706,327.81653881073,0.881722092628479,413.2637667655945,373.8913334608078,0.9402841329574585,390.4282855987549,405.02461087703705,0.874474823474884
126,27.30010001687333,166.85954321065972,176.39365136295626,158.7695195360209,161.4007938917094,178.56087426210374,179.34877448351787,172.6714714934327,173.75468988283342,397.02164459228516,120.54124706983566,0.9999566078186035,402.53471088409424,113.08457013964653,0.9999340772628784,390.43897581100464,112.79576379060745,0.9998956918716431,407.9989004135132,115.65018650889397,0.9999566674232483,384.0000309944153,115.3285086452961,0.9997955560684204,424.3143377304077,144.09238022565842,0.9992026090621948,370.4361481666565,141.7613304257393,0.9987311363220215,441.8523006439209,91.27401039004326,0.9937397837638855,364.69029808044434,86.65676990151405,0.9851489067077637,439.122278213501,36.66776493191719,0.9784331321716309,376.2441682815552,35.163581520318985,0.9649686217308044,414.6497287750244,249.71823632717133,0.9998577833175659,375.08133602142334,255.12338173389435,0.9997172355651855,410.296133518219,315.45915710926056,0.9701949954032898,378.9058794975281,328.1561802625656,0.8883904814720154,414.785138130188,388.0278369188309,0.943209707736969,391.4527769088745,405.2563283443451,0.8823323845863342
127,33.1296999938786,166.83406575442038,176.85582859715873,160.55969041340134,161.4816583414634,176.965431643794,179.42862430035467,176.298436613442,171.7038872250685,398.11785888671875,120.79151219129562,0.9999527335166931,403.47014236450195,113.16055569052696,0.9999296069145203,391.42715072631836,113.01360613107681,0.9998916387557983,409.04788064956665,115.66148319840431,0.9999515414237976,384.59001445770264,115.46817162632942,0.9997968673706055,425.3596534729004,144.14920556545258,0.9992130994796753,370.6116142272949,141.81717282533646,0.9986795783042908,442.6518678665161,90.94667705893517,0.9941472411155701,364.71764278411865,87.01074945926666,0.985721230506897,441.2952470779419,36.78382666409016,0.9798569679260254,376.0525531768799,35.3717582821846,0.9673386216163635,416.23028802871704,251.97449719905853,0.9998161792755127,376.5604772567749,255.55920886993408,0.9996732473373413,413.7418189048767,330.9386987686157,0.9705467224121094,379.8626661300659,333.6130083799362,0.8954408764839172,416.11163425445557,402.50600469112396,0.9454852342605591,393.5989570617676,406.18074798583984,0.8902240991592407
128,32.73159998934716,167.26274138139507,176.79958069643104,162.10720148607606,161.7128207808064,175.34789132562483,178.81593008349572,176.97777067570834,170.34324929419748,398.919068813324,121.13537031412125,0.9999509453773499,404.1873722076416,113.36873957514763,0.9999276995658875,392.20071268081665,113.34150215983391,0.9998898506164551,410.2216305732727,115.71122851967812,0.9999489784240723,385.3606448173523,115.72661367058754,0.9998015761375427,426.6890811920166,144.2122134566307,0.999236524105072,371.16101026535034,142.07414758205414,0.9986591935157776,443.682879447937,91.34877082705498,0.99453204870224,364.9823708534241,87.07404938340187,0.985933244228363,443.61464405059814,37.02397747337818,0.9812169075012207,375.83564043045044,35.47125604748726,0.9693003296852112,416.9022297859192,254.22796595096588,0.9997919797897339,377.5563349723816,256.13284707069397,0.9996505379676819,416.27605628967285,337.3783816099167,0.9713586568832397,380.4935402870178,339.1971343755722,0.9028041958808899,419.54076623916626,409.52949702739716,0.9487554430961609,394.94951248168945,409.11347115039825,0.8984940052032471
129,24.628299986943603,168.35337821034597,176.33830452505126,164.26660761435716,161.81137938882597,175.48525370825158,178.4896666002347,177.36148039632963,170.4361635752235,399.8908166885376,121.40187531709671,0.9999525547027588,405.02206802368164,113.63339266180992,0.9999305605888367,393.1431951522827,113.64167642593384,0.9998940229415894,412.01149559020996,115.89404827356339,0.9999494552612305,386.2780570983887,116.04033541679382,0.9998121857643127,428.7328071594238,144.30580645799637,0.9992639422416687,371.91662883758545,142.60276997089386,0.9986387491226196,444.7026195526123,91.74378457665443,0.9948912858963013,365.2106056213379,87.19175291061401,0.9862217307090759,445.81819248199463,36.97372643649578,0.982521653175354,375.5432138442993,35.42594464123249,0.9710175395011902,418.45852756500244,256.0423595905304,0.999784529209137,378.3668704032898,256.58636713027954,0.9996449947357178,417.38091373443604,339.6002538204193,0.9721246361732483,380.90474700927734,340.6838812828064,0.9098713397979736,419.86490964889526,414.49360144138336,0.951898992061615,394.695095539093,409.74568688869476,0.9058104157447815
130,62.01989995315671,169.9259714812192,175.31706244516675,165.1219243038421,162.06159237113167,175.17364810966686,178.9332754939672,178.31131823380858,171.65139387216087,400.8720669746399,121.39644777774811,0.9999534487724304,405.9842882156372,113.66201189160347,0.999932050704956,393.95979595184326,113.68262514472008,0.9998958110809326,413.6786127090454,115.93509671092033,0.9999479055404663,387.56871700286865,116.07612726092339,0.9998177886009216,431.0776786804199,144.34008115530014,0.9992839694023132,373.43089866638184,143.19780492782593,0.9985927939414978,445.9261054992676,92.02831727266312,0.9952290058135986,365.9113578796387,87.24542286992073,0.9864020347595215,446.855016708374,37.06542834639549,0.983779788017273,375.2468194961548,35.79498170316219,0.9724122881889343,419.6191358566284,257.6925024986267,0.9997783899307251,379.34069061279297,257.0551868677139,0.9996381998062134,418.2432827949524,341.02047419548035,0.973017156124115,382.12570571899414,340.8073043823242,0.9167181849479675,419.19471168518066,414.4106355905533,0.9548821449279785,394.6023459434509,409.78226935863495,0.9128073453903198
131,53.72200004057959,170.77222626826563,174.99727744774918,165.30332317627952,163.0647148694328,176.09166773790483,178.59737070575238,177.76915732845586,172.64735386496457,402.29816150665283,121.35948067903519,0.9999541640281677,407.4426555633545,113.65362840890884,0.9999338388442993,395.1914701461792,113.69504010677338,0.9998975992202759,415.74472999572754,115.98294737935066,0.9999479055404663,389.29198932647705,116.17175024747849,0.9998231530189514,433.5509843826294,144.36579430103302,0.9992967844009399,374.8878507614136,144.19642943143845,0.9985485672950745,447.6719207763672,92.19543135166168,0.9955500960350037,366.9279136657715,88.17433696985245,0.986308217048645,448.1071615219116,36.61398456990719,0.9848628044128418,375.04097604751587,36.0590044260025,0.9735800623893738,421.79192781448364,257.8157831430435,0.9997687935829163,380.96989917755127,257.0798885822296,0.9996299147605896,418.99053621292114,337.66844868659973,0.9728527069091797,383.4204092025757,340.5586632490158,0.9215529561042786,419.28432750701904,413.62382757663727,0.956769585609436,394.444317817688,409.8939826488495,0.9181415438652039
132,29.618200031109154,170.68872612733415,174.1945742236227,165.10911477674796,163.18815461632482,177.48105495719292,177.2670471545447,178.5998629533854,173.55962578154248,403.23308753967285,121.11246353387833,0.999955415725708,408.56909561157227,113.50600218772888,0.9999356865882874,396.0142879486084,113.6665989458561,0.9999004602432251,417.1840167045593,115.9834032356739,0.9999471306800842,391.0111927986145,116.1843646466732,0.9998297691345215,435.84349155426025,144.39840227365494,0.9992971420288086,376.8064785003662,145.29941654205322,0.9985286593437195,449.57371711730957,92.33124804496765,0.9958337545394897,367.85543489456177,90.17442083358765,0.9866909384727478,449.4580202102661,36.22858653962612,0.9858596920967102,375.0424165725708,36.23015710711479,0.9748029112815857,424.9589853286743,258.2410401105881,0.9997602701187134,383.48715353012085,257.1672990322113,0.9996245503425598,420.9078245162964,337.05483758449554,0.9727334976196289,384.4777798652649,340.0646859407425,0.9268931746482849,418.82879304885864,414.26769614219666,0.9584832787513733,393.1981120109558,409.8272281885147,0.9234017729759216
133,23.135999974329025,170.64053334942125,172.76640424819237,164.42676793767032,162.78019623211054,178.6044031626126,175.938223476787,178.51635296108944,173.91237990462596,404.5644106864929,120.91034823656082,0.9999534487724304,410.0040354728699,113.37792792916298,0.9999324679374695,397.1627402305603,113.65310844779015,0.9998953938484192,419.0046887397766,115.99046188592911,0.9999397993087769,392.56354808807373,116.22416660189629,0.9998233914375305,438.0132255554199,144.43214988708496,0.9993001222610474,379.0332522392273,145.73069936037064,0.9984815120697021,451.649640083313,92.39952677488327,0.9960670471191406,368.7426972389221,90.79130840301514,0.9869347214698792,450.7686958312988,35.547398298978806,0.9866743683815002,375.0492653846741,36.375144347548485,0.9758515954017639,427.34975147247314,258.8161598443985,0.9997604489326477,385.60957765579224,257.23148930072784,0.999620795249939,422.01488065719604,336.4633070230484,0.973050594329834,384.6524119377136,337.1276891231537,0.9318108558654785,418.6616163253784,414.93851721286774,0.960455596446991,391.2449116706848,406.85290813446045,0.9282754063606262
134,24.547599954530597,170.63201052937518,170.62431073999673,163.21037010848718,161.03440315608293,179.58506615680665,175.36362049277685,177.92593159946225,177.70262115057176,405.4561462402344,120.28955739736557,0.999923050403595,411.152108669281,112.94573339819908,0.9998515844345093,398.0726971626282,113.37633243203163,0.9997883439064026,420.39608430862427,115.95994800329208,0.9997432231903076,393.9716739654541,116.16657200455666,0.9996752738952637,439.96056270599365,144.4562105536461,0.9992635250091553,380.72073888778687,145.94235914945602,0.9983250498771667,453.5880308151245,92.78811579942703,0.9962418079376221,368.69965839385986,91.28001487255096,0.9872147440910339,451.57488441467285,35.54974880814552,0.9874900579452515,375.0073890686035,36.45224104821682,0.9763040542602539,429.02672481536865,259.9669406414032,0.9997267723083496,386.6074824333191,257.26086354255676,0.9995794296264648,422.3127155303955,336.82628262043,0.9709298014640808,384.59347677230835,328.9471764564514,0.9362450242042542,418.4569606781006,412.46182131767273,0.9599211812019348,385.31940031051636,389.38999259471893,0.9292256236076355
135,22.790600021835417,169.8603713151315,169.28507010897704,162.4716473295137,159.22844715067046,178.78035667867582,172.49613867645132,176.81006180943072,176.5638495321908,407.2007737159729,120.11888194084167,0.9998885989189148,412.81308460235596,112.77995839715004,0.9997501969337463,399.3125343322754,113.29414296150208,0.999674379825592,421.85313749313354,115.94280353188515,0.9995018839836121,395.03763723373413,116.13121464848518,0.9995430111885071,441.43712615966797,144.46351850032806,0.9991907477378845,381.981324672699,146.04867339134216,0.9981623888015747,455.35866355895996,93.60498183965683,0.9963773488998413,368.5738778114319,92.69401708245277,0.9877051711082458,453.1105852127075,35.60680563747883,0.9881924390792847,375.0680932998657,37.125263050198555,0.9769766926765442,430.98988246917725,259.9520398378372,0.9996683597564697,388.52327966690063,256.4614055156708,0.9995289444923401,422.4509048461914,336.21540665626526,0.9688474535942078,383.7867069244385,322.3296241760254,0.9405063986778259,418.34550952911377,409.6759693622589,0.9587124586105347,383.06366443634033,383.52827858924866,0.9310649633407593
136,24.127399956341833,169.91479413913456,167.73739431636687,161.57402636843935,157.25302739322646,178.70917121172812,170.7989069877794,177.27613838020136,176.9723663067618,408.49231815338135,120.07714259624481,0.9998564720153809,414.163058757782,112.69274738430977,0.9996559023857117,400.4249482154846,113.2712290585041,0.999561071395874,422.94166898727417,115.94353717565536,0.999286413192749,396.0960693359375,116.13016760349274,0.999401867389679,442.30396842956543,144.803202688694,0.9991204738616943,383.39640045166016,146.71608978509903,0.9979599118232727,455.9866819381714,94.85574474930763,0.9964461922645569,368.4411220550537,93.7478856742382,0.9882394075393677,452.84659004211426,36.98945704102516,0.9887186884880066,375.2519750595093,38.11934679746628,0.977577269077301,431.76195335388184,259.8687605857849,0.9996230602264404,390.07745456695557,255.82141172885895,0.9994757175445557,423.20263147354126,334.6967498064041,0.9671749472618103,383.7484951019287,319.2633920907974,0.9443235397338867,418.31353998184204,408.2735558748245,0.9576067924499512,380.89660930633545,380.433270573616,0.9334702491760254
137,23.310999968089163,169.43664794023115,164.77906803259975,159.2724287224342,153.11259165671999,179.58761077877037,170.52748167938873,178.74059437289085,177.1927898464139,409.3578462600708,120.18351382017136,0.9998121857643127,415.09624099731445,112.75512135028839,0.9995132088661194,401.7137379646301,113.30529719591141,0.9994112253189087,423.87336015701294,116.030377805233,0.9989332556724548,397.69586086273193,116.14714112877846,0.9992513060569763,443.05359745025635,145.16220378875732,0.9990522265434265,385.09331369400024,146.9329349398613,0.9978622198104858,457.0314416885376,96.69944140315056,0.9965327382087708,367.58039569854736,94.77233016490936,0.9887694716453552,452.52558040618896,41.16631539165974,0.9891992807388306,375.56722259521484,40.210876151919365,0.97799152135849,431.9628686904907,259.8089579343796,0.9995777010917664,391.3477449417114,254.14953017234802,0.999444305896759,424.15239238739014,334.90365159511566,0.9654726386070251,384.4711079597473,318.13668620586395,0.9478371143341064,418.24121046066284,407.13488376140594,0.9563379883766174,381.1667709350586,374.98216915130615,0.9336386919021606
138,23.47750001354143,166.47626002781962,159.5439908316015,151.25040772123364,143.9838853593079,179.59448829149864,169.4688509586661,176.91896643331214,176.68419077519184,411.2599205970764,120.45259726047516,0.9998047351837158,416.919819355011,112.97272151708603,0.9994614720344543,403.5282688140869,113.43164774775505,0.9993744492530823,425.5476293563843,116.18471366167068,0.9987764358520508,399.1955485343933,116.18944317102432,0.9992371797561646,444.6155309677124,146.03861606121063,0.999038577079773,386.2405023574829,148.25792407989502,0.9979005455970764,459.8009901046753,103.4441419839859,0.9966495633125305,364.8682155609131,99.89848437905312,0.9894347786903381,451.2400760650635,50.162184074521065,0.9897688627243042,376.0947833061218,47.855925023555756,0.9787886142730713,432.4770097732544,259.65835440158844,0.9995427131652832,392.4539670944214,253.2492424249649,0.9994497895240784,423.75604581832886,336.15907990932465,0.9652334451675415,385.6734914779663,307.34517097473145,0.9516919851303101,419.46014738082886,407.9903551340103,0.9575614929199219,381.5399680137634,369.1139876842499,0.9365118145942688
139,22.067999991122633,164.49706439965524,151.95987829857887,144.29852210206957,132.35893809145546,179.70948145657462,167.70620869551084,176.59577235363093,173.85198362066293,411.9374475479126,120.15238738059998,0.9998153448104858,417.4481129646301,112.60294368863106,0.9994860291481018,404.19260358810425,113.278807669878,0.9994082450866699,425.5439395904541,116.18770521879196,0.9988178610801697,399.9545030593872,116.24660328030586,0.999287486076355,446.24812602996826,147.6645273566246,0.9990649223327637,386.95078229904175,149.23389822244644,0.9980084896087646,461.17166233062744,111.2262647151947,0.9967531561851501,361.8987374305725,107.98019731044769,0.9902197122573853,449.6909809112549,63.145581156015396,0.9902554750442505,376.69826221466064,57.60517106950283,0.979796290397644,432.96714210510254,259.55795204639435,0.9995302557945251,392.7913279533386,252.76463866233826,0.9994583129882812,424.3397617340088,335.5337874889374,0.9663249254226685,385.582435131073,297.9482342004776,0.9556463956832886,420.3678045272827,409.49052131175995,0.9597488045692444,382.2508292198181,363.33264684677124,0.9397670030593872
140,24.461799999698997,160.8712084374899,140.25098036892615,127.90964375626257,114.92537880205737,179.80393845019952,160.77560082548413,176.5053720646687,166.68948373887207,412.1774592399597,120.01793825626373,0.9998250603675842,418.6425862312317,112.50185042619705,0.9995149374008179,405.12957668304443,113.00592067837715,0.9994481205940247,426.84556770324707,116.18875938653946,0.9988580346107483,400.4493360519409,116.25018602609634,0.9993415474891663,447.3570775985718,148.49922877550125,0.9990584850311279,387.3783149719238,149.58191603422165,0.9981258511543274,461.0940761566162,120.14158928394318,0.996315062046051,357.2562789916992,117.21963572502136,0.9908795952796936,442.9533166885376,83.34588542580605,0.9898737072944641,376.71249055862427,69.3717665374279,0.9803639054298401,434.2208032608032,260.0261734724045,0.9995291233062744,393.1467080116272,252.83350145816803,0.9994868636131287,425.04753971099854,335.6779235601425,0.967430055141449,386.2776780128479,276.7464990615845,0.9590442180633545,420.54541873931885,411.0328541994095,0.9619174599647522,382.5534658432007,355.2452713251114,0.9429369568824768
141,22.173400036990643,158.0044307520157,138.66082096886933,123.28870428554036,112.61547895984855,179.82709207892975,166.53676687757627,176.8181440286591,173.13697795776216,412.692889213562,119.16538009047508,0.9998132586479187,419.75694608688354,112.30049014091492,0.999489426612854,405.7542338371277,112.15653213858604,0.9994312524795532,427.4959774017334,116.16543236374855,0.9987493753433228,400.6320300102234,115.92471173405647,0.9993452429771423,447.43193435668945,149.13445031642914,0.9990198016166687,387.26946687698364,149.55291217565536,0.9981762170791626,460.5244369506836,125.3425253033638,0.9959838390350342,356.92480659484863,118.70913913846016,0.9913747906684875,438.68734073638916,84.0779479444027,0.9896557331085205,376.68600511550903,71.81798416376114,0.9807724952697754,434.16869163513184,259.9018956422806,0.9995293617248535,392.97447681427,251.8035510778427,0.9995061755180359,425.2047338485718,336.72733330726624,0.9677290320396423,387.9913721084595,279.30630326271057,0.962019145488739,420.54041481018066,413.57601964473724,0.9637101292610168,383.49976444244385,354.75873017311096,0.9451697468757629
142,25.62170004239306,113.31826976668441,120.59647236181199,74.41885342275432,91.78063273406707,178.8869753160296,163.5505830698253,178.00895428203034,168.1962581655188,412.9596643447876,119.13507989048958,0.9997896552085876,420.0768184661865,112.30790492892265,0.9994328618049622,406.4063115119934,112.15000057220459,0.9993550777435303,428.15447425842285,115.87550061941147,0.9985407590866089,401.71007347106934,115.26448932290077,0.9993107318878174,447.5066394805908,149.3350840806961,0.999050498008728,387.96137380599976,149.3100689649582,0.9982333183288574,460.3642101287842,145.581149995327,0.995381236076355,355.1381006240845,132.30318069458008,0.9914500713348389,437.5030269622803,108.79160019755363,0.9887626767158508,376.5681347846985,87.59452334046364,0.9790579676628113,433.94073486328125,259.14827966690063,0.9995214939117432,393.59069299697876,249.8022278547287,0.9995162487030029,425.67459774017334,338.7386283874512,0.968884289264679,387.93880558013916,273.817707657814,0.9647397398948669,420.44205474853516,414.7425844669342,0.9661062359809875,386.0331931114197,349.65211367607117,0.9465957880020142
143,25.372100004460663,54.84303696201627,92.90614567536896,9.212369912997138,61.51481184637865,178.4153840506106,139.89186482405037,178.8789269246394,143.26583050895758,412.804744720459,120.18317192792892,0.9997804164886475,419.95386838912964,113.33863168954849,0.9994120597839355,406.0028381347656,113.75173011422157,0.9993245601654053,427.903115272522,115.80339697003365,0.9984272718429565,402.1192078590393,115.27927616238594,0.9992741942405701,447.0964183807373,149.31495517492294,0.9990951418876648,388.42668867111206,149.28283154964447,0.9983291625976562,459.915979385376,160.95352268218994,0.9950134754180908,353.6465759277344,149.634268283844,0.9903512001037598,432.5682430267334,126.63678687810898,0.9888395071029663,375.53350925445557,108.30796512961388,0.9768679141998291,433.7492208480835,256.80024921894073,0.999497652053833,394.3681974411011,246.8427516222,0.9995357394218445,425.90801334381104,338.32431197166443,0.9688538312911987,389.2051787376404,253.78891932964325,0.9666752815246582,420.10979890823364,414.14780592918396,0.9674914479255676,389.37559032440186,341.66662204265594,0.9475902915000916
144,24.594199960120022,41.39900913590392,72.83998816011972,17.429983601123986,33.30133674345031,177.70107202611604,59.8380689703855,179.73030293292368,65.00441708600384,412.95809745788574,120.43907827138901,0.9997795224189758,420.46464824676514,114.09071627259254,0.9994179010391235,407.290566444397,113.75129562616348,0.9993388056755066,428.03008365631104,116.5149886906147,0.9983893036842346,402.8552656173706,114.90206217765808,0.9992725849151611,447.01938819885254,151.21244287490845,0.9991421103477478,388.2257480621338,149.21166098117828,0.998403787612915,462.5198926925659,174.26522535085678,0.9942359328269958,354.15341329574585,162.3707515001297,0.9868329763412476,428.3783874511719,146.95823496580124,0.9883590936660767,374.1046094894409,134.48428225517273,0.968454122543335,433.57827854156494,253.55013608932495,0.9994701147079468,394.8293170928955,244.6749838590622,0.9995395541191101,425.91332054138184,338.043191075325,0.9694194793701172,393.07215452194214,243.81016743183136,0.9682297110557556,419.4180688858032,413.5929433107376,0.9689583778381348,391.28585290908813,328.4327141046524,0.9472829699516296
145,30.044400016777217,32.112786428029985,56.898863911719964,35.42266851026978,3.712925770058839,176.8450567655799,19.86593604103678,179.87879293643155,14.130447140692885,413.516743183136,120.47823917865753,0.9997884035110474,421.15592336654663,114.16051214933395,0.9994444847106934,408.3076276779175,113.5299631357193,0.9993678331375122,428.7165822982788,116.64455160498619,0.9984368681907654,403.3927836418152,113.88511082530022,0.9992724657058716,447.8306312561035,153.0670800805092,0.9992047548294067,387.97684049606323,149.34669417142868,0.9984602928161621,462.0796480178833,185.25975334644318,0.9937565326690674,355.5312376022339,174.08261215686798,0.9734095335006714,425.052695274353,163.27270597219467,0.9887712597846985,372.7946162223816,162.60924983024597,0.9490906596183777,433.47289276123047,252.23934972286224,0.9994606375694275,394.94799613952637,243.8224470615387,0.9995404481887817,425.8699531555176,337.71742475032806,0.9701817631721497,395.5798306465149,241.5664426088333,0.9699490666389465,418.99452924728394,413.2062631845474,0.9705442786216736,393.49784231185913,320.26556372642517,0.9468108415603638
146,22.340599971357733,26.049832981126098,45.70239900786483,51.789140419692174,22.51427704460227,176.03376521261734,23.464290380870377,179.8948325813448,15.131715228997285,414.0301513671875,120.85667115449905,0.9998058676719666,421.5237121582031,114.48806628584862,0.99949049949646,408.91004514694214,113.72162935137749,0.9994224309921265,429.1324644088745,117.11316478252411,0.9985555410385132,404.2117347717285,114.3506256043911,0.9993323087692261,448.9235095977783,155.22013223171234,0.9992770552635193,387.6303310394287,155.04977017641068,0.9986010789871216,461.3661079406738,195.9281731247902,0.9932960867881775,357.3480176925659,190.1311907172203,0.9702072739601135,423.6010251045227,181.26880246400833,0.9892807602882385,376.6995005607605,180.40478378534317,0.9453827142715454,433.39576148986816,252.66594576835632,0.9994387626647949,395.31598711013794,244.6694850921631,0.9995547533035278,425.84508514404297,337.477131485939,0.9675185680389404,397.39476585388184,238.4791841506958,0.969569742679596,418.9847993850708,412.9647448062897,0.9683605432510376,392.89282178878784,313.5700030326843,0.9440321326255798
147,24.074899964034557,22.497588222521752,39.68529923729635,56.729382582277736,47.718716130274494,175.45043930592468,17.722317737904202,179.89940858554868,9.619163083660625,414.7119240760803,121.11660897731781,0.9998221397399902,422.09964418411255,114.64122688770294,0.99953293800354,409.4744277000427,114.03699645400047,0.9994725584983826,429.56421756744385,117.55700501799583,0.9986639022827148,404.8033356666565,114.97830414772034,0.9993892908096313,449.4966869354248,157.44647753238678,0.9993443489074707,387.59280157089233,156.24361515045166,0.9987291693687439,460.5934810638428,205.99865186214447,0.9927946925163269,358.7823257446289,198.0655409693718,0.9705206751823425,423.2413740158081,192.11007726192474,0.9898900389671326,382.4131283760071,194.86258047819138,0.9470837116241455,433.3125648498535,252.89430129528046,0.9994121193885803,395.56380796432495,245.154829621315,0.9995512962341309,425.81061363220215,337.38544738292694,0.9662454724311829,397.7853503227234,235.21570873260498,0.97016441822052,418.97805166244507,412.83371460437775,0.9682983756065369,393.9167823791504,309.52348041534424,0.9406976699829102
148,22.294800030067563,20.71402574548323,35.384841067910585,62.2810116836942,55.797470654235866,175.43730322764893,97.90370782715614,179.80889391156913,77.5816513044026,415.150728225708,121.17772221565247,0.9998332262039185,422.2916383743286,114.622957020998,0.9995598793029785,409.6526737213135,114.11119419336319,0.999513566493988,429.69755458831787,117.56333714723587,0.9987229108810425,404.8720512390137,115.26238098740578,0.9994364976882935,449.6411437988281,158.8633074760437,0.9994043111801147,387.1614022254944,157.93677949905396,0.9988532066345215,459.7240104675293,210.63166213035583,0.9922223687171936,360.365083694458,204.40331143140793,0.9713354706764221,422.16696977615356,199.36577141284943,0.9898898601531982,386.5923948287964,202.46287351846695,0.9485538005828857,433.55123710632324,253.0666719675064,0.9994012117385864,395.5612807273865,246.57277071475983,0.9995819926261902,425.9955062866211,337.2313109636307,0.9657159447669983,409.9774489402771,247.19968712329865,0.9702359437942505,418.9680185317993,412.6849060058594,0.9641777276992798,393.51159048080444,309.0464267730713,0.9389760494232178
149,26.333199988584965,20.160884385379664,34.14393132306051,63.19779721373679,61.79968406412135,175.69115843373902,103.23180804837438,179.861766311399,76.41113867001208,415.0000796318054,121.86568063497543,0.9998487830162048,422.1846857070923,115.02478724718094,0.999600887298584,409.4784965515137,114.60358312726021,0.9995602369308472,429.5955047607422,117.8413382768631,0.9988409280776978,404.9947233200073,115.56650838255882,0.9994904398918152,449.44300842285156,159.26706796884537,0.9994626641273499,387.00466299057007,157.49890100955963,0.998967170715332,459.02037715911865,210.25136399269104,0.992472767829895,361.19510412216187,204.63041335344315,0.9722961783409119,424.24028968811035,200.17102736234665,0.9904577136039734,385.7186279296875,204.84661746025085,0.9503849744796753,433.53379917144775,254.11411583423615,0.9994336366653442,395.661612033844,248.4277070760727,0.9996190071105957,425.9576482772827,337.1524478197098,0.9667367339134216,414.72418117523193,251.03668677806854,0.9708815813064575,418.8900532722473,412.60447585582733,0.9594221711158752,392.84953022003174,306.90538358688354,0.9368294477462769
150,23.448299965821207,22.106691549864696,33.255537705259904,59.84879475372386,51.490009749995906,175.7550487964287,59.691317610946776,179.86471323000853,40.769603829077575,414.99573278427124,122.49266827106476,0.9998626112937927,422.16552925109863,115.59090381860733,0.9996368288993835,409.4991693496704,115.25953188538551,0.9996014833450317,429.5636110305786,118.19513264298439,0.9989416003227234,405.0878520011902,116.13199815154076,0.9995384812355042,449.3683032989502,159.396089553833,0.9995145201683044,386.85856342315674,157.79939579963684,0.9990682005882263,459.99730587005615,206.91143292188644,0.9924834370613098,362.27908658981323,204.63337641954422,0.9733451008796692,424.62235736846924,195.72927731275558,0.9910539388656616,384.9697823524475,200.29728531837463,0.953464925289154,433.5141878128052,254.16266453266144,0.9994344115257263,395.6716957092285,248.26653337478638,0.9996355175971985,425.8976516723633,337.0134971141815,0.9656893610954285,407.23802518844604,239.9022821187973,0.971059262752533,418.77948665618896,412.48783361911774,0.9587411284446716,391.1953020095825,307.46417796611786,0.9353159070014954
151,24.742000037804246,25.936195744230282,34.844795307405455,50.32919879304124,38.02218873125504,175.77535574453967,29.44064677156012,179.8700660163807,14.782501228197049,414.93914794921875,122.67870038747787,0.9998753666877747,422.09567642211914,115.84902533888817,0.9996702671051025,409.5070290565491,115.44377619028091,0.9996392726898193,429.4888553619385,118.42258358001709,0.9990357160568237,405.0485534667969,116.40053313970566,0.9995821118354797,449.3118953704834,158.9604333639145,0.999559760093689,386.3154854774475,159.51573759317398,0.9991570115089417,462.054274559021,202.07482582330704,0.9924861788749695,362.5191993713379,202.72895115613937,0.9727873802185059,428.9854803085327,187.8975232243538,0.9915478229522705,384.5211977958679,193.3272848725319,0.954748809337616,433.4189615249634,254.22651290893555,0.9994304776191711,395.6458420753479,248.22157454490662,0.9996470808982849,425.81971168518066,336.98238492012024,0.9637914896011353,399.2472810745239,239.91353607177734,0.9708998203277588,418.7194142341614,412.42540979385376,0.9578467011451721,388.24786138534546,312.1858237981796,0.9339693188667297
152,23.70279998285696,33.514918466461154,39.396880127379745,31.692334876128232,15.799181056275138,175.49808115201753,7.969102082458656,179.6490653593502,22.664929665739926,414.87642192840576,122.65852874517441,0.9998807907104492,422.05104541778564,115.88869908452034,0.9996815919876099,409.42595529556274,115.41541337966919,0.9996623992919922,429.4301223754883,118.48200872540474,0.9990401864051819,404.9594178199768,116.40238505601883,0.9996047616004944,449.2858648300171,159.39690154790878,0.9995685815811157,385.56861114501953,159.27196842432022,0.999212920665741,465.93737411499023,196.95622885227203,0.9918810725212097,360.29219818115234,198.3097517490387,0.968600869178772,438.9283380508423,178.46407520771027,0.9908013343811035,380.3687958717346,180.68547731637955,0.9513623714447021,433.15046787261963,254.74097526073456,0.9993991851806641,395.6158185005188,247.80694472789764,0.9996382594108582,425.80212211608887,337.0219589471817,0.9619727730751038,392.07596826553345,234.06346064805984,0.9710415005683899,418.60980796813965,412.3458058834076,0.9586535692214966,380.94141721725464,311.1276673078537,0.9320998191833496
153,27.286300028208643,46.442531219501475,51.046042103783634,3.204654288484736,6.774684407947644,175.71822324341773,27.569503356987138,179.45845622248922,42.261843820916944,414.33412742614746,122.30650794506073,0.9998828768730164,421.8024411201477,115.75385820865631,0.9996910691261292,409.2100787162781,115.39183706045151,0.9996805191040039,429.3675479888916,118.33810770511627,0.9990566372871399,404.9021506309509,116.40663021802902,0.9996288418769836,448.72769927978516,159.00731533765793,0.9995559453964233,385.8064241409302,155.7814765572548,0.9992470145225525,469.9678621292114,187.02398854494095,0.9904624819755554,355.96905612945557,185.68720412254333,0.9662513732910156,448.2922058105469,161.52936893701553,0.9874368906021118,375.9337224960327,160.2799379825592,0.9435514807701111,433.09754753112793,254.70812511444092,0.9993903636932373,395.6074028015137,247.31612992286682,0.9996428489685059,425.89406299591064,337.1429318189621,0.9607735276222229,390.61416387557983,239.82373237609863,0.9710133075714111,418.60348987579346,412.3685702085495,0.9585276246070862,379.2118773460388,315.3896390199661,0.9285684823989868
154,22.23569998750463,71.56742297158401,76.30094024734439,28.493246147456837,43.50270380851199,175.42117682428113,51.553399929205874,179.17426210967608,63.27583451686685,412.505166053772,122.25284510850906,0.9998881816864014,420.052481174469,115.74051728844643,0.9997051358222961,407.58160305023193,115.53565973043442,0.9996955394744873,428.63934993743896,117.96486821770668,0.9991018176078796,404.54444551467896,116.60538357496262,0.9996524453163147,448.6652765274048,158.00883328914642,0.9995827674865723,385.8487048149109,154.7345597743988,0.9992923140525818,471.9557867050171,170.25492906570435,0.9910861253738403,351.74948024749756,166.77802741527557,0.9686618447303772,448.24014472961426,134.7907316684723,0.9879353046417236,371.1541361808777,128.76748782396317,0.9457522034645081,432.6815643310547,255.58658874034882,0.9994145035743713,395.19766187667847,247.52072393894196,0.99965900182724,425.88258934020996,337.86403954029083,0.962604284286499,386.2638792991638,241.7868776321411,0.9724313020706177,418.6369504928589,412.4358090162277,0.9611330032348633,377.260395526886,327.8997895717621,0.9318578839302063
155,33.984300040174276,96.83653370888696,95.90621380518418,57.816740641641466,64.07012817935026,175.50813524259522,112.91628675118803,178.82479594470112,121.81199178339338,411.92195558547974,121.35432380437851,0.9998939633369446,419.4136714935303,114.59549880027771,0.9997174143791199,406.63249921798706,115.05708181858063,0.9997082948684692,428.1456289291382,116.7915510237217,0.9991400241851807,403.468044757843,116.55138596892357,0.9996747970581055,448.467848777771,155.12068432569504,0.9995994567871094,385.99920177459717,152.1595128774643,0.9993164539337158,474.090594291687,156.0851480960846,0.991737425327301,350.1131954193115,151.80984258651733,0.9710972309112549,448.8966703414917,112.49651548266411,0.9884783029556274,370.2027072906494,111.49561882019043,0.9490823149681091,432.42666721343994,256.49023842811584,0.9994452595710754,394.93940353393555,247.66297960281372,0.9996744394302368,425.9169092178345,339.19870138168335,0.9643258452415466,379.99347591400146,255.69850146770477,0.9742312431335449,418.63118839263916,412.5091164112091,0.9636327624320984,374.87099409103394,338.32006680965424,0.9353579878807068
156,21.831999998539686,120.16546770802263,116.1411398335349,83.41287253634744,85.85136471818373,175.17372565444256,129.64401173511573,178.39549123798182,136.22614495665442,411.78442335128784,119.1509422659874,0.9999008178710938,419.0672631263733,112.55264991521835,0.99973464012146,406.3628430366516,113.35946574807167,0.9997256398200989,427.4132356643677,115.21533519029617,0.9992010593414307,402.57254362106323,116.15058854222298,0.9996981024742126,448.1833324432373,152.083968937397,0.9996166825294495,386.0545988082886,150.44107699394226,0.9993226528167725,474.8769187927246,141.69846498966217,0.9924451112747192,350.26480436325073,136.32907581329346,0.9736249446868896,451.7877788543701,97.9917157292366,0.9893344640731812,370.47701358795166,94.27124434709549,0.953192412853241,431.8245277404785,256.4744259119034,0.9994792938232422,393.8986873626709,247.47411262989044,0.9996922016143799,425.91377544403076,339.3394470214844,0.9658041000366211,375.10023975372314,265.7968016862869,0.9759543538093567,418.63371562957764,412.4764372110367,0.9659008979797363,372.33862686157227,346.4765900373459,0.9391240477561951
157,27.226600039284676,137.63610998009355,129.42987523235976,98.49565928216519,102.12121853947298,174.88862329983053,143.1926248464431,178.2595520712416,146.92021128938674,411.2104878425598,118.26841866970062,0.9999067783355713,418.5355577468872,111.79864931106567,0.9997478127479553,405.34368419647217,112.48060324788094,0.9997409582138062,426.50221729278564,114.18007835745811,0.9992482662200928,401.7059540748596,115.75952079892159,0.999720573425293,447.696738243103,150.08005303144455,0.9996170401573181,385.94165658950806,148.55686610937119,0.9993332028388977,477.25605964660645,126.32126307487488,0.9930418729782104,350.9333596229553,123.41403937339783,0.9760749936103821,451.91631412506104,82.94965368509293,0.9897941946983337,371.33963537216187,76.6270262002945,0.9573072195053101,431.15440559387207,256.3852205276489,0.9995155334472656,392.41204023361206,247.4315755367279,0.9997107982635498,425.8007068634033,338.42710757255554,0.9669321179389954,370.33404779434204,281.3466591835022,0.9776254296302795,418.7507266998291,411.9934574365616,0.9678012132644653,370.35542821884155,355.4818892478943,0.9427582621574402
158,24.87169997766614,146.22274670798862,136.31686357862458,108.44849142296214,110.96354250036482,174.52207402065295,151.71378667648221,178.03935155281516,155.03766328653234,410.5636668205261,118.05216470360756,0.9999122619628906,418.280433177948,111.4882610142231,0.9997611045837402,404.3816156387329,112.19352060556412,0.9997541904449463,425.6710596084595,113.46690538525581,0.9992994666099548,401.02443408966064,115.18549796938896,0.9997414946556091,447.13564109802246,148.0426744222641,0.9996235370635986,385.387357711792,146.34361243247986,0.9993410110473633,476.5003147125244,116.0779578089714,0.9936379790306091,351.2985453605652,114.18082624673843,0.9782949686050415,450.0927610397339,68.39644768834114,0.9903926849365234,371.67075395584106,64.68368312716484,0.9610190391540527,430.42135524749756,256.0707366466522,0.9995505809783936,390.6490902900696,247.3484672307968,0.9997276663780212,425.711950302124,337.3213710784912,0.9675521850585938,369.4895968437195,292.1033298969269,0.9790377616882324,418.89316177368164,411.1354503631592,0.9685336351394653,369.06461668014526,363.338800907135,0.944582998752594
159,23.146299994550645,151.3410461924734,142.94755402927186,115.3762320519129,117.38505355011404,173.97469516823793,160.06172502275822,177.58352310220525,164.38369577402935,409.8268508911133,117.49926796555519,0.9999131560325623,417.906503200531,110.85976335406303,0.9997626543045044,403.5342330932617,111.61157014966011,0.9997500777244568,425.02378368377686,112.7763542830944,0.9993365406990051,400.544713973999,114.29873633384705,0.9997516870498657,446.504337310791,146.35966712236404,0.9996306300163269,384.796413898468,144.72156167030334,0.9993093609809875,475.1988887786865,108.92550086975098,0.9941681623458862,351.37044525146484,104.40383350849152,0.9801563024520874,448.92644119262695,57.70018149912357,0.9907426834106445,372.11817598342896,55.41604572534561,0.9637978076934814,429.68946743011475,254.8214908838272,0.9995829463005066,389.44690895080566,246.80112624168396,0.9997338652610779,425.69213676452637,336.9310441017151,0.9683719277381897,370.28807735443115,308.2004714012146,0.9803839325904846,418.94239234924316,411.04664385318756,0.9691305160522461,368.39775466918945,371.38928055763245,0.9446031451225281
160,21.984599996358156,153.3737801800236,148.7522435209515,116.54999591736299,125.56350253250565,172.37458442494736,163.91804173537238,176.72430995116622,168.70904557247042,408.80521535873413,117.59297493100166,0.9999119639396667,417.1382989883423,110.86959275603294,0.9997610449790955,402.3582339286804,111.60265958309174,0.9997377991676331,424.34976959228516,112.42745324969292,0.999374270439148,399.58532428741455,113.63936153054237,0.9997538924217224,445.2986936569214,144.75223225355148,0.9996418952941895,384.08767557144165,143.73050153255463,0.9992746710777283,475.06080055236816,103.57116919755936,0.9946334362030029,354.1074175834656,98.37865227460861,0.9816648960113525,448.4407567977905,52.638427674770355,0.9909694790840149,372.8099060058594,49.57920438051224,0.9660958647727966,427.55031299591064,253.97257244586945,0.9996132254600525,388.08268117904663,246.8177934885025,0.9997375011444092,425.22389030456543,337.02560579776764,0.9697489142417908,370.4749665260315,318.16668725013733,0.9814658761024475,418.87926197052,411.334232211113,0.9702966809272766,367.5804715156555,382.61092472076416,0.9467399716377258
161,22.301899967715144,158.01268970195682,155.5089953599877,122.38775521336751,137.18908698066127,171.7927622772309,168.13033759602658,176.71831634641546,174.0111111844259,407.5235524177551,117.65997868776321,0.9999115467071533,415.84240770339966,110.8885677754879,0.999764084815979,401.01465368270874,111.63771778345108,0.9997313022613525,423.4511094093323,112.4300245642662,0.9994146227836609,398.32322216033936,113.63664776086807,0.9997574090957642,444.4577302932739,143.65623968839645,0.9996511936187744,383.3195471763611,142.35209172964096,0.9992499351501465,472.82793617248535,97.14355230331421,0.9950516819953918,358.92488718032837,92.63481986522675,0.9829634428024292,447.97094345092773,46.69712044298649,0.9911299347877502,373.9364218711853,42.520023480057716,0.9680899381637573,426.2056713104248,253.98439621925354,0.9996432065963745,386.3325443267822,247.28644227981567,0.9997437596321106,424.48401641845703,337.119996547699,0.9713635444641113,372.19846630096436,325.64438343048096,0.9825682640075684,418.6825165748596,411.36429023742676,0.9715077877044678,367.4139013290405,390.24079144001007,0.94931560754776
162,35.313199972733855,161.76801977045037,161.34354348129352,130.871139109649,144.76309652287182,171.0357263540025,170.21976171860197,176.25955052479694,176.81511668958552,405.9881043434143,117.72991701960564,0.9999033808708191,414.282799243927,110.95793628692627,0.999746561050415,399.51281785964966,111.66026130318642,0.9996992945671082,422.55184268951416,112.56710198521614,0.9994260668754578,396.75673961639404,113.68904986977577,0.9997403025627136,443.0025978088379,142.156800031662,0.9996427893638611,381.66375207901,140.31395810842514,0.9992246627807617,467.91978931427,94.49999162554741,0.9954038262367249,362.0733947753906,87.26415571570396,0.9841572046279907,447.66201400756836,43.141526594758034,0.9912806749343872,375.4926438331604,37.0728395730257,0.9701572060585022,424.6746711730957,253.21955478191376,0.9996623992919922,384.6761426925659,247.36638808250427,0.9997393488883972,424.0829439163208,336.6414043903351,0.9726546406745911,373.33910942077637,326.3485389947891,0.9833694696426392,418.64597272872925,411.63113713264465,0.9725806713104248,367.3116240501404,395.4721131324768,0.9523628354072571
163,21.988100023008883,161.87781491168025,166.08066658615243,135.22092282578274,149.993085062957,171.56564279465613,170.88045015649027,176.21323935239346,178.27749624581415,404.3818430900574,117.09115546941757,0.9998953342437744,412.6701693534851,109.91991582512856,0.9997343420982361,397.9414324760437,111.00882837176323,0.9996764659881592,420.79473066329956,112.35793516039848,0.999433696269989,395.01704025268555,113.42067870497704,0.9997135996818542,440.06675720214844,142.38042604923248,0.9996224641799927,379.4666986465454,140.59912472963333,0.9991390705108643,464.4677858352661,93.54295688867569,0.995725691318512,363.65332221984863,86.21471747756004,0.9852306246757507,447.4776773452759,41.96025328338146,0.9914523959159851,376.3697466850281,34.41948154568672,0.9719831943511963,423.61669397354126,253.42802357673645,0.9996770024299622,383.8086938858032,249.01046240329742,0.9997280240058899,423.62852144241333,336.9714158773422,0.9741308689117432,373.9687452316284,331.21326673030853,0.9841500520706177,418.68332529067993,411.8468426465988,0.9733861684799194,367.8061537742615,400.21598196029663,0.9544516205787659
164,24.48500000173226,163.16115563235476,170.14575921046662,141.60769985245287,154.18665453877063,171.66749650071407,171.87571646152875,176.60608773491774,179.38078253517065,402.78134393692017,116.62288418412209,0.9998785853385925,410.971613407135,109.27783507108688,0.9997112154960632,396.4682807922363,110.45607408881187,0.999629557132721,418.9539670944214,111.98674702644348,0.999416708946228,392.93232250213623,112.79572105407715,0.9996396899223328,437.06379318237305,142.49128460884094,0.999555766582489,376.856972694397,140.74526941776276,0.9989092946052551,459.6737184524536,93.19283786416054,0.9959627389907837,364.8610887527466,87.1689600944519,0.9860327243804932,447.41282844543457,43.103825852274895,0.9914546608924866,377.1098732948303,34.91652163863182,0.9734041094779968,421.866632938385,253.44856560230255,0.999672532081604,382.11938762664795,249.6563823223114,0.9996861815452576,422.6444659233093,336.9719572067261,0.9749179482460022,374.34826040267944,332.5146795511246,0.9844288229942322,418.90241146087646,411.8670142889023,0.9737927317619324,368.401798248291,404.2484015226364,0.9566243290901184
165,27.20379998208955,162.92578836086318,175.9535036540755,144.47220493021476,159.22505799437812,172.54316894432466,172.05023394755622,176.84126637523806,179.31263646345244,402.4349355697632,116.18083176016808,0.9998684525489807,410.3893127441406,108.9732518196106,0.9996974468231201,395.9470634460449,109.81649342179298,0.999604344367981,417.88322734832764,112.0236713886261,0.9994098544120789,391.61515188217163,112.22316551208496,0.9995965361595154,434.55535888671875,142.44928884506226,0.9995173215866089,373.60077953338623,140.46195471286774,0.9987604022026062,456.3434772491455,93.27360278367996,0.9961538910865784,366.0901851654053,85.22530981898308,0.9869260787963867,445.9468288421631,42.76495009660721,0.9915792346000671,377.9924097061157,33.801546931266785,0.9749808311462402,421.2505431175232,253.65808856487274,0.9996746182441711,380.742422580719,251.00098752975464,0.9996612668037415,422.1796565055847,337.5547125339508,0.975892961025238,374.5656533241272,334.05726885795593,0.984727680683136,418.9016532897949,411.9115172624588,0.9744074940681458,370.23467683792114,403.5580071210861,0.9588713645935059
166,26.55470004538074,162.03023929092805,179.21219882837698,145.887064691707,161.6084894152982,173.56245783322376,171.81595530055213,177.68648470515504,178.18667303713602,400.085919380188,116.23391765356064,0.9998521208763123,408.14376163482666,108.94050139188766,0.9996669292449951,394.1203513145447,109.56985378265381,0.9995517730712891,415.7044458389282,112.07798951864243,0.9993786811828613,389.682599067688,111.9853153526783,0.9995085000991821,432.09074687957764,142.67110568284988,0.9994796514511108,371.2269711494446,140.6669618487358,0.9985411763191223,453.94957733154297,93.29413056373596,0.9962829351425171,366.18912649154663,86.16582688689232,0.9875859022140503,445.05491638183594,44.02896489202976,0.991452693939209,378.02205419540405,35.35842092335224,0.9759305715560913,420.5194640159607,254.47489762306213,0.9996662139892578,380.07611656188965,253.2728329896927,0.9996141195297241,421.2885022163391,337.81771314144135,0.9767764806747437,374.69962215423584,336.6243952512741,0.9848226308822632,418.9812865257263,411.8585524559021,0.9749425649642944,372.4296326637268,405.87828731536865,0.9607078433036804
167,24.457899970002472,162.27447366467695,179.22693964081822,147.87277698690846,162.31285184595066,172.5431420005423,173.19190934087737,177.5988280872448,178.4235729005169,396.88231801986694,116.2692180275917,0.9998376369476318,405.1876525878906,108.92441108822823,0.999638557434082,391.6030969619751,109.39243307709694,0.9994962811470032,413.33761262893677,112.09821102023125,0.9993508458137512,387.5251979827881,111.94048473238945,0.9994062781333923,429.74516773223877,142.905786216259,0.9994462132453918,369.14874839782715,140.93571764230728,0.9983327388763428,451.1886215209961,93.9693463742733,0.9964381456375122,365.69487476348877,86.25068026781082,0.9879335165023804,443.97861671447754,45.521773263812065,0.9914423227310181,377.92005491256714,37.48360173404217,0.9761808514595032,417.9252300262451,256.5666513442993,0.9996562004089355,377.97989988327026,256.0475164651871,0.9995663166046143,420.1024193763733,338.6244648694992,0.9774563908576965,374.5246868133545,337.76830971241,0.9850577712059021,418.9759793281555,411.8488085269928,0.9756405353546143,373.51265478134155,406.41431736946106,0.9627413749694824
168,27.91920001618564,161.04321734920808,177.11346731676616,148.9343648239159,164.45418622046128,173.6178878901065,173.48434991171473,178.85348154234285,177.80375990544337,395.3799514770508,116.63178762793541,0.9998345375061035,403.19838857650757,109.1585787832737,0.9996402859687805,390.2898941040039,109.42932894825935,0.9994908571243286,410.7979669570923,112.60974591970444,0.9993627071380615,386.09215354919434,112.12749978899956,0.9993730187416077,427.30992221832275,143.1520483493805,0.9994040131568909,367.11444902420044,141.00569158792496,0.9981659650802612,448.8156976699829,95.16862601041794,0.9965574741363525,365.31952953338623,87.40653958916664,0.9882251620292664,443.003457069397,47.30769369006157,0.9914025068283081,377.1193251609802,38.73544017970562,0.9767497181892395,416.9818124771118,256.97455728054047,0.9996476769447327,376.8687496185303,257.05658292770386,0.9995384812355042,418.68762159347534,338.58833825588226,0.978088915348053,374.4606719017029,337.66545712947845,0.9852997660636902,418.7527484893799,411.9766192436218,0.976689875125885,375.07370376586914,410.0670940876007,0.9648720026016235
169,23.11319997534156,161.30165340402928,175.60959196084966,150.75654655164408,168.28474679719173,172.47204401400168,175.50317853966632,179.23145248251657,177.97716388668755,394.0720810890198,117.48019322752953,0.9998337030410767,401.76165437698364,110.12166073918343,0.999642550945282,388.84128189086914,109.83620208501816,0.9994899034500122,409.1182641983032,113.96873909235,0.9993727803230286,384.3488655090332,112.86290287971497,0.9993473887443542,424.1927270889282,144.57360780239105,0.9993740916252136,365.102237701416,141.57182240486145,0.9980428218841553,446.18524837493896,95.39755135774612,0.9966639280319214,365.2879390716553,88.31952720880508,0.9886190891265869,441.90415954589844,47.881317645311356,0.9914246201515198,375.488676071167,39.976516142487526,0.9774223566055298,413.38760137557983,258.9479308128357,0.9996424317359924,373.7124328613281,259.0841178894043,0.9995137453079224,416.361451625824,338.86279225349426,0.9786527156829834,373.28025007247925,339.9490693807602,0.9854804277420044,418.1006202697754,411.97898399829865,0.9775551557540894,375.38106632232666,410.04715037345886,0.9668219685554504
170,35.154899989720434,161.64095709831386,175.32624874435567,150.8944062678172,171.30632881756077,171.07974648007365,177.69428630693224,179.9315277890418,178.62099778039544,392.3593726158142,117.94689038395882,0.999825656414032,400.21420192718506,110.67705044150352,0.9996290802955627,387.29385471343994,110.10064148902893,0.9994604587554932,407.4423522949219,114.74500542879105,0.9993624687194824,382.9731640815735,113.31388011574745,0.9992817640304565,422.0454349517822,145.72239422798157,0.9993647336959839,363.2082757949829,142.34045314788818,0.9979522824287415,444.5370349884033,95.88624358177185,0.9966993927955627,364.2849545478821,88.41498637199402,0.9888022541999817,440.5518856048584,48.58101436495781,0.9912295341491699,372.6753306388855,40.02867251634598,0.9777800440788269,410.13150930404663,260.4015711545944,0.999642550945282,370.4766597747803,260.16726100444794,0.999489963054657,414.2786798477173,339.8228826522827,0.9792749285697937,372.19715213775635,340.6773283481598,0.985723614692688,417.986439704895,412.49683678150177,0.9784260988235474,375.2735323905945,408.3405382633209,0.9686315059661865
171,34.391599998343736,161.23557804667317,176.57820374855157,151.5199582239055,170.5681623616703,171.37623162316052,178.29855775219906,179.19153036446426,178.3003551768278,390.5841908454895,118.9138186275959,0.9998244047164917,398.499294757843,111.51168775558472,0.999630868434906,385.52145290374756,110.90358966588974,0.9994552731513977,405.56749629974365,115.14727014303207,0.9993772506713867,381.31582736968994,113.65800178050995,0.9992649555206299,420.70847606658936,145.83865183591843,0.9993675351142883,361.6782612800598,142.76334536075592,0.9979206323623657,443.39765548706055,96.43817162513733,0.9967881441116333,361.65897846221924,88.1484457552433,0.9888935089111328,440.1494483947754,47.677749305963516,0.9911432862281799,369.6408267021179,39.994558081030846,0.9781662225723267,408.8462324142456,260.53998053073883,0.9996449947357178,368.76468420028687,260.5816344022751,0.9994724988937378,412.630820274353,340.2211586236954,0.9799658060073853,371.2516117095947,342.4200670719147,0.9859228134155273,417.0914692878723,412.5763267278671,0.9793702363967896,375.2469458580017,408.88095593452454,0.9703799486160278
172,39.07880000770092,160.7012202147197,178.43167708376544,150.14246356015363,168.0070580810463,170.92054878034833,179.71805093295183,178.06554920994216,179.41134946769358,389.2165513038635,119.93512910604477,0.9998212456703186,397.1504831314087,112.47260439395905,0.9996293187141418,383.82507038116455,111.70156615972519,0.9994407296180725,404.25929737091064,115.70555168390274,0.9993841052055359,379.6062273979187,113.94155153632164,0.999224066734314,419.56735277175903,146.2823994755745,0.999370276927948,359.86736965179443,143.62158036231995,0.9978715777397156,443.2769546508789,97.00249326229095,0.9969376921653748,358.19901418685913,88.93179923295975,0.9887308478355408,439.6233787536621,46.82279433310032,0.9913486242294312,366.9328417778015,40.61205464601517,0.9783100485801697,406.76608896255493,260.50886833667755,0.9996452331542969,366.64862871170044,260.67420172691345,0.9994536638259888,410.5022802352905,340.17659866809845,0.9801263809204102,370.9292879104614,341.4454177618027,0.9857029914855957,416.2886166572571,411.7892053127289,0.9797463417053223,375.17352962493896,408.48863458633423,0.9716141819953918
173,44.96700002346188,159.64454794430358,178.61487795316611,147.94002317729488,162.68668746487683,170.90467142710096,179.35067744666028,176.38941990930326,179.91912763474568,388.47296237945557,121.10878819227219,0.9998234510421753,396.31497859954834,113.54467874765396,0.9996353387832642,382.5984001159668,112.63404163718224,0.999444842338562,403.17455673217773,116.23571971058846,0.9993991851806641,377.9710040092468,114.3581899702549,0.9992166757583618,418.5030574798584,146.5331774353981,0.9993739128112793,357.892662525177,144.19969165325165,0.9978318810462952,443.80494499206543,97.43718788027763,0.9970726370811462,353.5000972747803,89.43873283267021,0.9888173341751099,439.61680793762207,47.51406839489937,0.9914656281471252,364.5435667037964,40.54339484870434,0.978662371635437,404.7103838920593,260.357922911644,0.9996410012245178,364.41189765930176,260.7700455188751,0.9994290471076965,407.75623512268066,340.14400494098663,0.9806824326515198,369.9339609146118,342.8199385404587,0.9857221245765686,414.9325771331787,410.8330751657486,0.9803649187088013,374.34358501434326,409.7505303621292,0.9729062914848328
174,48.98009996395558,158.28348191515803,175.18193986691008,144.78032039766458,155.94441285959655,172.4830377192323,179.2216496944743,173.16238378755008,178.9850441099507,387.7460026741028,121.65610069036484,0.9998260140419006,395.71673107147217,114.01304975152016,0.999640941619873,381.5449719429016,113.06363636255264,0.9994566440582275,402.2467575073242,116.51983216404915,0.999413251876831,376.7846179008484,114.5240148305893,0.9992286562919617,417.5924940109253,146.72640353441238,0.9993577003479004,356.02978563308716,144.2725574374199,0.9978107213973999,444.5263195037842,98.71237471699715,0.997176468372345,348.4445114135742,89.80274122953415,0.9890193343162537,439.2473258972168,47.881203681230545,0.9913592338562012,362.59708881378174,40.8590112477541,0.9788497090339661,402.48724937438965,260.32738053798676,0.9996284246444702,362.3668828010559,260.9156061410904,0.9993962645530701,402.4077425003052,340.12240874767303,0.9812485575675964,367.92331647872925,342.670246720314,0.9856632947921753,410.68970012664795,409.778337597847,0.9810044169425964,373.6592345237732,409.53473937511444,0.9741008281707764
175,40.04160000476986,155.39293497614256,171.8458364767538,141.09424230850894,148.6986578504406,171.8603638197096,179.09105405845557,173.00735522784979,179.5858693237259,387.26317405700684,122.25981116294861,0.9998298287391663,395.1757254600525,114.58331176638603,0.9996426105499268,380.9639096260071,113.79106196761131,0.9994685053825378,401.44183254241943,116.81113860011101,0.9994161128997803,375.89518213272095,114.89594373106956,0.9992383718490601,416.83027935028076,147.06511902809143,0.9993509650230408,354.85929584503174,144.9719122648239,0.9978265762329102,444.99138164520264,102.96634757518768,0.99725341796875,343.763436794281,90.09564316272736,0.9895437359809875,439.0258388519287,49.30725759267807,0.9913780689239502,361.4601101875305,41.130049884319305,0.9793096780776978,401.0117473602295,260.2664097547531,0.9996120929718018,361.5095429420471,261.1266676187515,0.9993628859519958,401.26282835006714,338.13530254364014,0.9818793535232544,367.5305585861206,343.39756548404694,0.9855960607528687,410.0713610649109,408.0840051174164,0.9813590049743652,372.85936403274536,409.6302127838135,0.9748846888542175
176,40.00280000036582,148.650311347488,168.85758279824472,132.99126812167114,140.0847521154937,174.01270409184997,179.92091255212245,171.0310593149335,179.20506846148047,385.98163747787476,122.83061450719833,0.9998329877853394,393.8085913658142,115.01830554008484,0.9996459484100342,379.45749950408936,114.9017131626606,0.9994812607765198,400.2698769569397,117.11597114801407,0.9994279146194458,374.5304489135742,115.62061995267868,0.9992518424987793,415.90826749801636,148.00191801786423,0.9993315935134888,353.44955253601074,145.91430974006653,0.9978195428848267,446.78693294525146,109.76643469929695,0.997291088104248,339.07862186431885,93.05378744006157,0.9900899529457092,438.9936418533325,54.90269808471203,0.9912495613098145,361.31805419921875,44.71539191901684,0.9795545935630798,401.01677656173706,259.990531206131,0.9995706081390381,361.6388363838196,261.09905982017517,0.9992709755897522,399.0485644340515,331.02770471572876,0.9821894764900208,367.2940344810486,342.2239633798599,0.9850760102272034,408.55633306503296,404.41533041000366,0.9814997911453247,372.92426347732544,409.5182715654373,0.9752156734466553
177,35.443699976895005,138.8147152932835,164.3560792608895,120.70023162938388,131.36486994857262,175.5186854071326,179.1615126146949,171.3505722467948,178.61768162016045,383.7008566856384,123.1608681678772,0.9998357892036438,392.23935413360596,115.3376756310463,0.9996482729911804,377.0724449157715,115.25723123550415,0.9994839429855347,399.17687225341797,117.78050282597542,0.9994481801986694,372.82221364974976,116.15180653333664,0.9992659687995911,414.45477771759033,149.12070339918137,0.9993417859077454,352.2152500152588,146.92458707094193,0.9978724718093872,448.86422061920166,118.53332105278969,0.9973670840263367,334.93731451034546,100.23120251297951,0.9905452132225037,438.9306631088257,67.11552703380585,0.9912059903144836,360.98961448669434,51.9057739675045,0.9795331954956055,400.5069317817688,259.8393008708954,0.9995061755180359,361.532919883728,261.18439042568207,0.9991638660430908,397.30631256103516,327.7401258945465,0.9826947450637817,366.910147190094,341.6421482563019,0.9848107695579529,404.6586513519287,398.27682614326477,0.9815695285797119,373.0536832809448,409.0716178417206,0.9756726026535034
178,37.57179999956861,125.83419085765452,158.2489197773257,103.76567340455078,121.06983275634494,175.5565647571153,178.64350138289262,174.03724094173157,178.44875261268453,381.22719717025757,123.09664940834045,0.9998415112495422,389.5549988746643,115.32210528850555,0.9996537566184998,375.0626344680786,115.3436373770237,0.9994869828224182,396.9719591140747,117.9850612282753,0.9994769096374512,371.36617136001587,116.71917670965195,0.9992721080780029,413.58816289901733,151.00321906805038,0.9993705749511719,350.6972146034241,148.16029959917068,0.997951328754425,452.1479606628418,129.65417110919952,0.9975047707557678,332.22366857528687,111.94883972406387,0.9911423921585083,438.90584564208984,80.93493968248367,0.9913761019706726,361.26263189315796,65.29838401079178,0.9801244735717773,400.7289242744446,257.85079860687256,0.9994755387306213,361.12896633148193,261.0898857116699,0.999085545539856,398.0841455459595,320.4525218009949,0.9832485914230347,366.62173891067505,341.22461235523224,0.9842184782028198,402.4749164581299,391.35584449768066,0.9812567234039307,373.1619248390198,409.49160397052765,0.9758238196372986
179,39.73120002774522,104.77893434321325,140.47578874527613,75.7853520066184,98.33800814902776,176.53939641373023,178.5325368427228,173.92236253363768,178.17037298236923,380.7273349761963,123.04765909910202,0.9998367428779602,388.14636754989624,115.39368897676468,0.99964439868927,374.5014867782593,115.33687788248062,0.9994571208953857,395.34863901138306,118.09649673104286,0.999495267868042,370.41231632232666,116.89596349000931,0.9992354512214661,413.0304775238037,151.37796145677567,0.999394953250885,350.46304082870483,149.0919132232666,0.9979777932167053,456.9778642654419,145.23306095600128,0.9975458383560181,327.9369692802429,126.4544728398323,0.9915763735771179,438.3237724304199,99.46408891677856,0.9910203814506531,360.23447608947754,83.28665259480476,0.9804004430770874,400.4769082069397,256.3559317588806,0.9994441270828247,360.9132413864136,261.0088572502136,0.9990023374557495,397.22602224349976,311.75048100948334,0.9836605787277222,366.32016372680664,340.9985361099243,0.9812990427017212,400.6163864135742,383.13911974430084,0.9807830452919006,373.17691135406494,409.73474633693695,0.9748846292495728
180,41.30370001075789,90.1543368073248,101.33528613911676,57.17293091569358,53.02036752535633,179.5968517533632,178.06916016634952,169.55439345361515,177.08148458479107,381.43296480178833,123.17307657003403,0.9998451471328735,388.8918266296387,115.91095769405365,0.9996647834777832,374.9905323982239,115.57857432961464,0.9994840025901794,395.35710525512695,118.29965195059776,0.999538004398346,370.10808753967285,117.00538325309753,0.9992772936820984,412.8320894241333,153.55602872371674,0.9994285106658936,349.54843378067017,149.7411808371544,0.9980049729347229,458.16955757141113,159.03760129213333,0.9973534345626831,322.9459037780762,147.0184364914894,0.9908300638198853,437.95939540863037,117.47758629918098,0.9880617260932922,358.55831146240234,108.59209895133972,0.97359699010849,400.2375283241272,255.42082798480988,0.999453067779541,360.24026346206665,260.9537271261215,0.9989780187606812,395.4417676925659,292.0884290933609,0.9843078255653381,365.21080780029297,340.8342283964157,0.9770082235336304,399.6260633468628,372.08503127098083,0.9798455834388733,373.10857486724854,410.3771333694458,0.9737129807472229
181,42.58599999593571,80.87521466737122,76.61272222067473,37.56991246382624,9.258799142021184,171.6958056819403,178.23602570181677,161.69868001901403,177.4013684217193,381.99598264694214,123.15200746059418,0.9998551607131958,389.5201482772827,115.97390860319138,0.9996925592422485,375.5765480995178,115.57087463140488,0.999519407749176,395.4106068611145,118.28351891040802,0.9995821118354797,370.4958920478821,116.93501755595207,0.9993217587471008,413.3027620315552,154.41756868362427,0.9994755983352661,348.46753454208374,150.0482143163681,0.9979598522186279,457.28785514831543,167.82267916202545,0.9971415996551514,323.79727935791016,158.5974862575531,0.9826849102973938,436.45361709594727,138.5933426618576,0.9834996461868286,345.4065957069397,146.92695182561874,0.9352823495864868,399.5448884963989,254.5328768491745,0.9994903206825256,359.5842685699463,260.9133553504944,0.9990070462226868,392.31036949157715,279.55027186870575,0.9850374460220337,365.115505695343,340.77320063114166,0.97275710105896,395.4736866950989,362.9358524084091,0.9797726273536682,373.29715728759766,411.9123435020447,0.9722943902015686
182,40.57060001650825,63.72803710831612,56.87664561667278,3.6187683928147476,24.501142331088122,171.34030931753585,176.5563114457281,163.36114977874587,177.40603402455474,381.4746894836426,122.48852282762527,0.9998570084571838,389.4181742668152,115.9466925561428,0.9996997714042664,375.30294942855835,115.1961179971695,0.9995379447937012,395.4839220046997,118.31261536478996,0.9996074438095093,369.786319732666,116.91578611731529,0.9993412494659424,413.3269729614258,155.55599862337112,0.9994828104972839,346.13921642303467,152.470763027668,0.9981077313423157,452.02544021606445,181.75943207740784,0.995466411113739,320.2410273551941,174.49899417161942,0.9827655553817749,432.717248916626,166.8248381614685,0.974733829498291,348.79531717300415,166.37459456920624,0.9360606670379639,399.80317211151123,253.89054679870605,0.9995056986808777,359.9226403236389,260.66425836086273,0.9990250468254089,393.4459328651428,275.36548233032227,0.9856096506118774,365.30873823165894,341.40510296821594,0.9701459407806396,393.65124559402466,354.59097504615784,0.9783826470375061,373.33165407180786,412.8137139081955,0.9717641472816467
183,28.60990003682673,53.73556154900294,37.99149450502287,9.192166163753907,40.83895309615403,162.52948935731578,176.5840710876892,154.38930847571532,177.48505848087828,381.386109828949,122.46960479021072,0.999858021736145,389.5730938911438,115.99855333566666,0.9997025728225708,375.5873899459839,115.18767753243446,0.999552845954895,395.46992111206055,118.67483595013618,0.9996224045753479,369.9337840080261,117.14741098880768,0.9993414282798767,413.3474688529968,161.13656324148178,0.9994993209838867,346.42006826400757,153.94186836481094,0.9982495903968811,449.6826915740967,197.0627282857895,0.9941352009773254,324.11098527908325,191.5380345582962,0.9825182557106018,427.35768699645996,181.14815723896027,0.9700940847396851,357.4947237968445,180.38308787345886,0.9383397102355957,399.6074628829956,254.05773210525513,0.9995205402374268,360.1771836280823,261.2268135547638,0.9990432858467102,392.3935661315918,268.92622685432434,0.9862443804740906,365.7218403816223,342.74295580387115,0.9686614274978638,392.0072021484375,350.5988417863846,0.9773427844047546,373.6318645477295,413.1940690279007,0.9714334011077881
184,40.5144999967888,46.12531589595692,31.43525022977084,38.13128684154422,60.162006840515815,137.0981333066209,176.69724350437815,131.13155067879472,177.04332616497157,381.4396367073059,122.50638669729233,0.9998683929443359,389.66604566574097,116.02304136753082,0.9997236132621765,375.7083435058594,115.3744432926178,0.9995858669281006,395.5031542778015,118.95686855912209,0.9996505975723267,369.99923944473267,117.82526221871376,0.9993789196014404,413.4991788864136,161.76867926120758,0.9995409846305847,347.13656520843506,155.05353099107742,0.9984062314033508,446.5562467575073,204.72761046886444,0.9935517907142639,325.8202567100525,202.19822043180466,0.9826616644859314,419.693461894989,197.8852213025093,0.9704015851020813,365.0670585632324,198.4136157631874,0.9421544671058655,399.6116328239441,254.17502963542938,0.9995394945144653,360.35424184799194,261.09125328063965,0.999076783657074,391.8476324081421,260.362139582634,0.9867268800735474,365.8822441101074,344.26326513290405,0.9667145013809204,388.0026435852051,345.6824313402176,0.9758513569831848,374.02078104019165,412.9306695461273,0.9706433415412903
185,28.90000003390014,42.969661093275015,28.9461978352355,65.86494557758343,75.46831002991563,89.95108706367775,176.74124747991038,83.79225128461081,177.1481804441359,381.2818613052368,122.5536390542984,0.9998766183853149,389.5180253982544,116.10250282287598,0.999738872051239,375.75368213653564,115.48724636435509,0.9996123909950256,395.20961570739746,119.2072405219078,0.9996665120124817,370.072301864624,118.14212509989738,0.9993962645530701,413.30233240127563,162.79776066541672,0.9995728731155396,347.1741704940796,157.2619839310646,0.9985458850860596,443.3746576309204,206.8363305926323,0.9926730990409851,326.90408754348755,208.2357810139656,0.9829146862030029,416.38222551345825,211.68947672843933,0.9690370559692383,368.03496980667114,213.39819717407227,0.9452376365661621,399.3724045753479,254.45147800445557,0.9995492696762085,360.42290687561035,261.2516862154007,0.9991022944450378,390.6617012023926,253.11997866630554,0.9860588312149048,366.20782804489136,343.94131660461426,0.9603783488273621,386.85439348220825,340.9163110256195,0.9708325266838074,374.46256732940674,412.6202883720398,0.967504620552063
186,28.253199998289347,41.67197980190327,28.327527181982628,73.42635653884507,79.53075446534967,41.143170873172714,176.08507895266243,35.4961785686871,176.49559722698962,381.26866912841797,123.14744889736176,0.999886155128479,389.4870414733887,116.72541624307632,0.9997585415840149,375.8371567726135,116.09188279509544,0.9996426701545715,395.1168155670166,119.92824852466583,0.9996907114982605,370.1609573364258,118.77467560768127,0.9994339942932129,413.3642244338989,163.50721555948257,0.9996074438095093,347.0550112724304,158.83605581521988,0.9986795783042908,442.97990322113037,208.86695683002472,0.9922088980674744,327.4763298034668,210.7632621526718,0.983380138874054,418.4947934150696,216.15099954605103,0.9694945812225342,367.15228176116943,217.89440780878067,0.9487212300300598,399.7132782936096,254.50891590118408,0.9995644688606262,360.87576246261597,261.4743150472641,0.9991381168365479,391.3774652481079,241.48057067394257,0.985575258731842,366.27603816986084,343.77612566947937,0.953053891658783,386.67541456222534,334.8098021745682,0.9667198061943054,375.00781869888306,412.33215868473053,0.9634848237037659
187,33.31680002156645,42.66074642878482,28.70244515927622,72.88540059655209,77.44347422885167,46.93555100920947,175.84641339126472,42.098374601539824,176.19890385352474,381.1119804382324,124.02012884616852,0.9998949766159058,389.26244592666626,117.61568227410316,0.9997765421867371,375.76315927505493,117.01919427514076,0.9996707439422607,394.9482741355896,120.85731220245361,0.9997130036354065,370.1026792526245,119.63856607675552,0.9994710087776184,413.3954105377197,164.35405415296555,0.9996381998062134,347.1601948738098,159.56306117773056,0.9988006949424744,443.7354965209961,209.13643914461136,0.991813600063324,327.6969575881958,210.53097486495972,0.9837415218353271,420.30419397354126,216.30147486925125,0.9698029160499573,366.6344256401062,216.24184316396713,0.9518253803253174,399.850380897522,254.5220502614975,0.9995732307434082,361.1542387008667,261.6959466934204,0.9991585612297058,391.87907123565674,244.4620419740677,0.984947919845581,366.37902307510376,343.6372604370117,0.9452967643737793,385.95247316360474,335.9632326364517,0.9621863961219788,375.34159088134766,412.1816976070404,0.957773745059967
188,26.59330004826188,44.518813437807914,30.955428261577712,66.49210275362884,68.95741587400404,48.17057819344356,175.96717487378064,44.03297422941817,176.09366198651873,381.1101608276367,125.07814288139343,0.9999018907546997,389.25034046173096,118.69579109549522,0.9997903108596802,375.8134512901306,118.11121946573257,0.9996936917304993,394.98699140548706,122.00480228662491,0.9997299909591675,370.13295555114746,120.51878190040588,0.9994986653327942,413.43731212615967,164.89125233888626,0.9996647238731384,347.3138761520386,160.07374846935272,0.9989081025123596,443.9766960144043,206.93532264232635,0.9915031790733337,326.56215238571167,208.43615835905075,0.9841975569725037,421.4310636520386,211.92757618427277,0.9698542952537537,366.08775901794434,209.94145292043686,0.9547816514968872,399.9087600708008,255.13885235786438,0.9995784163475037,361.1698064804077,262.1272152662277,0.9991748929023743,392.1452398300171,245.76940941810608,0.9842555522918701,366.51011085510254,344.7306603193283,0.9384070038795471,385.196551322937,336.3271484375,0.9575657248497009,375.5015902519226,412.0706396102905,0.9530087113380432
189,28.381899988744408,46.711376025347256,33.10004025276957,52.02058353021657,57.48437284000945,53.361993560632655,176.16022239638505,49.037971577498055,176.2034016940183,381.1616153717041,125.49583548307419,0.999908983707428,389.26560497283936,119.22491207718849,0.9998055696487427,375.8489336967468,118.77959743142128,0.999717116355896,395.051486492157,122.28482627868652,0.9997501373291016,370.1710157394409,121.13676637411118,0.999530553817749,413.9285817146301,164.88927221298218,0.9996892213821411,347.36222219467163,159.63199520111084,0.9990025758743286,445.2887363433838,205.1270260810852,0.9916368126869202,326.2215566635132,204.11048072576523,0.9849313497543335,422.2355589866638,205.10788011550903,0.9713963270187378,361.9956316947937,199.65848815441132,0.9581620097160339,399.9577126502991,255.34920156002045,0.9995889663696289,361.218759059906,262.4109003543854,0.9991971254348755,392.25161123275757,247.5299550294876,0.9844286441802979,366.74001359939575,344.7016279697418,0.9348086714744568,385.2844486236572,336.94349467754364,0.9556192755699158,375.73093700408936,411.7722246646881,0.9492249488830566
190,28.81569997407496,51.92246425711038,38.75831370767256,29.01261498343606,50.84703011686623,68.32434812600047,176.13339796114948,63.140895395808776,175.90844942950778,381.19320583343506,125.40527677536011,0.9999140501022339,389.2977514266968,119.1558355987072,0.9998186230659485,375.96450424194336,118.6349770128727,0.999737024307251,395.0837593078613,122.16815555095673,0.9997691512107849,370.20710468292236,121.00918358564377,0.9995604157447815,414.50896167755127,164.52800607681274,0.9997074007987976,347.4648027420044,159.1927491426468,0.9990761876106262,449.7997531890869,202.58299165964127,0.9918405413627625,323.4338879585266,198.92155367136002,0.9853861927986145,426.0432710647583,194.79720783233643,0.9722439050674438,358.1177887916565,194.0567262172699,0.9607157111167908,399.9896569252014,255.3703988790512,0.9996057152748108,361.2599530220032,262.72501385211945,0.9992280006408691,391.4962453842163,250.31606340408325,0.9851087331771851,366.59750270843506,344.7511168718338,0.9340088963508606,385.42026233673096,339.50361227989197,0.9560418725013733,375.77142333984375,411.59555184841156,0.9495197534561157
191,34.31239997735247,59.46900331081853,50.82395870576898,8.354253452624942,22.589570714628913,88.26602463521043,175.3261543547216,83.16626744611142,174.99683762440145,381.35527753829956,124.86421805620193,0.9999164938926697,389.36229705810547,118.87357506155968,0.9998270869255066,376.0657958984375,118.04952216148376,0.9997531771659851,395.31714963912964,121.99968814849854,0.9997853636741638,370.1949739456177,120.81473237276077,0.9995916485786438,415.11100006103516,164.41389954090118,0.9996944069862366,347.50420236587524,158.7756263613701,0.9991434812545776,457.42038345336914,199.83273923397064,0.9912133812904358,316.58853816986084,191.9128766655922,0.9861605763435364,430.94939613342285,183.56056314706802,0.9643837809562683,352.85567712783813,175.4637713432312,0.9617525339126587,400.1119499206543,254.98616898059845,0.999597430229187,361.64768171310425,261.88652312755585,0.9992287755012512,392.6936249732971,253.5257762670517,0.9858832359313965,366.2169260978699,345.27036571502686,0.9366353750228882,386.0440602302551,341.89480662345886,0.9576721787452698,375.6920428276062,411.5168881416321,0.9520714282989502
192,43.55349997058511,69.45441779432487,70.79843852484461,13.522331408322689,2.8301301844699576,116.32643908317291,175.73520767862954,112.00887833831295,175.14385948252783,382.0086693763733,124.20126050710678,0.9999143481254578,389.5936908721924,118.38941290974617,0.9998283386230469,376.52873516082764,117.33086466789246,0.9997562766075134,395.68756675720215,121.61706799268723,0.9997960925102234,370.21721363067627,120.51101809740067,0.999599039554596,416.08575534820557,161.50653338432312,0.9996866583824158,348.34031343460083,156.44253945350647,0.9991732835769653,459.82959842681885,186.66313552856445,0.990859866142273,314.66220235824585,173.25342375040054,0.9865726232528687,439.6230754852295,167.5380253791809,0.9583380818367004,353.00111961364746,151.688599050045,0.9612984657287598,400.7288737297058,254.7024269104004,0.9996044635772705,361.8126344680786,261.24564611911774,0.9992288947105408,394.5352478027344,256.5923787355423,0.9862527847290039,366.2998447418213,345.17534816265106,0.9380800127983093,386.9584903717041,342.5112953186035,0.9588931798934937,375.5389175415039,411.6173474788666,0.9533488750457764
193,30.689199978951365,85.52919187226955,88.15763478332983,40.53131645305537,34.05881324258701,166.6499614321483,175.96957267892412,162.42873223537586,176.54700959552162,383.177339553833,123.10486906766891,0.9999209046363831,390.1194067001343,117.16021770238876,0.99984210729599,377.31917905807495,116.42508527636528,0.999775767326355,396.0443115234375,120.59167617559433,0.9998142123222351,370.3210072517395,119.81944131851196,0.9996302723884583,416.0664978027344,159.66313588619232,0.9996991753578186,349.09891414642334,156.02961909770966,0.9991871118545532,463.02427864074707,170.72142678499222,0.9915135502815247,312.90127420425415,161.70105582475662,0.9875180125236511,442.9359292984009,143.2915546298027,0.9602693319320679,350.42007780075073,126.75885665416718,0.9624245762825012,401.5185594558716,253.84823763370514,0.9996235966682434,362.06902265548706,260.7210409641266,0.9992539286613464,397.76715421676636,263.0726897716522,0.9867768287658691,366.5383906364441,345.10272455215454,0.9396584033966064,391.07715368270874,346.9660657644272,0.9604254961013794,374.11514806747437,411.7593467235565,0.9542900323867798
194,40.50220001954585,93.45650043945554,109.48329812325547,58.15518383227064,61.60889418806266,175.13152032485897,175.95530523544573,168.55950803443437,176.83851373166422,383.4446201324463,121.219133913517,0.9999276995658875,390.1527409553528,114.94647255539894,0.9998557567596436,377.5395793914795,114.57633146643639,0.9997947812080383,396.19518756866455,118.81695628166199,0.999830961227417,370.42325925827026,118.507493942976,0.999661386013031,416.052547454834,156.90596014261246,0.9997114539146423,350.0090227127075,153.58018910884857,0.9991903901100159,465.8299160003662,161.04298448562622,0.9922323822975159,314.40508127212524,145.46274131536484,0.9885504841804504,445.4909152984619,121.28657215833664,0.9633446931838989,350.49536418914795,104.28734797239304,0.9649537205696106,402.28138065338135,252.38311541080475,0.9996488094329834,362.36000871658325,259.68109023571014,0.9992967247962952,397.9477252960205,271.0413717031479,0.9874832034111023,366.0287733078003,340.62618696689606,0.9409666657447815,395.5501103401184,355.01560521125793,0.9626315832138062,373.19715452194214,411.7333914041519,0.9555293321609497
195,41.97690001456067,104.64018634923607,125.23848559155837,72.27849070614745,80.67046673496638,179.17532475861503,176.15647385278538,171.94252927492465,176.65815306970575,384.2128496170044,117.79523268342018,0.9999342560768127,390.3038444519043,112.2667710185051,0.9998688697814941,378.0854878425598,111.76710975170135,0.9998131990432739,396.2791676521301,116.90292954444885,0.9998469948768616,370.8837218284607,116.35465547442436,0.9996923804283142,416.0390520095825,153.8669227361679,0.9997305274009705,351.4990563392639,151.45887595415115,0.9992033839225769,465.9394464492798,147.68585288524628,0.9929295778274536,315.61724519729614,131.44594287872314,0.9895048141479492,446.1021022796631,104.71977043151855,0.9664917588233948,351.17736434936523,86.7086164355278,0.9674749970436096,403.1666212081909,250.61137282848358,0.9996731877326965,362.8912591934204,258.26884734630585,0.999340295791626,398.94181394577026,286.28335523605347,0.9880284667015076,366.06033849716187,339.1235135793686,0.9405717253684998,400.7413582801819,365.3926615715027,0.9642665982246399,373.1592206954956,411.7009971141815,0.9564287066459656
196,48.47029998200014,115.50466322710614,134.21593824360525,82.92818384571052,91.15744446477171,176.2725552318759,176.10393974020485,172.4999536208997,176.5284791310718,385.4956245422363,115.37680804729462,0.9999401569366455,391.039270401001,110.11765775084496,0.9998802542686462,378.7495446205139,109.42775481939316,0.9998292922973633,396.9189124107361,114.61931017041206,0.9998612403869629,371.4772939682007,114.05368506908417,0.9997203946113586,416.7283306121826,150.4242815375328,0.999741792678833,352.6823844909668,149.5750496983528,0.9992142915725708,466.8145275115967,133.95208424329758,0.9935603737831116,315.8120446205139,120.30001360177994,0.9904050230979919,446.4778518676758,90.88411790132523,0.9691486954689026,350.98061895370483,74.12148314714432,0.9696332216262817,403.91058921813965,250.48492968082428,0.9996882677078247,363.57447242736816,257.4352000951767,0.9993678331375122,400.47167682647705,305.56869888305664,0.9882572293281555,366.2153844833374,338.3088983297348,0.9404541850090027,405.29180002212524,375.77310836315155,0.9653690457344055,373.0748109817505,411.66883075237274,0.9571753740310669
197,49.18869998073205,121.8787044129342,141.91175637455908,90.88518323644007,103.3598187310787,176.13366729731433,176.09010709757445,169.1249261697612,177.029351122851,386.73596715927124,113.1852360367775,0.9999459385871887,392.2014203071594,107.81017714738846,0.9998917579650879,379.465359210968,107.29637008905411,0.9998456835746765,398.79321241378784,112.60785838961601,0.9998748898506165,372.1086735725403,111.86525419354439,0.9997478127479553,417.79464769363403,147.60035133361816,0.9997613430023193,353.55319452285767,147.66268968582153,0.9992649555206299,466.71965503692627,125.28071403503418,0.9941449761390686,319.2465090751648,111.87650814652443,0.9912421107292175,445.5201807022095,76.84309497475624,0.9716952443122864,351.3252077102661,62.1942018866539,0.9715840816497803,404.6142477989197,249.69501614570618,0.9997103214263916,364.27535104751587,255.0363701581955,0.9994136095046997,400.47200536727905,317.6174943447113,0.9884500503540039,366.82775926589966,336.58792674541473,0.9431300163269043,409.0158100128174,383.5342617034912,0.9663763642311096,373.07953691482544,411.6144698858261,0.9584217667579651
198,41.20209999382496,129.2706198676839,150.1472654805716,99.50588638399876,116.54569471650535,174.9977486144252,176.7563600868078,169.46187361328947,178.30217094134343,388.2184190750122,111.63004657626152,0.9999505877494812,393.94718503952026,106.3838383257389,0.9999006390571594,380.9592595100403,105.89827299118042,0.9998583793640137,401.0158920288086,111.18718215823174,0.999886155128479,373.4254651069641,110.2959331870079,0.999770998954773,419.3505916595459,145.59030985832214,0.9997697472572327,354.8981900215149,145.4373558163643,0.9992710947990417,465.86651039123535,116.76397171616554,0.9946610331535339,324.8318796157837,102.83266770839691,0.9918777942657471,444.5604877471924,64.76537400484085,0.9739611148834229,351.6030774116516,52.995534121990204,0.9727755784988403,405.6955008506775,249.53885686397552,0.9997153282165527,365.0669069290161,253.85840892791748,0.9994330406188965,402.37380170822144,326.1862826347351,0.9882205128669739,368.1169533729553,336.47040128707886,0.9463865160942078,412.1061658859253,394.94249355793,0.9668444395065308,373.10574436187744,411.33844888210297,0.9599241018295288
199,39.417200023308396,135.63940771937183,154.16824091135902,107.3191582642735,124.44085084393355,174.77446673219583,176.97053706947125,168.48617858290194,178.49866530289293,389.024329662323,111.23667818307877,0.9999549388885498,395.4208674430847,105.83679649233818,0.9999091625213623,382.01089334487915,105.42551437020302,0.9998707175254822,403.02175998687744,110.22445634007454,0.9998963475227356,374.8448371887207,109.43474224209785,0.9997922778129578,420.63882541656494,144.18453443050385,0.9997752904891968,357.1315598487854,143.16384363174438,0.9992740750312805,465.02327251434326,109.04360327124596,0.9951199889183044,329.74017810821533,96.8289544582367,0.9923856258392334,444.43862438201904,55.560826405882835,0.9759939908981323,352.0863103866577,48.840236350893974,0.9738802313804626,407.2342596054077,249.2695597410202,0.9997238516807556,366.22425508499146,252.40231835842133,0.9994571208953857,404.42404794692993,328.0168876647949,0.9881536364555359,368.7327651977539,335.5186017751694,0.9496805667877197,416.9256067276001,402.96425426006317,0.9683054089546204,373.005286693573,411.22608029842377,0.9616723656654358
200,29.960200015921146,140.88747004010975,157.50989325549716,112.98490344409456,133.04102594430302,174.11427588768586,177.4860481636089,169.732042817357,178.92126187564892,389.53321409225464,111.2381739616394,0.9999582767486572,397.1378722190857,106.09770300984383,0.9999155402183533,382.76039600372314,105.72533249855042,0.9998806118965149,404.7072501182556,110.0354682803154,0.9999039173126221,376.43894243240356,108.82720685005188,0.9998102784156799,422.1418995857239,144.0186312198639,0.9997593760490417,358.97818660736084,141.8369455933571,0.9992666244506836,464.6330671310425,103.31633126735687,0.9955158829689026,335.0034523010254,94.06061735749245,0.9927648305892944,443.8794479370117,48.63398985564709,0.9776906371116638,353.0784025192261,45.226303577423096,0.9752247333526611,408.9726448059082,249.45839822292328,0.9997269511222839,367.0655722618103,253.08419394493103,0.9994739294052124,407.19551706314087,331.9888777732849,0.9882482290267944,369.4454460144043,336.0040887594223,0.9531612396240234,419.44940662384033,409.05740082263947,0.969920814037323,373.02209281921387,411.21271800994873,0.963657557964325
201,31.90330002689734,148.2466165107058,161.83068707308277,124.55815608927229,141.24303669614616,173.23601560519006,177.25471856648835,173.09686100310444,178.50405844103824,392.5725197792053,110.79069399833679,0.9999598264694214,400.27344036102295,105.2631867825985,0.9999171495437622,385.34030055999756,104.89241176843643,0.9998857378959656,407.103702545166,109.89730107784271,0.999904453754425,379.3142304420471,108.25443762540817,0.9998225569725037,423.81194829940796,143.72015929222107,0.9996964335441589,360.9808955192566,141.1714238524437,0.9992262721061707,459.80503368377686,98.25666797161102,0.9957646727561951,340.30984115600586,89.77095237374306,0.9930349588394165,443.49985694885254,45.168388456106186,0.9788185954093933,355.3390917778015,40.14540022611618,0.9761845469474792,411.45077753067017,250.31027972698212,0.9997183680534363,368.3218870162964,253.5172289609909,0.9994778037071228,411.6738314628601,336.0891914367676,0.988694965839386,369.75622034072876,336.2468892335892,0.9569585919380188,421.0808644294739,412.13132548332214,0.9719498753547668,373.01468801498413,411.20189142227173,0.9663228392601013
202,30.697899986989796,152.98049075535783,165.25698629252457,132.10580574670587,148.20498282533615,173.5530837131551,176.25737970323237,174.44332639633126,177.3762313107701,394.8793058395386,111.4439289867878,0.9999595284461975,401.8568048477173,105.89221864938736,0.9999149441719055,387.60273361206055,105.48193371295929,0.9998853206634521,408.51026153564453,110.38558730483055,0.9999011754989624,381.81864643096924,108.86231490969658,0.9998296499252319,425.4203071594238,142.55510449409485,0.9996669888496399,363.48157119750977,140.6950539946556,0.9991980791091919,456.59604930877686,94.9115159213543,0.9959943294525146,345.7434763908386,86.72188612818718,0.993314802646637,443.2431402206421,43.99634623527527,0.9800233840942383,357.78457260131836,36.957892552018166,0.9773293733596802,413.558189868927,252.11541378498077,0.9997125864028931,370.2916913032532,253.65996897220612,0.9994776844978333,413.96019744873047,338.2010598182678,0.9889835119247437,369.8657760620117,337.0305917263031,0.960271954536438,421.75212383270264,414.58975863456726,0.9735434651374817,372.886203289032,411.2294137477875,0.9684238433837891
203,29.70459999050945,157.52014424796056,165.83835961452277,138.18618961344907,148.74406567377918,175.4791956865718,174.1803283584861,174.41517673792555,176.24413133587672,397.4600191116333,111.64392882585526,0.9999579787254333,404.0342216491699,105.82540720701218,0.9999121427536011,389.98157119750977,105.48710483312607,0.9998828768730164,410.9102773666382,110.59711888432503,0.9998968839645386,384.0457992553711,109.13456797599792,0.9998315572738647,428.57470321655273,142.3039276599884,0.9996262192726135,365.8273272514343,141.18591153621674,0.9990968108177185,455.40794467926025,92.03504115343094,0.996190071105957,348.19380950927734,87.03485998511314,0.9934807419776917,443.08993911743164,41.58403292298317,0.980916440486908,360.2873206138611,35.5500408411026,0.9781576991081238,417.64895248413086,253.46990537643433,0.9997022747993469,373.45594358444214,253.79723870754242,0.999462366104126,416.0279321670532,338.4826080799103,0.9889330863952637,370.59993839263916,337.93122136592865,0.9628239870071411,422.15971660614014,416.52595138549805,0.9748443961143494,372.8918390274048,410.3910939693451,0.9698992967605591
204,31.518500007223338,161.05496464866016,164.74271307493208,141.77016095110417,149.55340289905965,175.89778149453826,174.7402506644319,175.41026338768023,177.6118711038496,398.79867124557495,111.9312678873539,0.9999520182609558,405.3778018951416,106.08825823664665,0.9998990297317505,391.5606646537781,105.75880944728851,0.99986732006073,413.23116540908813,110.8155809044838,0.999879777431488,386.3479857444763,109.18397852778435,0.9998188018798828,431.36644077301025,142.7889160513878,0.999565601348877,369.10975313186646,141.73279666900635,0.9990155696868896,454.9619884490967,91.00910088419914,0.9963518977165222,351.51672172546387,89.15667885541916,0.9935957193374634,442.98460388183594,41.993231639266014,0.9815573692321777,362.32846879959106,38.051612958312035,0.9790677428245544,420.4085941314697,255.4925398826599,0.999694287776947,375.466082572937,253.87895095348358,0.9994616508483887,418.2718405723572,339.84698605537415,0.9890874624252319,372.5034785270691,338.05324840545654,0.9655093550682068,422.5050382614136,417.0449153184891,0.9762337803840637,372.97217988967896,410.16934835910797,0.9716622829437256
205,44.66039995895699,163.577277894572,165.13591116064518,144.40742798699551,152.96099999492944,175.57925852966227,176.29506984282145,176.96186290280488,179.40425992576485,399.83286714553833,112.0987523496151,0.9999347925186157,406.29410219192505,106.28062960505486,0.9998608827590942,392.49137020111084,105.89855790138245,0.999816358089447,414.76709365844727,110.96518012881279,0.9998252987861633,387.8233108520508,109.62526881694794,0.9997571706771851,433.7308225631714,143.04680252075195,0.999478816986084,371.8041162490845,142.06437516212463,0.9989010095596313,455.07182216644287,90.3057217001915,0.9964816570281982,355.42615509033203,89.87800025939941,0.9935765266418457,443.33695125579834,41.66024996340275,0.9821689128875732,364.1070623397827,38.63643388450146,0.9797548651695251,422.36702585220337,258.79063189029694,0.9996758103370667,376.8655400276184,255.28529620170593,0.9994412660598755,420.7002878189087,339.2573074102402,0.9886942505836487,375.20820331573486,338.1866433620453,0.967842698097229,423.1574192047119,415.267560005188,0.9769610166549683,373.03338956832886,409.73599994182587,0.972892165184021
206,49.173799983691424,165.9236629100359,163.9641063333712,147.96800950474287,152.62168640003497,176.37663654585288,176.73254362695275,175.13160180369445,178.87973348602435,401.9160180091858,112.26618695259094,0.9999184608459473,408.28960847854614,106.42093363404274,0.9998228549957275,394.62036514282227,106.05347782373428,0.9997666478157043,417.17752170562744,111.14485874772072,0.9997624754905701,390.1165509223938,109.67877495288849,0.9996886849403381,435.81083965301514,143.36315256357193,0.9994118213653564,374.0470643043518,142.20205801725388,0.9987744688987732,455.25034618377686,90.2684625685215,0.9966017603874207,357.3581266403198,90.82784101366997,0.9935981631278992,444.9137954711914,41.31476429104805,0.9829943180084229,365.8807783126831,39.24556477367878,0.9804565906524658,423.4849491119385,259.9937222003937,0.9996626973152161,377.93410634994507,255.75582540035248,0.9994165897369385,420.1435122489929,339.40514731407166,0.9878159761428833,376.05460023880005,338.13849353790283,0.9696527123451233,423.3827476501465,414.83580708503723,0.9770970344543457,373.0421085357666,409.2078049182892,0.973473846912384
207,43.847299995832145,167.8924571583805,164.09483795834427,150.8507373051205,153.99183574336118,175.54871424062588,177.12920118051892,176.91349904691992,176.6130165303419,404.4768419265747,112.8859948515892,0.9999045133590698,410.681031703949,106.76063206791878,0.9997917413711548,397.2481355667114,106.55621612071991,0.9997217059135437,419.6677346229553,111.79927611351013,0.999714732170105,392.6419177055359,110.57507395744324,0.9996355772018433,437.8191337585449,143.56133610010147,0.9993516802787781,376.44624614715576,142.369955599308,0.9986472725868225,455.39101219177246,90.75696247816086,0.9967300891876221,360.23247957229614,91.87932348251343,0.9935329556465149,446.0854730606079,41.711533799767494,0.9839026927947998,367.60809421539307,40.728230342268944,0.9809070229530334,424.8843812942505,260.75070011615753,0.9996452331542969,380.22322702407837,256.3503475189209,0.9993956089019775,422.33225107192993,339.8830556869507,0.9872851967811584,378.8334994316101,338.1879254579544,0.9714897274971008,423.91083908081055,412.85522532463074,0.977235734462738,373.4183382987976,409.2146997451782,0.9743615984916687
208,31.116400030441582,167.8675780467013,164.55992661243613,151.26798769440424,155.7506030378193,175.7060172655647,177.5690248143669,177.29148321549178,174.33411763811924,406.775945186615,113.83916905522346,0.9998846054077148,412.68816328048706,107.40086802840233,0.9997502565383911,399.54900789260864,107.18695032596588,0.9996655583381653,421.49414348602295,112.79022228717804,0.9996305108070374,394.77434968948364,111.60363540053368,0.999543309211731,439.44930267333984,143.71857804059982,0.999269425868988,378.51059436798096,142.46001571416855,0.998404324054718,456.98145294189453,91.44985696673393,0.9968178868293762,362.5899872779846,91.41080290079117,0.9935005307197571,448.032506942749,41.66063815355301,0.9847624897956848,368.889883518219,39.56656597554684,0.9812533259391785,426.30928802490234,260.6758542060852,0.9996216893196106,382.25146102905273,256.3701202869415,0.9993584752082825,423.35563039779663,340.6073544025421,0.9862048029899597,381.4659957885742,338.18858075141907,0.9727634191513062,424.1069526672363,413.28771901130676,0.9770439863204956,373.8398814201355,408.20705783367157,0.9746802449226379
209,30.19650001078844,166.93340097997088,163.1800815673286,150.2606781116587,155.28421329195567,176.37854324501498,178.31974485498628,176.28531735634832,170.92005107596512,408.97024393081665,114.54555404186249,0.9998694658279419,414.5396423339844,107.67819249629974,0.9997096657752991,401.2957582473755,107.82549107074738,0.9996170997619629,422.93305110931396,113.19577059149742,0.9995373487472534,396.67943143844604,112.41393426060677,0.999463677406311,441.43717670440674,143.86356884241104,0.9992146492004395,381.0726566314697,142.87906163930893,0.9982468485832214,459.8848943710327,92.10557779669762,0.996874213218689,364.07451152801514,92.41718408465385,0.9936009645462036,451.0513925552368,42.6251624673605,0.9856201410293579,369.73001289367676,39.4940527677536,0.9818871021270752,428.0042552947998,260.84389424324036,0.9996145963668823,384.63626289367676,256.5122050046921,0.9993430972099304,423.96909189224243,339.7048443555832,0.9854975342750549,384.8015947341919,338.18308198451996,0.9739795327186584,424.9810733795166,413.5138807296753,0.9772601127624512,373.97016048431396,406.84957468509674,0.9752285480499268
210,25.82869998877868,164.24996594596885,162.08980507402947,145.82080767198866,153.752370904677,177.72702105242283,178.76349059486694,175.77619550844713,166.3541928000666,409.93274211883545,115.48515939712524,0.9998601078987122,415.8371510505676,108.08577078580856,0.9996861219406128,402.0661106109619,108.4049271941185,0.9995868802070618,424.34395694732666,113.49447044730186,0.9994718432426453,398.31162214279175,112.83426940441132,0.9994029402732849,443.844521522522,144.46455842256546,0.9991756081581116,383.16015434265137,144.05672371387482,0.9981275200843811,464.68391513824463,93.2274758219719,0.9969978332519531,364.5214533805847,93.49538400769234,0.9937586784362793,454.07088470458984,43.49515001475811,0.986469030380249,370.12800216674805,40.259496077895164,0.9825631976127625,430.79725646972656,261.1003134250641,0.999604344367981,387.73758697509766,256.77483522892,0.9993197321891785,425.148325920105,339.7187194824219,0.9841033816337585,389.2519326210022,336.44208121299744,0.9746367931365967,425.2958154678345,413.83221089839935,0.9766808152198792,374.0319766998291,404.77400386333466,0.9749362468719482
211,26.036800001747906,161.8260880995837,159.83270605603184,141.78989809675002,151.01358328061525,177.9977120233491,178.092359234845,176.28884052996398,164.67733691493228,411.30300998687744,115.95869439840317,0.9998481869697571,417.49868297576904,108.1958814561367,0.9996497631072998,403.68680238723755,108.73624926805496,0.9995514750480652,425.9775629043579,113.53464990854263,0.9993667602539062,400.61138248443604,112.99762266874313,0.999337911605835,445.97690296173096,144.56243932247162,0.9990823268890381,385.578492641449,144.78126460313797,0.9980366826057434,469.2000370025635,94.00788047909737,0.9970536231994629,364.24386167526245,93.77732402086258,0.9939749240875244,457.2559108734131,44.400366708636284,0.9870407581329346,370.2861566543579,38.93423983454704,0.983218789100647,432.6871747970581,261.2300045490265,0.9995889663696289,390.53581953048706,256.8876596689224,0.9993017315864563,426.5018129348755,339.88698744773865,0.9826059937477112,391.39351320266724,335.5977498292923,0.9752330780029297,425.48925018310547,413.7720093727112,0.9759823679924011,374.19432640075684,401.16487538814545,0.9747601747512817
212,38.9695999911055,160.89729135582672,156.77652817292582,137.04221282605366,146.2294399806763,178.20524096867476,178.24360973799276,176.68295150029329,160.73707037570813,414.1905550956726,116.42775630950928,0.9998422265052795,420.2344422340393,108.34015998244286,0.9996312856674194,406.9268717765808,109.08380410075188,0.9995368123054504,428.1980438232422,113.677973985672,0.9993053674697876,403.3171181678772,113.25263866782188,0.9993048906326294,448.6623954772949,144.82843148708344,0.9990437030792236,387.6054377555847,145.5789276957512,0.9979518055915833,473.259840965271,94.36740866303444,0.9970824718475342,362.5784378051758,94.18281534314156,0.9941956996917725,458.3845748901367,45.62336511909962,0.9874509572982788,369.99810218811035,40.06779780983925,0.9836647510528564,434.60913848876953,261.2237935066223,0.9995867013931274,392.93497610092163,256.93959879875183,0.9992887377738953,427.5920629501343,340.00927090644836,0.9818634390830994,394.273476600647,334.9010019302368,0.9757315516471863,425.310827255249,413.72197914123535,0.9754839539527893,374.49852991104126,394.7673592567444,0.9731367826461792
213,33.35389995481819,157.83425243629276,152.5545698013172,130.89206691550655,141.4680813386865,177.791826318961,177.95665272350018,176.4447504698182,159.97874965274218,415.81784296035767,116.93056583404541,0.9998210072517395,421.8453788757324,108.74783799052238,0.9995571970939636,408.66348791122437,109.52842783927917,0.9994608163833618,429.90645599365234,113.93601715564728,0.9991312026977539,404.6064386367798,113.4412990808487,0.9992149472236633,451.15384674072266,145.24576795101166,0.9990456104278564,389.00034618377686,145.8577265739441,0.9979045987129211,477.60426235198975,99.29874840378761,0.997208297252655,361.2308392524719,97.87362045049667,0.994459331035614,459.3109588623047,46.70873409509659,0.9880946278572083,369.74014711380005,40.75214499235153,0.9840986728668213,435.31762409210205,261.4247406721115,0.9995664358139038,394.0699076652527,256.9196265935898,0.9992585778236389,427.5579957962036,341.2244699001312,0.981107234954834,394.817590713501,332.0500764846802,0.9760848879814148,425.0436477661133,413.2742427587509,0.9746118783950806,374.59145641326904,389.32229793071747,0.9713295698165894
214,25.460199976805598,150.55068226168703,147.17917552094917,121.83969155059862,133.34874231203185,177.18771357690596,176.83729231152,177.35272307636686,159.7843234291657,416.54993295669556,117.65434458851814,0.999818742275238,423.23682498931885,109.67228612303734,0.9995304346084595,409.43621587753296,109.99102228879929,0.9994456171989441,431.4564609527588,114.58440154790878,0.9990540146827698,405.71660327911377,113.53574681282043,0.9992291927337646,453.16047286987305,145.57436913251877,0.9990710616111755,390.16239500045776,145.79430556297302,0.9979991316795349,480.6885528564453,110.06071132421494,0.9973298907279968,359.2422070503235,103.00913396477699,0.9948360919952393,460.4922904968262,55.69532895088196,0.9887607097625732,369.62950468063354,48.53735899925232,0.9846108555793762,436.19533348083496,261.4216636419296,0.9995291233062744,396.01936769485474,256.2886074781418,0.9992345571517944,428.4287300109863,341.7998460531235,0.9809010028839111,395.8621735572815,326.39517879486084,0.9773090481758118,424.85824966430664,412.9745172262192,0.9748530387878418,374.81903409957886,383.14775252342224,0.9714590907096863
215,21.56909997574985,137.0554053387024,135.56454635201683,105.55524284481864,117.16999791625318,177.58126743940528,175.95821594357753,176.92755477512316,159.54308364039593,417.6538805961609,117.4869669675827,0.9998098015785217,424.3633155822754,109.81456315517426,0.9994802474975586,410.7345585823059,109.97820845246315,0.99940425157547,432.53164863586426,114.70823064446449,0.9989004135131836,406.72641134262085,113.61502307653427,0.9992032647132874,454.2638645172119,146.96299296617508,0.9990941286087036,390.7897562980652,146.2867728471756,0.998045802116394,484.28663063049316,123.04830014705658,0.9974595308303833,354.5368962287903,113.47251811623573,0.9951825737953186,461.5611095428467,69.4684721827507,0.9894384741783142,369.0187473297119,59.34920613467693,0.9850834608078003,437.1707458496094,261.11407458782196,0.9994876980781555,397.26964235305786,254.88357281684875,0.9992054104804993,428.5989646911621,341.3549872636795,0.9804173111915588,396.532826423645,322.2075971364975,0.9782090783119202,424.8252944946289,412.7627149820328,0.9747346639633179,375.05543184280396,377.9140090942383,0.9714464545249939
216,23.475099995266646,117.95143325261704,119.85952470853456,81.79613968242573,96.9948417953252,176.4921849251794,175.2068947746957,178.33576182956338,162.6261767762587,419.13597869873047,117.46824124455452,0.9997239708900452,426.0467586517334,109.97452598810196,0.9991503953933716,412.4505271911621,110.15801528096199,0.99908047914505,433.9494791030884,114.73616608977318,0.9980491995811462,408.626615524292,113.6655732691288,0.9989527463912964,455.01612186431885,149.11295384168625,0.9990977048873901,392.0951499938965,146.77565026283264,0.9980780482292175,488.6098737716675,137.58561527729034,0.997551679611206,348.6889457702637,124.69888466596603,0.9955264329910278,463.95379638671875,89.49239566922188,0.9897798895835876,367.96360063552856,71.63686674833298,0.9856839179992676,437.3926372528076,260.2286021709442,0.9994157552719116,397.47318601608276,252.89390242099762,0.9991701245307922,429.57695484161377,341.33071291446686,0.9800581336021423,395.2731251716614,319.4995541572571,0.9792324900627136,424.7680778503418,412.97041451931,0.9754539728164673,375.3362331390381,376.5398871898651,0.9720328450202942
217,22.29100000113249,95.28903563970792,102.77831429367761,56.973376886565845,75.76522029213218,177.34527714758264,174.62117180492774,177.69880336539023,164.90958080151762,419.81732177734375,117.35922035574913,0.9995517134666443,427.17557430267334,109.96998879313469,0.9984975457191467,413.5198769569397,109.96803715825081,0.998339831829071,435.50888538360596,114.55360275506973,0.9962853193283081,409.3111934661865,113.0804460644722,0.9980687499046326,455.5973358154297,150.73919278383255,0.9991095662117004,393.138418674469,147.17139053344727,0.9980586767196655,488.78293895721436,152.80591714382172,0.9976027011871338,345.10327672958374,138.59614902734756,0.9956445097923279,464.146523475647,109.19546753168106,0.9900495409965515,366.0668840408325,92.28893887996674,0.9849622249603271,438.58817195892334,259.9473958015442,0.9993672966957092,397.99511098861694,251.8466010093689,0.9991627931594849,429.7744836807251,341.10566234588623,0.9795389175415039,395.0620756149292,313.53034353256226,0.98012775182724,424.8856449127197,412.8774483203888,0.9758152961730957,375.6542353630066,373.9324744939804,0.9723783731460571
218,23.56350002810359,70.95454572758153,85.72541822806187,27.057916470482986,55.01639002771225,176.2575927343949,173.03853324388447,177.78920401263744,168.59920726074623,420.22741651535034,117.9769484102726,0.9994947910308838,427.88390827178955,110.4412445127964,0.9982635378837585,414.47433853149414,110.65514796972275,0.9981542825698853,437.07840061187744,114.55314689874649,0.9953721761703491,411.94217348098755,113.16074088215828,0.9978392124176025,457.8970708847046,151.2606354355812,0.9991387128829956,394.5280704498291,148.25591546297073,0.9981804490089417,487.58219814300537,167.72454184293747,0.997635543346405,344.4352774620056,154.084166765213,0.995755136013031,463.41448402404785,131.7978639602661,0.9905155301094055,364.8847689628601,116.1800767481327,0.9853100180625916,438.89735412597656,259.36546671390533,0.9993419647216797,398.73890209198,250.34620690345764,0.9991971254348755,429.9340534210205,341.5310617685318,0.9789050817489624,394.48202419281006,303.2591313123703,0.9811433553695679,424.8909521102905,413.38256561756134,0.9762688279151917,375.8874487876892,368.10455083847046,0.9733127951622009
219,33.27060001902282,52.48002160669586,75.95108550613804,0.8632854404673521,38.943490971279445,174.86844182394947,166.89377955330576,179.35261334344548,179.27248363333098,421.3261833190918,119.18572267889977,0.9995402097702026,429.28136920928955,111.68140876293182,0.9984190464019775,415.81192922592163,111.79470330476761,0.998324990272522,438.74976348876953,114.68149894475937,0.9957699179649353,413.42404413223267,113.34586128592491,0.9980388283729553,458.9424877166748,153.4389163851738,0.999201774597168,396.50260066986084,149.35717886686325,0.9983404278755188,487.2385950088501,185.07769572734833,0.9976904988288879,345.54253578186035,164.06236308813095,0.9958141446113586,460.47075843811035,156.04030323028564,0.9910755753517151,364.25763511657715,137.29500687122345,0.9858803153038025,439.15614318847656,258.43440866470337,0.9993641376495361,400.0513973236084,248.63338375091553,0.9992601275444031,431.105731010437,341.4240779876709,0.9795070290565491,390.8708553314209,295.60507571697235,0.9824647903442383,424.92542362213135,413.61411213874817,0.9775820970535278,376.13918685913086,366.20485508441925,0.9747742414474487
220,28.601700032595545,44.10285613797455,64.71040978535756,18.15656100757234,7.425113830424798,173.48130515657414,163.09670621913594,179.65311653540527,176.56693051835703,422.7128276824951,119.17036601901054,0.9995840191841125,430.7590446472168,111.95787850022316,0.9985719919204712,417.6517071723938,112.10927265882492,0.9984861016273499,439.52380561828613,114.80215129256248,0.9961808323860168,414.956964969635,113.41011565923691,0.9982256293296814,460.28217601776123,156.15174585580826,0.9992766380310059,395.4626679420471,151.2659632563591,0.9984826445579529,486.50296688079834,197.3556017279625,0.9976010322570801,350.7963581085205,174.87330919504166,0.9913707375526428,458.67662239074707,174.5214735865593,0.9914336800575256,360.9382610321045,167.69701951742172,0.9745500087738037,439.2327184677124,258.411159992218,0.9993964433670044,399.8278126716614,248.5909036397934,0.9993200898170471,431.80890941619873,341.38370621204376,0.9803412556648254,390.90542793273926,283.50511038303375,0.983744740486145,424.91329288482666,413.5292943716049,0.979017972946167,376.13403129577637,360.1963268518448,0.9764207005500793
221,31.825499958358705,37.87531008256537,54.72926413717736,39.71403532211501,7.085943123068003,171.64075125398244,156.38192560762468,178.4785814634246,168.3776205633787,423.49508333206177,119.10915306210518,0.9996248483657837,431.9476041793823,112.05538189411163,0.9987125992774963,418.6699562072754,112.19307187199593,0.9986351728439331,440.4191551208496,115.114640802145,0.9965563416481018,416.24203968048096,113.73683643341064,0.998399555683136,462.0096435546875,158.65240269899368,0.9993468523025513,395.94698762893677,154.65760552883148,0.9986291527748108,484.5467338562012,207.04224944114685,0.9975488185882568,355.9459319114685,185.8176645040512,0.9895998239517212,454.5983695983887,192.87761110067368,0.9919705390930176,362.71533823013306,181.77716773748398,0.9732766151428223,439.1883907318115,258.2790186405182,0.9994363784790039,400.2899179458618,248.58965003490448,0.9993808269500732,432.51870918273926,342.2239918708801,0.9815026521682739,391.3649048805237,271.8754463195801,0.9851234555244446,424.9048013687134,413.8929252624512,0.980622410774231,378.41253757476807,350.55299973487854,0.9779991507530212
222,23.966999957337976,31.950394390065316,47.376738249959956,65.90466941386686,46.34531907787431,170.5162480320979,148.20229975881853,176.88341616578543,159.28873825008088,425.28060150146484,119.139075756073,0.9996616840362549,433.72091579437256,112.36324161291122,0.9988395571708679,420.1445736885071,112.51192200183868,0.9987698793411255,441.4686155319214,115.65785059332848,0.9968952536582947,416.9806499481201,114.51801034808159,0.9985569715499878,462.33555603027344,160.84028512239456,0.9994103312492371,396.16531562805176,157.38146102428436,0.998760998249054,479.6947422027588,212.38471460342407,0.9971579313278198,359.2663927078247,194.66914069652557,0.9884868264198303,448.68938636779785,209.40864235162735,0.9923837184906006,364.96551418304443,194.773104429245,0.9738861918449402,439.2332239151001,258.2824945449829,0.9994697570800781,400.44332122802734,248.87758028507233,0.9994350075721741,433.4104194641113,344.71496176719666,0.9825555086135864,394.1402659416199,260.19230461120605,0.9863935708999634,424.89393424987793,414.3708621263504,0.9820446372032166,381.5658469200134,345.2489404678345,0.9795140027999878
223,24.004000006243587,27.266186508785417,43.96018575739395,74.95985976657218,76.95741276065289,169.64211853030028,30.9855668469117,175.81665770195414,41.48266972032614,425.60737323760986,119.32538565993309,0.999695360660553,434.3827486038208,112.7405980527401,0.9989551901817322,420.64013957977295,112.8573827445507,0.9988925457000732,441.84345531463623,116.25513634085655,0.9972044825553894,417.2227592468262,115.29381370544434,0.9987008571624756,462.8344831466675,163.40017479658127,0.9994683861732483,395.68094539642334,159.21058452129364,0.9988832473754883,476.0277214050293,218.35765755176544,0.9969183206558228,359.5015015602112,201.26689171791077,0.9877448678016663,441.9297857284546,217.44034641981125,0.9927722215652466,370.43106842041016,206.99569511413574,0.9744752049446106,439.11383724212646,260.2135874032974,0.9995137453079224,400.9088382720947,251.10594844818115,0.9994887113571167,433.9268856048584,347.28431046009064,0.9829444885253906,396.3102021217346,244.3498158454895,0.9873732924461365,424.9247159957886,414.81968116760254,0.9830299019813538,384.3888211250305,338.1762441396713,0.9806036949157715
224,22.392600018065423,26.282784970425112,42.686092668400214,84.49005414694561,79.91296819041838,169.4744481546886,14.945827362199172,175.6401925936213,24.647719947894604,426.6265068054199,119.67160141468048,0.9997257590293884,435.32459926605225,113.25319424271584,0.9990595579147339,421.63695764541626,113.11691457033157,0.9990032315254211,442.36583518981934,116.93830114603043,0.9974836707115173,417.73669815063477,116.01122471690178,0.9988306760787964,463.03595447540283,164.8883605003357,0.9995210766792297,395.4054765701294,160.07696795463562,0.9989942908287048,475.0401782989502,219.55718648433685,0.9968991875648499,359.76681089401245,204.5822492837906,0.987469494342804,444.73006534576416,223.21145898103714,0.9932549595832825,374.13958644866943,212.4184764623642,0.9755541086196899,439.12015533447266,261.5400723218918,0.999555230140686,401.9081835746765,253.08729946613312,0.9995380640029907,434.04374504089355,347.6783412694931,0.9836651086807251,396.21340894699097,236.49683594703674,0.9882984161376953,424.93057918548584,414.79372584819794,0.9841650724411011,386.9349112510681,329.41217839717865,0.981682538986206
225,24.283100035972893,25.99885327861523,43.01736015430303,83.14457595315056,77.96439991857943,169.5036672697034,7.535540107282801,175.84907568711162,17.996481649457056,427.3579902648926,120.27383035421371,0.9997531175613403,435.9238576889038,113.97197994589806,0.9991534948348999,422.379611492157,113.6158991754055,0.9991028308868408,442.83655834198,117.66436630487442,0.9977349042892456,418.160035610199,116.7861947119236,0.9989475011825562,463.0627431869507,165.24324464797974,0.999568521976471,395.17029190063477,161.16070938110352,0.9990940690040588,474.6043310165405,219.23741751909256,0.9969003796577454,360.41097831726074,204.4763481616974,0.9867745041847229,443.65558528900146,222.05959552526474,0.9937189221382141,374.55112171173096,211.59126818180084,0.9761214256286621,439.04666328430176,262.047810792923,0.9995926022529602,402.12580394744873,254.2852898836136,0.9995821118354797,433.92779541015625,347.2840255498886,0.9838702082633972,397.1750226020813,230.60180169343948,0.988976001739502,424.9278497695923,414.8461208343506,0.9849072694778442,387.2355260848999,322.253923535347,0.9822595715522766
226,22.807600034866482,26.525154843368163,43.97529183608999,76.08372781537055,63.56054303232787,169.45823688851317,1.6820490512334694,176.0622369410779,13.16452707118071,428.2185649871826,121.44482553005219,0.9997775554656982,436.48995876312256,115.01153892278671,0.9992374181747437,422.9382824897766,114.6559709906578,0.9991919994354248,443.2947463989258,118.45796230435371,0.9979591965675354,418.05553436279297,117.98095139861107,0.9990521669387817,463.2114963531494,165.17241597175598,0.9996104836463928,395.020224571228,161.71440386772156,0.9991825819015503,474.892183303833,217.94506484270096,0.9966633319854736,359.7910976409912,204.35681408643723,0.9858495593070984,441.71138191223145,217.1134831905365,0.9938976168632507,377.08326148986816,208.387965798378,0.9755577445030212,438.98762702941895,262.0083222389221,0.9996157288551331,402.171471118927,254.36990821361542,0.9996182322502136,433.7771215438843,347.1317125558853,0.9831002354621887,399.45744609832764,228.95502072572708,0.9892030954360962,424.9066209793091,415.05450415611267,0.985223650932312,388.4928011894226,317.3734402656555,0.9817498922348022
227,22.18109997920692,27.209265978374045,47.03435529052063,61.680991971428426,36.261067757137816,169.77908210026865,2.7322923776327857,176.36392728769073,12.861512708215173,428.39981842041016,122.31941437721252,0.9997991919517517,436.65807056427,115.82957309484482,0.9993120431900024,423.02478981018066,115.48990315198898,0.9992712736129761,443.57218647003174,118.99515336751938,0.9981585741043091,417.9418087005615,118.75834313035011,0.9991450905799866,463.28857707977295,164.38633447885513,0.9996482133865356,395.06268215179443,161.9686577320099,0.9992591142654419,474.95829582214355,213.72196912765503,0.9965236783027649,359.4128966331482,200.67561757564545,0.9838487505912781,443.3378105163574,205.24277085065842,0.9942324161529541,375.22432708740234,197.57545268535614,0.9744744300842285,439.14158630371094,261.95051395893097,0.9996283650398254,402.15014123916626,254.3156043291092,0.9996453523635864,433.67598152160645,346.9220471382141,0.982516884803772,398.97681617736816,228.91466319561005,0.989232063293457,424.8931760787964,415.3269637823105,0.9853255748748779,390.29365968704224,315.2911740541458,0.9805082082748413
228,23.877999978139997,28.889498017083582,52.20707672014695,55.41986166083708,21.311733480582365,170.4711340344519,8.601844340211773,176.85230692941204,18.724296907010185,428.1680202484131,122.53030490875244,0.9998185038566589,436.46544456481934,115.99940806627274,0.9993789792060852,422.7901358604431,115.6230131983757,0.9993422627449036,443.62293338775635,119.18568706512451,0.9983376860618591,418.03829860687256,118.7889923453331,0.9992284178733826,463.6539144515991,163.86549013853073,0.9996806383132935,395.4766435623169,161.25437361001968,0.9993259310722351,476.36834239959717,210.66115033626556,0.9965540170669556,358.702919960022,194.50365060567856,0.981820821762085,444.1769542694092,199.33755105733871,0.9945948123931885,373.76649045944214,188.7794770002365,0.9720494747161865,439.77031230926514,261.9208548069,0.9996331334114075,402.4300580024719,253.1812343597412,0.9996689558029175,433.5969295501709,346.7922705411911,0.9819713234901428,398.73013257980347,237.06206929683685,0.989157497882843,424.8116979598999,415.29630744457245,0.9853823184967041,390.2872910499573,320.22655951976776,0.9798700213432312
229,22.508899972308427,30.062675292561515,62.3617887250684,21.176285033315775,20.04309436040967,170.99073780760776,14.038821104867877,177.0612013548539,23.96236538407428,427.86662197113037,122.42867743968964,0.9998350739479065,436.2153491973877,115.89627057313919,0.9994377493858337,422.4828996658325,115.52161365747452,0.9994047284126282,443.4399108886719,119.11683139204979,0.9984955787658691,417.8208804130554,118.7213902771473,0.999302327632904,463.69435024261475,163.97949695587158,0.9996969699859619,395.8516855239868,158.4061833024025,0.9993770122528076,477.296950340271,209.79844224452972,0.9956361055374146,358.3594431877136,181.74538600444794,0.9748572707176208,451.79354095458984,176.81425994634628,0.9937130808830261,362.7354803085327,176.1552484035492,0.9544489979743958,440.3239288330078,261.11723709106445,0.9996041059494019,402.7297377586365,250.64866757392883,0.9996815919876099,433.57196044921875,346.55719113349915,0.9818212389945984,398.83978939056396,238.8887425661087,0.9890466928482056,424.6098222732544,415.02604162693024,0.9854972958564758,390.25731801986694,325.49830996990204,0.9794261455535889
230,28.129999991506338,38.073056576340626,74.07436269261976,5.422200771965564,47.55604464166768,171.60831178686237,25.749880169680722,177.39979514760338,35.73105438528005,427.6662120819092,122.57329785823822,0.9998496174812317,436.0162534713745,116.00410908460617,0.9994878768920898,422.264799118042,115.61521378159523,0.9994586110115051,443.39265155792236,119.06237080693245,0.9986266493797302,417.69424057006836,118.61486235260963,0.9993675351142883,463.64789962768555,162.41525447368622,0.999717652797699,396.8238124847412,155.02045291662216,0.9994229674339294,479.57505226135254,196.82148057222366,0.995695173740387,352.546368598938,170.9373174905777,0.9765701293945312,455.3597249984741,155.31928098201752,0.993852436542511,363.88004064559937,143.80533319711685,0.9558734893798828,440.91297721862793,259.0960556268692,0.9996117949485779,403.09671783447266,248.30949783325195,0.9997014403343201,433.5373373031616,346.1782890558243,0.9824345707893372,399.09807300567627,241.26968014240265,0.9895046949386597,424.6086597442627,414.5380189418793,0.9862596392631531,390.0098762512207,325.8308856487274,0.9799005389213562
231,22.48490002239123,55.38326263912346,83.1469716813451,15.184356653428337,57.71380803638309,171.9945752738579,114.87766301392725,177.53072290651008,124.7192574994768,427.32321548461914,122.51463484764099,0.9998580813407898,435.764591217041,115.98105272650719,0.9995185732841492,422.1985855102539,115.56129452586174,0.9994938969612122,443.22878551483154,118.75542280077934,0.9986885786056519,417.75299882888794,118.53780126571655,0.9994168281555176,463.553279876709,160.33256089687347,0.9997264742851257,396.8191623687744,153.20527577400208,0.9994616508483887,479.9261865615845,178.2322152853012,0.9957981705665588,348.8266296386719,162.19726967811584,0.9785290956497192,457.66486835479736,135.03690832853317,0.9940218925476074,364.5447039604187,122.6475739479065,0.9591799974441528,441.04666805267334,258.33474707603455,0.9996044039726257,403.03318309783936,247.78506362438202,0.9997131824493408,433.47840213775635,346.10139179229736,0.9825012683868408,398.7460289001465,250.12605679035187,0.9897112846374512,424.6053743362427,414.44049417972565,0.9864860773086548,389.65697288513184,335.41982340812683,0.9798449277877808
232,21.548999997321516,92.11617113089751,100.42525782841533,56.93151473034667,74.63669007416667,172.92434786066465,148.11662952206194,177.52230448118036,156.27295507935318,427.53004455566406,122.46226835250854,0.9998586773872375,435.93239974975586,115.91918447613716,0.9995236992835999,422.429726600647,115.54751911759377,0.9994965195655823,443.1770782470703,118.73129090666771,0.9986893534660339,417.7236828804016,117.98051691055298,0.9994397759437561,462.2562007904053,157.6929391026497,0.9997348189353943,396.7705636024475,150.53568142652512,0.9994809031486511,480.58994007110596,160.88210994005203,0.9960024952888489,348.9427309036255,144.78552401065826,0.9803634881973267,460.79985523223877,114.70965519547462,0.9942392110824585,366.95568799972534,100.68761441111565,0.9621307849884033,441.0177059173584,257.7488577365875,0.9996023178100586,402.8255958557129,247.59645307064056,0.9997214078903198,433.4643507003784,345.7028309106827,0.9821791648864746,394.6702780723572,262.73387455940247,0.9899475574493408,424.5955181121826,414.11874508857727,0.9865213632583618,388.08715438842773,344.7941952943802,0.9795413017272949
233,23.33529997849837,132.01356908356547,114.75368834761647,99.76132844887643,85.63452525395302,173.51051877596646,155.29889088707267,177.79895550914853,161.74547356162458,427.43122959136963,120.96359795331955,0.9998713135719299,435.7964344024658,114.90484005212784,0.9995672106742859,422.35148334503174,114.68001741170883,0.9995427131652832,442.69210147857666,118.08143922686577,0.9988102912902832,417.17600536346436,117.18884405493736,0.9994935393333435,461.6312656402588,155.7308765053749,0.9997466206550598,396.7072563171387,149.56986433267593,0.9995065927505493,480.8619213104248,144.3872765302658,0.9962749481201172,349.56523990631104,131.16866827011108,0.9821791052818298,462.4340171813965,95.80852007865906,0.9944790601730347,372.69562435150146,83.08136767148972,0.965290367603302,440.99369716644287,257.36331725120544,0.9996240139007568,402.5744643211365,247.42527902126312,0.9997389316558838,433.30473041534424,345.4437335729599,0.9827273488044739,390.4878525733948,278.47405207157135,0.9905827045440674,424.64277744293213,414.1062945127487,0.9869900941848755,386.5716462135315,352.8185201883316,0.9804269671440125
234,27.676100027747452,151.086063854002,123.24483882787494,117.63668653645053,93.6452826083022,174.417763409149,159.4844015755127,178.5356134705561,167.11979510117936,427.4116687774658,120.25001186132431,0.9998833537101746,435.5129795074463,114.43871983885765,0.999607264995575,422.11554050445557,114.04119887948036,0.9995861649513245,441.8075180053711,117.55525994300842,0.9989211559295654,416.73674631118774,116.58240556716919,0.9995431900024414,460.5567855834961,154.23398679494858,0.9997408390045166,396.65506887435913,147.5779004096985,0.9995329976081848,483.01047706604004,127.17274570465088,0.9965223073959351,350.7245845794678,121.21172624826431,0.9838888645172119,462.89988803863525,79.04869168996811,0.9945619702339172,375.49223947525024,70.90488970279694,0.9683635830879211,440.9641284942627,257.2373584508896,0.9996342062950134,402.5740852355957,247.58759236335754,0.9997515678405762,433.1233253479004,343.6011908054352,0.9827934503555298,389.83774614334106,288.91447246074677,0.9910159707069397,424.9035882949829,414.08267545700073,0.9868764281272888,384.39559412002563,362.17642426490784,0.9807514548301697
235,24.020400014705956,153.82015535901076,133.84054064952622,122.65903551587066,104.87952614357464,175.2424442178343,162.7221671512145,179.32475533656245,171.2100207700792,427.0562381744385,120.09705781936646,0.9998925924301147,435.28810596466064,114.13154390454292,0.9996387362480164,421.37950801849365,113.67038825154305,0.9996201395988464,441.1044406890869,116.6830358505249,0.9990137815475464,416.001446723938,115.92414191365242,0.9995855689048767,459.72507190704346,151.40566897392273,0.9997307658195496,396.6156692504883,145.2462950348854,0.9995277523994446,483.5993232727051,118.96335026621819,0.9967601895332336,355.29008865356445,109.93427529931068,0.9853360652923584,463.20649242401123,65.81511852145195,0.9946652054786682,380.24397563934326,57.93027141690254,0.9708436131477356,440.94876289367676,256.0802241563797,0.9996364712715149,402.5425958633423,247.19558441638947,0.9997541308403015,432.89415550231934,341.100704908371,0.9827950596809387,389.4266152381897,299.9946871995926,0.9912916421890259,425.17329502105713,413.50043296813965,0.9867048263549805,383.226797580719,368.64152109622955,0.9805462956428528
236,20.839400007389486,156.38024782175106,142.28056746444503,126.95855983210078,116.17247831327296,175.7117292650997,165.0836833777304,179.48488433319687,175.124170523108,426.99108600616455,119.39012438058853,0.9998995661735535,435.17630100250244,113.31290429830551,0.9996625781059265,421.02895498275757,113.42284402251244,0.9996464848518372,440.40070629119873,115.75113731622696,0.9990900754928589,415.31090450286865,115.46508035063744,0.9996214509010315,458.75496673583984,149.70307409763336,0.9997162818908691,396.5846347808838,143.827427983284,0.9995197057723999,483.6654863357544,112.09898027777672,0.996987521648407,360.14488554000854,101.88255628943443,0.986641526222229,464.3821630477905,57.70275993645191,0.9947882294654846,381.864869594574,50.32597182691097,0.973106324672699,440.3622922897339,255.0622969865799,0.9996328353881836,402.44989681243896,246.70060992240906,0.9997488856315613,431.9466438293457,340.6743367910385,0.9822044372558594,390.01993465423584,306.9707134962082,0.9912789463996887,425.4401206970215,413.5926868915558,0.9860730171203613,381.9324984550476,375.02299678325653,0.9801682829856873
237,21.34830004069954,158.50567653597724,147.00947138176275,129.94625281232948,123.65572875726437,175.9574568835927,167.63616590255924,179.21760343750847,179.92483700982277,426.5562496185303,119.41278186440468,0.9999010562896729,434.1287612915039,113.14049088954926,0.9996700882911682,419.9892244338989,113.39950987696648,0.9996540546417236,439.27760219573975,114.96971410512924,0.9991366863250732,414.2126178741455,115.0011183321476,0.9996463060379028,457.80553436279297,146.46487021446228,0.9996988773345947,396.5416464805603,141.7018981575966,0.9995017051696777,483.53386783599854,103.67130801081657,0.9971466660499573,363.69540071487427,96.77133849263191,0.987811267375946,465.00386333465576,49.973911851644516,0.9947407245635986,382.9562315940857,44.35362362861633,0.9750784635543823,439.7383680343628,254.18984496593475,0.9996315240859985,402.3671045303345,246.62254452705383,0.9997357130050659,431.4617176055908,340.4895440340042,0.9813902974128723,391.43212938308716,314.2426190376282,0.9912378787994385,425.50107765197754,413.0545485019684,0.9854604601860046,381.3180766105652,377.3111391067505,0.9793139696121216
238,22.885499987751245,161.22069159528797,153.49752777953327,136.3738844159492,132.91572908886042,176.30494173151288,171.5363714470382,178.8935869489403,168.78361726360188,423.87750482559204,119.19763192534447,0.9998968243598938,431.3169069290161,112.71168678998947,0.9996580481529236,416.870032787323,113.17881843447685,0.9996394515037537,438.04522037506104,114.56127396225929,0.9991408586502075,412.44878339767456,114.54306820034981,0.9996472001075745,457.0561580657959,145.15590727329254,0.9996746182441711,396.05282831192017,141.05499529838562,0.9994747042655945,481.51758766174316,99.15476191043854,0.9972580075263977,368.16949462890625,92.35374170541763,0.9888435006141663,466.4437313079834,45.253427028656006,0.9946330785751343,384.10561895370483,41.16192777454853,0.9768286943435669,439.42802333831787,253.7213671207428,0.9996445178985596,402.12428760528564,246.66377103328705,0.9997251033782959,431.0162162780762,340.63994812965393,0.9807233810424805,395.3580403327942,321.3979963064194,0.9911567568778992,425.41646575927734,413.0624974966049,0.9845678806304932,379.12918615341187,376.5755579471588,0.9773796200752258
239,21.436900016851723,163.3840522748787,159.882672424556,142.27261141550034,142.77653817999578,175.87580195147783,172.85172987413893,178.8809845813016,166.6102378622191,421.66602087020874,119.1655367910862,0.999886155128479,429.15283393859863,112.29464235901833,0.9996377229690552,414.5242009162903,113.09465596079826,0.9996120929718018,436.54126167297363,114.21796429157257,0.999121904373169,410.60973834991455,114.56107452511787,0.9996246099472046,455.8980770111084,143.7551177740097,0.9996173977851868,395.28793478012085,141.0353507399559,0.9993865489959717,479.12298011779785,95.74563327431679,0.9973028898239136,373.16543769836426,89.97661480307579,0.9896688461303711,467.4189920425415,40.262423530220985,0.9943378567695618,386.11886644363403,37.230006724596024,0.9782828688621521,438.0978879928589,253.66005444526672,0.9996481537818909,401.4381175041199,247.4219170808792,0.9996997117996216,430.3805150985718,340.55054330825806,0.9796743392944336,396.2012023925781,325.44990372657776,0.9905654788017273,425.363242149353,413.09195721149445,0.9832058548927307,378.0234441757202,384.0660465955734,0.9751354455947876
240,23.802499985322356,162.0370728422336,166.11854566288167,145.87904080809182,151.52006465776108,176.23551599538473,173.45938243549782,179.37576857325308,166.6183823959942,419.6292448043823,118.09976607561111,0.9998779296875,427.58943462371826,110.94818523526192,0.9996290802955627,412.4952087402344,112.27378693223,0.9995898604393005,435.223105430603,113.55446541309357,0.9991123676300049,408.5146589279175,113.91162884235382,0.9995841383934021,452.9784107208252,144.04951548576355,0.999542772769928,393.59670782089233,140.94953578710556,0.999252438545227,476.36192321777344,96.5594080388546,0.9973587989807129,377.26196241378784,88.9285583794117,0.9902689456939697,468.4413604736328,39.52229805290699,0.994208812713623,388.0349416732788,33.750587180256844,0.9795433282852173,437.057879447937,253.823051571846,0.9996481537818909,400.2567353248596,248.27240252494812,0.9996790289878845,430.28149795532227,340.16354978084564,0.977772057056427,396.11770248413086,327.52444887161255,0.9891844987869263,425.3561153411865,413.09833920001984,0.9813801050186157,377.21167039871216,391.88087701797485,0.9729721546173096
241,22.09649997530505,161.57670553794372,171.26917695426565,149.72926764228563,158.54789372510075,176.88509146265795,173.99524714158076,179.8069214727464,166.838301277567,418.2615294456482,117.11917638778687,0.9998632073402405,426.4239740371704,109.88901019096375,0.9996042251586914,411.0452823638916,111.09564763307571,0.9995516538619995,434.15969467163086,112.90793293714523,0.9990662932395935,406.6136965751648,113.25936967134476,0.9995074272155762,450.2686061859131,143.69642627239227,0.9994529485702515,392.0392475128174,141.30687016248703,0.9990074038505554,473.2132387161255,95.79587006568909,0.9972581267356873,380.85248374938965,90.90946066379547,0.9906445145606995,468.7660093307495,41.42490345239639,0.9939987063407898,389.6782774925232,34.786360412836075,0.9803298115730286,436.3719873428345,254.14306271076202,0.9996353387832642,399.2615599632263,250.49738025665283,0.9996371865272522,430.2650203704834,340.2568578720093,0.9769601225852966,396.0781764984131,332.5979588031769,0.9880452156066895,425.356671333313,412.9393308162689,0.9801000356674194,377.60819387435913,399.73434126377106,0.9726746678352356
242,23.986100044567138,162.0872974392972,173.9262276731627,153.40571403966416,161.89228939349863,177.24884019438932,174.26822952543307,179.7807111789575,167.550301339533,416.6925449371338,116.97298896312714,0.9998481869697571,424.8220090866089,109.45395231246948,0.9995726943016052,409.68193912506104,110.33854150772095,0.9995049834251404,432.8391122817993,112.71643054485321,0.999016284942627,405.276282787323,112.87734070420265,0.9994173645973206,448.3286485671997,142.77736294269562,0.9993961453437805,391.1675024032593,141.4470887184143,0.9987931847572327,470.76626682281494,93.15361997485161,0.9972153902053833,382.2639708518982,89.65356224775314,0.9910324811935425,468.691556930542,40.67440724372864,0.9938822984695435,390.46862030029297,33.779074639081955,0.9810875654220581,435.7181911468506,254.8906100988388,0.9996252059936523,398.31728315353394,252.60389232635498,0.9995991587638855,430.2467737197876,340.275377035141,0.9765148162841797,395.3399705886841,335.72148633003235,0.987356424331665,425.3179540634155,412.8396122455597,0.9794746041297913,377.8899049758911,403.1901310682297,0.9732095003128052
243,21.66859997669235,160.93562344620983,176.40626500707148,154.6768427477845,163.74903376169456,178.2187542826166,173.11328673414863,179.46744285461313,172.67020988160306,415.6049485206604,116.7268051803112,0.9998450875282288,423.3193898200989,108.88687416911125,0.9995701909065247,408.7246723175049,109.59160667657852,0.9995037317276001,431.07646560668945,112.29146561026573,0.9990318417549133,403.83277559280396,112.46808856725693,0.9994023442268372,446.19288063049316,142.7165488600731,0.9993389844894409,389.3883275985718,141.4039248228073,0.9986746311187744,469.11052227020264,92.79244643449783,0.9971327185630798,382.43991708755493,89.37876635789871,0.9915014505386353,468.51763248443604,41.76445943117142,0.9936802387237549,390.7230877876282,34.88957269489765,0.9819446802139282,435.08754444122314,256.11823117733,0.9996094107627869,397.3807396888733,255.31239116191864,0.9995646476745605,429.4726810455322,340.39048075675964,0.9767741560935974,393.10351753234863,340.5372664928436,0.9869592785835266,425.31375885009766,412.9757708311081,0.9793670177459717,380.7540225982666,409.1528742313385,0.9740351438522339
244,23.214299988467246,162.45257864468886,177.88249439228235,156.06066327641926,165.22041823594031,177.96889371649132,173.09852604265689,179.0371213063298,176.27146648347878,414.60737228393555,116.0169086754322,0.9998475313186646,421.8333492279053,108.14206904172897,0.9995825886726379,407.8308391571045,108.63220006227493,0.9995201826095581,429.4866313934326,112.01057976484299,0.9990774989128113,402.7458109855652,112.17139732837677,0.9994066953659058,445.1732416152954,143.0431129336357,0.9992958307266235,387.9176526069641,141.5400834083557,0.9985650181770325,466.8438940048218,92.59961208701134,0.9970624446868896,382.38315534591675,89.14993360638618,0.9918161034584045,466.2367000579834,42.24484296143055,0.9934456944465637,390.56983613967896,35.955396831035614,0.9826158285140991,433.8489456176758,256.4767336845398,0.9996018409729004,395.72936725616455,255.74878811836243,0.9995436668395996,428.46704292297363,340.3847825527191,0.9774535298347473,391.30227994918823,340.54495906829834,0.9867188930511475,425.0007858276367,413.6942573785782,0.9797326326370239,382.94223070144653,411.52728736400604,0.9750247001647949
245,21.231800026725978,161.97640569305864,179.85300564076564,154.2968330912162,167.11678522188757,178.1819726000784,173.34754507063505,178.31037540680492,178.09583951564127,413.60608100891113,115.63128983974457,0.999844491481781,420.82427406311035,107.9462431371212,0.9995823502540588,406.7817325592041,108.0338245332241,0.9995198845863342,428.2270565032959,111.99938279390335,0.999094545841217,401.4317235946655,111.7805860042572,0.9993873238563538,443.83491802215576,143.30504512786865,0.9992439150810242,384.9664716720581,141.68963277339935,0.9984217286109924,465.05744075775146,94.7408404648304,0.9969723224639893,381.44888639450073,90.33932685852051,0.9920930862426758,463.22706413269043,44.773104041814804,0.9932817220687866,389.953670501709,36.42591178417206,0.9831452965736389,432.63481044769287,257.90949010849,0.9995946288108826,393.1407437324524,256.6910146474838,0.9995236992835999,427.2073669433594,340.4146126508713,0.9779241681098938,389.30990743637085,341.48621690273285,0.9865292906761169,424.53986835479736,414.0723617076874,0.9799169301986694,383.7198362350464,412.65960597991943,0.9758243560791016
246,23.74880004208535,162.8556083783762,177.45461816313056,152.72056368058387,168.62520436620065,177.78127328841197,173.2868137924536,178.3239468110439,179.54022228783205,412.46288537979126,115.67842110991478,0.999833345413208,419.6627559661865,108.04460126161575,0.9995560646057129,405.84372329711914,108.0618027150631,0.99948650598526,426.86780738830566,112.0134929716587,0.9990655779838562,400.3937873840332,111.75600537657738,0.9993252754211426,441.98710346221924,143.51549404859543,0.9992073178291321,382.3493661880493,141.53486955165863,0.9983009099960327,462.3157424926758,94.58146169781685,0.9968295693397522,380.7923355102539,90.85316240787506,0.9923309087753296,458.2849006652832,45.76204515993595,0.9930468201637268,389.7629146575928,37.90091326832771,0.9835397601127625,431.04861545562744,258.9091545343399,0.9995933771133423,391.09125566482544,257.6612478494644,0.9995048642158508,426.4811906814575,340.6977849006653,0.9783008098602295,387.51958751678467,342.59058582782745,0.9864499568939209,424.5179319381714,414.67167031764984,0.9801130294799805,384.026086807251,412.3262895345688,0.9766061902046204
247,21.301600034348667,162.61545947294465,176.61974748817505,153.0993214949288,170.32921891845635,177.43888269050643,173.65268589183086,178.1837780845803,179.5744757740965,410.1822814941406,115.72545978426933,0.9998234510421753,417.5070734024048,108.12330770492554,0.9995388984680176,404.05325174331665,108.1531093120575,0.9994609355926514,424.7657527923584,112.02775985002518,0.9990386962890625,398.7609143257141,111.77392622828484,0.9992678761482239,439.88671684265137,143.546648979187,0.9991306662559509,380.84282970428467,141.61857616901398,0.9981684684753418,459.9530792236328,95.27591606974602,0.9967405200004578,380.15559816360474,91.00599536299706,0.9925382733345032,456.3113307952881,47.154518842697144,0.9928637146949768,388.77056980133057,35.946991980075836,0.9838842153549194,429.3442974090576,259.6501774787903,0.9995710253715515,389.31258630752563,258.11875665187836,0.9994775652885437,425.6307249069214,340.58094322681427,0.9778732061386108,386.16127347946167,340.5574096441269,0.9861266016960144,424.58353900909424,414.55813360214233,0.9797419309616089,383.9710941314697,411.689116358757,0.9769395589828491
248,23.479500028770417,161.5721537061922,175.50835659395497,152.29463317441613,175.00742713526915,176.68925830722307,174.61022830325115,178.827201963368,179.89652650343146,408.0819454193115,115.56444990634918,0.9998314380645752,415.58245611190796,108.11564362049103,0.9995660781860352,401.8607978820801,108.08008682727814,0.9994894862174988,423.01169872283936,112.07150781154633,0.9991040229797363,396.8104181289673,111.79993852972984,0.9992974996566772,437.7837018966675,143.5886589884758,0.9991180300712585,379.5108242034912,141.70125710964203,0.9980953931808472,458.7028045654297,95.50019738078117,0.996772050857544,379.915283203125,90.92312923073769,0.9926179051399231,455.1867609024048,47.57158820331097,0.9927629232406616,385.2085556983948,35.43206664919853,0.9842082262039185,427.46585273742676,259.6137374639511,0.9995692372322083,387.7120871543884,257.9560444355011,0.9994688034057617,424.9608554840088,340.6266998052597,0.9782961010932922,385.7715735435486,340.0255677700043,0.9859396815299988,424.1889362335205,414.5491304397583,0.9800353050231934,383.95080041885376,411.5636703968048,0.9774360656738281
249,21.53339999495074,163.1713158228335,176.3894580323687,154.20174525211206,174.19050831182915,175.07480080493815,175.77293899727692,178.71561007782066,179.73525610455812,406.9854531288147,115.5938383936882,0.99984210729599,414.30829906463623,108.1466988325119,0.9995977282524109,400.4121603965759,108.12629926204681,0.9995250105857849,421.7430763244629,112.22699043154716,0.999173641204834,395.21098041534424,111.8081439435482,0.9993422627449036,436.11486625671387,143.95758920907974,0.999113917350769,376.760356426239,141.82164591550827,0.9980676770210266,456.32133865356445,95.33912339806557,0.9967629313468933,376.41389751434326,90.93806564807892,0.9927669763565063,453.6187620162964,47.447577476501465,0.992672324180603,381.7667622566223,34.5143708884716,0.9845971465110779,424.4623327255249,259.88750767707825,0.9995715022087097,384.90470600128174,258.27215230464935,0.9994685053825378,423.3117070198059,340.81969797611237,0.9783162474632263,384.57838916778564,340.8514369726181,0.9856476187705994,423.91799116134644,414.74942231178284,0.9799842238426208,383.9581546783447,413.2039269208908,0.9775524735450745
250,23.184899997431785,161.93471396800027,177.12550096504322,155.16106581414164,171.82036952015886,175.35870671509352,175.73219800405204,178.54227133301333,179.81773123434758,405.14863204956055,115.63361185789108,0.9998510479927063,412.59094047546387,108.18496227264404,0.9996255040168762,398.5571937561035,108.14637118577957,0.9995547533035278,420.04262495040894,112.53980758786201,0.9992371797561646,393.44320344924927,111.90264865756035,0.9993797540664673,434.16035175323486,144.3473178744316,0.9991320967674255,374.1640248298645,141.8749953508377,0.9980534911155701,455.10437297821045,95.87619337439537,0.9968699216842651,372.64689922332764,89.47412580251694,0.9928892850875854,453.8551092147827,47.19837364554405,0.9927396178245544,379.00378465652466,33.863831862807274,0.9849550724029541,423.4059224128723,260.19880056381226,0.9995745420455933,383.422860622406,258.6627641916275,0.9994672536849976,422.47104692459106,341.0785104036331,0.9789294600486755,383.8056106567383,341.39231050014496,0.9857249855995178,423.49359226226807,414.72380888462067,0.9804043769836426,384.35910081863403,412.28135919570923,0.9781075119972229
251,22.79909997014329,159.64621420177633,179.65186714978037,152.97863420913043,167.65973532261975,174.58801702104984,175.79075640130375,178.9980026295068,178.12673038726263,403.6962037086487,116.23665279150009,0.9998592138290405,411.0470767021179,108.61214950680733,0.999650776386261,396.88461780548096,108.50458878278732,0.9995813965797424,418.27019786834717,113.00798627734184,0.9992945790290833,391.7660279273987,112.18505877256393,0.999413251876831,432.1668167114258,145.18219023942947,0.9991536736488342,372.2689003944397,141.95306074619293,0.9980644583702087,455.5596294403076,96.45696857571602,0.9970425367355347,368.4023036956787,88.09503221511841,0.9930563569068909,454.37299060821533,47.0506227761507,0.9929485321044922,376.34543466567993,33.20365931093693,0.9853919148445129,421.50756311416626,260.2663242816925,0.9995787739753723,381.38085317611694,258.91915488243103,0.9994674921035767,421.6775197982788,341.23555290699005,0.979356050491333,381.7319874763489,340.9529789686203,0.9858059287071228,423.1170086860657,414.7175408601761,0.9807325005531311,384.34995222091675,411.72424578666687,0.978583812713623
252,22.30559999588877,158.93198158138537,174.16792967126787,150.99090379284647,159.28130425965472,172.9629235096394,177.03159625958497,178.2970048692328,176.05997649629498,401.4841637611389,116.75527483224869,0.9998605847358704,408.81711864471436,108.85905268788338,0.999661922454834,394.70778226852417,108.95952627062798,0.999586284160614,416.0060968399048,113.08283218741417,0.9993262887001038,390.00896644592285,112.37263652682304,0.9994130730628967,431.23542881011963,145.40645730495453,0.9991684556007385,370.55884552001953,141.9635311961174,0.998051106929779,456.2610893249512,96.84154748916626,0.9972046613693237,361.7531180381775,88.22827759385109,0.9931600093841553,454.7341833114624,46.77658189833164,0.9931057095527649,372.77861881256104,33.607982501387596,0.9855824112892151,418.7117314338684,260.7981376647949,0.9995811581611633,377.69424629211426,259.48763620853424,0.9994615316390991,419.91373586654663,342.49875926971436,0.9798496961593628,378.4212565422058,341.8056012392044,0.9859965443611145,423.1186261177063,414.5780773162842,0.9811068177223206,383.822998046875,411.27779150009155,0.979148268699646
253,21.473500004503876,158.06131513296904,168.80972271147928,148.39077999015635,149.46162845170363,171.48142071534127,178.38082141255313,177.6277427482691,177.11388718740588,400.40050983428955,117.81421482563019,0.9998654127120972,407.25890016555786,109.45979297161102,0.9996770620346069,393.4419651031494,110.03279012441635,0.9996010661125183,413.98956394195557,113.21205320954323,0.9993646740913391,388.56702613830566,112.9281330704689,0.9994298815727234,430.2145767211914,145.63881582021713,0.9991907477378845,368.6327624320984,142.47438943386078,0.9980736374855042,456.9410171508789,97.28800177574158,0.9973387718200684,354.57841873168945,88.51024609804153,0.9933188557624817,454.5761299133301,46.71142649650574,0.9932162761688232,370.0902452468872,34.201721116900444,0.9857476949691772,416.09111309051514,260.77454710006714,0.9995753169059753,375.6139259338379,259.72243070602417,0.9994457364082336,418.2623634338379,342.32268476486206,0.9801977872848511,378.16757249832153,341.51302695274353,0.9857738614082336,423.06146001815796,412.76513671875,0.9811246991157532,383.91135025024414,411.7601729631424,0.9792824387550354
254,22.93069998268038,154.37793620095158,164.64465291485251,143.772300082966,142.54239510953414,170.9993202958865,178.7558681113374,178.443867052568,176.82306906102482,399.65798234939575,118.17068734765053,0.9998703598976135,406.1195459365845,109.75269490480423,0.9996891617774963,392.3257098197937,110.36441847681999,0.9996167421340942,412.1981825828552,113.2852893769741,0.9993932843208313,387.23911476135254,112.99069935083389,0.9994493126869202,429.37972927093506,146.17350679636002,0.9992038011550903,367.16024255752563,143.09090662002563,0.9981106519699097,458.004225730896,101.73933905363083,0.9974154829978943,348.68533182144165,88.81641060113907,0.9936966300010681,454.78407096862793,48.139414235949516,0.9933438897132874,366.9602117538452,34.6985867023468,0.9861182570457458,414.9337649345398,261.04786145687103,0.9995570182800293,374.2454776763916,260.85238456726074,0.9994156956672668,417.5224390029907,341.9322438240051,0.9802578687667847,377.47708082199097,345.012664437294,0.9857376217842102,421.6876287460327,412.2635238170624,0.9808990955352783,383.9074330329895,413.3453848361969,0.979546844959259
255,21.595199999865144,145.39094453498709,159.14745265610284,133.73720440925993,131.1480220834336,172.1380386731538,178.71612447972822,178.26600639358458,176.0638034126517,398.5645227432251,119.21080902218819,0.9998753666877747,405.3195996284485,110.82599437236786,0.999700665473938,391.26710081100464,111.64170652627945,0.9996344447135925,411.34400177001953,113.7671722471714,0.9994279742240906,386.0469665527344,113.4559220969677,0.9994716048240662,427.78888416290283,147.38531535863876,0.9992053508758545,364.517662525177,144.1860871911049,0.9981504082679749,459.41123962402344,111.96420350670815,0.9974250197410583,341.3238191604614,93.77817875146866,0.9940510988235474,454.93231868743896,55.127292796969414,0.9933571815490723,364.75828075408936,41.4968646466732,0.9864466190338135,413.5358238220215,261.0398269891739,0.9995055794715881,372.39240646362305,261.0281171798706,0.9993588328361511,414.4828805923462,337.03455197811127,0.9801493287086487,376.179723739624,345.34615182876587,0.9850886464118958,417.4773530960083,407.0783860683441,0.9797893166542053,383.9705128669739,413.63998198509216,0.9793252944946289
256,21.320600004401058,129.42473381586456,150.93995982766526,115.2557578490268,117.88256010540012,173.04969878625081,179.10670264158796,177.64372589996964,175.9881757798486,396.47088384628296,119.34084203839302,0.9998828172683716,403.5606679916382,111.02887892723083,0.9997168779373169,389.1785669326782,111.71132433414459,0.9996543526649475,410.2042179107666,114.38163095712662,0.9994689226150513,384.262610912323,113.6066609621048,0.9995024800300598,426.9315948486328,148.9157389998436,0.9992499351501465,362.1809792518616,145.18404215574265,0.9982512593269348,462.7674102783203,126.15714055299759,0.9974850416183472,334.67374897003174,102.92045566439629,0.9944624304771423,455.537389755249,68.62723207473755,0.9933488965034485,362.8900713920593,52.14103144407272,0.9867782592773438,413.16894483566284,260.90765714645386,0.9994948506355286,370.30126953125,261.3671033382416,0.9993218183517456,413.1009874343872,330.89787113666534,0.9807122349739075,374.81554651260376,344.5936185121536,0.984680712223053,415.93634510040283,401.4723789691925,0.9795582890510559,383.4249076843262,413.55126094818115,0.9789559841156006
257,23.242699971888214,109.20414295500683,141.9599166247753,93.00371499894526,103.70353642279439,174.9146609850765,177.8732147675738,177.19710197368434,176.19331477091336,394.8217353820801,118.83338847756386,0.9998888969421387,402.03588485717773,111.0350044965744,0.9997270703315735,387.80481147766113,111.68254840373993,0.9996678233146667,408.5736446380615,114.51400735974312,0.999504029750824,382.4317035675049,113.60977360606194,0.9995273351669312,424.92193603515625,149.6744406223297,0.9992824792861938,360.70373344421387,145.98898470401764,0.9983304142951965,465.42328357696533,140.2207069993019,0.9975297451019287,329.93505334854126,113.12184351682663,0.9948588609695435,455.7537717819214,86.1272144317627,0.993020236492157,362.0787272453308,63.97340199351311,0.9870808124542236,413.2547950744629,259.47168123722076,0.9994089603424072,370.94055938720703,261.34499430656433,0.9992086887359619,412.1142530441284,326.13383066654205,0.9812200665473938,375.21151399612427,344.3806481361389,0.9837640523910522,414.2766327857971,394.08423006534576,0.9786772131919861,383.42495822906494,413.76417434215546,0.978734016418457
258,23.077899997588247,86.80414422905577,120.60102302623284,68.80388410925814,76.43675204065018,175.48994274087818,177.30118549102974,176.47818456521492,176.496296408395,393.69739294052124,119.16954690217972,0.9998974800109863,400.5580072402954,112.26484075188637,0.9997466206550598,386.84794902801514,112.11583983898163,0.9996910095214844,406.72176122665405,115.55093804001808,0.9995482563972473,381.41153383255005,113.87070149183273,0.9995625019073486,424.3263168334961,152.06747263669968,0.9993372559547424,360.05610370635986,147.47276854515076,0.9984458684921265,468.7273426055908,159.4219736456871,0.997580885887146,324.23790311813354,130.81089228391647,0.9951448440551758,457.6626443862915,106.41732239723206,0.992501974105835,358.9915556907654,87.1353834271431,0.9868216514587402,412.72271060943604,258.7224243879318,0.9993947148323059,371.3236632347107,261.28037667274475,0.9991766810417175,410.93969440460205,318.8317816257477,0.9820926189422607,375.6032609939575,344.1760256290436,0.9814685583114624,412.91526079177856,380.90998232364655,0.9778362512588501,383.4571805000305,413.5497794151306,0.9786326289176941
259,22.57089997874573,71.01432633393708,93.71272733277232,54.213730323714785,42.98199597694888,175.79318421212014,176.60192335723218,176.54226029155393,176.89178613547443,392.24001121520996,119.15930438041687,0.9999057650566101,399.45196199417114,112.23800933361053,0.9997671246528625,385.16781663894653,112.11107471585274,0.9997149109840393,405.79623651504517,115.21807032823563,0.9995901584625244,379.68409156799316,113.85731783509254,0.999596118927002,423.94950580596924,152.99555337429047,0.9993903636932373,358.62316036224365,148.2879821062088,0.9985601305961609,466.303014755249,173.14955973625183,0.9975091218948364,317.6300883293152,150.2708146572113,0.995352029800415,457.7717704772949,126.38486927747726,0.9921506643295288,355.0457806587219,111.86088082194328,0.9864665865898132,412.3701105117798,255.23153364658356,0.9994195699691772,371.2767324447632,259.65866780281067,0.999194860458374,410.37286043167114,305.9509913921356,0.983303427696228,375.8165850639343,343.9235097169876,0.9796609282493591,411.7120180130005,369.7386817932129,0.977738618850708,383.4674916267395,414.4418617486954,0.9787635803222656
260,26.674600027035922,56.12141981812061,81.59035747311094,43.91436197209716,16.32525206169453,179.81848975223528,175.21864616894595,169.71032992336572,177.09132172747468,392.55076026916504,119.1764346063137,0.9999130368232727,399.7433271408081,112.39076393842697,0.9997876286506653,385.6084656715393,112.20451101660728,0.9997364282608032,405.40390825271606,115.21330520510674,0.9996297359466553,379.1679792404175,113.93601715564728,0.9996240139007568,422.3323016166687,155.58035844564438,0.9994456171989441,355.5181465148926,148.70531857013702,0.9986000657081604,461.31015491485596,188.2832489013672,0.9971681237220764,316.42477321624756,160.22442322969437,0.9923688173294067,457.25131130218506,150.2319244146347,0.990601122379303,346.7306909561157,140.7360953092575,0.9702869057655334,411.8233428001404,253.61595034599304,0.9994475245475769,371.0573935508728,259.1567984819412,0.9992012977600098,406.54626989364624,304.36090755462646,0.984350860118866,375.8292212486267,343.79316329956055,0.9763568043708801,411.0875630378723,364.02409541606903,0.9767064452171326,383.50641107559204,415.2102360725403,0.9778797626495361
261,21.454099973198026,44.64120076905806,65.68288769190438,32.64763979686844,6.715969900632585,167.8864762542449,174.96625185090184,157.10990763626017,176.90596222974838,392.3738284111023,119.18392062187195,0.9999192357063293,399.863977432251,112.50140169262886,0.999805748462677,385.64425134658813,112.26078078150749,0.9997557401657104,405.19073581695557,115.34872302412987,0.9996647834777832,378.95781421661377,114.25723204016685,0.9996495842933655,421.9184160232544,157.9642590880394,0.999495804309845,355.6957354545593,150.7387226819992,0.9987047910690308,455.73592948913574,200.57336330413818,0.9962932467460632,317.0205693244934,175.32778370380402,0.9916274547576904,452.9605178833008,173.20382088422775,0.9887493848800659,350.7564277648926,159.06889867782593,0.9666274785995483,411.53574323654175,253.48762679100037,0.9994738101959229,371.18721771240234,259.17446291446686,0.9992067217826843,403.84093856811523,276.7317122220993,0.9852685928344727,375.8071837425232,344.5708541870117,0.9732421636581421,409.9419159889221,353.0043386220932,0.975867509841919,383.5323910713196,415.7898573875427,0.9767049551010132
262,22.74880005279556,36.47710060527405,53.48572408960325,1.605932017540769,19.08326613827508,161.01922335123197,174.40948768777386,149.62047097903474,176.5147254588366,391.9439706802368,119.77355653047562,0.9999224543571472,399.4941668510437,113.23523777723312,0.9998148083686829,385.3797507286072,112.83387765288353,0.999769389629364,404.6671175956726,116.14781779050827,0.999688446521759,378.6589937210083,115.47515192627907,0.999669075012207,422.0577425956726,161.51666194200516,0.9995262622833252,355.5099835395813,154.22297501564026,0.9988246560096741,448.4463167190552,207.6899215579033,0.9936226606369019,321.0555305480957,188.81970632076263,0.9918897151947021,440.39009189605713,194.46806532144547,0.9830522537231445,352.7943410873413,173.31579059362411,0.9682937264442444,411.1649217605591,253.84487569332123,0.9994803071022034,371.4258141517639,259.4145567417145,0.9992240071296692,402.5210385322571,271.7980077266693,0.9854040145874023,375.91524839401245,344.7001749277115,0.9694701433181763,408.6378870010376,346.676540017128,0.9714136719703674,384.0637173652649,416.2345452308655,0.9735798835754395
263,22.085199947468936,28.73266575002323,46.53263245047978,70.92265535513742,40.266045605587664,152.7380692492155,173.61830578540082,143.1119153714536,175.74359718165928,391.6946840286255,120.15619093179703,0.9999259114265442,399.2856698036194,113.79763627052307,0.9998224377632141,385.1527795791626,113.18938148021698,0.9997826218605042,404.36614894866943,117.2287528514862,0.9997058510780334,378.2034592628479,116.1406238079071,0.9996852874755859,421.27536058425903,163.11033564805984,0.9995443224906921,354.7276015281677,156.75864732265472,0.9989342093467712,440.85373878479004,211.1984624862671,0.9870854020118713,322.62512159347534,199.05066072940826,0.9918636083602905,434.01407527923584,211.5659681558609,0.9719485640525818,354.9559373855591,191.86354446411133,0.9695395827293396,410.8455801010132,253.53304147720337,0.9994742274284363,371.5808095932007,259.31931126117706,0.9992401599884033,403.4302878379822,264.5924862623215,0.9839993715286255,375.9624319076538,344.34534776210785,0.9585990905761719,407.53012323379517,341.62662065029144,0.9577890634536743,385.03940773010254,416.13251888751984,0.9598385691642761
264,22.918100003153086,25.3129409953458,44.122228970631475,109.21727422298171,54.264026669048654,42.360778191284226,173.53161121430583,34.53189748895875,176.054184817609,391.4386496543884,120.53671699762344,0.9999312162399292,399.037495136261,114.17858257889748,0.9998353719711304,384.9997806549072,113.47423470020294,0.9997977614402771,404.3083510398865,117.91816431283951,0.9997274279594421,377.9823260307312,116.62615352869034,0.9997008442878723,421.42097997665405,164.203251183033,0.9995793104171753,354.2541995048523,159.10592275857925,0.9990306496620178,437.70611572265625,214.48508685827255,0.9863219857215881,323.204288482666,204.49567931890488,0.9916852712631226,430.77734184265137,219.73730671405792,0.9727792143821716,360.26449966430664,203.6151928305626,0.9707286953926086,409.85712718963623,253.64341568946838,0.999469518661499,371.45712661743164,259.24987864494324,0.9992319941520691,404.29212617874146,245.6939367055893,0.9822698831558228,376.3295888900757,344.29979062080383,0.9487165212631226,405.01324796676636,335.1442012786865,0.9480209946632385,385.4154100418091,415.9732255935669,0.9487466216087341
265,22.98840001458302,22.25928158614566,43.17545720093559,132.15223072078172,63.96884484647256,21.020996050927558,173.1142608032918,12.92630473356649,176.06965969760208,391.4654130935669,120.75595539808273,0.9999372363090515,399.015230178833,114.50764673948288,0.9998500943183899,385.0238904953003,113.81136181950569,0.9998153448104858,404.3853054046631,118.38744702935219,0.9997518062591553,377.91406536102295,116.98828864097595,0.9997249841690063,421.61358070373535,164.8171044588089,0.9996153712272644,353.737455368042,160.01458686590195,0.999122142791748,434.83972358703613,215.8191361427307,0.9856094121932983,323.67804431915283,206.26089745759964,0.9918434023857117,430.2890796661377,222.7442632317543,0.9737032651901245,361.33994007110596,210.8799328804016,0.9722171425819397,409.5572199821472,253.73943042755127,0.9994926452636719,371.5105776786804,259.26856875419617,0.999264121055603,404.68084049224854,233.11047875881195,0.9818868041038513,376.3605980873108,344.24901962280273,0.9449065923690796,405.28232288360596,325.39346301555634,0.9434468746185303,385.425847530365,416.0401794910431,0.945236086845398
266,22.13400002801791,20.79850052699618,42.61190647017412,120.21885102795609,65.78917281298538,22.487191518369734,173.12366592554915,13.657605219513748,176.0733560062762,391.2970232963562,121.04276025295258,0.9999423027038574,398.84696674346924,114.87388455867767,0.9998627305030823,384.9434232711792,114.24136966466904,0.9998300671577454,404.31406259536743,118.6934263408184,0.9997725486755371,377.815149307251,117.32785886526108,0.9997438192367554,421.76518964767456,165.4892076253891,0.9996461272239685,353.5982298851013,160.2702510356903,0.9992034435272217,433.8383312225342,218.37099134922028,0.9848148226737976,324.1026201248169,206.7597324848175,0.9916719794273376,429.6737985610962,222.26527220010757,0.9743744730949402,361.8727321624756,212.19076198339462,0.9730145931243896,409.4605531692505,253.73353278636932,0.9995112419128418,371.449595451355,259.3004217147827,0.9992917776107788,403.8880715370178,232.26234382390976,0.9814817905426025,376.4012360572815,344.09143579006195,0.939806342124939,405.29958391189575,322.9669682979584,0.939617395401001,385.5680046081543,415.95957839488983,0.9409525394439697
267,27.40379999158904,22.51828830454847,42.416811395615646,69.65711679229045,60.408791710711355,22.54029723635973,173.37348314498493,12.526669353615159,176.3236105465098,391.1495590209961,121.41666215658188,0.9999451637268066,398.6338195800781,115.32825222611427,0.9998705387115479,384.80313634872437,114.83156827092171,0.999838650226593,404.2208580970764,119.06732112169266,0.999785304069519,377.72179317474365,117.95817995071411,0.9997514486312866,421.70365142822266,165.67055296897888,0.9996662139892578,353.5999484062195,160.7660375237465,0.9992749691009521,434.7221565246582,217.87469202280045,0.9827415347099304,325.2329521179199,205.70154750347137,0.9915739297866821,426.324501991272,216.9416111111641,0.9723630547523499,362.7160964012146,207.45103859901428,0.9735168218612671,408.51506328582764,253.7528496980667,0.9995197057723999,371.25156116485596,259.3303087949753,0.9993113875389099,402.83482027053833,231.01231455802917,0.9813993573188782,376.44541215896606,343.60215950012207,0.9374860525131226,405.14815187454224,319.47431111335754,0.9372177720069885,385.58450746536255,415.91319501399994,0.9395673274993896
268,34.28030002396554,25.40052835136767,44.30975234685883,42.17088066745599,52.9999851368168,22.786257595226395,173.43318168597287,12.05484295485773,176.116435896705,391.24948596954346,121.59853458404541,0.9999492168426514,398.51382637023926,115.54984825849533,0.9998807907104492,384.81845140457153,115.09751769900322,0.9998506903648376,404.1174941062927,119.09893903136253,0.9998028874397278,377.58395767211914,118.18406388163567,0.9997687935829163,421.6641254425049,165.21825802326202,0.9996922016143799,353.75924015045166,160.30425506830215,0.9993423223495483,436.42874908447266,213.96870136260986,0.9819285273551941,325.326687335968,201.95863944292068,0.9918516874313354,429.72808361053467,209.94578355550766,0.9729368686676025,362.7618899345398,200.20420515537262,0.9750163555145264,408.3230690956116,253.9450501203537,0.9995328783988953,371.2451672554016,259.54285180568695,0.999333918094635,401.63733959198,227.5915117263794,0.9819070100784302,376.2759609222412,343.5723294019699,0.9382092356681824,405.0035939216614,316.0053584575653,0.9365702271461487,385.5592350959778,415.942027926445,0.9400197267532349
269,26.466499955859035,28.515091768685323,50.05862802338868,29.808991474034215,39.63775969405819,23.06213952196926,173.1507810853474,12.669527713511426,176.01120577925153,391.247287273407,121.67134338617325,0.9999523758888245,398.31579208374023,115.65579923987389,0.9998889565467834,384.8002300262451,115.1632607281208,0.9998611211776733,403.87124013900757,119.04051107168198,0.9998177886009216,377.4161744117737,118.19418531656265,0.9997856020927429,421.27452659606934,165.168199300766,0.99970942735672,353.46532249450684,159.76631611585617,0.9994040131568909,437.74543952941895,209.63092929124832,0.9801822304725647,321.7072796821594,197.7219820022583,0.9923383593559265,430.0896806716919,203.23784351348877,0.9707212448120117,360.82953929901123,190.51167404651642,0.9766421318054199,408.4945168495178,253.9839118719101,0.9995478391647339,371.4970316886902,260.5988999605179,0.9993655681610107,401.7235436439514,228.48990482091904,0.9826744198799133,376.3038110733032,344.2249732017517,0.9399660229682922,405.10764026641846,316.4075092077255,0.9371169805526733,385.5527400970459,416.6397160291672,0.9413900375366211
270,21.657300007063895,31.103091746059874,55.33030116449153,31.42918503672544,27.573462256143774,30.53744929967845,173.07668194318623,19.172233884401198,176.29172258309026,390.70087337493896,121.54162377119064,0.9999551773071289,397.80152463912964,115.64341276884079,0.999896764755249,384.39526557922363,115.10298797488213,0.999871551990509,403.4152002334595,118.84922948479652,0.9998326301574707,376.9974112510681,118.17293813824654,0.9998029470443726,421.1449046134949,164.8483163714409,0.9997179508209229,352.42766427993774,159.42258620262146,0.9994590282440186,439.5056095123291,208.60110712051392,0.9779173135757446,317.1087951660156,194.91602963209152,0.9928063154220581,441.671350479126,194.38820499181747,0.9619601368904114,356.34945583343506,182.49243479967117,0.9775964617729187,408.10926485061646,253.79239523410797,0.9995662569999695,371.14688301086426,260.7030631303787,0.9993975162506104,400.8528347015381,236.01065093278885,0.9833385348320007,376.3269100189209,344.24155497550964,0.941413402557373,405.2903342247009,319.9179447889328,0.9384118914604187,385.5421509742737,416.61356127262115,0.9432875514030457
271,24.548400018829852,35.35185089164222,69.28785121735821,46.689937976314916,7.223479210617067,36.44776480094527,173.4146334416006,24.69494332898596,176.1779881659117,390.36050510406494,121.41736018657684,0.9999586343765259,397.3671684265137,115.62911739945412,0.9999054670333862,384.2204566001892,115.03238010406494,0.9998811483383179,402.8776822090149,118.66249933838844,0.9998480677604675,376.6711196899414,118.09304219484329,0.9998183846473694,419.9053707122803,164.81238919496536,0.9997418522834778,352.6784167289734,157.32872414588928,0.9995042085647583,441.842191696167,206.47906744480133,0.9789270758628845,314.66864681243896,180.032306432724,0.9931550025939941,452.9959497451782,173.94584101438522,0.9641677141189575,354.2636513710022,162.71163231134415,0.9778674244880676,408.1182870864868,253.31998562812805,0.9995855689048767,371.1632595062256,260.7037469148636,0.9994177222251892,401.0724515914917,240.5364352464676,0.9840970039367676,376.3479871749878,344.2116963863373,0.9427521228790283,407.1337513923645,323.73086953163147,0.9394923448562622,385.7029085159302,416.4899387359619,0.9449297785758972
272,21.30720001878217,45.32565576688786,86.28316893259661,53.6385127598055,17.830899150209582,47.10409288515424,173.6624678496591,35.03822133483981,176.18132103134806,390.236695766449,121.31625980138779,0.999961793422699,396.99111557006836,115.52697709202766,0.9999134540557861,383.95625925064087,114.82537147402763,0.9998899698257446,402.0869097709656,118.34870636463165,0.9998621344566345,376.03516578674316,117.8619515299797,0.9998323321342468,419.5818591117859,163.9624165892601,0.9997595548629761,352.83687448501587,155.86186397075653,0.9995236396789551,447.5376739501953,199.66425758600235,0.9804743528366089,312.92730474472046,165.53851133584976,0.9930922389030457,458.984338760376,158.60134679079056,0.9662691354751587,349.63309621810913,143.08035069704056,0.9741528034210205,408.1899342536926,253.34272146224976,0.9996027946472168,371.1849937438965,260.8583961725235,0.9994299411773682,401.18779468536377,244.9506059885025,0.9842727184295654,376.3623924255371,343.7323919534683,0.9406206011772156,408.225492477417,328.7177667617798,0.9396997690200806,385.79949951171875,416.45888352394104,0.9432458877563477
273,23.93209998263046,62.518044220529745,97.78333682156864,63.40817280245783,41.13232927589835,142.20535043153149,173.88184753563885,129.050558858481,176.226070493365,390.0888271331787,120.51761376857758,0.9999650120735168,396.5558748245239,114.34979224205017,0.9999209642410278,383.6494779586792,113.80293560028076,0.9998989701271057,401.5578074455261,117.16773933172226,0.9998750686645508,375.5545611381531,117.05866146087646,0.9998459815979004,419.6941947937012,161.2620946764946,0.9997729063034058,352.95006942749023,154.681580722332,0.9995347261428833,455.89696502685547,186.11726182699203,0.9822359085083008,313.08444833755493,156.0333514213562,0.9934558868408203,462.5127658843994,138.31649541854858,0.9687976837158203,349.70641136169434,121.79382628202438,0.9740394949913025,408.4009585380554,253.37426102161407,0.9996199607849121,371.1747078895569,261.0163788795471,0.9994454979896545,401.7519497871399,260.07349705696106,0.9850199222564697,376.39532232284546,343.82877707481384,0.9410340785980225,410.36457109451294,339.80718410015106,0.9423781037330627,385.7995500564575,416.424152970314,0.9457224011421204
274,21.836999978404492,75.87379101085318,115.79142872576861,73.76586768220737,64.36867557082626,167.5928709591214,174.32651574820207,153.71680659735208,176.25514943923284,389.47862577438354,119.81928461790085,0.9999682307243347,395.8196907043457,113.26709786057472,0.99992835521698,382.6286005973816,113.25686958432198,0.9999079704284668,401.0924925804138,116.24373281002045,0.999887228012085,374.69643783569336,116.80531218647957,0.9998598098754883,419.7656903266907,158.02426117658615,0.9997900724411011,353.01375579833984,152.35771065950394,0.9995467066764832,461.1988048553467,173.80912685394287,0.9838724732398987,314.1875367164612,140.9218140244484,0.9939195513725281,465.234751701355,123.8794259428978,0.9714436531066895,350.13455057144165,101.05904471874237,0.9751362800598145,408.5554738044739,253.03379333019257,0.999646008014679,370.9179153442383,260.74759459495544,0.9994753003120422,402.6913995742798,269.93352687358856,0.9857399463653564,376.29428339004517,343.7494295835495,0.9414616823196411,412.0635313987732,344.67943346500397,0.9453433752059937,385.79631519317627,416.40506398677826,0.9475308656692505
275,24.04360001673922,86.24195945146883,128.60875793258222,79.76749384042343,80.49215720123497,175.21150330727485,174.38568321319093,161.86281650827334,176.38551985966882,388.769154548645,118.96389871835709,0.9999711513519287,394.9794602394104,112.24635007977486,0.99993497133255,381.8548617362976,112.41223192214966,0.9999163150787354,400.32168531417847,115.45676097273827,0.9998981952667236,374.36155366897583,116.021659553051,0.9998728632926941,419.13736867904663,154.53656142950058,0.9998043775558472,353.06632232666016,150.60827654600143,0.999565064907074,466.06525230407715,162.47921681404114,0.9853553771972656,315.1077289581299,129.28378784656525,0.9943929314613342,465.4795398712158,108.8814395070076,0.9737915396690369,350.51694679260254,85.29766988754272,0.9767687320709229,409.1720185279846,251.82665729522705,0.9996704459190369,370.80666637420654,259.1532371044159,0.9995071291923523,403.9245648384094,279.7667466402054,0.9864622354507446,376.16311979293823,342.711159825325,0.9421993494033813,413.47878408432007,352.33511304855347,0.9483250379562378,385.5412917137146,416.09821569919586,0.9495162963867188
276,22.432499972637743,95.08069136910626,140.36595712928104,85.94916811021439,95.57740544548426,178.46090772410724,174.00487887180657,167.2911531131095,176.60464085538345,388.6661696434021,118.24665865302086,0.9999738931655884,394.69069814682007,111.22586584091187,0.9999411702156067,381.77282762527466,111.39071488380432,0.9999243021011353,400.044801235199,114.53011903166771,0.9999082088470459,374.3014307022095,115.04639768600464,0.9998852014541626,418.9049639701843,152.26484417915344,0.9998165965080261,353.0997576713562,149.88028824329376,0.9995874762535095,468.5754051208496,151.8817254304886,0.9866724610328674,317.7495002746582,119.25771236419678,0.9948566555976868,464.1879196166992,96.04320061206818,0.9757291674613953,350.95206117630005,72.40520545840263,0.9783647656440735,410.90206384658813,250.896710395813,0.9996942281723022,371.12618494033813,258.00972151756287,0.9995400905609131,406.26840019226074,293.70438277721405,0.9871892929077148,376.18020391464233,341.3655004501343,0.943898618221283,414.16409492492676,362.67233896255493,0.9506138563156128,385.06326484680176,415.14835357666016,0.9518726468086243
277,22.411200043279678,104.08006983399478,150.42634883832994,95.2305826703048,110.03346873479286,179.6844675376242,174.04562757817968,168.59938371899796,177.05076866721706,388.4334363937378,117.96914187073708,0.9999763369560242,394.5532417297363,110.69764232635498,0.999946653842926,381.51335620880127,110.98300838470459,0.9999313950538635,400.0127811431885,113.28189182281494,0.9999171495437622,374.1467638015747,113.89809560775757,0.9998962879180908,418.94062328338623,149.64040809869766,0.9998275637626648,353.5066933631897,148.5830493569374,0.9996100664138794,468.52986431121826,141.04557901620865,0.9878919124603271,321.9400887489319,109.52525821328163,0.9952903389930725,464.14455223083496,86.56820556521416,0.9775497913360596,351.19257831573486,60.8819126188755,0.9798860549926758,411.4347801208496,250.7100087404251,0.9997138381004333,371.4463858604431,257.28254520893097,0.9995672106742859,407.0524501800537,314.47259855270386,0.9877251386642456,376.4410653114319,340.9282487630844,0.9454669952392578,414.86681842803955,374.0784054994583,0.9525735974311829,384.59299659729004,413.9906779527664,0.9539453387260437
278,22.184800007380545,114.5211129725134,159.4244570237099,104.89182693786614,124.61625378324976,179.2997150434778,174.32743387649305,169.2154853404855,177.61266396524923,387.8312463760376,117.71045765280724,0.9999783635139465,394.4907178878784,110.42574539780617,0.9999509453773499,381.19851303100586,110.78575080633163,0.9999371767044067,400.0875368118286,112.73121738433838,0.9999247193336487,374.0842399597168,113.11521935462952,0.9999057650566101,418.9595522880554,148.4295539855957,0.999828577041626,354.4456377029419,147.2701119184494,0.9996215105056763,468.04347229003906,130.1737333536148,0.9890068769454956,328.6478304862976,102.10123911499977,0.9956457614898682,462.9329948425293,77.19525110721588,0.9792414903640747,352.45831966400146,52.51883661746979,0.9812072515487671,411.605318069458,250.54168379306793,0.9997236728668213,372.0629811286926,256.5634033679962,0.9995856881141663,407.1805810928345,324.6012132167816,0.9869006276130676,377.1993627548218,340.9203567504883,0.944291353225708,414.8539547920227,383.96353590488434,0.9504789113998413,384.71624994277954,414.0128724575043,0.9543005228042603
279,22.458999999798834,122.43174686672955,164.54146291455703,112.48958632389524,131.7260781663537,178.49242701763703,174.50300259123193,171.5158945959739,177.0379310118173,387.756591796875,117.04957282543182,0.9999798536300659,394.5654230117798,109.76924818754196,0.9999542832374573,381.02132844924927,110.33269372582436,0.9999417662620544,400.11382007598877,112.04377180337906,0.9999309778213501,374.11166048049927,112.41649132966995,0.9999138116836548,418.9976124763489,147.00132763385773,0.9998296499252319,355.550621509552,145.76005935668945,0.9996109008789062,467.62197971343994,120.65753316879272,0.9900351166725159,333.0557613372803,95.67122185230255,0.9959139823913574,461.97785091400146,66.57993146777153,0.9808589816093445,355.0536150932312,46.469313368201256,0.9821885824203491,411.7957706451416,250.41469931602478,0.9997231364250183,372.424654006958,255.69513952732086,0.9995830655097961,408.3999981880188,328.9408229589462,0.9869987964630127,377.198983669281,340.3144097328186,0.9474436640739441,415.22796058654785,393.8178675174713,0.9534054398536682,385.0623803138733,412.80015218257904,0.9567644000053406
280,21.21949999127537,127.65195266130972,169.07912895524734,119.97106533404646,139.248316705094,178.00597209702696,173.95871712372667,174.28977292593723,176.38139476064154,387.84127950668335,117.11590704321861,0.9999806880950928,394.6032304763794,109.79872927069664,0.9999555945396423,381.0800108909607,110.33493027091026,0.9999445676803589,400.1786689758301,112.05888628959656,0.9999334812164307,374.1578583717346,112.47663587331772,0.999919056892395,419.0625877380371,145.4008730649948,0.9998101592063904,356.54673194885254,145.04154431819916,0.9995831251144409,466.0412435531616,113.27836605906487,0.9909462332725525,337.7621841430664,92.19439142942429,0.9961925148963928,461.92760944366455,59.71928311884403,0.9822925329208374,357.2289848327637,41.964124500751495,0.983299195766449,413.02661085128784,250.4385747909546,0.9997133016586304,373.3709526062012,255.6737997531891,0.9995805621147156,411.12286853790283,334.6629309654236,0.9868553280830383,377.2336320877075,340.55259466171265,0.9509193897247314,416.33446073532104,402.15679025650024,0.9559868574142456,385.1275324821472,412.93203711509705,0.959224283695221
281,27.50460000243038,131.50556769630987,171.9770934851727,123.54652327934113,147.3770763554196,178.65427962263868,174.02900854335707,175.70124495013744,176.03083967560497,388.62677001953125,117.92664039134979,0.9999809861183167,395.2271800041199,110.19885003566742,0.999955952167511,381.40342140197754,110.61979061365128,0.999945878982544,400.7373905181885,112.14881819486618,0.9999346137046814,374.40648794174194,112.50888058543205,0.9999228715896606,419.73452949523926,144.71080631017685,0.9997931718826294,358.30548667907715,144.21560388803482,0.9995625615119934,465.20791244506836,108.03384590148926,0.991748571395874,342.6322708129883,90.17808192968369,0.9963772892951965,460.22804260253906,54.77391867339611,0.9835239052772522,358.4327583312988,36.65986579656601,0.9842600226402283,414.8869857788086,250.75348603725433,0.9997090101242065,374.29233264923096,255.8252865076065,0.999582052230835,412.98961210250854,336.22950971126556,0.9864944815635681,377.5747585296631,342.0323612689972,0.9538628458976746,416.7700300216675,407.716556429863,0.9579911828041077,385.22086334228516,412.9960849285126,0.961131751537323
282,22.29659998556599,137.10342503083115,174.35010383058295,129.82447432541716,153.13476785305542,178.3826561940384,174.89758423164525,177.364370356077,175.8037846150496,388.8984479904175,117.92842108011246,0.9999812245368958,395.58920669555664,110.27613192796707,0.9999563097953796,381.431827545166,110.57875642180443,0.9999468326568604,401.266695022583,112.26672115921974,0.9999349117279053,374.7388701438904,112.62084317207336,0.9999251365661621,421.1949439048767,144.01950019598007,0.9997619390487671,360.0195345878601,143.5119611620903,0.9995263814926147,463.48595428466797,102.59135589003563,0.9924585819244385,346.9511671066284,86.70722037553787,0.9965304136276245,459.2620315551758,49.92064788937569,0.984626829624176,360.06176471710205,33.76671665906906,0.9852110743522644,416.1232089996338,251.80793869495392,0.9997074007987976,374.4304714202881,255.91340923309326,0.9995852112770081,414.5013041496277,338.11510241031647,0.985514760017395,377.79958152770996,343.4707304239273,0.9566444158554077,416.54477739334106,413.19557905197144,0.9598067998886108,385.701847076416,413.92315423488617,0.9627854228019714
283,26.237400015816092,142.69724232610042,173.88058500755645,139.0134200090579,157.79738753396046,178.59384944855898,176.48045907994197,177.16285660010567,175.84719924369682,389.05844736099243,117.44843286275864,0.9999779462814331,395.97804737091064,110.09859013557434,0.999949038028717,381.6317319869995,110.22876560688019,0.999937891960144,402.2069787979126,112.32935866713524,0.9999218583106995,376.2520532608032,112.5591387450695,0.9999103546142578,422.4680142402649,143.78983408212662,0.9997082948684692,363.01625633239746,143.0947244167328,0.9994118809700012,459.5477104187012,99.88682442903519,0.9930319786071777,351.3238935470581,87.37990760803223,0.996481716632843,458.8165807723999,47.70581652224064,0.9856035709381104,361.3836359977722,32.30053314566612,0.9859191179275513,416.8639168739319,255.14406621456146,0.9997015595436096,374.49658393859863,257.451696395874,0.9995682835578918,414.70757722854614,338.89171063899994,0.984588623046875,377.8280634880066,343.6551812887192,0.959191083908081,416.4703755378723,413.0224106311798,0.9616280794143677,385.68468713760376,414.0758661031723,0.9644676446914673
284,23.840200039558113,148.57996977632706,176.25428326834074,146.5947043670949,165.47656489570926,179.31461147360696,176.42167754772416,176.67269044494145,175.39176583940733,391.64315366744995,116.60823267698288,0.9999744296073914,397.5850920677185,109.6146772801876,0.9999411106109619,384.129273891449,109.52941790223122,0.9999297261238098,403.97364377975464,112.40762349963188,0.9999056458473206,379.1768751144409,112.49368062615395,0.9998934864997864,424.65035915374756,143.18068182468414,0.9996188282966614,365.3802843093872,142.92893517017365,0.9992620944976807,457.1417303085327,95.91031137108803,0.9934892058372498,356.83301734924316,87.87106430530548,0.9963717460632324,458.164755821228,42.507038697600365,0.9864072799682617,362.27408266067505,33.35081899166107,0.9864920973777771,418.55724143981934,256.31860852241516,0.9996877312660217,375.59759998321533,257.89829313755035,0.9995492100715637,415.1485548019409,337.73790979385376,0.9838293194770813,377.83011054992676,343.14271330833435,0.9616458415985107,416.34659147262573,411.54255855083466,0.9632992744445801,385.38424921035767,413.7301560640335,0.9662712812423706
285,21.71300002373755,152.53027020513184,176.00297194673726,149.478544433001,166.6129691892692,179.08216449700302,176.8535465667862,177.24094387201333,175.78025237338795,394.68622493743896,116.37209910154343,0.9999663829803467,399.5969748497009,109.3244036436081,0.9999204874038696,386.81858253479004,109.08158892393112,0.9999105334281921,406.2241735458374,112.4370404779911,0.9998650550842285,381.5839419364929,112.43961891531944,0.9998583197593689,426.6216039657593,143.2104122042656,0.9994942545890808,367.38531827926636,143.19509828090668,0.9990887641906738,456.25714683532715,94.09880957007408,0.993817150592804,359.2279281616211,88.03301438689232,0.9963335394859314,456.80292892456055,40.800437271595,0.9869192838668823,363.85451555252075,34.884590327739716,0.9870301485061646,419.3223624229431,258.0001485347748,0.9996627569198608,376.31768560409546,258.8875013589859,0.9995162487030029,415.54515409469604,337.4886988401413,0.9828513264656067,378.14899730682373,341.5925738811493,0.9634541869163513,415.59461212158203,411.14901208877563,0.9641709327697754,384.8578004837036,411.4165997505188,0.9674364924430847
286,22.49499998288229,154.25086451432253,176.0738842673978,151.14067759244625,168.21362733899232,179.18702273337738,176.4908955952584,179.27174990616953,176.83963632482897,397.6745309829712,116.35251864790916,0.999955415725708,402.0768766403198,109.28570571541786,0.9998887777328491,389.4120078086853,108.97402107715607,0.9998849034309387,408.9406499862671,112.62349995970726,0.9997976422309875,383.48616790771484,112.47231948375702,0.9998159408569336,428.31641960144043,143.31900572776794,0.9992977380752563,369.5741834640503,143.4156330227852,0.9989318251609802,456.0798864364624,93.5199005305767,0.9940310716629028,361.58113956451416,88.79385995864868,0.9963665008544922,456.33442974090576,41.573391526937485,0.9872925281524658,364.74167680740356,36.537603706121445,0.9875684976577759,421.46010160446167,259.03303349018097,0.9996117353439331,378.49732637405396,259.4050407409668,0.9994753003120422,417.9396605491638,337.2227921485901,0.9817391037940979,379.7406258583069,339.4358321428299,0.9652019739151001,415.54816150665283,411.2749423980713,0.9645815491676331,384.7657585144043,410.40149319171906,0.9684408903121948
287,23.273399972822517,156.290726488405,174.772600392957,151.54027458144134,166.66522455215866,178.49512799224544,177.4885991066046,179.8277704208662,179.18206436070784,398.4385905265808,116.31321528553963,0.9999448657035828,402.8554677963257,109.26160943508148,0.9998605847358704,390.3290662765503,108.9117397069931,0.9998605251312256,410.01553440093994,112.71865996718407,0.9997424483299255,384.8915138244629,112.49798277020454,0.9997734427452087,429.59919452667236,143.57261854410172,0.9991485476493835,371.5258421897888,143.58590960502625,0.9988032579421997,455.9143524169922,93.07589647173882,0.9942696690559387,362.6475830078125,89.1452539563179,0.9963900446891785,455.0656051635742,41.0441138446331,0.9877501130104065,366.3231711387634,37.51991353929043,0.9881001710891724,421.88846826553345,259.17739748954773,0.9995662569999695,379.6943016052246,259.3854959011078,0.999430775642395,418.7793855667114,336.21631836891174,0.980276346206665,381.7609748840332,337.0886564254761,0.9665822982788086,415.5626931190491,410.38741862773895,0.9643460512161255,384.7598195075989,410.42941439151764,0.9690858125686646
288,23.378999962005764,158.8463153297422,173.98288535020222,153.24979991858825,165.0936617276586,178.02993004936994,177.66521015932415,178.8267475245478,178.84789613742996,400.73862886428833,116.02509272098541,0.9999386072158813,405.09687423706055,109.0538173019886,0.9998433589935303,392.63666105270386,108.66173812747002,0.9998483061790466,412.4045820236206,112.74253544211388,0.9997080564498901,386.91727113723755,112.51539078354836,0.9997531771659851,431.8363046646118,143.7743777036667,0.9990217685699463,373.0722584724426,143.7044180035591,0.9986990690231323,456.0850419998169,92.79310885071754,0.994354784488678,363.48804092407227,90.39853119850159,0.9964401721954346,454.88288593292236,40.3260332942009,0.9879612326622009,367.8009729385376,38.09195268154144,0.9886130690574646,423.19618701934814,259.1163697242737,0.9995310306549072,381.49960803985596,259.1368832588196,0.9994039535522461,420.0569796562195,336.80642437934875,0.9787889122962952,383.9657869338989,335.8722608089447,0.9673702120780945,415.5487427711487,410.78808784484863,0.9638388156890869,384.8518867492676,409.5894421339035,0.9692371487617493
289,21.28630003426224,160.33935357716413,173.79695273770037,153.377409313963,163.8191088791313,177.96497258298712,178.092740206226,177.46705870077966,175.50942027492835,401.93967294692993,116.04190242290497,0.9999253153800964,406.62089920043945,109.0575709939003,0.999808669090271,393.93277978897095,108.67875438928604,0.9998147487640381,414.4806818962097,112.8038837313652,0.9996355175971985,388.6095595359802,112.57347685098648,0.9996919631958008,433.8566789627075,143.93962562084198,0.998940110206604,374.7788510322571,143.82493501901627,0.9985399842262268,456.8215799331665,92.54584953188896,0.9945378303527832,364.82959938049316,91.0632266998291,0.9962633848190308,454.5146675109863,40.65431751310825,0.988300085067749,369.9598398208618,37.80359506607056,0.9886519908905029,424.969144821167,259.01140880584717,0.9995193481445312,383.7493290901184,258.42457926273346,0.9993824362754822,421.66415071487427,338.4818958044052,0.9774300456047058,387.1899094581604,335.1214369535446,0.967673122882843,415.5249614715576,409.8820449113846,0.9628894329071045,384.82373332977295,405.6302729845047,0.9680414199829102
290,23.22999999159947,161.15876508028185,173.5296404679268,153.06517250084798,162.0725778449042,179.33456655719874,176.51398584454742,177.59093513806,176.37716484867943,403.19558334350586,116.0752155482769,0.9999026656150818,408.19503927230835,109.05483585596085,0.9997462034225464,395.01140451431274,108.71540096402168,0.9997466206550598,416.48771238327026,112.86506107449532,0.9994999170303345,390.32214164733887,112.72338235378265,0.9995729923248291,436.5993881225586,144.01944321393967,0.9988289475440979,376.51511335372925,144.50871950387955,0.9983274936676025,458.01544666290283,93.8715010881424,0.9947887659072876,366.016010761261,91.65952950716019,0.9961569905281067,454.6043338775635,42.64392736554146,0.9887335300445557,372.3328900337219,37.81550431251526,0.9887265563011169,427.9047327041626,260.0871442556381,0.99947589635849,386.01666498184204,258.47506535053253,0.9993211627006531,422.88498306274414,339.46249973773956,0.9760587811470032,387.73230504989624,335.2701885700226,0.9683291912078857,415.5613284111023,408.8202130794525,0.962396502494812,384.8579773902893,405.5189015865326,0.9677771925926208
291,21.97360002901405,160.56300847178312,170.79025738464455,149.73122698985657,159.13133467143737,179.365650535113,176.0101518142797,179.10864135638607,176.70490338157475,405.07134914398193,116.14320224523544,0.999859631061554,410.3541841506958,109.06341877579689,0.9995862245559692,397.1185894012451,108.76226156949997,0.9995917677879333,418.7739520072937,112.93155911564827,0.9990840554237366,392.9977526664734,112.8087343275547,0.9993212223052979,439.30267238616943,144.06215125322342,0.9986686706542969,378.4833002090454,144.5276945233345,0.9981135129928589,461.32905864715576,94.66917842626572,0.9949791431427002,365.75479555130005,92.06364613771439,0.9960835576057434,455.72334384918213,43.357050478458405,0.9890156984329224,372.5870542526245,38.21816077828407,0.9887642860412598,429.8588933944702,261.51180922985077,0.9994269013404846,387.31043338775635,258.5308507680893,0.9992631673812866,422.64575481414795,340.2918448448181,0.9738436341285706,387.87183380126953,332.02383625507355,0.9691317081451416,415.38619089126587,407.9663941860199,0.960401713848114,384.54290676116943,398.71843695640564,0.9663192629814148
292,22.942200012039393,159.80637472406394,166.65648497132054,145.78802258623736,154.80734198971024,179.3323567124882,176.9425751200928,179.99964135104128,175.29776758291018,405.7098808288574,116.15603032708168,0.9998118877410889,411.61653900146484,109.0614101588726,0.9994171857833862,398.1357011795044,108.76882874965668,0.9994162917137146,420.21930408477783,113.06877899169922,0.9986505508422852,395.54690074920654,112.89873033761978,0.9990225434303284,441.61185932159424,144.33677619695663,0.9985187649726868,380.4903054237366,144.54129898548126,0.9979026317596436,464.6553068161011,96.03770184516907,0.9952352046966553,364.2335252761841,91.99948436021805,0.9960217475891113,456.74935150146484,44.409462466835976,0.9894156455993652,371.7868299484253,38.25662721693516,0.9887921214103699,430.68034648895264,261.90395963191986,0.9993680119514465,388.1396703720093,258.24069821834564,0.9991957545280457,422.62765979766846,338.7810230255127,0.9714337587356567,389.1064143180847,328.22051298618317,0.9696186780929565,415.3898048400879,407.87490952014923,0.9585329294204712,384.50320386886597,395.5564180612564,0.9655276536941528
293,21.645199973136187,159.57348599008657,162.6360107144024,142.86549253214403,151.03098192935028,179.7480106121936,176.4480268062668,179.56731256928114,176.81594360537335,406.76823711395264,116.15812441706657,0.9997893571853638,413.12583017349243,109.03166553378105,0.9993435740470886,399.7201018333435,108.78634360432625,0.9993297457695007,421.84995317459106,113.1356046795845,0.9984959959983826,397.9154019355774,112.9070283472538,0.9988852739334106,443.7814416885376,144.5200446844101,0.9985065460205078,382.94948387145996,144.5731946825981,0.9978215098381042,467.71917724609375,96.64637687802315,0.9955083727836609,363.26877784729004,92.14820748567581,0.9958807229995728,458.0700855255127,44.93014298379421,0.9897764325141907,371.268443107605,37.925679087638855,0.9886403679847717,431.17851543426514,261.6860033273697,0.9993391633033752,389.2730350494385,257.2373014688492,0.9991570115089417,422.55869150161743,338.63785564899445,0.9705120325088501,388.8702440261841,325.2182717323303,0.9704354405403137,415.3842701911926,407.3744647502899,0.9584863781929016,384.78969144821167,391.4880143404007,0.9652442932128906
294,23.554300016257912,156.69298024783646,159.47210501508005,136.82461804336467,145.87892503602626,179.62465160576974,175.97624833615643,179.0188703038904,176.22020887362123,408.95449924468994,116.16568166017532,0.9997450709342957,414.7909002304077,108.97644993662834,0.999194860458374,401.6727967262268,108.81668654084206,0.9991739392280579,422.7919807434082,113.18117606639862,0.9980990290641785,399.12915802001953,112.92729258537292,0.998653769493103,445.29192066192627,144.74992448091507,0.9984040856361389,383.9965181350708,145.25109577178955,0.9976036548614502,470.2444429397583,101.17965433001518,0.99568772315979,361.17339515686035,93.94872599840164,0.995809018611908,458.0117063522339,49.73556666076183,0.989966869354248,371.08948945999146,38.493184596300125,0.9883819222450256,432.00199031829834,261.5286474227905,0.9992685317993164,390.72197580337524,256.64149725437164,0.999095618724823,422.8147006034851,337.8063167333603,0.968172550201416,390.06469202041626,322.87394511699677,0.9698545932769775,415.7180423736572,406.6343820095062,0.9566481113433838,385.36688709259033,384.65512692928314,0.9629062414169312
295,22.09969999967143,151.81202467145613,150.91483184020012,128.78791590740067,134.4483129091224,179.549021656665,175.46737316531772,178.2405241211816,177.57926941843914,411.7206611633301,116.22553417086601,0.9997321367263794,417.55041551589966,109.04465743899345,0.9991384744644165,404.5194764137268,108.95612871646881,0.9991270303726196,425.32088565826416,113.38995113968849,0.9979063868522644,400.7622332572937,112.93933716416359,0.9986474514007568,447.6758632659912,144.90544271469116,0.9984133243560791,384.6625461578369,145.26411616802216,0.9976723790168762,472.8277339935303,109.77619287371635,0.9959661364555359,356.440158367157,100.78761076927185,0.9959426522254944,457.7383098602295,55.768871396780014,0.9904975295066833,369.39346075057983,45.36377631127834,0.9886205196380615,432.5451440811157,261.1836496591568,0.9992202520370483,391.01278495788574,255.0027792453766,0.9991150498390198,423.2563099861145,337.2413113117218,0.9685205817222595,389.7874541282654,312.5029858350754,0.971432626247406,416.9842891693115,406.1124835014343,0.9577561020851135,385.62926483154297,377.8399324417114,0.9639579057693481
296,30.425799952354282,139.40673810650972,142.17381933940922,114.68335966822364,121.95000068047479,178.945914477793,174.80897107873994,178.37649613447766,178.5125523211255,413.44964504241943,115.56989169120789,0.9997416138648987,419.6880536079407,108.8987193107605,0.9991607069969177,406.0719075202942,108.72512352466583,0.9991582036018372,427.2626123428345,113.42273005843163,0.9979166388511658,401.4840121269226,112.94536301493645,0.9987272620201111,449.0776205062866,146.3830297589302,0.9984785914421082,385.06925439834595,145.41746908426285,0.9978047609329224,475.47309398651123,123.13427180051804,0.9961962699890137,351.9461750984192,107.48030099272728,0.9961853623390198,459.52638053894043,69.9466440975666,0.9909870624542236,367.89192819595337,55.08106255531311,0.9890227317810059,432.9619359970093,260.56622076034546,0.9991939067840576,391.2550964355469,252.7598521709442,0.999146044254303,423.5803270339966,337.19982838630676,0.968767523765564,389.5476951599121,304.42253363132477,0.9730381369590759,417.14780139923096,405.81107699871063,0.9588931202888489,385.6668953895569,370.12484908103943,0.9647935032844543
297,21.9486000132747,120.49249457041884,123.94648436131062,95.423970840425,102.21587277476978,178.82439244957186,175.16630693801537,179.33521321813205,178.4934560734565,413.7154598236084,115.57573235034943,0.9997523427009583,420.4986901283264,108.92564332485199,0.9992005228996277,406.51058530807495,108.94186896085739,0.9992038607597351,427.9035701751709,113.42526575922966,0.9979859590530396,402.1239085197449,113.11870238184929,0.9988172054290771,449.39210987091064,148.5365662574768,0.9985812306404114,386.28525972366333,146.29825472831726,0.9979348182678223,476.241171836853,137.4012926220894,0.9964104294776917,345.5183753967285,121.95474356412888,0.9963500499725342,459.9373598098755,84.41011050343513,0.9915140271186829,362.84339332580566,70.55526927113533,0.9891073107719421,433.71596240997314,260.5469608306885,0.999174952507019,392.02206230163574,252.109117269516,0.9991811513900757,424.6098222732544,337.01164519786835,0.9683417081832886,390.89913511276245,289.28160774707794,0.9740311503410339,417.11777782440186,406.8103140592575,0.9594898819923401,386.66227293014526,364.1991157531738,0.9647853374481201
298,23.65069999359548,93.1013225609244,107.30367745279736,68.07780228836317,82.49357013108329,178.35994355122241,172.6077832443905,179.19271546844317,178.3289867692136,414.80146408081055,115.07418355345726,0.9997620582580566,421.6081471443176,108.75220423936844,0.9992348551750183,407.5708875656128,108.79340225458145,0.9992409348487854,428.84456157684326,113.18987295031548,0.998036801815033,402.64469623565674,113.10380870103836,0.9988951086997986,450.5598449707031,150.19266378879547,0.9986512660980225,386.9482045173645,147.15151804685593,0.9980446100234985,474.915433883667,152.50577849149704,0.9961622357368469,342.7881760597229,135.7773472070694,0.9963229894638062,459.79876613616943,101.46274822950363,0.9912351965904236,361.2186074256897,90.04557019472122,0.9880368709564209,434.0242347717285,260.48496437072754,0.9991844892501831,392.1407413482666,251.0858622789383,0.9992326498031616,424.7924404144287,336.92312359809875,0.9689151644706726,389.98227882385254,278.3166106939316,0.9753285646438599,417.0997838973999,409.1527887582779,0.9614299535751343,386.0865683555603,356.2665034532547,0.9654418230056763
299,22.30860001873225,62.03243583590564,85.54213434967858,28.881854501276138,61.77127084722792,177.99421420308298,169.5529682085402,178.97916147590507,175.26736377191162,413.9917879104614,115.50755333900452,0.9997279047966003,421.11460304260254,109.00526860356331,0.9991265535354614,407.12589168548584,109.00229129195213,0.9991123676300049,429.7154474258423,113.19566375017166,0.9975231885910034,403.8703556060791,112.9584190249443,0.9987665414810181,451.0207118988037,151.82052671909332,0.9987360835075378,386.955331325531,149.39940255880356,0.9981509447097778,474.5061731338501,169.4019791483879,0.9962062835693359,340.35646867752075,155.71828347444534,0.9958201050758362,454.0639600753784,124.12591600418091,0.9916155338287354,357.4526958465576,110.00798869132996,0.9872230291366577,434.1390218734741,260.2271206378937,0.9991690516471863,392.6689338684082,249.57333099842072,0.9992725253105164,424.88493728637695,337.31296622753143,0.9691171646118164,390.18215799331665,269.3063825368881,0.9765257239341736,417.46828031539917,410.01675045490265,0.9632327556610107,386.8224997520447,347.8287453651428,0.9654399752616882
300,23.123099992517382,43.229684018232845,73.34786498415865,4.858580866855681,48.10613759671807,177.3033569958908,156.7715896639261,179.96490715556192,161.5564478271318,415.5068917274475,117.60600244998932,0.9997527599334717,422.93537616729736,110.66349583864212,0.9992047548294067,410.03029346466064,110.56575739383698,0.9991934299468994,431.9622621536255,114.0567692220211,0.9977335929870605,406.510130405426,113.28667119145393,0.9988821744918823,450.6317195892334,153.6973299384117,0.998845636844635,388.85169410705566,150.71339416503906,0.9983211159706116,473.96028995513916,187.9387354850769,0.9962730407714844,342.56876134872437,166.99598371982574,0.995684027671814,454.4069061279297,153.24826872348785,0.9920444488525391,358.53339290618896,128.4762241244316,0.986961841583252,434.07841873168945,258.64706563949585,0.9992021918296814,393.46195554733276,247.39727234840393,0.9993315935134888,425.1940689086914,339.553528547287,0.97067791223526,389.8155822753906,257.1507742404938,0.9784084558486938,417.4844546318054,410.16065859794617,0.9658718109130859,386.80680561065674,341.0094481706619,0.9672898054122925
301,23.8658000016585,35.632083421973185,59.850258806425295,9.572397283863713,25.449393773160818,175.12524429916385,67.62746152204149,177.72691979077348,73.26726095235217,417.52056884765625,117.99880102276802,0.9997729659080505,425.06578636169434,111.53445920348167,0.9992708563804626,412.6199026107788,111.38418331742287,0.9992625117301941,433.24483489990234,114.58531326055527,0.9979052543640137,407.87567234039307,113.49405732750893,0.9989778399467468,452.16494369506836,158.66196143627167,0.9989410042762756,388.2281994819641,152.60979920625687,0.998466968536377,471.16375064849854,198.54608476161957,0.9956464767456055,343.1582899093628,182.5911846756935,0.9931723475456238,452.8376941680908,172.41571652889252,0.9920523166656494,358.9440941810608,156.23379999399185,0.9842007160186768,434.2794351577759,258.4523010253906,0.9992191195487976,393.9922456741333,247.31533217430115,0.9993772506713867,426.61382007598877,341.29692256450653,0.9717736840248108,390.31453466415405,246.0569123029709,0.9799745678901672,417.42999267578125,410.49861907958984,0.9681779146194458,387.1293821334839,330.62666511535645,0.9686295390129089
302,21.836799976881593,31.679337228949795,55.24250253647048,32.298877961251435,10.643249640549252,173.75862665518255,26.69278337266374,176.51266657646283,32.89542598950494,418.8993787765503,117.72193241119385,0.9997930526733398,425.9908561706543,111.45607328414917,0.9993371367454529,413.94248151779175,111.32849049568176,0.9993302822113037,433.26636695861816,114.75709986686707,0.9980942010879517,408.9537663459778,113.74995654821396,0.9990711808204651,453.42952251434326,160.74203383922577,0.9990343451499939,387.9843716621399,156.98080605268478,0.9985984563827515,471.10370349884033,207.8780335187912,0.9950352907180786,349.21951389312744,188.7014970779419,0.9859331250190735,445.3537874221802,188.37028896808624,0.991873562335968,359.14273500442505,183.28001207113266,0.9744800925254822,434.1481704711914,258.791344165802,0.999230682849884,395.1594247817993,247.43314254283905,0.9994184970855713,427.1088047027588,341.1747245788574,0.9722458124160767,389.7046871185303,238.43630516529083,0.9812676906585693,416.91559886932373,410.4439733028412,0.9700107574462891,387.11171674728394,327.52231204509735,0.9698789715766907
303,28.278300014790148,27.629501224861723,45.823189480473374,54.90624128518923,19.40314737790219,173.5147958168388,22.00325433350306,176.23945783527546,29.995179869322914,419.6240134239197,117.98432046175003,0.9998107552528381,426.99472522735596,112.07783281803131,0.9993954300880432,414.86383628845215,111.72706562280655,0.9993910193443298,433.94619369506836,115.99210011959076,0.9982559680938721,409.71259450912476,114.71068799495697,0.9991550445556641,453.27925300598145,162.54842150211334,0.9991247653961182,387.7937421798706,160.24154633283615,0.9987243413925171,468.1525478363037,213.29541581869125,0.9940859079360962,354.225869178772,199.0909327864647,0.9824699759483337,439.89500617980957,203.6985575556755,0.9917352795600891,363.70502948760986,193.66916286945343,0.971503496170044,434.0569877624512,258.79615914821625,0.9992715120315552,395.442298412323,247.7620143890381,0.9994603991508484,427.04799938201904,342.1050988435745,0.9731248021125793,389.70602655410767,236.5028475522995,0.9824510216712952,416.67035579681396,410.97074377536774,0.9718518853187561,385.4170527458191,318.41128265857697,0.9700606465339661
304,26.729099976364523,24.126117189911987,40.90092907619345,69.85661948871972,56.978193060368575,172.30218350702054,6.469680866187909,175.70025176970043,16.829205740798763,420.26552724838257,118.60927098989487,0.9998284578323364,427.66590881347656,112.9259819984436,0.9994527697563171,415.47067642211914,112.38447454571724,0.9994499087333679,434.43445587158203,116.90408343076706,0.9984192848205566,410.03026819229126,115.50043770670891,0.9992372393608093,453.35304832458496,164.12209451198578,0.9992082715034485,387.62077808380127,159.82345485687256,0.9988486766815186,465.0197343826294,218.15876173973083,0.9931867718696594,355.97921562194824,203.2165464758873,0.9790830612182617,438.2589740753174,214.41680812835693,0.9916312098503113,367.4889602661133,203.83528596162796,0.9695485234260559,433.2291660308838,259.2645800113678,0.9993197917938232,395.19270849227905,249.9577318429947,0.9995086193084717,427.10289096832275,341.80161249637604,0.9706824421882629,390.83309841156006,228.08372259140015,0.9821140170097351,416.67571353912354,411.20092272758484,0.9716666340827942,382.6723976135254,311.95290970802307,0.968177855014801
305,39.26719998707995,23.236814501727856,39.24156106983202,79.74429986538394,75.28051429090272,170.78630077486739,15.181780893986929,175.36967247649707,3.2305482621392585,421.3201937675476,119.45922935009003,0.9998452067375183,428.23908615112305,114.12142246961594,0.9995065927505493,415.9981360435486,113.35999283194542,0.9995043873786926,434.9691686630249,117.83708599209785,0.9985741972923279,410.3352298736572,116.61096069216728,0.9993128776550293,453.8139657974243,165.91047585010529,0.9992861151695251,387.559871673584,160.77522587776184,0.9989635348320007,463.66715717315674,220.1270781159401,0.9932253956794739,356.4676547050476,205.78194916248322,0.9787089228630066,439.5864305496216,220.14585369825363,0.9917846918106079,368.63048791885376,210.1892963051796,0.9695400595664978,432.3298234939575,259.441765666008,0.9993796944618225,394.83803606033325,251.16543769836426,0.9995571970939636,427.0518407821655,340.5595179796219,0.971476137638092,397.22617387771606,238.3777418732643,0.9825319051742554,416.69974756240845,411.0633111000061,0.9682813286781311,380.472993850708,306.53907454013824,0.966637372970581
306,22.769700037315488,23.88051494147509,39.653561016353486,80.12492014027497,78.40589948488544,169.71366427228205,7.562922093441646,175.1371248470814,8.564854181315086,421.7992820739746,120.0726979970932,0.999860405921936,428.45076751708984,115.1362227499485,0.999555230140686,416.29460620880127,114.18168810009956,0.9995535612106323,435.1547689437866,118.56204000115395,0.9987140893936157,410.6665253639221,117.48265770077705,0.9993811845779419,454.14351749420166,166.83320027589798,0.9993559718132019,387.40500259399414,161.63445806503296,0.9990667700767517,463.9081039428711,220.65051513910294,0.9933304190635681,356.3507194519043,205.64194428920746,0.9781786799430847,439.4160442352295,220.8252505660057,0.9920687675476074,368.50273609161377,210.95480728149414,0.9700772166252136,431.65489959716797,259.8136304616928,0.9994329810142517,394.495747089386,252.86045396327972,0.9996006488800049,426.9913387298584,340.44136571884155,0.9716517329216003,395.9530529975891,226.1112892627716,0.9826213121414185,416.92285203933716,410.54397678375244,0.9666453003883362,379.8683776855469,303.8956207036972,0.9646754860877991
307,23.433400026988238,24.80141645879925,39.980201500331056,72.27870384225281,70.90160821022626,169.5341637033244,8.315380925713383,175.18514854467261,7.680300491373333,421.5549235343933,120.5091661810875,0.9998738765716553,428.3061590194702,115.46121981739998,0.999598503112793,416.3037042617798,114.4549525976181,0.9995976090431213,435.07561588287354,119.16807249188423,0.9988383650779724,411.02395248413086,117.99408575892448,0.999442458152771,454.3317461013794,166.88377183675766,0.9994186758995056,387.3280735015869,161.95942664146423,0.9991597533226013,464.6949338912964,220.0406648516655,0.9933175444602966,356.04156255722046,205.80032587051392,0.9782430529594421,439.43848609924316,217.07836800813675,0.9920891523361206,368.30917501449585,209.41429781913757,0.9702891707420349,431.54365062713623,259.87249290943146,0.9994791150093079,394.480507850647,253.51133131980896,0.9996398687362671,426.9221429824829,339.929923415184,0.9720732569694519,396.3425507545471,225.82952731847763,0.9829127192497253,416.9225993156433,410.0261809825897,0.9641793370246887,379.8085832595825,306.8897420167923,0.9638689756393433
308,22.021499986294657,28.66904885543229,42.805291994710494,59.67341544759195,35.544550865717255,169.80149537123364,7.836636471918639,175.4395476157397,7.564301339476199,421.413423538208,120.74394643306732,0.9998853802680969,428.2663803100586,115.54284659028053,0.9996359348297119,416.3217487335205,114.47049444913864,0.9996365308761597,434.95617866516113,119.71670269966125,0.9989452958106995,411.0915307998657,118.31609126925468,0.9994970560073853,454.19744873046875,166.4487566947937,0.9994738698005676,387.2977213859558,161.67451643943787,0.9992431402206421,467.6404790878296,216.37595039606094,0.9931964874267578,354.1938238143921,203.47770941257477,0.9784166216850281,440.44230461120605,208.95734459161758,0.9918476939201355,364.0581350326538,200.63429135084152,0.9702534079551697,431.5990982055664,259.8634897470474,0.9995119571685791,394.4109077453613,253.4977695941925,0.9996744394302368,426.8566370010376,339.6673501729965,0.9726791977882385,396.13198137283325,224.58850121498108,0.9833037257194519,417.0578064918518,409.73266649246216,0.9635600447654724,379.91788625717163,308.226398229599,0.9636772274971008
309,23.494500026572496,35.550368991653635,49.08673973948109,43.97827665726867,8.539927263534848,170.15560224566403,4.163196518179141,175.67231915371593,11.196172273733909,421.156277179718,121.05194860696793,0.9998964071273804,428.084267616272,115.67170435190201,0.9996713995933533,416.07546949386597,114.87050125002861,0.9996723532676697,434.8842535018921,120.00407737493515,0.9990482926368713,411.0882201194763,118.88126051425934,0.9995468258857727,454.2293424606323,166.04072254896164,0.9995250701904297,388.1595091819763,161.28418946266174,0.9993184804916382,473.3437957763672,213.06750190258026,0.9936114549636841,352.56514596939087,196.96734035015106,0.9793276190757751,442.55477142333984,199.42239731550217,0.9922817349433899,362.7283282279968,189.4383460879326,0.9703527092933655,431.823769569397,259.86682319641113,0.9995530843734741,394.85347747802734,253.36027193069458,0.9997063875198364,426.83965396881104,339.3916140794754,0.9742677211761475,394.8555245399475,230.29774552583694,0.9841684103012085,417.03998947143555,409.88808500766754,0.9637696743011475,378.9849314689636,310.44086277484894,0.9643943905830383
310,29.680499981623143,42.8480492626792,59.3784064788079,26.537688272868806,25.99081703243293,171.23945011486998,0.5600874179220536,176.22921206464903,16.444450843769303,420.9786376953125,121.16332000494003,0.9999062418937683,427.95689487457275,115.58515575528145,0.9997029900550842,415.8530979156494,114.92013972997665,0.9997043609619141,434.79772090911865,119.94317781925201,0.9991406798362732,410.9422721862793,119.02109444141388,0.9995916485786438,454.48863697052,165.519422352314,0.999566912651062,388.3577456474304,160.94073021411896,0.999384880065918,479.991641998291,209.8931179046631,0.9938755035400391,346.8252854347229,190.05093151330948,0.9792442917823792,449.95098304748535,189.95309334993362,0.992116391658783,357.2790241241455,188.38850897550583,0.9647443890571594,432.6674118041992,260.334446310997,0.9995816349983215,395.48917865753174,253.5139809846878,0.9997329115867615,426.80548572540283,340.1564555168152,0.9740310907363892,393.72274112701416,233.1812789440155,0.9832764863967896,417.04016637802124,409.8972591161728,0.9649049639701843,377.42714262008667,313.42543959617615,0.9626310467720032
311,29.468499997165054,54.872852072175874,75.97956173185028,1.169840170842483,33.2148537925383,171.63280388906705,4.031125460137797,176.37094947171198,18.720084305115265,420.8646340370178,121.41944003105164,0.999915361404419,427.88421154022217,115.77363809943199,0.9997320771217346,415.73211908340454,115.13805329799652,0.9997335076332092,434.72422885894775,120.1255773305893,0.9992252588272095,410.80069637298584,119.08277037739754,0.9996322393417358,454.40003204345703,165.35240799188614,0.9996013641357422,388.36547899246216,159.55430018901825,0.9994423389434814,484.5940942764282,198.7484279870987,0.9940612316131592,343.8330874443054,174.51484942436218,0.9798114895820618,458.71114444732666,171.26986467838287,0.99122554063797,355.3435649871826,159.89577931165695,0.9612168073654175,432.9053258895874,260.30347657203674,0.999610960483551,395.839478969574,253.48890888690948,0.999756395816803,426.7746534347534,340.19300949573517,0.9748702049255371,392.8088164329529,233.40296757221222,0.9837261438369751,416.9707431793213,409.7990220785141,0.9669862389564514,377.509859085083,318.94705629348755,0.9641590714454651
312,22.14549999916926,63.309780526508874,85.89849324162785,20.045849690555944,59.98196403046776,172.19519150163214,27.43929609972205,176.2468038116952,41.45471429828187,420.7971568107605,121.58534324169159,0.9999232292175293,427.81789684295654,115.90052998065948,0.9997572898864746,415.68053817749023,115.32499000430107,0.9997591972351074,434.66438388824463,120.08170115947723,0.9992985725402832,410.71012020111084,119.06765589118004,0.9996683597564697,454.3780450820923,158.82138293981552,0.9996321797370911,388.6064510345459,157.09155064821243,0.9994944930076599,486.8774528503418,184.97001391649246,0.9943239688873291,339.67431688308716,164.4129735827446,0.9815469980239868,468.90465354919434,155.2165850996971,0.9908707141876221,352.0385203361511,133.03800684213638,0.9638280868530273,432.9129581451416,258.696013212204,0.9996235966682434,395.94569873809814,252.29567646980286,0.9997739791870117,426.76136016845703,340.04046857357025,0.9749518632888794,391.9987864494324,245.94172310829163,0.9842669367790222,416.9346036911011,409.2782632112503,0.9682145714759827,377.4273953437805,332.02691328525543,0.9651353359222412
313,24.195700010750443,79.35274939308586,96.30163837701454,35.28490600070632,69.56156573191066,172.40641915439312,117.27674659286717,176.24676047513987,128.5721316944606,420.42315101623535,121.49499821662903,0.999924898147583,427.4703006744385,115.67077839374542,0.9997603893280029,415.0954575538635,115.25922560691833,0.9997633099555969,434.52452659606934,119.48167315125465,0.9993138909339905,410.24177265167236,118.90685257315636,0.9996906518936157,454.31157875061035,157.11346024274826,0.999657392501831,388.6875247955322,153.27949488162994,0.9995146989822388,493.57902812957764,173.42646396160126,0.9948118329048157,337.6201786994934,151.3857964873314,0.9831364750862122,470.31833934783936,136.42537546157837,0.9914159774780273,353.12619256973267,114.06547322869301,0.9660941362380981,432.9053258895874,258.5848127603531,0.9996294379234314,395.78660917282104,250.46270668506622,0.9997805953025818,426.75251483917236,340.0571928024292,0.9752342700958252,386.3646149635315,256.2262691259384,0.9848270416259766,416.94590044021606,409.20401561260223,0.9699324369430542,375.83078813552856,340.5875531435013,0.9657952785491943
314,21.75900002475828,92.94155664045566,107.03630001637502,53.01099527882758,81.80654076232383,172.6346459545984,137.84629395718622,176.34257380607247,145.42748784911197,419.2081060409546,120.5685984492302,0.9999241232872009,426.2480278015137,114.58802703022957,0.9997594952583313,414.1728138923645,114.20675307512283,0.9997587203979492,433.7915267944336,118.44240620732307,0.999329149723053,409.6293978691101,117.95192617177963,0.9997056722640991,454.02094650268555,155.43451291322708,0.9996779561042786,388.79761123657227,150.96478468179703,0.9995012283325195,496.43414878845215,161.8932562470436,0.9952782392501831,338.6341314315796,139.27159988880157,0.9843866229057312,472.5331087112427,117.56065186858177,0.9919805526733398,354.2253131866455,99.31296542286873,0.9673483967781067,432.94106101989746,258.1266201734543,0.9996442794799805,395.56926679611206,249.91647684574127,0.9997867941856384,426.8760461807251,340.03593850135803,0.9758928418159485,380.1394238471985,269.49698746204376,0.9856353402137756,417.30921602249146,409.04945182800293,0.9716081023216248,375.11962366104126,347.8372926712036,0.9662799835205078
315,23.0285000288859,103.80851361760065,115.02163715058313,68.59095413182365,92.10368932693981,173.1263374416409,147.1876853871326,177.04690454961874,153.14715493393868,419.1414375305176,119.4643434882164,0.9999286532402039,426.19096279144287,113.37306308746338,0.9997723698616028,414.0529975891113,112.88962033390999,0.9997717142105103,433.38615798950195,117.26361161470413,0.9993736743927002,409.09519052505493,116.62914508581161,0.9997296333312988,453.69033336639404,153.34576499462128,0.9996952414512634,388.81075286865234,148.37792825698853,0.9995059967041016,495.7268257141113,151.4701868891716,0.9956779479980469,339.8627223968506,129.09241366386414,0.9857543110847473,474.7216958999634,104.21148350834846,0.9923661351203918,354.3077516555786,88.07522383332253,0.969524085521698,432.9381799697876,257.63779973983765,0.9996511936187744,395.01534700393677,249.3246328830719,0.9997897148132324,426.7015657424927,339.0589529275894,0.9758209586143494,376.2584218978882,282.7557680606842,0.9864283800125122,417.7045011520386,408.9703322649002,0.9723740220069885,372.9924736022949,359.3288892507553,0.9664717316627502
316,21.4892000076361,115.64322695853521,122.04007199263575,80.05119378289237,99.61512528177445,173.49407897690782,154.24881732633023,177.47134249326902,158.57095959065475,418.6230254173279,117.73381316661835,0.9999329447746277,425.8358860015869,111.82637107372284,0.9997841715812683,413.0144295692444,110.97573605179787,0.999784529209137,433.00494956970215,115.75112307071686,0.9994167685508728,408.176034450531,114.74074602127075,0.9997528195381165,453.513578414917,150.9806826710701,0.9997056126594543,388.7584137916565,146.1083620786667,0.9995235800743103,496.4378385543823,139.71677207946777,0.9960440397262573,340.43660736083984,119.50307703018188,0.9870743751525879,473.25407886505127,89.20134565234184,0.992620587348938,357.3151636123657,71.09273812174797,0.9719798564910889,432.9326705932617,257.4599018096924,0.9996629953384399,394.5290307998657,249.20944368839264,0.9997950196266174,426.6102819442749,339.00091671943665,0.9763613343238831,374.57404375076294,297.2719428539276,0.9872923493385315,418.07084941864014,408.9294761419296,0.9730926156044006,373.24044609069824,365.57067346572876,0.9667051434516907
317,23.57250003842637,125.85920968607161,129.87651717134636,91.85074284019774,110.2701757830622,173.39127781996677,161.7620265797707,177.9554775892267,167.8463406710369,418.3026728630066,117.00308972597122,0.9999373555183411,425.7418727874756,111.06110227108002,0.9997972846031189,412.5827269554138,110.1818907558918,0.9997975826263428,432.820764541626,114.89055892825127,0.9994614124298096,407.85128450393677,113.50533977150917,0.9997740983963013,453.49674701690674,149.0595331788063,0.9997169375419617,388.73675537109375,143.60672229528427,0.9995381236076355,494.26845836639404,130.24224001169205,0.9963724613189697,343.887574672699,109.8690237402916,0.9882594347000122,471.29809856414795,75.92703032493591,0.9928680658340454,358.9390902519226,59.64257460832596,0.9741775393486023,432.5990753173828,255.7280466556549,0.9996730089187622,394.06151723861694,247.84475231170654,0.9997923970222473,426.1474437713623,338.14823746681213,0.9765987992286682,377.0580143928528,309.94078838825226,0.9878665208816528,418.084041595459,408.6969609260559,0.9732549786567688,373.6093215942383,372.40697979927063,0.9658361673355103
318,22.268200002145022,135.67440032679892,140.3415537325854,101.72743737369676,127.39370899953839,173.56973790937067,164.69177526653854,179.0284623263365,171.16404353393273,418.30090379714966,117.15715491771698,0.9999396204948425,425.8000497817993,111.17414039373398,0.9998051524162292,412.431143283844,110.39710479974747,0.9998036623001099,432.7533884048462,114.48966890573502,0.9994959831237793,407.36941623687744,113.61819270253181,0.999789297580719,453.0650444030762,148.46381443738937,0.9997239112854004,388.8970832824707,143.62606769800186,0.9995231628417969,492.61069202423096,121.28145802021027,0.9966607689857483,351.0342721939087,101.92985850572586,0.9892945885658264,469.5412645339966,66.33676061034203,0.9931570887565613,360.59905529022217,49.63475474715233,0.9761607050895691,432.0505132675171,254.87693440914154,0.9996834397315979,393.57444286346436,247.3083518743515,0.9997819662094116,425.14372634887695,338.15943443775177,0.9770826101303101,377.75810956954956,317.3471715450287,0.9884163737297058,418.10799980163574,408.4949880838394,0.9739865660667419,373.65582275390625,377.6882462501526,0.9654350280761719
319,28.812000004108995,141.14906014882143,147.02783551843538,106.47875458374602,140.17463070357425,173.64284249855393,167.94611583879725,178.91710643990908,176.6743343618315,418.095338344574,116.91438293457031,0.9999347925186157,425.82223892211914,110.71992230415344,0.999787449836731,411.99956703186035,110.4607038795948,0.999788224697113,432.67413425445557,113.56867530941963,0.9994704127311707,406.9378399848938,113.10614496469498,0.9997838735580444,452.70673274993896,147.53400999307632,0.9997071027755737,388.883638381958,142.6767326593399,0.9994829297065735,492.36453914642334,114.24835708737373,0.9968685507774353,357.6768112182617,98.58476343750954,0.990247905254364,468.56489181518555,59.58782555162907,0.9933971762657166,361.96184253692627,44.56956063210964,0.9781842827796936,431.6264934539795,254.5694878101349,0.9996961951255798,393.1263384819031,247.5156525373459,0.9997732639312744,424.6594066619873,337.8093937635422,0.9767537117004395,380.1669201850891,323.0419566631317,0.9884162545204163,417.42963886260986,408.16266882419586,0.9731451272964478,373.80510663986206,379.6625030040741,0.9622361660003662
320,21.955500007607043,147.95953928594852,154.0168960794204,118.83390967238387,152.52053758894587,173.23112957281876,170.10612976397894,178.1528437227356,178.7405251860957,417.4325451850891,116.98550364375114,0.9999324083328247,425.4878854751587,110.5995192527771,0.9997835755348206,410.75108671188354,110.56805092096329,0.9997844099998474,431.98490619659424,113.27448415756226,0.9994737505912781,406.10415506362915,113.0188057422638,0.9997836947441101,451.47682762145996,145.75357764959335,0.9996823668479919,388.7039771080017,142.11622881889343,0.9994580745697021,486.28279399871826,108.6004610657692,0.9970278143882751,363.38136625289917,94.44164201617241,0.99106365442276,468.06758213043213,52.653762966394424,0.9935480952262878,362.8934326171875,38.054219886660576,0.9799812436103821,430.2453079223633,254.05821645259857,0.9997037649154663,392.374662399292,247.64597046375275,0.9997645616531372,423.97672414779663,336.992755651474,0.9762119054794312,381.76726770401,324.0723913908005,0.9880210757255554,416.3046646118164,407.96571040153503,0.9717417359352112,374.88825511932373,383.1443620920181,0.9585546255111694
321,26.033700036350638,155.0950800334297,160.43479562537513,129.6252671449913,161.10819170444927,173.45256917730984,171.3620972552131,178.71854649993944,176.2960766167091,416.2788362503052,117.0493448972702,0.9999322295188904,424.5329942703247,110.62397167086601,0.9997900724411011,409.0804567337036,110.62579509615898,0.9997870922088623,431.0911741256714,113.45157009363174,0.9995031356811523,404.63967180252075,113.09948518872261,0.9997831583023071,450.02316093444824,145.50755769014359,0.9996657371520996,386.7393789291382,142.42668122053146,0.9994111061096191,480.19897651672363,103.4582450389862,0.9971832036972046,367.5949020385742,94.81647700071335,0.9915997385978699,465.8822298049927,48.926403880119324,0.9936814904212952,364.4758367538452,35.571815103292465,0.9813754558563232,429.36446475982666,254.222638130188,0.9997013807296753,391.0601706504822,248.1512302160263,0.9997425079345703,423.26803636550903,337.003297328949,0.975782036781311,382.15820598602295,328.814949631691,0.9873670935630798,416.31601190567017,409.28971660137177,0.9711042642593384,378.9497776031494,399.6420018672943,0.9575653076171875
322,32.351600006222725,161.58313993624938,165.62393031540608,139.8623286473563,169.49871061873395,173.25809026319524,174.16381839252998,178.79636391504096,174.72220431049027,414.28818225860596,117.03952261805534,0.9999324679374695,422.4652090072632,110.50484359264374,0.9997984766960144,407.2407293319702,110.68923035264015,0.9997902512550354,429.47379302978516,113.54425138235092,0.9995355010032654,403.20852279663086,113.22649815678596,0.9997807145118713,447.3427734375,145.30628287792206,0.9996514320373535,385.5738172531128,142.02245062589645,0.9993603229522705,472.7344789505005,99.35439848899841,0.9973374605178833,371.2289423942566,91.75293731689453,0.9920011758804321,462.14707469940186,45.95199479162693,0.9938089847564697,365.4209222793579,30.59876450896263,0.9826154708862305,427.1211881637573,254.33856809139252,0.9997053742408752,388.4646224975586,248.8190597295761,0.9997309446334839,421.66996335983276,337.1753830909729,0.9758203029632568,382.2539882659912,331.69527781009674,0.9869927763938904,415.38090896606445,409.51533699035645,0.9709271192550659,383.5039596557617,403.87380158901215,0.958055853843689
323,24.205499968957156,161.54847154057967,171.00331347195697,143.66873737836687,173.45798138865246,174.48191028471396,174.7486001217536,178.40304320592728,174.38670740514422,413.08779525756836,116.68531513214111,0.9999339580535889,420.7959942817688,110.05896624922752,0.999809741973877,405.7634582519531,110.300726801157,0.9997982382774353,427.8937644958496,113.45986098051071,0.9995695352554321,401.0984568595886,113.15725073218346,0.9997830986976624,444.1841821670532,145.4040925502777,0.9996275901794434,383.5765166282654,142.45105528831482,0.9992660880088806,468.4646110534668,98.98818203806877,0.9974020719528198,373.4848551750183,91.58848714828491,0.9920844435691833,460.19023513793945,45.0216027200222,0.993721604347229,368.5881061553955,31.77650137245655,0.9832147359848022,426.65845108032227,254.05821645259857,0.9996950030326843,387.7227773666382,249.1364781856537,0.9996983408927917,421.3680090904236,337.11321568489075,0.9754779934883118,383.3195471763611,332.43860852718353,0.9857090711593628,414.68018198013306,410.0127332210541,0.9704062938690186,386.6607313156128,406.37209367752075,0.9581310153007507
324,41.023299971129745,162.93571870353716,173.66235705116492,145.90972218306007,174.07319116243985,175.10707710933949,175.29267887226405,178.53012299961154,172.57887001055914,412.20493030548096,116.59251987934113,0.9999359846115112,419.70081615448,109.67260664701462,0.9998214244842529,404.8301749229431,109.8658754825592,0.9998078942298889,426.55114459991455,113.47177734971046,0.9996033906936646,399.5817861557007,113.07432049512863,0.9997873902320862,441.70223331451416,145.53496605157852,0.9995982050895691,381.89277029037476,142.6573587656021,0.999120831489563,464.9784393310547,96.51584526896477,0.9974697828292847,373.71422719955444,91.11417576670647,0.9920154809951782,457.10503482818604,45.00321888923645,0.9936735033988953,370.5162615776062,31.86153994500637,0.9837684631347656,425.7932767868042,254.1102695465088,0.9996729493141174,386.98725032806396,251.55317199230194,0.9996537566184998,420.8053197860718,337.01606130599976,0.9752636551856995,383.9276509284973,337.92378520965576,0.9838897585868835,414.5229878425598,410.10324919223785,0.9700396656990051,390.7213945388794,409.89694571495056,0.9586977362632751
325,39.84939999645576,162.93565815122676,174.53926727719002,145.84969344165395,172.52654167319756,174.4395726466546,176.81853391681773,177.71236351756357,173.86850745194081,411.5029649734497,115.8634417951107,0.999936044216156,418.5619421005249,108.750736951828,0.9998285174369812,404.0293188095093,108.69242295622826,0.99981290102005,425.0682125091553,113.23134875297546,0.9996280670166016,398.35721349716187,112.55243623256683,0.9997833967208862,439.96784114837646,145.62380105257034,0.999531626701355,380.26454734802246,142.8053553700447,0.9989133477210999,463.47291374206543,95.62951099872589,0.9974232316017151,373.0343246459961,92.28522792458534,0.9919811487197876,455.4318017959595,44.68443286418915,0.9932824373245239,372.3502016067505,33.88554558157921,0.9839345812797546,424.4562168121338,254.3901083469391,0.9996362328529358,385.4331259727478,253.06379437446594,0.9995930790901184,420.7696352005005,336.9732393026352,0.9743185043334961,384.69749784469604,337.768452167511,0.981957197189331,414.5737600326538,410.0895450115204,0.9688379764556885,391.92382860183716,411.02179968357086,0.9588164687156677
326,22.87900005467236,162.7525701764487,175.57889851881947,145.62669159141967,170.91911884850583,174.15123523923458,177.36192795506778,177.3407266261764,174.696232995287,410.01422023773193,115.55680006742477,0.999934196472168,416.93811655044556,108.36206245422363,0.9998326301574707,402.7441430091858,108.23861798644066,0.9998130202293396,423.49015522003174,113.1371360719204,0.9996482729911804,397.19930934906006,112.30922263860703,0.9997720122337341,438.41000175476074,145.87710046768188,0.9994922876358032,378.08624601364136,142.94722640514374,0.9986754059791565,461.73816776275635,95.98543506860733,0.9974163174629211,371.53344917297363,93.92214387655258,0.9916805028915405,453.35203742980957,44.85064947605133,0.9930403828620911,373.04370069503784,34.97931228578091,0.9837884902954102,423.4405708312988,254.98309195041656,0.9996110796928406,384.2919521331787,254.22141301631927,0.999538779258728,420.6075129508972,337.62112510204315,0.9743502736091614,385.12118911743164,339.98340106010437,0.9802559018135071,414.661657333374,411.15573596954346,0.9688771367073059,392.4484324455261,411.4027531147003,0.9591361284255981
327,40.6082000117749,161.7066797913049,177.42985684056072,144.37242445516486,170.39924009032748,174.24110953638638,177.57872763782342,177.46954965930055,175.73428458077757,408.4622187614441,115.49576517939568,0.9999374747276306,415.4649143218994,108.18273285031319,0.9998440742492676,401.1461458206177,108.04824098944664,0.999824583530426,421.9324674606323,113.02197536826134,0.9996762275695801,395.5330514907837,112.07415035367012,0.9997838139533997,436.86308002471924,146.0556679368019,0.9994775652885437,375.83230447769165,143.06091982126236,0.9986220598220825,461.0564203262329,95.86694803833961,0.9974294900894165,370.28954315185547,93.5722171664238,0.9918727874755859,452.27477741241455,45.505287647247314,0.9928121566772461,373.6083359718323,34.40089471638203,0.9842897057533264,422.6288728713989,255.01346337795258,0.9996081590652466,383.27764558792114,254.55609703063965,0.9995228052139282,420.2001223564148,337.6216949224472,0.9742714166641235,385.3511929512024,339.454265832901,0.9788845777511597,414.69562339782715,412.3197365999222,0.9689659476280212,392.46048736572266,411.12539303302765,0.9594263434410095
328,27.25570002803579,159.39548754665842,179.12411293292502,142.70994498290398,170.95838915137637,174.04252940413707,177.7845045380993,177.81122736772474,176.00296560615314,406.1586422920227,115.82379654049873,0.9999376535415649,413.38242053985596,108.21663004159927,0.9998495578765869,399.12716150283813,108.12894180417061,0.9998273849487305,420.05723237991333,113.02097818255424,0.9996941685676575,394.0479965209961,112.11366739869118,0.9997825622558594,435.5428514480591,146.12832003831863,0.9994481801986694,374.4950170516968,143.08445340394974,0.9985443949699402,461.0196237564087,98.15787535905838,0.9975016713142395,370.0741467475891,90.2350283563137,0.9920986890792847,452.6384973526001,47.07573761045933,0.99266517162323,374.3831868171692,32.385607331991196,0.9846002459526062,421.4210305213928,255.33857440948486,0.9995925426483154,382.1334137916565,254.9618946313858,0.9994927644729614,419.3950204849243,337.6214669942856,0.9744458198547363,384.6227927207947,339.31970274448395,0.9785051941871643,414.6760878562927,412.64236891269684,0.9691042304039001,391.76526975631714,411.0385808944702,0.960053563117981
329,42.24599996814504,156.84844271716864,176.90525862233173,141.7654000258159,164.4931917086787,174.57345076276178,177.6221995838628,178.25836454680336,175.5180840522914,404.86477279663086,116.13934883475304,0.999938428401947,412.00009775161743,108.25774970650673,0.9998556971549988,397.85641622543335,108.27210918068886,0.9998319745063782,418.15675020217896,113.01760199666023,0.999712347984314,392.6069407463074,112.13336181640625,0.9997841119766235,433.926531791687,146.39509570598602,0.9994294047355652,373.26351976394653,144.00099527835846,0.9984496235847473,460.78575325012207,99.78072386980057,0.9975822567939758,366.5048289299011,90.49206721782684,0.9922486543655396,453.1559238433838,47.377927616238594,0.9927418828010559,374.8824677467346,33.12098905444145,0.9849140644073486,420.71444034576416,257.2113461494446,0.9995789527893066,381.3812322616577,257.13422095775604,0.9994609355926514,418.7790570259094,337.9919927120209,0.9748384356498718,383.8878722190857,340.3022155761719,0.9778199791908264,414.67722511291504,413.3866968154907,0.9696275591850281,391.6428756713867,411.5925318002701,0.9607419371604919
330,24.194300000090152,154.79373915300354,172.88039425874553,140.09127467054415,154.55341831154686,174.43381923007772,177.90421201822238,178.668005096218,175.51688495224025,402.4459795951843,117.32290142774582,0.999938428401947,409.8090844154358,108.64561221003532,0.9998593330383301,395.44649362564087,109.16986122727394,0.9998331665992737,416.2036762237549,113.01739543676376,0.9997265338897705,390.5198473930359,112.22162699699402,0.9997814297676086,432.516131401062,146.45824605226517,0.9994227886199951,371.71669912338257,144.17890745401382,0.9983980655670166,461.1405267715454,100.44630971550941,0.997698962688446,360.98807287216187,91.02737075090408,0.9924567341804504,453.76994132995605,48.15187905728817,0.9929898381233215,374.9410996437073,35.20919208228588,0.9852976202964783,419.35799646377563,258.8096923828125,0.9995608925819397,380.3066511154175,258.6300280094147,0.9994199275970459,417.79080629348755,339.4305328130722,0.9751870632171631,383.5192747116089,342.39376986026764,0.9774264097213745,414.6060833930969,413.99637615680695,0.9703094363212585,391.74004793167114,412.5903443098068,0.9618589878082275
331,24.927199992816895,152.9793277677016,168.24391128089155,140.78423926004706,144.53057648794444,174.72611361113283,178.12271945306156,179.7960081335447,175.44490011946624,399.8221516609192,117.88008606433868,0.999940037727356,407.2377724647522,108.89356955885887,0.9998648166656494,393.07677936553955,109.80170658230782,0.9998378753662109,413.592408657074,113.00765863060951,0.9997419118881226,388.66910123825073,112.2980968952179,0.9997849464416504,431.27222537994385,146.52581250667572,0.999428927898407,370.2531509399414,144.2217294573784,0.9983862042427063,461.5157709121704,101.06893822550774,0.9977878928184509,355.1055498123169,92.23154371976852,0.9927007555961609,456.3904333114624,48.59857551753521,0.9932143092155457,374.6154146194458,36.287580758333206,0.9854702949523926,418.24138736724854,258.8715463876724,0.9995397329330444,379.23755407333374,258.69464564323425,0.9993777871131897,416.35354137420654,339.4442654848099,0.9753853678703308,382.9957323074341,341.1266887187958,0.9771994948387146,414.344539642334,413.87121510505676,0.9705838561058044,391.8462929725647,411.52720189094543,0.9629411101341248
332,29.201800003647804,150.01913032892432,164.38343498510224,139.07832774029103,135.15641023570063,174.738290904905,178.75197488432556,178.85528539236952,174.46451954316174,398.1784873008728,117.93144112825394,0.9999426603317261,405.61078786849976,108.98477643728256,0.9998704195022583,391.5538411140442,109.84609559178352,0.9998450875282288,412.13030099868774,113.06828752160072,0.9997562170028687,387.4110426902771,112.32475736737251,0.9997940063476562,430.44076442718506,147.3565964102745,0.9994341731071472,368.5366516113281,144.46213668584824,0.9984303116798401,462.00544834136963,105.2487062215805,0.997772753238678,350.5619821548462,95.16529968380928,0.9931361675262451,458.01423358917236,49.10001391172409,0.9933160543441772,374.4727773666382,43.44288323819637,0.9858412146568298,416.83927631378174,260.1677738428116,0.9995241761207581,377.4723801612854,260.1603946685791,0.9993454217910767,414.5883674621582,340.0928635597229,0.975821316242218,382.06116008758545,343.058721780777,0.9773436188697815,413.98574781417847,413.7948876619339,0.9708915948867798,392.63433599472046,412.12397480010986,0.9644224047660828
333,27.09440002217889,141.44070523242374,160.4480902829862,130.6147484063523,124.84014300368392,176.2365427839522,177.9777197683336,176.74802284305025,173.57008840597706,396.75077533721924,117.33820110559464,0.9999449253082275,404.5943331718445,108.91357737779617,0.999874472618103,390.24918031692505,109.55924800038338,0.999851405620575,411.8866500854492,113.09949231147766,0.9997701048851013,386.12627124786377,112.03694820404053,0.9998043775558472,429.40131187438965,148.50545406341553,0.9994460344314575,365.41354274749756,144.84472835063934,0.9985016584396362,464.3496627807617,113.5520935356617,0.9977008700370789,345.7237892150879,102.34879758954048,0.9935176372528076,459.954140663147,56.288138046860695,0.993101179599762,374.0096106529236,53.94346597790718,0.9861199259757996,416.8106679916382,260.10996556282043,0.9995070695877075,376.15647315979004,260.4761891365051,0.9993147850036621,413.07119131088257,340.2032662630081,0.977125883102417,380.98334407806396,344.55601036548615,0.9777324795722961,413.8141736984253,413.74457252025604,0.9717324376106262,392.73651218414307,413.2026733160019,0.9658983945846558
334,23.254400002770126,127.24190053630366,150.66700790070567,114.1811097021921,111.73702068488343,175.86534209059954,178.7069851054145,175.88380518259405,173.25478496028535,395.59747076034546,116.61301916837692,0.9999428391456604,403.3370580673218,108.88940986990929,0.999866783618927,388.9752507209778,109.25859650969505,0.9998441338539124,410.58105421066284,113.11043998599052,0.9997720122337341,384.70758152008057,111.98416146636009,0.9998032450675964,428.55094718933105,149.97831159830093,0.9994460344314575,363.142795085907,146.00817340612411,0.9985479116439819,466.7803087234497,127.49646067619324,0.9976572394371033,340.6684560775757,113.40394023060799,0.9937729239463806,459.8803958892822,64.77446976304054,0.9926491379737854,373.19015407562256,64.61056092381477,0.9856966137886047,415.4606432914734,260.0338660478592,0.9994820952415466,373.6472554206848,260.4196344614029,0.9992732405662537,411.7218236923218,340.86263394355774,0.9787302613258362,379.4494376182556,344.3892239332199,0.9786283373832703,413.59230756759644,413.8609583377838,0.9731653332710266,392.5861415863037,413.9266301393509,0.9677507877349854
335,23.477200011257082,104.4902309713217,132.50512626884577,89.83010772040505,88.80213789462522,175.71247327473515,178.2213792330716,176.20788580585014,172.52066161283847,394.51970529556274,116.80264115333557,0.9999447464942932,402.09444093704224,109.48695915937424,0.9998690485954285,388.0202331542969,109.62115186452866,0.9998483061790466,409.40902280807495,113.8055282831192,0.9997857809066772,383.728150844574,112.24208354949951,0.999813973903656,427.8396816253662,150.49813026189804,0.9994701147079468,362.89120864868164,146.73272854089737,0.9986371994018555,468.88206005096436,144.77491110563278,0.9977227449417114,335.6187334060669,126.23204344511032,0.9941683411598206,460.22308921813965,83.99769586324692,0.992666482925415,371.0865578651428,81.04699486494064,0.986028790473938,415.34110498428345,259.3232145309448,0.9994377493858337,373.9690737724304,260.26464331150055,0.9992426037788391,412.19247102737427,338.9583511352539,0.9800544381141663,379.55292797088623,344.45877051353455,0.9792523980140686,414.0289888381958,407.8100354671478,0.9738019108772278,393.370014667511,413.7720663547516,0.9694551229476929
336,24.021800025366247,82.52189367234382,101.28090433537248,65.8403470677632,53.72076046828219,175.79933047593107,178.56891029836373,173.42088982539647,173.31302762837035,394.36991596221924,116.90245944261551,0.9999458193778992,401.66524028778076,109.51047849655151,0.9998708367347717,387.6802945137024,109.63796156644821,0.9998496770858765,408.2462410926819,113.35269913077354,0.9997990727424622,382.71695280075073,112.0830609202385,0.99982088804245,426.910719871521,150.70490384101868,0.9995014667510986,362.01327180862427,146.9233049750328,0.9987083077430725,469.93399715423584,161.80201375484467,0.9977031350135803,330.01953887939453,143.8067862391472,0.9942323565483093,460.2279415130615,104.9979994893074,0.9922191500663757,367.7611689567566,101.6586026251316,0.9854498505592346,413.81654930114746,257.5780255794525,0.9993553161621094,373.3045620918274,259.70368361473083,0.9991587400436401,410.05038499832153,335.01394033432007,0.9808651804924011,379.62917470932007,344.0907804965973,0.9778685569763184,414.30991649627686,399.2345517873764,0.9737149477005005,393.1176700592041,413.65716207027435,0.9702192544937134
337,21.821599977556616,67.92573813214798,80.09674009592013,55.69183647204299,28.136368752882248,177.94172643222547,175.96761785341684,169.7143798514489,172.912628859641,394.84250926971436,117.24784895777702,0.9999476075172424,401.8776545524597,110.42051017284393,0.9998785853385925,388.12033700942993,109.9366827905178,0.9998527765274048,407.21861600875854,113.35686594247818,0.9998164176940918,381.2474150657654,112.08756250143051,0.9998245239257812,424.0791025161743,151.30538058280945,0.9995465874671936,358.96459007263184,146.90873181819916,0.9986629486083984,465.43440341949463,173.17223858833313,0.9975436329841614,325.89096879959106,157.33698654174805,0.9893718361854553,459.9991760253906,125.02150273323059,0.9916444420814514,352.61159658432007,130.0158361196518,0.9672074317932129,413.7330241203308,253.2730609178543,0.9993646144866943,373.6427822113037,256.96022629737854,0.9991054534912109,408.8108763694763,328.66540026664734,0.9813975095748901,378.9972643852234,342.91361701488495,0.9709005355834961,416.10220766067505,392.1654453277588,0.972670316696167,392.26674938201904,413.4641923904419,0.9678978323936462
338,22.64479995938018,53.4269329537136,59.90393059103957,39.15349796098851,7.002067381452097,177.24677454106427,175.72010000590984,170.32053274131462,173.71102213243907,393.52056217193604,117.43098923563957,0.9999476075172424,400.95720958709717,111.14499408006668,0.9998822808265686,386.68703985214233,110.60643544793129,0.9998539686203003,406.86043071746826,113.38768610358238,0.9998287558555603,379.72124195098877,112.30464270710945,0.9998178482055664,423.8985061645508,151.53970497846603,0.9995840787887573,358.13226985931396,147.92624586820602,0.9987121224403381,459.93427658081055,184.79987978935242,0.9973200559616089,325.3207483291626,173.73197317123413,0.9886106848716736,454.94480323791504,149.9175402522087,0.9908933639526367,356.7820177078247,154.69155257940292,0.9646486043930054,413.31107664108276,250.0680775642395,0.9993600249290466,373.28239822387695,254.53125286102295,0.9990328550338745,409.4179439544678,315.9856996536255,0.9824615120887756,379.0391912460327,341.00981855392456,0.968730092048645,416.7583541870117,382.47992300987244,0.9725872874259949,391.8922128677368,413.1846385002136,0.9677634835243225
339,22.486699977889657,40.1170435093298,46.34834051469014,15.400644500385127,21.55014789216113,176.85506854985067,175.082583171851,169.70062907236178,173.92154145638958,391.18082094192505,117.37585911154747,0.9999499320983887,399.3190293312073,111.18972498178482,0.9998880624771118,384.8382143974304,110.60700526833534,0.9998591542243958,405.83606576919556,113.57170248031616,0.9998405575752258,378.828369140625,112.8556519150734,0.9998180270195007,424.3888912200928,154.20872950553894,0.9996191263198853,357.43442392349243,150.41036367416382,0.9988170862197876,453.02076721191406,197.4527703523636,0.9969236254692078,329.7006268501282,186.36614513397217,0.9885746836662292,444.65606784820557,171.87287712097168,0.9907353520393372,358.68239879608154,169.08560061454773,0.9657928943634033,413.3188099861145,249.76043152809143,0.9993768930435181,373.3641290664673,254.45999681949615,0.9990471005439758,409.7999610900879,307.89969170093536,0.9835332036018372,379.0894832611084,340.960244178772,0.9674450755119324,417.1155791282654,368.9259754419327,0.9715893864631653,391.57694005966187,412.7670456171036,0.9676324129104614
340,23.620599997229874,36.266906527792635,38.95602719942634,7.869309890813662,48.44212067893205,179.27422697319045,174.94799289773258,166.92695806055826,174.2143737328301,389.96501779556274,117.50827825069427,0.9999501705169678,398.2700743675232,111.69771274924278,0.9998884201049805,383.71243143081665,110.80122855305672,0.9998598694801331,404.915620803833,114.69850096106529,0.9998454451560974,378.3521366119385,113.60354831814766,0.9998116493225098,423.56215620040894,158.49100106954575,0.9996451735496521,356.8512387275696,152.00248461961746,0.9989184141159058,449.82674407958984,204.66540032625198,0.9953240752220154,331.409215927124,196.1280376315117,0.988457977771759,439.15816497802734,190.76238077878952,0.9877825975418091,362.6920876502991,189.7117744088173,0.9669116735458374,413.02759647369385,249.05211627483368,0.9994156360626221,373.0199193954468,254.2141762971878,0.9990962147712708,408.58206033706665,292.0020443201065,0.9844961166381836,378.8292284011841,338.6243793964386,0.9652473330497742,417.1025638580322,359.7943470478058,0.971000075340271,391.48138523101807,412.466778755188,0.9669883847236633
341,21.70430001569912,28.168722437400646,35.4014255320951,26.56210384611016,64.36643036235557,177.78744907568836,174.08637220331042,164.96296486963234,173.94806711101893,389.66806745529175,117.60078147053719,0.9999477863311768,397.72168922424316,111.7864337861538,0.9998846054077148,383.42359352111816,110.97203221917152,0.999856173992157,404.15613555908203,115.2609635591507,0.9998443722724915,378.2037625312805,114.12251225113869,0.9997957348823547,422.67630910873413,159.7634242773056,0.9996601343154907,356.1048192977905,155.197026014328,0.9990124106407166,442.90843296051025,209.95188063383102,0.9905321002006531,332.58182859420776,204.0746390223503,0.9879575371742249,433.8914031982422,201.9792242050171,0.9780921936035156,367.68279933929443,204.11521023511887,0.9667996168136597,412.9004511833191,249.55871510505676,0.9994497895240784,373.11138010025024,254.67245435714722,0.9991456866264343,408.83622455596924,276.9961943626404,0.9853264689445496,378.7799472808838,340.28791308403015,0.9632883071899414,417.073450088501,348.066104054451,0.970331609249115,391.4244718551636,413.188912153244,0.9668539762496948
342,24.488199967890978,22.644522221407072,33.96043858260089,55.094024380056936,75.42833417466746,164.08788801046174,173.09031514057418,153.4276252968747,173.33491743347838,389.863422870636,118.0320500433445,0.9999516010284424,397.8016257286072,112.3494733273983,0.9998935461044312,383.53011655807495,111.56732359528542,0.9998665452003479,403.88056564331055,115.8072147667408,0.99985671043396,377.9084801673889,114.51673537492752,0.9998077750205994,422.8183650970459,161.02366757392883,0.9996864199638367,355.16301918029785,158.5531399846077,0.9991036653518677,439.1328926086426,216.79824429750443,0.9879244565963745,332.7252998352051,210.1654635667801,0.9875195026397705,433.1604251861572,214.7881315946579,0.975820004940033,369.3621482849121,215.91878348588943,0.9673693776130676,412.9752321243286,249.61618149280548,0.9994884729385376,373.21441555023193,256.29117166996,0.9992037415504456,408.940776348114,259.47672414779663,0.9859555959701538,378.516179561615,341.64305996894836,0.9599639773368835,415.16108989715576,341.81258153915405,0.9695076942443848,391.4175977706909,413.2061492204666,0.9658629894256592
343,27.13259996380657,21.30983027531046,32.62552369127835,137.36651648964917,82.93277328611556,91.49118216872708,172.98349363745263,82.93156743397529,173.52091089422305,390.0566301345825,118.68891763687134,0.9999558925628662,397.7845163345337,112.97849094867706,0.9999032020568848,383.65119647979736,112.56596946716309,0.9998782873153687,403.60668897628784,116.37202787399292,0.9998695254325867,377.6593704223633,115.54915735125542,0.9998229146003723,423.0356822013855,162.59810984134674,0.9997115731239319,354.539044380188,160.87114089727402,0.9991872906684875,437.5595865249634,217.09661650657654,0.9870293140411377,333.89091205596924,212.4844759106636,0.9872229099273682,432.15711212158203,227.3820457458496,0.9755193591117859,369.12784814834595,221.75294667482376,0.9678974151611328,413.035683631897,251.92916798591614,0.9995260238647461,373.27827882766724,258.90636241436005,0.9992583394050598,408.18771028518677,251.5138828754425,0.9862634539604187,378.94042682647705,344.0433144569397,0.954540491104126,411.4594712257385,337.76580250263214,0.9679425358772278,391.51295042037964,413.33529901504517,0.9606857895851135
344,27.44789997814223,20.62925081764281,30.73239623341716,156.5966047620462,88.5874392970997,29.653387181616537,173.2045957160634,22.149370628908237,174.3730321885289,389.8949627876282,118.88550567626953,0.9999597072601318,397.4371223449707,113.21324983239174,0.9999116659164429,383.50176095962524,112.83543041348457,0.9998885989189148,403.2787799835205,116.72125655412674,0.9998807311058044,377.41885328292847,116.20374566316605,0.999836266040802,423.2121844291687,162.97129946947098,0.9997336268424988,354.591787815094,161.2827364206314,0.9992628693580627,435.87255477905273,213.05730211734772,0.9856029748916626,335.81555461883545,213.40977877378464,0.9871307015419006,433.11114406585693,230.07339298725128,0.974717915058136,368.6727685928345,224.33770900964737,0.9686696529388428,413.1124610900879,252.39813017845154,0.9995597004890442,373.63158655166626,259.9388769865036,0.9993105530738831,407.41915225982666,239.12091588974,0.9866412878036499,379.81768131256104,345.65402579307556,0.9519327878952026,409.0988802909851,329.8677498102188,0.966550886631012,391.5866951942444,414.11079609394073,0.9583771824836731
345,24.64349998626858,20.233943329191515,30.899520772951956,159.61218414078044,87.07697518397342,26.07319796348851,172.5229842756673,18.9928572426982,174.5914119643442,389.71550369262695,119.09984362125397,0.9999630451202393,397.24298000335693,113.42797952890396,0.9999191164970398,383.49028730392456,112.94412365555763,0.9998974800109863,403.1467318534851,117.03774905204773,0.9998903870582581,377.36449241638184,116.47205984592438,0.9998472332954407,423.3404417037964,163.03808242082596,0.9997533559799194,354.40588426589966,161.95756047964096,0.9993298053741455,435.5998659133911,213.08760231733322,0.9842769503593445,336.0658268928528,213.92673408985138,0.9870924949645996,433.93492221832275,227.42372810840607,0.9743516445159912,368.07358598709106,223.41700744628906,0.9695358872413635,413.1794834136963,252.6288219690323,0.9995890855789185,374.36253929138184,260.38658487796783,0.9993560910224915,407.4638338088989,236.57974481582642,0.9870254993438721,380.275616645813,345.27894151210785,0.9501383304595947,408.4025001525879,324.77577769756317,0.965359091758728,391.7079267501831,414.3881561756134,0.9571127891540527
346,27.96540001872927,19.915346300176274,31.219937255286162,156.94256226959357,84.73498084638098,23.823218495694842,172.1702814321681,17.016990814107384,174.61658739109646,389.71664094924927,119.3016668856144,0.9999662637710571,397.11242294311523,113.56811261177063,0.9999263286590576,383.4311499595642,113.04685515165329,0.9999062418937683,402.9209990501404,117.19162192940712,0.9999000430107117,377.1001687049866,116.72170528769493,0.9998589754104614,423.4376645088196,163.17606443166733,0.9997723698616028,354.10711431503296,162.39263260364532,0.9993908405303955,436.1305856704712,216.47074002027512,0.9838566780090332,336.12994289398193,213.30185478925705,0.9871842265129089,434.1646480560303,228.01907646656036,0.9745020270347595,367.2195062637329,221.15962117910385,0.9703058004379272,413.21471309661865,252.63699889183044,0.9996147751808167,374.4977717399597,260.24729228019714,0.9993969798088074,407.201632976532,233.33614188432693,0.9873888492584229,380.3336420059204,344.9583035707474,0.949391782283783,407.66287899017334,325.3669378757477,0.9647563695907593,391.7225594520569,414.3212022781372,0.9568996429443359
347,30.42940003797412,20.999369091766535,32.42953274974342,136.6367025671226,78.47656380782914,22.680300968418774,172.17810353298373,15.859715773312141,174.5509159199697,389.45107889175415,119.39971873164177,0.9999687671661377,396.709050655365,113.60736611485481,0.9999321103096008,383.22323417663574,113.155078291893,0.9999130368232727,402.59940814971924,117.24858260154724,0.9999077320098877,376.9540944099426,117.01389494538307,0.9998671412467957,423.46392250061035,162.87051248550415,0.9997879862785339,354.26337337493896,162.31069242954254,0.9994446635246277,437.1357183456421,216.3353791832924,0.9828712940216064,335.8263964653015,211.06476837396622,0.9873348474502563,433.8502597808838,222.25780755281448,0.9739959836006165,366.9924592971802,216.10772168636322,0.9709187150001526,413.00684785842896,252.49027013778687,0.9996343851089478,374.5077543258667,259.94027304649353,0.9994293451309204,406.9238896369934,231.31131356954575,0.9877579212188721,380.2782955169678,344.74083161354065,0.9491434693336487,407.19238328933716,324.4012632369995,0.9645698666572571,391.7190971374512,414.28618681430817,0.9568901658058167
348,23.926099995151162,23.375086872106962,34.70795551215779,100.49815122696695,67.77262501065849,26.295667914090853,172.2545286895302,19.74023895614704,174.3616166577219,389.2353286743164,119.57226747274399,0.9999708533287048,396.61306619644165,113.73465687036514,0.9999368786811829,383.14193296432495,113.2576744556427,0.9999187588691711,402.58444690704346,117.31547239422798,0.9999144077301025,376.9728970527649,117.11401951313019,0.9998747706413269,423.4702658653259,162.64799761772156,0.9998027086257935,354.4707078933716,161.61261969804764,0.9994950890541077,438.41530895233154,213.14442765712738,0.9824040532112122,334.6067771911621,208.01132875680923,0.9878577589988708,434.68955516815186,215.04155921936035,0.9741601347923279,365.4750051498413,208.52268558740616,0.972661554813385,412.6267514228821,252.4074467420578,0.9996530413627625,374.4420967102051,259.49948847293854,0.9994593858718872,406.44224882125854,234.8527901172638,0.9879418015480042,380.07363986968994,344.599858045578,0.9480568766593933,405.90475606918335,327.3639304637909,0.9631684422492981,391.7147755622864,414.7326695919037,0.9563385844230652
349,26.17980004288256,24.387723804174403,37.905996343526496,37.1393493646847,62.20512677814659,45.48667627375153,172.40267447554237,38.323653475605845,174.36134340482366,389.14631938934326,119.59984678030014,0.9999723434448242,396.55868005752563,113.7185665667057,0.9999403357505798,383.1102919578552,113.25142067670822,0.9999235272407532,402.64338207244873,117.293541431427,0.9999198913574219,376.92632007598877,117.09230935573578,0.9998821020126343,423.3123893737793,162.47263538837433,0.9998124241828918,354.5935568809509,160.5500186085701,0.9995416402816772,439.00450897216797,212.09608632326126,0.9810650944709778,332.3539981842041,205.10682594776154,0.9885867238044739,435.1337423324585,209.3541675209999,0.9721243381500244,361.4166669845581,204.46262973546982,0.9744901061058044,412.5580105781555,252.13541448116302,0.9996554851531982,374.4120478630066,259.00798988342285,0.9994751214981079,406.0209836959839,243.96042907238007,0.9880449175834656,380.0738925933838,344.62185311317444,0.9482347369194031,406.5046968460083,329.6319011449814,0.9603372812271118,391.7133855819702,414.76127457618713,0.9558130502700806
350,30.77569999732077,32.12495172400193,40.750101791408575,10.586111545130791,29.96117874473419,58.116737232370696,172.5001534468159,49.91346865885397,173.66479750738532,388.97411346435547,119.54611271619797,0.9999722838401794,396.3438901901245,113.49638646841049,0.9999408721923828,382.9350280761719,113.03335753083229,0.9999254941940308,402.5621566772461,117.17842346429825,0.9999218583106995,376.8295521736145,116.812684237957,0.9998847246170044,423.33915281295776,162.37556648254395,0.9998011589050293,354.6699299812317,159.10391414165497,0.9995766878128052,445.815260887146,210.24644929170609,0.9798843264579773,329.7465214729309,202.83159005641937,0.9887641668319702,438.13246059417725,199.56921154260635,0.9686267971992493,356.2101798057556,187.33211892843246,0.975109875202179,412.4223232269287,251.61844491958618,0.9996399879455566,374.03258323669434,258.0859065055847,0.9994619488716125,404.95871019363403,245.60521566867828,0.9881186485290527,379.40508460998535,344.2359422445297,0.9476999044418335,406.833616733551,332.9934711456299,0.9597154855728149,391.7092914581299,414.7092214822769,0.9548165798187256
351,21.830599987879395,39.33986369424459,56.3597524469745,13.11298833908079,9.834153663009195,117.18333018323074,175.5821316711087,108.50999073687912,177.8691802232685,388.42176055908203,119.44744119048119,0.9999663829803467,395.96162033081055,113.32424372434616,0.9999330043792725,382.3540415763855,112.74138155579567,0.9999174475669861,402.4367551803589,117.05920279026031,0.9999147057533264,376.42087268829346,116.48520132899284,0.9998717904090881,423.8760895729065,162.3438559770584,0.9997385740280151,354.4007034301758,157.30539000034332,0.9995843768119812,452.74373149871826,208.72255009412766,0.9790340065956116,319.6021418571472,190.83869397640228,0.9887813329696655,445.3309917449951,186.93096536397934,0.9553503394126892,350.17766523361206,170.13357156515121,0.9722492098808289,412.2324266433716,251.50336968898773,0.9996256828308105,372.66231536865234,257.8028767108917,0.999418318271637,405.0567669868469,254.07870149612427,0.9881918430328369,381.55980682373047,344.1808406114578,0.9445105195045471,406.93296241760254,341.25056767463684,0.9607135653495789,391.4743342399597,414.62007308006287,0.9518213868141174
352,24.41110002109781,47.99169582427366,67.78448740554907,26.571146520259536,4.047311915835982,161.65136467406458,176.48808276710054,151.43819832471056,178.1630726987765,388.01411724090576,119.5907011628151,0.9999679327011108,395.75757122039795,113.32026210427284,0.9999372363090515,381.9446039199829,112.75822687149048,0.9999205470085144,402.33447790145874,117.0217869579792,0.9999215602874756,376.05374097824097,116.44554895162582,0.9998757243156433,423.80052518844604,160.24368315935135,0.9997588992118835,354.5665912628174,153.46569794416428,0.9995982646942139,457.73492336273193,200.27239841222763,0.9807254076004028,316.89627981185913,176.87129896879196,0.9889231324195862,449.9153995513916,168.2404002547264,0.9580880999565125,351.3227562904358,151.94964802265167,0.9709349274635315,411.6728458404541,249.9179013967514,0.9996442198753357,372.0706133842468,256.53653633594513,0.9994238615036011,404.8226943016052,263.9313236474991,0.9885525107383728,381.3452191352844,342.9445012807846,0.9427184462547302,408.42779779434204,346.1354100704193,0.9624232649803162,391.36399507522583,414.5644586086273,0.9517189264297485
353,22.413099999539554,60.41373080160028,85.27722993097176,47.643846703350434,29.51060950322497,170.98157880884105,175.98352005784008,159.3492787693372,177.11987036738574,388.0722942352295,119.34418973326683,0.9999703764915466,395.761513710022,112.99689614772797,0.9999421238899231,381.9560270309448,112.54682350158691,0.9999263286590576,402.1593656539917,116.72756019234657,0.9999282360076904,375.94110202789307,116.23123237490654,0.9998850226402283,422.94073390960693,158.65733164548874,0.9997736215591431,354.6639657020569,152.71128422021866,0.9996139407157898,460.4615087509155,186.76070302724838,0.9824652671813965,315.11937952041626,162.70931029319763,0.9897899031639099,456.609393119812,146.919957280159,0.9612404108047485,350.04349422454834,129.33589792251587,0.9721740484237671,411.38431119918823,249.5331301689148,0.9996581077575684,371.8868074417114,256.00814187526703,0.9994351267814636,403.45621728897095,276.7055289745331,0.9888095855712891,379.73766899108887,338.3033140897751,0.942004382610321,409.47308826446533,355.16931426525116,0.9640905857086182,390.77883863449097,413.7151412963867,0.9526574611663818
354,23.39470002334565,74.26791099347626,96.68037937090274,58.83895719214751,48.2331595692094,175.16693274191056,174.9734500731964,161.09049751492466,174.63522625038587,388.1196041107178,118.0866032242775,0.9999723434448242,395.74526357650757,111.58516609668732,0.9999458193778992,381.8779101371765,111.32765713334084,0.9999305009841919,402.06772804260254,115.7586233317852,0.9999337792396545,375.7221169471741,115.21252170205116,0.9998915791511536,422.915057182312,157.43938326835632,0.9997848868370056,354.9758014678955,151.86646848917007,0.999605655670166,466.7746477127075,175.92900121212006,0.9841028451919556,315.7359495162964,153.623837351799,0.9905627369880676,460.0721626281738,129.99924010038376,0.9644089341163635,348.3527727127075,113.6352873146534,0.9736126065254211,411.3984384536743,249.5537291765213,0.9996767640113831,371.8679795265198,255.6491265296936,0.9994534850120544,403.5050940513611,286.8184735774994,0.9890698790550232,377.7540912628174,335.4570611715317,0.9405919909477234,413.07323837280273,365.31103479862213,0.9656399488449097,390.6486859321594,411.83310997486115,0.9532208442687988
355,22.504900000058115,85.30639490806006,113.70018869752651,67.51330608619585,69.35536565201444,179.28850261264776,175.02120784290227,165.3227725733188,174.01281375672926,388.1377749443054,117.54383504390717,0.9999741911888123,395.6086411476135,110.90534898638725,0.9999489784240723,381.84199810028076,110.78030902147293,0.9999343752861023,401.92236137390137,114.95973512530327,0.9999390840530396,375.60616731643677,114.64579257369041,0.9998992085456848,422.35509729385376,154.3540906906128,0.9997948408126831,355.39408445358276,150.9947999715805,0.9995989799499512,470.41493034362793,163.90648871660233,0.9855768084526062,317.35843563079834,141.0008481144905,0.9913633465766907,460.460750579834,113.84089988470078,0.9670864939689636,349.0645184516907,96.33069637417793,0.9752117395401001,411.42060232162476,249.61492788791656,0.9996892809867859,371.89838218688965,255.45410549640656,0.999468982219696,404.5873832702637,303.2571939229965,0.9893707036972046,377.53601598739624,336.08466136455536,0.9398021697998047,414.0006332397461,375.56028044223785,0.9671763777732849,390.6471948623657,410.5424667596817,0.9547158479690552
356,22.4451000103727,92.11823696240441,130.4495476351726,71.92318873599774,87.95530275373929,179.59745318315862,175.33696901270517,166.09668064634317,173.31341170266143,388.04568243026733,116.2929652929306,0.9999763369560242,395.2742118835449,110.04797583818436,0.9999531507492065,381.78346729278564,109.78872179985046,0.9999393224716187,401.7535672187805,114.10006132721901,0.9999447464942932,375.5966901779175,113.9276123046875,0.999907910823822,422.29937171936035,152.5570765733719,0.9998084902763367,355.84567642211914,150.08790230751038,0.9996001124382019,473.7513885498047,156.37886202335358,0.9869580268859863,318.6092915534973,127.02305388450623,0.9920645356178284,459.58056449890137,98.81036245822906,0.9697680473327637,350.18413496017456,79.89177659153938,0.9766125679016113,411.4682912826538,249.63393139839172,0.9997093677520752,371.9254741668701,255.48020327091217,0.9994944334030151,404.66507053375244,314.75867688655853,0.9895018935203552,377.6054391860962,336.4690052270889,0.9370160698890686,414.30362367630005,383.869287610054,0.9680997729301453,391.47658348083496,409.8917033672333,0.954534649848938
357,22.46270002797246,104.48251922030136,143.25534777827855,84.95095857660958,104.36153345040566,178.0572356965161,175.6442930818953,165.50411355783072,172.19456977554356,388.0351438522339,115.4241743683815,0.9999784827232361,395.22786235809326,109.16760331392288,0.9999573826789856,381.7907204627991,108.70847764611244,0.9999447464942932,401.7710304260254,113.36026349663734,0.9999500513076782,375.6189045906067,112.6310144662857,0.9999167919158936,422.28729152679443,151.02800625562668,0.9998225569725037,356.366792678833,149.49461954832077,0.9996179342269897,473.6619749069214,143.88708817958832,0.9882025122642517,321.5262031555176,114.52256178855896,0.9927464127540588,460.5060386657715,86.73078244924545,0.9722104668617249,351.2904076576233,64.48620474338531,0.9783543348312378,410.8598337173462,250.25845456123352,0.9997265934944153,371.5414352416992,255.48786735534668,0.9995223879814148,404.4411573410034,329.575745344162,0.9897931814193726,376.93198108673096,336.82366144657135,0.9412146210670471,415.3944044113159,392.5337772369385,0.9700202345848083,391.91788959503174,409.8475992679596,0.9571723937988281
358,21.17189997807145,118.05217265380485,152.84587362916483,99.68142346227825,117.91596442814354,177.65367408244623,176.1733654673795,166.82572180049337,172.28579216782734,387.70753812789917,114.4684644639492,0.9999803900718689,395.0316982269287,108.18097352981567,0.9999611377716064,381.7501583099365,107.7927762567997,0.9999496340751648,401.786244392395,112.56749373674393,0.9999547004699707,375.6621708869934,111.6065343618393,0.9999247789382935,422.2878475189209,150.22626894712448,0.9998312592506409,356.9803047180176,148.7008597254753,0.9996311664581299,471.99121856689453,130.668394446373,0.9893128871917725,326.95068979263306,105.58729350566864,0.9933309555053711,460.2024669647217,74.22806093096733,0.9743953943252563,352.6333055496216,55.66987578570843,0.9798025488853455,410.75073289871216,250.35284531116486,0.9997383952140808,371.3765330314636,255.121786236763,0.9995452165603638,404.4934206008911,335.0228295326233,0.9900873899459839,376.9571018218994,337.45997989177704,0.9454719424247742,415.1446123123169,402.6716514825821,0.9718494415283203,391.8988342285156,410.3048516511917,0.9597838521003723
359,21.957700024358928,126.56885564841632,159.22949402050838,108.8233349095619,128.87463950668172,177.1047611643011,176.98017552997888,168.2951829721468,171.9995062832622,387.2959270477295,113.87254628539085,0.9999822378158569,394.9480972290039,107.53063037991524,0.9999647736549377,381.62356901168823,107.39237770438194,0.999954342842102,402.0289855003357,111.40832233428955,0.9999590516090393,375.78618240356445,110.56481006741524,0.9999321103096008,422.3503460884094,148.38140416145325,0.999842643737793,358.2255754470825,146.7978732585907,0.9996511340141296,470.9514627456665,120.30447244644165,0.9903357625007629,333.2098722457886,99.08228787779808,0.9938134551048279,459.85947036743164,64.2434541285038,0.9766819477081299,354.4526128768921,50.13115735352039,0.9810901880264282,410.5932354927063,250.71827113628387,0.9997559785842896,371.3206810951233,255.07289564609528,0.999576985836029,404.98923921585083,338.36240446567535,0.9902929663658142,377.04178953170776,339.50988030433655,0.9494170546531677,414.94081592559814,408.75887191295624,0.9736394882202148,391.98337030410767,410.55594301223755,0.9624264240264893
360,23.139099997933954,133.57021656328695,163.00253433543568,116.47217265922642,135.35735314400017,176.1843545204813,178.07187151037638,170.29301996471153,172.17577440007014,387.32306957244873,113.32300436496735,0.9999834895133972,395.1523232460022,107.06028637290001,0.9999672174453735,381.63185834884644,107.33647832274437,0.9999575614929199,402.4949321746826,110.85963514447212,0.9999621510505676,376.2741160392761,110.61132165789604,0.9999376535415649,422.48451709747314,147.47168588638306,0.9998431205749512,359.72205352783203,145.5228716135025,0.9996382594108582,469.2877321243286,112.12192267179489,0.9912449717521667,337.92913341522217,94.35177421569824,0.994231104850769,458.920298576355,56.67601835727692,0.9786628484725952,357.4154443740845,45.07039359211922,0.9822714328765869,410.60622549057007,251.61274671554565,0.9997677206993103,371.3815875053406,255.1511034965515,0.999596118927002,406.4635534286499,339.74000227451324,0.990342915058136,377.74289560317993,342.976895570755,0.9530823826789856,415.19295835494995,410.675519824028,0.9753157496452332,392.1681618690491,411.0352759361267,0.9650006890296936
361,21.199699956923723,138.3704190093171,165.68211741189552,124.03776773890908,142.78600112619785,175.45581164378848,179.14859994608872,171.79537212605507,171.95981103319548,387.3451828956604,113.0258501470089,0.9999839067459106,395.22824144363403,106.70122116804123,0.9999680519104004,381.6488666534424,106.83562755584717,0.999958336353302,402.74222230911255,110.47772014141083,0.999963641166687,377.28829622268677,109.96757417917252,0.9999399781227112,422.8265027999878,146.55195301771164,0.9998370409011841,362.0142321586609,144.1117541193962,0.9996017813682556,467.33367252349854,106.79536262154579,0.9920366406440735,343.3381028175354,90.50664037466049,0.9944176077842712,459.9518156051636,52.45126660168171,0.9804086089134216,359.4837350845337,40.83189491927624,0.9832369685173035,410.628945350647,252.01757562160492,0.9997739791870117,371.51252365112305,255.1195069551468,0.999604344367981,407.46426343917847,340.3004206418991,0.9898841977119446,377.7613949775696,343.6133849620819,0.9558069109916687,415.22376537323,412.293980717659,0.976442277431488,392.33938217163086,411.7334198951721,0.966961145401001
362,22.84479996887967,145.0750092428839,169.84408231009596,135.3698321988248,152.15465817003707,175.0545834767889,179.6478887267703,173.50448914529656,171.93579977362558,388.00683879852295,112.25251126289368,0.9999834299087524,396.09531116485596,106.17010581493378,0.999967098236084,382.10943031311035,105.76914456486702,0.9999570846557617,403.35666942596436,110.51190936565399,0.999962568283081,378.1233205795288,109.46151667833328,0.9999390840530396,423.0847358703613,145.5909081697464,0.9998130798339844,363.66242027282715,143.0666607618332,0.9995302557945251,462.3100814819336,101.32269349694252,0.9927113056182861,349.46483278274536,87.57322630286217,0.9944821000099182,459.4179620742798,47.68784937262535,0.9818418622016907,361.6514472961426,36.79071792960167,0.9839064478874207,410.7340278625488,252.03165018558502,0.9997694492340088,371.85872983932495,254.8137983083725,0.9995918869972229,408.25988817214966,336.7289003133774,0.9883159399032593,377.8063039779663,343.3574786186218,0.9566841721534729,414.66805124282837,412.6873277425766,0.9763445854187012,392.2480983734131,411.8469566106796,0.9673545360565186
363,26.945599995087832,151.4527534579677,169.76208510691416,148.19577399444205,154.43983753516278,174.6506323607585,179.53887420023867,175.8479528905313,172.1869718283466,389.452974319458,111.94204461574554,0.9999830722808838,397.40454626083374,106.00518554449081,0.9999664425849915,382.99527740478516,105.47486793994904,0.9999563694000244,404.34272146224976,110.59392076730728,0.999961793422699,379.26409006118774,109.4590165913105,0.999938428401947,423.93421602249146,145.01349490880966,0.9997854232788086,365.5007576942444,142.82509964704514,0.9994805455207825,457.4131555557251,97.9166205227375,0.9933106303215027,351.84604597091675,86.42153379321098,0.9945269227027893,460.8374605178833,43.53420051932335,0.9831790328025818,362.34825706481934,36.805109456181526,0.9846305251121521,410.82455348968506,253.98413980007172,0.9997666478157043,372.10753631591797,254.9899297952652,0.9995930194854736,408.6365728378296,336.9528397321701,0.9869911074638367,377.97292470932007,342.55591225624084,0.9582782983779907,412.1172857284546,412.399853348732,0.9763951897621155,392.2435998916626,411.8003453016281,0.9683648347854614
364,23.30410003196448,154.69820102785144,169.90926553406874,154.2323525043616,156.07372613983873,174.00353717098668,179.27091146529293,178.3180407068163,172.72065121589262,391.76226234436035,112.00825774669647,0.9999824166297913,399.1441445350647,106.03881207108498,0.9999653100967407,384.65835094451904,105.443648904562,0.9999551773071289,405.4843502044678,110.6864809691906,0.9999596476554871,380.35135793685913,109.56488209962845,0.999936580657959,424.6575870513916,144.45374608039856,0.9997625350952148,366.58092403411865,142.72338670492172,0.9994336366653442,455.0279998779297,96.0764852464199,0.993834376335144,353.7807216644287,87.50856593251228,0.9945892691612244,461.04540157318115,42.023503348231316,0.9844868183135986,363.40310049057007,37.418855890631676,0.985410213470459,411.3913369178772,255.40977346897125,0.9997660517692566,372.41050148010254,255.4136197566986,0.9995957612991333,410.2256488800049,336.6922323703766,0.9861194491386414,377.98389291763306,341.8239494562149,0.9600784778594971,411.3711190223694,412.9722949266434,0.9765965938568115,391.49184799194336,411.5126714706421,0.9692436456680298
365,28.296800039242953,156.80959932742232,169.89138217084417,157.51298788175808,156.74750334026587,174.0546972189832,178.85474928267567,179.45471342706526,173.24971183496348,392.40440797805786,111.88118067383766,0.9999808073043823,399.7401428222656,105.91288176178932,0.9999619722366333,385.53259801864624,105.40650373697281,0.999951183795929,406.1838893890381,110.68645960092545,0.9999549388885498,381.2808756828308,109.53974589705467,0.9999302625656128,425.76335430145264,143.5669773221016,0.999736487865448,367.7314739227295,141.88385605812073,0.9993883967399597,454.2038679122925,94.10702922940254,0.9943059682846069,355.40591192245483,87.41141155362129,0.9946286678314209,461.0929136276245,41.15692047774792,0.9856563210487366,364.5239300727844,38.22835700213909,0.9861610531806946,412.60061979293823,255.45741045475006,0.9997578263282776,372.969425201416,255.43550086021423,0.9995881915092468,411.53870010375977,335.07966911792755,0.9849401116371155,378.58661365509033,340.312358379364,0.9612436890602112,411.2474865913391,411.33049988746643,0.9761632084846497,391.6683249473572,410.6440087556839,0.9697757363319397
366,21.303300047293305,157.1454093701381,169.45552892764385,157.86121226648896,156.32346683099607,174.03829955633267,178.94859225822933,178.9794554954124,174.11189904873638,392.6314043998718,111.77592772245407,0.9999784827232361,399.8648872375488,105.83457419276237,0.9999554753303528,386.0461325645447,105.42037174105644,0.9999440908432007,406.673743724823,110.7156700193882,0.99994295835495,382.28345584869385,109.55557265877724,0.9999179244041443,427.06028175354004,143.6839044690132,0.9996975064277649,368.59932708740234,141.8726590871811,0.9993303418159485,454.3287134170532,95.29051771759987,0.9946989417076111,356.1177587509155,88.72486183047295,0.994771420955658,461.0692081451416,42.389652132987976,0.9866641759872437,365.22344398498535,39.40439508855343,0.9868224859237671,414.1927285194397,255.82819259166718,0.9997457265853882,373.8997263908386,255.4579802751541,0.9995733499526978,413.3679394721985,336.76525485515594,0.9841757416725159,379.3897695541382,339.8257032632828,0.9630029797554016,411.27167224884033,411.607005238533,0.9760276079177856,391.327552318573,410.3219462633133,0.9705752730369568
367,31.314099964220077,157.79353094048554,169.422210281197,159.11727579691197,155.38632943603525,175.10891197169957,179.77079951413901,178.74671879894066,174.665194449873,393.96874237060547,111.7826800942421,0.9999760985374451,400.9168748855591,105.78779193758965,0.9999486804008484,387.2553901672363,105.40010750293732,0.9999370574951172,407.9746894836426,110.72990128397942,0.9999295473098755,383.47749948501587,109.55373498797417,0.9999049305915833,428.44995880126953,143.78731262683868,0.99965900182724,369.495080947876,141.9698989391327,0.9992560744285583,454.76526832580566,94.97180292010307,0.9950509071350098,356.72735357284546,89.48000919818878,0.994938313961029,461.68196201324463,42.04426617920399,0.9875940680503845,366.2812695503235,40.06442518532276,0.9874005913734436,416.30145502090454,257.0594035387039,0.9997256994247437,375.6608567237854,256.0599100589752,0.9995459318161011,414.59541845321655,336.4840484857559,0.9835433959960938,380.47476291656494,338.97829484939575,0.9646468758583069,411.3806719779968,410.59463381767273,0.9758513569831848,391.3277039527893,410.25667333602905,0.971308171749115
368,24.842299986630678,158.4224230066362,168.71620366133521,159.4427197826085,153.72658626001171,176.12753998269415,179.7570528113094,178.04666927799892,176.6021156921193,397.38892793655396,111.24367985129356,0.999972939491272,403.41906690597534,105.29584461450577,0.9999396204948425,389.6530556678772,104.80537170171738,0.9999274611473083,409.99564504623413,110.62820971012115,0.9999115467071533,385.4958772659302,109.2850504219532,0.9998880624771118,430.8039789199829,143.39761245250702,0.9996156692504883,370.4268732070923,142.02643936872482,0.9991583228111267,456.0295944213867,94.46226239204407,0.9953699111938477,356.63397216796875,89.62735763192177,0.9950965642929077,462.4409418106079,39.99425892531872,0.9884077310562134,366.77701234817505,39.888703256845474,0.9878246784210205,419.35268926620483,258.266482591629,0.9997031092643738,377.3884253501892,257.0486624240875,0.9995139837265015,416.8300266265869,337.63209414482117,0.9830961227416992,382.6912508010864,338.90712428092957,0.9661495685577393,411.9870572090149,411.0525699853897,0.9754258394241333,391.5853810310364,410.2692948579788,0.9716245532035828
369,22.822300030384213,158.06854064722467,167.5465253241545,158.11324469335256,152.0534554840106,176.07429610206776,179.21080792499254,177.4885172680522,179.27358955489464,398.65332984924316,111.13646814227104,0.999970018863678,404.7414436340332,105.15160882472992,0.9999327659606934,391.0075283050537,104.61576396226883,0.9999201893806458,411.4691505432129,110.64039674401283,0.9999000430107117,387.06903171539307,109.19791063666344,0.9998769164085388,432.7402467727661,143.44967979192734,0.999567985534668,371.4739580154419,142.11211186647415,0.9990713000297546,458.3022880554199,94.85465496778488,0.9956717491149902,356.3618392944336,89.7919787466526,0.9952436685562134,464.00343132019043,39.29314477741718,0.989111065864563,367.03145456314087,38.8780911564827,0.988223135471344,421.0640835762024,258.12288784980774,0.999675989151001,378.8208632469177,257.0524802207947,0.9994816780090332,418.4478373527527,337.4825162887573,0.9818013310432434,385.17178440093994,338.72310078144073,0.9668174982070923,412.73165702819824,411.7765552997589,0.9738070368766785,391.6525044441223,410.3088973760605,0.9707863330841064
370,22.531700029503554,156.03797776898048,166.45211312615643,154.57345248594206,150.03577356518426,177.38658818283147,179.92977325114032,178.03664656677844,179.6862586159239,400.87464475631714,111.15342742204666,0.9999687671661377,406.7923469543457,105.18186628818512,0.9999298453330994,392.9768018722534,104.6591486632824,0.9999184012413025,413.3365259170532,110.66024073958397,0.9998947381973267,388.4971733093262,109.21600243449211,0.9998734593391418,434.4148950576782,143.5982889533043,0.9995079636573792,372.42440128326416,142.13887917995453,0.9990060329437256,461.3999729156494,95.89836651086807,0.9959291219711304,355.9649872779846,89.69597825407982,0.9954099655151367,465.2790288925171,41.40150164067745,0.9897095561027527,367.2925181388855,38.76719342172146,0.988614559173584,423.30978631973267,258.17588114738464,0.9996381998062134,380.2117028236389,257.05322098731995,0.9994519352912903,419.2830891609192,337.0502790212631,0.9793908596038818,385.7992215156555,338.034615278244,0.9664409160614014,412.8605966567993,412.1829512119293,0.9703739881515503,391.2321743965149,410.9586066007614,0.9685637354850769
371,22.195299970917404,153.3422366013311,163.96169550406407,149.29325365969666,146.4864790599654,177.01598713609647,179.73607969969257,177.2020004763907,179.0666257755514,401.74853801727295,112.26922836899757,0.9999647736549377,407.8062996864319,105.58373212814331,0.9999173283576965,394.1616463661194,105.08418482542038,0.9999090433120728,414.72135066986084,110.81310218572617,0.9998672604560852,390.4343762397766,109.31873393058777,0.9998598098754883,436.15368461608887,143.7128940820694,0.9994086623191833,374.27777576446533,142.1569282412529,0.9989560842514038,465.1570644378662,98.23864740133286,0.9961366057395935,355.5302014350891,90.60353121161461,0.9956747889518738,466.87245178222656,44.3402898311615,0.9901617765426636,367.6455731391907,40.25377294421196,0.9891277551651001,424.38211822509766,258.1733169555664,0.9995502233505249,382.20531368255615,257.09208273887634,0.9993765354156494,420.4106411933899,336.90129947662354,0.9766504764556885,387.3864779472351,337.6108968257904,0.9665755033493042,412.95491313934326,411.7849316596985,0.9674168229103088,390.9077024459839,410.96205401420593,0.9671699404716492
372,23.29669997561723,151.98849375361303,163.26021872757033,144.64733093699257,144.63436157345993,177.59175749544823,179.21365363346376,176.6683575486484,178.00437949185917,403.49124479293823,113.80834177136421,0.9999633431434631,409.50025606155396,106.35390138626099,0.9999118447303772,395.8171634674072,105.85474583506584,0.9999070763587952,416.44009923934937,111.1338754594326,0.999858021736145,391.8696699142456,109.55983206629753,0.999859094619751,438.0801467895508,143.78615874052048,0.9993739128112793,375.1809597015381,142.58860993385315,0.9989710450172424,468.6308526992798,98.48921167850494,0.9962517619132996,355.27664375305176,91.05375343561172,0.9959393739700317,467.37926387786865,45.56886179745197,0.9904537200927734,367.9023404121399,41.33112882077694,0.9896481037139893,426.0719804763794,258.2987344264984,0.9995207786560059,383.9492840766907,257.11060190200806,0.9993516206741333,421.1483163833618,337.038312792778,0.9755648374557495,388.9624123573303,336.9713304042816,0.9672265648841858,412.1127619743347,411.59777414798737,0.9656836986541748,390.9944877624512,409.888711810112,0.9666682481765747
373,27.00090000871569,145.19850504836413,156.37971624966497,133.45155353392573,132.10515170773095,178.55653917807427,179.6098891593614,177.22015241691543,176.40465156636571,405.56966972351074,115.07991024851799,0.9999598264694214,411.2004041671753,107.20768466591835,0.9998985528945923,397.27312994003296,106.87078547477722,0.999897301197052,418.2164182662964,111.71272751688957,0.9998279213905334,392.6647639274597,110.3602587878704,0.9998502731323242,440.02429962158203,144.6216579079628,0.9993922114372253,376.1562457084656,144.32106339931488,0.9990036487579346,472.6490077972412,106.83809915184975,0.9963923096656799,351.6895089149475,98.40682989358902,0.9962030649185181,467.13856983184814,52.00877256691456,0.9907389879226685,369.37667989730835,49.39326485991478,0.9900369048118591,427.91544818878174,259.67704451084137,0.9995371103286743,384.920880317688,257.40354657173157,0.9993547201156616,421.7274580001831,337.1882610321045,0.975301206111908,390.2786226272583,333.2273254394531,0.9674609303474426,412.1267628669739,411.67652332782745,0.964267909526825,390.7926878929138,399.19494926929474,0.9600022435188293
374,23.989500012248755,131.415044922868,144.74856700134512,114.81552529069097,115.96267161708315,179.66215209807353,178.68462833968172,177.11184404189913,174.78120643276472,408.6615672111511,116.22910979390144,0.9999521374702454,414.1280312538147,108.37512558698654,0.999861478805542,401.2129406929016,108.00795468688011,0.9998689889907837,420.9071674346924,112.79974541068077,0.999732255935669,394.85360383987427,111.21781000494957,0.9998233914375305,441.4394006729126,146.27902328968048,0.999396800994873,377.58590364456177,145.46429407596588,0.9990171790122986,478.0286865234375,119.96010148525238,0.996536135673523,347.8133592605591,109.83368775248528,0.9964724183082581,467.27327156066895,64.17197728157043,0.9911224246025085,369.64724588394165,61.15014845132828,0.9903707504272461,430.0520248413086,260.6217782497406,0.9995099306106567,386.65231561660767,257.4079341888428,0.9993096590042114,422.90439224243164,336.95420730113983,0.9753894805908203,390.8816466331482,330.4262022972107,0.968684196472168,412.13942432403564,411.3119237422943,0.9644477963447571,388.7447919845581,394.71094703674316,0.9594135880470276
375,26.927799975965172,119.95523401358494,129.18848914663445,99.74323343518056,97.43616014107226,179.59033400755723,178.00702832461604,177.1203770632845,173.93515009250433,411.34961223602295,116.24047058820724,0.9999406933784485,416.83394384384155,108.82623815536499,0.9998131394386292,404.0654330253601,108.63005611300468,0.9998290538787842,423.01399850845337,113.52984917163849,0.9995959997177124,396.3176827430725,112.80978137254715,0.9997870326042175,443.30111503601074,148.77364003658295,0.9993780851364136,379.17834091186523,148.1106112599373,0.9989818334579468,480.53484630584717,132.44328528642654,0.9966501593589783,343.69863843917847,123.63715255260468,0.9967124462127686,467.23829460144043,78.86904868483543,0.9915138483047485,369.71960067749023,72.92154109477997,0.9905441403388977,430.86660385131836,261.8846997022629,0.9994421005249023,387.9573302268982,257.4365961551666,0.9992477893829346,423.1758680343628,336.76941454410553,0.9738227128982544,391.0327754020691,325.21308636665344,0.9701758027076721,412.0897135734558,408.8525503873825,0.9632591009140015,387.1019616127014,390.09902012348175,0.9595327973365784
376,22.726900002453476,107.79532549059745,106.2553183170443,83.29426967179687,70.98701533599602,178.9975249646084,179.51914071939376,177.05183105101602,168.8428860925826,413.77826166152954,116.18738469481468,0.9999116063117981,419.7228031158447,109.35543036460876,0.9996873736381531,406.8709945678711,109.07357582449913,0.9997356534004211,425.65018463134766,113.6671901345253,0.999284029006958,398.0867991447449,112.76559892296791,0.9997019171714783,444.6903877258301,150.67319333553314,0.9993600249290466,380.29196786880493,148.5625500679016,0.9989613890647888,481.8162565231323,143.51110643148422,0.9966483116149902,339.8706579208374,140.3222205042839,0.9969161748886108,466.66592597961426,95.82265162467957,0.9913464188575745,369.60840225219727,89.90894150733948,0.9904791116714478,431.34839630126953,261.308810710907,0.9994072318077087,389.1937050819397,256.08196210861206,0.999218761920929,423.5857605934143,336.76311802864075,0.9727540612220764,394.1761779785156,323.0979984998703,0.9714856743812561,412.3999571800232,408.83582615852356,0.9622681736946106,386.9143648147583,383.06128227710724,0.9571157097816467
377,22.46539999032393,89.58590433717826,84.60373941688252,60.101520517130474,47.44746692290503,178.36122190031512,178.99757341162592,176.4661930247164,170.0282699320028,413.7408838272095,117.0644166469574,0.999858021736145,420.12506341934204,110.27575442194939,0.9994817972183228,407.084192276001,109.85361009836197,0.9996041655540466,426.62246322631836,114.60728695988655,0.9986809492111206,399.27973079681396,113.01196077466011,0.999558687210083,444.7486152648926,152.62044060230255,0.9993160367012024,380.79953813552856,150.65480238199234,0.9989485740661621,482.9053440093994,157.8085414171219,0.9966118335723877,337.0869822502136,158.53288286924362,0.996847927570343,465.6091365814209,115.33132925629616,0.9909494519233704,366.7948799133301,111.60510981082916,0.9896600842475891,430.80655670166016,261.0225044488907,0.9993315935134888,389.4902763366699,253.71470022201538,0.9991896152496338,423.29568433761597,336.40424513816833,0.9681527018547058,393.42713022232056,312.7104289531708,0.971578061580658,411.4752917289734,409.19353091716766,0.9587669372558594,386.6766276359558,375.31822073459625,0.9537596702575684
378,27.64199994271621,76.82489680532623,69.37016302686331,32.47134827219775,28.559355977430243,177.54942871704995,179.9494421525455,176.39305305161744,168.72653094048874,413.90694856643677,117.4437745809555,0.9998219013214111,420.65924549102783,111.6071682870388,0.9993473291397095,407.49714279174805,111.19935494661331,0.9995107650756836,427.738844871521,114.87212523818016,0.9981846213340759,400.94795989990234,113.50648653507233,0.9994431138038635,445.27721214294434,152.96650677919388,0.9993315935134888,381.9710388183594,150.94860178232193,0.998991847038269,481.47118759155273,166.9165080189705,0.9965724349021912,338.80221796035767,170.90841335058212,0.9967021346092224,456.37491607666016,132.9398980140686,0.99094557762146,364.36643266677856,136.51929610967636,0.989604651927948,430.4073543548584,260.0904207229614,0.9993376731872559,389.2998995780945,251.12215983867645,0.9992214441299438,423.15319871902466,336.0929522514343,0.9646883010864258,392.9713177680969,301.9203667640686,0.972185492515564,411.4965205192566,409.20219218730927,0.9564924240112305,384.47881603240967,369.71987771987915,0.9513118863105774
379,23.228199977893382,59.17993959927342,55.75514380468256,3.813481692820492,1.197777459332354,176.7968333195539,177.50130438394555,176.45409041952598,167.0264337149558,415.53036975860596,117.6830920279026,0.9998317360877991,422.4351854324341,112.17504417896271,0.9993895292282104,410.0390124320984,111.37854209542274,0.9995378255844116,429.43699645996094,115.36505550146103,0.9982994794845581,404.06058073043823,113.67411345243454,0.999467670917511,445.813289642334,153.62779760360718,0.9993720650672913,382.5870780944824,151.06544345617294,0.9990288615226746,480.4814205169678,182.0193414092064,0.9958063364028931,348.82071590423584,177.4985715150833,0.9907622933387756,452.8450231552124,156.13111835718155,0.98974609375,360.9850149154663,168.3796501159668,0.9779316186904907,430.1200075149536,258.68695306777954,0.9993496537208557,389.1383080482483,249.44329798221588,0.9992656707763672,423.027569770813,335.24844992160797,0.9640507102012634,393.64462423324585,290.2052866220474,0.9736958146095276,411.51547479629517,409.2827932834625,0.9574680924415588,384.8115015029907,365.79626536369324,0.9529115557670593
380,22.417399974074215,52.357902883150494,45.95706810437096,9.696134112945007,15.81675644997942,174.92159307471368,176.07221099121136,176.2313414145335,165.86789534229325,416.1016263961792,118.10448133945465,0.9998437762260437,423.2198166847229,112.5228483080864,0.9994337558746338,410.7864680290222,111.7017228603363,0.9995709657669067,430.33704662323,116.26720228791237,0.9984167218208313,405.25449800491333,114.56414443254471,0.9995037913322449,447.9151420593262,157.97049862146378,0.9994240403175354,382.38909435272217,156.7951443195343,0.9991082549095154,480.22303581237793,193.5370072722435,0.9956670999526978,350.2409472465515,192.7396718263626,0.9890497326850891,451.4267883300781,170.99639362096786,0.9899336695671082,362.30797290802,185.0892773270607,0.9762779474258423,429.8619260787964,259.253781914711,0.9993870854377747,389.1386618614197,249.85895347595215,0.9993233680725098,422.93072605133057,338.0323359966278,0.9655061960220337,393.33288955688477,279.4179880619049,0.9755639433860779,411.74942111968994,410.28599059581757,0.960024893283844,385.028995513916,357.6865813732147,0.9551045894622803
381,23.663599975407124,42.630976843837566,40.382371654928434,32.09524095492603,36.53277184081477,173.89732802527266,172.98239821214798,176.95942395028612,163.03391015927932,416.7585563659668,118.85149452090263,0.9998590350151062,423.7571325302124,113.25751063227654,0.9994890689849854,411.4094319343567,112.55164560675621,0.9996129870414734,430.97663974761963,117.03071889281273,0.9985701441764832,405.7417998313904,115.59128844738007,0.9995524287223816,450.42029094696045,159.72283881902695,0.9994801878929138,382.4942021369934,157.52283346652985,0.9991956949234009,477.9647979736328,205.04359012842178,0.9957293272018433,351.06902170181274,200.86985510587692,0.9894039630889893,447.32740783691406,189.69158852100372,0.9906716346740723,365.60849380493164,196.2782280445099,0.9779557585716248,430.4491548538208,259.2970312833786,0.9994369149208069,389.69278383255005,250.19953513145447,0.9993858337402344,423.16350984573364,338.7626178264618,0.9676381349563599,393.1160526275635,267.08715999126434,0.9776819944381714,412.67259550094604,410.8603695631027,0.9631813168525696,385.4777822494507,346.31208288669586,0.9580435156822205
382,29.66899995226413,37.71325516332498,37.88719755050359,50.36896635116344,63.853115516084486,173.5578820506637,105.5225313306111,176.87791773779617,96.17199459091916,417.9131245613098,119.23076698184013,0.9998729825019836,424.60193729400635,113.79908218979836,0.9995395541191101,412.3654856681824,113.01912626624107,0.999651312828064,431.2598419189453,117.5961303114891,0.9987108111381531,406.19154691696167,116.31570112705231,0.9995968341827393,450.4739694595337,161.62810456752777,0.9995309710502625,382.3590455055237,159.373310983181,0.9992747902870178,474.2968168258667,210.16958051919937,0.9954901933670044,353.29506254196167,204.2701301574707,0.989702045917511,442.7364797592163,202.59816312789917,0.9912251234054565,369.69223070144653,206.21670788526535,0.9794577360153198,430.45734310150146,259.3779742717743,0.9994803667068481,390.28233766555786,250.48322021961212,0.9994419813156128,423.2366986274719,339.7989501953125,0.9698050022125244,393.0246171951294,250.9940642118454,0.9796659350395203,412.79167890548706,411.8134511709213,0.9661988019943237,386.3080048561096,338.6770592927933,0.9607359766960144
383,28.765900002326816,34.1876090699363,37.2664686273765,61.607995339699535,76.58826813713722,173.22459778941254,13.240783692307659,176.21625970603492,4.9415702473262515,418.7699842453003,119.76968175172806,0.9998854994773865,425.16894817352295,114.33935740590096,0.9995850920677185,413.06075382232666,113.51157930493355,0.9996858835220337,431.59965419769287,118.24484235048294,0.998837947845459,406.7103886604309,116.91385585069656,0.9996368288993835,450.3606986999512,162.95020186901093,0.99957674741745,382.5501298904419,160.60486382246017,0.9993458986282349,471.4626216888428,213.6783921122551,0.9954298734664917,354.1963005065918,205.99266874790192,0.9895058870315552,439.5629777908325,210.43496012687683,0.9917899966239929,370.55070781707764,211.49060940742493,0.9805285930633545,430.32764530181885,260.53268682956696,0.9995214939117432,391.03762769699097,252.56169712543488,0.9994933605194092,423.54054832458496,340.9228639602661,0.9710438251495361,392.890926361084,239.32012510299683,0.9810877442359924,412.7934226989746,411.90445148944855,0.9685021042823792,388.3002257347107,326.1668517589569,0.9623259902000427
384,27.60380000108853,32.98973441197455,36.51494114983395,71.35621079942925,79.74471783800135,172.84853944647503,10.114250848736763,175.72378000155217,2.271118471998871,418.79176902770996,120.20945489406586,0.999896764755249,425.2905082702637,114.98474311828613,0.9996259212493896,413.1293683052063,114.08412772417068,0.9997169375419617,431.67633056640625,118.77424111962318,0.9989519119262695,407.1519980430603,117.36065915226936,0.9996727108955383,450.43585872650146,164.2919009923935,0.9996178150177002,382.513813495636,161.2708984017372,0.9994099736213684,470.29615020751953,215.3662428855896,0.9953374266624451,354.9590964317322,207.05267715454102,0.9890737533569336,439.89717960357666,216.7492112517357,0.992214024066925,371.2337441444397,213.23068422079086,0.981320858001709,430.2650203704834,261.3422876596451,0.9995613694190979,391.4260892868042,254.29754102230072,0.9995408058166504,423.7666096687317,342.29248428344727,0.971232533454895,393.25530338287354,231.76825255155563,0.9818552732467651,412.90702199935913,411.9114887714386,0.9701074361801147,389.7210636138916,317.13608157634735,0.9624797701835632
385,23.641200037673116,33.20669455825958,36.92551588603771,74.18756857332897,69.72610484257416,172.8383202059115,11.883378465114385,175.93846339998868,3.1622700849654675,419.6100378036499,121.3995960354805,0.9999064207077026,425.8733901977539,116.21747121214867,0.9996610283851624,413.69627809524536,115.34808909893036,0.9997439980506897,432.07068061828613,119.87658005952835,0.9990484118461609,407.55203437805176,118.69968724250793,0.9997040629386902,450.60462760925293,165.15576297044754,0.9996538758277893,382.41424036026,162.26761400699615,0.9994667172431946,470.1541700363159,214.9783234000206,0.995261549949646,354.3384323120117,209.06072425842285,0.9884196519851685,440.4944667816162,217.8926413655281,0.9925094842910767,372.6501340866089,212.51738303899765,0.9814550280570984,430.34917736053467,262.26146495342255,0.9995869994163513,392.2256817817688,256.2195737361908,0.9995795488357544,423.91614627838135,341.8550616502762,0.9703114032745361,393.9610848426819,239.48802268505096,0.9815791249275208,413.2392272949219,411.773193359375,0.9709364175796509,390.4848704338074,311.61452186107635,0.9585176706314087
386,29.537599999457598,34.1085781317902,38.35962557892074,67.47601434150441,52.39387445369211,172.57481534141456,10.558664762600378,175.63750602634676,2.0304495507805713,419.3558988571167,121.72144484519958,0.9999151229858398,425.5587491989136,116.55251136422157,0.999692976474762,413.5990047454834,115.50958332419395,0.9997684955596924,431.9269313812256,120.33518576622009,0.9991373419761658,407.6478672027588,118.98580119013786,0.999732494354248,450.6610860824585,165.5432550907135,0.9996869564056396,382.34383153915405,162.90598380565643,0.9995176792144775,470.4176092147827,213.84895360469818,0.995193362236023,353.5460171699524,208.22746163606644,0.9878215193748474,441.2292356491089,213.70634180307388,0.9927588701248169,372.2308654785156,206.53563636541367,0.9815331101417542,430.324107170105,262.3460832834244,0.9996194243431091,392.03533029556274,256.2543612718582,0.9996173977851868,424.15769958496094,341.77258014678955,0.9692086577415466,394.37418699264526,227.3830999135971,0.9820884466171265,413.3372082710266,411.65384447574615,0.9718338847160339,390.74982595443726,307.16824173927307,0.9564532041549683
387,30.4869000101462,36.28608868939102,43.44464723693647,55.69936178208504,40.353332794688285,172.6448013147319,11.017292634367159,175.42842653396397,2.822901970165742,419.081036567688,122.163554251194,0.9999225735664368,425.3694591522217,117.13990360498428,0.9997207522392273,413.3977355957031,115.74797481298447,0.9997897744178772,431.9028215408325,121.10102438926697,0.9992148280143738,407.55104875564575,119.44886574149132,0.9997571706771851,450.47083568573,164.82505345344543,0.9997164011001587,382.52268409729004,162.8180320262909,0.9995616674423218,470.9751682281494,209.61426204442978,0.9951087236404419,351.3286952972412,203.38807666301727,0.9869056940078735,442.11649799346924,204.68005895614624,0.9930194020271301,365.7178726196289,200.30586111545563,0.9808332324028015,430.2741184234619,262.4546340703964,0.9996469616889954,392.16601371765137,256.3221983909607,0.9996505379676819,424.2755193710327,341.62795972824097,0.9683281183242798,394.6937561035156,228.16064834594727,0.9822027683258057,413.29217290878296,411.73145401477814,0.9725001454353333,391.3459758758545,311.2907783985138,0.9548612833023071
388,26.365500001702458,40.768576720772614,50.81483093892444,42.95219129690039,33.46749160478056,172.5466557448394,11.8740757561813,175.49293229768716,4.671761684934503,418.86066150665283,122.08734077215195,0.9999288320541382,425.18486976623535,116.94320872426033,0.9997445344924927,413.1980838775635,115.69107112288475,0.9998076558113098,431.7771167755127,121.0538575053215,0.9992810487747192,407.5325241088867,119.47617438435555,0.9997776746749878,450.6338424682617,164.67034721374512,0.9997413158416748,383.91064262390137,162.30023622512817,0.9995973706245422,473.52348232269287,206.0000764131546,0.995167076587677,346.1231179237366,199.24623733758926,0.9863424301147461,445.62425231933594,196.89800745248795,0.9933918714523315,360.9614357948303,196.39222061634064,0.98054039478302,430.2624931335449,262.27115190029144,0.9996672868728638,392.27865266799927,254.7912619113922,0.9996771216392517,424.26682567596436,341.3420808315277,0.9684582352638245,394.9387717247009,232.16169929504395,0.9827508926391602,413.22204208374023,412.3321017026901,0.9735371470451355,392.10596656799316,311.97952032089233,0.9542592763900757
389,23.36509997257963,49.19153430719663,62.38623258539806,15.540881587687158,17.79569494049954,172.31089980477824,17.097015100081148,175.29048717989195,9.070644916382225,418.7069296836853,121.9842317700386,0.9999325275421143,425.0497131347656,116.82117456197739,0.9997618198394775,413.039297580719,115.60381025075912,0.9998205304145813,431.696346282959,120.91299790143967,0.9993311166763306,407.7777671813965,119.37770941853523,0.9997937679290771,450.70430183410645,164.15947473049164,0.9997583627700806,384.5630235671997,160.8807851076126,0.9996179938316345,477.56645488739014,199.49108916521072,0.9948614239692688,343.7081913948059,187.01139551401138,0.9845160245895386,452.2192792892456,180.2418578863144,0.9929720163345337,354.916259765625,173.46387267112732,0.9749149084091187,430.3340644836426,260.43758380413055,0.9996791481971741,392.593976020813,252.87703573703766,0.9996965527534485,424.32505321502686,341.1614762544632,0.9682952761650085,396.5011601448059,234.66396588087082,0.9827152490615845,413.0988645553589,412.30839717388153,0.9742958545684814,392.18426036834717,316.02199721336365,0.9533503651618958
390,24.859000055585057,57.88221860435219,76.12354510961715,5.08881527077669,47.84852428458443,172.0929585108502,24.85272946459708,175.11917220110743,16.850588507128123,418.5830445289612,121.93052619695663,0.9999369382858276,424.9493818283081,116.75823789834976,0.9997788071632385,412.9241819381714,115.54830974340439,0.9998332858085632,431.62937450408936,120.80343568325043,0.9993767142295837,407.61390113830566,119.35807198286057,0.9998100399971008,450.64819717407227,162.01985609531403,0.9997753500938416,384.806725025177,159.03911131620407,0.999641478061676,478.80975437164307,189.35015213489532,0.9950658082962036,337.8607716560364,175.00435364246368,0.9854682087898254,456.8036870956421,163.8283378481865,0.9931610226631165,351.77518224716187,142.803004860878,0.9758059978485107,430.4439992904663,256.8777447938919,0.9996815323829651,392.592661857605,249.75513219833374,0.9997120499610901,424.42012786865234,340.56775188446045,0.9684306383132935,396.30481910705566,239.52674198150635,0.9830133318901062,413.0631294250488,412.2909606695175,0.9747665524482727,392.1448860168457,316.4220966100693,0.9525906443595886
391,22.545300016645342,73.57960886926489,86.64464472690753,32.7460455368743,60.56224037632393,173.02471067017134,160.17309018422176,175.62857399377936,152.12944388819855,418.53100872039795,121.84233224391937,0.9999263882637024,424.8920135498047,116.57432124018669,0.999735951423645,412.8919596672058,115.42657473683357,0.999803900718689,431.5920219421387,120.64823085069656,0.9992464780807495,407.58473682403564,119.1823536157608,0.9997973442077637,450.5754632949829,159.22592693567276,0.9997735023498535,385.2179570198059,156.20791590213776,0.9996386170387268,483.2035074234009,176.49963361024857,0.9952791929244995,335.86850023269653,163.20092284679413,0.986539363861084,463.50687980651855,141.48180502653122,0.992608368396759,351.7902193069458,122.5158599615097,0.9760749936103821,431.09390354156494,255.17859733104706,0.9996461272239685,392.7175073623657,247.2325942516327,0.9997034668922424,424.4343309402466,339.7655302286148,0.9666006565093994,395.6138725280762,253.57725954055786,0.9821067452430725,413.13376569747925,412.15203845500946,0.9739272594451904,391.018319606781,332.4719145298004,0.9516180753707886
392,23.01369997439906,87.41157278513288,97.83157404390136,53.08254315744853,72.50711288779512,173.90623220516486,174.74485284965843,176.04855879770494,177.15664392460513,417.83657455444336,120.63951259851456,0.9999163150787354,424.560338973999,114.97630977630615,0.9996912479400635,412.2166819572449,113.91288956999779,0.9997670650482178,431.387113571167,118.94249483942986,0.9991173148155212,406.7810249328613,117.91294333338737,0.9997820258140564,450.2784118652344,157.00879848003387,0.9997634291648865,385.2513418197632,153.17030304670334,0.9996141791343689,486.29426765441895,165.62491035461426,0.9955794215202332,334.3572883605957,150.19588327407837,0.9875704050064087,467.8584280014038,123.1511812210083,0.9926031231880188,351.6000699996948,104.89361551404,0.9765584468841553,431.3504180908203,255.6188975572586,0.9996169805526733,392.6879892349243,247.940567612648,0.9996993541717529,424.44150829315186,338.3821202516556,0.9647906422615051,392.427405834198,267.3716713190079,0.9820404648780823,413.1889100074768,411.71857607364655,0.9731581807136536,387.40434551239014,346.9519912004471,0.9523928761482239
393,23.23029999388382,98.72229005487816,108.6020125994283,70.45360662012553,84.04480155746344,175.4459157083391,171.81899591437926,176.85584896947208,178.98652775844207,417.6505446434021,119.47384524345398,0.9999209046363831,424.323486328125,113.57628953456879,0.9997086524963379,411.98364543914795,112.61212491989136,0.9997791051864624,430.9370632171631,117.40666502714157,0.999173104763031,405.86346101760864,116.62306225299835,0.9997973442077637,450.0827531814575,154.5325157046318,0.9997694492340088,385.1733765602112,150.87516617774963,0.9996074438095093,487.2654848098755,155.36099183559418,0.9958920478820801,335.2899146080017,138.275496840477,0.9886012077331543,471.2569046020508,106.87032249569893,0.9928868412971497,352.45023250579834,91.46020632982254,0.9776899814605713,432.1978006362915,255.9766023159027,0.9996152520179749,392.7185435295105,248.3414932489395,0.9997072219848633,424.4225034713745,337.552632689476,0.9638837575912476,390.92220878601074,275.7161213159561,0.9822682738304138,413.2719044685364,411.38044464588165,0.9719396233558655,384.36933612823486,354.2806508541107,0.9529066681861877
394,22.494700038805604,109.14874307087445,117.2838999190255,82.95707801521188,93.08084148375981,176.5739536243312,172.18214390116827,177.50635815928027,178.03600011912755,417.58508920669556,117.46104726195335,0.9999279975891113,424.1660900115967,111.62917047739029,0.9997346997261047,411.9029507637024,110.55452480912209,0.9997990727424622,430.236159324646,115.96535417437553,0.9992477893829346,405.2958436012268,114.42055681347847,0.9998164772987366,449.0506296157837,152.5657663345337,0.9997761249542236,384.6625967025757,147.80557215213776,0.9996224641799927,487.9246892929077,145.72776478528976,0.9961763620376587,335.7250289916992,127.40469110012054,0.9896488189697266,472.86478328704834,96.52822461724281,0.9931246638298035,353.56499671936035,77.16339814662933,0.9792120456695557,432.4147891998291,255.59305620193481,0.9996151328086853,392.80853843688965,247.87389862537384,0.9997162818908691,424.25156116485596,336.7140280008316,0.9638164043426514,390.77987480163574,284.57264041900635,0.9829593896865845,413.4396119117737,411.3746039867401,0.9715433120727539,383.7970938682556,362.3833260536194,0.9546021223068237
395,23.170500004198402,117.68725695980346,125.05834907695514,94.10309237601113,101.65376457217687,176.86044948774176,172.8228018389917,177.73422131974127,175.8297801584989,416.85105323791504,115.98809000849724,0.9999324083328247,423.6005449295044,110.01608726382256,0.9997496008872986,410.9988822937012,109.03039056062698,0.9998102188110352,429.62942028045654,114.40147495269775,0.9992967844009399,404.44143533706665,112.85741123557091,0.9998306035995483,448.69469356536865,150.42386841773987,0.9997608065605164,384.376766204834,145.708675801754,0.9996181130409241,488.07859802246094,137.0209517478943,0.9964022636413574,336.58512353897095,117.81769073009491,0.9905831813812256,474.6918239593506,85.96127560734749,0.9930703043937683,353.7762989997864,66.77604228258133,0.9804213047027588,432.386736869812,254.64678394794464,0.9995967745780945,392.88453245162964,247.22239446640015,0.9997039437294006,424.2873468399048,335.0323740243912,0.9624579548835754,390.7107548713684,299.3811045885086,0.9833679795265198,413.6677203178406,410.4107242822647,0.9704244136810303,382.79537296295166,368.2474333047867,0.9547111988067627
396,24.37820000341162,126.58413064461699,132.06848064739015,104.07749136512184,109.35701137587887,177.0471696256391,173.30843634861486,177.79683801021724,174.52931576252135,415.7194323539734,114.41169610619545,0.9999369382858276,422.75189876556396,108.74111410975456,0.9997656941413879,409.9925618171692,107.57093805074692,0.9998220801353455,429.0090847015381,113.1063586473465,0.9993489384651184,403.9130153656006,111.75431016087532,0.999843955039978,448.31616401672363,148.92635190486908,0.9997503757476807,384.22336292266846,145.0863179564476,0.9996187090873718,487.3344783782959,128.2198761701584,0.9966340661048889,339.0228204727173,110.70086181163788,0.9914435148239136,474.1013603210449,74.65423673391342,0.993209183216095,355.73786449432373,58.96356236934662,0.9817803502082825,432.3168840408325,254.34503555297852,0.9996058344841003,392.8186979293823,247.29342257976532,0.9997047781944275,424.28426361083984,335.1492726802826,0.9626140594482422,390.8057789802551,308.4729025363922,0.984054684638977,413.87942695617676,410.32376968860626,0.970280647277832,382.3347840309143,374.09817826747894,0.9547588229179382
397,22.170000011101365,133.50360134246966,142.1373577330346,111.35562077750942,121.07230069209963,177.44948602905853,175.77790650171954,177.41181019181388,167.5270612247748,415.210825920105,114.26872816681862,0.9999402165412903,422.56367015838623,108.53530210256577,0.9997766017913818,409.1491470336914,107.62207943201065,0.9998294115066528,428.3720188140869,112.09760558605194,0.9993867874145508,402.9792265892029,111.40763854980469,0.9998535513877869,447.509672164917,147.83778125047684,0.9997469186782837,384.1415057182312,145.11368358135223,0.9996134042739868,486.6261444091797,120.06661516427994,0.9968679547309875,345.08055686950684,102.83323040604591,0.9922205805778503,473.0760097503662,65.79119318723679,0.993561863899231,360.2325048446655,50.660481333732605,0.9831063151359558,432.2569885253906,254.60342061519623,0.9996223449707031,392.87487840652466,247.59847593307495,0.9997087121009827,424.3744354248047,335.2884513139725,0.962066113948822,393.687132358551,319.3400044441223,0.984571635723114,413.62794160842896,410.1600033044815,0.9691531658172607,381.60544872283936,377.0496485233307,0.9514895677566528
398,22.835099953226745,137.55418767421108,148.4231591890901,116.18721384990756,129.26728868792347,177.76743335513152,176.2507906817654,176.82953798595122,166.74192398144316,414.22482442855835,113.51953542232513,0.9999385476112366,421.89761686325073,107.66114062070847,0.9997714757919312,407.5791263580322,107.1709241271019,0.9998239874839783,427.5553674697876,110.94541448354721,0.9993901252746582,401.8889765739441,110.483931183815,0.999849796295166,446.65556716918945,145.72235149145126,0.9997287392616272,383.95941829681396,143.7290769815445,0.9995763897895813,486.1528434753418,112.68261170387268,0.9970547556877136,350.03548288345337,97.77286195755005,0.9929227828979492,472.5947732925415,57.17253848910332,0.9938756823539734,363.4629201889038,45.09004171192646,0.984393298625946,432.05541610717773,254.54441571235657,0.9996324777603149,392.8626971244812,248.50215411186218,0.9996970891952515,424.36882495880127,335.7253041267395,0.9624125957489014,394.3856101036072,327.2484563589096,0.9841961860656738,413.2174425125122,409.6403555870056,0.9671434760093689,381.9810972213745,384.8642795085907,0.9481097459793091
399,22.20930001931265,141.4305718053102,155.11417440275375,121.82707798469853,138.9630796560485,177.84997275961098,176.57358112651158,176.740647593911,168.3026753227729,412.7331733703613,113.70158591866493,0.9999382495880127,420.2502121925354,107.55013248324394,0.9997730255126953,405.95135831832886,107.2870321571827,0.9998210072517395,426.0500440597534,110.52671045064926,0.99941086769104,401.201997756958,110.28972926735878,0.9998437762260437,445.7481880187988,144.5611857175827,0.999718427658081,383.6507668495178,143.19940042495728,0.9995384812355042,483.9443416595459,107.65418168902397,0.9972540736198425,355.3948173522949,93.75902566313744,0.9935258626937866,471.721360206604,51.070613130927086,0.9942179322242737,365.7921733856201,41.669876366853714,0.9855418801307678,431.4373550415039,254.53868901729584,0.9996206760406494,392.6414375305176,248.87681102752686,0.9996611475944519,423.97083568573,335.57994294166565,0.962347686290741,394.5587258338928,325.33850383758545,0.9834315180778503,412.9025993347168,409.4339096546173,0.9652093648910522,382.0448594093323,394.4658102989197,0.9472708702087402
400,23.033700010273606,145.16557953344386,161.8207817290076,128.326554084443,148.25866699464328,177.95037850226714,176.49753950733327,176.75262000594785,171.5303732224173,411.90482091903687,113.61193892359734,0.9999384880065918,419.69854164123535,107.12041667103767,0.999779462814331,404.91557025909424,107.05006521940231,0.9998232126235962,425.52791690826416,110.80687689781189,0.9994437098503113,400.2784948348999,110.32816365361214,0.9998388290405273,444.69670581817627,144.89225137233734,0.9996719360351562,382.79259300231934,143.45979410409927,0.9994285702705383,480.6660099029541,104.85003137588501,0.9973787665367126,360.6103267669678,91.9265473484993,0.9939553141593933,471.0363779067993,48.753648579120636,0.9944437146186829,368.425048828125,39.336166217923164,0.9864497184753418,431.04078102111816,254.55290603637695,0.9995909929275513,392.2767572402954,249.5179444551468,0.9996142387390137,423.87732791900635,335.6357853412628,0.9627544283866882,394.5181636810303,329.38317453861237,0.9823107719421387,413.15352869033813,409.1789150238037,0.9637663960456848,385.4871835708618,404.427894949913,0.9481465220451355
401,22.89670001482591,148.27694089054518,167.08511626926193,134.60224815643545,154.889678907188,178.18061088211002,176.34699613874548,176.82415281208614,173.34407239813115,410.894633769989,113.66083663702011,0.9999377727508545,418.7543659210205,107.32738256454468,0.9997835755348206,403.9172863960266,107.22668105363846,0.9998243451118469,424.66532039642334,111.07794758677483,0.9994706511497498,399.25850200653076,110.51201620697975,0.99983149766922,443.27255725860596,144.49981606006622,0.9996068477630615,381.1025285720825,142.8886061310768,0.9993157386779785,477.3465347290039,101.5736780166626,0.9974567890167236,363.9284625053406,91.58382174372673,0.994307279586792,470.6429376602173,46.62729251384735,0.9945734739303589,370.0262050628662,38.903209552168846,0.9872540235519409,430.2999973297119,254.61746668815613,0.999544620513916,391.61345863342285,250.2248066663742,0.9995591044425964,423.2571692466736,336.7777624130249,0.9631074070930481,394.4793200492859,334.83817923069,0.9807251691818237,413.0253977775574,408.89280819892883,0.9608575105667114,388.28753900527954,409.89270055294037,0.9476935863494873
402,24.64630000758916,150.30365138207034,172.63611686291858,137.94294530734564,162.66595732984578,177.48201262451298,177.42646353340416,176.42885095233567,174.0775536627422,410.04522943496704,113.09004041552544,0.9999403953552246,417.78115224838257,106.8500297665596,0.9997977018356323,402.8188986778259,106.99091786146164,0.9998340010643005,423.71204662323,110.96022269129753,0.9995117783546448,397.9262943267822,110.55220279097557,0.9998353719711304,441.8827791213989,144.78959822654724,0.9995496869087219,378.95500898361206,143.4115445613861,0.9991666078567505,474.5060214996338,100.56795924901962,0.9975254535675049,367.3512763977051,92.93921080231667,0.9944437146186829,469.17107486724854,46.547008380293846,0.9946258664131165,371.42359018325806,39.85204599797726,0.987693190574646,428.8914670944214,255.03668355941772,0.9995242357254028,389.5784010887146,252.07766318321228,0.9995215535163879,422.8485655784607,337.27330672740936,0.9641361236572266,394.13182497024536,338.67133259773254,0.9797561764717102,413.0313115119934,409.1855819225311,0.9605952501296997,390.38716745376587,412.276971578598,0.9489529728889465
403,21.768600039649755,151.92572164029102,176.22724008422858,138.66335046064745,166.371206205202,176.81664548057384,178.16183615305894,176.06276741216018,174.52162290385692,409.5756435394287,112.62243154644966,0.9999420642852783,417.2431035041809,106.70107159018517,0.9998087882995605,402.2668237686157,106.75638690590858,0.9998408555984497,423.0235514640808,110.93898975849152,0.9995468258857727,396.9967260360718,110.36106365919113,0.999835729598999,440.7362222671509,144.62120205163956,0.9995028376579285,377.3441481590271,143.2483195066452,0.9989988207817078,472.37490367889404,99.0786908864975,0.9975864291191101,368.43975734710693,90.0242802798748,0.9945105910301208,466.3599786758423,46.68226593732834,0.9946020245552063,372.2848219871521,36.78884108364582,0.9879029393196106,427.73576164245605,255.0612143278122,0.9994978308677673,388.3428602218628,252.95923233032227,0.9994738101959229,422.66134786605835,337.3125958442688,0.9647091627120972,394.1094083786011,337.83611834049225,0.9782284498214722,413.1722049713135,409.70648324489594,0.9599864482879639,392.0541076660156,411.8024821281433,0.949713408946991
404,22.506300010718405,152.57861598774434,176.08419013158766,138.47099707097274,165.54321789743034,176.11966740078608,178.66986418337572,176.2188580208048,175.29259951953307,408.1026940345764,112.24604380130768,0.999941885471344,415.3629150390625,106.27665510773659,0.9998156428337097,400.89013671875,106.42099061608315,0.9998423457145691,421.5360450744629,110.5773603618145,0.9995712637901306,395.66022205352783,110.06646651029587,0.9998251795768738,439.12328910827637,144.87707990407944,0.9994416236877441,376.3820290565491,143.48543602228165,0.9987525343894958,470.17135524749756,98.92139196395874,0.9976178407669067,368.036865234375,92.67386680841446,0.9944632649421692,463.41028881073,47.46674124896526,0.994526207447052,372.77692556381226,39.87409092485905,0.9877684712409973,426.2879581451416,255.43909072875977,0.9994655251502991,386.8209328651428,253.69088172912598,0.9993992447853088,422.36055612564087,337.4542247056961,0.9649362564086914,392.77553272247314,337.1519064903259,0.9767832159996033,413.9394488334656,411.1055347919464,0.959775984287262,391.9438695907593,413.2078586816788,0.9501727223396301
405,24.08489998197183,152.29538556067325,176.1932355650143,138.08226468605133,164.74846601538792,175.56922934126396,179.06858603039197,176.5982102937134,176.22531639108044,406.2033996582031,112.35225832462311,0.9999416470527649,413.51282596588135,106.37888088822365,0.9998213052749634,399.18854808807373,106.43495121598244,0.9998434782028198,420.3271412849426,110.63313865661621,0.9995920062065125,394.37337827682495,110.00813114643097,0.9998166561126709,437.5913791656494,145.05540519952774,0.9993751645088196,375.1085796356201,143.5293834209442,0.9986183047294617,468.81771659851074,99.49421817064285,0.9976806640625,366.9177794456482,91.71364107728004,0.9945350289344788,462.0244026184082,47.838898077607155,0.9944689273834229,372.5344624519348,40.58312201499939,0.9878897666931152,424.5809106826782,255.45880651474,0.9994450807571411,385.08815813064575,253.69843184947968,0.9993589520454407,421.30947828292847,337.2577791213989,0.9655909538269043,391.1877202987671,335.88365721702576,0.9765080809593201,413.9226679801941,411.36836445331573,0.9604092240333557,391.8131356239319,412.1448302268982,0.9519281387329102
406,21.830199984833598,151.7788291075071,176.7884673720872,137.40734973667477,165.10433057359634,175.24450648977432,178.5847928745137,176.66162399141504,178.77990867026742,404.44345712661743,112.36878311634064,0.9999430775642395,411.9609761238098,106.42055612802505,0.9998306632041931,397.6126389503479,106.33751904964447,0.9998486638069153,419.28677892684937,110.64494106173515,0.9996192455291748,393.1694025993347,109.82831719517708,0.9998161196708679,436.5867519378662,145.1804095506668,0.99934983253479,373.68915700912476,143.52888482809067,0.9985483288764954,468.24640941619873,99.88507223129272,0.9977683424949646,366.1103777885437,90.97318795323372,0.9945027232170105,461.1971368789673,47.337413385510445,0.9944972991943359,372.03558588027954,40.457565650343895,0.9879512190818787,423.5881109237671,255.3205395936966,0.9994502067565918,383.3126730918884,253.65409982204437,0.9993481040000916,420.7617754936218,337.2662124633789,0.9662977457046509,388.4819846153259,336.300993680954,0.9762378931045532,413.8482913970947,411.59743225574493,0.961143970489502,391.60767126083374,412.17776584625244,0.9533819556236267
407,25.575899984687567,151.33424920946476,176.69433765938064,137.67054899808525,164.40300427186338,174.24355617217887,178.52281345392745,176.3762765661868,179.24478821242062,403.1651554107666,112.42315110564232,0.9999436736106873,410.8392114639282,106.47653385996819,0.9998379945755005,396.2782578468323,106.34343093633652,0.999851644039154,418.4442992210388,110.69166633486748,0.9996428489685059,392.0123829841614,109.77244630455971,0.999813437461853,435.4722909927368,145.28421658277512,0.9993335604667664,372.67560863494873,143.5788010954857,0.9984775185585022,467.6769723892212,100.42598137259483,0.9978347420692444,365.22147274017334,90.41594633460045,0.9944292902946472,461.4487991333008,47.038848862051964,0.9945204854011536,371.9088702201843,40.39880648255348,0.9879422783851624,421.9387855529785,255.3529908657074,0.9994516968727112,381.70431423187256,253.96490836143494,0.9993292689323425,420.1424255371094,337.4702936410904,0.9668703675270081,386.3824825286865,337.67300724983215,0.9755669236183167,413.7695426940918,412.16058576107025,0.9615869522094727,391.55818796157837,412.55376183986664,0.9542893171310425
408,25.312700017821044,150.69534152573084,176.65774775658366,137.08452377391993,164.4815483600071,173.72999520915045,178.27483222106784,177.05808460230972,175.93016459848386,402.323130607605,112.82962536811829,0.9999448657035828,409.962007522583,106.54946374893188,0.9998458623886108,395.32058668136597,106.44142580032349,0.9998553395271301,417.739933013916,110.70182338356972,0.9996662139892578,391.1637873649597,109.80048859119415,0.9998132586479187,434.7528877258301,145.35031574964523,0.9993426203727722,371.69933700561523,143.47653257846832,0.9984627366065979,467.6336555480957,101.32229462265968,0.9979283213615417,364.6227955818176,89.37254819273949,0.9944313764572144,461.8145914077759,47.42896215617657,0.9946449995040894,371.75602293014526,39.04245229065418,0.9880276322364807,420.3700284957886,255.36669504642487,0.9994660019874573,379.65475034713745,254.20391952991486,0.9993347525596619,418.66287994384766,338.37009704113007,0.9678786993026733,383.2010450363159,339.3740351200104,0.9756782650947571,413.2750129699707,413.16560649871826,0.9619013667106628,391.5067081451416,412.7944824695587,0.9545245170593262
409,25.12949996162206,149.35618855983546,173.1259536427523,137.98132225462768,158.78909379730632,174.12784867103124,178.6335663315932,179.8145199549729,174.95386712078698,402.09805488586426,113.19247275590897,0.9999480843544006,409.2218556404114,106.56602415442467,0.9998571276664734,394.77629566192627,106.74405029416084,0.9998646378517151,416.8070034980774,110.73374757170677,0.9996945261955261,390.26922130584717,110.04173630475998,0.9998239278793335,433.8363094329834,145.39487570524216,0.9993612170219421,370.76170682907104,143.5150666832924,0.9984822869300842,467.8510990142822,102.58419039845467,0.9979902505874634,360.5192451477051,90.91154050827026,0.9944710731506348,464.5132761001587,48.78397727012634,0.9947540760040283,369.7003684043884,39.84754441678524,0.988329291343689,418.6397304534912,255.9776849746704,0.9994727969169617,378.8440885543823,255.06377851963043,0.9993403553962708,415.7975745201111,339.3448318243027,0.9687633514404297,383.04751539230347,341.6985604763031,0.9753425121307373,413.0144295692444,413.8932101726532,0.9629314541816711,393.06186866760254,414.5791599750519,0.9562993049621582
410,22.82270003343001,148.04901888226962,169.92212110326386,138.92909617064964,152.20189055280093,176.31879884451493,177.26514844596502,178.03122483634087,172.81358930576891,400.8339309692383,113.2037124633789,0.9999505877494812,407.92497873306274,106.60537737607956,0.999866247177124,393.63198804855347,106.82696628570557,0.9998726844787598,415.4742650985718,110.75157582759857,0.9997195601463318,389.2567849159241,110.05021238327026,0.9998345971107483,433.0750551223755,145.44113087654114,0.999363899230957,368.9575881958008,143.55976909399033,0.9985236525535583,468.22649478912354,102.89502742886543,0.9980273842811584,354.97062063217163,91.63391607999802,0.99457848072052,466.83929443359375,50.1839120388031,0.9948069453239441,366.629421710968,39.99426248669624,0.9886265993118286,418.2626919746399,256.2714273929596,0.9994581937789917,378.776282787323,255.83899068832397,0.999336302280426,412.5268497467041,339.7376660108566,0.9685256481170654,382.17266178131104,341.78978872299194,0.974431574344635,409.9709792137146,414.33020544052124,0.962577760219574,394.49910831451416,415.8522812128067,0.9575973153114319
411,23.46719999331981,142.83944183463728,165.3515201094739,135.63595554174586,144.78366023329966,175.77847232267888,178.28010555582344,178.45013340223016,172.53379625636077,399.93203592300415,113.44342878460884,0.99995356798172,407.16321897506714,106.80820494890213,0.9998754858970642,392.8240051269531,107.06459563970566,0.9998810291290283,414.6271605491638,111.19371372461319,0.9997434020042419,388.2656784057617,110.14404755830765,0.999845564365387,431.85399532318115,146.2090920805931,0.9993876814842224,367.97176361083984,143.73541623353958,0.9985883235931396,468.4830093383789,109.29978740215302,0.9980857372283936,349.66493940353394,91.88541343808174,0.9948155879974365,468.87427616119385,55.614624574780464,0.9949442744255066,364.0868191719055,40.81616431474686,0.989036500453949,417.12424755096436,256.29473304748535,0.9994394183158875,377.4120297431946,256.19752168655396,0.9993274211883545,412.1683359146118,339.72370541095734,0.9693766236305237,382.047336101532,342.38869845867157,0.9741827845573425,409.7836604118347,413.56641817092896,0.9627619385719299,395.8905544281006,416.75712752342224,0.9592360258102417
412,24.048899998888373,133.25373286658333,158.46249837608144,126.56871240102325,133.72259966531345,176.15709089172069,178.68895762773093,176.93884381787953,171.47158340885025,399.1152834892273,113.7676637172699,0.9999555349349976,406.5508189201355,107.20690116286278,0.9998818635940552,392.0698776245117,107.44973012804985,0.9998869299888611,413.8968143463135,112.13782066106796,0.9997626543045044,387.5285339355469,110.47276982665062,0.9998540282249451,430.3174352645874,148.63132739067078,0.9994024634361267,366.7538375854492,145.64448553323746,0.9986432194709778,468.86644172668457,121.12900257110596,0.9981196522712708,342.13268661499023,95.86152049899101,0.9951363801956177,469.9120101928711,64.79039624333382,0.9950199723243713,361.8946180343628,41.45319503545761,0.9895240664482117,415.64930152893066,256.4356496334076,0.999407947063446,376.03251218795776,256.6499305963516,0.9993073344230652,409.97588205337524,339.5426164865494,0.9706476330757141,381.2376093864441,342.5629495382309,0.9745386242866516,408.91302728652954,411.6762099266052,0.9635786414146423,396.99824237823486,416.739662528038,0.9611331820487976
413,22.86279998952523,122.9588888914802,153.3292388927653,115.37149080986356,125.57554601999406,175.5237570308549,178.30225561502718,176.90797835857649,169.5724374029667,397.31328773498535,115.494404733181,0.9999569058418274,404.98956775665283,108.72211772203445,0.9998867511749268,390.71651697158813,109.21392259001732,0.9998913407325745,412.55384063720703,114.06159844994545,0.9997792840003967,386.32319355010986,112.4067830145359,0.999861478805542,429.4493799209595,151.23439520597458,0.9994242787361145,365.1259684562683,148.4013051390648,0.998712956905365,470.01593017578125,132.26688313484192,0.9981595873832703,337.2950749397278,102.9033610522747,0.9954591989517212,470.3312282562256,74.42732712626457,0.9949997663497925,360.748010635376,47.57254621386528,0.989910364151001,414.8313865661621,256.58425879478455,0.9993926882743835,374.2557888031006,257.5095046758652,0.999294638633728,409.9267272949219,338.5713860988617,0.9723363518714905,378.87719535827637,343.2448536157608,0.975361704826355,409.51107263565063,410.4192430973053,0.9651423096656799,396.3897089958191,416.1168773174286,0.9631852507591248
414,25.343500019516796,102.69443548371999,144.44437460444468,95.00641249387158,111.11044499707688,175.4589604869148,178.31996875421225,175.58383352263928,170.6929585518625,396.75211477279663,115.69927653670311,0.9999592304229736,404.02143383026123,108.9521755874157,0.9998931288719177,389.87423944473267,109.31708857417107,0.9998963475227356,411.2379083633423,114.29594421386719,0.9997970461845398,384.982949256897,112.88965594768524,0.9998704791069031,428.7987174987793,152.3812299966812,0.9994515180587769,363.1792883872986,149.41752284765244,0.9987882375717163,470.9974584579468,148.8011196255684,0.998151421546936,331.46789836883545,112.723289757967,0.9957425594329834,471.1560173034668,90.9707804620266,0.99466472864151,361.0462245941162,57.22493703663349,0.9898692965507507,414.39601945877075,256.9112787246704,0.9993541240692139,373.2846474647522,258.8033103942871,0.9992617964744568,409.89212942123413,334.92635893821716,0.9737049341201782,378.6323313713074,343.8466409444809,0.9757005572319031,411.2193331718445,403.2963740825653,0.9661702513694763,395.22955560684204,416.28389167785645,0.9647864103317261
415,23.22879998246208,89.50921916384785,127.32546897952638,81.52312874308674,91.09842837432181,176.51294516878835,177.84761994534574,172.96626440405737,172.66402137136876,396.7830481529236,116.92533773183823,0.9999598264694214,403.5906915664673,110.58359277248383,0.9998951554298401,389.57984161376953,110.4212366938591,0.9998962879180908,410.279908657074,115.1658462882042,0.9998096823692322,384.25490283966064,113.88085141777992,0.9998739957809448,428.0573778152466,153.04217892885208,0.9994866847991943,362.58758640289307,150.3214147090912,0.9988465309143066,471.15874671936035,159.29470425844193,0.9980841875076294,327.8471260070801,128.74231600761414,0.9960300326347351,470.9491376876831,105.3923009634018,0.9943307638168335,359.2141041755676,76.01524564623833,0.9900617003440857,414.0113739967346,256.0714489221573,0.9993149638175964,372.9246172904968,258.0913197994232,0.9991874098777771,408.62600898742676,328.09409832954407,0.9740191102027893,377.84588050842285,342.75928115844727,0.9738057851791382,411.9097490310669,396.2714002132416,0.9654538035392761,391.55609035491943,415.57965064048767,0.9637754559516907
416,23.288200027309358,78.80076903983189,101.10821462276004,69.71742947641694,61.40988607869362,177.25194550132912,177.38173432592671,171.4050105955985,174.44541186896964,396.7729139328003,118.17758929729462,0.9999619126319885,403.7074246406555,111.7951093018055,0.9999004006385803,389.85670042037964,110.6952277123928,0.9999000430107117,409.95710468292236,116.00220730900764,0.999825656414032,384.3254380226135,113.84028020501137,0.9998791813850403,427.39771842956543,153.81637966632843,0.9995273947715759,361.7696461677551,151.12355089187622,0.99891197681427,469.5566806793213,168.2715124487877,0.9980798363685608,322.66141271591187,147.69887328147888,0.9961920380592346,468.41295433044434,119.99531638622284,0.994097113609314,356.9099717140198,96.14029088616371,0.9898085594177246,413.76347732543945,254.31153011322021,0.9993244409561157,373.07635259628296,256.8595960140228,0.9991706013679504,408.3017897605896,317.0145958662033,0.9753784537315369,378.27788639068604,342.26182794570923,0.968309760093689,412.3496904373169,381.0533776283264,0.9650354385375977,389.9121732711792,415.3877351284027,0.9631765484809875
417,22.913800028618425,67.1974214714397,88.89415991132819,57.13625122548906,42.25408270917419,178.28611980370084,176.96802052626336,170.54902168725584,175.0237036965063,396.7428398132324,118.72930365800858,0.9999608993530273,403.7310543060303,112.28746262192726,0.9998981356620789,389.67605352401733,111.34943851828575,0.9998939633369446,409.6465072631836,115.90946191549301,0.9998341202735901,383.7187747955322,113.8282071352005,0.999869167804718,426.558069229126,154.73975938558578,0.9995548129081726,360.79499197006226,152.0580278635025,0.9989596605300903,465.9943380355835,177.8625300526619,0.9978266358375549,320.72287034988403,157.54783433675766,0.9963122010231018,464.1713409423828,135.75934088230133,0.9930317401885986,355.9410037994385,115.49467539787292,0.9893590211868286,413.5152015686035,252.72751486301422,0.9993297457695007,373.04483795166016,256.4143668413162,0.9991380572319031,408.250714302063,303.9504374265671,0.9768639206886292,378.54082012176514,342.26325249671936,0.9651520848274231,412.3478202819824,369.38277196884155,0.965083658695221,389.61117935180664,415.1242786645889,0.9631755948066711
418,25.762600009329617,54.582042878843836,70.85207405697209,44.84798155557568,9.824202664040923,178.91766137312396,176.4044824944499,169.56698759746297,175.38948855688267,396.5125832557678,119.36881309747696,0.999958872795105,403.78950929641724,113.11819666624069,0.9999004602432251,389.714720249176,112.31911614537239,0.9998867511749268,409.3611569404602,115.89747431874275,0.9998464584350586,383.22288036346436,114.2284988462925,0.9998476505279541,425.229248046875,156.06725573539734,0.9995923638343811,359.42525482177734,151.75186336040497,0.998934268951416,461.041054725647,189.07521378993988,0.997310996055603,321.3167963027954,170.77776777744293,0.9938269257545471,459.74796867370605,159.2804872393608,0.9910042881965637,348.9695954322815,150.42374020814896,0.9791078567504883,413.14718532562256,251.05335402488708,0.9993526935577393,372.96090841293335,256.21262192726135,0.9990809559822083,406.8660159111023,293.9449894428253,0.9781638383865356,378.624623298645,341.7655428647995,0.9599977731704712,409.3361120223999,361.2542839050293,0.965164840221405,389.4214596748352,414.89888620376587,0.9618563652038574
419,26.4039000030607,44.76200322526088,54.89871540835906,21.917638310403234,6.535815749097714,175.48379435194585,176.55892741806952,165.58052547031124,176.2731204033767,396.38018131256104,119.21479776501656,0.9999597668647766,403.6635012626648,112.93868187069893,0.9999059438705444,389.58595752716064,112.20337849855423,0.9998905062675476,408.8368310928345,115.83151760697365,0.9998587965965271,382.86292600631714,114.45305794477463,0.9998483657836914,425.6046943664551,158.00886178016663,0.9996266961097717,359.43538904190063,153.37257504463196,0.9990071654319763,457.4088592529297,200.2482522726059,0.996467113494873,323.97431230545044,186.0585988163948,0.9929370284080505,451.23299980163574,177.2962710261345,0.9885086417198181,350.1340956687927,166.9599568247795,0.9765201807022095,412.8499822616577,251.31344854831696,0.9993839263916016,373.11918926239014,256.3827133178711,0.9990921020507812,406.22589206695557,281.6935658454895,0.9795748591423035,379.3247184753418,342.4119186401367,0.9574350118637085,408.820050239563,351.7986271381378,0.9637452363967896,389.31622552871704,414.85663402080536,0.9614810347557068
420,31.7462999955751,39.062277043514825,47.44786245173812,7.074215955539866,29.45917459733185,164.2531565202142,175.40698768080307,156.0001463995738,176.74896610896454,396.3653464317322,119.24215626716614,0.9999611973762512,403.66673612594604,113.0183000266552,0.9999100565910339,389.60698413848877,112.24563780426979,0.9998951554298401,408.4988889694214,116.3166983127594,0.9998669028282166,382.65789127349854,115.1318921148777,0.9998502135276794,425.513258934021,161.26145362854004,0.9996539950370789,358.05498695373535,156.31696528196335,0.9990919828414917,454.5084505081177,209.3141803741455,0.9953526258468628,324.29774808883667,198.37009572982788,0.9926276206970215,442.2332057952881,193.7045629620552,0.9873137474060059,353.98487186431885,186.50461149215698,0.9769316911697388,412.98215675354004,250.93195378780365,0.9993999004364014,373.3294553756714,256.21928882598877,0.9990963339805603,406.4260492324829,265.8656359910965,0.9803653955459595,379.44637966156006,341.5579003095627,0.9524635672569275,406.8497910499573,347.4275633096695,0.9621224999427795,388.91677045822144,414.9685182571411,0.9559677839279175
421,21.150799992028624,32.41433222950146,43.87001424885379,23.92246408575707,42.356309089717975,133.89477133684937,175.37909709942107,127.57011583764711,177.53999085142354,396.3246831893921,119.29935911297798,0.9999600052833557,403.64515352249146,113.07529631257057,0.9999077916145325,389.57764291763306,112.37948861718178,0.999894917011261,408.42615509033203,116.64366838335991,0.999864935874939,382.42432403564453,115.55693539977074,0.9998469948768616,425.27210998535156,162.33120596408844,0.9996618628501892,358.2451868057251,157.49374413490295,0.9991724491119385,447.79722118377686,211.58572667837143,0.9911571741104126,325.5680637359619,204.35687106847763,0.9924272894859314,437.54952812194824,202.51871591806412,0.9816136360168457,359.9492268562317,196.5733807682991,0.9772947430610657,413.11551904678345,250.63248467445374,0.9993730187416077,373.8201184272766,256.0259772539139,0.9990736842155457,406.28444814682007,255.6057631969452,0.9792478680610657,380.33690214157104,341.46992003917694,0.9424365758895874,404.03568744659424,340.68359637260437,0.9529882669448853,389.12511587142944,414.93563961982727,0.943000078201294
422,24.50420003151521,26.526043472628636,41.122696033705196,65.64172696596185,56.22710484566374,26.38570266427985,173.4924714381749,19.650577105248857,176.3140962854048,396.3782606124878,119.50988638401031,0.9999599456787109,403.5507106781006,113.20616269111633,0.9999080300331116,389.60963773727417,112.72620296478271,0.9998934864997864,408.13180780410767,116.95243269205093,0.9998646378517151,382.40486431121826,116.43203708529472,0.9998359084129333,425.45508193969727,162.6215152144432,0.9996795058250427,358.48830699920654,158.8254001736641,0.999244213104248,442.6634931564331,213.7617853283882,0.987932026386261,328.6812152862549,207.87457185983658,0.9923005104064941,434.21428298950195,212.90943372249603,0.9785153865814209,364.71895694732666,206.31000173091888,0.9773358702659607,413.1760210990906,250.79260420799255,0.9993962645530701,375.3711848258972,256.20481538772583,0.9991106390953064,406.7023015022278,231.39684361219406,0.9796878695487976,380.3489317893982,341.80169796943665,0.9399872422218323,404.72845363616943,326.17064106464386,0.9506587386131287,389.4195137023926,415.5256886482239,0.9414530396461487
423,21.83119999244809,21.9668207347104,38.64016600203469,129.13196855308362,67.36764028323456,20.75003431032996,173.06536265539356,13.753186261357756,176.1714937750445,396.27431535720825,119.94148260354996,0.9999624490737915,403.3766598701477,113.61983805894852,0.999914288520813,389.3838543891907,113.08347323536873,0.9998993873596191,407.92578744888306,117.3928611278534,0.9998732209205627,382.0077848434448,116.92310118675232,0.9998412728309631,425.52164936065674,163.01631528139114,0.9997013807296753,357.851544380188,160.83937340974808,0.999311625957489,438.6524648666382,215.7628663778305,0.9857867956161499,330.56527042388916,211.38070529699326,0.9920327067375183,433.7803564071655,222.25453108549118,0.9771227836608887,365.6655082702637,214.90359145402908,0.9770771861076355,413.1658363342285,251.07007825374603,0.9994307160377502,375.4196572303772,257.73706245422363,0.9991612434387207,406.81665897369385,223.03887462615967,0.9801502823829651,380.379460811615,342.6776543855667,0.9385955929756165,405.208957195282,315.99820721149445,0.9493978023529053,389.5576524734497,415.63469529151917,0.940222978591919
424,24.89709999645129,20.425272392317993,37.53142905698786,159.28819186435788,68.22111578993906,22.08219586246415,172.47066510641025,14.682714129098413,175.6943892564108,396.1415596008301,120.2898850440979,0.999964714050293,403.15613317489624,114.00665351748466,0.9999199509620667,389.1376256942749,113.47686299681664,0.9999051094055176,407.7104163169861,117.6176552772522,0.9998807907104492,381.6084814071655,117.15460497140884,0.999847412109375,425.53489208221436,163.0040926337242,0.999718964099884,357.26034784317017,161.74313706159592,0.9993717074394226,436.8291645050049,214.11900573968887,0.9832444190979004,331.2294030189514,213.14377236366272,0.991745114326477,435.4114351272583,223.89448845386505,0.97528076171875,366.0957703590393,216.24339592456818,0.976889431476593,413.1965928077698,251.1810507774353,0.9994547367095947,375.41263151168823,258.06661808490753,0.9991990923881531,406.2852063179016,223.69959563016891,0.980189859867096,380.0529417991638,342.5739185810089,0.9363161325454712,405.37840843200684,315.4907536506653,0.9470813274383545,389.60402727127075,415.62822782993317,0.938374936580658
425,26.50869998615235,19.602863086150464,37.687176333760924,165.5299586812741,62.05929540342402,21.587247637494617,172.23069160571762,14.095835405316375,175.36302096426013,395.8619966506958,120.4282231926918,0.9999667406082153,402.64371061325073,114.32040375471115,0.9999250769615173,388.7157793045044,113.83404779434204,0.9999104142189026,407.0142889022827,117.79252603650093,0.9998877048492432,380.97806215286255,117.32619214057922,0.9998537302017212,425.38442039489746,162.99402105808258,0.9997360110282898,356.8885407447815,161.78241193294525,0.9994256496429443,435.7634286880493,212.80334740877151,0.9800190329551697,331.2538161277771,212.33508324623108,0.9914310574531555,435.28178787231445,223.01850354671478,0.9728222489356995,367.5134491920471,211.66949027776718,0.9765182137489319,413.1547923088074,251.8997367620468,0.9994686245918274,375.4453845024109,259.07839119434357,0.9992257952690125,406.1228566169739,223.173337996006,0.9803441762924194,379.90969800949097,343.45152747631073,0.9353659152984619,405.58490896224976,313.5902316570282,0.9453125596046448,389.66925525665283,415.96105992794037,0.9377501606941223
426,24.268199980724603,18.044648930509066,38.46551877387265,122.04127989614767,54.062394029778716,21.974372782472347,172.33205458024855,13.589250717410978,174.88025533898104,395.17314767837524,120.58396935462952,0.9999671578407288,401.9320659637451,114.52880132198334,0.9999269247055054,387.9493188858032,114.08048087358475,0.9999111890792847,406.3003444671631,117.90351992845535,0.9998896718025208,380.2863574028015,117.46792784333229,0.9998512864112854,425.11587619781494,163.51354056596756,0.9997397065162659,356.3308300971985,161.44863963127136,0.9994734525680542,434.62369537353516,217.72873252630234,0.9761550426483154,331.28426933288574,208.96419668197632,0.9912661910057068,432.12724018096924,219.97561985254288,0.9695536494255066,367.07494831085205,203.84312099218369,0.9768069982528687,412.43003129959106,252.6742366552353,0.9994707703590393,374.8856773376465,259.9228650331497,0.9992440938949585,405.2572021484375,223.63942259550095,0.9809436202049255,379.28334760665894,343.7567232847214,0.9368195533752441,405.70469999313354,312.8543940782547,0.9445415735244751,389.6204037666321,416.1842585802078,0.9383150935173035
427,23.11609999742359,19.89730922765968,39.78088970571037,138.42024114441566,44.92548600356955,25.582189239972212,172.52597252272577,16.471613506139956,175.67604946982462,394.06070852279663,120.55369764566422,0.9999672174453735,400.90567922592163,114.5531896352768,0.999927818775177,387.12164878845215,114.0325019955635,0.9999120831489563,405.521146774292,117.87788513302803,0.9998924136161804,379.7233901023865,117.4166796207428,0.9998525977134705,424.51383781433105,163.2785323858261,0.9997390508651733,355.86736011505127,160.98272597789764,0.9995157718658447,435.0287609100342,212.63918215036392,0.9704095721244812,331.7293915748596,204.68755209445953,0.9912288784980774,433.24963665008545,215.7768412232399,0.9621699452400208,365.3534450531006,194.94249778985977,0.9774892330169678,412.13525438308716,252.81011033058167,0.9994727373123169,374.905086517334,260.13099193573,0.9992618560791016,405.03513383865356,230.57644468545914,0.9811024069786072,379.8948884010315,344.2379366159439,0.9352216124534607,406.90473318099976,317.0338842868805,0.9406659603118896,389.7321581840515,416.81325483322144,0.9354428052902222
428,23.995800002012402,22.600178285631586,42.72184090403094,37.49393437050569,28.55937631887446,30.222013951809757,172.430935330678,19.74666172807578,175.47427705385493,392.67714738845825,120.30256354808807,0.999966025352478,399.7544469833374,114.38002833724022,0.9999280571937561,386.07868337631226,113.85590040683746,0.9999110102653503,404.8612599372864,117.73303678631783,0.9998973608016968,379.1501874923706,117.39392954111099,0.9998523592948914,424.5032739639282,163.08516383171082,0.9997434616088867,355.8570237159729,160.77957075834274,0.9995484352111816,437.4130573272705,212.27087873220444,0.9654874801635742,330.66600608825684,201.3418943285942,0.9911803603172302,434.3933629989624,209.92861771583557,0.9510289430618286,363.9542908668518,182.43267488479614,0.9771018624305725,412.06805515289307,252.7760065793991,0.9994911551475525,374.9138307571411,259.9292470216751,0.9992893934249878,405.1296019554138,235.88228464126587,0.9821783900260925,379.8064603805542,344.50942754745483,0.9370386600494385,408.9784827232361,321.23690807819366,0.9421144723892212,389.75149154663086,416.7687803506851,0.9376363158226013
429,25.368500035256147,23.41598391961603,52.01848061000837,0.6675259867965878,14.476363196288627,34.23711074168692,172.30838658767118,24.294744563483484,175.33769027054646,392.28994941711426,120.17593520879745,0.9999654293060303,399.3102345466614,114.22011536359787,0.9999303817749023,385.6330304145813,113.74425834417343,0.9999096989631653,404.2165870666504,117.52807950973511,0.999904215335846,378.56101274490356,117.3378022313118,0.9998502135276794,424.1768560409546,162.18954861164093,0.9997596144676208,355.89905166625977,158.33251976966858,0.9995668530464172,437.70444774627686,210.16587668657303,0.9654064774513245,325.00481843948364,193.66528809070587,0.9910732507705688,435.3835849761963,201.55183041095734,0.9507336020469666,359.0809693336487,170.36964815855026,0.975045382976532,412.1371750831604,251.5959655046463,0.9995125532150269,375.0607895851135,258.2822096347809,0.9993113279342651,407.4251923561096,242.17307341098785,0.9835261702537537,379.81181812286377,344.30853736400604,0.9401200413703918,410.63463163375854,323.0342925786972,0.9449175596237183,389.76314210891724,416.7349045276642,0.9412776231765747
430,23.073400021530688,29.35744497947851,70.64482476238499,17.663511605492058,8.969554369697216,165.5193244436884,172.55515549969718,155.66572930938827,175.52498828715406,391.4493398666382,119.68992114067078,0.999965488910675,398.10545015335083,113.64118495583534,0.9999330639839172,384.42950963974,113.50346648693085,0.9999080896377563,403.05628204345703,116.99454954266548,0.9999109506607056,377.5486521720886,117.31558635830879,0.9998462796211243,424.18226432800293,160.58620220422745,0.999778151512146,356.0401220321655,156.53610396385193,0.9995768666267395,443.1424045562744,206.67500019073486,0.9674153923988342,321.47515296936035,176.4762567281723,0.9910039901733398,440.9463367462158,179.95179080963135,0.9528599381446838,359.3534560203552,145.85799723863602,0.9739608764648438,413.06588411331177,251.17387104034424,0.9995450973510742,375.067259311676,257.96191358566284,0.9993384480476379,409.5367999076843,260.14367043972015,0.9846600890159607,379.8395924568176,343.8550457954407,0.9418632388114929,413.40319442749023,337.6024919748306,0.9482115507125854,389.5961422920227,416.44375479221344,0.9439774751663208
431,22.433399979490787,40.37140696775029,85.71180047389537,32.173885819633625,32.04467116106086,179.89221985303158,172.82915124863806,170.00510971970806,175.7934467427022,391.33556365966797,118.62399372458458,0.9999678730964661,397.6911096572876,112.64531695842743,0.9999381899833679,384.27994775772095,112.65315198898315,0.9999131560325623,402.8473553657532,116.02584773302078,0.9999188184738159,377.5365719795227,116.649024695158,0.9998537302017212,423.36439990997314,159.4240107536316,0.9997960925102234,356.4728102684021,155.76121944189072,0.9995784163475037,449.5598678588867,198.3130994439125,0.9702140092849731,320.86052894592285,165.03937715291977,0.9912363886833191,448.3444185256958,159.42277139425278,0.9566622972488403,358.75154399871826,124.90420520305634,0.9736183881759644,413.1026554107666,250.80263304710388,0.9995765089988708,375.03837299346924,257.7732175588608,0.9993644952774048,410.761953830719,272.0056502819061,0.9856142997741699,379.6974606513977,342.60141241550446,0.9429970979690552,415.51874446868896,345.6586698293686,0.9512105584144592,389.2032833099365,416.29263842105865,0.946624219417572
432,22.944799973629415,60.08499248328571,99.54849615917388,48.850796174534324,52.04671868315984,178.33425169525447,172.86959684873466,170.8485297412223,175.75755950520352,390.50003385543823,118.3524386882782,0.9999685287475586,396.60641956329346,112.36223018169403,0.9999402761459351,383.4047908782959,112.62543022632599,0.999913215637207,402.48158836364746,115.5879193842411,0.9999237656593323,377.2253427505493,116.63682341575623,0.9998523592948914,423.42260217666626,157.34566205739975,0.9998044371604919,356.7021064758301,155.3881865143776,0.9995335936546326,457.0618190765381,181.8973571062088,0.9728127717971802,321.2310471534729,155.75546425580978,0.9918097853660583,453.3921699523926,140.16483610868454,0.9598092436790466,357.8203330039978,107.82943707704544,0.9749926328659058,413.2974042892456,250.41421496868134,0.9995988011360168,374.85704374313354,256.8811922073364,0.9993740916252136,410.8896803855896,280.71509873867035,0.9863831996917725,379.1554946899414,338.59138679504395,0.9440125823020935,416.8277521133423,354.3854693174362,0.9539051651954651,388.89400005340576,415.1020841598511,0.9483915567398071
433,21.721199969761074,76.28406883620382,120.58720773824983,66.0326495609298,76.22296390759817,177.28810001657249,173.03689271288553,170.1367915975561,175.98721498877757,390.60236167907715,118.01269751787186,0.9999704957008362,396.765736579895,111.99459630250931,0.9999437928199768,383.6247615814209,112.36781442165375,0.9999176263809204,402.5199770927429,115.34644374251366,0.999929666519165,377.34242963790894,116.52412006258965,0.999862015247345,423.31415843963623,154.87043344974518,0.9998131990432739,357.47822093963623,153.80578100681305,0.9995270371437073,460.5443515777588,168.1699277162552,0.9752855896949768,323.08063077926636,140.7111799120903,0.992480993270874,457.17984104156494,123.52172118425369,0.9630267024040222,358.82604694366455,88.93015387654305,0.9767969846725464,413.5021357536316,249.14377188682556,0.999610185623169,374.8609104156494,255.007337808609,0.9993823766708374,410.7330927848816,298.2094968557358,0.9868659973144531,378.8009738922119,336.0581077337265,0.9452767968177795,418.330548286438,363.541543006897,0.9552522301673889,388.0539970397949,413.7038588523865,0.9500070214271545
434,23.200099996756762,88.20602135844405,135.72748238061038,73.01125758563299,92.86614189384085,176.98245393883698,173.53765080063096,169.90186797673067,176.45190225198797,390.6364035606384,117.70131915807724,0.9999727606773376,396.8008146286011,111.81114262342453,0.9999476671218872,383.7201647758484,112.10715007781982,0.9999227523803711,402.46005630493164,115.20898881554604,0.9999355673789978,377.429265499115,116.31225371360779,0.9998725056648254,423.14308977127075,153.38673508167267,0.9998242855072021,358.4025831222534,153.05037009716034,0.9995231628417969,465.5852289199829,158.9161440730095,0.9776495695114136,325.55588245391846,128.73842698335648,0.9931104779243469,457.1351594924927,108.77536031603813,0.9661760926246643,359.0575165748596,78.39331275224686,0.9782072305679321,413.7197561264038,248.99892354011536,0.9996263384819031,374.86318492889404,254.4572046995163,0.9993951916694641,411.0137424468994,308.3334389925003,0.9872224926948547,378.8219246864319,336.64533615112305,0.9461275339126587,419.5947985649109,373.62833285331726,0.9569283127784729,387.25503635406494,412.9616392850876,0.9514850378036499
435,27.99349999986589,97.732364745689,147.87689502434776,80.05335247941102,108.57430898698185,177.385990696461,173.90673706120342,167.9627101851856,176.5383801521825,390.5034456253052,117.59843096137047,0.9999752640724182,396.7723579406738,111.5169016122818,0.9999522566795349,383.6152844429016,111.92546284198761,0.9999293684959412,402.5458559989929,114.6656721830368,0.9999415874481201,377.4863305091858,115.86355575919151,0.9998842477798462,423.1747055053711,152.2708985209465,0.9998371601104736,359.1107907295227,152.41200029850006,0.9995428323745728,467.93717670440674,150.46458208560944,0.9798229932785034,329.59650468826294,118.38146391510963,0.993697464466095,456.5059280395508,97.84853410720825,0.9692052006721497,360.68455171585083,65.58541679382324,0.9796092510223389,413.98562145233154,249.09271597862244,0.9996496438980103,374.86550998687744,254.04505360126495,0.9994274973869324,410.5699849128723,318.74283266067505,0.9873075485229492,378.78020000457764,336.4947041273117,0.9474406242370605,420.38233613967896,379.1273846626282,0.957224428653717,387.0621829032898,412.98069977760315,0.9528855085372925
436,26.804399967659265,108.43555726095724,156.26341715080673,88.46843170011765,119.72344028479684,177.68219723238968,174.3393678227032,167.4416410152093,176.36206382807015,390.55641651153564,117.43296936154366,0.9999771118164062,396.8166856765747,111.18813660740852,0.9999553561210632,383.7199373245239,111.62474724650383,0.999934196472168,402.82364988327026,113.82750910520554,0.999946117401123,377.5100359916687,114.93187090754509,0.9998941421508789,423.6089859008789,150.9394846558571,0.9998449087142944,360.0374779701233,151.1979267001152,0.999549925327301,469.28849029541016,140.32138001918793,0.9817537069320679,334.2572350502014,109.91681742668152,0.9942219853401184,455.97298431396484,89.266184091568,0.9717872738838196,362.12093210220337,58.15011881291866,0.9808864593505859,414.4146451950073,249.12619292736053,0.9996629953384399,374.9147152900696,253.82481801509857,0.99944007396698,410.40831756591797,324.76683151721954,0.986907958984375,378.5817360877991,334.9616023302078,0.9492239356040955,421.3306312561035,389.851034283638,0.9583582878112793,387.0799493789673,412.8636586666107,0.9529134035110474
437,23.096300021279603,118.32280012175667,161.04907613496184,94.8274606596806,127.04197725569587,177.47387545454419,175.05659088157628,168.35429537865528,175.65127532200975,390.600971698761,116.07399043440819,0.9999786019325256,396.85259771347046,109.61365160346031,0.9999578595161438,383.7956027984619,110.50247883796692,0.9999380707740784,403.64947509765625,112.48444953560829,0.9999497532844543,377.55064868927,114.0480509698391,0.999902606010437,424.3251543045044,149.38490062952042,0.9998474717140198,361.3096385002136,150.31798154115677,0.9995411038398743,471.3609256744385,129.4571414589882,0.9835067987442017,337.941668510437,103.35141083598137,0.9946077466011047,455.36533546447754,80.61550548672676,0.9740013480186462,362.80657148361206,53.49238546192646,0.981589674949646,414.9363679885864,249.42033421993256,0.9996708631515503,374.9528765678406,253.92804098129272,0.9994482398033142,410.8965039253235,330.9814637899399,0.9869890809059143,378.59472608566284,335.4442687034607,0.951991617679596,421.605215549469,400.0752648115158,0.9606760740280151,387.8632159233093,411.9588978290558,0.9551375508308411
438,24.599399999715388,126.85217825095549,163.1807116013302,103.71157679779121,133.1593495831756,176.72571297965703,176.2753154916419,170.76743194729383,175.9076553450586,390.6243486404419,113.84691148996353,0.9999800324440002,397.2398462295532,107.46745866537094,0.9999603629112244,383.9701590538025,108.28918242454529,0.9999418258666992,405.12073135375977,110.99784508347511,0.9999530911445618,377.9460349082947,112.20146960020065,0.9999103546142578,425.38957595825195,147.91241347789764,0.9998501539230347,362.9757447242737,148.35861134529114,0.9995327591896057,470.5342664718628,120.4076811671257,0.9850760698318481,341.9007873535156,99.48548567295074,0.9948659539222717,454.60832691192627,70.3258880674839,0.9760435819625854,363.8382148742676,49.06676489114761,0.9819467067718506,415.4748463630676,250.8806129693985,0.9996895790100098,375.0196461677551,253.94741487503052,0.9994747638702393,412.1582269668579,336.2158625125885,0.9871349930763245,379.03433895111084,336.54823875427246,0.9547017812728882,420.9318332672119,407.60065495967865,0.9630860090255737,388.10701847076416,411.7968409061432,0.9572784900665283
439,23.72490003472194,133.5529696142703,164.8499873381883,110.04540928351645,140.38088744678234,175.35385444051602,177.88944638448586,173.44950535049173,176.01819685778048,392.14996576309204,113.78527829051018,0.9999808073043823,399.17242431640625,107.57264038920403,0.9999616742134094,385.2609453201294,108.34618583321571,0.9999441504478455,407.62507152557373,110.76718890666962,0.9999551773071289,379.60665702819824,111.89515551924706,0.9999164342880249,427.4511442184448,146.27188628911972,0.9998436570167542,366.33062648773193,147.18006604909897,0.9995100498199463,469.661358833313,114.05988186597824,0.9864825010299683,346.6999092102051,93.44133654236794,0.9951263070106506,453.26252269744873,61.41910368204117,0.9779443740844727,365.0944790840149,41.645833507180214,0.9825942516326904,415.8050298690796,253.39739573001862,0.9997043013572693,375.54147005081177,254.2422969341278,0.9994968175888062,413.4715814590454,339.16841542720795,0.9869950413703918,379.6380705833435,337.80477821826935,0.957682192325592,419.91800689697266,412.9683631658554,0.9652553200721741,388.4560046195984,411.8812313079834,0.9598427414894104
440,22.260500001721084,139.64153335559647,167.1383483479916,117.1582201389164,149.64084696524355,174.91811955262168,178.49137628161355,174.21138435653145,175.4029568181602,393.67300510406494,114.00625464320183,0.9999798536300659,400.7607421875,107.71299427747726,0.9999598264694214,387.16228675842285,108.24261385202408,0.9999419450759888,409.3279995918274,110.88854640722275,0.9999529123306274,382.68988609313965,111.39319360256195,0.999916672706604,429.8549003601074,144.952381670475,0.9998157620429993,369.65237617492676,145.19914239645004,0.999451756477356,468.41310596466064,109.15457579493523,0.9877508282661438,353.2616271972656,90.12140616774559,0.9953089952468872,453.20606422424316,55.110661163926125,0.9797081351280212,366.454309463501,36.355806067585945,0.9834647178649902,416.94142723083496,253.7711979150772,0.9997112154960632,376.7230291366577,254.21383440494537,0.9995071291923523,414.4440369606018,338.6297357082367,0.9859744310379028,379.9412884712219,337.89757347106934,0.9600969552993774,419.8332939147949,413.76069843769073,0.9665734767913818,388.75735235214233,411.8378394842148,0.9616867899894714
441,22.008700005244464,145.48362449786006,169.35585846231788,123.14766628595609,156.23863504075103,175.63871819684906,177.61631514065158,175.1522338391851,174.16511376837911,397.1967821121216,113.5321854352951,0.9999765753746033,403.89828157424927,107.19660878181458,0.9999536871910095,389.6004638671875,107.84154576063156,0.9999347925186157,411.79549264907837,110.80808064341545,0.9999446868896484,384.8675808906555,111.48472100496292,0.9999086856842041,432.2512264251709,144.59919273853302,0.9997486472129822,372.00424814224243,144.97578704357147,0.9993150234222412,468.18944549560547,103.3576574921608,0.9888134002685547,358.16959714889526,89.97693532705307,0.9952947497367859,452.9730529785156,49.5237038731575,0.9810278415679932,367.5335659980774,34.85882019996643,0.9841383695602417,419.68181133270264,254.02305853366852,0.9997063875198364,378.63781547546387,254.20477426052094,0.9995047450065613,416.44993019104004,338.4775651693344,0.9852320551872253,380.2594676017761,339.3063404560089,0.9620828628540039,419.870671749115,412.21050202846527,0.9674814343452454,389.07636547088623,411.8832256793976,0.9630637168884277
442,24.255700001958758,148.9927289972858,171.51801963666804,127.36531146278384,162.12733615167926,174.88875558909336,178.18961016467648,176.542190035646,174.45046823863314,399.7599058151245,113.55799117684364,0.9999750256538391,405.8977303504944,107.22910991311073,0.9999510049819946,391.76741790771484,107.68829968571663,0.9999323487281799,412.9045705795288,110.84441381692886,0.999940037727356,386.9956660270691,111.59328603744507,0.9999055862426758,433.590106010437,144.858318567276,0.9996989369392395,373.3880367279053,144.82140845060349,0.9992198348045349,467.85286808013916,100.86121019721031,0.989805281162262,362.0838828086853,88.92956268787384,0.9954225420951843,453.5688238143921,46.510308384895325,0.9825030565261841,368.53978538513184,31.723636284470558,0.9850738048553467,420.2321171760559,255.2037833929062,0.9997027516365051,379.0325698852539,254.2843211889267,0.9995082020759583,417.62820386886597,338.47032845020294,0.984646737575531,380.73468923568726,339.70869064331055,0.9640012383460999,419.74367809295654,411.1756796836853,0.9683959484100342,389.17636823654175,411.66655147075653,0.9645039439201355
443,23.83889997145161,151.1871079892706,173.40214347317112,131.51882532744017,166.69123077622797,175.08581827288515,178.9993825476401,177.18209529486373,175.6320533646192,400.5532307624817,113.6569974720478,0.9999731779098511,407.28697776794434,107.34016078710556,0.9999477863311768,393.0660638809204,107.72699761390686,0.9999270439147949,414.87680101394653,110.92851930856705,0.9999338984489441,388.76361989974976,111.59323617815971,0.9998960494995117,435.52713203430176,144.45582592487335,0.999665379524231,374.763409614563,144.29686027765274,0.9991183876991272,467.79585361480713,99.84386709332466,0.9907304644584656,365.5279002189636,86.89368698000908,0.9953610301017761,455.35285091400146,44.187143474817276,0.9838943481445312,369.7028703689575,29.615274079144,0.9856903553009033,421.7875556945801,255.29877245426178,0.9996998906135559,379.64315032958984,254.21018755435944,0.9995098114013672,418.69689655303955,337.5511796474457,0.9838280081748962,381.93062829971313,339.216365814209,0.9655372500419617,419.56866693496704,412.5447301864624,0.9689124822616577,389.307026386261,410.4822082519531,0.9653826951980591
444,21.803600015118718,154.21414590485296,173.61835271654252,137.9907154128143,167.4075138572872,174.85498683058842,179.2549754364522,177.8839126506957,176.50071744538974,403.59061574935913,112.4613219499588,0.9999732375144958,409.6627321243286,106.66151893138885,0.9999486207962036,396.1700415611267,106.60345423221588,0.9999286532402039,416.949640750885,111.0177531838417,0.9999342560768127,391.7208914756775,111.01858654618263,0.9998970627784729,437.64440059661865,144.23034799098969,0.9996236562728882,375.94115257263184,144.1354728937149,0.99899822473526,467.1107702255249,99.48470216989517,0.9915253520011902,367.0222806930542,86.43709701299667,0.9953241348266602,458.6301212310791,43.693329989910126,0.9851018190383911,370.8169016838074,29.387540012598038,0.9862905144691467,422.8467206954956,255.42592787742615,0.9996920824050903,380.5509338378906,253.87222707271576,0.9995083212852478,419.421733379364,335.95930087566376,0.9831328392028809,382.9491047859192,336.60220074653625,0.9666517376899719,419.0013527870178,411.4241498708725,0.9693928360939026,389.6014494895935,410.2731696367264,0.9660110473632812
445,26.198800012934953,156.10625014408208,171.8118589239394,142.75805265964246,165.06993196157447,174.73048238956602,179.9749184924026,179.2741826488037,178.6070296867501,405.546040058136,112.94368916749954,0.9999694228172302,411.3765273094177,106.77786913514137,0.9999415874481201,398.13165760040283,106.68884181976318,0.9999197721481323,418.8913927078247,111.47975644469261,0.999922513961792,393.7640109062195,111.06860965490341,0.9998811483383179,439.50469970703125,144.38865834474564,0.9995695352554321,377.84105348587036,144.30546456575394,0.9988876581192017,466.6001672744751,100.51748740673065,0.9922521114349365,367.56048107147217,88.19527786970139,0.9953058362007141,461.160138130188,44.450129836797714,0.9862298369407654,371.9780659675598,32.65240792930126,0.986871063709259,424.1966190338135,256.0486845970154,0.9996668100357056,382.0403861999512,253.89154398441315,0.999485433101654,420.7039270401001,334.8822833299637,0.9817880392074585,385.1493172645569,334.1047348976135,0.9674783945083618,418.3341369628906,409.8322710990906,0.9690605401992798,389.91409397125244,409.57491171360016,0.9662840366363525
446,24.28199996938929,157.62299501389234,170.72473629194195,145.655831002277,162.2546803742631,174.6228234265603,179.41847101142034,179.7119326495491,179.56620202935017,407.6327795982361,112.97456631064415,0.9999668598175049,413.3539638519287,106.85508692264557,0.9999358654022217,400.12097215652466,106.75695672631264,0.9999127984046936,420.68724727630615,111.72426638007164,0.9999116063117981,395.56115436553955,111.07410842180252,0.999867856502533,441.37712955474854,144.54198276996613,0.9995276927947998,379.0311040878296,144.3665208220482,0.9988047480583191,466.8884744644165,101.3781298995018,0.9929073452949524,367.6352114677429,87.98636746406555,0.9953428506851196,463.2365665435791,45.80343548953533,0.9872329831123352,373.7660608291626,32.616078317165375,0.9873780012130737,425.15520000457764,257.00917387008667,0.9996506571769714,383.1595983505249,254.24671304225922,0.9994744062423706,421.2913579940796,335.16158080101013,0.9811210632324219,386.96635007858276,333.9845597743988,0.9687723517417908,417.9962959289551,409.37296736240387,0.9693419933319092,389.9840478897095,409.1358366012573,0.9670932292938232
447,43.6426000087522,157.3884155813167,168.7102285113793,146.11165848246551,157.77946321672914,175.11864658731085,178.64103710912863,179.61102954358236,177.02852428466167,408.539981842041,113.04859310388565,0.9999591708183289,414.6666359901428,106.86561435461044,0.9999145865440369,401.2102870941162,106.72660666704178,0.9998880624771118,422.0655264854431,111.7741327881813,0.9998669028282166,397.29352474212646,111.09529149532318,0.9998225569725037,443.56086444854736,144.6421999335289,0.9994560480117798,380.58040142059326,144.62191432714462,0.9987062215805054,468.5956735610962,102.52620404958725,0.9934712648391724,367.4017958641052,89.36662206053734,0.9954710602760315,465.5568733215332,47.48428103327751,0.9880558252334595,375.8216142654419,35.01479785144329,0.9878445863723755,427.16410064697266,259.6111732721329,0.9996268153190613,384.6991910934448,255.6307498216629,0.999448299407959,422.8105812072754,336.6263041496277,0.9809441566467285,389.48494386672974,334.2407795190811,0.970417857170105,418.14795541763306,410.23741340637207,0.9701060652732849,390.14745903015137,408.3241844177246,0.9683720469474792
448,49.196200037840754,156.428973693175,165.89119820055086,146.31011699950113,152.7510252628475,175.7860191737908,179.0489346266712,179.73534108146336,177.04691068910097,409.0723695755005,113.22971051931381,0.9999523162841797,415.38323402404785,106.91597935557365,0.999893844127655,402.09658908843994,106.76580318808556,0.9998684525489807,422.9356288909912,111.90263441205025,0.9998221397399902,398.7849736213684,111.14153242111206,0.9997892379760742,445.04131984710693,144.8408678174019,0.999350905418396,382.48667097091675,145.26827585697174,0.9986488819122314,470.62625789642334,103.06099474430084,0.9939430952072144,366.83026123046875,90.87280696630478,0.9956535696983337,468.5173797607422,48.35535480082035,0.9887139797210693,377.4663906097412,37.11605332791805,0.9882814884185791,428.8473415374756,261.3769042491913,0.9995808601379395,386.28207540512085,256.8366892337799,0.999412477016449,423.98695945739746,336.593169093132,0.9807220101356506,390.21299028396606,334.4491628408432,0.9720986485481262,418.9381465911865,409.4911196231842,0.9706030488014221,390.1437439918518,408.39905881881714,0.9697062969207764
449,23.69219996035099,154.33328264711798,164.00525925104455,145.55988023150573,149.09333670922226,175.9691412103262,179.03999926075667,179.5722455412591,176.4592807189412,410.2090702056885,113.28795328736305,0.9999476671218872,416.5283250808716,106.88948982954025,0.9998779892921448,403.39033222198486,106.78222826123238,0.9998549818992615,424.294322013855,111.92569077014923,0.9997802972793579,400.21804332733154,111.17013028264046,0.9997631907463074,446.42432498931885,145.19743293523788,0.9992424249649048,383.6572365760803,145.85933631658554,0.9985569715499878,473.1777057647705,105.00535017251968,0.9942957758903503,366.3210482597351,92.03648707270622,0.9958239793777466,472.4252462387085,50.49586734175682,0.9892802834510803,378.7363018989563,38.486414417624474,0.9886341691017151,430.0053720474243,262.2833745479584,0.9995365738868713,387.2854390144348,257.6522731781006,0.9993707537651062,424.82160472869873,337.3242486715317,0.9803066849708557,391.07412099838257,334.5982848405838,0.9733266234397888,419.2833671569824,409.63952934741974,0.9705523252487183,390.1439208984375,408.42706549167633,0.9703585505485535
450,21.577100036665797,153.2482439518526,161.8509809388818,145.94694188616765,144.26737267652055,176.76003159311227,179.26560528529362,179.366134421481,175.00558556276573,412.0454111099243,113.34883859753609,0.9999425411224365,418.04193782806396,106.8688979446888,0.9998574256896973,405.1324071884155,106.78715008497238,0.9998407363891602,425.4736318588257,111.96168205142021,0.9997250437736511,401.5276827812195,111.18878477811813,0.9997416138648987,447.71463108062744,145.92744410037994,0.9991442561149597,385.0590190887451,146.76519405841827,0.9985224604606628,475.6329164505005,105.90229734778404,0.9945403337478638,365.5863046646118,94.11166614294052,0.9960849285125732,476.42894554138184,51.830660954117775,0.9897910356521606,380.05620193481445,41.71071468293667,0.9891776442527771,431.02501106262207,262.5420445203781,0.9994813203811646,389.22744369506836,257.96632969379425,0.9993268251419067,424.5820732116699,337.62226474285126,0.979806125164032,393.0858268737793,334.63116347789764,0.974394679069519,419.2457365989685,409.07862663269043,0.9703119993209839,390.36844062805176,408.27267265319824,0.970890462398529
451,22.369900019839406,147.83402492485624,156.48311377168054,140.60110643767,134.18900266412774,177.5961303247461,179.58313299511383,179.70290141305387,174.78061510190958,412.7933974266052,113.470587849617,0.9999423027038574,418.99402379989624,106.96609506011009,0.9998533129692078,406.207923412323,106.83455201983452,0.9998412728309631,426.53936767578125,112.03853657841682,0.9997124671936035,403.0986385345459,111.20345765352249,0.9997451901435852,449.1859378814697,146.28933703899384,0.9991260170936584,386.2182626724243,147.22627848386765,0.9985611438751221,478.69400691986084,111.2511373758316,0.9947019815444946,363.7424325942993,101.64599534869194,0.9963080883026123,479.3787364959717,55.537171736359596,0.9901389479637146,381.61624002456665,51.34746393561363,0.9896708130836487,433.02880668640137,262.1769605875015,0.9994631409645081,391.498722076416,257.91652739048004,0.9993107914924622,425.78458309173584,336.9571133852005,0.9801833629608154,394.5578918457031,333.6105011701584,0.9756151437759399,419.21197271347046,408.6774730682373,0.9709962010383606,390.831582069397,407.0411767959595,0.971828043460846
452,20.93190001323819,137.5148158096386,148.6506827175232,129.0914921095664,120.90455481241386,178.8707908457517,178.34687424535858,179.8687435898659,173.10270946740903,412.6151514053345,113.51202803850174,0.9999359846115112,419.28814363479614,106.97969952225685,0.9998252391815186,406.1860122680664,106.85205262899399,0.9998173713684082,426.99320888519287,112.06715580821037,0.9996443390846252,403.2964200973511,111.18525901436806,0.9997206330299377,450.18353939056396,147.53552001714706,0.9991147518157959,386.85985231399536,147.338105738163,0.9985946416854858,481.39405632019043,121.50300419330597,0.9948381781578064,361.14188051223755,110.08329758048058,0.996522843837738,480.6559009552002,64.3379517197609,0.9902556538581848,384.13349437713623,59.57934235036373,0.9899924993515015,434.7470245361328,261.9542747735977,0.9994397163391113,393.17215728759766,257.8531633615494,0.9992685317993164,426.11534786224365,337.0803085565567,0.9806649088859558,395.26488637924194,332.03671419620514,0.9766438603401184,418.08490085601807,408.41421604156494,0.9717557430267334,388.85384225845337,401.3904957771301,0.9724180698394775
453,21.118200034834445,117.54465039297644,130.8739020366228,105.02360167015011,98.25727991647453,179.55156590362336,179.65855104860267,179.5600302521958,167.63922909520846,415.5992622375488,113.8061052262783,0.9999346733093262,421.9955725669861,107.41890996694565,0.999817430973053,408.863468170166,107.1471911072731,0.9998143315315247,428.63641834259033,112.35100471973419,0.9996299147605896,404.09618949890137,111.3689050078392,0.9997256994247437,450.33770084381104,148.80391174554825,0.9991565346717834,387.75616216659546,147.38155454397202,0.9986567497253418,485.7509117126465,135.76361453533173,0.9950270056724548,356.62717390060425,123.64691072702408,0.9967297911643982,480.41429710388184,77.03037357330322,0.9906436800956726,384.5434880256653,73.42279785871506,0.9901648163795471,435.8051280975342,261.7899100780487,0.9994204044342041,394.5724992752075,257.26060712337494,0.9992373585700989,426.58217906951904,338.21823990345,0.9809604287147522,398.7359199523926,331.5348448753357,0.9772180914878845,417.5802369117737,408.2872030735016,0.9723806977272034,387.4392466545105,401.6514165401459,0.9727674722671509
454,22.237800003495067,99.17699211358024,110.7368415953236,84.37648978765267,75.27549686638578,178.88038885537557,178.8844785416027,178.93281382465875,164.55890443632288,417.941707611084,114.22558563947678,0.9999181032180786,424.38459491729736,108.52123466134071,0.9997657537460327,411.495888710022,107.83319076895714,0.999749481678009,430.9283695220947,113.10246250033379,0.999509871006012,405.0984916687012,111.57500192523003,0.9996389746665955,450.53543186187744,151.6386115550995,0.9991899132728577,388.4473867416382,148.4932599067688,0.9985812306404114,486.4048595428467,150.66250920295715,0.9952405095100403,354.60712814331055,137.9363824725151,0.9968946576118469,479.3632698059082,94.78373369574547,0.9911551475524902,383.6965856552124,91.47459429502487,0.9901213049888611,435.8147315979004,261.69833993911743,0.9993517994880676,394.8744788169861,256.32701337337494,0.9991151690483093,427.0578556060791,338.57320952415466,0.9808336496353149,400.69250679016113,329.8187737464905,0.9776982069015503,417.8063235282898,408.22751438617706,0.9726712107658386,387.1620593070984,399.984606385231,0.9729299545288086
455,22.45659998152405,77.95474994361489,83.04533185082867,60.7587348449179,47.336034808811704,178.4486853190247,179.8427485020397,179.98739658814557,164.45014485274623,418.1290011405945,115.48924785852432,0.9998828768730164,424.86684226989746,109.21343824267387,0.9996281862258911,411.87911891937256,108.83441507816315,0.9996066689491272,431.583176612854,113.11458542943001,0.9991539716720581,405.76906871795654,111.6891796886921,0.999462366104126,451.23082637786865,151.97326707839966,0.9991967678070068,388.4438486099243,149.29673516750336,0.9985584020614624,486.6938238143921,164.9671666622162,0.9953750371932983,353.4710593223572,156.0419984459877,0.9969236850738525,478.45988368988037,113.66454046964645,0.9914209246635437,380.695592880249,112.04296693205833,0.9893754720687866,435.7498826980591,261.04894411563873,0.9992105960845947,395.7357106208801,254.57803511619568,0.9989733099937439,426.8965673446655,338.43363201618195,0.9800643920898438,400.12764406204224,320.61862444877625,0.9783498644828796,418.9395365715027,407.8488972187042,0.9723372459411621,385.6421537399292,390.29028034210205,0.9734665751457214
456,21.940700011327863,58.04079503845036,64.60266101328187,34.57049866594903,24.608711236006624,176.61397446969562,179.92031647340602,179.87078078482597,163.47840248975925,418.21811151504517,115.42787107825279,0.9998676776885986,425.4306182861328,109.20738390088081,0.9995695948600769,412.7272596359253,108.90139746665955,0.999556303024292,433.0707082748413,113.02010208368301,0.9989199638366699,407.8464069366455,111.72910273075104,0.9993886351585388,453.41542053222656,152.7895917892456,0.9992361068725586,389.6164360046387,149.2765492796898,0.9986435174942017,485.88404655456543,181.53735882043839,0.9953071475028992,353.80617094039917,169.0637480020523,0.9966281652450562,474.4245433807373,135.2585969567299,0.9916795492172241,380.3754172325134,133.11570185422897,0.9886879324913025,435.4276599884033,259.56436252593994,0.9991955161094666,395.91648387908936,251.52590608596802,0.9989950656890869,426.9199695587158,338.1793781518936,0.9790815711021423,399.9418921470642,315.41043746471405,0.979499101638794,419.2271614074707,407.79633128643036,0.9722169041633606,384.6728572845459,381.9924701452255,0.9732636213302612
457,26.38009999645874,44.61992354436341,51.904941290013994,16.79839274893226,11.005369821221862,175.35980741828823,179.19263862191588,179.48585175653972,163.25111761474733,419.5589623451233,115.72736868262291,0.9998756647109985,426.5369920730591,109.53475996851921,0.9995989203453064,414.60289907455444,109.38298118114471,0.9995754957199097,434.19588470458984,113.10334572196007,0.9989950656890869,409.9079246520996,112.13763546943665,0.9994097948074341,454.20073413848877,153.5999476313591,0.9993022680282593,390.5840644836426,149.27944111824036,0.9987223148345947,481.1758041381836,193.3197774887085,0.9949812293052673,357.02511262893677,178.60023379325867,0.990586519241333,471.31538486480713,161.8230686187744,0.9917939901351929,367.0186667442322,165.74008530378342,0.9767888784408569,435.2860336303711,256.2726525068283,0.9991798996925354,395.8266911506653,247.704775929451,0.9990097880363464,427.06260681152344,337.25906121730804,0.9786863327026367,399.6779475212097,304.8385879993439,0.9808279871940613,419.27651834487915,407.6478645801544,0.9732015132904053,383.7209987640381,374.55198323726654,0.9742090702056885
458,21.4094000402838,37.73176705159728,44.450181698331065,3.0162637686217924,3.5007152786917843,172.5715861982531,178.30304833899984,177.83549413297973,161.78810625441042,420.3164258003235,115.88493114709854,0.9998835325241089,427.57785987854004,109.81038922071457,0.9996260404586792,415.510404586792,109.71208095550537,0.9996058344841003,435.6345901489258,113.48758274316788,0.9990513920783997,410.9012551307678,112.90640154480934,0.9994509220123291,456.7815990447998,158.1964609026909,0.9993559718132019,390.6839408874512,154.87227112054825,0.9988300800323486,479.0777931213379,204.95716261863708,0.9947816133499146,357.60958671569824,192.66211926937103,0.9893205761909485,467.1240129470825,176.06429082155228,0.9918099045753479,373.4142189025879,176.68760311603546,0.9755331873893738,435.4663772583008,256.4571603536606,0.9991941452026367,395.945951461792,247.3343926668167,0.999077320098877,428.74539279937744,336.31375765800476,0.9775894284248352,399.4828701019287,288.1377217769623,0.9817538261413574,420.0219521522522,407.6139317750931,0.9734059572219849,380.8771243095398,367.1055701971054,0.9749955534934998
459,22.06249994924292,31.770928477435042,39.9361990053682,26.474823099219645,13.388586206502069,171.1812874742047,178.04193137227676,176.4935137107037,164.55312613960226,421.15819787979126,116.4117443561554,0.999893069267273,428.611044883728,110.51161020994186,0.9996562600135803,416.2145938873291,110.34752330183983,0.9996398687362671,436.7391948699951,113.86222541332245,0.9991172552108765,411.5128970146179,113.74437943100929,0.999498188495636,457.96995639801025,159.01817041635513,0.9994142055511475,390.6855835914612,157.05073726177216,0.9989411234855652,474.8095932006836,208.6032439470291,0.9945521354675293,357.60791873931885,202.18626844882965,0.9895424842834473,458.5864505767822,192.5114445090294,0.9919982552528381,377.08626890182495,185.62324178218842,0.977022111415863,435.61174392700195,255.76303362846375,0.9992430806159973,396.4470520019531,246.13779830932617,0.999153733253479,429.6827449798584,336.6133977174759,0.9780368804931641,397.6053857803345,284.21955120563507,0.9830097556114197,420.08556270599365,407.58962893486023,0.9746701121330261,379.16274785995483,359.8476537466049,0.9757928252220154
460,21.50550001533702,26.904278967327286,38.31488781841179,62.25828214402993,32.7187000873083,170.56888338590284,177.99138895332877,175.75698375501847,165.6926406702526,422.1919136047363,116.5852333009243,0.9999024868011475,429.63437366485596,110.97042959928513,0.9996863603591919,416.9130210876465,110.61524629592896,0.9996728897094727,437.4325170516968,113.99157464504242,0.9991884231567383,412.3015465736389,113.93254125118256,0.9995438456535339,458.76295280456543,160.47891926765442,0.9994687438011169,391.0675754547119,158.70858699083328,0.999042272567749,471.44139289855957,213.39556175470352,0.9937528371810913,358.56612062454224,205.84688019752502,0.989397406578064,449.6053581237793,207.84259068965912,0.9918441772460938,379.2742495536804,197.18645054101944,0.9781898260116577,435.97136974334717,255.92172861099243,0.9992951154708862,396.7967710494995,246.61399722099304,0.9992289543151855,430.25086784362793,337.73902094364166,0.978848934173584,397.54187631607056,271.42218267917633,0.9844165444374084,420.12620067596436,407.63193809986115,0.9763566255569458,379.7985248565674,350.88594579696655,0.9771503210067749
461,21.712299960199744,22.8312721422075,36.27956243167881,86.64267072332147,60.795578909473996,169.87563106371644,178.16756267357906,175.208191895763,167.14333388045347,423.0889563560486,116.60386642813683,0.9999119639396667,430.48938846588135,111.25850230455399,0.9997167587280273,417.83010482788086,110.79475396871567,0.999704897403717,438.11406230926514,114.15168705582619,0.9992653727531433,413.54133319854736,114.01936763525009,0.9995885491371155,459.62054538726807,161.9384714961052,0.9995192289352417,391.1971468925476,159.1691443324089,0.9991359114646912,467.96169090270996,215.44496357440948,0.9929273128509521,360.90697383880615,206.67474377155304,0.9891822338104248,447.2782278060913,217.4377252459526,0.9918975234031677,383.4309983253479,207.98044449090958,0.9791119694709778,436.1390771865845,256.32288217544556,0.9993528127670288,396.97152948379517,247.09375751018524,0.9993026852607727,430.6097354888916,338.5647476911545,0.979686439037323,397.2892789840698,256.54759085178375,0.985753059387207,420.1046938896179,407.7145050764084,0.9780434370040894,380.2994484901428,344.51287496089935,0.9785416126251221
462,25.079999992158264,19.881633398294067,36.48799160106522,112.93412641788107,69.7756806004666,169.6970751364002,6.552390195663657,175.16739809758778,7.315871319145469,423.63377809524536,116.81026250123978,0.999920666217804,431.219557762146,111.63943436741829,0.999744713306427,418.566415309906,111.09468606114388,0.9997341632843018,438.8744068145752,114.42609119415283,0.9993372559547424,414.7198848724365,114.21520778536797,0.9996293187141418,460.29026317596436,162.3848403096199,0.9995660185813904,391.3708438873291,159.72907835245132,0.9992212057113647,465.5152244567871,215.09375476837158,0.9925612807273865,361.58978271484375,206.3295465707779,0.9888240098953247,448.89859104156494,224.15166264772415,0.9921781420707703,383.0458474159241,211.03016602993011,0.9799193143844604,436.1834554672241,257.5110431909561,0.9994081258773804,397.37712574005127,247.68582940101624,0.9993699193000793,430.6084213256836,338.92105638980865,0.979997456073761,397.81413555145264,238.22934639453888,0.9867386817932129,420.0208148956299,407.70860743522644,0.9793469905853271,380.87851428985596,334.6520758867264,0.9795990586280823
463,21.233700041193515,17.43655693877214,36.82554444923366,120.36483369978049,70.68863125958421,169.38242692782254,3.2123014370099137,174.854426328915,9.563968091543982,424.4676904678345,117.3243758380413,0.9999284744262695,432.0772514343262,112.02269557118416,0.999769926071167,419.5348525047302,111.64369377493858,0.9997605085372925,439.63374042510986,114.79298430681229,0.9994021058082581,415.9232540130615,114.60987251996994,0.9996660351753235,460.9711513519287,162.71139013767242,0.999608039855957,392.1934847831726,159.40314108133316,0.999298095703125,463.70592498779297,215.40208458900452,0.9924014806747437,362.10789155960083,205.81031197309494,0.9881495833396912,448.6202917098999,225.32505106925964,0.9924886226654053,381.7127299308777,210.56909584999084,0.9805691838264465,436.3910427093506,257.9927123785019,0.9994559288024902,398.20873832702637,248.31596529483795,0.9994301199913025,430.93499088287354,339.112743973732,0.9797518253326416,398.0271563529968,232.50659734010696,0.987423837184906,420.06284284591675,407.8077276945114,0.980384886264801,383.5292320251465,325.0259288549423,0.980023205280304
464,22.72770000854507,16.132892888538045,36.838251428841055,105.64376753087816,62.34131663399339,169.08034228762665,8.337148203441519,174.99162256443492,5.011461094238897,427.06326389312744,117.79078808426857,0.9999353289604187,434.0700283050537,112.40391966700554,0.9997920989990234,421.8531880378723,112.14728680253029,0.9997838139533997,441.1482629776001,115.31234711408615,0.9994587302207947,417.4098000526428,115.14220586419106,0.9996986389160156,461.83637619018555,163.55347073078156,0.999644935131073,392.7606725692749,159.43898278474808,0.9993663430213928,463.0426263809204,217.68545466661453,0.9919015765190125,362.3846745491028,205.6532409787178,0.9874349236488342,445.84290885925293,222.91778779029846,0.9924983978271484,384.9281587600708,207.8865665793419,0.9805846214294434,436.4563970565796,259.23170137405396,0.9994967579841614,398.3250923156738,249.8497793674469,0.9994834661483765,430.8981943130493,340.0000113248825,0.9792201519012451,400.1118993759155,228.63904106616974,0.9879591464996338,420.21809101104736,407.85245859622955,0.9809657335281372,384.6733627319336,317.7707190513611,0.9800319671630859
465,23.3754999935627,15.499221643388523,39.35196551691224,87.04657390582474,56.574859062085196,168.82946986215956,6.588342688684116,175.06491060325476,6.2693075226251604,428.60235118865967,118.0228973031044,0.9999412894248962,435.5564479827881,112.72232818603516,0.999811589717865,423.60875844955444,112.31402337551117,0.9998043179512024,442.5447130203247,116.04847672581673,0.9995085597038269,418.8970031738281,115.40755698084831,0.9997270703315735,462.25953674316406,164.06217789649963,0.9996779561042786,394.642680644989,159.7729972600937,0.99942547082901,462.6114797592163,218.36542135477066,0.9912813305854797,363.2753233909607,201.58674615621567,0.9845959544181824,441.8799991607666,217.43050277233124,0.9925388097763062,378.9254403114319,202.5304969549179,0.9791017174720764,436.43041706085205,259.60422146320343,0.9995371103286743,398.56710052490234,250.53339290618896,0.9995316863059998,430.82712841033936,340.60120034217834,0.9784097075462341,400.1857957839966,228.02004516124725,0.9882643222808838,420.32757091522217,407.70783817768097,0.9812406897544861,384.63729906082153,312.88929557800293,0.9793776273727417
466,22.644100012257695,15.92466765503355,42.41960817339539,69.64460667163591,29.907527791520085,168.4170737297483,7.662809213950608,174.85068420698374,4.2533978948949045,429.7713499069214,118.0817383825779,0.9999455213546753,436.6180896759033,112.7222640812397,0.9998271465301514,424.66845417022705,112.30703595280647,0.9998208284378052,443.44274139404297,116.51246723532677,0.9995481371879578,419.89478158950806,115.63131833076477,0.9997503757476807,462.8226556777954,164.1946326494217,0.9997051954269409,395.9888892173767,159.67498815059662,0.9994778633117676,463.26967334747314,217.0519853234291,0.9899908900260925,363.0558834075928,197.7705591917038,0.9762511849403381,441.83177947998047,209.30390936136246,0.992315411567688,372.7316880226135,194.3916951417923,0.9730983376502991,436.4200553894043,259.78713381290436,0.9995586276054382,398.49044942855835,250.55501759052277,0.9995737075805664,430.9260444641113,341.27318954467773,0.97696453332901,400.57620334625244,230.993168592453,0.9878864288330078,420.38516664505005,407.77672946453094,0.9797552227973938,384.6655535697937,318.2021585702896,0.9768381714820862
467,23.46429997123778,15.875456291657505,49.32706811945138,63.428242286354745,94.96837371338322,167.84747504225086,12.1464179998259,174.8090177781433,1.087628635931394,430.5780944824219,118.11270099878311,0.9999505281448364,437.4110355377197,112.69957810640335,0.9998437166213989,425.5210933685303,112.28749823570251,0.9998378753662109,444.2545909881592,116.71948298811913,0.9995916485786438,421.17096042633057,115.70759591460228,0.9997742772102356,463.7146186828613,163.83301037549973,0.9997320771217346,397.98164081573486,159.08211851119995,0.9995262026786804,463.6262664794922,213.95486897230148,0.9898070693016052,362.89932107925415,189.52555710077286,0.9683055877685547,443.98503589630127,204.08805829286575,0.992469072341919,364.86829137802124,192.23738938570023,0.9649287462234497,436.3925590515137,259.2643520832062,0.9995831251144409,398.41576957702637,248.68985295295715,0.9996121525764465,430.9110326766968,341.2747280597687,0.9767868518829346,400.5286154747009,238.63658279180527,0.9881542325019836,420.3800616264343,407.6528505086899,0.9796122312545776,384.4276647567749,323.19139206409454,0.9761295914649963
468,21.90870000049472,17.62098814976511,55.85711004409205,47.953505088658765,24.17575581009893,167.0124858704321,62.15306966929066,174.8279697209382,51.314506196168864,430.43363761901855,118.10139006376266,0.9999545812606812,437.6084632873535,112.67555305361748,0.9998574256896973,425.5359535217285,112.27882272005081,0.9998519420623779,444.69604873657227,116.68396180868149,0.9996266961097717,421.61787700653076,115.6937207877636,0.9997938871383667,464.88907623291016,163.58905601501465,0.9997556209564209,398.69164276123047,154.59971177577972,0.9995670914649963,465.56025981903076,211.78348284959793,0.9901958703994751,357.247989654541,182.48716396093369,0.9690877795219421,445.0314130783081,193.78104710578918,0.9929126501083374,365.5224919319153,169.18721383810043,0.9654592871665955,436.4935474395752,257.50269532203674,0.999605119228363,398.3660840988159,245.03317296504974,0.999643087387085,430.8792905807495,341.2427326440811,0.9767059087753296,400.978084564209,243.66529059410095,0.9886220693588257,420.4230751991272,407.20388901233673,0.9802413582801819,384.7531476020813,326.7880984544754,0.9760782718658447
469,23.67590001085773,21.435399526740355,64.73550853001392,25.646212727324563,42.08082359054963,166.5331513328745,144.2701816861327,174.85324009590852,134.16564192572184,430.3700017929077,118.09130424261093,0.9999576807022095,438.0545711517334,112.63633516430855,0.9998679757118225,425.3038520812988,112.23291656374931,0.9998623728752136,445.48737716674805,116.59518378973007,0.9996522068977356,421.33838987350464,115.5436016023159,0.9998090863227844,465.8509931564331,163.4145770072937,0.9997758269309998,399.96789741516113,151.34828805923462,0.9996023178100586,469.08995056152344,208.40719723701477,0.9907875061035156,352.6066937446594,172.6639302968979,0.9709081649780273,450.5728349685669,176.02701032161713,0.9933803677558899,365.5342435836792,143.19781917333603,0.967049777507782,436.5549087524414,257.3703260421753,0.999630331993103,398.29105043411255,244.28881657123566,0.9996731877326965,430.8946056365967,341.45815324783325,0.977462649345398,400.83630657196045,247.96515536308289,0.9892826080322266,420.5317463874817,406.9031662940979,0.9811950922012329,384.829647064209,329.26507925987244,0.9762495160102844
470,29.135000018868595,28.32578326023792,71.87329876485128,8.367372576762236,52.38935600662896,166.80756585677528,163.28166084379595,175.0825715788194,153.65453070527502,430.73857402801514,117.83152312040329,0.999959409236908,438.6942653656006,112.25351557135582,0.9998741149902344,425.86368560791016,111.47971370816231,0.9998677372932434,446.2756223678589,116.16751220822334,0.9996620416641235,422.13947343826294,114.60002887248993,0.9998193979263306,465.85523891448975,161.2739042043686,0.9997913241386414,400.8156085014343,148.4068751335144,0.9996308088302612,474.08321475982666,202.52320325374603,0.9912526607513428,350.9350781440735,163.26095342636108,0.972964346408844,460.6707134246826,164.95629733800888,0.9936767220497131,364.52984380722046,127.89607572555542,0.9689438343048096,436.630877494812,256.59417366981506,0.9996511340141296,398.25271224975586,243.51833391189575,0.999699592590332,430.9305429458618,341.2405673265457,0.9782573580741882,400.66210412979126,252.40180552005768,0.9898902773857117,420.8102226257324,406.8404575586319,0.9821988344192505,385.1549782752991,330.9295246601105,0.9766775965690613
471,22.998700034804642,41.539028937264604,81.33293827914565,6.229282775429696,62.86746171653001,167.47790653591503,173.58796143200476,175.67546917922004,164.8334414827741,431.014497756958,117.54218968749046,0.999958872795105,438.7971239089966,111.96985185146332,0.9998732209205627,426.12363719940186,111.3218734562397,0.9998635649681091,446.66936588287354,115.83025687932968,0.9996532797813416,422.60645627975464,114.42938190698624,0.9998235702514648,465.5663251876831,159.02163207530975,0.9998052716255188,401.4859833717346,147.20176196098328,0.9996525645256042,480.84741497039795,191.79042226076126,0.9919087886810303,350.4443392753601,153.2910479903221,0.9752892255783081,465.79569721221924,147.50484943389893,0.9940056204795837,365.37161588668823,113.00067833065987,0.970910370349884,436.82208824157715,255.82505857944489,0.9996643662452698,398.36835861206055,243.00754690170288,0.9997202157974243,430.91507625579834,339.96465396881104,0.9785665273666382,399.91957664489746,262.50776982307434,0.9903154969215393,421.14740657806396,406.5907907485962,0.9827669262886047,385.49074697494507,339.4713604450226,0.9769962430000305
472,21.650100010447204,61.02437285714113,94.21990244229517,30.33753675836591,78.03420419185342,167.83934382800282,176.24376287314846,176.46270309888595,168.0184236024904,431.22526931762695,116.44721567630768,0.9999331831932068,438.99940395355225,110.73272189497948,0.9998042583465576,426.41063022613525,110.29296299815178,0.9997724890708923,447.1908359527588,114.56763458251953,0.9994246959686279,422.97634267807007,113.61119103431702,0.9997715353965759,465.4939956665039,157.94781976938248,0.999798059463501,402.1014919281006,146.3473447561264,0.9996428489685059,482.0930395126343,174.73029851913452,0.9922559261322021,351.06485176086426,140.59381115436554,0.9773043990135193,470.58789443969727,129.7500433921814,0.9937859773635864,365.85186672210693,96.13667252659798,0.971984326839447,436.819055557251,255.75989961624146,0.9996584057807922,398.3581485748291,243.2562735080719,0.9997233748435974,430.9216470718384,336.4808574914932,0.9774472713470459,399.17040252685547,273.38774967193604,0.9903525710105896,421.50741147994995,405.9652134180069,0.982772171497345,385.5512490272522,347.320636510849,0.9766968488693237
473,47.011399990879,80.9327142232815,103.68229944948091,51.83025542048869,88.58784415834367,168.32461405717464,176.91532532322697,176.99398360973024,168.64744314043986,431.457724571228,115.18262749910355,0.9999182820320129,439.509804725647,109.75307241082191,0.9997650384902954,426.8781690597534,108.74223950505257,0.9997173547744751,447.43986988067627,114.12726312875748,0.999325156211853,422.98551654815674,112.3294797539711,0.9997357130050659,465.31476402282715,156.21791625022888,0.9997973442077637,401.91690254211426,144.70109087228775,0.9996175765991211,483.3925952911377,164.66416466236115,0.9928425550460815,351.59602642059326,130.46362948417664,0.9791873097419739,470.64930629730225,110.01989081501961,0.9940004944801331,366.4028549194336,82.66044846177101,0.9729577898979187,436.81364727020264,255.77417361736298,0.9996605515480042,398.2672185897827,243.49480032920837,0.9997259378433228,430.8520975112915,335.05926954746246,0.9772452116012573,398.89523696899414,280.62563693523407,0.9905264973640442,421.77249336242676,405.87714767456055,0.9829953908920288,385.68835163116455,352.7007098197937,0.9768670201301575
474,47.776699997484684,116.32920746327304,113.02902240261875,87.98183330088536,96.25212776188474,168.8400345246923,177.69898139637456,178.0712184408461,168.67920069441635,431.88053131103516,114.02960303425789,0.9999212622642517,440.0543737411499,108.98439893126488,0.9997736215591431,427.27342891693115,107.48655477166176,0.9997310638427734,447.586651802063,113.86609306931496,0.9993541240692139,422.8445472717285,111.73648902773857,0.9997532963752747,465.1870880126953,155.85006868839264,0.9997801780700684,401.5570492744446,144.31459593772888,0.9996091723442078,485.4055395126343,152.1164059638977,0.9933398365974426,352.0217900276184,121.25942021608353,0.9811153411865234,473.2248134613037,97.08582949638367,0.9936744570732117,369.1206455230713,70.76199299097061,0.9743765592575073,436.799747467041,255.72628021240234,0.9996595978736877,398.21389389038086,243.5436054468155,0.9997158050537109,430.37920093536377,333.7121856212616,0.976757287979126,398.55350399017334,295.9374519586563,0.9907877445220947,422.0007281303406,405.73648750782013,0.982715904712677,386.1691837310791,359.9509052038193,0.9762118458747864
475,27.874600025825202,141.52363042107368,118.3686087947245,110.39477341354132,99.40958676540106,169.67636660932436,178.06433442400893,179.46872926845325,170.05385753799538,432.1752071380615,113.40597733855247,0.9999260306358337,440.38625049591064,108.49572095274925,0.9997853636741638,427.38422298431396,106.81363961100578,0.9997479915618896,447.5834674835205,113.61410424113274,0.9993928074836731,422.71411657333374,111.3029625415802,0.9997721314430237,465.12896156311035,154.70911729335785,0.9997581243515015,401.3164310455322,142.64163172245026,0.9996017813682556,488.72193145751953,137.68064707517624,0.9938240647315979,352.87291288375854,114.46667665243149,0.9828748106956482,473.3230724334717,81.87240821123123,0.9934046268463135,371.8738679885864,64.37489032745361,0.9759389758110046,436.79969692230225,255.4709151983261,0.9996644854545593,398.1103529930115,243.8809106349945,0.999714195728302,429.38473320007324,334.2102086544037,0.977061927318573,398.23464250564575,302.3426036834717,0.991233766078949,422.05698442459106,404.9863474369049,0.9825686812400818,387.06127309799194,366.86613166332245,0.9766860604286194
476,23.09229999082163,154.61528440910354,125.30774529394309,123.3541316457209,106.03260632365082,170.637101733015,178.20774413866727,179.01466627367682,171.09861249599126,432.4821147918701,112.85563054680824,0.9999291300773621,440.7376880645752,107.94819477200508,0.9997922778129578,427.55895614624023,106.28797316551208,0.9997578859329224,447.52367305755615,113.307911247015,0.9994252324104309,422.6604127883911,110.90204402804375,0.9997847080230713,465.0890817642212,152.98811721801758,0.9997381567955017,401.237859249115,141.2807438969612,0.9995696544647217,488.9615135192871,125.41034817695618,0.9942961931228638,355.7443594932556,106.91485396027565,0.9844087958335876,472.3618631362915,66.61167046427727,0.993269145488739,375.53937244415283,55.4407474398613,0.9772951006889343,436.78225898742676,255.08640038967133,0.9996668100357056,398.0726971626282,244.30391681194305,0.9997057914733887,428.35023403167725,333.5568240880966,0.9769015908241272,398.11025190353394,310.46687507629395,0.991296112537384,422.0489478111267,403.5017088651657,0.9819287657737732,387.6273236274719,377.6482733488083,0.9769067764282227
477,21.512500010430813,158.67793837468497,131.78141233288366,128.3562848457972,116.58835866447674,170.69396334314806,177.90216708611845,179.28587405864184,170.52991497921312,432.69010639190674,112.85392108559608,0.9999316930770874,441.08017921447754,108.01230669021606,0.9998008012771606,427.54667377471924,106.48359963297844,0.9997689127922058,447.43572521209717,112.9972237944603,0.9994622468948364,422.57107496261597,110.8404108285904,0.9997935891151428,464.44630432128906,152.32212537527084,0.9997142553329468,401.1990661621094,141.29986137151718,0.999477207660675,488.6151304244995,119.84562456607819,0.9945575594902039,361.3234624862671,103.26790365576744,0.9857602715492249,473.11937713623047,61.96338188648224,0.9928492903709412,377.4579749107361,50.6782383620739,0.9786508083343506,436.3641529083252,254.73191511631012,0.9996783137321472,397.80849981307983,245.5406265258789,0.9996926188468933,428.0067825317383,333.8707666397095,0.9776195287704468,398.1289281845093,323.7076493501663,0.9906502366065979,421.6040277481079,402.7050429582596,0.9816067218780518,387.97246837615967,386.17224526405334,0.9757747650146484
478,22.527099994476885,162.54248307404322,137.3339836159462,132.80072306836504,125.11389244245039,170.4234356439319,177.55619712426332,179.53743462477058,172.70575985738174,432.7220506668091,112.234419465065,0.9999319911003113,441.22367572784424,107.30854287743568,0.9998049139976501,427.44957733154297,106.36120933294296,0.9997748136520386,447.3395891189575,112.02168413996696,0.9994907379150391,422.2803921699524,110.3326723575592,0.9997962117195129,464.1944398880005,151.1577828526497,0.9996606111526489,401.1407880783081,140.15634578466415,0.9993502497673035,488.1301031112671,113.9815742969513,0.9948145151138306,365.52072286605835,98.72206166386604,0.9869763851165771,473.5511302947998,57.29912053048611,0.992633581161499,379.29906702041626,44.27555111050606,0.9800274968147278,435.9445810317993,254.29680025577545,0.9996699690818787,397.47240257263184,246.20526504516602,0.9996568560600281,427.96685218811035,333.6470836400986,0.9782763123512268,398.1375460624695,328.57676470279694,0.9900210499763489,421.5891423225403,402.67763459682465,0.9812681078910828,390.4060459136963,393.1124013662338,0.9757306575775146
479,21.90390002215281,164.02172634428283,143.9325945183555,134.53344918146703,131.98056697829242,171.06225123775863,177.5817158112871,178.969535501753,175.3803850008328,432.6055955886841,112.37918946146965,0.9999330043792725,441.1540756225586,107.38583901524544,0.9998108148574829,426.8475389480591,106.4323300421238,0.9997832179069519,446.9424591064453,111.76683908700943,0.9995225071907043,421.3827428817749,110.165750592947,0.9998037219047546,463.6157531738281,149.91786789894104,0.9996287226676941,401.0250153541565,139.53961491584778,0.9993110299110413,488.04276180267334,109.02551859617233,0.9951372742652893,369.47900772094727,93.08765614032745,0.9881386756896973,473.5299015045166,53.36795449256897,0.9927627444267273,382.8708109855652,38.72412924468517,0.9815061688423157,435.90040493011475,254.27275383472443,0.9996454119682312,397.46954679489136,247.4812638759613,0.9996219873428345,427.6339645385742,333.7778859138489,0.9785795211791992,398.26021814346313,332.6793291568756,0.9893024563789368,421.62851667404175,403.7500650882721,0.9805136919021606,393.30256271362305,402.04755568504333,0.9751495122909546
480,26.71459998236969,163.45878959964608,149.22751316725066,134.46095982412135,139.11120715355307,172.0206395351875,177.9748410073209,178.09469669194235,177.19585944015626,431.50907802581787,112.47350898385048,0.9999352097511292,440.1385307312012,107.4583842754364,0.9998188018798828,425.23748683929443,106.46632695198059,0.999793291091919,445.65705585479736,111.78461748361588,0.9995519518852234,419.99379873275757,110.22409307956696,0.9998086094856262,462.08338832855225,149.56215751171112,0.9995925426483154,399.85758352279663,140.16406685113907,0.9992610812187195,487.62470626831055,106.53858017921448,0.9954544305801392,372.9004316329956,92.49064818024635,0.9891457557678223,473.05938053131104,51.57881101965904,0.9929306507110596,383.824312210083,38.32695373892784,0.9827824234962463,435.6654224395752,254.3135814666748,0.9996066689491272,397.4167528152466,248.86792182922363,0.9995708465576172,427.0727663040161,333.7294226884842,0.9782407879829407,398.478798866272,331.22113025188446,0.9879611730575562,421.85313749313354,403.63818085193634,0.9786076545715332,395.93553924560547,401.7465765476227,0.9732868075370789
481,24.102399998810142,162.162886677439,155.28600375570213,133.82994283794562,147.05292128192883,172.43964515243425,178.41926554716633,178.22466490153266,179.92915369440834,429.21717739105225,113.4565132856369,0.9999398589134216,437.87068939208984,107.88446035981178,0.9998331665992737,422.5147681236267,107.15895077586174,0.9998095035552979,443.8617067337036,112.19106325507164,0.9995917677879333,418.1572051048279,110.72230842709541,0.9998220205307007,460.8440818786621,149.27706211805344,0.9995846748352051,398.7976350784302,140.3287307024002,0.9992471933364868,487.4777727127075,105.58510681986809,0.995760440826416,377.445161819458,92.26878860592842,0.9899116158485413,472.926043510437,50.52636341750622,0.9930985569953918,385.9481768608093,38.53465683758259,0.9837946891784668,435.44585609436035,254.83704698085785,0.9996014833450317,397.3256206512451,251.44604575634003,0.9995622634887695,427.1215925216675,334.4631234407425,0.9782726764678955,398.54850006103516,336.703400850296,0.9869519472122192,421.9570574760437,404.9119573831558,0.9776985049247742,399.6707954406738,408.7369908094406,0.9724860191345215
482,30.42309999000281,160.37954476166772,159.6761112355124,133.4132497327352,151.45554290502733,173.32199744672363,179.13554608236961,178.06202965470473,178.2205757215141,427.424355506897,113.81561410427094,0.9999431371688843,435.80902004241943,107.95444142818451,0.9998441338539124,420.5161027908325,107.45915353298187,0.9998220801353455,441.8867721557617,112.40117028355598,0.9996249079704285,416.3858394622803,110.89022025465965,0.9998313784599304,459.2326145172119,148.59134024381638,0.9995589852333069,397.3193025588989,140.49487608671188,0.9992190599441528,486.63347339630127,105.09660691022873,0.9960321187973022,379.2193579673767,91.62527617812157,0.9906194806098938,472.6183271408081,50.41851422190666,0.993212878704071,387.18316173553467,36.50495299696922,0.9847162961959839,435.27966499328613,255.84126996994019,0.9995793104171753,397.3180136680603,253.0190349817276,0.9995489120483398,427.1338748931885,334.5094213485718,0.9784330725669861,398.5774116516113,336.5486946105957,0.9864545464515686,422.224666595459,405.18011486530304,0.9770429730415344,402.01083993911743,410.9205710887909,0.9723591804504395
483,33.69269997347146,159.10669145346264,163.68225193408938,133.2536193859231,154.5192948972689,173.57126957817513,179.95180339067466,178.18249297089525,176.09880553826252,426.1126184463501,114.10669261217117,0.999945878982544,434.4270763397217,108.07890444993973,0.9998542666435242,419.2368154525757,107.71509549021721,0.9998330473899841,440.5257034301758,112.48535412549973,0.9996559619903564,414.90882110595703,110.89792707562447,0.9998388886451721,457.3741855621338,148.21520179510117,0.9995455741882324,395.63813400268555,140.80790692567825,0.9991719126701355,485.790488243103,104.06516787409782,0.996242344379425,380.3218650817871,90.75333699584007,0.991001546382904,472.384557723999,50.216117575764656,0.9931685328483582,388.43909740448,36.22513556480408,0.9852538704872131,434.66716384887695,256.2175793647766,0.99956876039505,397.0090842247009,253.67515468597412,0.9995326995849609,427.17719173431396,334.8013688325882,0.9787318706512451,398.1078510284424,338.2744526863098,0.9856561422348022,422.61573123931885,406.76222121715546,0.9766832590103149,404.00265645980835,410.8223625421524,0.9721683263778687
484,36.27139999298379,156.99135607682945,168.1475992883737,132.09756230510962,157.71788963751365,173.71224280202844,179.31193656537434,178.60151424770413,176.16508722047902,423.9786195755005,114.32414320111275,0.9999475479125977,432.46033000946045,108.19881603121758,0.9998607635498047,417.2948613166809,107.95026749372482,0.9998409152030945,438.65918731689453,112.56783562898636,0.9996801614761353,413.2171139717102,110.9198794066906,0.9998428225517273,455.122670173645,148.17756515741348,0.9995162487030029,393.06186866760254,141.10179179906845,0.9991355538368225,485.1790990829468,103.93114611506462,0.9964271187782288,380.8336811065674,90.61984232068062,0.9914897084236145,472.2129077911377,50.799385741353035,0.9931612610816956,389.0140438079834,36.94596906006336,0.9858875274658203,433.71692276000977,256.48807311058044,0.9995397329330444,396.54801511764526,254.29665780067444,0.9995081424713135,427.02025032043457,334.7342154979706,0.9787547588348389,398.1117935180664,337.55941355228424,0.9848495125770569,422.6186122894287,406.84005868434906,0.9758214950561523,404.447500705719,411.297820687294,0.9717963933944702
485,23.03440001560375,155.33264180914853,170.4285718207288,131.6088771530145,158.96107388884315,173.67595315728497,179.08720945614238,179.13738872107768,176.78702245792098,422.05023670196533,114.33777615427971,0.9999483823776245,430.58860778808594,108.22632411122322,0.9998655915260315,415.4302659034729,107.96542471647263,0.9998466372489929,437.0237112045288,112.59475964307785,0.9997009038925171,411.3118300437927,110.9252499639988,0.9998435378074646,453.09592723846436,148.25729727745056,0.9994612336158752,391.0536756515503,141.1292998790741,0.9990783333778381,484.4219388961792,104.03614977002144,0.996612012386322,380.3721318244934,90.97059527039528,0.9918883442878723,472.118540763855,51.071574702858925,0.9930962324142456,388.82616901397705,37.696750178933144,0.9863929748535156,432.7422685623169,256.53334534168243,0.9994984865188599,395.9079165458679,254.56259298324585,0.999481201171875,426.8665943145752,334.27556705474854,0.9781241416931152,398.1375460624695,337.6246294975281,0.9835584163665771,422.5022077560425,406.469561457634,0.9737241864204407,404.2616477012634,411.31659626960754,0.9704311490058899
486,23.115299991331995,153.95596162154555,172.38142485869446,131.328798639506,159.3812092571004,173.84935929596233,178.79235306312768,178.9289150212533,177.4675240907971,419.93410539627075,114.34549009799957,0.9999479055404663,428.5477628707886,108.24251413345337,0.9998679757118225,413.5673637390137,107.97219133377075,0.9998499751091003,435.334303855896,112.61504524946213,0.9997190237045288,409.60576820373535,110.92269289493561,0.9998428225517273,451.1181116104126,148.3495084643364,0.9994009137153625,388.64322233200073,141.22202390432358,0.9990105032920837,483.5734443664551,104.05222582817078,0.9967748522758484,379.045382976532,91.13398414850235,0.9921603798866272,472.03812408447266,51.76956908404827,0.992943525314331,388.1007761955261,38.55182267725468,0.986773669719696,431.7026138305664,256.4174153804779,0.9994499683380127,395.0338716506958,254.50136578083038,0.9994435906410217,426.23084259033203,333.9966114759445,0.9768036603927612,397.9686002731323,337.6559411287308,0.9811661243438721,422.4796395301819,406.45978903770447,0.9709219932556152,403.86593294143677,411.7005982398987,0.9685954451560974
487,25.74149996507913,153.08996289403444,174.4252832172815,133.07620040314055,161.14656050464862,173.9116434771273,178.83366009916733,178.97384382044066,176.7484729115118,418.163321018219,114.3246417939663,0.9999479055404663,426.77278327941895,108.2223424911499,0.999870777130127,411.72586727142334,107.87790742516518,0.9998528957366943,433.80370807647705,112.6384791135788,0.9997348189353943,407.6702585220337,110.84617313742638,0.9998410940170288,449.2009496688843,148.42247396707535,0.9993773102760315,386.29963970184326,141.30957680940628,0.9989559650421143,482.4454879760742,103.75125381350517,0.9969427585601807,378.4448356628418,91.47965857386589,0.9924042820930481,473.15592098236084,52.466170966625214,0.9928948283195496,387.6388478279114,38.77582263946533,0.9870427846908569,430.6498680114746,256.41995108127594,0.9994421005249023,392.99383544921875,254.54527044296265,0.9994223713874817,425.6879415512085,334.02501702308655,0.976473331451416,396.21080589294434,337.6464536190033,0.9799388647079468,422.32876348495483,407.0922327041626,0.9700340032577515,403.1896948814392,410.54605662822723,0.9677987098693848
488,32.6898000203073,152.05760893928436,174.69105741879068,135.18718836350524,159.29609722306276,174.5109240233706,179.19732840364986,179.07020053053327,177.35232455180852,416.2603368759155,114.38023489713669,0.9999480247497559,424.8688135147095,108.25187343358994,0.9998741745948792,410.11819076538086,107.88392615318298,0.9998561143875122,432.16039752960205,112.73862504959106,0.999750018119812,406.12856817245483,110.84898662567139,0.9998411536216736,447.52781772613525,148.49826008081436,0.9993497729301453,384.41318368911743,141.45847088098526,0.9989109635353088,481.3015594482422,104.02705401182175,0.9970970749855042,376.4788475036621,91.09963110089302,0.9926198720932007,474.461895942688,52.75175070762634,0.9929943084716797,387.3463706970215,38.8529798835516,0.9874005317687988,429.89270782470703,256.51414239406586,0.9994314908981323,391.64201641082764,254.94314754009247,0.9993970990180969,424.765398979187,334.0480377674103,0.9744272232055664,395.7618169784546,337.9295688867569,0.9772209525108337,421.0376486778259,408.8320083618164,0.967754065990448,402.8360586166382,411.5364044904709,0.9658694267272949
489,38.43999997479841,150.76058522152792,171.6901487245392,137.54821970085058,153.27424724670044,174.10674574564786,179.39997980315476,179.50205827004112,178.86422755292608,414.4201292991638,114.525660187006,0.999948263168335,423.0517554283142,108.37739062309265,0.9998777508735657,408.62767696380615,107.93650633096695,0.9998596906661987,430.6359176635742,112.87549591064453,0.9997643828392029,405.0819888114929,110.85646551847458,0.9998409748077393,446.3355178833008,148.55183744430542,0.9993249177932739,383.0675058364868,141.5528616309166,0.9988737106323242,480.8405408859253,105.14198598265648,0.9972242116928101,372.6078534126282,91.36332973837852,0.9927701354026794,477.29224967956543,54.03734032809734,0.9931081533432007,386.4380564689636,39.58072957396507,0.987696647644043,428.7727880477905,256.5028314590454,0.99941486120224,389.9323658943176,255.01859176158905,0.9993700981140137,424.2463550567627,333.8929326534271,0.9718260765075684,395.7959599494934,337.5819499492645,0.9739511609077454,420.4863066673279,409.4379553794861,0.9653728604316711,402.5098934173584,411.3833507299423,0.9639061093330383
490,34.17150001041591,150.00618223767418,167.65794300443127,140.57473493841908,147.27597684678992,173.34643273766318,178.44153799990934,179.86972762412663,179.93663949608026,413.36849546432495,114.5764311850071,0.999950647354126,421.7010736465454,108.41813990473747,0.9998847842216492,407.4502878189087,108.06290674209595,0.9998674392700195,429.02278232574463,112.9307613670826,0.9997819066047668,403.98107385635376,110.93978750705719,0.9998478293418884,445.0882759094238,148.62155497074127,0.9993361830711365,381.5194721221924,141.88203263282776,0.9988611340522766,480.20024013519287,105.63914003968239,0.9973121881484985,367.2906732559204,91.68485802412033,0.9930406212806702,480.0384464263916,54.188802152872086,0.9931873679161072,382.89441537857056,40.32112215459347,0.9880238771438599,427.51311206817627,256.5220059156418,0.9994102120399475,388.4163017272949,255.17124664783478,0.9993581175804138,423.9681315422058,334.6576031446457,0.9716193675994873,395.7574701309204,338.3749974966049,0.9730521440505981,420.3830690383911,409.89785742759705,0.9652922749519348,402.31057024002075,411.7203710079193,0.9639442563056946
491,22.93680002912879,147.21561994871468,162.73247610529472,140.58777709633128,140.88597177529195,173.08798690979367,178.46943125751068,179.9889203352265,178.91916526184508,412.1985869407654,114.79728645086288,0.9999538660049438,420.1961040496826,108.5676037967205,0.9998928904533386,405.73982858657837,108.39656507968903,0.9998770952224731,427.10637855529785,112.9556340277195,0.9998003244400024,401.9944381713867,111.18077167868614,0.9998584985733032,443.9972171783447,148.6652317047119,0.999367892742157,380.5329399108887,142.16091698408127,0.9989054203033447,480.12629318237305,108.69794309139252,0.99737548828125,361.70039987564087,92.2306676208973,0.993427038192749,482.5030584335327,58.30420181155205,0.9933456182479858,378.8141407966614,40.93051302433014,0.9885834455490112,426.2653646469116,256.6148011684418,0.9994223713874817,387.255895614624,255.39470171928406,0.9993715286254883,422.8666100502014,337.16492688655853,0.9723877906799316,394.56595373153687,340.1696753501892,0.973132312297821,419.7608380317688,410.43499863147736,0.9659656882286072,402.2167339324951,412.8497265577316,0.964928388595581
492,24.260299978777766,136.33439374036186,160.0257181496344,128.6551201773242,135.21508347622822,173.90847174991754,179.70100284755742,179.86066321571107,176.06527699848976,409.9671378135681,114.73894396424294,0.9999536275863647,417.9125180244446,108.53119227290154,0.9998915791511536,403.6739134788513,108.40646570920944,0.9998779296875,425.0124111175537,112.97325572371483,0.9998060464859009,400.0388116836548,111.28261995315552,0.9998583793640137,441.9260959625244,148.8779599070549,0.9993589520454407,378.38519287109375,142.72452634572983,0.9989216923713684,481.3490209579468,118.2799860239029,0.9973992705345154,355.98864221572876,92.68769919872284,0.9938873648643494,482.13008880615234,64.90675356984138,0.9933519959449768,375.43633699417114,41.14351545274258,0.9891549348831177,425.7894353866577,256.62337696552277,0.9993825554847717,386.5544104576111,255.61148989200592,0.9993476271629333,422.36871910095215,337.3582669496536,0.9732936024665833,392.23968267440796,340.31147515773773,0.9739664793014526,419.1301155090332,409.63844668865204,0.9662644863128662,402.1215329170227,412.6874986886978,0.9662082195281982
493,24.076399975456297,124.68106827345107,154.7812970889296,115.07922840549904,128.3321155625109,173.96854644444312,179.28079824901076,179.5687176993173,174.44824601126905,407.7817096710205,114.81228697299957,0.9999547004699707,416.2285695075989,108.65952295064926,0.9998933672904968,401.2637128829956,108.48514366149902,0.999880313873291,423.70211458206177,113.33950066566467,0.9998167753219604,397.3475065231323,111.4249895811081,0.9998633861541748,440.8515148162842,150.31570225954056,0.9993833899497986,375.5239562988281,144.46784913539886,0.9989632368087769,482.68350315093994,129.69454288482666,0.997442901134491,350.17920684814453,100.27628955245018,0.9942719340324402,481.54665088653564,73.6393438577652,0.9932519197463989,372.0069522857666,45.79335679113865,0.9895003437995911,424.9890594482422,257.21972250938416,0.9993841052055359,384.58652687072754,256.70224010944366,0.9993505477905273,421.581307888031,338.2378132343292,0.9749943017959595,390.36561012268066,341.5332270860672,0.9752440452575684,419.161630153656,408.3261787891388,0.9675251245498657,402.16674518585205,412.4417921304703,0.967979907989502
494,22.383699950296432,107.70545923602548,147.93229886539717,98.16801427339352,118.42033484749118,174.4319656197655,178.98051602009622,178.31014000859673,173.68388993411233,406.77238178253174,115.26577854156494,0.999957263469696,414.9629292488098,109.11824262142181,0.9998992085456848,400.12862968444824,109.05326172709465,0.999886691570282,422.3399338722229,114.2501520216465,0.9998305439949036,395.4194269180298,112.4321613907814,0.9998716711997986,438.9626579284668,152.86587649583817,0.9994214177131653,373.5221571922302,145.97845727205276,0.9990065097808838,483.16807556152344,145.37977546453476,0.9975280165672302,345.15402364730835,108.46358308196068,0.9945992231369019,481.71370124816895,87.6734648346901,0.9932502508163452,369.82427883148193,54.288787826895714,0.9895786046981812,424.1259574890137,257.19590401649475,0.9993704557418823,383.2838625907898,256.92466950416565,0.9993306994438171,420.5648784637451,337.9274035692215,0.9765254855155945,389.1920876502991,341.23036754131317,0.9760395288467407,419.56702423095703,406.3251404762268,0.9690135717391968,402.1436462402344,412.32255721092224,0.9694699048995972
495,26.52539999689907,87.98307004910254,131.3447348569357,80.03270695665111,98.59860830525447,174.7356664048923,178.99289914541248,176.86372728836207,173.552038520917,405.8564352989197,115.296719789505,0.9999592304229736,413.62579345703125,109.26736462116241,0.9999043345451355,399.31794261932373,109.10913261771202,0.9998909831047058,420.94156312942505,114.39247179031372,0.9998437166213989,393.9556007385254,112.70902287960052,0.9998788237571716,437.3228349685669,153.45965784788132,0.9994598627090454,371.9457678794861,146.93101179599762,0.999038577079773,481.70905113220215,160.99974936246872,0.9975625872612,340.1124892234802,123.81919592618942,0.994824230670929,481.3950672149658,105.85533702373505,0.9932323098182678,367.5705142021179,70.80665266513824,0.9894723296165466,423.5924072265625,256.0348379611969,0.9993197321891785,382.2717547416687,256.9044408798218,0.999306857585907,420.31814432144165,335.4887716770172,0.9776290059089661,388.66460275650024,340.8105523586273,0.9761725664138794,421.1976227760315,400.38131535053253,0.9698697924613953,402.28570222854614,412.1814411878586,0.9707047343254089
496,26.968499994836748,72.71264809779171,107.34644502352143,64.21631782890107,69.84345116923285,175.99056213658733,178.1004831800577,174.5912364833619,173.96930265218225,405.43011569976807,115.42747220396996,0.9999600052833557,412.9744234085083,109.25770616531372,0.9999066591262817,398.98662185668945,109.01087421178818,0.9998902678489685,419.5551209449768,114.22488048672676,0.9998547434806824,392.7316346168518,112.65782451629639,0.9998778104782104,436.1008653640747,153.9532505273819,0.9994984269142151,369.92377614974976,147.90133047103882,0.999036431312561,478.6816740036011,173.44066673517227,0.9976302981376648,334.37280559539795,141.04868453741074,0.9949451684951782,477.5914239883423,121.04928469657898,0.9932308197021484,365.3610520362854,89.61155223846436,0.9886745810508728,423.315851688385,253.69797599315643,0.9992780685424805,382.0610842704773,255.4945627450943,0.9992284774780273,419.17813301086426,325.5735547542572,0.9779263734817505,388.67039012908936,338.79233396053314,0.9713631272315979,421.45598220825195,387.28188502788544,0.9686332941055298,401.83246755599976,409.34555900096893,0.9693130850791931
497,22.947499994188547,60.16253346777185,87.39222454571456,52.123975610833405,46.64579236141018,175.9348763782434,177.98185248462883,175.10974405197828,176.14936159737482,404.5641579627991,115.4155700802803,0.9999591708183289,412.3667240142822,109.29864063858986,0.9999040961265564,398.04156160354614,109.01853829622269,0.9998831152915955,418.966881275177,113.87117159366608,0.9998588562011719,392.07146978378296,112.43316569924355,0.9998577237129211,435.2205276489258,154.4893518090248,0.9995270371437073,369.8947129249573,149.25050848722458,0.9990382194519043,474.1477098464966,183.9730703830719,0.9976309537887573,330.0284094810486,155.739466547966,0.9951217770576477,473.5662431716919,138.67800372838974,0.9930404424667358,362.88006353378296,107.23485085368156,0.9882687330245972,422.9298667907715,250.3921344280243,0.9992493987083435,381.9836497306824,253.1433697938919,0.9991341233253479,419.20449209213257,316.2427171468735,0.9786079525947571,388.88174295425415,338.5258574485779,0.9664093852043152,420.99412965774536,378.2834806442261,0.9677437543869019,399.4241876602173,409.32427620887756,0.9674692153930664
498,27.071400021668524,48.223739162941946,71.35264039587561,34.82639934793066,24.973461808030727,176.31403430846086,176.9798673212241,174.95345239011743,177.08228240742966,404.61874628067017,115.42601203918457,0.9999601244926453,412.2890872955322,109.42494133114815,0.9999073147773743,397.9805541038513,109.27918127179146,0.999884307384491,418.23575162887573,113.73676520586014,0.9998671412467957,391.39748096466064,112.48109471797943,0.9998474717140198,434.6944580078125,155.89663726091385,0.9995637536048889,368.07874155044556,149.58177357912064,0.9990829825401306,469.6935558319092,196.17603075504303,0.9974929094314575,328.96115732192993,168.95301765203476,0.995256245136261,465.8632755279541,160.69419741630554,0.9927796721458435,362.01777029037476,127.6645576953888,0.9880987405776978,422.87702226638794,248.96972024440765,0.9992796182632446,382.041624546051,252.8873209953308,0.9991121292114258,419.419105052948,304.70587682724,0.9801364541053772,389.0309510231018,338.3132004737854,0.9648656845092773,420.99380111694336,364.98501205444336,0.9689029455184937,398.5094289779663,409.39752662181854,0.967573344707489
499,24.199299979954958,42.01530455546035,56.79064591891758,29.165785783114842,3.140519652177131,177.59457638545558,177.4167568300932,173.5283916607848,177.3335188461633,404.2465853691101,115.55585274100304,0.9999552369117737,411.9055790901184,109.69565588235855,0.9999059438705444,397.68173360824585,109.4897512793541,0.9998705983161926,417.04858207702637,113.80124750733376,0.9998741745948792,390.70125246047974,112.89990559220314,0.9998054504394531,433.77813243865967,159.2416112422943,0.9995980262756348,368.43973207473755,150.07815837860107,0.9990772008895874,464.4942207336426,203.09315186738968,0.995958685874939,332.41214990615845,181.0286231637001,0.9903080463409424,462.27909755706787,181.45016205310822,0.9886699914932251,360.4321565628052,159.50899946689606,0.970418393611908,422.7761855125427,248.77110934257507,0.9993178844451904,381.8980522155762,252.91777789592743,0.9990992546081543,419.44058656692505,290.2258286476135,0.9812794327735901,389.14283180236816,337.9034426212311,0.9601486325263977,421.7493185997009,360.8901971578598,0.9693079590797424,398.6179485321045,409.4975016117096,0.9661523103713989
500,27.50920003745705,37.36080585698341,48.41802669659055,2.9993604815723423,18.371945235287207,178.81191870201238,176.55888772420056,172.03513017375892,177.45877682501367,403.54891633987427,116.14091584086418,0.9999480843544006,410.9141945838928,110.45310389995575,0.9998992681503296,397.03607511520386,110.25103133916855,0.9998576641082764,415.64303398132324,114.28447657823563,0.9998741149902344,390.3248963356018,114.12979170680046,0.9997665286064148,433.0031805038452,162.16728287935257,0.999610424041748,367.37424898147583,155.1204136610031,0.9991044402122498,462.22905826568604,211.9375622868538,0.9926642775535583,335.07737398147583,193.4862220287323,0.9873496294021606,448.64657497406006,191.3554356098175,0.9775862693786621,363.82929372787476,175.84153378009796,0.9623029232025146,422.4215636253357,249.11670541763306,0.9993534088134766,381.9835739135742,254.9357968568802,0.9991077780723572,419.49616050720215,278.165807723999,0.9823912382125854,389.1439185142517,338.7020174264908,0.9573723077774048,422.4090790748596,353.5024186372757,0.9698448181152344,398.3938331604004,409.6606411933899,0.9657230973243713
501,25.105400010943413,33.739480057503684,42.53592636950945,20.85427106477523,35.245495065758455,177.5605779482848,176.22486643839636,172.75331586578787,177.50689359194007,403.0898690223694,117.52602103352547,0.999949038028717,410.5595726966858,111.83043816685677,0.9999017119407654,396.72254610061646,111.49665161967278,0.9998608231544495,415.2012982368469,115.92949110269547,0.9998788833618164,390.0678005218506,115.59286969900131,0.9997642636299133,433.29158878326416,164.70019155740738,0.9996375441551208,366.6070556640625,156.748561501503,0.9991766214370728,459.15245056152344,217.7066234946251,0.9915338158607483,335.5008125305176,203.26899844408035,0.98748379945755,446.17119693756104,205.54246789216995,0.9766623973846436,367.5977578163147,190.95743030309677,0.963954746723175,421.8183879852295,249.19588196277618,0.9993900656700134,381.90191888809204,255.9256318807602,0.999144971370697,419.92894983291626,269.58986818790436,0.9833192825317383,389.1832928657532,339.2891033887863,0.955106258392334,422.48320293426514,344.4757511615753,0.9693754315376282,398.4382367134094,409.73052966594696,0.9646047353744507
502,22.648199985269457,29.665454837030712,39.96431037273202,64.59515674331408,47.32181044668651,179.80207969301352,176.42786072269007,170.77214745927193,177.64304207755737,403.3280611038208,118.6572071313858,0.9999518990516663,410.58502197265625,113.25967594981194,0.9999075531959534,396.85828399658203,112.88442072272301,0.9998692870140076,415.18782806396484,116.95408517122269,0.9998853206634521,390.1576437950134,116.71587175130844,0.9997736811637878,433.21946144104004,165.90690022706985,0.9996601939201355,366.88138723373413,158.58707278966904,0.9992476105690002,453.83246517181396,217.70820474624634,0.9897525906562805,336.7696876525879,208.15421122312546,0.9875617027282715,446.9547920227051,217.2627191543579,0.9758402109146118,374.2063307762146,200.60580033063889,0.965207576751709,421.5041513442993,249.61931550502777,0.9994322061538696,381.7372441291809,255.83041489124298,0.9991974234580994,419.99799394607544,260.6593579053879,0.9838094711303711,389.2089190483093,339.3221814632416,0.9509227275848389,421.98649978637695,338.7250381708145,0.9668326377868652,398.48648166656494,410.0715101957321,0.9557334780693054
503,25.23490000749007,27.356958801166407,36.906687486744296,136.92676096619277,61.22839858959571,103.05296088033731,176.32387404571492,94.7420542960542,177.6268680700804,403.2527494430542,119.3282133936882,0.999955952167511,410.3218607902527,114.2469040453434,0.9999155402183533,396.7888102531433,113.74078956246376,0.9998805522918701,415.0537075996399,117.62395891547203,0.9998947978019714,390.11892652511597,117.26792088150978,0.9997910261154175,433.2871913909912,166.08918577432632,0.9996821284294128,366.95548582077026,160.36122286319733,0.9993127584457397,450.78871154785156,216.20738327503204,0.9876598715782166,339.25178813934326,212.2348518371582,0.9876243472099304,446.8596668243408,225.10571295022964,0.9739837050437927,379.14017963409424,211.77071887254715,0.9657772183418274,421.37253284454346,249.72738194465637,0.9994735717773438,381.76704025268555,256.0188544988632,0.9992478489875793,419.9339790344238,249.8518592119217,0.984380304813385,389.2351770401001,339.2773365974426,0.9486114382743835,420.2312831878662,333.59930419921875,0.9655929803848267,398.5816321372986,410.28274261951447,0.9494248032569885
504,27.459499950055033,24.535923797122635,35.20702138895845,155.81921359259943,69.46998311927572,24.88285124160283,175.44999108836996,16.666905781498215,177.25468737087738,403.03055477142334,119.59604322910309,0.9999592304229736,409.83751583099365,114.46271640062332,0.9999217391014099,396.602906703949,113.9498139321804,0.9998892545700073,414.74407052993774,117.8440093100071,0.9999016523361206,390.02089500427246,117.60118034482002,0.999804675579071,433.42351055145264,166.0888296365738,0.9997021555900574,366.7865653038025,161.29599899053574,0.9993739128112793,448.123740196228,216.1010405421257,0.9851330518722534,340.99616289138794,214.36088025569916,0.9876830577850342,446.56635570526123,227.46875816583633,0.9712415933609009,380.42581033706665,218.08147984743118,0.9666128158569336,421.38001346588135,250.12061500549316,0.999505877494812,382.43703603744507,257.00903141498566,0.9992945194244385,418.910195350647,241.9022092819214,0.9844633936882019,389.2580232620239,339.3320678472519,0.944887638092041,418.99965953826904,327.5994657278061,0.9624947309494019,398.6440043449402,410.8009657859802,0.9474030137062073
505,34.79659999720752,24.627183274185587,34.809291818690895,158.89660758392085,70.56564593452765,26.01070254650799,175.02366506016506,17.40400337290564,177.2386547648993,402.658899307251,119.72194504737854,0.9999628067016602,409.42360496520996,114.51730519533157,0.9999286532402039,396.39476346969604,114.05736041069031,0.9998989105224609,414.5167202949524,118.00758337974548,0.9999100565910339,389.9370918273926,117.83988523483276,0.9998209476470947,433.5424928665161,166.02372765541077,0.9997261166572571,366.4301996231079,161.87661749124527,0.999431848526001,447.8775873184204,214.97484749555588,0.9837158918380737,341.75094747543335,214.4348999261856,0.9879722595214844,446.87700366973877,226.93809866905212,0.9696558117866516,378.78634119033813,218.14360451698303,0.9680103063583374,421.2369718551636,250.32583582401276,0.999544620513916,382.61818838119507,257.0157837867737,0.9993492960929871,418.2018361091614,240.81889522075653,0.9847137331962585,389.3904757499695,339.7405720949173,0.9427862167358398,418.63134002685547,322.3242393732071,0.9601647257804871,398.6703886985779,410.78954088687897,0.947028636932373
506,21.269499964546412,25.585715197861926,35.527473450139,159.42416838536926,66.80543505815393,22.052814760596263,174.6634529827199,13.40492274116782,177.27167853495013,402.5757026672363,119.66006255149841,0.9999662041664124,409.25622606277466,114.38831210136414,0.9999352097511292,396.2301392555237,113.94921562075615,0.9999081492424011,414.394983291626,118.01301091909409,0.9999183416366577,389.68613719940186,117.98987621068954,0.9998369216918945,433.64580631256104,166.00010859966278,0.9997493624687195,366.1996650695801,162.18845170736313,0.9994843602180481,448.84602451324463,214.95045918226242,0.9826139807701111,341.87915420532227,212.986758351326,0.9883760809898376,448.3668603897095,223.1979257464409,0.9684575200080872,378.1709337234497,214.5008281469345,0.9691596031188965,421.2762451171875,250.4299420118332,0.9995810985565186,382.9610586166382,257.7938450574875,0.9994011521339417,418.24732637405396,238.02164685726166,0.9855053424835205,389.63839769363403,340.6514300107956,0.9441320300102234,418.7064747810364,322.081267952919,0.9604544043540955,398.6785011291504,410.8730480670929,0.9488963484764099
507,24.912599998060614,27.50401294370314,36.61426198163028,149.92047233408377,57.94435083447917,28.39672943165829,174.5647533131789,19.685123790010177,177.81194345209425,402.3493127822876,119.59923422336578,0.9999690055847168,409.03875732421875,114.32501929998398,0.9999406933784485,396.11459398269653,113.86580103635788,0.9999158382415771,414.22452116012573,117.95971846580505,0.9999253749847412,389.6117858886719,117.8969456255436,0.9998504519462585,433.720814704895,165.6038697361946,0.9997707605361938,366.1129050254822,161.856331884861,0.9995324015617371,450.7154722213745,214.13714027404785,0.981683075428009,341.9095821380615,210.51321071386337,0.9889309406280518,450.1217231750488,217.25528299808502,0.9678100943565369,377.2948417663574,207.03830343484879,0.9709270596504211,421.49262714385986,250.40353083610535,0.9996127486228943,383.28689527511597,257.6199073791504,0.9994465708732605,418.3244071006775,241.78847312927246,0.9862111210823059,390.15392875671387,340.57874941825867,0.9455965757369995,419.0565981864929,324.68358075618744,0.9600740671157837,398.69816303253174,410.97837936878204,0.9508723616600037
508,22.029400046449155,28.522782737713996,38.477992382678956,36.79440124250889,47.46269670638296,74.770153937977,174.0819366447147,65.60614751754632,177.82212547977971,402.03851318359375,119.44216322898865,0.9999709129333496,408.7596492767334,113.98958739638329,0.9999443292617798,395.88031911849976,113.65981808304787,0.9999215602874756,414.11382818222046,117.82026916742325,0.9999305605888367,389.46083402633667,117.81737020611763,0.9998617172241211,433.65839195251465,165.39265155792236,0.9997857809066772,366.2028999328613,161.29974555969238,0.9995752573013306,451.58362865448,213.15484112501144,0.9791245460510254,341.6395974159241,207.4575630426407,0.9893798828125,452.661545753479,209.4502249956131,0.964484453201294,373.6615090370178,199.16586416959763,0.9725896716117859,421.86294317245483,249.83940863609314,0.9996340870857239,383.7031059265137,256.11105144023895,0.9994800686836243,418.41341638565063,248.36226320266724,0.9869894981384277,390.3841347694397,340.25338196754456,0.9477635622024536,420.1035566329956,328.22136771678925,0.9605891704559326,398.7135033607483,410.9691482782364,0.9533923268318176
509,23.39620003476739,33.75784910348703,44.41146659910828,29.624872086830063,43.73540014592192,94.75678765410883,173.86044593294773,85.3541609199626,177.8638432173054,402.01263427734375,119.24186423420906,0.9999727606773376,408.6477937698364,113.52520513534546,0.9999482035636902,395.68190574645996,113.37361153960228,0.9999273419380188,414.0359134674072,117.43306908011436,0.9999359250068665,389.25931215286255,117.67811322212219,0.999872624874115,433.7170238494873,164.94725143909454,0.999798059463501,366.41384840011597,161.2393445968628,0.9996107220649719,456.3142623901367,211.42274379730225,0.9783306121826172,337.51807832717896,204.33226907253265,0.9899452328681946,457.1178731918335,198.97899156808853,0.9625611305236816,366.53882026672363,197.94052237272263,0.9740443229675293,422.160297870636,249.0081261396408,0.9996544122695923,383.9774374961853,255.38202321529388,0.9995054602622986,419.17386198043823,248.84789264202118,0.9878716468811035,390.4703893661499,339.22485613822937,0.9503577351570129,421.44986629486084,331.64254093170166,0.9626222252845764,398.72452211380005,410.95339274406433,0.9563124179840088
510,24.903199984692037,38.23045591982702,52.11398932102369,38.84702881361668,12.062816390384024,173.61879846056323,174.03297183118354,163.4863632263886,178.1067343336828,402.0546875,119.1488624215126,0.9999749660491943,408.5724821090698,113.3559257388115,0.9999526739120483,395.63214445114136,113.22289404273033,0.9999334216117859,413.905255317688,117.28077745437622,0.9999417662620544,389.078387260437,117.62601739168167,0.9998834729194641,433.7570552825928,164.64920687675476,0.9998148679733276,366.510009765625,160.88876259326935,0.9996412396430969,461.00941371917725,211.0223594903946,0.9795433282852173,332.4340863227844,199.25249111652374,0.9903634786605835,464.96393299102783,184.25961881875992,0.9647001028060913,359.8248109817505,179.1138556599617,0.9746168851852417,422.23715114593506,248.86951732635498,0.9996780157089233,383.96707582473755,255.06531703472137,0.9995297193527222,419.64827489852905,259.1232645511627,0.9887112379074097,390.63357305526733,339.12542247772217,0.9520891308784485,422.79604959487915,336.03366243839264,0.9649835228919983,398.7245979309082,410.94515883922577,0.958871603012085
511,24.208199989516288,42.82934893424057,63.96308834687783,46.10917929949155,5.998189545809181,179.30838770821916,174.32055813014642,170.22827817030222,178.51040222598965,402.08875465393066,119.02855196595192,0.9999770522117615,408.5355339050293,113.13212165236473,0.9999569654464722,395.60176706314087,113.02501678466797,0.99993896484375,413.8867812156677,116.74639987945557,0.9999473094940186,389.0108847618103,117.193573564291,0.9998931288719177,433.7769193649292,163.2686460018158,0.9998315572738647,366.59270095825195,157.2122101187706,0.9996567964553833,465.90714836120605,208.42182737588882,0.9811258912086487,327.79074335098267,185.70714783668518,0.9904869794845581,473.1114921569824,170.19949978590012,0.9673380255699158,353.09589099884033,162.68883949518204,0.9731095433235168,422.8102779388428,247.77238512039185,0.999696671962738,384.1088538169861,254.0249389410019,0.9995342493057251,420.311927318573,269.03107380867004,0.9894800186157227,390.90027236938477,338.8782628774643,0.952902615070343,424.3460292816162,344.27280962467194,0.9672114849090576,398.5576739311218,410.93940365314484,0.9610156416893005
512,22.128499986138195,52.20249392505075,79.56613305478639,51.981304416601965,25.830676045342315,175.74629230190652,174.61926175512582,175.09811994199316,179.07660211754063,402.1169333457947,118.81246894598007,0.9999791979789734,408.5567879676819,112.73031279444695,0.9999609589576721,395.61440324783325,112.74480760097504,0.9999445676803589,413.9355568885803,115.84190970659256,0.9999523758888245,388.96418142318726,116.49775874614716,0.9999030828475952,433.7955198287964,161.25428813695908,0.9998466372489929,366.9126491546631,155.1299723982811,0.9996835589408875,472.0372142791748,198.96615636348724,0.9827488660812378,324.3469786643982,170.98032468557358,0.9913162589073181,476.8523588180542,157.23292309045792,0.9700340628623962,353.98638820648193,140.01350605487823,0.9751190543174744,423.51853609085083,247.4035403728485,0.9997168183326721,384.2986493110657,253.83000338077545,0.9995542168617249,422.11409997940063,278.9498236179352,0.9901856184005737,391.14910411834717,338.7983740568161,0.9540956020355225,425.3468656539917,357.63165068626404,0.9695151448249817,398.1365351676941,410.9325088262558,0.9628266096115112
513,22.773000004235655,63.63764555105104,86.70120153443321,57.9026111456159,39.733240124295946,175.43120378019955,175.72889651774312,175.16984474525978,179.05852361045382,402.4231586456299,118.69623270630836,0.9999809265136719,408.74830198287964,112.49165064096451,0.9999640583992004,395.8175678253174,112.41250258684158,0.9999489784240723,414.4983220100403,115.69012379646301,0.9999565482139587,388.98854398727417,115.69320794939995,0.9999112486839294,434.0672483444214,159.37295484542847,0.9998574256896973,368.6176748275757,152.41856747865677,0.9997000098228455,478.47666454315186,188.13060826063156,0.984312891960144,323.9356961250305,162.02790480852127,0.9920530915260315,479.1498193740845,141.55256247520447,0.9723629355430603,353.38086223602295,124.51496088504791,0.9766346216201782,423.92473888397217,247.53032541275024,0.9997277855873108,384.3870015144348,253.8325390815735,0.9995627999305725,422.22436332702637,296.36370611190796,0.9906303286552429,391.1857490539551,338.94057273864746,0.9539486169815063,425.639368057251,365.30260145664215,0.9706053137779236,398.11967849731445,410.83672201633453,0.9638100862503052
514,22.156999970320612,74.8132678676442,101.28972685249535,64.33872010212816,57.27361490393435,176.18743432725114,176.138539625722,175.11291864954052,178.84828549694586,403.0447325706482,117.4647368490696,0.9999822378158569,409.4066219329834,111.20007434487343,0.9999660849571228,396.27982473373413,111.20098605751991,0.999951958656311,415.31143522262573,114.88058707118034,0.9999597668647766,389.12109756469727,114.54152256250381,0.999917209148407,434.586443901062,157.81923979520798,0.9998611807823181,370.2752137184143,150.32209849357605,0.999681293964386,483.664475440979,176.77410185337067,0.9857399463653564,325.55358266830444,147.83067274093628,0.9926949739456177,479.7323980331421,127.29568445682526,0.9743836522102356,355.22089290618896,106.86949625611305,0.9775735139846802,425.25639057159424,247.6325511932373,0.9997332692146301,385.00536584854126,253.80735301971436,0.9995580315589905,422.9946904182434,308.78191614151,0.9908978343009949,391.29924726486206,338.7095675468445,0.9524775743484497,426.1917209625244,374.88586950302124,0.9715942144393921,398.0653681755066,410.403174161911,0.9637956619262695
515,23.124500003177673,84.80627897744172,112.50373704802915,69.46695910356219,72.17649976172981,177.06017374667277,176.19288994044015,172.92210757748092,178.3109736725477,403.60898876190186,116.80341041088104,0.9999812841415405,409.83468532562256,110.37780925631523,0.999962329864502,396.81180810928345,110.3757792711258,0.9999459385871887,416.0727653503418,114.11846652626991,0.9999594688415527,389.6126956939697,113.81958147883415,0.9999149441719055,435.4879093170166,154.4233523607254,0.9998589754104614,371.4714307785034,148.63232457637787,0.9995971322059631,488.000506401062,164.3136396408081,0.9870738983154297,326.87239599227905,136.84654396772385,0.9932242631912231,479.1174201965332,113.24129924178123,0.9763699769973755,356.28478384017944,90.90188917517662,0.9778174757957458,426.5121240615845,248.11194109916687,0.9996950626373291,385.6957058906555,253.82231080532074,0.9994775056838989,423.06611013412476,326.01943922042847,0.9898968935012817,391.4610662460327,338.5228943824768,0.9514697790145874,427.79297828674316,385.47985649108887,0.9701330065727234,398.4751343727112,410.27707290649414,0.9628532528877258
516,21.4461000286974,94.25973871629638,125.64636077863499,73.95333146612917,85.43528247337551,176.87482423660978,176.55128881158927,174.1669198913065,178.49566872601696,405.06667375564575,115.85034304857254,0.9999816417694092,410.9055767059326,109.56971845030785,0.9999622106552124,397.8236885070801,109.17932024598122,0.9999459385871887,417.1931653022766,113.66945517063141,0.9999605417251587,390.4486298561096,113.02228876948357,0.9999197721481323,436.09950065612793,152.2903863787651,0.9998542666435242,372.5865993499756,147.94291311502457,0.9995527267456055,491.75208854675293,153.09041422605515,0.9883143305778503,328.7916808128357,124.3311510682106,0.9937892556190491,477.791934967041,101.79018127918243,0.9783584475517273,360.70840883255005,74.9874178469181,0.9792196750640869,427.52281665802,248.70703303813934,0.9996565580368042,386.1801772117615,253.83293795585632,0.9994537830352783,424.6682014465332,332.2007654905319,0.9895009398460388,391.9025239944458,338.4987624883652,0.9544124007225037,428.95272731781006,395.45641458034515,0.970807671546936,398.6507773399353,410.2765600681305,0.9647944569587708
517,33.93020003568381,102.12408796652879,134.28152992768818,78.80548098595473,95.40480591718946,176.4668238455528,177.07304460361567,175.123345458595,178.77236275601973,406.16253423690796,114.81378275156021,0.9999831318855286,411.7491683959961,108.73137730360031,0.9999650716781616,399.0623126029968,108.16310253739357,0.9999501705169678,418.3547339439392,113.10708516836166,0.9999638795852661,391.6589994430542,112.16879752278328,0.9999272227287292,437.0827980041504,149.6765774488449,0.9998610615730286,373.696005821228,146.98746675252914,0.9995736479759216,492.9474210739136,142.7567069530487,0.9894290566444397,333.7346782684326,116.46354103088379,0.9943349957466125,476.486364364624,92.85366651415825,0.9800822734832764,364.9456753730774,66.45553255081177,0.980806827545166,428.2386312484741,249.50332856178284,0.9996698498725891,386.6409935951233,253.84003221988678,0.9994815587997437,425.9217109680176,336.2623598575592,0.9899240136146545,392.54110622406006,338.62688660621643,0.9579187631607056,429.8199234008789,402.91975128650665,0.9726350903511047,399.07755184173584,410.33530855178833,0.9672936797142029
518,33.04670000215992,111.57690242878023,142.87650498528498,86.92073851102226,104.69932432641033,176.90552000750327,177.2197822545009,175.35026434213626,179.47063201777357,408.27353525161743,114.89275985956192,0.9999843835830688,414.0525426864624,108.84044805169106,0.9999672174453735,401.5304374694824,108.30650496482849,0.9999536275863647,421.40341567993164,112.95005691051483,0.9999665021896362,393.38816022872925,111.86089506745338,0.9999338984489441,438.4601926803589,147.69016927480698,0.9998658299446106,375.1575574874878,145.52688884735107,0.9995994567871094,492.5019197463989,131.59955221414566,0.9904183745384216,339.0247917175293,107.94537416100502,0.994813859462738,475.6189155578613,84.34286457300186,0.9814378023147583,369.3768820762634,58.27253404259682,0.982109785079956,429.42688751220703,251.01813912391663,0.9996894598007202,387.9861407279968,253.90559005737305,0.9995155930519104,426.526478767395,338.3660513162613,0.9904489517211914,393.9035396575928,339.16200494766235,0.9613351821899414,429.8058214187622,406.690024971962,0.9745128154754639,399.50953245162964,410.39713406562805,0.9696689248085022
519,39.28129997802898,118.7212478664816,147.96315126996006,92.87440681526321,111.59305448287328,177.52553774186686,177.8751810767461,175.15967488605037,179.35983684900884,409.4804172515869,114.95497712492943,0.9999855160713196,415.8772077560425,108.93455389142036,0.9999692440032959,402.72362184524536,108.4199989438057,0.9999567270278931,423.53973960876465,112.85479718446732,0.9999688863754272,394.90157079696655,111.88251262903214,0.9999397397041321,440.3463706970215,145.8728837966919,0.9998708963394165,377.39464235305786,144.31114852428436,0.9996172189712524,492.12035751342773,123.24802219867706,0.9913306832313538,345.2435636520386,103.5959635078907,0.9951990246772766,474.4610872268677,76.58943942189217,0.9828535914421082,373.87129497528076,54.230933248996735,0.9831314086914062,430.8504800796509,251.93221652507782,0.9997091293334961,389.416784286499,253.91086089611053,0.9995464086532593,426.9305839538574,336.88722491264343,0.9908984303474426,395.5799822807312,339.1614921092987,0.9644529819488525,429.6404390335083,407.47418332099915,0.9763228893280029,399.9317831993103,410.4180464744568,0.9719386100769043
520,40.3649999643676,126.96021194944082,151.36882961154893,97.79974398038178,116.71843280660676,178.17219494315333,177.81509032546373,174.38291282951974,179.45984247486246,411.1180667877197,114.96217823028564,0.9999862909317017,418.08975315093994,108.92684707045555,0.9999706149101257,404.37888622283936,108.5107855796814,0.9999588131904602,425.3787088394165,112.54582631587982,0.9999706745147705,397.1126756668091,111.96249404549599,0.9999446272850037,442.4948253631592,145.14612060785294,0.9998759627342224,379.8295087814331,143.8977865576744,0.9996299743652344,491.1995840072632,115.18885990977287,0.9921479225158691,350.4994583129883,101.07432302832603,0.9954639673233032,470.7067756652832,68.71455705165863,0.9841662645339966,377.4910817146301,52.126771688461304,0.9836830496788025,432.322696685791,253.45358002185822,0.9997288584709167,391.0136694908142,254.4584583044052,0.9995757937431335,427.04021549224854,338.90065681934357,0.991259753704071,396.3604941368103,339.6478338241577,0.9670775532722473,429.5607805252075,408.3195118904114,0.9778467416763306,400.13375997543335,410.4346567392349,0.9738407731056213
521,35.96039995318279,132.2051262225928,155.2334115314687,100.96612234861193,121.76640651668721,178.1485270362087,177.82112393913522,174.8155806429389,178.9037202699413,412.3322525024414,115.01265719532967,0.999987006187439,419.7424397468567,108.98536050319672,0.9999719262123108,405.8460736274719,108.57014662027359,0.9999607801437378,427.07958984375,112.29578912258148,0.9999722838401794,399.1890788078308,111.8157368004322,0.9999489784240723,444.6020860671997,144.24043381214142,0.9998788237571716,382.0154929161072,143.84436589479446,0.9996387958526611,489.92292499542236,110.70261400938034,0.9928794503211975,355.649537563324,98.56536105275154,0.9956803321838379,467.00831604003906,62.73795300722122,0.9853401184082031,380.5046601295471,51.86168411374092,0.9843074083328247,433.55821228027344,254.8201802968979,0.999745786190033,392.6158366203308,255.0387064218521,0.9995989799499512,427.85368251800537,339.54566502571106,0.9914848208427429,397.46542739868164,340.0033447742462,0.9694300889968872,429.4621171951294,408.69208896160126,0.9791379570960999,400.1304998397827,410.32126247882843,0.9754899144172668
522,36.59740003058687,137.474293006754,159.41227767444954,104.5043865245524,127.79008294493815,178.02853268523162,176.5894948532213,176.0416458397178,179.57640172746912,414.79297256469727,115.593247205019,0.999987781047821,422.26937341690063,109.10034313797951,0.9999734163284302,408.2422480583191,108.83750635385513,0.9999631643295288,429.3132629394531,112.28062477707863,0.9999739527702332,401.7929162979126,111.79235279560089,0.9999532699584961,446.9373035430908,143.53941226005554,0.9998831748962402,383.86558198928833,143.80523347854614,0.9996556043624878,488.83919525146484,106.63871186971664,0.9935351014137268,360.5284948348999,96.32149377465248,0.9959239959716797,464.7517967224121,59.0862767547369,0.9863632321357727,383.3129005432129,49.68287608027458,0.9851293563842773,434.9308052062988,255.78158128261566,0.9997634291648865,394.77568912506104,255.37071228027344,0.9996247291564941,428.82697200775146,340.22717022895813,0.991750955581665,397.9891719818115,339.9921478033066,0.9716267585754395,428.61402702331543,409.6024340391159,0.980494499206543,400.12461137771606,409.83959329128265,0.9771542549133301
523,46.87690001446754,139.9480149416063,162.983915521416,106.43870816993632,135.53883105217383,178.32647763910916,175.29114874368807,177.19951345997234,179.61053065594857,416.21338081359863,115.60893151164055,0.999988317489624,423.9495816230774,109.09362637996674,0.9999744296073914,409.648175239563,108.86672389507294,0.9999648928642273,431.22350025177,112.3035671710968,0.9999751448631287,403.7472286224365,111.70457196235657,0.9999568462371826,448.0673828125,143.50619173049927,0.9998836517333984,385.56873750686646,143.81527656316757,0.9996635913848877,488.6109857559204,104.32083916664124,0.9941019415855408,365.4427070617676,95.92883765697479,0.9960958361625671,463.4240369796753,56.11253720521927,0.9872093200683594,384.5810933113098,47.750070199370384,0.985795259475708,436.4182357788086,255.77266359329224,0.999779224395752,396.8599519729614,255.35703659057617,0.99964839220047,430.1395683288574,340.2527551651001,0.9919404983520508,398.4415979385376,339.9273307323456,0.9735915660858154,428.38308811187744,409.6443728208542,0.9816246032714844,400.22054529190063,409.68172454833984,0.9786598682403564
524,50.101400003768504,144.78477831303954,165.05862429810324,112.75335556047719,142.3216098879795,177.9255963374274,174.95561708411012,178.11555737203167,178.73268802003025,418.412456035614,115.7683245241642,0.9999872446060181,426.1728677749634,109.15008133649826,0.9999717473983765,412.0000219345093,108.98109397292137,0.9999613165855408,433.293155670166,112.81812211871147,0.9999733567237854,406.7429141998291,111.72360396385193,0.999956488609314,450.30651473999023,143.4384115934372,0.9998762011528015,387.694522857666,143.73414838314056,0.9996398091316223,486.94103813171387,102.28019121289253,0.9946066737174988,369.79407835006714,95.26247543096542,0.9961679577827454,463.5280075073242,53.357961267232895,0.9880141615867615,385.0613946914673,46.57226210832596,0.9863532781600952,437.58642578125,255.83562874794006,0.9997895359992981,398.0958466529846,255.27150654792786,0.9996612668037415,431.12210750579834,340.1868839263916,0.9920056462287903,398.51415491104126,339.87738597393036,0.975348174571991,428.11247158050537,409.17706310749054,0.9825116991996765,400.3904767036438,409.19227731227875,0.9800061583518982
525,31.129100010730326,146.92366438664976,166.59598814549426,115.61491818273606,147.13201871853389,178.57616417437129,174.8631575733206,178.3462270475804,179.20301652205188,420.3907518386841,116.14904290437698,0.9999867677688599,427.70588970184326,109.66464340686798,0.9999701976776123,414.3431496620178,109.47383904457092,0.9999602437019348,434.5932674407959,113.49915009737015,0.9999715089797974,409.0605673789978,111.81246745586395,0.999957263469696,451.4920415878296,143.3402315378189,0.9998598694801331,389.7208867073059,143.80990600585938,0.9996109008789062,486.2954807281494,100.9102076292038,0.9950222969055176,373.208375453949,94.50390914082527,0.9962519407272339,463.70511627197266,52.51925686001778,0.9886229038238525,385.62016677856445,45.99574275314808,0.9869316816329956,439.09033393859863,255.9590803384781,0.9997899532318115,399.69101333618164,255.2677742242813,0.999662458896637,431.92005729675293,340.2829556465149,0.9917749762535095,399.65386295318604,339.6456400156021,0.9766237139701843,428.0198230743408,409.90110540390015,0.9829890131950378,400.5885615348816,409.0341236591339,0.980858325958252
526,31.275799963623285,148.27075256979725,166.33269543884663,117.4582810060213,148.52872222165178,179.17785646117736,174.35547672708464,178.39717604963502,178.95317208909412,422.21246004104614,117.37439182400703,0.9999862313270569,429.1235685348511,110.47993531823158,0.9999680519104004,415.7886281013489,110.38674831390381,0.9999591112136841,435.65223026275635,114.18635350465775,0.9999685287475586,410.04720067977905,112.2981396317482,0.9999578595161438,452.73210620880127,143.35904985666275,0.999841034412384,391.73772287368774,143.9278303384781,0.9995917677879333,486.2389717102051,100.35780948400497,0.9953739047050476,375.2909197807312,95.15341892838478,0.9963920712471008,464.0490732192993,51.92604532837868,0.989190399646759,386.7280316352844,44.96321749687195,0.9876412153244019,440.47364234924316,256.26028740406036,0.9997867345809937,401.423611164093,255.3800858259201,0.9996627569198608,432.5485305786133,340.4981198310852,0.9916953444480896,400.42853689193726,339.51087749004364,0.9779900312423706,427.95178985595703,410.22516226768494,0.9834433197975159,400.8768434524536,409.0855784416199,0.9817700386047363
527,31.69309999793768,149.33328229218068,164.81246196408975,120.37695329392835,147.44438060838505,179.775513395444,173.84611793615812,178.0794008614417,178.36733441678516,424.65586853027344,117.96348640322685,0.9999842643737793,431.09587478637695,110.73950988054276,0.9999613165855408,418.36130475997925,110.87841784954071,0.9999528527259827,437.1176233291626,114.31013986468315,0.9999609589576721,412.2045512199402,112.62301561236382,0.9999550580978394,454.3800163269043,143.22509932518005,0.9998143911361694,393.87488079071045,144.0597437620163,0.9995552897453308,486.4793119430542,100.54796567559242,0.9956780672073364,376.4065432548523,95.7436816394329,0.9964781999588013,466.43200492858887,52.56373134255409,0.9896159768104553,387.71319913864136,45.484218537807465,0.9881145358085632,441.91128635406494,256.49764609336853,0.9997779130935669,403.0128388404846,255.45524513721466,0.9996529221534729,432.98452949523926,340.6223121881485,0.9917093515396118,400.86415672302246,339.5107065439224,0.9793415665626526,427.995005607605,409.612007021904,0.9838789105415344,401.0686101913452,409.09310007095337,0.9826413989067078
528,31.919100030791014,149.03031397347237,162.26683077032368,120.94244652485642,143.3889566546562,179.88431206498976,174.06917808001484,177.36083383895527,179.18726910583862,425.7076539993286,118.45980709791183,0.9999791979789734,431.76159954071045,110.94542872905731,0.9999464750289917,419.23337841033936,111.36752319335938,0.9999364018440247,437.81822395324707,114.36749228835106,0.9999464154243469,413.6800026893616,113.08371540904045,0.9999454021453857,456.0489025115967,143.2213100194931,0.999794065952301,395.5174584388733,144.15534538030624,0.9995120763778687,488.54093074798584,101.03041124343872,0.9959741830825806,376.359233379364,97.12945637106895,0.996550440788269,469.7712936401367,53.27581453323364,0.9899721741676331,388.95937967300415,48.215317875146866,0.9885181784629822,442.87113094329834,256.5783611536026,0.9997620582580566,404.14681005477905,255.47356486320496,0.9996222853660583,432.89824962615967,340.88209331035614,0.9915083050727844,401.9438428878784,339.7061549425125,0.9801672101020813,427.95825958251953,409.6739180088043,0.9839574694633484,401.12049436569214,408.52980411052704,0.9829707145690918
529,30.978499969933182,146.81873037394763,159.9411073894152,119.04090296989267,139.5569586559933,179.90893450060312,174.58383074736042,176.92677277982398,179.945383287203,427.08449268341064,118.65954339504242,0.9999759197235107,432.9970645904541,111.08346059918404,0.9999361038208008,420.5294213294983,111.65314567089081,0.9999256134033203,439.0129499435425,114.47245320677757,0.9999361038208008,414.96338415145874,113.57356151938438,0.9999399781227112,457.6973180770874,143.37942093610764,0.9997777938842773,397.0086545944214,144.17625778913498,0.9994915723800659,491.9745864868164,102.95710223913193,0.996237576007843,376.5670986175537,98.62307673692703,0.9966797828674316,474.0469741821289,55.417370557785034,0.9901788830757141,390.70519495010376,50.19718885421753,0.9889101386070251,443.5635938644409,256.5944870710373,0.9997453689575195,405.00561571121216,255.49954867362976,0.999596893787384,432.95384883880615,340.49643886089325,0.9914712309837341,403.0835509300232,339.72062838077545,0.9811486601829529,427.983380317688,409.26903212070465,0.9842308759689331,401.5880331993103,408.1092196702957,0.9834747314453125
530,23.30279996385798,144.5502995819642,157.32588242173733,115.0803296625643,133.26024285056295,179.7550651051506,174.86777033606919,176.72744900800336,179.8208630934027,428.24818420410156,118.64145159721375,0.9999729990959167,434.3764810562134,111.06827488541603,0.9999261498451233,421.4700083732605,111.64781785011292,0.9999141693115234,440.48612689971924,114.4575524032116,0.9999254941940308,415.8536286354065,113.59660363197327,0.9999328255653381,459.682412147522,143.48318523168564,0.9997622966766357,397.78492069244385,144.22316825389862,0.9994671940803528,495.51160621643066,104.94494208693504,0.9965025186538696,375.4803867340088,99.61338186264038,0.9968072772026062,476.3780975341797,57.601912409067154,0.9904530644416809,393.20769023895264,51.367226019501686,0.9891586899757385,444.8222589492798,256.9070335626602,0.9997289776802063,405.35930252075195,255.59849798679352,0.9995672702789307,433.45348358154297,340.89303386211395,0.9914135336875916,403.5299367904663,340.0000967979431,0.9821065664291382,428.15962982177734,409.12543737888336,0.9844353199005127,401.84424448013306,407.9640009403229,0.9839937090873718
531,22.124300012364984,139.9476765197325,153.35392827468203,108.26527919378621,125.85874523905885,179.8986146124479,175.54015046319213,176.99787178876124,178.84280481461823,429.2577648162842,118.63280457258224,0.9999697208404541,435.25009632110596,111.07865986227989,0.9999157190322876,422.36010122299194,111.6427393257618,0.9999024868011475,441.83177947998047,114.56926569342613,0.9999150037765503,416.73952627182007,113.67255356907845,0.9999257922172546,461.36110401153564,144.47612577676773,0.9997531175613403,398.5316686630249,144.2413455247879,0.9994384050369263,500.9517869949341,108.69386887550354,0.9967326521873474,374.66906785964966,103.32853254675865,0.996954619884491,479.4996395111084,60.15209376811981,0.9906184673309326,395.92199325561523,55.34183017909527,0.989221453666687,445.84407138824463,257.16450691223145,0.9997110366821289,405.55589628219604,255.670551776886,0.9995319247245789,434.17233085632324,340.83163571357727,0.9913474321365356,404.3005418777466,340.00246155261993,0.98280268907547,428.25900077819824,409.253333568573,0.9845162034034729,401.9321165084839,407.4865769147873,0.9842744469642639
532,25.07340000011027,133.50941768721455,141.9153570235283,101.09915658067413,112.5291095234842,179.7231277579972,175.66212881364373,177.45332124687948,177.75840818379112,430.05642223358154,118.70888271927834,0.9999639391899109,436.1249752044678,111.49829697608948,0.9998965263366699,423.39659690856934,111.79992428421974,0.9998809099197388,443.32249546051025,115.20774945616722,0.9998906850814819,417.7321238517761,114.00759372115135,0.9999107122421265,463.16302394866943,146.40546643733978,0.9997420907020569,399.24654817581177,144.82090985774994,0.9994080662727356,503.24611377716064,118.16356459259987,0.9969040155410767,371.87518215179443,114.12585282325745,0.9971039891242981,480.75244140625,67.80466783046722,0.990776002407074,394.78332138061523,66.62578776478767,0.9893745183944702,446.8250436782837,257.8330771923065,0.9996928572654724,406.3103017807007,255.87882113456726,0.999494731426239,435.04261016845703,340.9886782169342,0.9914429187774658,405.2842183113098,340.0387591123581,0.9835532307624817,428.4726028442383,408.9973987340927,0.9848085045814514,401.91525983810425,405.63411927223206,0.9844500422477722
533,31.475799973122776,124.54128497964761,125.63401885982807,92.35369595333894,92.49738077922248,179.82776977206558,174.9865189157129,177.73735503639801,177.8841653183424,432.1636323928833,119.07824030518532,0.9999580383300781,437.8423843383789,112.25909981131554,0.9998750686645508,425.82188510894775,112.25674930214882,0.9998618364334106,444.69625091552734,115.82073375582695,0.9998601078987122,419.07759952545166,114.80675259232521,0.9998927116394043,464.10411643981934,148.56286346912384,0.9997308254241943,400.58550357818604,145.98080778121948,0.9993854761123657,504.84797763824463,128.62714105844498,0.9970335364341736,367.36429166793823,125.16298913955688,0.9972435832023621,481.6844358444214,75.90544125437737,0.9910579919815063,393.8958821296692,78.4126367866993,0.9897860288619995,447.7366180419922,258.4863193035126,0.9996825456619263,407.4442982673645,256.1947580575943,0.9994768500328064,435.7123785018921,340.9413831233978,0.9917463064193726,405.3192710876465,340.0034302473068,0.9843608736991882,428.53002166748047,408.8869105577469,0.9852480888366699,401.5428714752197,400.5622618198395,0.9847102165222168
534,26.93270001327619,113.77717959466489,107.96558752970189,79.63515189784403,71.23071123686307,178.88519934998064,175.74260913892553,178.26607987986606,174.6801724210829,434.29176807403564,119.35612034797668,0.9999568462371826,439.89055824279785,112.67877253890038,0.9998691082000732,428.1502285003662,112.58967399597168,0.9998619556427002,446.64940071105957,116.1021965444088,0.9998455047607422,420.3647971153259,115.00881090760231,0.9998893737792969,464.8558683395386,150.6684210896492,0.9997324347496033,402.06934547424316,147.35923182964325,0.9993981122970581,507.1185989379883,139.61258041858673,0.9971095323562622,363.7703585624695,137.0664376616478,0.9973891973495483,482.7539119720459,87.4212979376316,0.9914197325706482,393.3265461921692,92.93594145774841,0.9901986122131348,447.5191240310669,258.6971528530121,0.999699056148529,407.6199917793274,256.0718477964401,0.9995018839836121,435.9850673675537,340.74086332321167,0.9919425845146179,405.6954755783081,338.68321335315704,0.9851467609405518,428.51693058013916,408.72884237766266,0.9854544401168823,399.450900554657,392.2087516784668,0.9837701916694641
535,25.16060002380982,100.40723140441132,93.08300034916286,64.99984254629433,55.59145465130084,178.0903774220337,175.93170304465426,178.67616195677073,170.17519404998143,434.92858123779297,120.0294771194458,0.9999531507492065,440.4915351867676,113.29344493150711,0.9998589158058167,428.53416633605957,113.53066116571426,0.9998567700386047,446.7956771850586,116.09132722020149,0.9998229146003723,420.71876192092896,115.56482028961182,0.9998815655708313,464.9037847518921,152.31570065021515,0.9997438192367554,402.2340202331543,149.77631026506424,0.9993990063667297,507.0678014755249,151.57325315475464,0.9971473813056946,362.6672954559326,149.83361995220184,0.9975240230560303,482.54460620880127,101.31317749619484,0.9917213320732117,392.9859251976013,105.4307282269001,0.9904634952545166,447.30567359924316,258.63524186611176,0.9997130036354065,408.07855892181396,255.43886280059814,0.9995163083076477,436.52781677246094,340.62484788894653,0.9918708801269531,406.82793045043945,334.84615671634674,0.9856292009353638,429.1894283294678,408.5625972747803,0.9852724075317383,397.3378019332886,384.9412907361984,0.980756402015686
536,22.97389996238053,85.3916119722939,79.72304729533768,48.24282862116372,36.532334050082724,177.44463460619107,175.9147369432547,179.17695035014827,167.95047349186146,435.41118240356445,121.67687064409256,0.9999498724937439,441.5191602706909,115.15164351463318,0.9998482465744019,428.76283073425293,115.4830581843853,0.9998467564582825,447.7477378845215,117.16570222377777,0.999789834022522,420.9784860610962,116.67294290661812,0.9998680353164673,464.9672689437866,154.43145805597305,0.999753475189209,402.58677196502686,151.3741294145584,0.9993864893913269,505.96178150177,164.92009949684143,0.9971283078193665,362.08297300338745,160.93393510580063,0.9975146055221558,481.9285669326782,118.56650596857071,0.9915331602096558,392.73684072494507,124.64406794309616,0.9893524646759033,447.08292293548584,258.5869495868683,0.999722421169281,408.0131540298462,254.808527469635,0.9995137453079224,436.7448558807373,340.5618542432785,0.9918869733810425,406.5950708389282,329.88099813461304,0.9861899018287659,429.2467460632324,407.7825986146927,0.9855299592018127,395.3569030761719,378.05344414711,0.9786219000816345
537,23.025300004519522,72.45816707043087,66.6778804527661,27.193307587240803,16.13505987292119,176.48549137396674,174.6853012904972,179.66976813976157,170.0531336181829,435.64793395996094,122.26122146844864,0.9999423027038574,442.02875232696533,115.69636332988739,0.9998223781585693,429.26974391937256,115.70174100995064,0.9998266100883484,448.76838779449463,117.81076741218567,0.9996967315673828,421.5214123725891,117.54382079839706,0.9998463988304138,465.93449306488037,155.07403028011322,0.9997562766075134,402.57613229751587,151.47530102729797,0.9993807077407837,505.3581762313843,175.87676292657852,0.9969236254692078,362.0720806121826,171.75122046470642,0.99695885181427,478.3337745666504,137.26382344961166,0.9911860227584839,393.358389377594,142.85359066724777,0.9868629574775696,447.1838607788086,258.4831568002701,0.9997185468673706,408.36691665649414,252.83028197288513,0.9995197653770447,437.5021677017212,340.1250584125519,0.9910910725593567,406.1092600822449,316.0655314922333,0.9868991374969482,429.92485427856445,407.33167123794556,0.985386073589325,394.394202709198,371.2203003168106,0.9779440760612488
538,30.38910002214834,57.029631906776146,57.15283182950738,6.3940997295743776,3.3007797750200467,176.15790197757585,173.0656693293308,179.39151894482623,172.7260718736848,435.8046226501465,122.75391668081284,0.9999424815177917,442.0175313949585,116.270243704319,0.999821662902832,430.0574836730957,116.15641495585442,0.9998270273208618,449.064377784729,118.50751531124115,0.999677836894989,423.15256690979004,118.39124345779419,0.99984210729599,466.2426643371582,155.84498304128647,0.9997650384902954,402.94510889053345,153.0963830947876,0.9994021654129028,502.18654441833496,190.01357978582382,0.9967579245567322,362.852415561676,182.38113462924957,0.9947822093963623,473.56695079803467,155.97411859035492,0.9909618496894836,390.7712821960449,164.3578861951828,0.9801630973815918,447.2082738876343,257.7591145038605,0.9997112154960632,408.57144594192505,250.7281575202942,0.9995397925376892,437.68225860595703,338.3997277021408,0.9907801747322083,405.19940423965454,303.79125809669495,0.9876818060874939,430.3066186904907,407.09075117111206,0.9857610464096069,393.7558479309082,363.1606750488281,0.9782430529594421
539,26.79630002239719,44.59472280008932,49.90364205147506,5.2574271040029315,11.43160902322915,174.00913960410068,171.32590330793676,179.8402112460551,175.85063300373585,435.8867073059082,123.03204602003098,0.9999457597732544,442.1725015640259,116.53504636883736,0.999832034111023,430.4141778945923,116.45148932933807,0.9998373985290527,449.30203914642334,119.00592297315598,0.9996858239173889,424.17761421203613,119.12492284178734,0.9998493790626526,468.4828577041626,160.03747940063477,0.9997789859771729,403.31883668899536,157.6183923482895,0.9994467496871948,496.26027488708496,204.01371097564697,0.9966628551483154,365.2911992073059,193.57200849056244,0.9931128025054932,470.5420503616333,170.54042333364487,0.9913269281387329,390.35833168029785,177.93109369277954,0.9783366918563843,447.1231060028076,257.86820662021637,0.9997124671936035,408.64377546310425,250.03112471103668,0.9995724558830261,438.19513607025146,338.4085314273834,0.9905257225036621,405.02985191345215,288.4320625066757,0.9884282946586609,430.39497089385986,407.02670335769653,0.9862392544746399,393.41285133361816,357.66207909584045,0.9792062044143677
540,24.79330002097413,37.620859552308225,43.272935722148574,29.34821388961054,28.893354506850567,172.65758390459752,169.40046950154758,179.00255261403188,178.4636765715608,435.5697412490845,122.91037511825562,0.9999503493309021,442.05928134918213,116.50196117162704,0.9998462796211243,430.11980533599854,116.32711890339851,0.9998514652252197,449.2598342895508,119.05161544680595,0.9997085928916931,424.545428276062,119.00318783521652,0.9998619556427002,469.85752296447754,162.10568529367447,0.9997981786727905,404.06437158584595,158.07533133029938,0.9994972348213196,492.02381706237793,211.18705183267593,0.996642529964447,368.78960275650024,199.7297584414482,0.9923633337020874,462.74193572998047,189.6405753493309,0.9918762445449829,389.92038679122925,191.68296837806702,0.9784237146377563,447.1805248260498,257.9180374145508,0.9997243881225586,408.898344039917,249.89698898792267,0.9996060132980347,438.681679725647,339.1419472694397,0.9903899431228638,404.8903737068176,279.9915692806244,0.9892061948776245,430.3822841644287,407.0206632614136,0.9868678450584412,393.75956296920776,349.3108767271042,0.9799438118934631
541,22.211399977095425,31.767755292320608,39.595450510997075,46.33156344486048,62.303170536037705,171.70671354721364,166.53009234515915,178.02208578749205,178.92464647931624,435.35563373565674,122.9523708820343,0.9999539852142334,442.2468023300171,116.63662397861481,0.9998577237129211,429.9325370788574,116.35763278603554,0.9998632073402405,449.5021457672119,119.25940757989883,0.9997256398200989,424.63393211364746,119.06333950161934,0.999872624874115,470.4282741546631,163.6804267168045,0.9998152256011963,403.80328273773193,159.3117703795433,0.9995432496070862,487.2461767196655,215.6764958500862,0.995884358882904,372.4448971748352,202.04498147964478,0.990375816822052,459.8313674926758,202.45619237422943,0.9916174411773682,389.9252896308899,204.6808567047119,0.9767740964889526,447.1964464187622,257.9496339559555,0.9997313618659973,409.0511155128479,249.67883324623108,0.9996355175971985,439.1927881240845,340.30398201942444,0.9904000759124756,405.5777316093445,269.08737206459045,0.9900202751159668,430.3724784851074,407.0415756702423,0.9874618649482727,393.9831476211548,341.7102702856064,0.9805502891540527
542,24.53389996662736,27.538674343796785,37.87566113906304,59.18132270357814,74.19099828366522,170.64666014636373,146.39358083427527,176.66851762583252,156.2839891530042,435.1887855529785,123.28960484266281,0.9999582767486572,442.4369010925293,116.93306592106819,0.999871015548706,429.77509021759033,116.62762793898582,0.9998761415481567,449.7304563522339,119.61362218856812,0.9997502565383911,424.6711835861206,119.54847747087479,0.9998845458030701,470.83495712280273,165.7636616230011,0.9998326301574707,403.7319641113281,161.84155929088593,0.9995871186256409,483.90607929229736,221.30868619680405,0.9956625699996948,372.8835496902466,206.7801605463028,0.9897578358650208,455.39020347595215,212.2757934331894,0.9919883608818054,392.5118660926819,213.4082972407341,0.977448582649231,447.05633640289307,259.07480132579803,0.9997456073760986,408.97042083740234,249.814080119133,0.999667227268219,439.9880590438843,340.7994693517685,0.9905883073806763,406.1475224494934,254.6645623445511,0.9908219575881958,430.3497838973999,407.0728588104248,0.988145112991333,397.08118629455566,334.453351020813,0.9812912940979004
543,25.642500026151538,24.722050100461438,37.8786553239875,69.14296847382569,93.6553645575937,169.98956765527174,11.819484038358738,176.11107923539836,20.58082831039749,435.09416580200195,123.51867264509201,0.999962329864502,442.6462068557739,117.13112837076187,0.9998835921287537,429.77241134643555,116.78076004981995,0.9998882412910461,449.92909717559814,119.85579586029053,0.9997743964195251,424.93917179107666,119.7582283616066,0.9998957514762878,470.51576709747314,166.92467069625854,0.9998487234115601,403.5579891204834,162.1004856824875,0.9996271729469299,480.672176361084,223.51062893867493,0.9957749843597412,374.2894515991211,205.0405843257904,0.9888331294059753,449.87071800231934,217.70089679956436,0.9925936460494995,389.5838851928711,216.96165454387665,0.9781647324562073,446.59471130371094,259.1112698316574,0.9997625350952148,409.12038707733154,250.51726698875427,0.9996975064277649,440.0762596130371,341.27324652671814,0.9908276200294495,407.5239062309265,244.72888886928558,0.9915217757225037,430.32815074920654,407.0880160331726,0.9887390732765198,400.40581703186035,323.5294095277786,0.9819605946540833
544,22.712400008458644,24.721468533805716,37.724819897262385,79.82557847700474,104.69053550642451,169.68521558695775,6.6818222289638936,175.9365972527628,1.7698457911317889,435.03972911834717,123.60029941797256,0.999966025352478,442.82533740997314,117.28398269414902,0.9998949766159058,429.79328632354736,116.86469459533691,0.99989914894104,450.1715097427368,120.07006257772446,0.9997961521148682,425.2019033432007,119.93520033359528,0.9999058246612549,470.464919090271,167.8643615245819,0.9998632669448853,403.4302372932434,162.34288728237152,0.9996634125709534,480.40181255340576,224.2936903834343,0.9958927035331726,375.3800301551819,203.90249627828598,0.9879076480865479,451.8954391479492,224.20048201084137,0.9931264519691467,388.19463777542114,218.49290442466736,0.9787343740463257,446.4189167022705,259.29865527153015,0.999778687953949,409.17143726348877,250.93488836288452,0.9997247457504272,440.08202171325684,341.28720712661743,0.990972101688385,409.74747037887573,239.8470950126648,0.992108166217804,430.25617504119873,407.16713559627533,0.9893019795417786,403.4196228981018,316.1002905368805,0.9821282625198364
545,22.697199950926006,25.238555731064192,37.71953166256405,80.32455451374418,101.28763885129145,169.45514295378743,7.272691367448814,175.5320349997094,0.36273843501624237,435.0481700897217,123.8686990737915,0.9999693632125854,443.02094554901123,117.56819486618042,0.9999052286148071,429.8883104324341,117.0709125995636,0.999908983707428,450.2527856826782,120.25917172431946,0.9998158812522888,425.44466972351074,120.11334043741226,0.9999149441719055,470.3131332397461,167.70184874534607,0.9998764395713806,403.33890295028687,162.3686431646347,0.9996958374977112,480.5523853302002,222.88234496116638,0.996002733707428,375.6200165748596,203.7589157819748,0.9871112108230591,451.1642589569092,223.3115621805191,0.9936147332191467,387.8883113861084,216.06911635398865,0.979121208190918,446.24054431915283,259.2894241809845,0.9997936487197876,409.4102358818054,251.20948481559753,0.9997494220733643,440.25154876708984,341.2061216831207,0.9910651445388794,410.2412166595459,237.069120824337,0.9926226735115051,430.21851921081543,407.1612664461136,0.9897922277450562,405.09785985946655,316.04960501194,0.9824349284172058
546,24.666499986778945,26.314168945929843,38.35227910104661,73.59041676068995,82.08491806388339,169.4140929149052,8.991557660357907,175.24985272875165,1.0300985978123338,435.0383644104004,124.05316418409348,0.9999721646308899,443.15443420410156,117.73697566986084,0.9999140501022339,429.9707489013672,117.19028997421265,0.9999174475669861,450.3990116119385,120.26759082078934,0.9998326897621155,425.7300958633423,120.11388176679611,0.9999227523803711,470.49797534942627,167.0399453639984,0.9998878240585327,403.2681908607483,162.2518584728241,0.9997239112854004,481.6808977127075,221.49486076831818,0.995836079120636,374.98274850845337,203.84042859077454,0.9858234524726868,448.1846466064453,218.67939239740372,0.9937642216682434,394.22955322265625,213.35510450601578,0.9776943325996399,446.22376346588135,259.50732350349426,0.999805212020874,409.7327365875244,251.74337804317474,0.9997707605361938,440.33378505706787,341.211221575737,0.990928053855896,411.21523904800415,234.3073295354843,0.9930486679077148,430.03767013549805,407.16092455387115,0.9901384711265564,405.6918363571167,316.81729555130005,0.9825466871261597
547,24.965899996459484,28.21034898429095,41.03907802692325,68.75298055138985,70.08365757437144,169.37464244591965,11.013240087261607,175.11192364096374,3.9544627575418083,435.03447246551514,124.0912851691246,0.9999744892120361,443.2187776565552,117.81733459234238,0.9999213218688965,430.06172943115234,117.23020589351654,0.9999244213104248,450.4068965911865,120.29720723628998,0.999846339225769,425.9964666366577,120.08319693803787,0.999928891658783,470.4136161804199,166.4799543619156,0.9998980760574341,403.83542919158936,161.84054785966873,0.9997475147247314,482.66889572143555,217.36357736587524,0.9958762526512146,374.7746558189392,200.08962851762772,0.9840328693389893,448.4066390991211,212.72791743278503,0.9940298795700073,389.39884090423584,204.64746522903442,0.9752597212791443,446.0662155151367,259.49424612522125,0.9998102188110352,409.82985830307007,251.797966837883,0.9997875690460205,440.29117584228516,341.19461131095886,0.9909430146217346,410.86519145965576,243.60349357128143,0.9934055805206299,429.92005252838135,407.187050819397,0.9905090928077698,406.4092936515808,322.16070091724396,0.9826640486717224
548,22.675400017760694,32.49095029708387,46.251406453148014,57.506506444083826,54.61304762148893,169.44200544607213,0.9299790376603785,175.34697816257145,5.517130214340499,435.0158214569092,124.17003434896469,0.9999763369560242,443.1865301132202,117.8522218465805,0.9999273419380188,430.027813911438,117.27433848381042,0.9999299645423889,450.40007305145264,120.35803556442261,0.9998575448989868,425.88026428222656,120.0856471657753,0.9999334216117859,470.60386657714844,166.104043841362,0.9999070763587952,403.9010615348816,161.64380311965942,0.9997660517692566,486.0840015411377,214.5137345790863,0.9960333108901978,370.8143239021301,197.9392687678337,0.9818106293678284,449.9222230911255,204.98598128557205,0.9943983554840088,382.2948031425476,199.341810464859,0.9732282757759094,446.0808229446411,259.19594514369965,0.9998108148574829,409.9925618171692,251.0135805606842,0.9998001456260681,440.05978202819824,341.18577909469604,0.9909363985061646,409.8732256889343,248.7129306793213,0.9936916828155518,429.77872943878174,407.1928060054779,0.99083411693573,406.40820693969727,326.58333349227905,0.9830085039138794
549,24.184599984437227,38.35219382736585,56.26482691702559,43.45700267243894,2.0514610312520154,169.99683350747011,131.51560363548418,175.99359172483474,136.44810345564747,434.96214294433594,124.16205686330795,0.9999775290489197,443.1612071990967,117.83373829722404,0.9999316930770874,429.95952796936035,117.26718011498451,0.9999335408210754,450.35756492614746,120.35202395915985,0.9998658895492554,425.8471574783325,120.04017549753189,0.9999363422393799,470.78001499176025,164.41699081659317,0.9999146461486816,403.9108166694641,160.72139209508896,0.9997779130935669,490.7893123626709,209.8868783712387,0.9962047934532166,364.17102670669556,191.32750016450882,0.9803467988967896,450.4777603149414,192.9490665793419,0.9946357011795044,374.40631103515625,182.8439997434616,0.9691883325576782,446.17579650878906,258.87396812438965,0.9998155832290649,409.9326410293579,249.8098919391632,0.9998124241828918,439.5393228530884,341.4144480228424,0.9910330176353455,407.7044267654419,252.068061709404,0.9939293265342712,429.5856990814209,407.2044588327408,0.9911957383155823,406.29776668548584,327.69724690914154,0.9832323789596558
550,25.661099993158132,47.165210711065086,66.84376593087156,19.56486441473579,33.93582166204981,171.65373128502105,156.26463644000512,178.2085644549306,159.68944606797987,434.868483543396,124.17863863706589,0.9999771118164062,443.1478633880615,117.82016232609749,0.9999319314956665,429.6689968109131,117.25858294963837,0.9999324679374695,450.3255195617676,120.34730869531631,0.9998653531074524,425.57204246520996,119.9516538977623,0.9999350905418396,470.74847507476807,162.3708227276802,0.9999192953109741,404.1170644760132,157.73235642910004,0.9997777938842773,496.0020923614502,201.14764255285263,0.9963268041610718,357.62432050704956,181.28658086061478,0.9799114465713501,459.61579418182373,173.36771547794342,0.9946269989013672,371.64426851272583,156.19716054201126,0.964285671710968,446.5762119293213,258.6700578927994,0.999817967414856,410.0424747467041,249.07659006118774,0.9998220801353455,438.25139236450195,341.423109292984,0.9908915758132935,405.8267149925232,260.6443146467209,0.9939318299293518,429.5268144607544,407.3728977441788,0.9913671016693115,406.20271730422974,335.78331184387207,0.9833192229270935
551,25.338799983728677,58.4863561500348,76.8455447415534,2.168358172880946,51.05536958225688,173.5162125649344,162.29594253957256,179.89901642330523,164.83187387023563,434.71674823760986,124.05974560976028,0.9999780058860779,442.9554901123047,117.74097153544426,0.9999333620071411,429.3724002838135,117.19900822639465,0.999934196472168,450.29721450805664,120.1569744348526,0.9998635053634644,425.2137813568115,119.48161616921425,0.9999368190765381,470.0704174041748,159.74120128154755,0.9999227523803711,404.0854740142822,154.8858328461647,0.9997888207435608,499.9690456390381,189.2806910276413,0.9965910315513611,354.9113063812256,169.9357441663742,0.9815364480018616,466.34395599365234,158.48467606306076,0.99492347240448,368.2432141304016,136.8179104924202,0.9669209122657776,447.1272506713867,258.02143132686615,0.9998171329498291,410.4129424095154,248.60577595233917,0.9998310804367065,437.39855098724365,341.38558661937714,0.9906631112098694,404.3428225517273,273.2416192293167,0.9940813183784485,429.55754566192627,407.561052441597,0.9915705323219299,406.01140546798706,345.29956901073456,0.9838716983795166
552,25.141599995549768,74.78153616341169,83.30821032244894,19.54234260226135,60.61499032022088,174.73432264514673,165.04426537427588,178.04337667235842,167.93474329688965,434.7034549713135,123.8977884054184,0.9999695420265198,442.8289260864258,117.58268254995346,0.9998988509178162,429.1812906265259,117.16320213675499,0.9998987317085266,450.2851343154907,119.86534035205841,0.9997714757919312,424.8840274810791,119.34738072752953,0.9999111890792847,469.89037704467773,157.86351484060287,0.9999203085899353,404.0700578689575,153.61694252490997,0.9997807145118713,502.3196792602539,175.0975620150566,0.9968454241752625,353.47340965270996,162.966099858284,0.9831487536430359,468.8292407989502,138.51064747571945,0.9951249361038208,367.2542052268982,122.7525206208229,0.9694353342056274,447.1797161102295,258.0737693309784,0.9998044371604919,410.3487000465393,248.72022438049316,0.9998283386230469,436.3437328338623,340.3415901660919,0.9900416135787964,403.7663345336914,282.02890515327454,0.9941148161888123,429.82452297210693,407.4695677757263,0.991389274597168,404.897424697876,355.1136997938156,0.9840269684791565
553,22.611199994571507,87.17110966230219,97.98209193849118,40.4908832330848,73.39314941903883,176.42778290490727,168.5934536091284,176.98371457674742,172.56868846178284,434.64927101135254,123.7303181886673,0.9999490976333618,442.4592924118042,117.30657607316971,0.9998232126235962,428.99225330352783,117.07875475287437,0.9998117089271545,449.5551166534424,119.24635869264603,0.9996190667152405,424.53688621520996,118.9483497440815,0.9998415112495422,467.99424171447754,155.5426933169365,0.9999154806137085,404.1269459724426,151.42961567640305,0.9997300505638123,503.94646167755127,164.75082010030746,0.9970704317092896,354.09604501724243,147.56577748060226,0.9846317768096924,473.22339820861816,121.10640919208527,0.9952565431594849,369.5628867149353,107.32153478264809,0.9715096354484558,447.16682720184326,257.5757178068161,0.9997879862785339,410.1950945854187,248.80319023132324,0.9997932314872742,435.6995906829834,339.5352088212967,0.9892603754997253,402.4861373901367,304.7849963903427,0.9940155744552612,429.86794090270996,406.8890062570572,0.9908342957496643,402.059287071228,364.5402102470398,0.9825133085250854
554,22.727400006260723,100.40468423414576,108.16300772839276,59.45708539920973,85.49848367593862,177.59580844798947,169.68392601413632,175.99815509362134,174.5134683479147,434.49864768981934,123.10023927688599,0.9999352097511292,442.1545581817627,116.61227840185165,0.9997928142547607,428.49418544769287,116.67942461371422,0.9997574687004089,448.6463222503662,118.68851163983345,0.9995954632759094,423.68126487731934,118.44400882720947,0.9997921586036682,466.86613368988037,154.65414386987686,0.9999105930328369,403.7479362487793,151.07215309143066,0.9995377063751221,504.96574687957764,154.93583458662033,0.9972624778747559,354.22410011291504,138.15698844194412,0.9859083294868469,477.26768493652344,107.19125247001648,0.9951112866401672,371.17705821990967,89.24933165311813,0.9727776646614075,447.1802215576172,257.57514798641205,0.9997817873954773,409.859806060791,249.68484485149384,0.9997275471687317,435.0401840209961,339.54868507385254,0.9895028471946716,401.33811473846436,321.4748935699463,0.9938345551490784,429.86516094207764,406.4642621278763,0.9908220767974854,400.0890278816223,377.24814546108246,0.9820171594619751
555,22.56919996580109,114.23714445323347,117.66446905622713,72.68452216810715,94.2667617180119,178.18194496922416,170.37299112219853,175.68896458677523,176.428272507056,434.04955768585205,122.50258314609528,0.9999341368675232,441.6298027038574,116.13652110099792,0.9997925162315369,427.8481225967407,116.1162283718586,0.9997552037239075,447.7922172546387,118.4756481051445,0.9996088147163391,422.6803526878357,117.92446082830429,0.9997940063476562,466.29780864715576,153.8591304421425,0.9999027252197266,403.1208276748657,150.41610461473465,0.9994745254516602,506.04270362854004,144.08708089590073,0.9974282383918762,354.23605394363403,128.72509318590164,0.9872065186500549,477.4521732330322,96.74575355648994,0.9946424961090088,373.1339988708496,75.83152842521667,0.974618673324585,447.19952964782715,257.6738978624344,0.9997768998146057,409.73647689819336,251.7093027830124,0.9996825456619263,434.7970132827759,339.62549686431885,0.9897329211235046,401.63271474838257,330.2589030265808,0.9934899210929871,429.8099660873413,406.0320818424225,0.9907232522964478,399.398814201355,385.434042930603,0.9818171858787537
556,22.069500002544373,124.52391189738802,124.64538547641116,83.57108002923425,99.04366125340735,178.61460627156197,170.45868423714802,175.32804691060903,177.4187932151888,433.5020065307617,122.18714481592178,0.9999378323554993,441.0626907348633,115.97185012698174,0.9998049736022949,426.8682622909546,115.80518478155136,0.999771237373352,447.0211572647095,118.3756659924984,0.9996359348297119,421.4991979598999,117.67726561427116,0.9998098015785217,465.74575901031494,153.10092741250992,0.9998939037322998,402.24587297439575,149.5391937494278,0.9994715452194214,505.75586223602295,134.93412697315216,0.9975849986076355,354.7818613052368,121.39509445428848,0.9884388446807861,475.9581718444824,85.04627224802971,0.9944343566894531,376.162841796875,67.45463427901268,0.9766817688941956,447.0873203277588,257.8145580291748,0.999778151512146,409.4346995353699,252.88113844394684,0.9996711015701294,434.4768123626709,340.05331802368164,0.9900171160697937,401.6696882247925,332.6188997030258,0.9934027791023254,429.81471729278564,405.96572625637054,0.9906299710273743,398.62863874435425,391.01953649520874,0.9815891981124878
557,37.31889999471605,130.72352366668304,131.32590322320235,90.2635321011204,102.73507519118085,178.8644081108911,170.92881266271965,175.51245429611927,178.30070067651474,431.8786106109619,122.08759719133377,0.9999430775642395,439.79032802581787,115.8698237836361,0.9998218417167664,425.30713748931885,115.5927272439003,0.9997912645339966,445.84634590148926,118.12139788269997,0.9996691346168518,420.3180432319641,117.48173174262047,0.9998271465301514,465.2048292160034,152.11556547880173,0.9998931884765625,401.22800302505493,148.6867281794548,0.9994951486587524,505.97022247314453,127.64791893959045,0.9977734684944153,355.0536150932312,113.78975138068199,0.9895453453063965,475.4966983795166,76.3428425192833,0.9945061206817627,379.00277376174927,60.86067256331444,0.978684663772583,447.04405403137207,257.7931612730026,0.9997860789299011,408.9953393936157,253.32750725746155,0.9996767044067383,434.57926654815674,340.0623496770859,0.9903498888015747,402.1079616546631,334.90333819389343,0.9932292699813843,429.81269550323486,406.1078394651413,0.9907262325286865,398.7475199699402,396.42143392562866,0.9820857048034668
558,21.97540004272014,134.04175175207095,137.52276009471413,93.52705860485781,108.04950313431108,179.03561337250298,171.92031603729902,175.80028250937428,179.87828116080235,429.8219451904297,121.55370396375656,0.9999478459358215,438.26751613616943,115.2280493080616,0.9998372197151184,423.34895849227905,115.2805083990097,0.9998092651367188,444.47673511505127,117.28204530477524,0.9996996521949768,418.9226293563843,117.2287528514862,0.9998427033424377,464.413854598999,150.98985677957535,0.9998966455459595,400.6781520843506,148.09757661819458,0.9995222091674805,505.76531410217285,122.38424569368362,0.9979548454284668,357.5743064880371,107.52139216661453,0.9905180335044861,474.84633922576904,71.22457319498062,0.9946911931037903,382.2086749076843,55.21887718141079,0.9804112911224365,446.8000240325928,257.76207756996155,0.9997952580451965,408.5409927368164,253.83182680606842,0.99968421459198,434.6229372024536,340.19403517246246,0.9905320405960083,402.9671211242676,337.16196382045746,0.9928732514381409,429.7804479598999,406.08253943920135,0.990537703037262,398.9099454879761,399.8157970905304,0.9823279976844788
559,36.818600026890635,134.83377915261025,143.42930992107986,94.46470685892218,114.25693657184372,179.4295653774186,172.28724305041982,176.54927406739526,179.84199741049588,428.0120897293091,121.07241940498352,0.9999522566795349,436.5092668533325,114.76217126846313,0.9998515248298645,421.8918800354004,115.17166557908058,0.9998257756233215,442.9866256713867,116.68801465630531,0.9997279047966003,417.68847846984863,116.86079132556915,0.9998570084571838,463.107626914978,149.09228360652924,0.9999030232429504,399.5072326660156,146.8236718773842,0.999549925327301,505.27280616760254,118.31325641274452,0.9981271624565125,361.1778178215027,103.01975399255753,0.9913819432258606,474.3748073577881,68.21349972486496,0.9949649572372437,385.1542453765869,50.54524940252304,0.9819692373275757,446.4884157180786,257.62694466114044,0.9998073577880859,408.19091987609863,254.37683153152466,0.9996963143348694,434.66135120391846,340.3630154132843,0.9908101558685303,403.5639281272888,339.9004921913147,0.9925746321678162,429.2744951248169,406.1016569137573,0.9904381632804871,400.34496116638184,402.6037003993988,0.9825522899627686
560,53.43160004122183,135.5104353487419,148.7934891727644,94.99708408349741,119.71936668094304,179.6951661931849,172.67641061229412,176.82941176102693,178.23364354566087,425.2509822845459,121.37111926078796,0.9999560117721558,434.0682592391968,114.74306803941727,0.9998641014099121,419.70187759399414,115.20777082443237,0.9998400211334229,441.09776878356934,116.18687897920609,0.9997531175613403,415.7008318901062,116.71395573019981,0.9998692870140076,462.06862926483154,147.7195150256157,0.9999052882194519,398.002338886261,146.17708241939545,0.999563992023468,505.0243282318115,115.00913143157959,0.9982786178588867,364.50795793533325,100.32622718811035,0.9921267032623291,473.9348659515381,65.81500455737114,0.9951595067977905,386.9860119819641,50.151660203933716,0.9832976460456848,446.19242572784424,257.6008468866348,0.9998145699501038,407.41018056869507,254.9801003932953,0.9997022151947021,434.6896562576294,340.32025039196014,0.9910156726837158,403.86199045181274,340.2885113954544,0.9923506379127502,429.21283054351807,406.28670608997345,0.9904873967170715,403.15411138534546,406.1977001428604,0.9832496047019958
561,45.78859999310225,137.51466069506657,153.0167265728933,98.91485520692973,125.03321221218698,179.67020207104918,173.4056262055963,176.8731705754578,177.4678528667922,421.2780647277832,121.43794494867325,0.9999570846557617,430.59669494628906,114.52915745973587,0.9998705387115479,416.0437273979187,115.21158149838448,0.9998449683189392,438.4980001449585,115.69486755132675,0.999772310256958,412.9515013694763,116.5539216697216,0.9998747110366821,460.72626209259033,146.9017087817192,0.9998990893363953,396.27368354797363,146.13480174541473,0.9995530843734741,503.35175228118896,111.63001096248627,0.9984109401702881,366.7075386047363,99.06487986445427,0.9926946759223938,473.8367586135864,61.905651956796646,0.9952527284622192,387.5433940887451,49.57699632644653,0.9843652248382568,445.3517150878906,257.5919861793518,0.9998133182525635,406.11931848526,255.3551276922226,0.9996954202651978,434.3690004348755,340.14736688137054,0.9910075068473816,403.9538049697876,341.2979482412338,0.9919213056564331,429.1787633895874,406.82470202445984,0.9902519583702087,405.2122678756714,407.51617908477783,0.983625590801239
562,26.18720004102215,139.07425195019272,159.9960931326766,103.76179901288003,133.99352803857124,179.4013701893047,173.74984051520312,177.31859008184668,177.14156197725777,421.110230922699,121.4482729434967,0.9999589323997498,429.61931133270264,114.47477522492409,0.9998779892921448,415.321569442749,115.21755748987198,0.9998530745506287,436.944052696228,115.52545994520187,0.9997907876968384,411.1799840927124,116.42809820175171,0.9998824596405029,459.2603130340576,145.88457936048508,0.9998939633369446,394.09813690185547,145.94832801818848,0.9995551705360413,499.90642070770264,109.94462466239929,0.9985172748565674,369.9927444458008,95.72604569792747,0.9932264685630798,473.7029666900635,60.080595552921295,0.9952790141105652,388.54281520843506,45.7574687898159,0.9854062795639038,444.3943977355957,257.43887543678284,0.99981290102005,404.91357374191284,255.54573261737823,0.9996955990791321,434.284893989563,339.86955094337463,0.9912956357002258,403.9843339920044,342.2170400619507,0.991868257522583,429.2036819458008,407.2811566591263,0.9903990626335144,406.58291482925415,408.5273538827896,0.9843608140945435
563,24.995599989779294,141.08240416933373,164.56808722623975,108.3846544856399,141.21119278679774,179.2547831763057,173.67768692268484,177.39346790879958,176.60160365175392,419.5015687942505,121.62984621524811,0.9999608397483826,427.75865840911865,114.48377126455307,0.9998853206634521,413.878390789032,115.2653796672821,0.9998608231544495,435.27445888519287,115.50402045249939,0.9998083710670471,409.5875973701477,116.3724196255207,0.9998899102210999,457.6795263290405,144.92671126127243,0.9998927116394043,392.3817639350891,145.3965566754341,0.9995561838150024,496.4897985458374,107.70377030968666,0.9986124634742737,372.4369111061096,94.97198811173439,0.9936127662658691,472.934383392334,58.1394239962101,0.9952715039253235,387.98275423049927,44.77662980556488,0.9861974716186523,443.3706645965576,256.96019780635834,0.9998123049736023,404.25363636016846,255.59633266925812,0.9996950030326843,433.9001979827881,339.65578281879425,0.9916264414787292,403.9904499053955,342.4961380958557,0.9918390512466431,429.20307540893555,408.08685421943665,0.9906301498413086,407.76839113235474,409.5473608970642,0.9851255416870117
564,22.36170001560822,142.23444316421748,167.75659999529927,112.06490901673776,144.83160720305074,179.4296168454697,173.63186991960876,176.76615334290491,177.17068248224524,416.9445610046387,121.61303651332855,0.9999611377716064,425.4868745803833,114.34982073307037,0.9998884201049805,411.37314081192017,115.1620641052723,0.9998632073402405,433.6007709503174,115.47219598293304,0.9998202919960022,407.3254928588867,116.2923313677311,0.99989253282547,455.8381814956665,144.72495210170746,0.9998774528503418,390.439001083374,145.3725244998932,0.9995338320732117,493.7126684188843,106.48212522268295,0.9986782670021057,372.8289613723755,94.11847549676895,0.9939116835594177,472.5284585952759,57.0850674957037,0.9951927661895752,387.48445892333984,43.69534929096699,0.9868337512016296,442.1442975997925,256.9458953142166,0.9997988343238831,403.4574556350708,255.88588690757751,0.999678373336792,432.89415550231934,339.58461225032806,0.9917953610420227,403.98620414733887,342.35815608501434,0.9917322397232056,429.10997200012207,408.2817043066025,0.9906586408615112,407.72704553604126,409.69696724414825,0.9855925440788269
565,25.494400004390627,143.06051525508485,169.56625847501041,114.96385465951712,148.6552816653812,179.49641767412888,174.01365604762796,175.64233198937882,177.41410139410462,416.49936294555664,121.40163314342499,0.9999598860740662,424.8037118911743,113.98435217142105,0.9998863339424133,410.6904077529907,114.97663742303848,0.9998595118522644,432.49464988708496,115.32563105225563,0.9998255968093872,406.32195234298706,116.13040977716446,0.9998895525932312,454.366925239563,144.03757774829865,0.999863862991333,389.2653522491455,145.00561714172363,0.9995160102844238,491.20393085479736,105.62512245774269,0.9987165331840515,373.7821593284607,95.05824467539787,0.9941849112510681,472.1654462814331,56.63112719357014,0.9951272010803223,386.7514591217041,43.5083093047142,0.9875273108482361,440.7909622192383,256.86509478092194,0.9997877478599548,402.468421459198,255.90802443027496,0.9996639490127563,431.6024341583252,339.3342901468277,0.9919559955596924,403.66405725479126,341.23113679885864,0.9916942119598389,429.19524097442627,408.27158999443054,0.9906783103942871,407.6705365180969,408.8925802707672,0.9860579967498779
566,25.068000017199665,142.9389476907155,170.79638663734715,115.5638212295491,150.92695634980834,178.17717187720925,175.01836793941015,176.41459215343303,178.27083987535028,415.85602951049805,121.02022385597229,0.9999587535858154,423.80181407928467,113.4013689160347,0.9998852014541626,409.83385133743286,114.73332411050797,0.9998573660850525,431.271315574646,115.11213359236717,0.9998292922973633,405.1186842918396,116.06263676285744,0.9998854994773865,452.854323387146,143.78353756666183,0.9998416900634766,388.09046506881714,145.03610253334045,0.9994823336601257,490.1045322418213,105.41572058200836,0.998749315738678,373.67556047439575,94.27754798531532,0.9944490194320679,472.07709407806396,56.63656185567379,0.9950787425041199,386.02823972702026,41.690265253186226,0.9881718158721924,438.79869079589844,256.7543216943741,0.999772846698761,401.02294301986694,255.953866481781,0.9996434450149536,431.24371814727783,338.6705633401871,0.9914984703063965,403.47992277145386,340.28916668891907,0.991309642791748,429.15000343322754,409.8874297142029,0.9903759360313416,407.5783176422119,409.31547248363495,0.9861295819282532
567,24.967300007119775,141.47582436358897,171.58395073919993,115.25998550861898,152.0659103045097,178.0373831160345,175.34695455467772,176.19231117342247,178.1614289887509,415.61851978302,120.80239576101303,0.9999564290046692,423.2692241668701,113.031911611557,0.9998804926872253,409.0295076370239,114.53303223848343,0.9998500943183899,430.41756439208984,114.9379181265831,0.9998294711112976,403.77573585510254,115.97115921974182,0.999878466129303,451.6577777862549,143.51774483919144,0.9998241662979126,386.46686697006226,145.14916914701462,0.999442458152771,489.3258399963379,106.46718880534172,0.9987511038780212,372.98350191116333,95.46692699193954,0.9946695566177368,472.06284046173096,57.079273134469986,0.9948585033416748,385.0543942451477,42.12213213741779,0.9885305166244507,437.8540096282959,256.7683107852936,0.9997596144676208,399.65267515182495,256.25911927223206,0.9996167421340942,430.70799446105957,338.6663751602173,0.9914679527282715,402.7985796928406,341.4519422054291,0.9911766648292542,429.2393159866333,410.0280898809433,0.990166962146759,407.49135541915894,409.3559867143631,0.9862948656082153
568,23.697099997662008,138.00824400035708,171.34872199658034,112.73868205911788,151.57117072639147,178.2937857643885,175.75356192369003,176.137679667405,178.38297896411433,413.4946298599243,120.50527715682983,0.9999510049819946,421.2868595123291,112.44888561964035,0.9998658299446106,406.9653615951538,114.09057381749153,0.9998263716697693,428.6766519546509,114.47911298274994,0.9998228549957275,402.0886788368225,115.82193037867546,0.9998590350151062,450.02098751068115,143.75795263051987,0.9998087286949158,384.68238496780396,145.49777102470398,0.9993826150894165,488.8462715148926,109.34688305854797,0.9987503886222839,371.18486738204956,97.23391157388687,0.9946959018707275,472.16969203948975,60.39356228709221,0.9944981932640076,382.81311416625977,46.07099466025829,0.9884815216064453,437.1874761581421,257.14410734176636,0.9997414350509644,398.2977981567383,256.82081973552704,0.9995803833007812,430.3592357635498,339.29722332954407,0.9915096759796143,402.3847951889038,342.64129984378815,0.9909351468086243,429.2542266845703,410.51252269744873,0.9898568987846375,407.48190355300903,409.74862146377563,0.9862756133079529
569,30.31800000462681,133.76728478060204,166.99688958947738,109.52275733665232,143.8659485427639,178.40287136627353,175.9331813809815,176.0121940304563,177.3191663074726,412.04682636260986,120.24098020792007,0.9999449253082275,419.8536128997803,112.09451431035995,0.9998488426208496,405.4291048049927,113.73885929584503,0.9997993111610413,427.26033782958984,114.26822245121002,0.9998145699501038,400.6162095069885,115.65120506286621,0.9998378157615662,448.3683261871338,144.0631626844406,0.9997935891151428,382.7397737503052,146.60298043489456,0.9993188381195068,488.85132598876953,112.75804167985916,0.9987384080886841,366.3545846939087,101.67269143462181,0.9948046803474426,472.143105506897,61.914833188056946,0.9942008256912231,382.28727197647095,46.46586595475674,0.9884852170944214,436.1796646118164,259.0106395483017,0.9997237324714661,396.5919132232666,258.88809967041016,0.9995477795600891,429.8428707122803,340.3307920694351,0.9918031096458435,401.08218145370483,345.5519139766693,0.9909324645996094,429.26994609832764,410.4844020605087,0.9897757172584534,407.45099544525146,409.9640990495682,0.9865684509277344
570,25.109599984716624,124.20858939362058,156.66199333197977,100.71879474282079,126.68444227600601,177.59861980293815,176.7047548483068,176.6822777339001,177.36221420992075,410.46310806274414,120.02667075395584,0.9999401569366455,418.0294532775879,111.94949501752853,0.9998350739479065,404.0436735153198,113.46453350782394,0.9997751712799072,425.41924571990967,114.22549304366112,0.9998076558113098,399.0425748825073,115.58754900097847,0.9998171329498291,446.9839563369751,146.27551889419556,0.9997889399528503,380.7271075248718,147.48583167791367,0.9993006587028503,489.19452476501465,123.7356887459755,0.9987694025039673,358.4425892829895,109.54143399000168,0.9949864745140076,472.1382532119751,69.25166264176369,0.994146466255188,381.9962100982666,53.75530415773392,0.9886167049407959,434.8145523071289,260.0156033039093,0.9997003674507141,394.76325511932373,260.3762711286545,0.999509871006012,429.588529586792,340.7065031528473,0.9920184016227722,400.45808029174805,346.29262351989746,0.990836501121521,429.11649227142334,410.4257390499115,0.9896438717842102,407.6647238731384,410.2390658855438,0.9867945909500122
571,25.129999965429306,111.25042451039461,146.46508756395417,86.65394675394589,111.4751725561725,177.15554198431488,176.91734734291055,177.1860912553714,177.11225350978253,409.2770504951477,119.89575451612473,0.9999300837516785,416.2283926010132,111.91617476940155,0.9998087882995605,402.7415146827698,113.4429159462452,0.9997255206108093,423.46311378479004,114.19660314917564,0.9997929930686951,397.4102072715759,115.5900847017765,0.999779224395752,445.7447509765625,147.219155728817,0.9997945427894592,378.6695828437805,148.11263412237167,0.9992770552635193,490.84647846221924,134.87789994478226,0.9988151788711548,353.066246509552,118.66945114731789,0.9951552152633667,472.67064094543457,81.02309089899063,0.9941888451576233,381.7792468070984,63.54778888821602,0.9885474443435669,433.97722816467285,260.1829880475998,0.9996810555458069,393.4716601371765,260.928911447525,0.9994708895683289,429.57270908355713,341.44091618061066,0.9923791289329529,400.1436667442322,347.7949265241623,0.9909607172012329,429.2313299179077,409.18489813804626,0.9898598194122314,408.14692068099976,410.44448614120483,0.9872514009475708
572,25.216700043529272,98.15770848103841,128.2564540725672,73.9703044811474,91.81517772525717,175.78848708035707,177.76586963900914,177.51274883504587,177.31253420452154,408.1300640106201,119.63410723209381,0.9999187588691711,415.211483001709,111.7718962430954,0.9997788667678833,402.15479135513306,113.05360752344131,0.9996781945228577,422.6838402748108,114.20215889811516,0.9997758269309998,396.6025023460388,115.57655146718025,0.9997289180755615,444.5525016784668,149.73444271087646,0.9997908473014832,376.8487844467163,149.4658151268959,0.9992002844810486,491.07938861846924,148.34157371520996,0.9988411664962769,349.5135073661804,133.1721853017807,0.9953305721282959,474.21842193603516,95.65031656622887,0.9942095875740051,380.23717737197876,77.7053970694542,0.9886006116867065,432.0776557922363,260.2023334503174,0.9996232390403748,391.46253204345703,261.0896292924881,0.9993896484375,428.91274642944336,341.4249042272568,0.9925707578659058,399.3619418144226,347.47873318195343,0.9908693432807922,429.2028226852417,406.39784955978394,0.9897660613059998,408.1319341659546,410.58312344551086,0.9875234961509705
573,33.49489998072386,83.38762190927095,105.85769107960056,61.797835318381935,67.83268370282651,176.2281126357181,177.1236058122406,176.0541333023009,177.200732581976,408.1111350059509,120.00936245918274,0.9999225735664368,415.0714740753174,112.34011402726173,0.9997884631156921,401.95425510406494,113.33833965659142,0.9996932148933411,421.8081021308899,114.35014125704765,0.9997881054878235,395.8246440887451,115.7462368607521,0.9997385740280151,442.41991806030273,152.8890681862831,0.9997947812080383,375.9634428024292,152.00805461406708,0.9991784691810608,490.29938220977783,163.68424451351166,0.9988380670547485,347.9570326805115,148.17190968990326,0.9954948425292969,476.56662940979004,114.15341076254845,0.994337797164917,376.3791480064392,98.87742319703102,0.9885156750679016,430.9842720031738,260.01189947128296,0.999498188495636,391.3851227760315,260.9359772205353,0.999286413192749,427.76927280426025,339.3158564567566,0.9923693537712097,399.1610770225525,346.680899143219,0.9901536107063293,429.46267318725586,399.0310689210892,0.9887333512306213,408.10393238067627,410.465455532074,0.9873643517494202
574,48.04500000318512,72.66496167672092,81.9342267358523,54.77904686985689,41.90214009359939,176.8880693894084,177.1518333056854,174.65705079084353,176.84180690439428,406.72522354125977,120.00262433290482,0.9999284744262695,413.7096977233887,112.34709432721138,0.999804675579071,400.3148617744446,113.34160187840462,0.9997177124023438,420.19885873794556,114.40156754851341,0.9998060464859009,394.0851216316223,115.88328579068184,0.9997565150260925,440.7978868484497,156.2364496588707,0.9998007416725159,375.5133924484253,154.26207894086838,0.9992071390151978,487.33857250213623,175.9294570684433,0.9988270401954651,347.17058181762695,162.51475936174393,0.9954307079315186,477.79567527770996,132.11039620637894,0.9944151639938354,375.1134066581726,117.55925580859184,0.9881799817085266,430.6142339706421,260.09925293922424,0.9994733929634094,390.9932746887207,262.1063598394394,0.999281644821167,427.24370861053467,337.67075645923615,0.9917296171188354,398.87284564971924,346.7207295894623,0.9861613512039185,429.9041814804077,391.0188242197037,0.9835403561592102,408.41880083084106,410.75916945934296,0.9858086705207825
575,46.40079999808222,60.909065169091654,56.34320687656386,47.72342447933065,11.53417034979762,177.19358200314358,177.0755697834025,172.49596145592244,176.96483650276457,406.4801573753357,121.1208968758583,0.999933123588562,413.4916729927063,113.88849413394928,0.9998197555541992,399.6713261604309,114.62108373641968,0.9997386932373047,419.7767343521118,115.9077310860157,0.9998223185539246,392.9272174835205,117.85903120040894,0.9997687935829163,439.85487365722656,157.53472846746445,0.999809205532074,374.76563358306885,155.19449031352997,0.9992076754570007,482.2559452056885,186.7824559211731,0.9983638525009155,347.5354642868042,179.7071241736412,0.9940051436424255,477.51166439056396,151.5965730547905,0.9938135147094727,374.24954652786255,143.56851583719254,0.9865496158599854,429.97277069091797,260.0425843000412,0.9994761943817139,390.4264154434204,262.06479144096375,0.9992756247520447,426.47416496276855,334.22835743427277,0.99147629737854,398.4179177284241,346.4118299484253,0.9816211462020874,430.7311944961548,384.88191545009613,0.9800837635993958,408.06865215301514,411.39346504211426,0.9838976860046387
576,45.27450003661215,49.816503186872445,42.73072966296321,36.39793758093585,9.154576291628507,176.59531250155982,177.07922981706471,172.13324192361213,177.62375164674023,406.313738822937,121.55351877212524,0.9999383091926575,413.2373571395874,115.21732956171036,0.9998352527618408,399.3780150413513,115.7607744038105,0.9997605681419373,419.8565444946289,117.33212539553642,0.99983811378479,393.175922870636,118.94337806105614,0.9997815489768982,439.95722675323486,159.9156375527382,0.9998201131820679,375.0855312347412,158.28711932897568,0.9992395043373108,476.2607831954956,197.77751100063324,0.9980796575546265,348.8496780395508,196.34682017564774,0.9921225905418396,472.7483787536621,170.72749537229538,0.9934687614440918,371.4662752151489,172.7083335518837,0.9843405485153198,429.41991233825684,259.8328049182892,0.9994869232177734,389.96398162841797,262.1668462753296,0.9992613792419434,426.3596305847168,326.82547867298126,0.9916261434555054,397.65171003341675,346.1513365507126,0.9780383706092834,430.90709018707275,376.3032122850418,0.9785652756690979,406.41920042037964,411.8048183917999,0.9824137687683105
577,39.294600021094084,42.722695219748246,37.55383400750047,36.056141941088796,30.023737071969993,176.93432863208372,176.98210181832386,172.2719812685834,178.59711049229352,406.0628852844238,121.95017075538635,0.9999427795410156,413.0437707901001,116.00514188408852,0.9998483657836914,399.2281246185303,116.32826566696167,0.9997804760932922,419.5680351257324,118.55946156382561,0.9998510479927063,393.3910160064697,119.60263890028,0.9997959733009338,439.62711906433105,162.61672872304916,0.9998272061347961,373.6530680656433,162.1512994170189,0.9992994070053101,469.36991786956787,202.76207196712494,0.9962260723114014,349.8446764945984,205.47220903635025,0.9919640421867371,469.2565460205078,189.16698336601257,0.9899934530258179,372.44595861434937,191.7930861711502,0.9846916794776917,429.08262729644775,259.8580194711685,0.9995164275169373,389.3247928619385,263.8371893167496,0.9992931485176086,426.44975185394287,308.11249113082886,0.9920443296432495,397.58835220336914,345.9956901073456,0.9769834876060486,431.30457401275635,368.38743817806244,0.978954553604126,405.9056406021118,412.3326145410538,0.9823167324066162
578,37.70550002809614,34.6292002889105,34.39546367193092,14.738686384366078,66.13144407774631,175.98626645163898,177.60123307168664,173.07700876049051,179.36584626041514,406.04294538497925,122.49662852287292,0.999948263168335,412.85824632644653,116.28936830163002,0.9998632073402405,399.164918422699,116.8191089630127,0.9998018741607666,419.1407046318054,119.27224990725517,0.9998656511306763,393.44820737838745,120.59371328353882,0.9998154044151306,439.979567527771,163.9862350821495,0.9998428821563721,373.50765085220337,162.68497896194458,0.9993646740913391,466.02557468414307,213.623261988163,0.9955651760101318,351.74783754348755,207.63194233179092,0.9919511079788208,463.8027181625366,203.95547533035278,0.9897293448448181,372.98031759262085,208.3600730895996,0.9849552512168884,428.3330488204956,259.6415446996689,0.9995563626289368,388.7104468345642,263.6518837213516,0.9993436336517334,426.55432891845703,294.4158605337143,0.9925094246864319,397.59747552871704,345.93919241428375,0.976746141910553,431.29724502563477,362.3305891752243,0.9795748591423035,405.53302478790283,412.50643825531006,0.9823459386825562
579,31.11059998627752,30.434741679311205,32.61433168404265,79.36380900749542,87.10336577087723,175.49960082971953,178.02549081593347,173.58539329570024,179.82535793008486,406.1203546524048,122.55824035406113,0.9999526739120483,412.9233479499817,116.26117643713951,0.9998756647109985,399.24412202835083,116.86336976289749,0.9998196959495544,418.9705710411072,119.43947795033455,0.9998779296875,393.57196617126465,120.7350572347641,0.999829888343811,440.2882442474365,165.94244277477264,0.999854326248169,373.0157747268677,164.71430885791779,0.9994211196899414,461.9959964752197,217.50086134672165,0.9943124651908875,352.318058013916,211.20428889989853,0.9914897680282593,459.2573308944702,218.09280502796173,0.987889289855957,376.8582110404968,220.67471826076508,0.9842308163642883,427.7808475494385,259.65502095222473,0.9995893239974976,388.0178575515747,263.73194348812103,0.9993857145309448,426.62564754486084,280.97356927394867,0.9927428364753723,397.59085416793823,345.9560021162033,0.9749225378036499,430.9823513031006,356.2371861934662,0.9800289869308472,405.13483333587646,412.51811957359314,0.9818553924560547
580,40.66990001592785,25.988954104608656,29.16795340988326,131.73761017798753,93.42389611342055,173.20227793116953,177.76522562738361,176.1605221496279,179.74153169107768,406.11444091796875,122.54043346643448,0.999957263469696,413.0076313018799,116.3183579146862,0.9998878836631775,399.27475214004517,116.89379817247391,0.999837338924408,418.8210849761963,119.69185853004456,0.9998899102210999,393.654682636261,120.81027352809906,0.9998458623886108,440.5127639770508,168.5030162334442,0.9998664855957031,372.4930157661438,166.67745411396027,0.9994749426841736,457.88074493408203,222.95622217655182,0.9935628175735474,354.3075747489929,215.99543857574463,0.9909536242485046,454.7788143157959,228.20711719989777,0.9866299033164978,380.10727739334106,227.30180078744888,0.9832826256752014,427.08545303344727,260.5579868555069,0.9996250867843628,387.9168691635132,264.8684787750244,0.9994368553161621,426.6869583129883,275.7654962539673,0.9931092262268066,397.62317752838135,347.59021854400635,0.9746174216270447,429.6928539276123,349.3737564086914,0.9808720946311951,404.9771842956543,412.8049671649933,0.9821287393569946
581,35.13129998464137,24.25579608441709,26.685736719274455,153.93841116880012,102.65005152023532,174.84245551399312,177.45739530836877,174.79208928854263,179.7361055893877,406.18292903900146,122.71306055784225,0.9999614357948303,413.1157464981079,116.69961050152779,0.9998989105224609,399.3370990753174,117.08114087581635,0.999853253364563,418.8052897453308,120.17036521434784,0.9999006986618042,393.6803593635559,120.86830973625183,0.9998604655265808,440.66561126708984,169.41878885030746,0.9998780488967896,371.86987495422363,167.3433889746666,0.9995239973068237,454.91761016845703,220.33482038974762,0.9930850267410278,356.00011587142944,217.88899451494217,0.9904861450195312,452.45274543762207,233.73316425085068,0.9859127402305603,381.1664423942566,232.46609735488892,0.982742190361023,426.81559467315674,260.8010437488556,0.9996582865715027,387.92922735214233,265.89666271209717,0.9994848370552063,426.2881603240967,269.52271485328674,0.9934167265892029,397.53606367111206,347.5226378440857,0.9737706184387207,428.58385181427,344.78091847896576,0.9812027215957642,404.9999294281006,413.5592099428177,0.9819074869155884
582,23.351899988483638,22.418433965032133,26.228979755460962,160.86654908287298,103.25318391277965,176.8241564107657,177.19664776156714,166.62455648658573,179.95963099218648,406.08853673934937,122.73752009868622,0.9999650716781616,413.02825355529785,116.79889458417892,0.9999086260795593,399.19744396209717,117.18824574351311,0.9998672604560852,418.7200713157654,120.38376295566559,0.9999102354049683,393.65806913375854,121.02996778488159,0.9998729228973389,440.7743835449219,169.30046564340591,0.9998876452445984,371.8415951728821,167.60562032461166,0.9995673298835754,452.9311008453369,218.57374769449234,0.9923826456069946,356.50242948532104,218.26073110103607,0.9899551272392273,451.26999855041504,236.56796377897263,0.9846341013908386,382.32639360427856,233.23055416345596,0.9823451638221741,427.0352621078491,260.5859080553055,0.9996867775917053,388.08859491348267,265.9391998052597,0.999525785446167,425.69031715393066,267.0604639053345,0.9935009479522705,397.5414972305298,347.90777945518494,0.9708640575408936,427.86217403411865,342.89763355255127,0.9806349277496338,405.1042537689209,413.89489114284515,0.9805788993835449
583,25.54569998756051,20.377090708759663,25.863604268826254,165.76942575821727,100.41655326328711,159.46378395587232,176.9798118642177,149.61048490116823,179.4901512968619,406.10829973220825,122.7254114151001,0.9999680519104004,413.0486989021301,116.80155137181282,0.9999167919158936,399.24227714538574,117.21554726362228,0.9998790621757507,418.68565034866333,120.40817975997925,0.9999181032180786,393.7114191055298,121.07882988452911,0.9998825192451477,440.85287952423096,168.7773277759552,0.9998935461044312,371.88213205337524,167.54631626605988,0.9996046423912048,450.7174434661865,215.9174301624298,0.9900636076927185,356.9773225784302,218.09388768672943,0.9890989661216736,449.88481998443604,235.68937194347382,0.9811280965805054,384.55928325653076,232.0541029572487,0.9816494584083557,427.1964998245239,259.5269253253937,0.9997096061706543,388.20921993255615,265.80244290828705,0.9995595812797546,425.0844373703003,263.32247054576874,0.9934471845626831,397.4355049133301,347.8708266019821,0.9671050310134888,426.79911708831787,339.14992475509644,0.9793993234634399,405.4904155731201,414.1979501247406,0.9787250757217407
584,25.88069997727871,19.89881035893997,26.20892988627354,169.80430045067936,96.16872256320269,154.1910993734756,176.64282339751995,144.93467348901854,179.08202735966304,406.11691761016846,122.68843007087708,0.9999704957008362,413.04533767700195,116.7732312977314,0.9999237060546875,399.28155040740967,117.20355254411697,0.9998891353607178,418.5850410461426,120.33374696969986,0.9999246001243591,393.74546098709106,121.03352916240692,0.9998899102210999,440.8946294784546,168.35081720352173,0.9998966455459595,371.9359622001648,167.45342129468918,0.9996362924575806,450.16362476348877,214.36810272932053,0.9872689247131348,357.0824303627014,217.10960841178894,0.988386869430542,450.58117485046387,234.42421394586563,0.9769150018692017,386.19882822036743,229.36222863197327,0.9809679388999939,427.3028964996338,259.18204152584076,0.9997277855873108,388.46601247787476,265.64807856082916,0.9995868802070618,424.74209785461426,262.9333117008209,0.9932816028594971,397.44134283065796,348.28913176059723,0.9626322984695435,425.73378562927246,339.0957063436508,0.9774640202522278,405.66802978515625,414.18356215953827,0.9760200381278992
585,26.58589999191463,19.4442812457489,27.225770559069122,176.47811790817994,89.78098698161764,164.0812821116424,176.50880076323654,154.80901518727939,178.95660417787454,406.0907607078552,122.6185131072998,0.9999728798866272,412.9595127105713,116.72631371021271,0.9999303221702576,399.27310943603516,117.15906381607056,0.9998987317085266,418.38250827789307,120.28222095966339,0.9999310374259949,393.72539472579956,120.99475288391113,0.9998978972434998,440.75401401519775,167.8621677160263,0.9999018311500549,372.0114507675171,166.95173716545105,0.9996668100357056,449.6105136871338,213.183602809906,0.9847821593284607,356.7445387840271,214.96454799175262,0.9881768226623535,451.9293041229248,230.713230073452,0.9742240309715271,386.1650137901306,224.19586646556854,0.9810442924499512,427.40433979034424,258.4064589738846,0.999747097492218,388.60915517807007,265.22547125816345,0.9996161460876465,424.7123775482178,264.3668658733368,0.99336177110672,397.47533416748047,348.25468611717224,0.9602414965629578,425.89734840393066,341.06711399555206,0.9766830205917358,405.7245388031006,414.12179362773895,0.9749323129653931
586,25.748500018380582,21.928635762365555,30.01789958951393,172.07700129775247,77.63171735591399,173.4736526669021,176.53297135811945,164.12153235758626,178.86649541714075,406.0924286842346,122.5309317111969,0.9999752640724182,412.97401905059814,116.62164482474327,0.9999366998672485,399.2941360473633,117.03826901316643,0.9999079704284668,418.3212480545044,120.26424312591553,0.9999374747276306,393.6995916366577,120.92685878276825,0.9999066591262817,440.696494102478,167.5790239572525,0.9999092817306519,372.10372018814087,166.92254811525345,0.9996963143348694,451.45529556274414,212.04940378665924,0.9836592078208923,355.13183307647705,212.41661030054092,0.9884145855903625,452.77360343933105,225.31019300222397,0.9738451242446899,384.82868671417236,216.63786834478378,0.9818522334098816,427.4398727416992,258.13681995868683,0.9997662901878357,388.6351351737976,265.08398485183716,0.9996454119682312,424.64773082733154,268.6639955043793,0.9936965107917786,397.5218858718872,348.3428373336792,0.9605469703674316,425.98261737823486,343.359188079834,0.9767186641693115,405.85681438446045,414.08082354068756,0.9753713011741638
587,24.689699988812208,23.983009833893888,32.452015991971095,163.0762863021023,70.73152075720863,175.90896817740116,176.49238046451447,166.5538745737134,178.84120952836545,406.041024684906,122.36262100934982,0.9999756217002869,412.9473567008972,116.3804184794426,0.9999402165412903,399.24758434295654,116.85757184028625,0.9999135136604309,418.22675466537476,120.02974778413773,0.9999411702156067,393.6494765281677,120.85697031021118,0.9999107122421265,440.66080951690674,167.54966396093369,0.9999060034751892,372.2572751045227,165.4969002008438,0.999718427658081,454.4115056991577,216.4251971244812,0.9817218780517578,353.0306124687195,210.83521622419357,0.9886947274208069,454.3044013977051,221.4950317144394,0.9707434177398682,380.485933303833,212.6164035797119,0.9824697971343994,427.6045980453491,257.3810956478119,0.9997648596763611,388.6738271713257,263.89767575263977,0.999640941619873,424.65748596191406,270.8294554948807,0.9938178062438965,397.39608001708984,347.3888725042343,0.9602113962173462,426.06444931030273,345.08010268211365,0.9769580960273743,405.7024507522583,413.8607589006424,0.9747419953346252
588,28.835900011472404,31.24575805467041,36.271352088383786,53.56421055571481,31.814723873382974,177.5121258326853,176.54245741747502,168.35358932940431,178.963621748859,406.0521950721741,122.27609378099442,0.9999760985374451,412.99059772491455,116.23610433936119,0.9999436736106873,399.2534222602844,116.49578574299812,0.9999182820320129,418.2364845275879,119.95619821548462,0.9999452829360962,393.5959749221802,120.60701858997345,0.9999127388000488,440.3783149719238,166.65252447128296,0.9999071359634399,372.27312088012695,163.9892836213112,0.9997240900993347,460.82527923583984,214.29129093885422,0.9808070659637451,350.93346071243286,206.02423679828644,0.987678050994873,463.5477705001831,209.63879281282425,0.9673947095870972,375.0322823524475,191.38921171426773,0.9809805750846863,427.6551933288574,256.9953272342682,0.9997695088386536,388.6550498008728,263.41768753528595,0.999632716178894,424.58303356170654,273.5644224882126,0.9939045310020447,397.1828570365906,345.9605036973953,0.9593072533607483,426.0807247161865,348.68262124061584,0.9774339199066162,405.43481636047363,413.8045746088028,0.9746410250663757
589,31.655200000386685,37.619999747814354,48.918086235998956,43.058321265387065,10.354492743835978,177.87599183969124,177.1773589793841,172.50460959983528,179.4117055948438,405.90735912323,121.92397326231003,0.9999780654907227,412.96519899368286,115.6986711025238,0.9999487996101379,399.16658639907837,115.89508819580078,0.9999253749847412,418.21747970581055,119.4286299943924,0.9999504685401917,393.5452027320862,119.8295128941536,0.9999194145202637,440.0570526123047,164.73908179998398,0.999914288520813,373.03589153289795,158.9518860578537,0.9997356534004211,466.96818351745605,211.5109377503395,0.9817571043968201,346.08915185928345,190.72735106945038,0.9867413640022278,472.0782060623169,189.62717032432556,0.9687331318855286,365.6682376861572,174.67558151483536,0.9785292744636536,427.68036460876465,256.21698105335236,0.9997838139533997,388.6989984512329,262.28830349445343,0.9996438026428223,424.4789113998413,288.9788906574249,0.9941743612289429,396.96124362945557,343.68088018894196,0.9590501189231873,426.74260807037354,356.7092539072037,0.9781754016876221,404.7323203086853,413.1301636695862,0.9752202033996582
590,47.95780003769323,46.52746332736578,67.21330347152804,46.870469575079206,19.597503315225385,177.93028138331073,177.55168638672572,172.75423271077887,179.33990796130072,405.8832492828369,121.75144588947296,0.9999799132347107,412.9730839729309,115.17388075590134,0.9999534487724304,399.06539583206177,115.5042056441307,0.9999315738677979,418.22723484039307,118.63267636299133,0.9999551177024841,393.35467433929443,119.39758190512657,0.9999250173568726,440.06953716278076,163.39349365234375,0.9999215006828308,373.6650471687317,156.76195228099823,0.9997366666793823,475.7317314147949,206.8591091632843,0.9833027720451355,340.7219829559326,176.5227968096733,0.987322986125946,480.714937210083,169.0214245915413,0.9712866544723511,365.03551864624023,146.97050034999847,0.9776433110237122,428.4352502822876,256.0129568576813,0.9997928142547607,388.7441096305847,261.7841548919678,0.9996411800384521,424.5023136138916,300.16833996772766,0.9943597912788391,396.96958351135254,343.86863601207733,0.9590480327606201,426.84263610839844,362.33768343925476,0.9788309931755066,404.61796283721924,412.2445203065872,0.9752711057662964
591,38.03009999683127,57.13734081953905,83.8434732061663,55.47579209034696,43.43009032567645,177.80843894882048,178.14695448370085,172.82102921739582,179.07908364514202,405.8914122581482,120.86544638872147,0.9999816417694092,412.9831929206848,113.91176417469978,0.9999575614929199,399.07335662841797,114.34980648756027,0.9999373555183411,418.3267574310303,117.21666553616524,0.9999592304229736,393.30804681777954,118.16281670331955,0.9999306201934814,440.25948429107666,161.00449311733246,0.9999269843101501,375.0049376487732,155.8249111175537,0.9997423887252808,482.73809146881104,196.15568816661835,0.9848217964172363,340.67730140686035,164.12926000356674,0.9883065223693848,486.68442249298096,151.79509848356247,0.9737436771392822,365.55724143981934,125.77430671453476,0.9788756370544434,429.0306167602539,255.94463539123535,0.9998024702072144,388.7970299720764,261.3995546102524,0.9996511936187744,424.552453994751,312.17186319828033,0.9944932460784912,396.8815851211548,344.0032275915146,0.9594479203224182,427.23476219177246,370.6704806089401,0.9788447618484497,404.602117061615,411.65267634391785,0.97536301612854
592,26.423299976158887,66.2934480472504,100.11221914685181,62.39529212531509,63.80462321177857,177.48939793804493,178.6395835208584,170.71635450845477,178.60853004222744,405.6743731498718,119.71277093887329,0.9999828338623047,412.85705852508545,112.77477303147316,0.9999604821205139,398.95394468307495,112.95969399809837,0.9999406933784485,418.3359565734863,116.08876302838326,0.999962568283081,393.30453395843506,116.27716702222824,0.9999328255653381,440.4193572998047,158.2733296751976,0.9999290108680725,375.7678852081299,153.40130823850632,0.9997239708900452,487.87368965148926,185.83398985862732,0.9861994981765747,342.45662784576416,151.54647159576416,0.9889276623725891,490.03776264190674,137.09960120916367,0.9759175181388855,367.4876461029053,107.09169772267342,0.9798024892807007,429.39150619506836,255.96187245845795,0.9998074769973755,388.82599210739136,260.91170287132263,0.9996598362922668,424.53077030181885,326.7134234905243,0.9941277503967285,396.92844009399414,344.0736289024353,0.9572171568870544,429.4368953704834,379.0681233406067,0.9769843220710754,405.06733083724976,410.78090810775757,0.9737523198127747
593,36.32280003512278,78.70307454115719,117.76698179057401,71.35517212228588,84.32783849958167,176.86819417684845,179.092419274086,168.02517316983264,178.38574124058582,405.55056381225586,118.30522194504738,0.9999837279319763,412.7846279144287,111.62555211782455,0.9999627470970154,398.86218070983887,111.6341350376606,0.99994295835495,418.4305510520935,115.29102870821953,0.999965488910675,393.3489627838135,115.27624186873436,0.9999359846115112,441.32137870788574,156.1425147652626,0.9999277591705322,376.5408658981323,152.51894134283066,0.9996813535690308,492.270525932312,172.7159264087677,0.9875023365020752,343.43027114868164,139.61490243673325,0.9896394610404968,491.71342182159424,121.68501907587051,0.9780058860778809,367.6395583152771,92.02819618582726,0.9805628061294556,429.5287857055664,256.19005703926086,0.999800443649292,388.8372130393982,260.86529099941254,0.9996565580368042,424.52697944641113,335.89964067935944,0.9931524395942688,396.9593734741211,344.1914962530136,0.9565791487693787,432.25178241729736,388.31189239025116,0.9741911888122559,405.34717178344727,410.76028060913086,0.9729305505752563
594,48.53869997896254,87.45505685142668,131.42989126999774,75.89889388251945,95.32892620619084,176.86675172504158,179.8232714921328,166.85571582158616,178.065693321074,405.5630736351013,117.60071024298668,0.999984622001648,412.79764318466187,110.9988280236721,0.9999649524688721,398.8664264678955,111.28322538733482,0.9999447464942932,418.88484716415405,114.6429363489151,0.9999680519104004,393.6750268936157,114.77863195538521,0.9999399185180664,442.28870391845703,154.26367443799973,0.999929666519165,378.22612857818604,151.9294336438179,0.999660849571228,495.89913272857666,163.14914041757584,0.9887002110481262,344.0260672569275,127.31917530298233,0.9904749989509583,491.52332305908203,109.81541788578033,0.9799771904945374,375.0334448814392,74.48897457122803,0.9816912412643433,429.99586963653564,256.35727083683014,0.999789297580719,389.0480098724365,260.5191251039505,0.9996439218521118,424.54108142852783,339.9716627597809,0.992412805557251,397.12867307662964,344.2181638479233,0.9587010145187378,433.64080238342285,394.86878728866577,0.9737945199012756,405.8140788078308,410.64908015727997,0.9736425280570984
595,36.424299993086606,97.34201310749997,142.2776750184199,85.56960333570531,105.453241747574,176.90546736737184,179.95985786339264,166.7572294675877,177.66525936786448,406.11441564559937,117.30350616574287,0.9999857544898987,413.36050939559937,110.58535209298134,0.9999675154685974,399.4069519042969,110.84118720889091,0.9999486207962036,420.04275131225586,114.09860116243362,0.9999706149101257,394.3830575942993,114.1005527973175,0.9999449849128723,442.9052486419678,152.9072169661522,0.9999298453330994,379.23371267318726,151.17249846458435,0.9996665716171265,496.5287685394287,152.46476566791534,0.9897502064704895,348.1026015281677,117.86826941370964,0.9912565350532532,491.94350147247314,99.01432967185974,0.9815937876701355,381.2543902397156,63.72357136011124,0.9828693270683289,430.435507774353,256.41701650619507,0.9997889995574951,389.42338037490845,260.06167328357697,0.9996506571769714,424.8366165161133,341.2781184911728,0.9923653602600098,397.2387342453003,344.2138901948929,0.9615233540534973,434.7045669555664,400.44946587085724,0.9750276207923889,406.1482048034668,410.6275979280472,0.9750296473503113
596,26.32360003190115,108.2200134432583,149.70071388764472,94.86280328256208,113.55421597094137,176.19089345412192,179.65745800837723,168.21100359253828,176.94736669452752,407.1778516769409,117.36572343111038,0.9999868273735046,414.255277633667,110.38316556811333,0.9999699592590332,400.71601009368896,110.7589336335659,0.9999524354934692,421.4192867279053,113.68100827932358,0.9999730587005615,395.6543335914612,113.91053193807602,0.9999498128890991,444.6722927093506,152.11699002981186,0.9999309778213501,380.7081027030945,150.41032093763351,0.9996783137321472,496.3784484863281,142.1633102297783,0.9906911849975586,352.78777027130127,111.22342985868454,0.99189692735672,490.93801498413086,90.69151148200035,0.9829244613647461,383.9661912918091,59.28502655029297,0.9836170673370361,431.23259830474854,256.6884504556656,0.999796986579895,390.60913467407227,259.83340322971344,0.9996658563613892,426.0278549194336,341.43345153331757,0.99274080991745,397.7462034225464,344.3360596895218,0.9646666646003723,435.3628616333008,405.6225519180298,0.976855456829071,406.9165606498718,410.5900752544403,0.976782500743866
597,24.91600002394989,115.68290467961839,153.99024485143778,97.35950077973756,119.67298238433932,175.65591162993366,179.37869117539384,169.1094689623617,176.04066887954536,408.44887495040894,117.45504277944565,0.9999876022338867,415.96980571746826,110.45269078016281,0.9999716877937317,402.2450895309448,110.77830040454865,0.9999551177024841,424.22103214263916,113.23910543322563,0.9999749660491943,397.07951831817627,113.36655288934708,0.9999538064002991,447.1708707809448,149.7703271508217,0.9999305605888367,382.8280248641968,148.26726913452148,0.9996863603591919,498.55070972442627,133.453007042408,0.9915692806243896,357.3340673446655,105.28736853599548,0.9923938512802124,489.0681629180908,81.06302106380463,0.9841614961624146,387.1423215866089,52.92668557167053,0.9840792417526245,432.012149810791,256.7631254196167,0.9998030662536621,391.87161588668823,259.09636902809143,0.9996759295463562,426.5147018432617,341.31866121292114,0.9931058883666992,397.88226985931396,344.12163627147675,0.9675863981246948,435.2158269882202,410.48021388053894,0.9786253571510315,407.2415885925293,410.6914463043213,0.9784424304962158
598,24.614199995994568,123.70175947141318,157.81282844883503,102.68300578628993,126.27282179970803,174.49654245037058,179.72917888487908,170.6032957435749,175.82244201581423,409.65535259246826,117.51342087984085,0.9999874234199524,417.6661376953125,110.43886551260948,0.9999710321426392,403.7691650390625,110.81675615906715,0.9999541640281677,426.67740535736084,113.11192864179611,0.9999753832817078,399.11535930633545,113.28533211350441,0.9999557137489319,449.53242206573486,148.77673131227493,0.9999287724494934,385.297110080719,147.0604607462883,0.9996922016143799,499.21532249450684,125.75899279117584,0.9923558831214905,362.5573353767395,100.55782356858253,0.9928179979324341,487.815411567688,72.92049404978752,0.9852694869041443,388.98912525177,50.14548833668232,0.9845860600471497,432.6873264312744,257.0419100522995,0.9998106360435486,392.85516595840454,258.746214389801,0.9996865391731262,427.61516189575195,343.94442212581635,0.9933986663818359,398.2491488456726,344.46617817878723,0.9701241254806519,434.8812713623047,412.42874324321747,0.9799197912216187,407.30054903030396,410.7306499481201,0.9797157049179077
599,23.287300020456314,127.69064132984846,160.79632502934095,105.97585088003548,130.81838903678306,175.54342338692132,179.15102128076433,171.44112106588113,176.03417123551372,411.48962116241455,117.53352129459381,0.9999878406524658,419.4031581878662,110.47993531823158,0.9999718070030212,405.7430634498596,110.83952760696411,0.9999556541442871,428.2716369628906,113.13249915838242,0.9999764561653137,401.09411001205444,113.34019157290459,0.9999585747718811,451.01120948791504,148.11744910478592,0.9999284744262695,387.1638536453247,146.6564010977745,0.9997029304504395,499.4192705154419,120.98619133234024,0.9930720925331116,366.36110496520996,97.79478579759598,0.9932924509048462,487.05223655700684,68.64328676462173,0.9863806962966919,390.9442210197449,47.658297061920166,0.9852962493896484,434.79807472229004,257.63050603866577,0.9998193383216858,394.7242851257324,258.7643061876297,0.9997004270553589,428.8300552368164,343.7384320497513,0.9936294555664062,399.25155210494995,344.88676261901855,0.9724732637405396,434.4978895187378,414.2733943462372,0.9811791777610779,407.35101795196533,411.09069097042084,0.9810361266136169
600,23.330199997872114,131.37553586323955,162.76534499225974,108.46597032773737,134.80171213931968,176.09780693602679,178.5026809792506,171.50224303813778,175.73782939879152,413.6378483772278,117.37141451239586,0.999987781047821,421.5556058883667,110.39499646425247,0.9999716281890869,407.98401498794556,110.62402865290642,0.9999558329582214,430.482666015625,112.8611221909523,0.999976634979248,403.7000198364258,112.91364538669586,0.9999603033065796,452.635666847229,147.72129571437836,0.9999252557754517,389.21518659591675,146.5147579908371,0.9997051954269409,499.08592796325684,117.61991319060326,0.9937060475349426,369.8138666152954,95.83023023605347,0.9936988949775696,485.81717586517334,66.23454195261002,0.9872925877571106,392.3248505592346,45.86270393431187,0.9859216213226318,436.2703924179077,258.13468313217163,0.999824583530426,396.50040197372437,258.8224278688431,0.9997079968452454,429.5630044937134,342.8177162408829,0.9937242865562439,399.8283939361572,344.8977601528168,0.9745468497276306,434.47292041778564,413.58203125,0.9822120070457458,407.34401750564575,411.10465157032013,0.9821068048477173
601,32.99540001899004,135.7434904419061,164.3856646149192,112.74342060891134,138.64184970355274,176.1841216650906,177.6562231500691,173.0422053966934,175.8575323108204,417.22528648376465,117.25541332364082,0.9999881982803345,424.8473320007324,110.26106017827988,0.9999727010726929,411.3828454017639,110.33884778618813,0.9999581575393677,432.8399715423584,112.84464013576508,0.9999776482582092,406.649507522583,112.63691210746765,0.9999629855155945,454.0203399658203,147.45071649551392,0.9999188184738159,390.8817982673645,146.4500121474266,0.999702513217926,498.35894298553467,113.49580240249634,0.9942613840103149,372.9085440635681,95.71573907136917,0.9940950274467468,484.7608919143677,61.66977480053902,0.9880364537239075,393.42733240127563,44.54677850008011,0.9866726398468018,437.8654327392578,258.2120932340622,0.9998286366462708,398.51865339279175,258.6736192703247,0.9997154474258423,431.28263759613037,342.1845033168793,0.9938099384307861,400.8500294685364,344.8754231929779,0.9762206077575684,434.347620010376,413.08235573768616,0.9830995202064514,407.4370198249817,410.96558690071106,0.9830000400543213
602,26.56840003328398,139.41181885636672,164.91688325750445,116.60189692901238,140.44187271537604,175.66706800292582,177.7947020450463,174.9501243397622,177.27760346998383,420.3001756668091,117.11546543240547,0.9999885559082031,427.986008644104,110.22374406456947,0.9999735355377197,414.49425315856934,109.97638502717018,0.9999601244926453,435.46940994262695,112.8924908041954,0.9999783039093018,409.6760506629944,112.2722270488739,0.999965250492096,455.61396503448486,146.69271290302277,0.9999109506607056,392.7075500488281,145.50534963607788,0.9996969103813171,497.8084602355957,110.0609463751316,0.9947641491889954,375.0665011405945,94.03535294532776,0.9944729208946228,484.6261396408081,58.575454130768776,0.9887483716011047,394.00462913513184,43.755935445427895,0.9873961210250854,439.0493927001953,258.21499931812286,0.999828040599823,400.2576198577881,258.1147394180298,0.9997159838676453,433.061559677124,341.43330907821655,0.9936497807502747,402.7074222564697,344.1804702281952,0.9773891568183899,434.24915885925293,414.25248193740845,0.9836628437042236,407.78496980667114,410.88680922985077,0.9834965467453003
603,29.810699983499944,142.28664231786126,165.62136795378046,120.23954111567735,143.14041679958967,175.87212473990857,177.15623401666284,175.8915492914281,177.7505138041759,423.4800968170166,116.25921767950058,0.9999886751174927,431.08379459381104,109.76239609718323,0.9999737739562988,417.46249294281006,109.19867989420891,0.9999616742134094,438.25700283050537,112.9259107708931,0.9999778866767883,412.5170693397522,111.80911263823509,0.9999667406082153,457.63438987731934,146.35614848136902,0.9998903870582581,394.3775987625122,145.11168920993805,0.999671995639801,497.3821659088135,108.28404691815376,0.9951809048652649,377.38203144073486,93.78275156021118,0.9948267936706543,484.42830753326416,54.438785925507545,0.9893209338188171,394.32889890670776,43.24916923046112,0.988058865070343,440.8787078857422,258.2014660835266,0.9998224973678589,402.12443923950195,257.5424118041992,0.999708890914917,434.48388862609863,341.4556175470352,0.9933115243911743,403.7811188697815,343.99094796180725,0.9783633947372437,434.12588024139404,413.7172211408615,0.9839138984680176,407.6944189071655,410.89763581752777,0.9838148355484009
604,24.778899969533086,145.5748294976274,164.01770269565193,123.92059471556044,143.46275290463538,175.09342715636103,177.48278903594453,177.08616652587415,178.54145348311667,425.6867790222168,115.17234936356544,0.9999884963035583,432.877121925354,108.96058756113052,0.9999732375144958,419.7546968460083,108.296312302351,0.9999626874923706,439.7635898590088,112.69460642337799,0.9999759793281555,415.2225522994995,111.33251485228539,0.9999673366546631,459.6049270629883,146.40006738901138,0.9998465180397034,396.74094438552856,145.22335976362228,0.999631941318512,496.89233684539795,107.15304601192474,0.9954820871353149,378.884726524353,94.56563493609428,0.9951431751251221,485.0519790649414,53.94728733599186,0.9896605610847473,394.27249097824097,44.60999295115471,0.9886747002601624,441.70076751708984,258.0779860019684,0.9998055696487427,403.46349573135376,257.2334266901016,0.9996905326843262,435.6692638397217,340.18087232112885,0.9926371574401855,404.8147840499878,341.61918449401855,0.9790591597557068,434.0350513458252,412.8809812068939,0.9838065505027771,407.6870393753052,410.84336042404175,0.9838594198226929
605,23.7176000373438,146.2471400507067,163.44527380835328,127.34798486465543,144.60619482096996,176.01400230438222,176.666223608914,177.63473889139385,178.79876237549,426.5698461532593,114.82873341441154,0.9999877214431763,433.53844928741455,108.8630627989769,0.9999707341194153,420.8002905845642,108.18811765313148,0.9999619722366333,440.6237096786499,112.71330365538597,0.9999709725379944,416.8631081581116,111.4115346968174,0.9999657869338989,460.89043140411377,146.729722738266,0.9997888207435608,398.68072509765625,145.44473499059677,0.999575674533844,497.01642417907715,107.2983929514885,0.995746374130249,380.6048903465271,96.02968874573708,0.9954289793968201,487.54140853881836,54.410145327448845,0.9899893403053284,394.2891960144043,46.01336444914341,0.9892077445983887,443.7610721588135,258.12089347839355,0.9997841715812683,405.59155559539795,257.2318596839905,0.9996663331985474,436.967960357666,339.76510286331177,0.9919852018356323,405.8896179199219,341.01822340488434,0.9797443747520447,433.96080112457275,411.7837635278702,0.9835215210914612,407.591787815094,410.41562473773956,0.9840234518051147
606,27.36960002221167,144.3202465572151,162.92244316754866,126.03737399168786,144.82409588270573,177.22339528865092,175.73755548170772,177.71705964590913,178.2932725702271,427.8236083984375,114.85086381435394,0.9999862909317017,434.5530843734741,108.90778657793999,0.9999657273292542,421.9051733016968,108.27453804016113,0.9999588131904602,441.9806842803955,112.88892230391502,0.99996018409729,417.7245421409607,111.54084831476212,0.9999609589576721,462.2575149536133,146.86353081464767,0.9997100234031677,399.942599773407,145.85617381334305,0.9994975328445435,498.3069829940796,109.54372751712799,0.9959465861320496,381.4940986633301,97.11934918165207,0.9956773519515991,488.9409418106079,56.17882512509823,0.9901697635650635,394.6108121871948,46.190322175621986,0.9896302223205566,445.8905725479126,258.6680635213852,0.9997605681419373,407.0592231750488,257.2418885231018,0.9996383786201477,438.0190887451172,339.65045499801636,0.9914255738258362,406.18325757980347,339.9651668071747,0.9806475043296814,433.8970642089844,411.8239643573761,0.983688235282898,407.5011610984802,408.60003447532654,0.984391987323761
607,27.27070002583787,141.72671335391746,162.5194646752801,123.49194535559556,143.45305852100432,178.15399429610835,175.29574598968597,177.98292919994714,178.8806015440592,430.3010587692261,114.9141708612442,0.9999830722808838,436.500168800354,108.92002347111702,0.9999546408653259,423.6182861328125,108.31342115998268,0.9999496340751648,443.5706195831299,113.33772709965706,0.9999374151229858,418.3202877044678,112.35508605837822,0.9999489784240723,463.49757957458496,148.2079080939293,0.9996254444122314,400.804160118103,147.641948223114,0.9993701577186584,500.0682649612427,113.2603739798069,0.996057391166687,381.72008419036865,98.66230174899101,0.9959051012992859,490.5069189071655,60.162728041410446,0.9902536869049072,395.6995458602905,47.419439032673836,0.9898895621299744,447.8422565460205,259.2237523794174,0.9997319579124451,408.10461473464966,257.3533453941345,0.9995976090431213,438.9699869155884,341.1494245529175,0.9907176494598389,406.8077630996704,340.1578800678253,0.9813740253448486,433.8517255783081,411.4553760290146,0.9833945035934448,407.06713342666626,407.0595819950104,0.9843919277191162
608,27.736199961509556,135.37757379887617,159.73968521322703,117.64579100618789,138.14241933839142,179.42197851545535,174.66796690986888,177.67557206832643,178.88228507763932,430.646279335022,115.11481174826622,0.9999809861183167,437.08800411224365,109.12399780750275,0.9999462962150574,423.92446088790894,108.59261178970337,0.9999425411224365,444.16618824005127,113.99609047174454,0.9999223947525024,418.268150806427,112.88179954886436,0.9999438524246216,464.085768699646,149.82044285535812,0.9996063113212585,400.8063588142395,148.35366815328598,0.9993433356285095,502.2579641342163,120.18247389793396,0.9961828589439392,380.078896522522,102.50107496976852,0.9961825013160706,491.8584852218628,62.274318635463715,0.9904714822769165,397.12796545028687,48.53490877151489,0.990312397480011,449.39706325531006,260.63291823863983,0.9997250437736511,408.6073327064514,258.1279022693634,0.9995874762535095,439.3951187133789,342.41340017318726,0.9904449582099915,406.7899966239929,340.28369641304016,0.9820978045463562,433.8140697479248,411.0546498298645,0.9833733439445496,406.62491750717163,403.55176758766174,0.984259843826294
609,25.83490003598854,124.75373101411118,153.65618669805397,104.77871668333592,130.16529432027968,179.78770559647012,174.5883543624256,177.45018690458713,178.69509258331857,431.9727249145508,116.35251864790916,0.9999730587005615,438.063214302063,110.05094602704048,0.9999182820320129,424.8014373779297,110.17396312952042,0.9999171495437622,444.8655252456665,114.76306873559952,0.9998644590377808,418.70786476135254,114.38370367884636,0.999921441078186,464.93507194519043,151.95618671178818,0.9995774626731873,401.2813529968262,149.67464005947113,0.9992867708206177,504.7131242752075,131.60052090883255,0.9962166547775269,379.2274703979492,112.03872889280319,0.9964397549629211,491.76250076293945,72.31060102581978,0.9905420541763306,399.1050229072571,55.79792155325413,0.9905320405960083,450.2055768966675,261.56787955760956,0.9997145533561707,408.92793798446655,258.3275103569031,0.9995707273483276,439.66396617889404,342.27934992313385,0.9897890686988831,407.03117084503174,336.7214926481247,0.9826652407646179,433.7907180786133,410.909060716629,0.9830746650695801,404.3935947418213,392.8400272130966,0.9830898642539978
610,42.472500004805624,112.03821072071482,131.1433388324135,89.95687773398626,100.89644400053251,179.92395022408638,173.90173666284966,177.7507153343518,175.5147938108124,435.32727813720703,116.42268490791321,0.9999707937240601,441.02675342559814,110.21889346837997,0.9999077320098877,428.39284324645996,110.23565331101418,0.9999119639396667,447.1449918746948,115.01611885428429,0.9998387694358826,420.66235399246216,114.38229337334633,0.9999167323112488,465.6954164505005,153.88645333051682,0.9995852708816528,402.2818355560303,150.06567931175232,0.999293327331543,506.3695764541626,143.41707181930542,0.9963414072990417,371.73764991760254,127.02433598041534,0.9966943264007568,491.5343418121338,85.96048498153687,0.991067111492157,395.6898412704468,78.203099578619,0.9908998012542725,451.32554721832275,261.52896082401276,0.9997072815895081,410.05480766296387,258.1376461982727,0.9995725154876709,440.47879791259766,341.96614813804626,0.989678680896759,407.48597240448,332.2780901193619,0.9834195971488953,434.01073932647705,410.0034736394882,0.9826944470405579,401.9681043624878,380.93724822998047,0.9813652634620667
611,26.112699997611344,93.02243452697671,114.37012503428294,70.20750541584383,81.94395135733716,179.4965417718502,174.5038181298901,177.28206654867373,173.9265423079294,436.5195779800415,117.01157292723656,0.9999656677246094,442.70372676849365,110.614690721035,0.9998852014541626,429.79358959198,110.35437539219856,0.9998902082443237,449.2768678665161,115.22356909513474,0.9997724890708923,421.85296058654785,114.36030542850494,0.9999008774757385,466.44251823425293,155.56072813272476,0.9995906949043274,403.4956169128418,150.61685234308243,0.9992884993553162,505.80595207214355,159.19784903526306,0.996446430683136,368.3929023742676,137.30655997991562,0.9969252347946167,491.43274688720703,103.67452749609947,0.9913758635520935,394.55852365493774,89.75441333651543,0.9909803867340088,450.99928092956543,261.4010361433029,0.9996735453605652,410.1917333602905,256.92022490501404,0.9995536804199219,440.17158699035645,340.4653551578522,0.9887368679046631,407.98123502731323,323.8422409296036,0.9844263792037964,433.988600730896,410.0172348022461,0.982319176197052,400.7580633163452,375.4645791053772,0.9800026416778564
612,44.745400024112314,75.77193048494362,88.07114978389735,51.62022460137029,56.70040046537478,178.272144659682,173.9011656616241,177.42189914370036,172.40509957448572,437.45480728149414,117.24532750248909,0.9999552369117737,443.9816999435425,110.97968205809593,0.9998517632484436,430.97209072113037,111.0003309249878,0.9998593330383301,450.69747829437256,115.24704569578171,0.999685525894165,423.2574977874756,114.57685855031013,0.9998697638511658,468.04832458496094,157.43942600488663,0.9995956420898438,404.2316241264343,151.562056183815,0.999275267124176,505.2606248855591,173.70708626508713,0.996339738368988,368.643048286438,154.96268737316132,0.9969384074211121,491.2549810409546,120.57335644960403,0.9913510680198669,394.6314091682434,105.75744187831879,0.9904654026031494,450.9211893081665,261.0659247636795,0.9996576905250549,410.6601314544678,255.78893196582794,0.9995391368865967,440.38726139068604,339.41925036907196,0.9875213503837585,407.8913917541504,317.4880881309509,0.9849389791488647,434.1202697753906,409.93264496326447,0.9816614985466003,398.7076654434204,368.7121218442917,0.9776789546012878
613,30.76110000256449,59.92765239429647,70.28106122171022,29.79434050793377,38.04124626495386,176.70257077091767,174.15968690021236,178.65795168163953,173.4412957416763,437.9024820327759,117.8711470067501,0.9999467134475708,444.60901069641113,111.68726366758347,0.9998239874839783,431.75725269317627,111.72556272149086,0.9998304843902588,451.9960231781006,115.69226062297821,0.9995797872543335,424.5402727127075,115.16682922840118,0.9998355507850647,469.1668291091919,158.17475074529648,0.9996017217636108,405.9821147918701,152.02855390310287,0.999291718006134,503.7747611999512,187.50682586431503,0.9962437152862549,368.85078716278076,167.3413091301918,0.9967601895332336,486.4956884384155,139.8326735496521,0.9914758801460266,394.9585599899292,121.28561770915985,0.9898954629898071,450.6906547546387,260.75095653533936,0.9996455311775208,410.7823233604431,254.1180475950241,0.9995484352111816,441.1612024307251,339.3453161716461,0.9867095351219177,407.81102561950684,308.1386458873749,0.9858574867248535,434.28181076049805,409.8713322877884,0.9818170666694641,398.3787455558777,363.2793401479721,0.9770064353942871
614,31.76440001698211,45.219012715047484,55.07341383941124,13.287389881039683,17.36091637254083,175.61266892202204,173.37504318678648,179.3224066477407,174.5784874981468,438.21257400512695,119.58176922798157,0.9999332427978516,444.66420555114746,113.10958525538445,0.9997782707214355,432.2233762741089,113.30575305223465,0.9997854232788086,452.3389186859131,116.47619816660881,0.9993753433227539,425.1431703567505,116.49827870726585,0.9997822642326355,470.0757246017456,157.68068796396255,0.9996181726455688,406.36761951446533,152.64508533477783,0.9993246793746948,497.7547311782837,198.148805975914,0.9957655072212219,368.9612526893616,181.4899640083313,0.9960597157478333,482.05194664001465,157.41936832666397,0.9912891983985901,395.2076950073242,144.00959956645966,0.9885349273681641,450.59613609313965,259.33324337005615,0.9996357560157776,411.0297145843506,251.13825726509094,0.9995625615119934,441.4146842956543,340.41224789619446,0.9864493608474731,407.9101185798645,296.723091840744,0.9867690205574036,434.368444442749,409.98523938655853,0.9824827909469604,397.84299659729004,357.9551092386246,0.9773261547088623
615,23.21499999379739,33.880282111104606,43.17993274314364,3.5950524236802224,2.166915771697058,174.16401078581265,172.12190550118157,179.836371865233,175.96563027019647,439.81292152404785,120.06973493099213,0.9999335408210754,446.02623462677,113.68207669258118,0.9997811913490295,433.92683506011963,113.78571277856827,0.9997850060462952,453.2380590438843,117.12543016672134,0.9993627667427063,426.7504425048828,117.02739968895912,0.9997704029083252,471.44392013549805,160.43749332427979,0.9996422529220581,406.7236819267273,152.8965613245964,0.9993581175804138,491.660400390625,210.4270966053009,0.9951925277709961,372.91478633880615,192.81577134132385,0.993109941482544,479.00071239471436,172.42389345169067,0.9915516376495361,395.480459690094,164.03199166059494,0.9848366379737854,450.6751375198364,259.3242686986923,0.9996353983879089,411.71459579467773,250.8243432044983,0.9995787739753723,442.0261745452881,341.26680755615234,0.9863714575767517,408.56214570999146,287.1452085971832,0.9875680208206177,434.5789632797241,409.94415533542633,0.982975959777832,398.26133012771606,352.21952497959137,0.9769482612609863
616,23.3382000005804,28.298259872090796,39.21746978238958,11.714929597614372,7.62159942705127,172.23298737900512,169.82988671915538,179.11228658041887,178.8048667720657,439.6986904144287,120.63163483142853,0.9999366998672485,446.09765434265137,114.34729215502739,0.9997941851615906,434.0171585083008,114.41180294752121,0.9997957944869995,453.5843915939331,117.79459875822067,0.9993939995765686,427.505934715271,117.97825899720192,0.9997742772102356,473.5204496383667,164.4701265692711,0.9996700882911682,406.8446102142334,158.25649148225784,0.9993969798088074,487.9730100631714,219.0823266506195,0.9948321580886841,374.6337876319885,202.38091909885406,0.9891626834869385,472.61908531188965,188.33802288770676,0.9918661713600159,395.4114661216736,180.67705821990967,0.9807267785072327,450.6267156600952,260.01067435741425,0.9996476173400879,411.8536949157715,251.10569202899933,0.9996066093444824,442.2852668762207,343.4587926864624,0.9859377145767212,408.9549288749695,274.4378716945648,0.9882166385650635,434.57840728759766,410.1077792644501,0.9832863211631775,398.832763671875,344.016504406929,0.9766165614128113
617,22.388899989891797,21.04908368472212,34.191141072374606,33.445237468097574,3.8883969773553693,171.15775838292427,166.085289713339,178.26457357144173,175.4848321091718,439.04499530792236,121.31299757957458,0.9999409914016724,445.91271114349365,114.98231425881386,0.9998100996017456,433.42765522003174,115.04999467730522,0.9998093247413635,453.5528516769409,118.13571462035179,0.9994415640830994,427.88178539276123,118.4773361980915,0.9997852444648743,474.7709770202637,165.8100307583809,0.9996987581253052,408.2246079444885,160.46077048778534,0.9994403719902039,481.77056407928467,224.46212929487228,0.9939828515052795,380.1165523529053,206.1741707921028,0.9790645241737366,464.41415786743164,203.96047550439835,0.9920165538787842,392.05509328842163,189.4213369488716,0.9721195101737976,450.69414234161377,260.6575629711151,0.9996607899665833,412.3643989562988,251.45795500278473,0.999636173248291,442.8033504486084,344.11311745643616,0.9863987565040588,410.00537490844727,263.2530949115753,0.9890801906585693,434.54156017303467,410.09780740737915,0.9841836094856262,401.1515793800354,337.561208486557,0.9772523641586304
618,22.454800026025623,17.79126532730593,26.831806803641022,57.788914690883864,147.85596843944919,170.5880358381904,161.55523960660622,177.45659591217114,168.94295422189492,438.77806854248047,122.42799365520477,0.999946117401123,446.1902017593384,116.08752366900444,0.9998273849487305,433.2625255584717,116.00067591667175,0.9998258352279663,453.7363290786743,118.92102685570717,0.999493420124054,428.16028690338135,119.17728933691978,0.9998029470443726,474.8188934326172,167.02054297924042,0.999727189540863,408.42762088775635,161.26045644283295,0.9994888305664062,478.2161064147949,226.01218324899673,0.9933401942253113,387.6217637062073,207.57899177074432,0.9683243036270142,461.52198791503906,216.79076540470123,0.9921044111251831,388.569149017334,214.35874342918396,0.9646060466766357,450.64460849761963,260.5268461704254,0.9996749758720398,412.55295610427856,250.6397783756256,0.9996644258499146,443.21614933013916,344.0345107316971,0.9869878888130188,411.6401433944702,253.8651328086853,0.9899485111236572,434.3724880218506,410.0790603160858,0.9851312637329102,405.1476969718933,332.0806188583374,0.9782053232192993
619,29.784400016069412,14.734849983641107,23.165567649936786,88.81477519138744,163.4634755243147,169.850058447971,9.85843032159084,176.73089419278415,1.76546683630145,438.83634662628174,123.48330104351044,0.9999511241912842,446.8406620025635,116.95315209031105,0.9998436570167542,433.5206069946289,116.72635644674301,0.9998420476913452,454.34190559387207,119.79251730442047,0.9995414018630981,428.79265213012695,119.81904244422913,0.9998210072517395,475.30599308013916,168.30806642770767,0.9997526407241821,408.0881624221802,162.00628012418747,0.9995361566543579,475.1003770828247,226.89722830057144,0.9927241206169128,390.07480096817017,211.33305406570435,0.9656344056129456,459.9602565765381,226.53083378076553,0.9921482801437378,389.53387117385864,220.11461329460144,0.9636311531066895,450.63975620269775,260.7772252559662,0.9996891617774963,412.90401458740234,250.80875861644745,0.9996920228004456,443.6606903076172,344.1332321166992,0.9875845909118652,414.28188943862915,239.17456448078156,0.9907358884811401,434.32725048065186,410.08393228054047,0.9859740734100342,406.8129692077637,324.7374572753906,0.9790400266647339
620,39.45340000791475,15.797683587213012,23.158038085224167,116.03859548994811,166.74110917061228,169.5368598429287,10.917139074987059,176.57362779415698,3.8495060250127473,438.9659433364868,123.62540000677109,0.9999557733535767,447.1720838546753,117.18250480294228,0.9998584985733032,433.68063163757324,116.91120618581772,0.9998570680618286,454.67651176452637,120.12153160572052,0.999584972858429,429.07085037231445,119.99451863765717,0.9998378753662109,475.42098236083984,168.59836143255234,0.9997761249542236,407.84254026412964,162.30527913570404,0.9995805025100708,476.0869092941284,224.05751407146454,0.9927241802215576,391.239933013916,208.0132234096527,0.9655752182006836,462.05882358551025,231.12105053663254,0.9924772381782532,389.49704933166504,222.84126091003418,0.9655004739761353,450.30696964263916,261.61218309402466,0.9997073411941528,412.8166732788086,251.40319526195526,0.9997181296348572,443.598671913147,344.14875972270966,0.9881529211997986,414.68068742752075,237.65597885847092,0.9913777112960815,434.2281322479248,410.2130250930786,0.9868232011795044,409.1297378540039,319.6654003858566,0.9795112013816833
621,23.223099997267127,16.938792741709523,23.26562132728616,117.72600403259852,164.99588612199122,168.87478963349236,12.338591307404817,176.031126666877,5.969842753905334,439.39754486083984,123.49864345788956,0.9999599456787109,447.50658893585205,117.17069527506828,0.9998719096183777,434.11738872528076,116.94051632285118,0.9998705983161926,454.7695140838623,120.37136936187744,0.9996244311332703,429.3890800476074,119.96418994665146,0.9998530745506287,475.6291255950928,168.70204025506973,0.999797523021698,407.7096834182739,162.59068793058395,0.9996206164360046,477.12004375457764,224.37886428833008,0.9928188323974609,390.8676962852478,208.86083126068115,0.9654123187065125,462.23881340026855,232.71613454818726,0.9927749037742615,389.5266180038452,224.1986300945282,0.9670762419700623,449.9718074798584,261.8193128108978,0.9997277855873108,412.7869277000427,251.60599434375763,0.9997428059577942,443.81535720825195,344.0877319574356,0.9886480569839478,414.9995741844177,237.751879632473,0.991970419883728,434.23632049560547,410.16496074199677,0.9875328540802002,410.6768112182617,317.4597680568695,0.9797682166099548
622,22.97379996161908,17.88645103482102,24.316844893308694,102.17074465570879,161.2308246552225,168.75802266098324,10.690271368567116,176.0192297532507,4.784404251848129,440.13489151000977,123.38574779033661,0.9999638199806213,448.0266942977905,117.04500713944435,0.9998843669891357,434.6712579727173,116.89143341779709,0.9998830556869507,454.8915796279907,120.38188254833221,0.9996610879898071,429.4518566131592,119.87764847278595,0.9998671412467957,475.7005453109741,169.06072795391083,0.9998169541358948,407.5803141593933,162.56135642528534,0.9996553659439087,478.09565830230713,226.48705732822418,0.9928792119026184,389.8384790420532,208.78112763166428,0.9618148803710938,460.6939640045166,231.00657361745834,0.9930814504623413,389.371395111084,220.77308350801468,0.9658294916152954,449.9066047668457,262.08222794532776,0.9997473359107971,412.7571315765381,251.87876737117767,0.9997653961181641,443.80989837646484,344.003569483757,0.9890238642692566,415.1371569633484,233.4860616326332,0.9924985766410828,434.2334899902344,410.1569262742996,0.988074779510498,411.356840133667,317.09810304641724,0.9798699021339417
623,25.8567999699153,18.966900871452008,25.352900643053747,74.3418870817809,162.79798983906338,168.87109794167978,12.647775584656236,176.02525930311617,6.3254875950452405,440.23729515075684,123.28474712371826,0.9999672770500183,448.03013134002686,116.98302492499352,0.9998955726623535,434.7776041030884,116.79158663749695,0.9998942613601685,454.7788143157959,120.48356699943542,0.9996941089630127,429.47758388519287,119.89668047428131,0.9998796582221985,475.5211114883423,168.61434489488602,0.9998345971107483,407.5614356994629,162.20568877458572,0.9996852874755859,479.199049949646,227.01518112421036,0.9929912090301514,388.9130554199219,208.12849807739258,0.9585429430007935,461.48337173461914,223.23197251558304,0.9934648275375366,388.4272952079773,213.79566115140915,0.9644741415977478,449.8432722091675,262.0708315372467,0.9997634291648865,412.67972230911255,252.29257094860077,0.999784529209137,443.75743293762207,344.2682510614395,0.9894126653671265,415.5052742958069,235.21741819381714,0.9929600358009338,434.25279808044434,410.1512850522995,0.98865807056427,410.9920334815979,319.35356616973877,0.9802952408790588
624,23.349400027655065,19.254864334281795,27.44964968778692,53.069312506837996,128.1283892813575,169.21275362190872,21.77291925450765,176.51166707299558,15.248877144100273,440.1764392852783,123.21039980649948,0.9999696016311646,447.96346282958984,116.93770283460617,0.999904215335846,434.71381664276123,116.73238229751587,0.9999014735221863,454.6993579864502,120.43325185775757,0.9997212886810303,429.49987411499023,119.85562491416931,0.9998864531517029,475.4762783050537,168.30131405591965,0.9998499751091003,407.79639291763306,162.12354916334152,0.9997043013572693,479.53941822052,226.52906733751297,0.9929326772689819,388.6423125267029,204.33963400125504,0.9461950659751892,462.30634117126465,215.36382114887238,0.9936923980712891,381.7163438796997,206.03106039762497,0.9551805257797241,449.8309898376465,262.281636595726,0.9997719526290894,412.6182346343994,252.76366996765137,0.999796450138092,443.30561351776123,345.64114785194397,0.9897984266281128,415.28848791122437,244.88732743263245,0.9933503866195679,434.28079986572266,410.14752423763275,0.9892474412918091,410.49247455596924,323.7779651880264,0.9803169965744019
625,25.17689997330308,24.359193600851075,35.2004975480731,27.26650283744703,75.38936327475233,169.49924704030838,22.64456399951543,176.72918854850533,16.284883105518418,440.14055252075195,123.17354667186737,0.9999716281890869,447.93505668640137,116.89926844835281,0.999911904335022,434.6222801208496,116.70406222343445,0.9999077320098877,454.6358232498169,120.41115707159042,0.9997453093528748,429.4121789932251,119.82825928926468,0.9998930096626282,475.4706678390503,168.13476979732513,0.9998630881309509,407.8667006492615,161.28312104940414,0.9997172355651855,484.43376636505127,223.3396543264389,0.9928796887397766,382.02170991897583,202.68417751789093,0.9355843663215637,471.2062587738037,205.45626831054688,0.9939273595809937,380.1101584434509,200.66379380226135,0.9429961442947388,450.0880603790283,261.96535778045654,0.9997757077217102,413.00368881225586,252.43283224105835,0.9998056292533875,443.28964138031006,345.79668033123016,0.9901565909385681,414.5991840362549,247.9069482088089,0.9936559796333313,434.3573246002197,410.10948872566223,0.9897757768630981,410.3094267845154,326.2531795501709,0.9807654023170471
626,30.03820002777502,30.845957560261937,45.90174402656696,0.7891888745482879,27.33242368534504,170.40819325947743,178.6799999024218,177.3218519245111,174.89563652858635,440.10441303253174,123.12323153018951,0.9999732971191406,447.87920475006104,116.79170060157776,0.9999179244041443,434.5657711029053,116.58438569307327,0.9999128580093384,454.58911991119385,120.29291933774948,0.9997638463973999,429.39549922943115,119.7355637550354,0.999897837638855,475.42017364501953,167.46574366092682,0.9998740553855896,407.7445340156555,159.5646994113922,0.9997262358665466,490.951358795166,221.17996376752853,0.9931758046150208,372.07485914230347,198.55554378032684,0.9376382231712341,480.394079208374,186.4670175909996,0.9942821860313416,380.6355962753296,166.87318742275238,0.9435227513313293,450.7086992263794,261.53312051296234,0.9997774958610535,413.3081955909729,251.88386726379395,0.9998145699501038,443.14584159851074,345.82129657268524,0.9903072118759155,413.4661226272583,256.13247668743134,0.9937792420387268,434.3404932022095,410.057293176651,0.9900817275047302,409.49896717071533,332.45279705524445,0.981116771697998
627,23.303100024349988,39.28570900879601,58.03522341838537,10.49701969912983,39.06869190028186,171.8461667013989,167.76691331996895,178.2808628238685,173.78312122549497,439.7823419570923,122.58798497915268,0.9999754428863525,447.6288061141968,116.2972674369812,0.9999246597290039,434.00710010528564,116.23199450969696,0.9999198317527771,454.5557098388672,119.95333486795425,0.9997830390930176,429.0953140258789,119.47769153118134,0.9999063611030579,475.3596715927124,162.25346821546555,0.9998847842216492,407.74001026153564,158.11793965101242,0.9997475147247314,497.6121950149536,208.98925453424454,0.9936078190803528,363.9069809913635,189.39796006679535,0.9430769681930542,486.4565668106079,167.25016635656357,0.9946315288543701,375.5136704444885,147.31461489200592,0.9478776454925537,451.1071939468384,260.8064000606537,0.9997891783714294,413.49311351776123,250.91654014587402,0.9998288750648499,442.6560125350952,345.91001760959625,0.9905949234962463,411.3963408470154,264.64217460155487,0.994166374206543,434.346962928772,409.97125029563904,0.9905518889427185,408.1927900314331,338.94812285900116,0.9820629358291626
628,23.5058999969624,51.158219304538854,72.96917212152582,26.24234869591612,52.222026337527836,172.80812001298042,170.06461942555399,178.88862804070072,177.83177943690262,439.55079650878906,121.42093580961227,0.9999765753746033,447.4431552886963,115.26847806572914,0.9999271631240845,433.3877754211426,115.08838632702827,0.9999226331710815,454.4969263076782,119.16973209381104,0.9997884035110474,428.22528743743896,118.6820655465126,0.9999111890792847,474.8050947189331,160.45428878068924,0.9998897314071655,407.62537479400635,155.55109816789627,0.9997599124908447,503.10625648498535,196.7160637974739,0.9940558075904846,359.0137701034546,173.91897398233414,0.9483991265296936,493.22117137908936,149.10231244564056,0.9948749542236328,373.0646767616272,128.18592911958694,0.9520609974861145,451.48082065582275,259.9969701766968,0.9997914433479309,413.6776523590088,249.95536708831787,0.9998383522033691,442.4637403488159,345.8545740842819,0.9904105067253113,410.7577586174011,276.54315865039825,0.9944179058074951,434.4758014678955,409.9235278367996,0.9906567335128784,405.71152353286743,346.96011114120483,0.9827302098274231
629,22.295799979474396,62.802977782379166,85.23623132253105,40.4989820238498,61.453633411751795,174.1821933328931,171.19234384772795,179.9420281594126,179.13609896353535,439.2753782272339,119.45820367336273,0.9999729990959167,446.8884267807007,113.93148708343506,0.999912440776825,432.9983787536621,113.2922198176384,0.9999035000801086,454.0613317489624,117.91731670498848,0.9997384548187256,427.6200141906738,117.12246710062027,0.999902606010437,473.76503562927246,158.82638311386108,0.9998877048492432,407.39691257476807,153.55390614271164,0.9997479319572449,505.57390117645264,185.05514508485794,0.9944969415664673,357.0213975906372,161.0891114473343,0.9532818794250488,496.5725908279419,133.96923583745956,0.9951345920562744,374.7452893257141,112.49631604552269,0.9555521011352539,451.79723072052,259.4862971305847,0.9997658133506775,413.68935346603394,249.72515964508057,0.9998295903205872,442.281476020813,343.0922557115555,0.9896710515022278,410.4444317817688,286.34250259399414,0.9944941401481628,434.62318992614746,409.77782475948334,0.9905003905296326,403.18312406539917,356.2737971544266,0.9828956723213196
630,23.986699990928173,78.88056841133933,98.92261651545867,55.54825241361526,73.30919503093142,175.33533302501996,171.45138555429014,179.29564197783156,177.41753650632194,439.0401430130005,118.14832901954651,0.9999675750732422,446.47638607025146,112.79646894335747,0.9998927712440491,432.84654235839844,112.02124965190887,0.9998773336410522,453.3821620941162,116.64760014414787,0.9996995329856873,427.42288970947266,115.78732091188431,0.9998894929885864,472.17848682403564,156.43222570419312,0.9998830556869507,407.38981103897095,151.50951874256134,0.9997047185897827,506.67719173431396,170.6866107583046,0.9949346780776978,356.32476472854614,146.81227546930313,0.9577045440673828,495.2184467315674,116.7867716550827,0.9953389763832092,376.0102219581604,97.95751225948334,0.958368718624115,451.8015775680542,258.1287569999695,0.9997378587722778,413.66544580459595,249.42982172966003,0.9997947216033936,442.0325937271118,341.72081196308136,0.9892676472663879,409.15089082717896,302.28941094875336,0.9946415424346924,434.98023796081543,409.2585474252701,0.9904359579086304,400.83413314819336,365.76919889450073,0.9828816652297974
631,22.199200000613928,92.12983196756288,109.12958630420552,67.56166620613526,84.1797948248506,176.38751769650747,171.6801462546016,178.52880593617385,176.62832833809725,438.7840328216553,116.75843733549118,0.9999604821205139,446.076021194458,111.4262146949768,0.9998789429664612,432.5481767654419,110.60789561271667,0.9998449683189392,452.6814603805542,115.40553411841393,0.9996916651725769,427.0558338165283,114.44047203660011,0.9998598694801331,470.83556365966797,154.3423951268196,0.999882161617279,407.2647886276245,149.36720770597458,0.9995660781860352,507.040810585022,159.69390618801117,0.9953277707099915,357.3948473930359,135.36971193552017,0.9616878628730774,493.76563930511475,106.56981346011162,0.9953716397285461,376.80905628204346,86.08027547597885,0.960516631603241,451.6825952529907,257.30280232429504,0.9997300505638123,413.30432891845703,249.51204681396484,0.9997174739837646,441.4751863479614,341.34014344215393,0.9892765879631042,407.22670316696167,320.8633908033371,0.9942398071289062,434.99166107177734,409.24319076538086,0.9902719855308533,399.00585412979126,377.6292128562927,0.9813610315322876
632,23.979200050234795,108.39800594476979,117.17483198513914,80.595480291838,89.97979998435461,177.18230126166736,172.24985662316152,178.02735084618894,174.278623725088,438.46423625946045,114.97118139266968,0.99996018409729,445.88885402679443,109.8459104001522,0.9998791217803955,432.25329875946045,109.00840973854065,0.9998464584350586,452.336088180542,114.34113097190857,0.999703049659729,426.37979793548584,113.14287701249123,0.9998649954795837,469.8578767776489,153.02237766981125,0.9998792409896851,406.29357147216797,147.65607976913452,0.9995395541191101,508.21552085876465,147.32123905420303,0.9956626296043396,358.1148319244385,126.82019782066345,0.9654565453529358,491.43168544769287,95.22870644927025,0.9951280951499939,380.3212332725525,75.52205896377563,0.963616132736206,451.66015338897705,256.8203353881836,0.9997326135635376,413.0889325141907,250.29631912708282,0.999690055847168,441.0892267227173,341.37279415130615,0.9891244173049927,407.47973012924194,331.27594697475433,0.9933913350105286,434.96906757354736,409.2306262254715,0.9895409941673279,398.0609202384949,386.47254061698914,0.9780290126800537
633,25.975099997594953,121.95125201153431,127.00216346540616,93.63852949178491,96.92040820748731,177.571150010541,172.471240902023,177.88170268492325,174.4589431983198,437.1952095031738,113.99641099572182,0.9999620318412781,444.8477840423584,108.78241184353828,0.9998847842216492,431.1427803039551,107.83762112259865,0.9998546838760376,451.63907623291016,113.21282958984375,0.9997231960296631,425.46160221099854,111.89254146814346,0.999874472618103,469.2334976196289,151.8528355360031,0.9998756647109985,405.70917320251465,146.05820363759995,0.9995494484901428,507.423939704895,136.12667560577393,0.9959977865219116,359.32921981811523,115.8289106786251,0.9688597321510315,489.6292600631714,83.68263503909111,0.9948942065238953,384.2556104660034,65.11571383476257,0.9666625261306763,451.57822036743164,256.5678479671478,0.9997402429580688,412.87085723876953,250.92451763153076,0.9996811151504517,440.94133281707764,341.46581733226776,0.9890173673629761,407.5343437194824,335.23178267478943,0.9927613735198975,434.97771072387695,409.31535851955414,0.9888688921928406,398.0273838043213,394.1709567308426,0.976665735244751
634,23.65370001643896,133.1767198704354,134.13042063526845,101.29785321189374,99.06599830480022,177.96354564575694,173.49162386554974,178.06048125184404,173.54090174990972,436.6455354690552,114.55138045549393,0.9999648332595825,444.2058153152466,109.20693516731262,0.999893844127655,430.5577754974365,108.34904918074608,0.9998663067817688,450.4715938568115,113.51495549082756,0.9997479319572449,424.973744392395,112.22981816530228,0.9998855590820312,468.35634422302246,151.2055338025093,0.9998806118965149,405.26824617385864,144.86780607700348,0.9995740652084351,505.7988758087158,125.90708911418915,0.9963067770004272,359.39851665496826,105.94167193770409,0.9718919992446899,484.59055614471436,75.32478001713753,0.9947885870933533,389.6031174659729,56.17136403918266,0.9693829417228699,451.40849113464355,256.64477372169495,0.9997559785842896,412.4475450515747,252.6246052980423,0.9996920228004456,440.8027391433716,341.8544348478317,0.9890987873077393,408.34768438339233,339.6692305803299,0.9920036196708679,434.714524269104,409.3345614671707,0.9883772134780884,398.6242413520813,399.9985954761505,0.9757218360900879
635,22.64790004119277,139.16167337987494,140.62641381814373,104.6217429871348,107.02236659743545,178.62551103612918,173.80674469537297,178.13804065540822,173.87835186599602,436.1351852416992,114.85833558440208,0.9999666810035706,443.87671852111816,109.47978654503822,0.9999005198478699,429.3645658493042,108.60019752383232,0.9998747706413269,449.4975461959839,113.57963010668755,0.9997683167457581,423.71192026138306,112.5190518796444,0.999894380569458,466.79082202911377,150.29048770666122,0.9998815059661865,404.9675807952881,145.1037117242813,0.999582052230835,503.14542865753174,118.91473034024239,0.9965358972549438,363.83144187927246,101.3452298939228,0.9745619297027588,477.8591089248657,67.46725580096245,0.9946519732475281,392.3588671684265,51.426323518157005,0.9715933203697205,451.1477813720703,256.662780046463,0.9997653961181641,412.2949252128601,253.7829362154007,0.9996921420097351,440.6834535598755,341.9934425354004,0.9890335202217102,408.69406747817993,342.04914247989655,0.9910561442375183,434.6824789047241,408.8447153568268,0.987933874130249,399.4860544204712,403.9736626148224,0.9755993485450745
636,24.93979997234419,145.3934888848895,145.99294444541553,110.26263063164781,114.15563338924878,178.49860586825164,174.23390326254665,178.06718268248213,175.51297795419944,434.9135694503784,115.05230244994164,0.999968409538269,443.0424270629883,109.62734866142273,0.999906599521637,428.33264446258545,108.8706983923912,0.9998822212219238,448.5665121078491,113.48083037137985,0.9997875690460205,422.8593063354492,112.54806286096573,0.9999019503593445,466.036340713501,149.1373421549797,0.9998801946640015,404.1186819076538,144.92547190189362,0.9995822310447693,499.4456043243408,113.13973587751389,0.9967643022537231,367.51870584487915,97.93996891379356,0.976899266242981,474.4970245361328,63.906063467264175,0.9944907426834106,393.55718183517456,48.81802047789097,0.9734262824058533,450.4220094680786,256.72454857826233,0.9997733235359192,411.6224274635315,254.7057603597641,0.9996904134750366,440.280460357666,342.3282405138016,0.9891604781150818,408.74163007736206,343.6125017404556,0.9903388619422913,434.66862964630127,408.8295866250992,0.9877617955207825,401.81123876571655,405.95920181274414,0.9759366512298584
637,21.951799979433417,152.12896629115306,151.46888292732322,117.49779376664382,121.60072213287035,178.47659376679317,174.3468441581542,178.52149860037548,177.4686643158617,434.2458734512329,114.99695152044296,0.9999697804450989,442.30427169799805,109.62796121835709,0.9999116659164429,427.7078104019165,109.00368022918701,0.9998892545700073,447.66651248931885,113.13285529613495,0.9998040795326233,422.0035080909729,112.00585025548935,0.9999086856842041,465.12067222595215,148.06706273555756,0.9998644590377808,402.64118337631226,144.32402646541595,0.9995732307434082,495.01262855529785,106.7489649951458,0.9969311952590942,371.0681848526001,95.30607381463051,0.9789908528327942,471.1379728317261,59.109774723649025,0.994255781173706,394.5595598220825,46.30487744510174,0.9752325415611267,449.8197183609009,256.7577406167984,0.9997705817222595,410.8989806175232,255.3174055814743,0.9996809959411621,440.14318084716797,341.8227528333664,0.9891777038574219,408.7631621360779,342.8192547559738,0.9899804592132568,434.2581558227539,408.9369692802429,0.9876149892807007,404.23736095428467,408.70479595661163,0.9767126441001892
638,24.11599998595193,156.39048447394651,158.4002057982543,122.77719437556406,131.9252714993258,178.12221783933146,174.69360821808849,178.44613451265965,179.39492861179895,432.8706521987915,115.23038557171822,0.9999707937240601,440.9649877548218,109.73076394200325,0.9999154806137085,426.46339893341064,109.10823515057564,0.9998951554298401,446.5350179672241,113.24403437972069,0.9998186230659485,420.7687759399414,112.01359981298447,0.9999145269393921,463.8974390029907,146.48083943128586,0.9998494982719421,401.1586809158325,143.83635991811752,0.9995743036270142,491.0217170715332,102.29236400127411,0.9970661401748657,375.60705184936523,91.71829223632812,0.9808797240257263,469.00832080841064,56.5107953697443,0.993939995765686,395.60497665405273,42.116198882460594,0.977048933506012,448.60361194610596,256.22757971286774,0.9997657537460327,409.95450162887573,255.16879642009735,0.9996759295463562,439.61650466918945,340.94309258461,0.9895098805427551,408.7639708518982,341.6043121814728,0.9900080561637878,434.25759983062744,409.0078549385071,0.987784743309021,407.0892972946167,410.41317451000214,0.9778758883476257
639,30.235600017476827,159.14621911014672,163.676090529383,128.15855842458316,140.86851222803563,177.57065306675153,175.1765723398329,178.10244113102362,179.88364427714862,430.8696870803833,115.92318034172058,0.9999698996543884,438.6417999267578,109.97290912270546,0.9999150037765503,424.36852169036865,109.74369886517525,0.9998965263366699,444.8110885620117,113.51521903276443,0.9998262524604797,419.3077802658081,112.04409232735634,0.9999151825904846,462.5353088378906,146.50378894805908,0.9998020529747009,399.9269814491272,144.02240628004074,0.9995210766792297,487.6901111602783,100.98095083236694,0.9971376061439514,380.08625078201294,91.9984515607357,0.982490599155426,467.8725805282593,54.10618531703949,0.993571400642395,397.123113155365,40.350108206272125,0.9785924553871155,446.98683738708496,256.1621358394623,0.9997462630271912,408.7933120727539,255.3928782939911,0.9996528625488281,438.7240867614746,339.8182386159897,0.9894970655441284,408.39064741134644,340.3228145837784,0.9898465871810913,434.1773347854614,409.31325018405914,0.9876725673675537,408.1971368789673,411.7204849720001,0.9787007570266724
640,28.57399999629706,160.62401584425373,168.09906039546482,132.19722569856893,148.81887187657088,177.51763872053252,175.4320544285614,177.78070591574578,179.42306459341071,428.4789209365845,116.83666655421257,0.9999657273292542,436.4070653915405,110.29339036345482,0.9999061822891235,422.1080093383789,110.43026122450829,0.9998870491981506,442.9144477844238,113.63933303952217,0.9998220205307007,417.55274057388306,112.22883522510529,0.9999046921730042,461.00688648223877,146.19961881637573,0.9997586607933044,398.4929008483887,143.78395068645477,0.9994444251060486,484.733850479126,100.11998069286346,0.9972179532051086,383.24132919311523,92.17094331979752,0.9839035272598267,467.14468574523926,53.221122458577156,0.993342936038971,397.0317029953003,39.6753161996603,0.9799662828445435,445.8278970718384,256.03215980529785,0.9997258186340332,407.3973422050476,255.396382689476,0.9996227025985718,437.97071743011475,339.3675676584244,0.9894812703132629,407.38763761520386,340.30412447452545,0.9897539019584656,434.0777111053467,409.72953248023987,0.9875832200050354,408.0846495628357,410.31718826293945,0.9794282913208008
641,34.40720000071451,160.49142799991532,170.24144722546592,133.57742920020627,152.44441909037474,176.38554032631671,176.15425111381273,178.60677562424297,179.65647473201727,426.3415355682373,116.90327143669128,0.999958336353302,434.532057762146,110.33630496263504,0.9998892545700073,419.8349618911743,110.46685081720352,0.9998651742935181,441.0985269546509,113.66022408008575,0.9998040199279785,415.3110308647156,112.31128823757172,0.9998746514320374,459.7454414367676,145.65534061193466,0.9997151494026184,397.0791139602661,144.0209389925003,0.9993131160736084,483.8251066207886,99.53124225139618,0.9973034858703613,383.9066495895386,92.06067594885826,0.9850720763206482,467.7867555618286,52.56724286079407,0.9931725859642029,396.71410512924194,38.00858795642853,0.9810387492179871,444.17498302459717,255.62584936618805,0.9997090697288513,405.7761197090149,255.350825548172,0.9995875954627991,437.7015161514282,338.91330683231354,0.9894736409187317,406.6922936439514,339.8659895658493,0.9897109866142273,433.9252681732178,409.758935213089,0.9875756502151489,407.8664479255676,409.60186421871185,0.980127215385437
642,38.93949999473989,159.7499659823207,173.29414057300335,134.30531277635154,157.0773768006724,175.45798164026587,176.47528316592323,179.22010953356337,179.70420306158738,425.2576541900635,116.72623535990715,0.9999489188194275,433.3879270553589,110.111617654562,0.9998651742935181,418.7261619567871,110.36311501264572,0.9998390078544617,439.76914978027344,113.45895639061928,0.9997767210006714,413.8964352607727,112.2667852640152,0.99984210729599,457.9720287322998,145.3510707616806,0.9996784329414368,395.5078549385071,143.9419761300087,0.9992210865020752,482.8116846084595,99.27345550060272,0.9972834587097168,384.94137620925903,91.08874040842056,0.9861770868301392,468.05777645111084,52.09656408429146,0.9927151203155518,396.24578285217285,36.10097526013851,0.982033908367157,442.41309452056885,254.97123968601227,0.9996970891952515,404.46498918533325,255.2752958536148,0.9995614886283875,437.248685836792,338.53973257541656,0.9893895387649536,406.04607915878296,339.5340976715088,0.9895106554031372,433.8107843399048,409.9462066888809,0.9872484803199768,407.6908049583435,408.2657208442688,0.980354368686676
643,28.762699977960438,157.91350541505912,175.53355783017588,134.73575067856416,159.9868520148103,175.59704666959587,176.30330689867225,178.91296211413103,179.22840933639625,422.951575756073,116.75697004795074,0.9999388456344604,431.52206802368164,110.10450914502144,0.9998436570167542,416.76313066482544,110.36958247423172,0.9998109936714172,438.18573474884033,113.4472893178463,0.9997515082359314,412.272255897522,112.31581118702888,0.9998024702072144,455.7207155227661,145.34911912679672,0.999638020992279,393.8787727355957,143.9495262503624,0.9990944862365723,481.7431182861328,99.71344232559204,0.9972925782203674,385.14105319976807,90.94964012503624,0.987099826335907,468.24054622650146,51.259854048490524,0.9922856688499451,395.8665962219238,33.92123058438301,0.9828937649726868,441.1338577270508,254.5825936794281,0.999679684638977,403.4091601371765,255.22392654418945,0.9995247721672058,436.4298610687256,338.63469314575195,0.9889436364173889,405.1884865760803,340.26680123806,0.9890313744544983,433.75725746154785,410.96233892440796,0.9865199327468872,407.56914377212524,409.47194516658783,0.9802209138870239
644,29.889099998399615,157.03367007550742,176.46743051138512,134.330917447997,161.10668028691353,174.89357482273692,177.09285766365767,178.921390660502,179.0432085016124,420.9235944747925,116.77115857601166,0.9999295473098755,429.5812005996704,110.0699851512909,0.9998257160186768,414.89949560165405,110.38761729001999,0.9997827410697937,436.44552993774414,113.30972754955292,0.9997323751449585,410.72770977020264,112.36215895414352,0.9997567534446716,454.23596382141113,145.07188725471497,0.9996108412742615,392.7588276863098,143.87151783704758,0.9989705085754395,481.5880470275879,98.96048876643181,0.9973721504211426,384.87501096725464,88.67143404483795,0.9878242015838623,468.5808639526367,50.39588522911072,0.9920548796653748,395.6042184829712,32.24055242538452,0.9835584163665771,439.45092010498047,254.29540419578552,0.9996703267097473,401.70858240127563,255.2136982679367,0.9994977712631226,435.61952781677246,338.58605897426605,0.9884414672851562,404.2223744392395,340.49199426174164,0.9885722398757935,433.6784076690674,411.54882657527924,0.9860543012619019,407.46729612350464,410.7269176244736,0.9802737236022949
645,39.48350000428036,154.61257623844782,177.48210498623715,132.42716762116166,160.7794815340935,174.556147438359,176.98078428572407,178.88697380203098,179.26768829490325,419.56250047683716,116.71878495812416,0.9999252557754517,428.0075912475586,110.0138293504715,0.9998185038566589,413.33432722091675,110.3731794655323,0.9997703433036804,434.95198345184326,113.22806516289711,0.9997216463088989,409.11707639694214,112.3943680524826,0.9997270703315735,452.48297119140625,145.25437223911285,0.9995749592781067,391.0609540939331,143.90572130680084,0.9988452196121216,481.51394844055176,100.36067283153534,0.9974533319473267,383.95615816116333,90.5516348183155,0.9885139465332031,468.66390895843506,51.32234553992748,0.991930365562439,395.4747734069824,34.61309227347374,0.9841416478157043,438.1242723464966,254.2941505908966,0.9996598958969116,400.9324679374695,255.23438274860382,0.999472439289093,435.0987148284912,338.49622678756714,0.9881635904312134,403.97859716415405,340.4200829267502,0.988232433795929,433.8839225769043,412.15494453907013,0.9859192371368408,407.47839069366455,412.4874062538147,0.9806618690490723
646,32.911500020418316,152.0584914952059,178.73848614911202,131.55451476082558,159.70563083220958,174.92622565960832,176.852843715999,178.37170156794136,179.70643780507822,418.485493183136,116.55418521165848,0.9999250769615173,426.68665504455566,109.87060499191284,0.9998198747634888,412.0061378479004,110.27901664376259,0.9997698068618774,433.5994062423706,113.10670766234398,0.9997242093086243,407.75226736068726,112.40267318487167,0.9997210502624512,451.38246059417725,145.33766573667526,0.9995641708374023,388.6531038284302,143.99575293064117,0.9987780451774597,481.82767963409424,102.0610454082489,0.9975377917289734,382.2455220222473,92.01043203473091,0.9892498850822449,470.15209770202637,52.74289712309837,0.9919314384460449,395.4171018600464,36.14997625350952,0.9846971035003662,437.6433391571045,254.32375276088715,0.9996513724327087,399.91707468032837,255.56180155277252,0.9994460940361023,434.5360507965088,338.613894701004,0.988194465637207,403.84159564971924,341.390629529953,0.9880763292312622,433.9132890701294,412.50113892555237,0.9860930442810059,407.48599767684937,413.04540288448334,0.9812741279602051
647,26.428600016515702,149.0837827046041,176.99591832408433,129.5566173768531,152.59741315828043,175.67868763251883,176.70676659835416,177.47751164897508,179.63803176146703,416.4110107421875,115.82728669047356,0.9999246597290039,424.82817554473877,109.1986514031887,0.9998186230659485,410.0134620666504,109.31519392132759,0.9997678399085999,431.70468616485596,112.7470655143261,0.9997266530990601,405.85582876205444,111.86838108301163,0.999719500541687,449.8288164138794,145.36578637361526,0.9995592832565308,385.86270570755005,144.0445438027382,0.9987607002258301,482.21687412261963,103.22727546095848,0.9975898265838623,377.3962092399597,93.16820737719536,0.9899117946624756,471.0306158065796,54.374389097094536,0.9918622374534607,395.2492427825928,38.07303464412689,0.9851136803627014,437.1099910736084,254.78949546813965,0.9996467232704163,398.5343222618103,256.2347309589386,0.9994302988052368,433.6909427642822,339.5955812931061,0.9886685013771057,403.30359745025635,342.8720771074295,0.9883232712745667,433.96327781677246,412.5784350633621,0.9865546226501465,407.603741645813,412.9210395812988,0.9821910262107849
648,29.216700000688434,140.28478013325633,171.25964860639056,123.9983040692187,139.0579609279714,175.8015543722405,176.308172973456,177.36333677065866,177.80568393587538,414.4596300125122,115.27091404795647,0.9999238848686218,423.0343933105469,108.7982172369957,0.9998120069503784,407.8168635368347,108.80606651306152,0.9997594356536865,429.9297571182251,112.70209956169128,0.9997244477272034,403.8846344947815,111.69323253631592,0.9997153878211975,447.93687629699707,146.00206208229065,0.9995620250701904,383.17642974853516,144.07729423046112,0.9987930655479431,482.4718723297119,112.47400045394897,0.9976247549057007,370.06957244873047,97.19089725613594,0.9905577898025513,472.783709526062,58.380938813090324,0.9917576313018799,395.2027163505554,44.078841984272,0.9854742288589478,436.1776428222656,255.45091450214386,0.9996310472488403,396.8156747817993,257.15464901924133,0.9994044899940491,433.33621978759766,339.601336479187,0.9892939329147339,401.6794180870056,344.5351549386978,0.9887339472770691,434.2256050109863,412.1101281642914,0.9871026277542114,408.0587201118469,412.27087450027466,0.9831896424293518
649,31.523799989372492,129.40537233264115,165.8180742330041,114.88391867600568,128.84527335005347,175.69553717995657,176.98674509307514,177.3476702174968,177.81361599466294,412.25107765197754,115.2928236424923,0.9999184608459473,420.54610109329224,108.75813749432564,0.9997937679290771,405.52021169662476,108.83790522813797,0.999731719493866,427.3788652420044,112.71230646967888,0.9997097253799438,401.3929557800293,111.73942360281944,0.9996885061264038,446.1495637893677,147.04986208677292,0.9995547533035278,380.4976849555969,144.64395213127136,0.9987937808036804,482.5308074951172,122.89094424247742,0.9976240992546082,364.83129262924194,104.3598789870739,0.9910308718681335,473.634428024292,64.76762479543686,0.9915554523468018,395.0844416618347,51.756053656339645,0.9851576089859009,435.02299880981445,256.22353398799896,0.9996089935302734,394.51904821395874,257.71244621276855,0.9993681311607361,432.81783294677734,339.61159324645996,0.989801287651062,400.6505799293518,344.18764996528625,0.9890071153640747,434.25077629089355,411.77823626995087,0.9874592423439026,408.0901589393616,412.20397758483887,0.9839747548103333
650,24.524700012989342,115.33943833755083,155.64202268980205,101.87327782299855,114.80198072283262,176.16052628612397,177.78916656591022,177.1930712701959,178.5760966331319,410.0028729438782,115.9780184328556,0.9999164342880249,418.09091567993164,109.0883341729641,0.9997854232788086,403.82698822021484,109.37108618021011,0.9997158646583557,425.19331073760986,113.08776113390923,0.999709963798523,399.68914318084717,112.28120884299278,0.9996815919876099,444.055495262146,148.1451993584633,0.9995594620704651,378.8026165962219,145.38318014144897,0.9988213181495667,482.7509298324585,133.91055858135223,0.9976550340652466,359.7738871574402,114.3976998925209,0.9914680123329163,474.3246669769287,76.31567633152008,0.9912739396095276,395.57940101623535,60.59412482380867,0.9842514991760254,434.26952838897705,256.87936878204346,0.9995847940444946,393.1052613258362,258.65048456192017,0.9993389248847961,432.39012336730957,339.4918454885483,0.9903354048728943,400.5424394607544,343.8975828886032,0.9893491268157959,434.19209384918213,408.1371693611145,0.9878198504447937,408.1733808517456,411.8228816986084,0.98478764295578
651,25.41970001766458,93.7116383163423,135.61036275570808,82.06533852932637,90.85133530034666,176.40914387165913,177.23445953180357,176.7440897846398,178.57267648634283,410.4025049209595,116.31836503744125,0.9999213814735413,417.81764554977417,109.39543887972832,0.9997981786727905,403.8847608566284,109.38157087564468,0.9997332692146301,424.7227897644043,113.19661819934845,0.99973064661026,398.52747344970703,112.23246783018112,0.9997035264968872,442.8026933670044,149.06360739469528,0.9995763301849365,376.7309899330139,146.4089850783348,0.9988764524459839,482.7782745361328,149.88692665100098,0.9976775050163269,353.9373598098755,128.8401684165001,0.9920550584793091,475.9678764343262,92.38734686374664,0.9915012717247009,387.9693851470947,83.30371871590614,0.9847912192344666,433.56316566467285,257.0260120630264,0.9995559453964233,392.5410051345825,259.10092759132385,0.9993317127227783,431.77656078338623,335.71516132354736,0.9906222224235535,400.2659091949463,343.6466054916382,0.989459216594696,434.0025510787964,400.9190548658371,0.9875673055648804,408.19372510910034,411.6664090156555,0.985292375087738
652,31.053399958182126,77.2065998568728,104.00972221855821,67.60826247209782,59.926652976849454,176.5524676872695,176.9808238076317,177.18172752076333,178.86000510187685,410.09582471847534,116.73131388425827,0.9999247789382935,416.828586101532,109.51163950562477,0.9998065829277039,403.1751379966736,109.79683461785316,0.9997479915618896,422.71543073654175,112.35025683045387,0.9997468590736389,396.9532070159912,112.24884304404259,0.9997192025184631,440.50568771362305,150.2255281805992,0.9995946884155273,376.3823575973511,147.6373611688614,0.9989382028579712,481.60422134399414,162.80593758821487,0.9974551796913147,350.89997482299805,145.0798220038414,0.9924021363258362,476.2853479385376,106.24522238969803,0.9917497634887695,381.89623260498047,102.10979354381561,0.9854289293289185,432.653208732605,256.4922043085098,0.9995307326316833,392.5921564102173,259.0451706647873,0.9993335604667664,431.6294755935669,331.82166397571564,0.9906235337257385,400.3624243736267,343.4588496685028,0.9890635013580322,433.76923656463623,391.9037837982178,0.9861589074134827,407.8073105812073,409.83942234516144,0.9852917194366455
653,25.663300009910017,64.92951382830744,83.40167522866719,57.951652174757065,34.835614853396685,177.14118039723996,176.0394929418011,177.19077311905434,179.38474545036635,409.8712797164917,118.13070020079613,0.9999293684959412,416.68347215652466,111.07156559824944,0.999817967414856,403.2309899330139,110.87507727742195,0.9997621774673462,422.0691909790039,112.89066737890244,0.9997648596763611,396.0570993423462,112.74464377760887,0.9997317790985107,439.54670238494873,151.91372084617615,0.99962317943573,375.7644987106323,148.74465042352676,0.9989834427833557,479.0864362716675,173.66620165109634,0.9974434971809387,344.5595922470093,157.41513741016388,0.9926261901855469,476.23414611816406,123.14437186717987,0.9920616149902344,376.486328125,118.87179437279701,0.9844135046005249,432.7656707763672,255.46732532978058,0.999485194683075,393.06414318084717,258.8410040140152,0.9992775917053223,431.6765832901001,325.7520509958267,0.9906734824180603,400.42075300216675,343.4466840028763,0.9876147508621216,433.57413387298584,382.313108086586,0.9844732284545898,406.81847858428955,408.8753716945648,0.9848402142524719
654,25.090499955695122,54.01171556401638,65.27659408322484,49.33451288666667,4.3246437122122465,176.80731110306408,175.43647300059095,177.73651210782268,179.59923581736297,410.09180641174316,118.69274967908859,0.999934732913971,416.5567059516907,111.78087091445923,0.9998334646224976,403.2767581939697,111.6135645210743,0.9997798204421997,421.2174868583679,113.6304937005043,0.9997864961624146,395.6607780456543,113.91924306750298,0.9997479319572449,439.0177516937256,153.75746023654938,0.9996564984321594,374.5383086204529,149.0679807662964,0.9989832639694214,475.5018033981323,184.12940061092377,0.9971588850021362,344.49790239334106,169.5478816628456,0.9909061193466187,474.81727600097656,140.0185204744339,0.9920384883880615,372.75589895248413,146.98282271623611,0.978647768497467,432.3351812362671,254.68433511257172,0.9994974136352539,393.01857709884644,258.78852355480194,0.9992441534996033,431.73107051849365,312.8113726377487,0.9911888241767883,400.4437508583069,343.7083740234375,0.9857935905456543,433.4508047103882,371.8661917448044,0.9843794107437134,405.6614336967468,408.6101772785187,0.9847261905670166
655,32.441999996080995,42.97481296301567,52.441614567902555,38.65608268313635,10.209600586800807,173.16181936075708,175.46407259706984,176.66967345131073,178.4064557787621,409.86971282958984,119.46242746710777,0.9999387264251709,416.3863196372986,112.60889118909836,0.9998453855514526,402.9736919403076,112.67303159832954,0.9997941255569458,420.7538652420044,114.43904748558998,0.9998038411140442,395.3352699279785,114.80190911889076,0.9997601509094238,437.8000783920288,154.47274154424667,0.999683678150177,374.35783863067627,151.18551886081696,0.9990571141242981,469.5304479598999,193.40129029750824,0.9966588616371155,342.87468338012695,185.23056429624557,0.991308331489563,469.21019649505615,158.59338355064392,0.9918320178985596,374.7195620536804,161.2081896662712,0.9788782000541687,431.17664527893066,254.4150664806366,0.9995082020759583,392.7026472091675,258.7273248434067,0.9992378354072571,433.27864933013916,293.909233212471,0.9917259216308594,400.3413472175598,343.57161712646484,0.9851476550102234,432.9472780227661,360.8229013681412,0.9843801259994507,404.4101986885071,409.13820135593414,0.9848648905754089
656,22.852699970826507,38.464125941506225,44.524573680982016,32.14318588350787,18.846879142096977,166.7834937283982,174.9113578392366,170.18672145364195,177.70729577980015,408.93655586242676,119.99892050027847,0.9999409914016724,415.7039403915405,113.36103987693787,0.9998541474342346,402.0690927505493,113.27371490001678,0.9998056292533875,420.15890312194824,115.20816969871521,0.9998175501823425,394.4561200141907,115.53471240401268,0.9997678399085999,438.7027063369751,157.50269031524658,0.999703586101532,372.25323152542114,154.85925072431564,0.9991327524185181,467.02974700927734,200.34683120250702,0.9957680702209473,344.2125520706177,196.62544810771942,0.9918014407157898,466.54664039611816,179.50864148139954,0.9907538294792175,375.42688512802124,172.86647295951843,0.9799642562866211,430.23570442199707,254.42028033733368,0.9995276927947998,391.80785369873047,258.8640247583389,0.9992582201957703,434.46281147003174,283.6688197851181,0.9922892451286316,400.09226274490356,343.97279918193817,0.9850077629089355,432.5196695327759,353.68880689144135,0.984715461730957,403.88852643966675,410.4805557727814,0.9850741624832153
657,29.877399967517704,34.0310957939099,39.46411283317512,8.363418658170156,36.143641148728264,161.57867468406772,174.77739270611514,165.12213354655026,177.59356160261927,408.71575117111206,121.27013283967972,0.9999446272850037,415.18332958221436,114.59799888730049,0.9998648166656494,401.79579734802246,114.60498631000519,0.9998190999031067,419.40624141693115,116.35748320817947,0.9998323917388916,394.3620309829712,116.84026354551315,0.999779462814331,438.79636573791504,160.03534257411957,0.9997285008430481,372.02181243896484,157.4230436682701,0.9992072582244873,464.22618198394775,206.4528557062149,0.9949886798858643,346.55029678344727,204.18848913908005,0.9920838475227356,458.9592685699463,192.25468343496323,0.9904539585113525,376.835364818573,189.88524198532104,0.9810250401496887,429.9984474182129,254.6051585674286,0.9995545148849487,391.7456078529358,259.95793747901917,0.9992862939834595,434.5672369003296,274.22851967811584,0.9927868247032166,400.1200876235962,344.3675707578659,0.9843166470527649,432.2372760772705,349.5616546869278,0.9848312735557556,403.91824674606323,411.06051898002625,0.9847899079322815
658,33.723299973644316,29.94629537981595,37.07736939585147,2.4042776231791043,47.289720836021026,154.0708009319639,174.82896260444613,157.6024468689845,177.14382784135566,408.4432897567749,122.75881713628769,0.9999483227729797,414.8778877258301,116.25695976614952,0.9998753070831299,401.5397882461548,116.33746826648712,0.9998325705528259,419.120183467865,118.0255968272686,0.9998462200164795,394.21929264068604,118.51432466506958,0.9997929930686951,438.6988649368286,161.10691833496094,0.9997496008872986,371.4010977745056,160.931313931942,0.9992763996124268,461.00279235839844,211.15558350086212,0.9938520789146423,347.77906465530396,209.77084869146347,0.9923460483551025,455.197021484375,196.50354927778244,0.9897149205207825,377.021445274353,200.8870067000389,0.981799304485321,428.99104022979736,254.62612795829773,0.9995761513710022,391.1548409461975,260.096403837204,0.999311625957489,434.54656410217285,269.8874853849411,0.9931677579879761,400.1769757270813,344.59056997299194,0.9836404323577881,431.3814525604248,345.5703476667404,0.9844892621040344,404.0022015571594,412.19101417064667,0.984176516532898
659,27.868499979376793,23.133190226179277,35.542600662315984,0.35525390184593236,65.83296918441887,140.5348593881263,174.3385854871805,143.47254590984866,177.42885550863843,408.27353525161743,123.31527525186539,0.999950110912323,414.4078469276428,116.80521246790886,0.9998822212219238,401.39919805526733,116.8818746805191,0.9998415112495422,418.57146978378296,118.70063456892967,0.9998552203178406,393.9453148841858,119.31583404541016,0.9997991919517517,438.36966705322266,161.71984565258026,0.9997605085372925,370.9044451713562,163.02752649784088,0.9993376135826111,454.68747997283936,213.8360756635666,0.9885364770889282,348.4311170578003,214.00283360481262,0.9920236468315125,453.4730920791626,209.87149322032928,0.984683632850647,381.3039746284485,213.78714233636856,0.9811411499977112,428.98957443237305,254.912291765213,0.9995871186256409,391.24304151535034,260.79622876644135,0.9993270039558411,433.57625675201416,261.78518056869507,0.9929747581481934,400.26363468170166,345.3424479961395,0.979646623134613,429.603440284729,342.7273997068405,0.9823220372200012,404.4071407318115,412.72254264354706,0.9801874160766602
660,26.80809999583289,19.949880080737973,32.25276982621769,170.71645645319745,86.63089580446153,30.167470449630972,174.05274966536078,34.56918495989152,177.76271830968275,408.3623676300049,124.00606852769852,0.9999529123306274,414.2628593444824,117.45528495311737,0.9998903870582581,401.4994788169861,117.2053973376751,0.9998520016670227,418.6702342033386,119.35594940185547,0.9998648762702942,393.9053339958191,119.89794832468033,0.9998098611831665,438.617639541626,162.2498641014099,0.9997695088386536,370.3557062149048,164.11643904447556,0.9993951320648193,452.3339653015137,216.67984986305237,0.9811881184577942,351.13291025161743,216.50686663389206,0.9913787245750427,452.5462532043457,219.176318526268,0.9779740571975708,381.3312940597534,225.61262518167496,0.9796730279922485,429.16425704956055,255.22198915481567,0.9996013641357422,391.2708158493042,261.6438081264496,0.9993503093719482,431.2968912124634,252.28379571437836,0.992706835269928,400.2887554168701,345.2435841560364,0.974961519241333,429.1674919128418,339.15553748607635,0.979872465133667,404.96846532821655,413.54670238494873,0.9755167961120605
661,28.064099955372512,17.330532049205157,28.84075846732692,178.40891890293727,111.59186633495362,1.473555288039064,174.08708392799733,4.605103739230036,177.84448374426086,408.2848320007324,124.59628850221634,0.9999533891677856,414.0773854255676,117.88303488492966,0.9998917579650879,401.48209142684937,117.65053391456604,0.9998564720153809,418.7955346107483,119.72650361061096,0.9998666644096375,393.8595151901245,120.42689836025238,0.999810516834259,438.7720537185669,162.5208991765976,0.9997544288635254,370.57987213134766,164.12384670972824,0.9994397759437561,447.42561626434326,206.87365382909775,0.9622548818588257,354.860230922699,216.1095451116562,0.9906139969825745,452.34397315979004,228.82091349363327,0.9491159915924072,380.41105127334595,236.37274330854416,0.9769294261932373,428.5754613876343,255.02286541461945,0.9996141195297241,391.3569440841675,261.7358626127243,0.9993771910667419,429.1592025756836,248.09567272663116,0.9926305413246155,400.2850151062012,345.23147547245026,0.9717141389846802,428.83829402923584,334.93923687934875,0.9775110483169556,405.04311990737915,414.1772656440735,0.9736523628234863
662,29.654700017999858,16.792185358861968,26.529723931349253,178.31189760382395,132.39421553811405,4.824504773971022,174.87518085791345,1.7394191014058618,177.51161975967997,408.22058963775635,125.3349324464798,0.9999553561210632,413.9843325614929,118.48125371336937,0.9998961091041565,401.46119117736816,118.50345534086227,0.9998626112937927,418.87772035598755,119.99421948194504,0.9998723864555359,393.7728056907654,120.96154659986496,0.999812662601471,438.884970664978,162.12042939662933,0.9997641444206238,370.9051022529602,163.67150902748108,0.9994856119155884,445.98519229888916,201.95534873008728,0.9539719820022583,357.63033533096313,213.31520283222198,0.9901339411735535,451.3702793121338,227.74482190608978,0.9372612833976746,377.41291427612305,244.20664846897125,0.9750093221664429,428.04448890686035,254.59809279441833,0.9996289610862732,390.82119512557983,261.0485167503357,0.9994016289710999,428.2029972076416,249.72062957286835,0.9926276803016663,400.2945680618286,345.0525803565979,0.9690203070640564,428.0200252532959,335.7003744840622,0.9765896797180176,405.0813822746277,414.4498392343521,0.9718774557113647
663,26.87950001563877,17.56437694833721,24.46909993324491,179.8535987362787,150.84659855463389,43.464775780057494,174.6839331466057,37.172703814277014,177.94900420368276,408.0367331504822,126.01546895503998,0.999957263469696,413.80861377716064,119.02023258805275,0.9998990893363953,401.3055639266968,119.30057710409164,0.9998676180839539,418.85098218917847,120.19676214456558,0.9998750686645508,393.65988874435425,121.44196218252182,0.9998102784156799,438.9034194946289,161.7190906405449,0.9997787475585938,371.1212568283081,163.51693099737167,0.9995301961898804,446.23220443725586,199.99204677343369,0.9518759250640869,359.9402804374695,212.5785817503929,0.9901138544082642,452.25102138519287,230.99490654468536,0.9354754090309143,371.38115787506104,251.66494226455688,0.9746524691581726,428.16690826416016,252.78290140628815,0.9996423125267029,390.91525888442993,259.6828281879425,0.9994210600852966,427.9934892654419,252.55058562755585,0.9926435947418213,400.31139945983887,344.5910543203354,0.9657484889030457,427.3367614746094,339.6272633075714,0.9760143160820007,405.5292339324951,414.5775074958801,0.9692567586898804
664,32.578399986959994,16.37757621442712,22.000049161296378,176.9188238795376,166.0047545853184,178.35644779143485,174.8294747688221,172.17298703559717,177.80808490361335,407.7841863632202,126.54900604486465,0.9999575018882751,413.646466255188,119.42500451207161,0.9998956918716431,401.06226682662964,119.78408396244049,0.9998660087585449,418.8728427886963,120.29799073934555,0.9998658299446106,393.53264236450195,121.5401137471199,0.9997907876968384,438.9626579284668,161.49082058668137,0.9997900724411011,371.2783246040344,163.47987842559814,0.9995709657669067,445.8679790496826,201.56349748373032,0.948733389377594,361.93682289123535,214.5178657770157,0.9901193380355835,453.1235246658325,233.34900557994843,0.9323330521583557,364.9685468673706,262.39659786224365,0.9744275212287903,428.45294094085693,252.31821286678314,0.9996519684791565,391.01495838165283,259.39139354228973,0.9994353652000427,427.8604555130005,256.4075574874878,0.9927598834037781,400.6337990760803,344.37580466270447,0.9635464549064636,427.23910903930664,341.79317915439606,0.9755110740661621,405.888708114624,414.83047926425934,0.9674203395843506
665,24.914000008720905,17.353345011463663,20.9777477727253,179.43605085874424,176.04625805338205,177.89652371436284,174.92565637068066,176.1529975807204,177.49516017640042,407.78299856185913,126.88155323266983,0.9999598264694214,413.62331676483154,119.65076023340225,0.9998996257781982,401.1059374809265,120.10889583826065,0.9998726844787598,418.8715286254883,120.2823919057846,0.9998684525489807,393.57593393325806,121.53940147161484,0.9997945427894592,438.9875259399414,161.32007390260696,0.9998036026954651,371.37018966674805,163.86372369527817,0.999609649181366,446.96661949157715,202.73603117465973,0.9488242268562317,362.5549850463867,217.52379661798477,0.9905722141265869,453.41375255584717,234.51326262950897,0.9325836300849915,357.88925075531006,267.1092975139618,0.9753532409667969,428.69080448150635,252.42129337787628,0.9996662735939026,391.0702795982361,259.4234744310379,0.9994582533836365,428.080527305603,260.4533108472824,0.9928514957427979,400.852632522583,344.3038648366928,0.9620327353477478,427.355917930603,343.8163834810257,0.9750531315803528,405.87061309814453,414.83617746829987,0.9658490419387817
666,22.980900015681982,18.41998446498417,20.829499908439104,177.86443714966154,177.54682965305628,179.40086350814676,174.90314759626833,173.13103806431155,177.18051855703715,407.81597900390625,126.911525785923,0.9999628067016602,413.62564182281494,119.7344810962677,0.9999064207077026,401.147611618042,120.18626320362091,0.9998811483383179,418.88616132736206,120.23163515329361,0.9998769760131836,393.6244316101074,121.46803146600723,0.9998037815093994,439.06157398223877,161.29206722974777,0.9998199343681335,371.44582986831665,163.9495244026184,0.999645471572876,448.04640674591064,202.69286727905273,0.9504387974739075,362.576087474823,218.93585431575775,0.9909540414810181,453.93785095214844,235.73739355802536,0.9342815279960632,352.677405834198,267.0880147218704,0.9762251377105713,429.199688911438,252.435453414917,0.9996891617774963,391.16570806503296,259.45726478099823,0.9994926452636719,428.13122367858887,261.4297550916672,0.9931718111038208,400.87694454193115,343.78467297554016,0.9627307057380676,428.267391204834,344.128559589386,0.9755969047546387,405.5061855316162,414.41656172275543,0.9665412902832031
667,28.688899998087436,19.215498697013068,21.04949721436806,176.85555043507028,171.7441323263766,178.40312657997825,174.80697617394864,175.01321933733408,176.45335459281813,407.8273010253906,126.9557296037674,0.9999651312828064,413.56258726119995,119.80741810798645,0.9999114274978638,401.1807942390442,120.30125296115875,0.9998879432678223,418.8967504501343,120.21042358875275,0.9998829960823059,393.6658024787903,121.55019956827164,0.9998082518577576,439.22584438323975,160.89286530017853,0.9998337030410767,371.4608163833618,164.14665377140045,0.9996769428253174,448.9300298690796,202.220343708992,0.9525086879730225,362.4919810295105,219.35262095928192,0.9913319945335388,455.24109649658203,237.75863200426102,0.9359490275382996,347.37746143341064,267.3376530408859,0.9771366715431213,429.6769828796387,251.72653985023499,0.9997004866600037,391.31286907196045,258.99303209781647,0.9995095729827881,428.2797746658325,269.8671427965164,0.9931989312171936,400.88442516326904,341.35564255714417,0.9613205790519714,429.07878589630127,348.4573142528534,0.9749674201011658,404.79378271102905,413.95990765094757,0.9650447368621826
668,26.561299979221076,19.44118640107099,21.691727020545525,178.34397979695387,167.4424837547453,177.31633089993778,174.5295787800939,174.8052296369764,175.87290560788628,407.8429193496704,127.46564763784409,0.9999676942825317,413.5764870643616,120.24256145954132,0.9999167919158936,401.19166135787964,120.66724860668182,0.9998950958251953,418.91982412338257,120.42644250392914,0.9998904466629028,393.69077157974243,121.75416678190231,0.9998162388801575,439.4905471801758,160.7218621969223,0.9998486638069153,371.47671270370483,164.32928121089935,0.9997061491012573,449.47889518737793,201.92982077598572,0.9556752443313599,362.1110758781433,219.08912175893784,0.9917891621589661,457.25414180755615,238.60686665773392,0.9390055537223816,342.48068714141846,267.0412039756775,0.9781882762908936,430.28832149505615,251.06343984603882,0.9997193813323975,391.42502784729004,258.28941786289215,0.999536395072937,428.30312633514404,287.33866262435913,0.9934252500534058,400.8007483482361,340.3771469593048,0.9608551859855652,430.71729469299316,354.38025546073914,0.9748204946517944,403.85653162002563,413.6294972896576,0.965096116065979
669,26.54120000079274,18.963317896591736,22.23399157216904,179.17037538020764,164.96928899227547,176.82499152283035,174.52904486158258,172.8839772784089,175.55081207297616,407.85793113708496,127.81905025243759,0.9999702572822571,413.5969829559326,120.54331266880035,0.9999223351478577,401.21700954437256,120.89184331893921,0.9999024868011475,418.9431505203247,120.59291553497314,0.9998980164527893,393.7087149620056,121.82183295488358,0.9998266696929932,439.863112449646,160.5219264626503,0.9998621940612793,371.6960515975952,164.45135098695755,0.9997327327728271,449.55248832702637,201.94764190912247,0.9587346911430359,361.93419456481934,218.1648445725441,0.9922478199005127,458.9114532470703,239.5003023147583,0.9421101212501526,340.57547903060913,263.28597354888916,0.9792747497558594,430.67898178100586,250.9593906402588,0.9997349381446838,391.47147846221924,258.0211749076843,0.9995601773262024,428.37773036956787,301.17982816696167,0.9936084747314453,400.8046908378601,340.41637909412384,0.9608525037765503,433.3130702972412,363.9958893060684,0.9750716090202332,403.359929561615,413.102441906929,0.9653878211975098
670,24.97850003419444,18.90465571434928,23.7327488334402,178.38098991740296,165.13140743466582,176.47028522294607,174.6487185876885,169.13612221036192,175.40701145233785,408.1516718864441,128.72515016794205,0.9999728202819824,413.727059841156,121.2904042005539,0.9999282360076904,401.7328691482544,121.54166650772095,0.9999101758003235,419.2084345817566,121.11269146203995,0.9999058842658997,394.3567237854004,122.28830218315125,0.9998388886451721,440.6378116607666,160.46334892511368,0.9998750686645508,372.08153104782104,164.65533244609833,0.9997574090957642,450.2145233154297,201.9953928589821,0.9620518684387207,360.855140209198,217.54727321863174,0.992692768573761,460.45220851898193,241.28817081451416,0.9460126161575317,338.5920023918152,261.5218380689621,0.980466902256012,431.1752805709839,251.71879029273987,0.9997502565383911,391.53084325790405,258.1657953262329,0.9995841383934021,428.43449211120605,317.37805581092834,0.9939663410186768,400.7981958389282,340.80961215496063,0.9622268676757812,436.6884984970093,372.7815797328949,0.9764060378074646,403.06821060180664,412.8341989517212,0.9669249057769775
671,23.214700049720705,19.2224018620977,25.1719317226252,178.53466151635013,165.23200892321987,176.4146685953852,174.9551444759603,165.54433136393837,175.42234739095582,408.41503524780273,129.67941415309906,0.99997478723526,413.9241590499878,122.1030820608139,0.9999319911003113,402.24968910217285,122.23952555656433,0.9999157190322876,419.66235160827637,121.6827682852745,0.9999107122421265,395.1578326225281,122.6475739479065,0.9998471140861511,441.29615688323975,160.41790574789047,0.9998863339424133,372.51881885528564,164.56259417533875,0.9997795224189758,451.02879905700684,201.99291414022446,0.9653135538101196,359.7930688858032,216.6867589354515,0.9929762482643127,461.2720947265625,241.20269775390625,0.9501210451126099,337.08425283432007,258.5321613550186,0.9815923571586609,431.4274482727051,253.58008015155792,0.9997472763061523,391.5584406852722,258.54860067367554,0.9995993375778198,428.32450675964355,325.7625641822815,0.9939087629318237,400.8005967140198,340.85212075710297,0.9627667665481567,439.9050645828247,380.2720113992691,0.9765930771827698,403.0911831855774,412.5655001401901,0.9681602716445923
672,24.26289999857545,19.432429545944874,26.365326226710206,179.59480643872135,164.75858193266268,176.8609281833103,175.28012712223224,163.49659895334145,175.69450746418215,408.75904273986816,131.21764433383942,0.999976634979248,414.2578806877136,123.82617622613907,0.999935507774353,402.7616820335388,123.57488542795181,0.9999210834503174,420.4949245452881,122.85255259275436,0.9999145865440369,396.04901218414307,123.42322772741318,0.9998564124107361,441.9656219482422,160.39588218927383,0.9998965263366699,373.6388649940491,164.45152193307877,0.9997999668121338,451.90150451660156,201.98770028352737,0.9682939648628235,359.2928276062012,216.42013996839523,0.9932262301445007,461.62004470825195,241.433247089386,0.954093337059021,335.7968530654907,256.03329944610596,0.9826928377151489,431.9962787628174,255.29837357997894,0.99970543384552,391.9123044013977,259.05018508434296,0.9996050000190735,428.20658588409424,331.21571695804596,0.9937069416046143,400.80216360092163,340.707728266716,0.9649196267127991,442.0888500213623,388.398761510849,0.9773211479187012,403.18896198272705,412.3665758371353,0.970114529132843
673,22.741499997209758,18.8573334457802,27.975071393993666,179.50483037187894,166.5485171415241,176.2216308124179,175.64788216504243,164.8600609023119,176.0720567606853,409.47983598709106,132.02178913354874,0.9999788999557495,415.31206703186035,124.8670244216919,0.9999417066574097,403.6003203392029,124.27874183654785,0.9999287128448486,421.9321641921997,123.98243522644043,0.9999226927757263,397.4100556373596,124.05095613002777,0.9998703598976135,442.97277641296387,160.4906290769577,0.9999060034751892,375.33709239959717,163.73928916454315,0.999818742275238,452.3276472091675,202.35626012086868,0.971030056476593,359.28271865844727,213.81596100330353,0.9934939742088318,461.59735012054443,242.2188299894333,0.957890510559082,335.1614046096802,253.6024740934372,0.9838318228721619,432.43596744537354,256.5232310295105,0.9996569752693176,392.5231628417969,259.26084768772125,0.9995960593223572,429.0077199935913,335.57669496536255,0.9938432574272156,400.86898374557495,340.7544535398483,0.9676116108894348,443.32795429229736,399.3447550535202,0.9788423180580139,403.26844358444214,412.35458111763,0.97230064868927
674,25.6775000016205,17.380515020177672,29.816473021135263,177.84386760200758,167.53015660355285,174.18681315114526,176.4569221924822,169.22647151474018,176.57629106947292,410.1086630821228,133.50097167491913,0.9999809861183167,416.180627822876,126.34808737039566,0.9999473690986633,404.30875539779663,125.9487144947052,0.9999356269836426,423.6655960083008,124.89503109455109,0.9999301433563232,399.10039806365967,125.15156424045563,0.9998829960823059,444.44140434265137,160.4710699915886,0.9999147653579712,378.1621894836426,162.65016293525696,0.9998354911804199,452.4234800338745,203.28439784049988,0.9733545780181885,359.3890142440796,211.87100726366043,0.9936902523040771,461.49626064300537,243.48770606517792,0.9609840512275696,334.59972620010376,249.54164898395538,0.9847906827926636,432.8308734893799,257.5574835538864,0.9996490478515625,393.36806869506836,259.31933975219727,0.9995985627174377,431.40343952178955,338.8143005371094,0.9941686391830444,401.0636568069458,340.7879304885864,0.9702394604682922,443.02210807800293,406.31012570858,0.98043292760849,403.52404832839966,412.2279670238495,0.9742702841758728
675,31.96110000135377,16.461665659842428,30.348614463095153,179.19707230964875,166.42431583673667,173.2946319073915,176.42943798079386,172.01372382433448,178.0964428154111,411.3639416694641,134.35947734117508,0.9999828338623047,417.89634370803833,127.21683555841446,0.999952495098114,405.7575192451477,126.79613715410233,0.999941885471344,425.81991386413574,125.76430636644363,0.9999369382858276,400.9912009239197,125.77642929553986,0.9998944997787476,445.78361988067627,160.50953286886215,0.9999228119850159,380.43291187286377,161.83936548233032,0.9998505711555481,452.9925127029419,203.73492634296417,0.9755458235740662,360.66873121261597,210.51266938447952,0.9938663244247437,460.18871879577637,243.4463086128235,0.9641408324241638,334.98793506622314,246.28330194950104,0.9858119487762451,433.81452465057373,258.0838551521301,0.9996468424797058,394.5664086341858,259.33301544189453,0.9996068477630615,433.40672969818115,339.22132325172424,0.9945157170295715,401.2341694831848,340.8167918920517,0.9727159738540649,442.5988464355469,407.2227785587311,0.9818853139877319,404.6650958061218,411.6131023168564,0.9762017726898193
676,26.79329999955371,17.53361784827514,30.36713554658169,176.42032100052865,164.50067558867215,172.2707131077826,176.7258854748254,174.10363396785547,178.73920142782407,413.28325176239014,134.78088802099228,0.9999844431877136,419.88088178634644,127.61860167980194,0.9999569058418274,407.8811058998108,127.18072319030762,0.9999472498893738,427.9468870162964,126.12409096956253,0.9999427199363708,403.417272567749,126.0891182422638,0.999904453754425,447.8878479003906,160.62732899188995,0.9999299049377441,382.90204763412476,161.23344695568085,0.99986332654953,455.5262699127197,204.38644474744797,0.9776707291603088,362.5815463066101,209.4221328496933,0.9939911961555481,459.91587829589844,244.0082370042801,0.9671963453292847,335.96536922454834,243.04700696468353,0.9866558313369751,434.7658271789551,258.5544128417969,0.9996308088302612,395.83553647994995,259.43786239624023,0.9996064901351929,434.9016408920288,338.581272482872,0.9947658181190491,401.84275341033936,340.68644547462463,0.9750084280967712,442.0306730270386,406.48241090774536,0.9830812215805054,405.5033802986145,411.29594027996063,0.977999210357666
677,24.75629997206852,20.44463060508471,28.591332685434352,169.11180996015517,160.48238883853176,170.69227877527845,177.1297011948542,176.09698199825965,179.09450134281826,414.9233274459839,135.34865707159042,0.9999858736991882,421.56680154800415,128.14822125434875,0.9999608993530273,409.7098650932312,127.8320991396904,0.9999520182609558,430.0700693130493,126.50853455066681,0.9999479651451111,405.836950302124,126.50532931089401,0.999913215637207,449.9779739379883,160.84474396705627,0.9999364614486694,385.69269847869873,159.87194657325745,0.999875009059906,459.2593021392822,205.12393480539322,0.9797297120094299,366.06885528564453,208.23605167865753,0.9940603971481323,459.91304779052734,244.54258608818054,0.9701977968215942,337.08344411849976,240.8801509141922,0.9875252842903137,435.1828212738037,258.60048282146454,0.9996199011802673,397.0264210700989,259.2485395669937,0.9996083378791809,436.15702056884766,338.1737369298935,0.9949877858161926,402.12908935546875,339.54643428325653,0.9770827889442444,441.6371822357178,406.21972370147705,0.9841753840446472,405.5181646347046,410.60580229759216,0.9796544313430786
678,27.238600014243275,21.927765633212715,26.32257737577972,164.19216341178273,157.56436510672944,169.13343037155732,178.73918705198895,177.05525635624056,178.2480405782288,417.5585026741028,135.7882022857666,0.9999868869781494,424.1363191604614,128.5873818397522,0.9999635815620422,412.37549352645874,128.2417145371437,0.999954879283905,433.04108905792236,126.7959092259407,0.9999514222145081,408.5993719100952,126.83602458238602,0.9999183416366577,452.8531608581543,161.00410848855972,0.9999420642852783,388.6080937385559,158.80529975891113,0.999884307384491,462.46024990081787,206.4875292778015,0.981539249420166,370.0451340675354,206.72044336795807,0.9938329458236694,459.747766494751,246.4707728624344,0.9727632999420166,338.5750699043274,239.75264728069305,0.9879963994026184,435.6425256729126,258.6009386777878,0.9995899200439453,397.6172385215759,258.85240042209625,0.9995902180671692,436.8360891342163,337.5981043577194,0.9949971437454224,403.06239795684814,339.03963601589203,0.9787837266921997,441.3940620422363,406.0346175432205,0.985019326210022,405.70702505111694,410.053076505661,0.9809756875038147
679,25.306399969849735,23.687411392128475,24.456474393198434,158.28386633481537,158.51358735453215,167.23573908733914,179.76507890371082,178.66673989111558,176.84844058769664,419.8008189201355,135.5560004711151,0.9999877214431763,426.785924911499,128.3173581957817,0.9999657273292542,414.86944675445557,128.01663547754288,0.9999569654464722,435.3952102661133,126.68288534879684,0.999954342842102,411.0714645385742,126.75818711519241,0.999921977519989,455.74159049987793,161.06590551137924,0.999947190284729,390.4179997444153,157.8064330816269,0.9998927712440491,465.9948434829712,208.09124606847763,0.9831950664520264,372.70975160598755,205.88138282299042,0.9934099912643433,459.6455144882202,246.3778636455536,0.9750797152519226,342.9486303329468,239.27570760250092,0.9882262349128723,436.1225996017456,258.47643291950226,0.99955815076828,397.8648319244385,258.3631526231766,0.9995665550231934,438.0241937637329,337.58881628513336,0.9947823882102966,404.1633634567261,338.92769479751587,0.9799625277519226,441.296106338501,406.70825922489166,0.9854393601417542,405.8008613586426,410.0607120990753,0.9818496108055115
680,23.680200043600053,24.530564206811956,23.275275499133244,154.74323732342899,162.17739897345908,166.05795716259138,178.55735229143187,179.8497150690986,176.60173015313458,421.08174896240234,135.84621000289917,0.9999881982803345,428.2723445892334,128.35109156370163,0.9999666213989258,416.61743545532227,128.05992758274078,0.9999573826789856,437.01683712005615,126.68695956468582,0.9999555945396423,413.75485944747925,126.72221720218658,0.999921977519989,458.248104095459,161.07550698518753,0.9999518394470215,393.0018720626831,156.91201448440552,0.9999015927314758,468.4460611343384,208.31955885887146,0.9846088886260986,375.1253604888916,205.2339101433754,0.9928916096687317,459.6590099334717,246.15155947208405,0.976985514163971,348.1756639480591,239.57403707504272,0.9881578087806702,436.9257049560547,258.46241533756256,0.9995332956314087,398.23168563842773,257.59366714954376,0.9995443224906921,439.12202548980713,337.47328519821167,0.9944936633110046,404.4794702529907,338.4927508831024,0.9809871315956116,441.24834156036377,407.36526215076447,0.9857958555221558,405.7514033317566,410.08142507076263,0.9824091792106628
681,21.49229997303337,24.097776763875665,22.33784139385766,155.68538272734702,162.21066885652408,165.61771919570043,178.5570363041988,179.11974313395507,176.40873170768998,422.2984871864319,136.90710163116455,0.999988853931427,429.5294933319092,129.09601777791977,0.9999679923057556,418.07330083847046,128.6512729525566,0.9999589323997498,438.3825054168701,126.99990493059158,0.9999576807022095,414.617910861969,126.84730702638626,0.9999244809150696,458.77867221832275,161.0731137394905,0.9999562501907349,393.29760932922363,155.76770114898682,0.9999101758003235,468.4704236984253,208.31592625379562,0.9858875274658203,375.9502000808716,205.0112100839615,0.9926115274429321,459.88216495513916,246.35886013507843,0.9787309169769287,349.43137216567993,239.9540787935257,0.9883213043212891,437.2533359527588,258.1312927007675,0.99951171875,398.48910999298096,257.14296770095825,0.9995195865631104,439.83763790130615,336.9579396247864,0.9943942427635193,404.71346712112427,338.5079650878906,0.981814444065094,441.05925369262695,407.1203248500824,0.9861909747123718,405.6893849372864,409.88931012153625,0.9829057455062866
682,22.557699994649738,,,,,,,,,0.0,0.0,0.0,0.0,0.0,0.0,0.0,0.0,0.0,0.0,0.0,0.0,0.0,0.0,0.0,0.0,0.0,0.0,0.0,0.0,0.0,0.0,0.0,0.0,0.0,0.0,0.0,0.0,0.0,0.0,0.0,0.0,0.0,0.0,0.0,0.0,0.0,0.0,0.0,0.0,0.0,0.0,0.0,0.0,0.0,0.0,0.0,0.0,0.0,0.0,0.0
683,17.09340000525117,,,,,,,,,0.0,0.0,0.0,0.0,0.0,0.0,0.0,0.0,0.0,0.0,0.0,0.0,0.0,0.0,0.0,0.0,0.0,0.0,0.0,0.0,0.0,0.0,0.0,0.0,0.0,0.0,0.0,0.0,0.0,0.0,0.0,0.0,0.0,0.0,0.0,0.0,0.0,0.0,0.0,0.0,0.0,0.0,0.0,0.0,0.0,0.0,0.0,0.0,0.0,0.0,0.0
684,17.15410000178963,,,,,,,,,0.0,0.0,0.0,0.0,0.0,0.0,0.0,0.0,0.0,0.0,0.0,0.0,0.0,0.0,0.0,0.0,0.0,0.0,0.0,0.0,0.0,0.0,0.0,0.0,0.0,0.0,0.0,0.0,0.0,0.0,0.0,0.0,0.0,0.0,0.0,0.0,0.0,0.0,0.0,0.0,0.0,0.0,0.0,0.0,0.0,0.0,0.0,0.0,0.0,0.0,0.0
685,23.08050001738593,,,,,,,,,0.0,0.0,0.0,0.0,0.0,0.0,0.0,0.0,0.0,0.0,0.0,0.0,0.0,0.0,0.0,0.0,0.0,0.0,0.0,0.0,0.0,0.0,0.0,0.0,0.0,0.0,0.0,0.0,0.0,0.0,0.0,0.0,0.0,0.0,0.0,0.0,0.0,0.0,0.0,0.0,0.0,0.0,0.0,0.0,0.0,0.0,0.0,0.0,0.0,0.0,0.0
686,20.118299988098443,,,,,,,,,0.0,0.0,0.0,0.0,0.0,0.0,0.0,0.0,0.0,0.0,0.0,0.0,0.0,0.0,0.0,0.0,0.0,0.0,0.0,0.0,0.0,0.0,0.0,0.0,0.0,0.0,0.0,0.0,0.0,0.0,0.0,0.0,0.0,0.0,0.0,0.0,0.0,0.0,0.0,0.0,0.0,0.0,0.0,0.0,0.0,0.0,0.0,0.0,0.0,0.0,0.0
687,17.825699993409216,,,,,,,,,0.0,0.0,0.0,0.0,0.0,0.0,0.0,0.0,0.0,0.0,0.0,0.0,0.0,0.0,0.0,0.0,0.0,0.0,0.0,0.0,0.0,0.0,0.0,0.0,0.0,0.0,0.0,0.0,0.0,0.0,0.0,0.0,0.0,0.0,0.0,0.0,0.0,0.0,0.0,0.0,0.0,0.0,0.0,0.0,0.0,0.0,0.0,0.0,0.0,0.0,0.0
688,22.23449997836724,,,,,,,,,0.0,0.0,0.0,0.0,0.0,0.0,0.0,0.0,0.0,0.0,0.0,0.0,0.0,0.0,0.0,0.0,0.0,0.0,0.0,0.0,0.0,0.0,0.0,0.0,0.0,0.0,0.0,0.0,0.0,0.0,0.0,0.0,0.0,0.0,0.0,0.0,0.0,0.0,0.0,0.0,0.0,0.0,0.0,0.0,0.0,0.0,0.0,0.0,0.0,0.0,0.0
689,24.19780002674088,,,,,,,,,0.0,0.0,0.0,0.0,0.0,0.0,0.0,0.0,0.0,0.0,0.0,0.0,0.0,0.0,0.0,0.0,0.0,0.0,0.0,0.0,0.0,0.0,0.0,0.0,0.0,0.0,0.0,0.0,0.0,0.0,0.0,0.0,0.0,0.0,0.0,0.0,0.0,0.0,0.0,0.0,0.0,0.0,0.0,0.0,0.0,0.0,0.0,0.0,0.0,0.0,0.0
690,17.832899990025908,,,,,,,,,0.0,0.0,0.0,0.0,0.0,0.0,0.0,0.0,0.0,0.0,0.0,0.0,0.0,0.0,0.0,0.0,0.0,0.0,0.0,0.0,0.0,0.0,0.0,0.0,0.0,0.0,0.0,0.0,0.0,0.0,0.0,0.0,0.0,0.0,0.0,0.0,0.0,0.0,0.0,0.0,0.0,0.0,0.0,0.0,0.0,0.0,0.0,0.0,0.0,0.0,0.0
691,18.836400005966425,,,,,,,,,0.0,0.0,0.0,0.0,0.0,0.0,0.0,0.0,0.0,0.0,0.0,0.0,0.0,0.0,0.0,0.0,0.0,0.0,0.0,0.0,0.0,0.0,0.0,0.0,0.0,0.0,0.0,0.0,0.0,0.0,0.0,0.0,0.0,0.0,0.0,0.0,0.0,0.0,0.0,0.0,0.0,0.0,0.0,0.0,0.0,0.0,0.0,0.0,0.0,0.0,0.0
692,18.80760001949966,,,,,,,,,0.0,0.0,0.0,0.0,0.0,0.0,0.0,0.0,0.0,0.0,0.0,0.0,0.0,0.0,0.0,0.0,0.0,0.0,0.0,0.0,0.0,0.0,0.0,0.0,0.0,0.0,0.0,0.0,0.0,0.0,0.0,0.0,0.0,0.0,0.0,0.0,0.0,0.0,0.0,0.0,0.0,0.0,0.0,0.0,0.0,0.0,0.0,0.0,0.0,0.0,0.0
693,25.57219995651394,,,,,,,,,0.0,0.0,0.0,0.0,0.0,0.0,0.0,0.0,0.0,0.0,0.0,0.0,0.0,0.0,0.0,0.0,0.0,0.0,0.0,0.0,0.0,0.0,0.0,0.0,0.0,0.0,0.0,0.0,0.0,0.0,0.0,0.0,0.0,0.0,0.0,0.0,0.0,0.0,0.0,0.0,0.0,0.0,0.0,0.0,0.0,0.0,0.0,0.0,0.0,0.0,0.0
694,22.84320001490414,,,,,,,,,0.0,0.0,0.0,0.0,0.0,0.0,0.0,0.0,0.0,0.0,0.0,0.0,0.0,0.0,0.0,0.0,0.0,0.0,0.0,0.0,0.0,0.0,0.0,0.0,0.0,0.0,0.0,0.0,0.0,0.0,0.0,0.0,0.0,0.0,0.0,0.0,0.0,0.0,0.0,0.0,0.0,0.0,0.0,0.0,0.0,0.0,0.0,0.0,0.0,0.0,0.0
695,26.882699981797487,,,,,,,,,0.0,0.0,0.0,0.0,0.0,0.0,0.0,0.0,0.0,0.0,0.0,0.0,0.0,0.0,0.0,0.0,0.0,0.0,0.0,0.0,0.0,0.0,0.0,0.0,0.0,0.0,0.0,0.0,0.0,0.0,0.0,0.0,0.0,0.0,0.0,0.0,0.0,0.0,0.0,0.0,0.0,0.0,0.0,0.0,0.0,0.0,0.0,0.0,0.0,0.0,0.0
696,18.43260001624003,,,,,,,,,0.0,0.0,0.0,0.0,0.0,0.0,0.0,0.0,0.0,0.0,0.0,0.0,0.0,0.0,0.0,0.0,0.0,0.0,0.0,0.0,0.0,0.0,0.0,0.0,0.0,0.0,0.0,0.0,0.0,0.0,0.0,0.0,0.0,0.0,0.0,0.0,0.0,0.0,0.0,0.0,0.0,0.0,0.0,0.0,0.0,0.0,0.0,0.0,0.0,0.0,0.0
697,17.724699981044978,,,,,,,,,0.0,0.0,0.0,0.0,0.0,0.0,0.0,0.0,0.0,0.0,0.0,0.0,0.0,0.0,0.0,0.0,0.0,0.0,0.0,0.0,0.0,0.0,0.0,0.0,0.0,0.0,0.0,0.0,0.0,0.0,0.0,0.0,0.0,0.0,0.0,0.0,0.0,0.0,0.0,0.0,0.0,0.0,0.0,0.0,0.0,0.0,0.0,0.0,0.0,0.0,0.0
698,19.14699998451397,,,,,,,,,0.0,0.0,0.0,0.0,0.0,0.0,0.0,0.0,0.0,0.0,0.0,0.0,0.0,0.0,0.0,0.0,0.0,0.0,0.0,0.0,0.0,0.0,0.0,0.0,0.0,0.0,0.0,0.0,0.0,0.0,0.0,0.0,0.0,0.0,0.0,0.0,0.0,0.0,0.0,0.0,0.0,0.0,0.0,0.0,0.0,0.0,0.0,0.0,0.0,0.0,0.0
699,20.65489999949932,,,,,,,,,0.0,0.0,0.0,0.0,0.0,0.0,0.0,0.0,0.0,0.0,0.0,0.0,0.0,0.0,0.0,0.0,0.0,0.0,0.0,0.0,0.0,0.0,0.0,0.0,0.0,0.0,0.0,0.0,0.0,0.0,0.0,0.0,0.0,0.0,0.0,0.0,0.0,0.0,0.0,0.0,0.0,0.0,0.0,0.0,0.0,0.0,0.0,0.0,0.0,0.0,0.0
