frame,inference_ms,left_shoulder_angle,right_shoulder_angle,left_elbow_angle,right_elbow_angle,left_hip_angle,right_hip_angle,left_knee_angle,right_knee_angle,nose_x,nose_y,nose_conf,left_eye_x,left_eye_y,left_eye_conf,right_eye_x,right_eye_y,right_eye_conf,left_ear_x,left_ear_y,left_ear_conf,right_ear_x,right_ear_y,right_ear_conf,left_shoulder_x,left_shoulder_y,left_shoulder_conf,right_shoulder_x,right_shoulder_y,right_shoulder_conf,left_elbow_x,left_elbow_y,left_elbow_conf,right_elbow_x,right_elbow_y,right_elbow_conf,left_wrist_x,left_wrist_y,left_wrist_conf,right_wrist_x,right_wrist_y,right_wrist_conf,left_hip_x,left_hip_y,left_hip_conf,right_hip_x,right_hip_y,right_hip_conf,left_knee_x,left_knee_y,left_knee_conf,right_knee_x,right_knee_y,right_knee_conf,left_ankle_x,left_ankle_y,left_ankle_conf,right_ankle_x,right_ankle_y,right_ankle_conf
0,19.039399980101734,,27.18959581583681,,4.655367009190082,157.97983609651564,174.36902868005492,172.88173554325525,175.5568218854458,333.7863349914551,145.74186784029007,0.9951419830322266,334.075071811676,140.0303015112877,0.9946121573448181,331.7589349746704,139.6467411518097,0.9938796758651733,334.0107789039612,143.25561320781708,0.9902071952819824,329.4959964752197,142.41763532161713,0.9931902289390564,331.9976830482483,171.81350183486938,0.998955488204956,329.4502787590027,169.1027237176895,0.9982114434242249,306.1114225387573,177.8733281493187,0.10524924099445343,333.5718483924866,176.70058077573776,0.8779581189155579,288.93245363235474,197.46992194652557,0.09226760268211365,328.26108741760254,164.67249828577042,0.806637704372406,339.7775797843933,271.61666238307953,0.9994582533836365,331.73664474487305,270.73970878124237,0.9995109438896179,364.03152322769165,320.3104370832443,0.80098956823349,339.6000919342041,335.53344559669495,0.9490606784820557,387.8848490715027,388.1997802257538,0.9040766358375549,357.48251724243164,424.5183378458023,0.9572616815567017
1,20.920599985402077,,11.732415273266687,,142.86595726996887,167.77497035576633,177.7168693184879,177.1834726486723,175.52824630900028,402.62238073349,130.5151839852333,0.9949512481689453,407.93556785583496,123.52445632219315,0.9940748810768127,396.0837616920471,123.78173023462296,0.9934157133102417,411.67223930358887,124.52283865213394,0.9886314868927002,387.8859610557556,124.78979951143265,0.9916155934333801,428.15331172943115,159.35152959823608,0.9988291263580322,368.05053758621216,166.02869933843613,0.9979881048202515,425.0890369415283,196.53269559144974,0.16477756202220917,374.2097678184509,189.31344145536423,0.8288002610206604,426.2463598251343,232.60900831222534,0.12361392378807068,361.12679290771484,221.185092151165,0.7445082068443298,407.36873388290405,270.3402931690216,0.9993982911109924,373.24090099334717,262.36428904533386,0.9994258284568787,409.15071392059326,333.4163633584976,0.8172117471694946,374.2295813560486,333.0921070575714,0.9508119821548462,407.75823163986206,399.98831021785736,0.9109411239624023,380.9754590988159,406.1902354955673,0.9586815237998962
2,23.484500008635223,,6.096488599413264,,159.56959041302503,176.64030568618432,175.55680399246637,179.86727414312585,179.379256486121,404.5069160461426,125.29544389247894,0.994841456413269,410.9981746673584,118.14351403713226,0.9938539266586304,397.4119005203247,118.4415657222271,0.9929057955741882,416.3200807571411,119.51652479171753,0.9876254796981812,390.7491183280945,119.45152965188026,0.989575207233429,430.06971549987793,155.87474191188812,0.9986750483512878,370.44421005249023,164.32886809110641,0.9971128702163696,424.2091541290283,196.76193434000015,0.18397191166877747,370.302583694458,193.85925495624542,0.78370600938797,426.43999671936035,235.4806894659996,0.12468171864748001,384.9011425971985,233.63200688362122,0.6834997534751892,418.1442656517029,265.52152144908905,0.9993752241134644,380.0910019874573,258.94328677654266,0.9993865489959717,414.7061114311218,334.64429783821106,0.8326292634010315,381.84596586227417,331.8719221353531,0.9513980150222778,411.50339460372925,402.1867343187332,0.9161914587020874,382.7699236869812,401.72988080978394,0.9578469395637512
3,20.46400000108406,,1.2872623899636362,,167.32373379886198,173.67946956861064,174.63387092734754,179.75827764041424,174.12181570654917,405.9262375831604,123.19343340396881,0.9949424266815186,411.5672073364258,116.0200284421444,0.9939733147621155,398.9119167327881,116.18505555391312,0.9928416013717651,416.10501289367676,117.5285567343235,0.9874494075775146,389.4978075027466,117.36013919115067,0.988705039024353,432.0551128387451,154.01575982570648,0.9980743527412415,371.41931915283203,161.86238622665405,0.9953248500823975,422.9761152267456,194.14605981111526,0.19076161086559296,373.15633964538574,192.44600063562393,0.7475454807281494,419.7360963821411,237.79272150993347,0.12178187817335129,381.7272615432739,222.48086374998093,0.6293123960494995,417.63750410079956,258.14143550395966,0.9993436932563782,378.6782007217407,253.32112526893616,0.9993501901626587,415.5992622375488,332.8532383441925,0.8456215262413025,377.5644474029541,330.36642813682556,0.9522376656532288,413.3900022506714,402.9798103570938,0.9198896884918213,383.84447956085205,401.4334032535553,0.95781010389328
4,17.928400018718094,,9.491623101042826,,170.5902411057423,173.82078138189488,176.12464290371454,178.37499391935094,179.69086578273152,405.7316403388977,122.48272490501404,0.9951245188713074,410.9923620223999,115.54877272248268,0.9941123127937317,398.2670669555664,115.42982983589172,0.992932915687561,415.25669527053833,117.24883189797401,0.9873326420783997,389.6983690261841,116.73489663004875,0.9882521629333496,431.8492946624756,154.32790744304657,0.9978814125061035,371.17278718948364,158.07078701257706,0.9948925375938416,423.9193811416626,197.54290169477463,0.21087756752967834,368.37354373931885,194.4123368859291,0.7230105996131897,422.22635984420776,243.44246232509613,0.1244388297200203,371.55467796325684,230.7349544763565,0.5842815041542053,418.81418561935425,257.35371577739716,0.9992721080780029,379.6463851928711,253.25844502449036,0.9992951154708862,417.47063064575195,331.96135544776917,0.856987714767456,381.2641706466675,329.74478256702423,0.9535811543464661,414.2474937438965,401.4235738515854,0.9232380390167236,382.37999629974365,400.57268953323364,0.9582963585853577
5,15.367400017566979,,18.708004015876973,,168.82636053007266,173.2768200450242,174.78636940023458,179.07907276311474,177.72090062417908,405.0640959739685,122.16413831710815,0.9954043626785278,410.41582345962524,115.2589122056961,0.9943360090255737,397.66894578933716,114.97447210550308,0.9933170080184937,414.8678545951843,117.07600536942482,0.9877553582191467,389.6284909248352,116.18856707215309,0.9887914657592773,431.2770776748657,154.4243353009224,0.9978364706039429,370.9171824455261,155.66668623685837,0.9950656890869141,422.9454092979431,198.0958126783371,0.2543514370918274,361.42702865600586,195.4830294251442,0.7215310335159302,418.0541443824768,243.27980709075928,0.14641952514648438,360.9717721939087,207.1606153845787,0.5761452913284302,417.8217144012451,256.8929020166397,0.9992361068725586,380.003888130188,253.5851230621338,0.9992761015892029,416.855450630188,329.960573554039,0.8687613010406494,380.1199893951416,329.0398292541504,0.9550051689147949,414.7796034812927,400.79637253284454,0.9275335073471069,383.0400094985962,399.6740827560425,0.9592447280883789
6,15.412200009450316,0.03657268967667146,20.311861653040083,,157.0752583732425,173.7260214391663,172.77316278043853,179.1126580762539,175.44219894954315,405.8694758415222,122.25146329402924,0.9957901835441589,410.95662689208984,115.49882084131241,0.9947946667671204,398.4309582710266,115.0778304040432,0.9937988519668579,415.2162594795227,117.26034227013588,0.9887239336967468,389.92751359939575,116.03923138976097,0.9893582463264465,431.50609588623047,155.27427941560745,0.9979880452156067,370.85379934310913,154.01249760389328,0.995180606842041,425.7989377975464,199.44697082042694,0.3054932653903961,360.73064851760864,192.46903562545776,0.7211405634880066,433.4724884033203,245.2876547574997,0.18268650770187378,347.16989946365356,210.03201162815094,0.5685233473777771,418.3892560005188,256.2895476818085,0.9992637038230896,380.57148027420044,253.7645025253296,0.9992863535881042,416.94610261917114,329.81290459632874,0.8801535367965698,378.39580726623535,328.7146042585373,0.957889974117279,414.43830013275146,401.2044209241867,0.9320859909057617,381.9451599121094,398.8993834257126,0.9606574177742004
7,16.496800002641976,4.600340674629502,24.0127722302252,,169.18788720235793,174.36815014325288,171.3410077945094,179.95563041182479,173.86250876364346,406.0331144332886,122.5072414278984,0.9961786270141602,411.18723726272583,115.75144359469414,0.995256245136261,398.83069133758545,115.23262211680412,0.9943403601646423,415.5237989425659,117.53197565674782,0.9897043704986572,390.08511209487915,116.11929827928543,0.990190327167511,431.78116035461426,156.48321038484573,0.998144805431366,370.8888268470764,153.1816282272339,0.9955261945724487,429.3690643310547,202.66192603111267,0.3610125780105591,357.8606677055359,193.40007942914963,0.7310090661048889,439.94428730010986,243.07817614078522,0.23678287863731384,344.90852785110474,216.9979093670845,0.5839236378669739,418.5027542114258,256.1274907588959,0.9992973804473877,381.607394695282,254.08066737651825,0.9993143677711487,415.9854745864868,329.73948323726654,0.8904715180397034,378.229211807251,328.61274886131287,0.9604102969169617,413.6021385192871,401.05133867263794,0.9365691542625427,382.5557909011841,398.50438392162323,0.9626880288124084
8,16.667399962898344,10.848796708632339,29.307600152153746,159.57819912920934,158.67784307958547,172.35179010451515,171.30378758782538,179.70472815985477,174.02242348166695,406.7238082885742,122.8832659125328,0.9965443015098572,411.40599489212036,116.11717569828033,0.995694637298584,399.5209050178528,115.51283130049706,0.9948651790618896,415.04251194000244,117.75727552175522,0.9906368255615234,390.07416915893555,116.4788264632225,0.9910675287246704,431.99218463897705,157.09515476226807,0.9983136057853699,369.3336157798767,154.0970731973648,0.9959380626678467,433.88564109802246,203.9092628955841,0.4201722741127014,352.46398067474365,194.2372025847435,0.7534334063529968,449.3485908508301,240.80598878860474,0.30586692690849304,328.69471073150635,218.75007861852646,0.6198142766952515,417.1748933792114,255.85486018657684,0.999345600605011,380.75561475753784,254.15856182575226,0.9993565678596497,416.03581714630127,329.6399356126785,0.8998291492462158,377.94775342941284,327.781950712204,0.9626734852790833,414.557156085968,401.4443153142929,0.9409175515174866,382.61538314819336,398.1776489019394,0.9644574522972107
9,14.92869999492541,16.340762963303987,31.862898961829217,157.61716024327077,158.55329537099826,171.70839055688046,172.30086864900383,179.75312103422647,175.94711158403084,405.9713740348816,122.92765492200851,0.9968816041946411,410.7153515815735,116.35484778881073,0.9961052536964417,398.8262939453125,115.65556418895721,0.9953575730323792,414.49834728240967,117.8667308986187,0.991519570350647,389.53354263305664,116.71410530805588,0.9919087290763855,432.64774990081787,158.45956122875214,0.9984713792800903,367.65985202789307,155.38362795114517,0.9963258504867554,438.8100633621216,208.24183535575867,0.4757964015007019,347.66192722320557,198.5949895977974,0.7758394479751587,458.11491870880127,242.44752740859985,0.37147456407546997,317.7815203666687,227.16820639371872,0.6549886465072632,416.7997250556946,255.40441715717316,0.9993895292282104,379.8507122993469,254.26329481601715,0.9993990659713745,415.5193510055542,329.2984422445297,0.9085144400596619,378.9917297363281,327.64978086948395,0.9652903079986572,414.59375047683716,400.4037662744522,0.9451099038124084,383.1577534675598,398.14024019241333,0.9669528603553772
10,23.283699993044138,21.7282701997742,30.43344246762783,161.39259198951655,154.1763461643651,171.76993769627796,172.1190560163335,179.71030165259268,177.4235586404843,404.79229164123535,122.99482250213623,0.9971882700920105,410.0563998222351,116.5387502014637,0.9964807033538818,397.53558349609375,115.76883736252785,0.9958072900772095,414.0240354537964,118.2000402212143,0.9923276901245117,388.78767919540405,117.09911158680916,0.9926801323890686,432.796199798584,161.16240459680557,0.9986104369163513,365.951642036438,157.16089779138565,0.9966700077056885,444.12474155426025,212.34868770837784,0.5266871452331543,347.5369300842285,201.72799038887024,0.7966721057891846,466.06737518310547,248.7421624660492,0.43128663301467896,310.2141389846802,235.01222586631775,0.6871542930603027,417.4892816543579,255.16344010829926,0.9994252324104309,379.5830020904541,254.35640347003937,0.9994327425956726,416.17954111099243,328.82238578796387,0.9165489673614502,379.71398878097534,327.55031871795654,0.9677102565765381,415.2621793746948,400.92065036296844,0.9489968419075012,383.01089572906494,398.0104920864105,0.9691329598426819
11,14.676399994641542,25.01871090261312,35.33470456724968,162.7140610117654,163.20310749176545,172.01314084654135,170.2991575257438,178.966289035221,175.412810017211,403.2018508911133,123.51512551307678,0.997466504573822,408.7407202720642,117.17504727840424,0.9968239665031433,395.9142093658447,116.37301793694496,0.9962180256843567,412.84545850753784,118.79592278599739,0.9930709600448608,387.77094650268555,117.71516579389572,0.9933902025222778,432.17813873291016,162.10112673044205,0.9987362027168274,364.6503930091858,158.0959873199463,0.9969844818115234,446.59117317199707,213.04221612215042,0.5725562572479248,342.02052783966064,203.70152062177658,0.8153639435768127,471.07317447662354,250.62043297290802,0.4848303496837616,308.36912965774536,239.55178558826447,0.7159416079521179,417.1431260108948,254.7188092470169,0.9994483590126038,379.80883598327637,254.4151519536972,0.9994563460350037,415.5530138015747,328.5516356229782,0.9239685535430908,378.8436336517334,327.45079958438873,0.9699907898902893,415.30026483535767,400.9376595020294,0.9526898860931396,383.5593819618225,397.8912571668625,0.9712293744087219
12,17.680799996014684,29.4194455912583,38.488066421334395,167.0109642331208,170.10839296809618,172.957395685092,169.72143755726339,178.21371785226773,174.42009936794574,402.27609872817993,124.21465128660202,0.9977172613143921,407.941153049469,117.92206758260727,0.9971338510513306,395.017596244812,117.06044214963913,0.9965883493423462,411.8678979873657,119.41424915194511,0.9937430024147034,387.21222496032715,118.18578046560287,0.99403315782547,430.9516201019287,161.69307833909988,0.9988518357276917,363.79115772247314,158.0085768699646,0.9972711801528931,449.94916343688965,211.75138771533966,0.6141607165336609,338.2153935432434,203.5354607105255,0.8325105905532837,475.87633991241455,250.5230791568756,0.5337005853652954,307.85703563690186,240.73501765727997,0.7423508763313293,416.84256172180176,254.5761262178421,0.9994693994522095,379.3469834327698,254.45868623256683,0.9994754195213318,414.77874422073364,328.70890605449677,0.930489182472229,377.924907207489,327.42082703113556,0.9717705845832825,415.0214853286743,401.293882727623,0.9558302164077759,383.4221782684326,397.8467826843262,0.9727246761322021
13,19.02090001385659,30.909305155439583,39.36375378033817,169.07172408273885,173.79826690413435,173.7380157188385,169.9955520556365,177.76268515476923,174.9284334792408,401.3921217918396,124.71813035011292,0.9979414343833923,407.06713342666626,118.411322504282,0.9974088668823242,394.1129970550537,117.58402875065804,0.9969171285629272,410.9165449142456,119.78274488449097,0.9943380951881409,386.4419231414795,118.51928922533989,0.9946030974388123,430.0664300918579,161.0697233080864,0.9989550113677979,363.17355155944824,157.577408015728,0.9975274205207825,450.8879814147949,210.70108050107956,0.6514006853103638,336.5586128234863,203.4715126156807,0.8478423357009888,475.9508934020996,248.299098610878,0.5774518251419067,309.990807056427,239.62324106693268,0.7658807635307312,416.6758146286011,254.57114028930664,0.9994868636131287,378.96362686157227,254.49561059474945,0.9994891285896301,414.2043032646179,329.54394936561584,0.9362168908119202,378.0058546066284,327.55997717380524,0.9732261300086975,414.6446237564087,401.7858656644821,0.9586461782455444,383.309690952301,397.76210737228394,0.9739599823951721
14,13.779200031422079,32.07842008372593,40.12577422565707,169.84706225359326,177.49268146098245,174.74869040645464,170.69698665684643,176.99182286779762,175.45506499199712,400.6797695159912,125.34984749555588,0.9981403946876526,406.40573024749756,118.98540943861008,0.9976491928100586,393.2803735733032,118.16813027858734,0.9972059726715088,410.29767513275146,120.13138949871063,0.9948576092720032,385.673011302948,118.8526982665062,0.9951010942459106,429.04699325561523,160.8397437930107,0.999050498008728,362.58048486709595,157.24102878570557,0.9977608323097229,450.9671850204468,208.87467789649963,0.6850376725196838,336.56503200531006,200.66725546121597,0.8616682291030884,474.7374153137207,243.22632944583893,0.6173842549324036,311.6771059036255,238.36597508192062,0.7874209880828857,416.63588428497314,254.48774707317352,0.9995118975639343,378.33843898773193,254.52159440517426,0.9995112419128418,413.6058030128479,329.99365162849426,0.9415009617805481,378.2077555656433,328.0017589330673,0.9747254252433777,414.49624967575073,401.8365226984024,0.9612867832183838,383.62536811828613,397.7252399921417,0.9753525853157043
15,15.13320003869012,31.9977411550274,41.316360511331574,168.4181165858914,172.19974074027633,174.38727029860019,171.82626087975905,177.52542761161223,176.18415408933626,400.19678926467896,125.97482651472092,0.9983145594596863,405.90955781936646,119.4891876578331,0.9978551268577576,392.7525601387024,118.74506631493568,0.9974479079246521,409.621639251709,120.41986107826233,0.9952973127365112,385.16728591918945,119.13527220487595,0.9955137968063354,427.64366912841797,160.11635679006577,0.9991365075111389,362.43350076675415,157.20508736371994,0.9979670643806458,447.21646213531494,202.85835736989975,0.7151046991348267,338.46015644073486,194.72606575489044,0.8737807869911194,469.7542095184326,233.66774886846542,0.6534574627876282,321.05977630615234,232.42619568109512,0.8066619038581848,415.4031991958618,254.4486858844757,0.9995357394218445,377.38372468948364,254.44481110572815,0.9995310306549072,413.0487241744995,330.18593752384186,0.9458964467048645,378.11179637908936,328.03791403770447,0.9756219983100891,413.9250183105469,402.5314471721649,0.9635820984840393,383.45035696029663,397.69418478012085,0.9762904644012451
16,20.9366999915801,31.300862618277087,39.40321300903152,166.80596009181764,169.38523383739465,173.56853839258875,172.82204110079098,178.55061742292713,176.89858931175542,399.5446357727051,126.04730767011642,0.9984720945358276,405.1423645019531,119.5291890501976,0.998042106628418,392.1814298629761,118.91471609473228,0.9976710081100464,408.7342505455017,120.40950459241867,0.9956989884376526,384.50734853744507,119.30180934071541,0.9958981871604919,426.6225643157959,159.47777330875397,0.9992128610610962,362.1392545700073,156.9021708369255,0.998153030872345,443.703501701355,198.19070202112198,0.7416794300079346,340.161997795105,193.3857626914978,0.8840282559394836,464.15172958374023,225.32435303926468,0.6857655048370361,330.32442474365234,219.7684616446495,0.8235787749290466,414.1322011947632,254.44361448287964,0.9995595216751099,376.4388918876648,254.45791697502136,0.9995512366294861,412.73233938217163,330.00519049167633,0.9494161605834961,377.93082094192505,328.0736132860184,0.9758982062339783,413.2257571220398,402.8600341081619,0.9650471210479736,383.1200976371765,397.6993131637573,0.9766612648963928
17,13.622500002384186,29.681467538056953,36.54439968604735,157.57075594877765,143.23795482799508,173.04013503321366,172.84621534267458,178.82750792589738,176.8276647877371,398.7023329734802,125.90461039543152,0.9986164569854736,404.7921652793884,119.37770229578018,0.9982154965400696,391.226007938385,118.80974093079567,0.9978821277618408,408.1501808166504,120.30294817686081,0.9960708022117615,384.351544380188,119.29101836681366,0.9962706565856934,425.9517345428467,158.9238224029541,0.9992790818214417,361.5772981643677,156.7821381688118,0.9983242154121399,441.8999137878418,198.00918573141098,0.7650946974754333,339.41671562194824,198.0828492641449,0.8931097984313965,462.48233795166016,218.861791908741,0.7136144042015076,342.1098909378052,216.0058805346489,0.8383115530014038,413.3050870895386,255.18834125995636,0.9995731115341187,375.9617495536804,255.04921960830688,0.9995638728141785,412.61153745651245,330.9567050933838,0.9527897238731384,377.4602999687195,328.16826045513153,0.976070761680603,413.4276833534241,403.1115528345108,0.9662981629371643,382.74414587020874,397.68766033649445,0.9765860438346863
18,21.659000020008534,28.15741356449537,33.576036568468304,165.4511393290745,107.84235028390121,173.05061085742625,172.31823706864571,179.22950013053074,176.87786327147444,396.11092948913574,125.84158825874329,0.9987406730651855,403.5670871734619,119.26961448788643,0.9983595013618469,388.4461736679077,118.86111736297607,0.998058557510376,407.99975967407227,120.23008239269257,0.9963757991790771,382.78607273101807,119.38418400287628,0.9965865612030029,425.4175777435303,158.17004972696304,0.9993374943733215,360.11536741256714,157.48637920618057,0.9984734058380127,440.4236536026001,197.44476437568665,0.7848656177520752,338.84902238845825,203.87199664115906,0.8997907042503357,452.833044052124,214.8679919242859,0.7341018915176392,349.3981137275696,213.52908492088318,0.848609983921051,412.97232580184937,256.0445818901062,0.9995764493942261,375.5430369377136,255.48977625370026,0.9995664358139038,412.5799469947815,331.6946794986725,0.9558826088905334,377.14879274368286,328.24740850925446,0.9760417938232422,413.1720027923584,403.3614190816879,0.9677383899688721,382.44770097732544,397.3265081644058,0.9762403964996338
19,17.607999965548515,27.845051961094253,31.99146400766092,176.49882383830794,85.57227660791315,173.81861775979618,172.85693836005802,176.93982772850347,176.35646517964653,393.0526442527771,126.71530812978745,0.9988534450531006,401.592809677124,119.72345507144928,0.9984877705574036,385.7081651687622,119.42096590995789,0.9982156157493591,407.16337060928345,120.517813205719,0.9966487884521484,380.1886291503906,119.76394081115723,0.9968693852424622,424.62134647369385,157.80516523122787,0.9993959069252014,357.8548045158386,158.32353085279465,0.9986156821250916,439.692271232605,197.9110056757927,0.8049129247665405,337.2278251647949,206.7208707332611,0.9079810380935669,443.68500232696533,210.89443480968475,0.7583023905754089,351.25583505630493,211.45708972215652,0.8619903922080994,411.96011686325073,257.33200562000275,0.9995985627174377,373.30908584594727,256.9254957437515,0.9995848536491394,410.56993436813354,331.8676484823227,0.9587767124176025,375.50735235214233,328.2769821882248,0.9759154319763184,413.05547189712524,403.3424725532532,0.9692437052726746,381.9640383720398,396.47739028930664,0.9759413599967957
20,17.741899995598942,25.623852148339665,30.10921043546915,112.17977360147432,77.20403383282586,173.85827459303957,173.80664626738698,175.20547405917057,177.41489003140714,390.42565727233887,127.9196520447731,0.9989531636238098,399.2071738243103,120.27051115036011,0.9985989332199097,383.34001779556274,120.01732569932938,0.9983512759208679,405.59074687957764,120.7868824005127,0.9968923926353455,377.2178621292114,120.20207571983337,0.9971129894256592,423.5825762748718,157.816148519516,0.9994475841522217,355.8444633483887,158.707846224308,0.9987403154373169,438.77680492401123,204.7746064066887,0.8232439756393433,336.64602994918823,208.67935770750046,0.9150398373603821,431.64115142822266,210.78544241189957,0.7804601788520813,354.94820404052734,211.32332438230515,0.8737087845802307,410.00641107559204,258.3074241876602,0.9996002912521362,371.7928194999695,258.35409247875214,0.9995808601379395,407.9807801246643,333.05885803699493,0.9617421627044678,375.40762758255005,329.7187987565994,0.9768341779708862,411.956654548645,403.243038892746,0.970794141292572,381.81844425201416,396.4831739664078,0.9765665531158447
21,24.536199984140694,24.368963962410056,29.034509963229414,115.10066570956597,78.40879038166037,173.46323060511855,173.75904705780033,175.18784184819174,176.6611394065167,388.903603553772,128.58605700731277,0.9990437030792236,397.615469455719,120.7350287437439,0.9987006187438965,381.8070969581604,120.581647336483,0.9984754323959351,404.0679602622986,121.09969955682755,0.9971135854721069,375.1138868331909,120.77676808834076,0.9973328709602356,422.1458420753479,157.85757446289062,0.9994962811470032,354.1314768791199,159.42805647850037,0.9988542795181274,436.5922107696533,205.70123410224915,0.8399044871330261,336.11932849884033,209.75750064849854,0.9214279055595398,428.7615165710449,212.72788894176483,0.8006554245948792,357.4775891304016,212.79735004901886,0.8844146728515625,408.8233103752136,258.1418628692627,0.999609649181366,370.43541526794434,258.52401292324066,0.9995828866958618,407.4580969810486,334.0372681617737,0.9644859433174133,374.3647379875183,331.0291862487793,0.977503776550293,412.0308289527893,403.2185081243515,0.9723628163337708,381.73934173583984,396.35430908203125,0.9769431948661804
22,22.09199999924749,24.35506365972126,28.10505444517304,117.61385210625991,79.96246586908858,173.8241264223938,173.50403403381134,175.06264579648425,175.3437610489391,387.7922258377075,128.7289252281189,0.9991196393966675,396.26933670043945,120.98184645175934,0.9987844228744507,380.79526710510254,120.83037394285202,0.9985731840133667,402.32153844833374,121.31590366363525,0.9972928166389465,373.78703689575195,121.04911375045776,0.9975094795227051,419.33477115631104,157.84559398889542,0.9995400905609131,352.5806632041931,160.03611183166504,0.9989529848098755,434.3907346725464,205.56117224693298,0.854905366897583,335.89187717437744,209.7040799856186,0.9268278479576111,425.77892208099365,214.2110032439232,0.8185245990753174,360.4804015159607,213.3942939043045,0.8928498029708862,407.3042893409729,258.10035145282745,0.9996181726455688,369.2037663459778,259.02853190898895,0.9995821714401245,406.3972387313843,336.03069937229156,0.9667487740516663,373.1859335899353,334.10077464580536,0.977722704410553,411.41842889785767,403.2733533382416,0.9734475612640381,381.65172243118286,396.77591919898987,0.9767138957977295
23,16.768299974501133,24.009921825132945,26.719545714783692,122.69397711178077,102.36957165719427,173.7915290235073,173.55729332679246,173.49436790863382,174.72702000516077,385.8499684333801,128.77721750736237,0.9991855621337891,394.4697165489197,121.22151291370392,0.9988570809364319,379.09286975860596,120.978142619133,0.9986473917961121,400.5676865577698,121.60651206970215,0.9974509477615356,372.356342792511,121.18181067705154,0.9976338148117065,417.08841133117676,158.63153302669525,0.9995770454406738,351.05676460266113,160.10631370544434,0.9990336298942566,431.5598249435425,205.2987984418869,0.8683832287788391,335.9715356826782,209.22514593601227,0.9314407706260681,422.50577116012573,216.05941516160965,0.8344634175300598,359.4643006324768,222.48543655872345,0.8997021317481995,405.22674894332886,258.38218462467194,0.99962317943573,368.05533933639526,260.1096806526184,0.9995818138122559,404.44775342941284,336.286235332489,0.9689292311668396,372.27481412887573,335.48076570034027,0.9784479141235352,411.3775887489319,402.9723172187805,0.974544882774353,381.63562393188477,398.28631365299225,0.9772700667381287
24,13.643899990711361,23.448430923248367,25.310529055334182,137.88228028815337,116.34322944705794,172.35204622942362,174.64166072383404,173.69605667093052,175.37307388877497,384.79320430755615,129.07917958498,0.999241054058075,393.3324599266052,121.80184650421143,0.9989173412322998,378.03433656692505,121.36861205101013,0.9987008571624756,399.1520800590515,122.28230482339859,0.9975828528404236,371.61606454849243,121.59616982936859,0.997721254825592,415.35323572158813,159.11243295669556,0.9996098875999451,349.9184970855713,160.50092858076096,0.9991068840026855,427.7373285293579,201.76052713394165,0.8803210854530334,336.21154737472534,208.70878893136978,0.9354174137115479,420.3084397315979,217.04236960411072,0.8484822511672974,359.047887802124,229.42661833763123,0.9057809710502625,402.6988549232483,258.4971743822098,0.9996334314346313,366.5261335372925,260.40310966968536,0.9995904564857483,403.2288165092468,336.0183057785034,0.970723569393158,371.91897916793823,336.00465857982635,0.9789436459541321,410.9216499328613,401.54739582538605,0.9753092527389526,381.57163429260254,399.03306329250336,0.9776884317398071
25,17.31850003125146,23.607022031342833,24.359427155856412,144.1885670931066,124.36067185226446,173.2053875178132,173.82583439487908,171.43108457086782,173.79341016271195,382.1372299194336,129.4787376523018,0.9992915987968445,390.93709421157837,122.2845556139946,0.99897301197052,375.9624571800232,121.67791056632996,0.9987574815750122,397.33168601989746,122.73344588279724,0.9977133274078369,370.17215299606323,121.91813260316849,0.9978184700012207,413.7957248687744,159.2802593111992,0.9996344447135925,349.06007051467896,160.60356748104095,0.9991656541824341,425.3536891937256,199.35879111289978,0.8909233808517456,336.4971504211426,208.38966101408005,0.9389166235923767,418.9025378227234,217.35163962841034,0.8607636094093323,356.6073098182678,231.59757709503174,0.9113324880599976,400.7453260421753,258.1363641023636,0.9996421933174133,365.94155836105347,260.0988825559616,0.9995991587638855,399.76614809036255,335.43523705005646,0.9721605777740479,370.49394607543945,335.48917055130005,0.9790574312210083,408.4226927757263,398.277424454689,0.9755014777183533,381.2414255142212,398.6155273914337,0.9776914715766907
26,15.28559997677803,22.867319237626393,24.165817793463695,150.33131194191992,125.56763761435914,173.18000254847664,172.53923775038783,171.42102659172872,174.31782753945117,380.79455947875977,129.55304223299026,0.9993409514427185,389.40811586380005,122.38666743040085,0.999027669429779,374.88625860214233,121.84456878900528,0.9988268613815308,396.0652117729187,122.84715354442596,0.9978374242782593,369.44670963287354,122.17819863557816,0.9979398250579834,413.413556098938,159.56398713588715,0.9996499419212341,348.3305330276489,160.85953080654144,0.9992174506187439,424.0794563293457,198.87961488962173,0.9000000357627869,336.50766372680664,207.6812602877617,0.9416288137435913,419.21096181869507,217.71784895658493,0.8713648319244385,356.20863819122314,230.94397884607315,0.9161185026168823,400.188777923584,257.51913464069366,0.9996549487113953,365.6966185569763,259.4038156270981,0.9996140003204346,399.04568338394165,332.88717114925385,0.9734175205230713,368.9570322036743,333.0868647098541,0.979090690612793,407.35829639434814,394.2875134944916,0.9755612015724182,377.9592776298523,395.4362429380417,0.9776787161827087
27,20.918300026096404,23.839402539012273,24.549185396338437,155.8573168679622,131.38780238762615,174.84379639952235,171.50109371484348,171.26057446930523,173.99791907794693,380.0209722518921,129.54298490285873,0.9993897676467896,388.4757423400879,122.38173848390579,0.9990861415863037,374.0975332260132,121.99634045362473,0.9988992214202881,395.09945344924927,122.80663931369781,0.9979674816131592,368.90239334106445,122.36622512340546,0.9980639219284058,413.0583529472351,159.53298890590668,0.9996726512908936,347.2833218574524,160.89082819223404,0.999272346496582,423.71325969696045,196.1561582684517,0.9087422490119934,335.838906288147,206.82500541210175,0.9450452327728271,420.69955492019653,217.8158865571022,0.8817527890205383,351.7465739250183,229.86563646793365,0.9214488863945007,400.05892848968506,256.7272552251816,0.9996729493141174,365.5205965042114,258.72906279563904,0.9996369481086731,396.9970293045044,327.948281288147,0.9743788838386536,368.09966707229614,330.4317580461502,0.9794520139694214,403.03133821487427,382.80201399326324,0.9748265147209167,377.11510467529297,394.07961452007294,0.978085458278656
28,22.764499997720122,26.517289053055663,26.118092512663104,155.40207035692455,134.59968359169662,176.1509562810816,170.1379018478893,170.9379785698339,173.68136185509442,379.0407328605652,129.33963024616241,0.9994346499443054,387.1996645927429,122.23179024457932,0.9991387128829956,373.0517625808716,121.95434468984604,0.9989678859710693,393.8863797187805,122.67710489034653,0.9980884194374084,367.7355933189392,122.35685157775879,0.9981833696365356,412.4233341217041,159.28708291053772,0.9996927380561829,346.4113492965698,160.89869171380997,0.9993212223052979,424.14208126068115,192.83508825302124,0.9167625308036804,334.27972745895386,206.4732837677002,0.9483404159545898,421.87472009658813,217.0788096189499,0.8911432027816772,347.77075004577637,229.38174498081207,0.926415205001831,400.2700791358948,254.65555918216705,0.9996899366378784,365.49165964126587,257.1551903486252,0.9996581673622131,396.31366443634033,320.9898054599762,0.9755652546882629,367.1272873878479,326.56384563446045,0.9798187613487244,402.0114212036133,378.59542882442474,0.9747765064239502,375.96584367752075,392.2063584327698,0.9785943031311035
29,15.98799997009337,27.238736130325364,28.123855604542474,155.26445246780492,135.0568004245622,176.69299779803788,169.7526049632609,169.48746243484968,173.3999050303995,378.47629976272583,129.1978874206543,0.999478816986084,386.58165407180786,122.20228779315948,0.9991949200630188,372.32586431503296,121.94072598218918,0.9990373849868774,393.34570264816284,122.65686202049255,0.9982236623764038,367.3190288543701,122.33507019281387,0.9983063340187073,412.2727360725403,159.27107095718384,0.9997135996818542,345.5786499977112,160.87561398744583,0.9993700385093689,424.7382564544678,193.56029868125916,0.9242114424705505,332.1003646850586,206.23828983306885,0.9513895511627197,422.7921829223633,216.94447445869446,0.8998975157737732,344.4207458496094,229.0288124680519,0.9308947920799255,400.186806678772,254.13556957244873,0.9997082352638245,365.2845778465271,257.08023047447205,0.9996821284294128,395.9506015777588,315.431235909462,0.9764639735221863,366.88666915893555,326.1591876745224,0.9803024530410767,402.32484912872314,370.8692054748535,0.973391592502594,376.21083402633667,393.1087260246277,0.9791702032089233
30,20.539999997708946,28.260975994260992,31.407195348219012,153.96644565244068,129.19642970501056,176.51380734841015,169.96766539751562,170.12802876439403,173.77162858743048,377.34690284729004,128.93797808885574,0.999519407749176,385.5787453651428,122.09261161088943,0.9992460012435913,371.4456276893616,121.78762948513031,0.999099850654602,392.7244825363159,122.63329994678497,0.9983446002006531,366.8886151313782,122.22550797462463,0.9984123706817627,411.7345862388611,159.12236207723618,0.9997361302375793,345.07373332977295,160.84777826070786,0.9994222521781921,424.8377285003662,193.52261930704117,0.9311832785606384,328.9273428916931,205.7494551539421,0.9547205567359924,422.70052003860474,217.09046244621277,0.9084228873252869,342.77498388290405,228.77279216051102,0.9355480074882507,399.5157241821289,253.08661568164825,0.999722421169281,364.77225637435913,256.5663949251175,0.9997040033340454,395.6576442718506,309.34868800640106,0.9768413305282593,366.72242403030396,326.5339300632477,0.9811692833900452,401.22431325912476,362.7680402994156,0.9712777137756348,376.14002084732056,395.0622698068619,0.9801815152168274
31,19.51290003489703,31.117447962739075,33.70645422721179,145.47095153784298,123.66493264804465,176.22112406185025,169.95736670552682,171.04482581741337,173.92430118449786,377.29860734939575,128.49804824590683,0.9995599389076233,385.4689874649048,121.77653223276138,0.9993016123771667,371.15499544143677,121.51223528385162,0.9991653561592102,392.44459104537964,122.40034312009811,0.9984704852104187,366.77734088897705,121.96279227733612,0.9985218644142151,411.3725848197937,158.89872181415558,0.9997583031654358,344.5683617591858,160.8233757019043,0.9994721412658691,426.6693181991577,193.92439967393875,0.9376315474510193,326.59551191329956,205.6457335948944,0.9579640030860901,422.16813230514526,217.2182446718216,0.9164099097251892,342.2954912185669,228.50191378593445,0.9399650692939758,399.0908703804016,251.87218594551086,0.9997372627258301,364.52936363220215,255.90135753154755,0.9997268915176392,395.5058584213257,306.62340795993805,0.9765443801879883,366.76771211624146,326.5749856233597,0.982210636138916,399.7576060295105,353.26201140880585,0.9669045805931091,376.49734687805176,396.7850078344345,0.9813323020935059
32,18.28030002070591,31.865372582125275,35.13450268110393,141.25259626773928,122.53341223773076,176.66349092578045,169.73685102166473,173.81124916249328,173.93597070397124,376.37459897994995,128.0761674642563,0.9995765089988708,384.5981774330139,121.3466027379036,0.9993118643760681,370.3032155036926,121.18161123991013,0.9991794228553772,391.7855634689331,122.10403650999069,0.9985165596008301,366.0868239402771,121.81612050533295,0.9985156059265137,411.0533695220947,158.80416011810303,0.9997736811637878,344.3359065055847,160.80320405960083,0.9995072484016418,426.93882274627686,194.1379398703575,0.9429860711097717,325.6264429092407,205.01177990436554,0.9608669281005859,420.79091453552246,217.84262537956238,0.9223030805587769,341.67649507522583,228.3402557373047,0.943740725517273,398.9422183036804,248.88313603401184,0.9997522830963135,364.41819047927856,253.71894538402557,0.9997445940971375,395.95264863967896,288.4491001367569,0.9773738980293274,366.8839144706726,326.7834829092026,0.9826272130012512,397.8596510887146,346.9285145998001,0.9655425548553467,377.1796250343323,400.07033586502075,0.9819633960723877
33,18.984300026204437,31.992343650339112,35.62816377625367,138.32004208208403,122.09567501336196,177.13170003294147,169.38281143009016,175.3693241192331,173.02762641124647,376.2485656738281,127.39543151855469,0.9996000528335571,384.32437658309937,120.67978465557098,0.9993369579315186,369.91202449798584,120.55009353160858,0.9992184042930603,391.1875686645508,121.66451978683472,0.9985814094543457,365.5961608886719,121.52347499132156,0.998563289642334,410.71805572509766,158.76512742042542,0.9997887015342712,343.93192768096924,160.77727723121643,0.9995434880256653,426.9892158508301,194.32341641187668,0.947740912437439,325.17798471450806,204.84261447191238,0.963618814945221,419.05192279815674,220.13754856586456,0.9275842905044556,341.480836391449,228.25570863485336,0.9474387764930725,399.11467695236206,248.0582640171051,0.9997674822807312,364.42549419403076,252.6571705341339,0.9997620582580566,396.2540216445923,284.1196331977844,0.9783641695976257,366.96248626708984,326.9175046682358,0.9831236600875854,396.35442876815796,344.6460704803467,0.9650300145149231,378.817400932312,402.3712136745453,0.9827524423599243
34,13.871899980586022,31.016532715927465,35.483413723148935,137.80508844438822,121.13367743043801,179.4970470073681,169.32508716777917,173.46764474175245,172.6080430707446,376.0335988998413,126.22839659452438,0.9996170401573181,384.00038480758667,119.64165735244751,0.9993537664413452,369.5023846626282,119.45152965188026,0.9992454051971436,390.64168548583984,121.03793102502823,0.9986297488212585,365.3226885795593,120.90559023618698,0.9985905885696411,410.42343044281006,158.77121025323868,0.9997990727424622,343.54103994369507,160.77025419473648,0.9995719790458679,427.01069736480713,196.34820199012756,0.9513614177703857,324.9962258338928,205.0371369123459,0.9660689234733582,418.2366614341736,222.75893610715866,0.9311513304710388,341.85228967666626,228.1221284866333,0.950667679309845,399.15945959091187,247.94885849952698,0.999781608581543,364.28995847702026,252.44465601444244,0.9997777938842773,396.3216505050659,272.1208394765854,0.9789836406707764,366.9796209335327,326.56834721565247,0.9832998514175415,396.1303639411926,339.12824308872223,0.9637593030929565,379.7543992996216,403.15300726890564,0.983207643032074
35,15.754899999592453,29.995259531916254,34.83539871133437,140.47816481666555,121.09309518626664,176.05165652102977,169.36104633381197,169.1863656040985,171.70641091745384,375.9763569831848,125.27651160955429,0.9996357560157776,383.7650990486145,118.81591635942459,0.9993776679039001,369.3583574295044,118.51515090465546,0.9992784857749939,390.1233744621277,120.68808978796005,0.9986867308616638,365.1886692047119,120.3742184638977,0.9986284375190735,409.9067368507385,158.77384567260742,0.9998103380203247,343.3734083175659,160.87141156196594,0.9996000528335571,426.376259803772,197.34216821193695,0.9538337588310242,325.2097268104553,205.80392998456955,0.9680960178375244,418.66189432144165,223.55622881650925,0.9334596395492554,341.89426708221436,228.02872067689896,0.9535382390022278,399.21869802474976,247.46217489242554,0.9997959136962891,364.1812114715576,252.27493500709534,0.9997918605804443,396.2170481681824,263.1675078868866,0.9796033501625061,366.9930911064148,325.9482116699219,0.9829422831535339,396.20893573760986,335.5740453004837,0.9639612436294556,381.21777057647705,402.85254096984863,0.9835519194602966
36,21.343100001104176,27.866159449481167,34.32957196009773,143.93188921057387,120.49286955554416,167.7852465774028,169.45403072112754,161.64871057415715,171.4682256936611,375.5571389198303,124.56298249959946,0.999652624130249,383.24276971817017,118.17280992865562,0.9993991851806641,369.006010055542,117.72599950432777,0.9993081092834473,389.6080961227417,120.36522954702377,0.9987339973449707,365.09172439575195,119.74714535474777,0.998659610748291,409.68570470809937,158.92130094766617,0.9998201131820679,343.18720149993896,160.97056031227112,0.9996255040168762,425.07402515411377,198.81088030338287,0.9557473063468933,325.4075336456299,206.38768249750137,0.9698501825332642,418.38571786880493,223.8193861246109,0.9356340765953064,342.3892517089844,228.02346408367157,0.9560546278953552,399.2875905036926,246.50088787078857,0.999808132648468,363.9930839538574,251.44749879837036,0.9998029470443726,396.0236134529114,255.98788475990295,0.9799754023551941,367.02718353271484,323.7032332420349,0.9825490713119507,395.18393898010254,331.82488346099854,0.9640960693359375,382.36258363723755,403.0681895017624,0.9837959408760071
37,17.261900007724762,25.89122876857203,33.75284047086768,147.08445401099746,118.95351569371178,161.70238999267707,177.4470827123509,156.07813134435847,173.35371326281998,375.1817936897278,123.56103879213333,0.9996693730354309,382.8286819458008,117.20987755060196,0.999422550201416,368.699734210968,116.83039140701294,0.9993395209312439,389.2126088142395,119.83994060754776,0.9987858533859253,364.9493398666382,119.1466828584671,0.9987018704414368,409.5272469520569,158.97403782606125,0.9998285174369812,343.1607918739319,161.13657748699188,0.9996479749679565,423.5575566291809,199.41363632678986,0.9570443034172058,325.72444915771484,207.17978984117508,0.971377432346344,417.51245641708374,224.05905258655548,0.9368411302566528,343.6464762687683,228.308944106102,0.9582818746566772,399.23047494888306,245.8764786720276,0.9998193979263306,363.8756685256958,250.7811508178711,0.9998127818107605,395.65931224823,253.51574742794037,0.9803247451782227,377.0161380767822,321.9685859680176,0.9819713234901428,394.1573247909546,329.4601572751999,0.9644548296928406,382.40557193756104,402.8499482870102,0.9838898181915283
38,13.724800024647266,24.202803827287035,33.71558959092162,148.6901610858445,118.16564307831808,105.54387255433066,175.45109771240075,99.31311325999813,176.74024556356395,374.8645749092102,122.71739119291306,0.9996895790100098,382.5787887573242,116.47809281945229,0.999454915523529,368.4791316986084,116.07154020667076,0.9993775486946106,389.0979986190796,119.41345140337944,0.9988550543785095,364.854088306427,118.5722825229168,0.9987654089927673,409.58587884902954,159.0827880501747,0.9998393654823303,343.1922559738159,161.2956286072731,0.9996737241744995,422.599910736084,200.62077236175537,0.958055853843689,325.8164405822754,207.55691123008728,0.9729394912719727,416.57750511169434,224.93100601434708,0.9383649230003357,344.1840195655823,228.5025263428688,0.9607101678848267,399.22448539733887,245.8883879184723,0.9998316764831543,363.8908066749573,250.03656649589539,0.9998250007629395,393.60168647766113,246.75252056121826,0.9804421067237854,374.76363706588745,322.096311211586,0.981411874294281,392.8250412940979,323.99848568439484,0.9644955992698669,382.2643246650696,402.63535392284393,0.983990490436554
39,15.34949999768287,23.234795919312372,32.997273033186396,150.1924971373964,117.34547359364531,91.12121040444755,174.1371716730631,85.220960258337,179.11213541722822,374.8531770706177,122.29407161474228,0.9997082948684692,382.51555728912354,116.10729643702507,0.999485194683075,368.38120126724243,115.72479024529457,0.9994128346443176,388.9292297363281,119.08977916836739,0.9989179372787476,364.74218225479126,118.30783599615097,0.9988235235214233,409.58153200149536,159.22931736707687,0.9998488426208496,343.1466393470764,161.58996933698654,0.999695897102356,421.9949154853821,201.35098296403885,0.9584940075874329,326.46265506744385,207.90789210796356,0.9742316007614136,416.37312746047974,224.9723749756813,0.939551830291748,345.9878349304199,228.95982146263123,0.9627266526222229,399.19799995422363,246.12261259555817,0.9998433589935303,363.8778672218323,250.0616385936737,0.999836266040802,393.1253023147583,245.51720690727234,0.9804253578186035,373.1636686325073,322.2972583770752,0.9807931184768677,391.89329957962036,322.7292392253876,0.9646428227424622,382.2131733894348,402.5044376850128,0.9840720891952515
40,14.523899997584522,22.63651412456398,32.138606968126936,150.61742986429246,118.5641884807914,87.01578743098307,173.12823402051254,81.04248760540477,178.95913108249042,374.8204998970032,122.06810933351517,0.9997243285179138,382.4455780982971,115.88050791621208,0.9995107054710388,368.297297000885,115.57503432035446,0.999442994594574,388.79101514816284,118.83556804060936,0.9989713430404663,364.6530466079712,118.19531783461571,0.9988700747489929,409.58307361602783,159.3840378522873,0.9998572468757629,343.1491160392761,161.89563524723053,0.9997152090072632,421.5705165863037,201.74252080917358,0.9592510461807251,327.254008769989,208.20895671844482,0.9753059148788452,415.98178482055664,224.87701553106308,0.9410461187362671,346.5040988922119,229.22176790237427,0.9645261764526367,399.1665105819702,246.2882593870163,0.9998535513877869,363.85737133026123,250.21366667747498,0.9998460412025452,392.908793926239,245.20520174503326,0.9804179072380066,371.8669180870056,322.4833047389984,0.9803095459938049,391.7467703819275,322.46316158771515,0.9645026326179504,382.1983890533447,402.4126681089401,0.9841408133506775
41,14.669800002593547,22.664124727048925,31.341980859050036,149.93508244430745,119.59529613040856,80.97727891246893,172.36858658126965,74.65080892978703,177.4734306996746,374.5814232826233,121.76617574691772,0.9997415542602539,382.2441825866699,115.60546272993088,0.9995390772819519,368.1099781990051,115.35070315003395,0.99947589635849,388.67688512802124,118.60894334316254,0.9990322589874268,364.56719636917114,118.04355329275131,0.9989289045333862,409.6129961013794,159.46099209785461,0.9998651742935181,343.19167470932007,162.09549975395203,0.9997329115867615,421.6478500366211,201.94933712482452,0.9602749943733215,328.0305275917053,208.2865662574768,0.9763995409011841,415.8021488189697,224.96666252613068,0.9427148699760437,347.16944456100464,229.369080722332,0.9663090705871582,399.1678500175476,246.4199733734131,0.9998632073402405,363.8393774032593,250.32996702194214,0.9998553395271301,392.663601398468,244.57062125205994,0.9804795384407043,370.85028648376465,322.6206884384155,0.9798433780670166,391.95468616485596,322.2549777030945,0.9644290208816528,382.1491332054138,402.3505291938782,0.984164297580719
42,26.531899988185614,22.781604570001505,30.978608009716364,149.06499857064415,119.79323356644919,112.80387068406587,171.83728304762437,106.23832779946609,176.4240932994256,374.04370307922363,121.60109877586365,0.9997556805610657,381.76868295669556,115.45755159854889,0.999561607837677,367.7852282524109,115.25317126512527,0.9995027780532837,388.4817318916321,118.50116893649101,0.9990821480751038,364.45155000686646,117.96448358893394,0.9989764094352722,409.64044189453125,159.46771597862244,0.999872624874115,343.20052003860474,162.25379586219788,0.9997494220733643,421.8034772872925,202.1923085451126,0.9617139101028442,328.3979878425598,208.29887437820435,0.977526068687439,415.59276723861694,225.2997367978096,0.9446070194244385,347.74471950531006,229.49720484018326,0.96805739402771,399.1216015815735,246.50835251808167,0.999871551990509,363.8038444519043,250.393359541893,0.9998632669448853,392.3788070678711,248.43075561523438,0.9807581305503845,370.124716758728,322.7230281829834,0.9796765446662903,391.9438695907593,325.0546762943268,0.9646531939506531,382.1209797859192,402.3238331079483,0.9842956066131592
43,17.380099976435304,22.859927750344475,30.60537561369887,149.2377683390168,120.06721959746086,129.7152301545063,171.61060985382258,123.16012373923571,175.8943321413981,373.9447112083435,121.45308792591095,0.9997686743736267,381.71561098098755,115.2496882379055,0.999581515789032,367.7206320762634,115.050806671381,0.9995279908180237,388.43601417541504,118.3022018969059,0.9991247057914734,364.37937211990356,117.70529365539551,0.9990212321281433,409.6571469306946,159.3733252286911,0.9998787045478821,343.22058629989624,162.24789822101593,0.9997643232345581,421.8610224723816,202.03535151481628,0.9630653858184814,328.76398229599,208.3049572110176,0.9786526560783386,415.733989238739,225.22761178016663,0.9461976289749146,348.3166837692261,229.6381214261055,0.9697195291519165,399.12829875946045,246.42681121826172,0.9998786449432373,363.8052091598511,250.15508913993835,0.9998703002929688,392.48717498779297,250.7098377943039,0.9811562299728394,369.9245343208313,323.1854374408722,0.9796600937843323,392.0304527282715,327.41641092300415,0.9649516940116882,382.31100273132324,402.32551407814026,0.984477698802948
44,14.265100006014109,22.884642132108237,30.520235240693484,149.80428542513184,120.20576499417622,146.59974475486246,171.23788152263356,140.23714027664198,175.60291676705074,373.93963146209717,121.36765760183334,0.999779224395752,381.716166973114,115.09486803412437,0.999596118927002,367.67049169540405,114.97988539934158,0.9995488524436951,388.38541889190674,118.11177504062653,0.9991581439971924,364.2731018066406,117.62497746944427,0.9990569353103638,409.66894912719727,159.17371714115143,0.9998840093612671,343.2593288421631,162.2323706150055,0.9997784495353699,421.8918800354004,201.91930758953094,0.9648046493530273,329.0303530693054,208.2831045985222,0.9797335863113403,415.87162256240845,225.64487701654434,0.9479861259460449,348.7419419288635,229.70137149095535,0.9712427854537964,399.1537227630615,245.7252198457718,0.9998838901519775,363.9413766860962,249.38460648059845,0.9998767375946045,392.5311236381531,253.526801943779,0.9815172553062439,369.86736822128296,323.235040307045,0.9799502491950989,391.7847800254822,329.294681429863,0.9642847180366516,382.36986207962036,402.30802059173584,0.9847145080566406
45,19.353299983777106,22.88568777829731,30.520980251370887,150.8700162492286,121.20209738499415,168.2984918501433,170.73269527936216,161.875255988155,175.277754382628,373.94180488586426,121.33544850349426,0.9997885227203369,381.66567277908325,114.98577591776848,0.9996093511581421,367.60614824295044,114.93789675831795,0.9995673298835754,388.2730326652527,117.91025805473328,0.999193012714386,364.17153215408325,117.5846982896328,0.9990911483764648,409.6810040473938,158.60114735364914,0.9998885989189148,343.3100504875183,162.07225108146667,0.9997894763946533,421.90936851501465,201.26572358608246,0.9666340351104736,329.3102192878723,207.9686634540558,0.9805909991264343,416.2167167663574,225.6574273109436,0.9494690299034119,348.7381258010864,229.67122799158096,0.972445547580719,399.2249655723572,245.09987044334412,0.9998894929885864,364.21962547302246,248.78247725963593,0.9998840689659119,393.07410049438477,263.38309943675995,0.9820621013641357,369.8073968887329,323.2653832435608,0.9804487824440002,392.5002660751343,333.44200527668,0.9632470011711121,382.3401417732239,402.2816663980484,0.9849658012390137
46,25.263099989388138,23.490797686397528,30.391654599887648,152.88536618351606,122.06163729181661,176.67028493718036,170.2365861039985,169.31358432253367,175.20933271632552,373.8969717025757,121.24433422088623,0.9997990727424622,381.5806818008423,114.84970992803574,0.9996249675750732,367.52894115448,114.84956035017967,0.9995874166488647,388.1883955001831,117.70070660114288,0.999229907989502,364.07534551620483,117.49163949489594,0.9991300702095032,409.66778659820557,157.70843821763992,0.9998937845230103,343.3606963157654,161.59632283449173,0.9998010396957397,421.9609999656677,198.88408797979355,0.9686052203178406,329.6243042945862,207.6564303636551,0.9815413951873779,417.04443740844727,225.4338440299034,0.9515632390975952,348.98162508010864,229.66534459590912,0.9738090634346008,399.2826623916626,243.93632566928864,0.9998936653137207,364.51892614364624,247.83059227466583,0.9998902082443237,394.06765842437744,272.9281325340271,0.9825629591941833,369.8165707588196,323.17070758342743,0.9810337424278259,394.62653160095215,338.38485538959503,0.9624384641647339,382.07046031951904,402.20850145816803,0.9853046536445618
47,19.741799973417073,24.02073184543696,30.27743770899089,154.13499314447824,122.73014965512104,178.20855391314007,170.1966304278087,169.49423082722134,175.85508456502828,373.8440260887146,120.90235650539398,0.9998151659965515,381.504536151886,114.49746832251549,0.9996523261070251,367.49133586883545,114.54124477505684,0.9996176362037659,388.10325288772583,117.33201143145561,0.9992892742156982,364.0639224052429,117.19107347726822,0.9991954565048218,409.609028339386,156.88843816518784,0.9999009966850281,343.50260066986084,160.90514492988586,0.9998155832290649,422.01488065719604,197.58001124858856,0.9711012244224548,329.7138442993164,207.17286652326584,0.9818649291992188,417.6638379096985,225.33399724960327,0.9547600746154785,348.9314341545105,229.5353543162346,0.9745335578918457,398.79968214035034,244.09832561016083,0.9998983144760132,364.70204973220825,247.9858683347702,0.9998984336853027,393.966215133667,296.45863819122314,0.9822860360145569,369.78909969329834,323.0125254392624,0.9820361733436584,398.45491647720337,345.48114228248596,0.9575351476669312,380.82061529159546,401.26977932453156,0.9858260154724121
48,15.6620999914594,24.049128204152538,30.25977090796943,155.2508670114803,123.24688148784449,177.61033121125814,170.28700260034856,167.2805798798054,175.7460907132576,373.84695768356323,120.32616835832596,0.999828577041626,381.5111575126648,113.9086444079876,0.9996747970581055,367.4954299926758,113.96791285276413,0.9996426105499268,388.1029748916626,116.72398456931114,0.9993377923965454,364.06831979751587,116.63665959239006,0.9992523193359375,409.59568452835083,156.2396264076233,0.999905526638031,343.95929765701294,160.16889423131943,0.9998258948326111,422.05852603912354,197.4302197098732,0.9731554388999939,329.8519072532654,206.78110074996948,0.9820419549942017,418.11014795303345,225.82951307296753,0.9570226073265076,348.8823046684265,229.52954214811325,0.9750113487243652,398.45878314971924,244.2103523015976,0.9998989105224609,364.9302086830139,248.05199599266052,0.999902606010437,393.1775403022766,306.76948142051697,0.9823980927467346,369.7674160003662,322.6897791624069,0.982542872428894,400.01793670654297,356.10381972789764,0.9562567472457886,380.36904859542847,398.4889417886734,0.9857288002967834
49,24.393900006543845,23.86945156946628,30.606788021571656,156.37645398668212,124.8791296606639,177.0846806791461,170.0280346677327,163.17117023337735,175.71054148325274,373.8275990486145,119.86902993917465,0.9998418688774109,381.5076193809509,113.46449789404869,0.999698281288147,367.49446964263916,113.53363135457039,0.9996684789657593,388.11535835266113,116.28281536698341,0.9993889331817627,364.073121547699,116.1730180978775,0.9993110299110413,409.69899797439575,155.92921674251556,0.9999110698699951,344.5775103569031,159.7297906279564,0.9998375773429871,422.0924668312073,197.37016063928604,0.9749307036399841,330.1148409843445,206.11711752414703,0.9823240637779236,418.57280921936035,226.14529329538345,0.9592984318733215,348.0029525756836,229.1746722459793,0.9757797122001648,398.4766254425049,244.5215312242508,0.9999027252197266,365.45749139785767,248.12501847743988,0.9999081492424011,393.2500972747803,313.9651165008545,0.9824010133743286,369.80631017684937,323.1291106939316,0.9827072024345398,405.63585805892944,369.71993470191956,0.9545431733131409,379.89246225357056,398.64273631572723,0.9854125380516052
50,15.816400002222508,23.486545321084648,30.64260909161068,157.9389838498984,126.61215659959039,176.4647581297863,170.21719682586988,164.3882581537837,176.1629011613367,373.8352565765381,119.5097296833992,0.9998539686203003,381.51770305633545,113.03389173746109,0.999719500541687,367.5015459060669,113.17973014712334,0.9996922016143799,388.15268564224243,115.77624502778053,0.999434769153595,364.1048889160156,115.7596632540226,0.9993655681610107,410.0821270942688,155.78429716825485,0.9999152421951294,345.45643281936646,159.31308096647263,0.9998473525047302,422.1015396118164,197.22512710094452,0.9763665199279785,330.6128582954407,205.43739300966263,0.9824022650718689,419.11363792419434,226.20348620414734,0.9611844420433044,347.45444107055664,229.0059341788292,0.9763562083244324,398.49211740493774,246.103609085083,0.9999066591262817,365.75995111465454,248.6536123752594,0.9999127388000488,393.5058283805847,321.63148021698,0.9828729629516602,369.79604959487915,325.13664495944977,0.9829140901565552,405.7451105117798,380.04137659072876,0.9552431106567383,378.6379418373108,398.6554148197174,0.9851552844047546
51,17.47100002830848,22.759413044121242,30.40482111512142,159.49801688756136,129.26881834457203,175.61002374978085,170.76947814815733,165.59410168434042,175.96057837085607,373.9644742012024,119.3087540268898,0.9998644590377808,381.59834718704224,112.7216871380806,0.9997377991676331,367.65459537506104,112.8886516392231,0.9997124671936035,388.28058910369873,115.42443791031837,0.9994738101959229,364.2120690345764,115.47791555523872,0.9994121789932251,410.8492193222046,155.7231554389,0.9999168515205383,346.3840298652649,159.26117032766342,0.9998528361320496,422.32659006118774,197.23630982637405,0.9772678017616272,331.29121923446655,204.88197481632233,0.9819490313529968,419.74779748916626,226.43518942594528,0.9625672101974487,346.48997163772583,228.80799281597137,0.976536214351654,398.76217794418335,250.0172780752182,0.9999094605445862,366.23406076431274,251.86144483089447,0.9999152421951294,394.74432611465454,328.93236112594604,0.983232319355011,370.10376596450806,329.09233820438385,0.9829539656639099,407.0889182090759,389.6552724838257,0.9566919207572937,378.53930377960205,398.71971905231476,0.9848456978797913
52,15.756700013298541,23.02269346271267,29.32986626399759,159.02375741131627,132.77314452004757,174.3995854490466,171.59011943694017,167.27991971663792,176.23480285597321,374.561635017395,119.36803671717644,0.9998720288276672,382.10078716278076,112.69224879145622,0.999750554561615,368.2965135574341,112.86907118558884,0.9997255802154541,388.65760231018066,115.28809413313866,0.9995021224021912,364.4941086769104,115.40943738818169,0.9994462728500366,411.4270215034485,155.6745924949646,0.9999162554740906,347.2552695274353,159.01943826675415,0.9998545050621033,423.0310068130493,197.26293468475342,0.9779219031333923,332.48296308517456,204.85634714365005,0.9811553955078125,420.25064182281494,226.75265061855316,0.9637822508811951,345.9598078727722,228.8092891573906,0.9765017032623291,398.7939453125,252.51351881027222,0.9999085068702698,366.45117568969727,253.6510797739029,0.9999125599861145,396.17625856399536,334.34901690483093,0.9831980466842651,370.65268182754517,332.32541370391846,0.9822362065315247,408.15869760513306,396.643350481987,0.9580151438713074,378.59470081329346,398.7113426923752,0.9837608933448792
53,23.46850000321865,23.004652706838428,28.070418011594008,158.3071434644493,136.81937398381697,173.0817121249786,172.31090043923234,169.90565724537103,176.6943411428993,375.73394441604614,119.27263453602791,0.9998804330825806,383.1035442352295,112.37540727853775,0.9997653961181641,369.7536678314209,112.5952297449112,0.9997404217720032,389.8779544830322,115.00883939862251,0.9995315074920654,365.29079484939575,115.1708535850048,0.9994810223579407,412.6758050918579,155.711488366127,0.9999158382415771,348.0810947418213,158.92567431926727,0.9998553395271301,424.034218788147,197.82080310583115,0.9785585999488831,333.88790464401245,204.89446812868118,0.9807373285293579,420.6479740142822,227.09907293319702,0.9651560187339783,345.84625911712646,229.3886540532112,0.976859986782074,398.9387307167053,254.59316384792328,0.9999081492424011,366.61658334732056,255.0708727836609,0.9999092221260071,397.50803661346436,337.31302320957184,0.9834626913070679,371.01751375198364,333.22738242149353,0.9818163514137268,408.02303552627563,402.93488001823425,0.9601420164108276,378.51772117614746,398.7656465768814,0.983044445514679
54,20.525400002952665,23.11410457291195,27.35445970775201,157.41420196236768,140.5692843125779,172.1815497965544,173.02889387600243,171.06807586055572,177.29543132011844,376.4136953353882,119.30346181988716,0.9998860955238342,383.82592964172363,112.37298554182053,0.9997745752334595,370.59147214889526,112.62142011523247,0.999747633934021,390.97194480895996,114.97215721011162,0.9995483756065369,366.07449102401733,115.1793581545353,0.9995031356811523,414.243980884552,155.7836703658104,0.9999159574508667,349.32335805892944,158.84330677986145,0.9998572468757629,425.1324043273926,198.21644365787506,0.979180634021759,335.34842014312744,204.50599306821823,0.98070228099823,420.9650664329529,227.1572943329811,0.9664366841316223,345.6559076309204,229.49633586406708,0.977349042892456,399.0752773284912,254.65433406829834,0.9999071955680847,366.87602949142456,255.067795753479,0.9999051690101624,397.7926540374756,335.95508420467377,0.9831384420394897,371.4246768951416,332.3876950740814,0.9806758165359497,407.49979639053345,404.7801864147186,0.9614972472190857,378.4779930114746,398.70117139816284,0.9815916419029236
55,25.35159996477887,23.223499753333517,26.603484959768373,156.3437719370561,147.25981417244444,172.38541658079407,173.71090017274565,171.19321244589892,177.6837834555123,378.0161657333374,119.23390811681747,0.9998929500579834,385.2088084220886,112.21845737099648,0.999786913394928,372.2623043060303,112.61213204264641,0.9997587203979492,392.53880643844604,114.89777427911758,0.9995698928833008,367.3935823440552,115.19331163167953,0.9995280504226685,415.48808908462524,156.03808093070984,0.9999154210090637,351.1530270576477,158.8512842655182,0.9998548030853271,426.1135787963867,198.32735919952393,0.9795961380004883,337.5805010795593,203.2758790254593,0.9806551337242126,421.23598623275757,227.31244218349457,0.9676098823547363,344.9527039527893,229.4134412407875,0.9778755307197571,399.75505352020264,254.04935574531555,0.9999070167541504,367.4006333351135,254.7641099691391,0.9999018311500549,397.6713466644287,333.3640823364258,0.9826947450637817,371.88910722732544,332.00981867313385,0.9797706007957458,406.94423389434814,405.73130214214325,0.9625804424285889,378.48572635650635,398.78650200366974,0.9803468585014343
56,22.2150000045076,23.51898872512059,26.19675859867526,152.5389910138991,152.79010628804875,172.96512538253504,173.553926225549,172.75846266913746,177.20259039109536,379.8788151741028,119.08922359347343,0.9998990893363953,386.96953439712524,111.90992811322212,0.9997974038124084,374.12828969955444,112.58443877100945,0.9997695684432983,394.42265939712524,114.71902161836624,0.9995870590209961,369.02054166793823,115.22295653820038,0.9995513558387756,417.13617610931396,156.44262492656708,0.9999105930328369,352.86773204803467,159.03911131620407,0.9998461008071899,428.1961736679077,198.99521720409393,0.9798572063446045,339.6455063819885,202.20361948013306,0.9806009531021118,421.62654542922974,227.69944995641708,0.9686293005943298,344.483118057251,229.14677953720093,0.9783083200454712,401.63706159591675,254.8625464439392,0.9999053478240967,368.3880500793457,255.22825717926025,0.9998960494995117,398.96574687957764,334.7765246629715,0.9828788042068481,372.01486253738403,331.5761283636093,0.9796257615089417,405.6888036727905,406.8794047832489,0.9642428159713745,378.5033664703369,398.7512871026993,0.9798977375030518
57,21.51869999943301,23.6752407889288,26.943858768039018,150.23753451312027,154.7655934679996,172.85305636714082,173.3246791031967,174.3146221212092,176.7557294241782,382.6687078475952,118.66348940134048,0.9999033212661743,389.48590421676636,111.23890760540962,0.9998044371604919,376.98341035842896,112.27490520477295,0.9997739791870117,396.7732424736023,114.39267835021019,0.9995957016944885,371.20642471313477,115.20490747690201,0.9995616674423218,419.3935546875,156.82608556747437,0.9999081492424011,355.01522636413574,159.0481714606285,0.9998346567153931,430.305456161499,199.6819932460785,0.9801152348518372,341.12601232528687,201.00842118263245,0.9804074168205261,422.4062738418579,228.20912581682205,0.9694534540176392,344.540461063385,229.14400166273117,0.9783732891082764,403.1882543563843,254.8181574344635,0.99990314245224,369.58108282089233,255.03340709209442,0.9998881816864014,400.0352735519409,335.30759727954865,0.982935905456543,372.1819887161255,331.2864601612091,0.9794570803642273,404.36645221710205,407.3158587217331,0.9658362865447998,378.29694175720215,398.50697660446167,0.9793309569358826
58,24.738800013437867,23.20223051434016,26.253666873341917,150.9987069021764,158.87663579905686,172.204256845656,173.0436263513823,177.04609447894484,176.48031769378585,385.2129530906677,118.25707212090492,0.9999054670333862,391.70340299606323,110.86402276158333,0.9998070597648621,379.3573956489563,112.10361006855965,0.9997735023498535,398.59942388534546,114.09043848514557,0.9995943903923035,373.34694385528564,115.16509839892387,0.9995629787445068,421.4866375923157,156.94799864292145,0.9999045729637146,356.6774911880493,159.04443913698196,0.9998226165771484,431.8874053955078,199.6702691912651,0.9802511930465698,343.2985768318176,200.36547857522964,0.9801772832870483,424.03891944885254,228.32263404130936,0.9701911211013794,344.8698105812073,228.62423998117447,0.9783095121383667,405.04756784439087,254.9769378900528,0.9999016523361206,370.68177032470703,254.89078104496002,0.9998815655708313,402.62048530578613,335.61678183078766,0.9827720522880554,372.47780179977417,330.74333584308624,0.9790247678756714,404.1823935508728,408.3653539419174,0.9670140147209167,378.25994300842285,398.521649479866,0.9787453413009644
59,31.620000023394823,24.043216343022934,26.301189034501498,148.36418512900983,159.9006768127765,172.44196131684376,173.4931646195936,178.1882762471466,176.5309245211003,387.92306089401245,118.05034127831459,0.9999048113822937,394.09502840042114,110.6200612783432,0.999804675579071,381.74002408981323,112.09404420852661,0.9997637271881104,400.545042514801,113.86897778511047,0.999581515789032,375.3551621437073,115.17423689365387,0.9995463490486145,423.01495885849,156.95130360126495,0.9999021887779236,358.8337802886963,158.76239228248596,0.9998078942298889,434.0999002456665,199.49012047052383,0.9804738759994507,345.34763526916504,198.46945816278458,0.9798163771629333,425.27342414855957,228.3057958483696,0.9708097577095032,346.0439395904541,228.24257427453995,0.9778693318367004,406.6765489578247,255.242702126503,0.9999005198478699,371.5481071472168,254.79844164848328,0.9998748898506165,404.0040211677551,336.679354429245,0.9825412631034851,372.9162015914917,330.5428160429001,0.9785929322242737,403.91903018951416,408.4051843881607,0.968103289604187,378.27197265625,398.53609442710876,0.9779770374298096
60,16.037900000810623,24.150647819352873,25.41108488206449,146.47416699791916,161.5651573730554,172.6121992007224,173.13677526747955,179.96047870185657,175.99466178223813,389.68798208236694,117.74118521809578,0.9999070167541504,395.90056228637695,110.33136177062988,0.9998084902763367,383.32341384887695,111.87212052941322,0.9997637271881104,402.38803005218506,113.65600740909576,0.9995846748352051,376.8557343482971,115.07226753234863,0.9995490908622742,424.94877529144287,156.8933671116829,0.9999001622200012,360.6935486793518,158.46611416339874,0.9997918009757996,436.13776302337646,199.07962185144424,0.9806472063064575,347.72948026657104,197.74877780675888,0.9794775247573853,426.3198013305664,228.13331121206284,0.9711679220199585,347.8179588317871,227.40943986177444,0.9772160649299622,408.6629571914673,256.3863031864166,0.999901533126831,372.80649423599243,255.06637120246887,0.9998722076416016,405.93242931365967,338.33448326587677,0.9823808073997498,373.18034839630127,330.5073162317276,0.9783623814582825,403.61710119247437,409.29228079319,0.9689161777496338,378.28700971603394,398.59427309036255,0.9768962264060974
61,15.99990000249818,25.501909315392982,24.936475226082216,147.00054291667954,161.65744387101788,173.4886612570354,173.0139028589485,179.13913260956477,175.37872720699676,392.35714864730835,117.7382363975048,0.9999071359634399,398.3810453414917,110.3353718817234,0.9998087286949158,386.0570249557495,111.84307393431664,0.999757707118988,404.7054810523987,113.6698326766491,0.9995815753936768,378.9989070892334,115.06993839144707,0.9995409846305847,426.61705493927,156.8555310368538,0.9999001026153564,362.95853424072266,157.47768944501877,0.9997773170471191,438.1325616836548,196.73468267917633,0.980819046497345,349.77901887893677,196.92642724514008,0.9788157939910889,428.9327116012573,227.0285434126854,0.9711115956306458,349.712628364563,225.84996962547302,0.9758278131484985,410.1909499168396,256.12808907032013,0.999902606010437,373.9779443740845,254.76131784915924,0.9998698830604553,406.1060252189636,337.21481466293335,0.9821510910987854,373.28618907928467,330.44215726852417,0.9779679179191589,403.5883159637451,408.48877704143524,0.9697333574295044,378.1344404220581,398.11884343624115,0.9758275747299194
62,13.934799993876368,25.82975268104835,24.71992102925737,149.58410842285082,160.48181558862206,173.91473858122322,172.9957026369817,179.93001666950852,175.41724469000425,394.5650691986084,117.672322422266,0.9999051094055176,400.6054434776306,110.28395983576775,0.9998055696487427,388.4876961708069,111.77522256970406,0.9997434616088867,406.65572452545166,113.66577982902527,0.99956876039505,381.0391454696655,115.02047798037529,0.9995180368423462,428.1132802963257,156.8178659081459,0.9999010562896729,364.83478021621704,156.2526040673256,0.9997662305831909,439.37232303619385,194.5355320572853,0.9809410572052002,351.4353699684143,195.7542924284935,0.9786562919616699,431.62654399871826,226.08238512277603,0.9712505340576172,351.82251739501953,224.1661503314972,0.9749143123626709,412.01915311813354,256.0878312587738,0.9999038577079773,375.1484088897705,254.67077338695526,0.9998679757118225,407.62272119522095,336.648983001709,0.9814887642860413,373.8002543449402,330.2522931098938,0.9772332906723022,403.62953519821167,408.21432304382324,0.9698892831802368,377.9788131713867,397.40027141571045,0.9741660952568054
63,13.760300003923476,26.058864111456778,24.738565407190002,151.58043998937796,158.15617316901023,174.0006365213441,172.90522057114836,179.80863689467637,177.04009131547977,396.9203782081604,117.64878171682358,0.9999057650566101,402.9255986213684,110.28896000981331,0.9998061060905457,390.79281425476074,111.75772196054459,0.9997410774230957,408.99096727371216,113.67542403936386,0.9995692372322083,383.2107243537903,115.02218744158745,0.9995190501213074,430.1090393066406,156.8113129734993,0.9999016523361206,366.45633125305176,156.04716956615448,0.9997591376304626,440.78287506103516,192.23026663064957,0.9810910224914551,352.7124080657959,196.0870532989502,0.9784460663795471,433.9165744781494,225.53598433732986,0.9714657664299011,354.0803256034851,223.1018540263176,0.9741250276565552,413.74520540237427,256.86862766742706,0.9999081492424011,376.4667420387268,254.70943570137024,0.9998713731765747,409.123571395874,337.2953017950058,0.9814359545707703,374.7444806098938,330.52720296382904,0.9768915176391602,404.81400060653687,408.15828120708466,0.9699814915657043,376.6483745574951,396.27769672870636,0.9716850519180298
64,15.679100004490465,23.525532447914223,24.791477952401216,156.98720692527343,153.97704214170764,173.01226284471613,172.53776380260598,179.28969334918517,178.42559644784933,399.23100566864014,117.64660215377808,0.9999083280563354,405.31216955184937,110.30198040604591,0.9998083710670471,392.80752754211426,111.75904679298401,0.9997466206550598,411.48610830307007,113.68417790532112,0.9995714426040649,385.2927632331848,115.03375479578972,0.9995357394218445,432.020489692688,156.79470270872116,0.9998992681503296,367.8004674911499,156.103482067585,0.999755322933197,440.81325244903564,192.81035804748535,0.9811058640480042,353.595449924469,196.66227275133133,0.9784395694732666,435.4923572540283,225.32755827903748,0.9718550443649292,356.6659164428711,222.717367708683,0.9740930795669556,414.48480129241943,258.2534906864166,0.999912679195404,377.3496322631836,255.465273976326,0.9998754858970642,410.59151697158813,337.34433484077454,0.9817211031913757,374.76277780532837,330.56965458393097,0.9767389297485352,406.2322607040405,408.04155349731445,0.9700839519500732,374.3297610282898,392.8613954782486,0.9683903455734253
65,15.671700006350875,23.475900483305978,24.780553809889454,158.17659443036925,150.99570060907584,172.74839652675033,171.33489361797544,178.09721121006052,178.8396674546138,400.89632844924927,117.60812503099442,0.999910831451416,406.9068560600281,110.28256377577782,0.9998101592063904,394.460542678833,111.75535008311272,0.999752938747406,412.9226655960083,113.68122908473015,0.9995715022087097,387.0618796348572,115.05285802483559,0.9995524287223816,433.51221656799316,156.86168509721756,0.999894380569458,369.27629804611206,156.1620453596115,0.9997490644454956,442.2683849334717,193.09694921970367,0.9811941385269165,354.56464529037476,198.158507168293,0.9784963726997375,437.65006160736084,224.99428457021713,0.9722486734390259,358.6602096557617,222.12210482358932,0.9742075204849243,415.81885385513306,258.33486104011536,0.9999154806137085,378.7935690879822,255.45968973636627,0.9998775124549866,412.17245531082153,337.43647480010986,0.9821138978004456,374.60919761657715,330.53150510787964,0.9767633676528931,406.541392326355,408.3196543455124,0.9701629877090454,372.4611220359802,391.13654911518097,0.9660599827766418
66,16.643599956296384,25.29632860799577,24.420242403097323,152.69121114824392,150.3470800304675,172.3327629942442,170.83565510380066,178.13313208074874,179.28309672651196,401.93398666381836,117.62022659182549,0.999911367893219,407.9854555130005,110.35723873972893,0.9998079538345337,395.48316383361816,111.81959021091461,0.9997536540031433,414.0752878189087,113.77686631679535,0.9995618462562561,388.45089960098267,115.21971568465233,0.9995591044425964,435.47441387176514,157.41241651773453,0.999891459941864,370.4334945678711,156.18119132518768,0.9997448325157166,445.57497119903564,195.35142940282822,0.9811680912971497,355.63965606689453,198.6340365409851,0.978256106376648,439.06859970092773,224.94248789548874,0.9723108410835266,359.90863943099976,221.80131018161774,0.9737765789031982,416.924418926239,258.60079622268677,0.9999161958694458,379.48039627075195,255.43686842918396,0.9998751282691956,413.1787757873535,337.4142518043518,0.9825567603111267,374.3673663139343,329.36553859710693,0.9769421815872192,407.4182171821594,409.20204973220825,0.9704836010932922,371.10076093673706,387.0797127485275,0.9636434316635132
67,15.580300008878112,25.849902632510684,23.601607181401317,149.1239441299187,148.2456331583984,170.86198007630796,169.3012160261875,176.13918706388586,178.17165683618234,403.3940472602844,117.60298240184784,0.9999151825904846,409.5195894241333,110.39228269457817,0.9998136162757874,397.00256395339966,111.80982491374016,0.9997618198394775,415.61151933670044,113.8995201587677,0.9995697140693665,389.7016291618347,115.26627001166344,0.9995743632316589,436.8203191757202,157.84267365932465,0.9998963475227356,371.10738229751587,156.33856147527695,0.9997553825378418,447.5117950439453,197.16389989852905,0.9813660383224487,356.5314927101135,199.91848295927048,0.9782259464263916,439.70192527770996,225.01365846395493,0.9726939797401428,361.73247051239014,221.98697191476822,0.9729698300361633,417.92136335372925,258.4508764743805,0.9999184012413025,379.93193769454956,255.05223965644836,0.9998764991760254,415.8544626235962,337.33820927143097,0.982811689376831,373.3760323524475,322.0303260087967,0.97757887840271,409.14260149002075,408.85306322574615,0.9702481031417847,369.5967769622803,379.5056029558182,0.9624074697494507
68,15.36130002932623,26.72938365852617,23.0960261368988,144.099480513162,145.7721161077663,170.0315836819043,167.33012371715714,176.26378768568642,175.29064899689214,404.24698972702026,117.70456001162529,0.9999192953109741,410.5739779472351,110.66680791974068,0.9998199939727783,397.72007179260254,111.96628335118294,0.9997691512107849,416.94375228881836,114.21814236044884,0.999578595161438,390.5080451965332,115.47266608476639,0.9995863437652588,437.9856786727905,158.55247044563293,0.9999018311500549,371.90138959884644,156.35236537456512,0.9997637271881104,449.42359924316406,199.97329968214035,0.9818782210350037,357.1840252876282,200.92401653528214,0.9780963659286499,439.9009199142456,225.49227911233902,0.973152220249176,363.2281904220581,222.06533646583557,0.9720801115036011,418.0556101799011,258.3610727787018,0.9999203085899353,380.20386838912964,254.74963653087616,0.9998764395713806,416.25912380218506,336.0871685743332,0.9837321639060974,372.0184259414673,314.143612742424,0.9788550138473511,409.8519968986511,408.44444501399994,0.9714824557304382,368.8143696784973,372.59638810157776,0.9629192352294922
69,14.194599993061274,28.472968707037005,22.596685198109903,138.87026333993467,143.50333252722353,169.6139342917455,165.03728665343525,176.10121858797336,171.39794994625774,404.90773582458496,117.84560480713844,0.999925434589386,411.43005418777466,110.91160276532173,0.9998318552970886,398.38743925094604,112.16018611192703,0.9997841715812683,417.79492568969727,114.43695339560509,0.9996028542518616,391.6110324859619,115.6532279253006,0.9996116161346436,438.81875705718994,158.92397910356522,0.9999085068702698,372.91827392578125,156.3931075334549,0.9997758865356445,451.4503421783447,201.04211181402206,0.9826706051826477,358.09051990509033,201.8206004500389,0.9781472682952881,440.0226821899414,226.19304424524307,0.9739663004875183,364.9079942703247,222.29114204645157,0.9715085625648499,418.1075954437256,258.2485902309418,0.9999235272407532,380.6123962402344,253.72720777988434,0.999879002571106,416.225359916687,335.68145644664764,0.9847994446754456,370.90502643585205,306.396049618721,0.9803013801574707,409.5005087852478,408.2936990261078,0.973193883895874,369.03264713287354,364.65115427970886,0.9643840789794922
70,16.120800049975514,29.596634688946892,22.251458144947637,136.1379734303361,142.75736830630933,169.29008749231528,162.0138254093873,176.64199248935702,166.8283954907474,404.89333057403564,118.18695572018623,0.9999321103096008,411.72864723205566,111.4071755707264,0.9998462200164795,398.35605096817017,112.46278211474419,0.9998021721839905,418.2523808479309,114.81562754511833,0.9996349811553955,392.37056827545166,115.9002094566822,0.999642550945282,439.4063901901245,159.31657111644745,0.999916136264801,373.83103609085083,156.42142760753632,0.9997921586036682,452.77608013153076,202.27188396453857,0.9836769700050354,359.01713132858276,201.947855591774,0.9785003662109375,440.61931228637695,226.57650488615036,0.9753357768058777,366.13034296035767,222.35335218906403,0.9714916944503784,417.97309589385986,257.5520987510681,0.9999274015426636,380.8826084136963,251.82956337928772,0.9998837113380432,415.8101854324341,335.0750535726547,0.9856494665145874,370.05663299560547,296.0410737991333,0.9817141890525818,409.46707344055176,408.2217307090759,0.974678099155426,369.43639850616455,356.52195394039154,0.9661022424697876
71,13.956499984487891,30.003312617646948,22.558535844134127,136.1206854659907,139.95477980069262,169.50783226258093,155.6267849925932,177.3478013329895,159.63104607077096,405.7810730934143,119.11782145500183,0.9999384880065918,412.69597244262695,112.43268847465515,0.9998601675033569,399.3140001296997,113.19728061556816,0.9998197555541992,418.92065811157227,115.49997472763062,0.9996662735939026,393.44110584259033,116.37011185288429,0.9996722340583801,439.5404348373413,159.9600835442543,0.9999236464500427,374.25351428985596,156.67703479528427,0.9998081922531128,453.08945751190186,202.89637863636017,0.9845690727233887,359.4024338722229,201.9058598279953,0.9787155389785767,441.0576868057251,227.17075634002686,0.9767445921897888,367.6866660118103,222.5474615097046,0.9714913964271545,418.0670585632324,256.90313029289246,0.9999318718910217,381.44158267974854,250.50712418556213,0.9998897314071655,415.34224224090576,335.0302656888962,0.9860370755195618,370.1474618911743,281.5501135587692,0.9828123450279236,409.3266854286194,408.99435019493103,0.9757599234580994,370.57504510879517,346.62628185749054,0.9675058722496033
72,19.939000019803643,29.830730292357618,23.063662956293996,135.49515137348797,138.56330532243365,169.72137384195491,148.97738757969373,177.6891010885124,153.29864835734355,405.81182956695557,119.63328099250793,0.999944269657135,412.98031187057495,113.13220712542534,0.9998729825019836,399.4403872489929,113.58587676286697,0.9998360276222229,419.22607469558716,116.11429098248482,0.9996947050094604,393.99345874786377,116.71013793349266,0.9996993541717529,439.72138500213623,160.7768356204033,0.9999303221702576,374.58349561691284,156.86036026477814,0.999822735786438,453.36219692230225,204.7368273139,0.9851816296577454,359.4881830215454,201.63915538787842,0.9783521294593811,441.1787919998169,228.37645357847214,0.9778778553009033,368.30669832229614,222.6100990176201,0.9708074331283569,418.2917551994324,256.7136934995651,0.9999356269836426,381.8093967437744,250.04081165790558,0.9998948574066162,415.13061141967773,334.97795617580414,0.985996663570404,372.8366947174072,267.96798837184906,0.9837082028388977,409.0915765762329,409.64719343185425,0.9766350388526917,372.98062086105347,340.94249427318573,0.9691053032875061
73,16.199300007428974,29.81792984122854,23.54850476416909,137.26460440515066,137.13575631893877,169.76942163466992,142.97177037449308,177.36860668759283,147.5430183344507,406.21532821655273,120.18553668260574,0.9999493360519409,413.4153251647949,113.94573259353638,0.9998839497566223,399.8327660560608,114.08347243070602,0.9998499155044556,419.4879722595215,116.87063497304916,0.9997173547744751,394.3315019607544,117.11396965384483,0.9997204542160034,439.5534248352051,161.48345565795898,0.9999359250068665,374.89467430114746,157.18806397914886,0.9998337626457214,453.0361328125,205.0879506468773,0.9854893088340759,359.4525237083435,201.58752965927124,0.9772056341171265,441.3176383972168,229.59730803966522,0.9786314368247986,368.6999111175537,222.66710954904556,0.9688538312911987,418.23656034469604,256.56830382347107,0.9999383687973022,381.9844079017639,249.94511032104492,0.9998980760574341,414.94442987442017,334.9361883401871,0.9852076768875122,375.437246799469,260.16005277633667,0.984118640422821,408.33618545532227,409.912615776062,0.9770017266273499,375.1719880104065,335.98519921302795,0.9700056314468384
74,14.074300008360296,29.73656554271445,23.855269566574105,139.17145237176672,135.71873199657944,169.65474541771795,138.87832758578767,177.08095098022307,142.95092369670334,406.4342122077942,120.59640568494797,0.9999537467956543,413.7272620201111,114.69073003530502,0.9998934268951416,400.14965629577637,114.40445226430893,0.999862015247345,419.6100378036499,117.77189141511917,0.9997356534004211,394.6964349746704,117.35549515485764,0.9997376203536987,439.39805030822754,162.11914730072021,0.9999407529830933,375.06094121932983,157.56273514032364,0.9998430609703064,452.5915412902832,205.21851074695587,0.9854201078414917,359.5789613723755,201.56309860944748,0.9751824140548706,441.31890201568604,230.76703536510468,0.9787747859954834,369.60314559936523,223.16198432445526,0.9654655456542969,418.0859622955322,256.5632609128952,0.9999399781227112,382.2911386489868,250.04346132278442,0.9998990297317505,414.8363652229309,335.04510951042175,0.984312891960144,377.0579891204834,257.0767260789871,0.9843249917030334,407.8908610343933,410.05675184726715,0.9773415327072144,377.56917333602905,330.71547162532806,0.970588743686676
75,15.020899998489767,29.50905337500645,24.26297950232315,141.44979126981414,132.67632574091616,169.68331090461749,120.01378646226001,176.70582703686145,124.31592789536752,406.6805167198181,120.89678651094437,0.9999576210975647,414.0087203979492,115.25751614570618,0.9999017715454102,400.4510545730591,114.64305743575096,0.999872624874115,419.79409646987915,118.52628377079964,0.9997503757476807,394.9444327354431,117.5804673731327,0.9997515678405762,439.29352378845215,162.28047770261765,0.999944806098938,375.29516553878784,157.9125051498413,0.9998499751091003,452.20906925201416,204.86090570688248,0.9849599003791809,360.08385276794434,201.62469619512558,0.9731693863868713,441.86180305480957,230.89345002174377,0.9783298373222351,371.8803377151489,223.68381160497665,0.961317777633667,418.1616277694702,256.54559648036957,0.9999390840530396,383.4484362602234,249.70775163173676,0.9998958110809326,414.97268438339233,335.30224096775055,0.9828262329101562,379.2777371406555,252.63782513141632,0.9842145442962646,407.636191368103,409.95284509658813,0.9773532748222351,380.29462146759033,327.95141530036926,0.970994770526886
76,15.646699990611523,29.20693378401291,24.57350044923369,143.68683587557115,130.2896642382813,169.68703389382281,117.0096088011602,176.34396343235622,121.60288874954851,406.92151403427124,121.0257368683815,0.9999606013298035,414.2628593444824,115.48991739749908,0.9999079704284668,400.75786113739014,114.73368737101555,0.9998806118965149,419.9796209335327,118.86787685751915,0.999759316444397,395.2737064361572,117.69955271482468,0.9997610449790955,439.3818759918213,162.4670226573944,0.9999479055404663,375.4034070968628,158.3121059536934,0.999853789806366,451.94386100769043,204.61176598072052,0.9838933944702148,360.3483028411865,201.8193041086197,0.9713529348373413,442.5550241470337,230.81136739253998,0.9771631956100464,373.3287477493286,223.7481015920639,0.9565840363502502,418.2892532348633,256.75796854496,0.9999395608901978,384.1884365081787,249.7826830148697,0.9998930096626282,415.139760017395,335.2982522249222,0.9806113839149475,381.36627101898193,251.58029544353485,0.9832693934440613,407.36261796951294,409.88902521133423,0.9762696027755737,382.5278649330139,326.1281324625015,0.969307005405426
77,13.795599981676787,28.830323446795823,25.518541424845097,145.22110751230588,130.41767414361922,169.89634765817047,12.75868488686499,176.3025703183391,18.947060049329014,407.0731735229492,121.1165662407875,0.9999635219573975,414.4370617866516,115.63598373532295,0.9999140501022339,400.96570110321045,114.80539214611053,0.9998887181282043,420.1608238220215,119.08473625779152,0.9997695684432983,395.5733861923218,117.79312434792519,0.9997719526290894,439.5598945617676,162.5856877565384,0.9999507665634155,375.73556184768677,158.42540049552917,0.9998595118522644,451.75123500823975,204.44530719518661,0.9828277826309204,360.21157932281494,201.455331325531,0.9698337316513062,442.9360303878784,230.72860097885132,0.9762793779373169,372.13048362731934,222.31389212608337,0.9531962275505066,418.5085668563843,256.82210183143616,0.9999405145645142,384.8259572982788,249.81362426280975,0.9998922348022461,415.0938653945923,335.3835258483887,0.9783954620361328,383.797119140625,246.72787582874298,0.9825368523597717,407.02404403686523,409.83395206928253,0.9754089117050171,383.1244444847107,322.6180957555771,0.9686689972877502
78,17.659799952525645,28.647238499391815,26.166157087275767,145.24955501970712,130.55963726837123,169.8225105259841,19.099453085782585,176.16967306147222,24.450627553728115,407.40489864349365,121.28258341550827,0.9999663829803467,414.7507929801941,115.8314962387085,0.9999202489852905,401.2904257774353,114.95620936155319,0.999896764755249,420.549108505249,119.24851688742638,0.9997813701629639,395.9258852005005,117.89966651797295,0.9997835755348206,439.88408851623535,162.68674540519714,0.9999537467956543,376.08245038986206,158.4473813176155,0.9998661279678345,451.73394870758057,204.31638532876968,0.98231440782547,360.08031463623047,200.88553941249847,0.9684664011001587,442.74805450439453,230.61975103616714,0.976033091545105,371.45874404907227,221.59957951307297,0.9509415030479431,418.589008808136,256.73449194431305,0.9999410510063171,384.8349542617798,249.24217987060547,0.9998916983604431,415.0445337295532,335.37238585948944,0.9770636558532715,383.4484615325928,246.21461009979248,0.9823943376541138,406.6788740158081,409.8237807750702,0.9752412438392639,383.6587781906128,323.93173122406006,0.9688838124275208
79,13.9181999838911,28.253993258028945,26.838481985532503,145.7188217300668,130.2592895497626,169.83993366821824,136.8170574394015,175.8722708632392,141.2830768116249,407.6402349472046,121.50950014591217,0.9999690651893616,414.952365398407,116.15913584828377,0.999925971031189,401.52677297592163,115.22780001163483,0.9999039173126221,420.7908892631531,119.47569715976715,0.9997919201850891,396.2618055343628,118.11096304655075,0.9997937083244324,440.2424507141113,162.6702063679695,0.9999566674232483,376.55792474746704,158.4871262907982,0.9998720288276672,451.68653774261475,204.2592750787735,0.9823125004768372,359.9694447517395,200.48324620723724,0.9678110480308533,442.67683696746826,230.58068984746933,0.9761226773262024,371.32889461517334,221.68036580085754,0.9496774077415466,418.7540626525879,256.72984790802,0.9999406933784485,384.9498929977417,249.2175636291504,0.9998899102210999,415.01526832580566,335.7589520215988,0.9769316911697388,382.65854835510254,252.1610848903656,0.9827842712402344,406.1198492050171,409.9580874443054,0.9758312702178955,383.73467111587524,327.49222552776337,0.9695500135421753
80,18.623500014655292,27.902004507522786,27.220396510206925,145.8345239617322,130.25829531411037,169.69642702552528,148.96448007565093,175.41694122692502,152.82414014912507,407.84949016571045,121.61450380086899,0.9999718070030212,415.14253997802734,116.30839318037033,0.9999321103096008,401.7771210670471,115.4100713133812,0.9999116659164429,420.961856842041,119.5799742937088,0.9998062252998352,396.5631785392761,118.23509129881859,0.9998075366020203,440.59540462493896,162.7954671382904,0.9999597668647766,376.84360361099243,158.48158478736877,0.9998802542686462,451.6316967010498,204.47304320335388,0.982740044593811,359.934467792511,199.94171738624573,0.9681980609893799,442.4819869995117,230.5510876774788,0.9769653677940369,371.1914381980896,221.51642847061157,0.950531005859375,418.8214387893677,256.58300518989563,0.999943196773529,384.81231021881104,248.96849513053894,0.9998944401741028,414.9957580566406,335.74419367313385,0.9772441983222961,382.0217351913452,254.68932104110718,0.9834946393966675,405.41606426239014,410.01233434677124,0.9766218662261963,383.551598072052,329.3997848033905,0.9707636833190918
81,15.24430001154542,27.531835320724305,27.31068022797524,145.94248037917316,129.72979535899216,169.7932806311397,151.16674246218173,175.5469912870694,154.78240972607884,408.1900100708008,121.599460542202,0.9999741315841675,415.4981474876404,116.25695976614952,0.9999373555183411,402.1620445251465,115.40947300195694,0.9999182224273682,421.22271823883057,119.5303001999855,0.9998180866241455,396.9084749221802,118.23829653859138,0.9998191595077515,440.81951999664307,162.7813213467598,0.9999623894691467,376.89601850509644,158.47887814044952,0.9998869299888611,451.5821123123169,204.67480236291885,0.983254611492157,359.85986375808716,199.87172919511795,0.9691806435585022,442.3615388870239,230.49842202663422,0.977847695350647,371.34777307510376,221.56907987594604,0.9520852565765381,418.9912943840027,256.4055061340332,0.9999450445175171,384.70694971084595,248.84869039058685,0.9998979568481445,414.9706120491028,335.30634367465973,0.9774888753890991,381.7654986381531,255.48855113983154,0.9839553833007812,405.30691289901733,410.01689291000366,0.9770333766937256,383.4903883934021,330.10254430770874,0.9714279770851135
82,15.216999978292733,26.66119327302797,27.242515702778473,142.3325964348746,129.7331793749639,169.67639791434217,162.7421551832169,175.68246048351241,166.66690559044386,408.2342619895935,121.54490023851395,0.9999762773513794,415.664692401886,116.1924347281456,0.9999421238899231,402.19729948043823,115.36058953404427,0.9999242424964905,421.35127878189087,119.49352541565895,0.9998300075531006,396.9937438964844,118.2190223634243,0.9998307228088379,441.10737228393555,162.8268927335739,0.9999649524688721,376.9014015197754,158.47883540391922,0.9998940825462341,451.5814046859741,206.8581404685974,0.9840233325958252,359.83850860595703,199.9478999376297,0.9703827500343323,440.9080743789673,230.51155638694763,0.9788997769355774,371.36601972579956,221.71813064813614,0.9541062116622925,419.0205092430115,256.4030274152756,0.9999470710754395,384.61521100997925,248.87786519527435,0.9999017715454102,414.95625734329224,335.0856522321701,0.9782378077507019,381.3757734298706,263.6355298757553,0.9846495389938354,405.39281368255615,410.00504064559937,0.9776427149772644,382.56180572509766,334.9707764387131,0.9723426699638367
83,14.886500022839755,26.74898873914271,27.334974852653488,141.65006093619567,129.59380090545653,169.5019836302535,167.93540475075184,176.34629186040132,173.03413832223404,408.28296184539795,121.30551868677139,0.9999781250953674,415.88190841674805,115.89056524634361,0.9999462366104126,402.240439414978,115.14845964312553,0.9999291896820068,421.6332678794861,119.24823197722435,0.9998403787612915,397.10329961776733,118.11486631631851,0.9998403787612915,441.42186164855957,162.79135018587112,0.9999672174453735,377.0228605270386,158.36877459287643,0.9999005198478699,451.71555042266846,206.7154859304428,0.9848805665969849,359.876012802124,199.62445563077927,0.97198885679245,440.600661277771,230.37804746627808,0.9799918532371521,371.5812392234802,221.79044085741043,0.9565181136131287,419.13251638412476,255.2091681957245,0.9999486207962036,384.48412322998047,247.85874140262604,0.9999053478240967,414.9418520927429,333.5590463876724,0.9789489507675171,380.5390305519104,278.66115260124207,0.9853119850158691,405.9479718208313,409.9437564611435,0.9782207012176514,380.1473340988159,346.1166914701462,0.973423421382904
84,16.71690004877746,27.118974723097736,26.89231649712817,139.6940906540449,132.01780128514804,169.4500477094871,169.17831641838276,176.47917918809603,174.49538386936763,408.3281488418579,120.66387242078781,0.9999784827232361,416.00134563446045,115.1956835091114,0.9999465346336365,402.3368787765503,114.6169810295105,0.9999284744262695,421.7181577682495,118.80395725369453,0.9998390674591064,397.2501826286316,117.87628251314163,0.9998388290405273,441.584716796875,162.67906707525253,0.9999676942825317,377.12228202819824,158.2064185142517,0.9999016523361206,452.12809658050537,206.62492722272873,0.9854469299316406,360.46207904815674,198.8123190999031,0.9731764793395996,440.1325159072876,230.35706382989883,0.9806777238845825,371.49410009384155,221.76146548986435,0.9582849144935608,419.1489939689636,255.22136235237122,0.9999482035636902,384.3105525970459,247.85247337818146,0.9999036192893982,414.9363932609558,333.56796407699585,0.978853166103363,379.4300789833069,292.5077314376831,0.9846801161766052,406.1233620643616,409.75329399108887,0.9778044819831848,378.63864946365356,354.40002822875977,0.9712808132171631
85,16.83979999506846,27.563500606329484,26.154186223413635,137.98128597389635,134.08728183930788,169.60330993362197,167.36216933832995,176.6894152479595,172.55037445698326,408.5783452987671,119.66623085737228,0.9999790191650391,416.19430017471313,114.29185575246811,0.9999467134475708,402.62743520736694,113.83670458197594,0.9999293088912964,421.7001132965088,118.22091701626778,0.9998390674591064,397.3847074508667,117.44670915603638,0.9998424053192139,441.57668018341064,162.55098569393158,0.999967098236084,377.1492729187012,158.09027487039566,0.9998998045921326,452.5895700454712,206.50299990177155,0.9859976172447205,361.02840757369995,198.69728660583496,0.9742032885551453,439.94797706604004,230.3265641927719,0.9809787273406982,371.43390130996704,221.78609597682953,0.959896981716156,419.1911735534668,255.81679618358612,0.999948263168335,384.27428674697876,248.59685826301575,0.9999034404754639,414.93899631500244,334.330041885376,0.9803075790405273,376.4343934059143,303.4318438768387,0.985426664352417,406.4892554283142,409.5353091955185,0.9788590669631958,375.7610869407654,359.5867899656296,0.9717017412185669
86,14.503499958664179,28.41834227406525,25.779684183405674,134.8589238153051,135.22790597896417,169.85070239725815,167.00513157550463,176.99688030110127,174.21001490059143,408.84549951553345,119.11990842223167,0.9999780058860779,416.38407039642334,113.80082726478577,0.9999427795410156,402.911319732666,113.40093442797661,0.9999252557754517,421.69318866729736,117.85606101155281,0.9998288750648499,397.56343364715576,117.10380548238754,0.9998382925987244,441.63672733306885,162.54511654376984,0.9999644160270691,377.1968607902527,158.06981831789017,0.9998956322669983,453.5359191894531,206.5499673485756,0.9862059950828552,361.3349361419678,198.54683977365494,0.9751867055892944,439.81529712677,230.30539536476135,0.9809211492538452,371.390154838562,221.81300574541092,0.9614322781562805,419.29842948913574,257.1381242275238,0.9999473094940186,384.24413681030273,250.06195199489594,0.9999009966850281,414.9837284088135,335.84590661525726,0.9815424680709839,374.57884550094604,313.86417281627655,0.9859421849250793,407.09897661209106,409.1303663253784,0.9796187877655029,371.86754989624023,368.825630068779,0.9714136123657227
87,17.664299986790866,28.802127237969287,25.413628410455885,132.33342518824446,136.70174782140046,170.1471278186706,168.27930323652578,177.44264413151754,176.05728925643362,408.8278594017029,118.84704279899597,0.9999719858169556,416.40807914733887,113.55197957158089,0.999926745891571,402.9252953529358,113.03994607925415,0.9999058246612549,421.66468143463135,117.63540518283844,0.999788224697113,397.65881156921387,116.65472289919853,0.999809980392456,441.60902881622314,162.5405437350273,0.9999555349349976,377.2527885437012,157.93958586454391,0.9998762011528015,454.20310974121094,206.90154653787613,0.9860316514968872,361.5118680000305,198.5162261724472,0.9760346412658691,439.68868255615234,230.2951101064682,0.9802821278572083,371.3953609466553,222.8618741631508,0.9626590013504028,419.508038520813,258.63082575798035,0.9999415874481201,384.2266483306885,252.6603330373764,0.9998892545700073,415.2275309562683,337.66762244701385,0.9825038909912109,374.8524694442749,323.76967430114746,0.9859796166419983,408.1518235206604,409.0946955680847,0.9801406264305115,371.2363471984863,381.7769070863724,0.9703836441040039
88,21.680800011381507,29.000375419075652,25.512289266894808,130.32447902262524,137.97966897862733,170.78364012634873,168.96944458231073,178.01462479011715,178.12814411821728,408.8105478286743,118.5015037059784,0.999962568283081,416.3751492500305,113.25528120994568,0.9999034404754639,402.9101572036743,112.63392767310143,0.9998788237571716,421.6471929550171,117.4048131108284,0.9997302889823914,397.63247776031494,116.24854066967964,0.9997687339782715,441.4918155670166,162.42985612154007,0.9999441504478455,377.2544312477112,157.87521040439606,0.9998547434806824,454.65199756622314,207.15336441993713,0.985973060131073,361.5104022026062,198.52413243055344,0.9768834114074707,439.56125926971436,230.14547526836395,0.9798077940940857,371.38259840011597,224.4473139643669,0.9639126062393188,420.0082039833069,258.51432597637177,0.9999310970306396,384.46322298049927,252.8611377477646,0.9998731017112732,415.32879734039307,337.5771064758301,0.9830853939056396,375.7427644729614,327.2011042833328,0.9858002066612244,408.6942949295044,408.12380707263947,0.9800668358802795,370.67939472198486,387.26461946964264,0.9694271683692932
89,17.393400019500405,29.00753097006022,25.334793737503166,129.43662168088383,139.07675082747346,171.03984831801642,169.9558409747215,178.01457726116635,179.75009181238767,408.64761686325073,118.50140398740768,0.999954104423523,416.3622097969055,113.2365839779377,0.9998828172683716,402.70605754852295,112.53111070394516,0.9998561143875122,421.63860034942627,117.36398547887802,0.9996830224990845,397.60391998291016,116.08076417446136,0.9997351765632629,441.26097774505615,162.24588960409164,0.9999338984489441,377.23239374160767,157.87305933237076,0.999836802482605,454.66493701934814,207.2038505077362,0.9858574867248535,361.53901052474976,198.78694784641266,0.9773592948913574,439.4350996017456,229.81557774543762,0.9793140292167664,371.37099838256836,225.89150953292847,0.9647968411445618,420.0691862106323,258.58452785015106,0.9999215602874756,384.4996910095215,253.42252480983734,0.9998599290847778,415.29864740371704,337.81363892555237,0.9835419654846191,376.83448028564453,330.28953087329865,0.9855638146400452,408.6592421531677,407.64592719078064,0.9799603819847107,371.0965151786804,390.48815047740936,0.9688825607299805
90,16.91959996242076,28.966472137933085,25.17108043736076,128.41773918435246,139.89791714351173,171.67192656970911,171.3683089335311,178.12038048302537,176.87109256578398,408.2784380912781,118.52490907907486,0.999945878982544,416.07448387145996,113.24654158949852,0.999864935874939,402.30910444259644,112.51876696944237,0.9998332262039185,421.4475665092468,117.35159900784492,0.9996479153633118,397.5096035003662,116.00760635733604,0.9997004270553589,440.774130821228,161.94113540649414,0.9999272227287292,377.0389084815979,157.87263196706772,0.9998205304145813,454.62627029418945,207.17178386449814,0.985842227935791,361.518337726593,199.0694790482521,0.9778607487678528,439.4435911178589,229.21755123138428,0.979051947593689,371.35573387145996,226.91335421800613,0.9656553864479065,420.3253469467163,258.65151023864746,0.9999136328697205,384.63873958587646,253.8466421365738,0.999849796295166,415.294047832489,338.37972700595856,0.9837591052055359,378.9267797470093,333.4528033733368,0.9852010607719421,408.6335654258728,407.6716830730438,0.9795162081718445,371.1479444503784,394.7446804046631,0.9685377478599548
91,14.98789998004213,29.165396505104155,25.147430010024987,127.42775825216272,140.0377358124466,172.19276466022242,171.6566610684569,177.5006961950992,178.13765084128508,407.73786211013794,118.70438113808632,0.9999250173568726,415.4494981765747,113.35286295413971,0.999821662902832,401.65017795562744,112.60432550311089,0.9997802376747131,420.9422960281372,117.3680454492569,0.9995552897453308,397.1882653236389,116.02303424477577,0.9996225237846375,440.1273603439331,161.79644376039505,0.9999176263809204,376.44826793670654,157.86210453510284,0.9998036026954651,454.5731477737427,207.14466041326523,0.9856579303741455,361.16260385513306,199.175337433815,0.9782423973083496,439.51910495758057,228.7218502163887,0.9785590767860413,371.18140506744385,227.22141337394714,0.96623295545578,420.41137409210205,258.7383508682251,0.9998921155929565,384.62665939331055,254.38235878944397,0.9998219013214111,415.28055238723755,338.3230013847351,0.9830228686332703,379.79410219192505,333.39171862602234,0.9839099049568176,407.76005125045776,407.68504536151886,0.9781948924064636,373.66962146759033,398.638348698616,0.967806875705719
92,23.3754999935627,29.47964698732562,25.735188247775685,126.63763467269766,139.50416685336103,172.7699551147016,171.83498879759833,176.06198781570694,177.18985797480318,406.96346616744995,118.79509654641151,0.9999125599861145,414.51416778564453,113.36570528149605,0.999796450138092,400.64901304244995,112.62483903765678,0.9997491240501404,420.2197337150574,117.36937028169632,0.9995035529136658,396.2764382362366,116.05977341532707,0.9995779991149902,439.29039001464844,161.61240601539612,0.9999106526374817,375.6898694038391,157.8571755886078,0.9997894763946533,454.4279327392578,206.81859493255615,0.9856629967689514,360.25072622299194,199.19522416591644,0.9784751534461975,439.60725498199463,228.10392272472382,0.9782503843307495,370.44686365127563,227.18467420339584,0.9667075872421265,420.40925121307373,259.0539458990097,0.999879002571106,384.63727378845215,255.1326982975006,0.9998050928115845,415.2359972000122,338.27502250671387,0.9823209643363953,380.61191606521606,334.328218460083,0.9824652671813965,405.820068359375,408.1536371707916,0.9772015810012817,380.4932622909546,402.5919905900955,0.9672095775604248
93,14.85300000058487,29.13598585538965,25.576991329922635,127.81842349519802,140.20104681481615,173.11954003387052,171.4805851988257,175.21847174804032,174.072181228881,405.82097816467285,118.80444160103798,0.9999029040336609,413.27675676345825,113.36322656273842,0.999778151512146,399.4849171638489,112.64092221856117,0.9997236132621765,419.2431335449219,117.3594696521759,0.9994701147079468,395.02530431747437,116.11578676104546,0.9995405077934265,438.17097568511963,161.46281391382217,0.9999055862426758,374.9611406326294,157.85550886392593,0.9997782111167908,453.31043910980225,206.6031458377838,0.9857099652290344,359.87298011779785,199.27380239963531,0.9786375164985657,439.00289154052734,228.10449254512787,0.9780852198600769,369.90322971343994,227.15998673439026,0.9673315286636353,419.9174256324768,259.04480028152466,0.9998688697814941,384.41384077072144,254.94291961193085,0.9997908473014832,414.78253507614136,338.13336515426636,0.9816228151321411,380.3837571144104,332.92304134368896,0.9808889627456665,404.3096399307251,408.24019289016724,0.9763613939285278,384.02115869522095,403.0464508533478,0.9665685892105103
94,16.586799989454448,28.859750051520916,25.85056152736285,127.98263843947052,140.84692882000658,174.239855045839,171.04853029007472,177.59807138186346,172.4228719524033,404.40130281448364,118.81623688340187,0.9998986721038818,411.76779413223267,113.3646439909935,0.9997707605361938,398.14886808395386,112.65615779161453,0.9997140765190125,418.08843898773193,117.35186967253685,0.9994626641273499,393.3526020050049,116.14664965867996,0.9995284676551819,437.1514883041382,161.41319680213928,0.999901533126831,374.13076639175415,157.8779312968254,0.9997713565826416,452.129714012146,206.58949863910675,0.9858492612838745,358.9525351524353,199.7502862215042,0.9786606431007385,437.76833629608154,228.14433723688126,0.9780343174934387,368.530864238739,227.21213954687119,0.9680063724517822,419.0013780593872,259.1825828552246,0.9998621940612793,384.21825790405273,255.06813764572144,0.9997833371162415,412.43372106552124,338.1110281944275,0.980891227722168,380.0882978439331,333.1970394849777,0.9793077111244202,403.540424823761,408.9204729795456,0.9752205610275269,385.8154716491699,405.1449854373932,0.966032087802887
95,15.446699981112033,28.233412359709682,26.558302422824987,130.07113481407006,140.0101963600572,174.17260220757882,170.4262094386248,179.1289112293077,170.79651666541912,402.38621044158936,118.83016186952591,0.9998962879180908,409.76250743865967,113.36467960476875,0.9997674226760864,396.67761182785034,112.69583866000175,0.9997079372406006,416.70702600479126,117.35118588805199,0.9994653463363647,392.01791763305664,116.16196358203888,0.9995192289352417,435.93007469177246,161.39007633924484,0.999901533126831,372.8687653541565,157.8757517337799,0.9997722506523132,450.15968227386475,206.5781592130661,0.9860706925392151,357.27412128448486,199.81433403491974,0.9784616827964783,436.2465353012085,228.45971858501434,0.9780818223953247,367.0632977485657,227.3170577287674,0.9685744047164917,417.3164439201355,259.39042484760284,0.9998622536659241,383.40158128738403,255.45191168785095,0.9997859001159668,410.53058528900146,338.1091477870941,0.9804996848106384,378.79427671432495,332.7083615064621,0.9782001376152039,403.32275390625,409.0932425260544,0.9745331406593323,386.12781286239624,405.02361369132996,0.9661486148834229
96,16.071499965619296,26.996922560781265,26.499815889586216,133.81471122733046,141.8580108585496,174.15402874058975,170.6127082513276,179.5955175152231,171.00070041697217,400.823796749115,118.8430255651474,0.9998943209648132,408.224506855011,113.29090923070908,0.9997656345367432,395.3450503349304,112.7017078101635,0.9997043609619141,415.5192246437073,117.34471130371094,0.9994704127311707,390.6325116157532,116.16152909398079,0.9995144009590149,434.6953172683716,161.36779636144638,0.9999001026153564,371.5488905906677,157.86344361305237,0.9997706413269043,447.68607330322266,205.9839362502098,0.986074686050415,356.2782635688782,199.81528848409653,0.9783148765563965,434.7242794036865,228.47840869426727,0.9779365062713623,365.27168893814087,227.2653180360794,0.9691570401191711,416.0655879974365,259.37116491794586,0.999862790107727,382.6561222076416,255.37877523899078,0.9997890591621399,409.3106880187988,337.88791501522064,0.979486346244812,378.75128841400146,332.7507846355438,0.9763802289962769,402.6781063079834,409.09301459789276,0.9728984236717224,386.40416622161865,404.2409368753433,0.9654926657676697
97,17.01050001429394,26.518187808035098,25.784480356052757,137.8812141072571,143.11873603734844,173.26641169670867,171.6195228828652,178.9383854551093,170.90745757066676,399.4805955886841,118.7128144800663,0.9998940229415894,406.89194536209106,112.98647555708885,0.9997676014900208,394.05173683166504,112.58934634923935,0.9997050762176514,414.2707190513611,117.0568665266037,0.9994837641716003,389.12496423721313,116.05490857362747,0.999515950679779,433.1798849105835,161.2545730471611,0.9999001622200012,369.84998083114624,157.7936691045761,0.9997690320014954,445.4282398223877,204.67249459028244,0.985992968082428,355.1825041770935,199.9423726797104,0.9777350425720215,433.62836837768555,228.4798617362976,0.9775853157043457,363.88474130630493,227.22044467926025,0.9693432450294495,414.5621347427368,259.18432080745697,0.9998659491539001,381.13485193252563,255.37199437618256,0.9997954964637756,408.98548316955566,338.32582199573517,0.9789467453956604,378.649516582489,335.1859406232834,0.9751520156860352,402.6802291870117,409.0827578306198,0.9720038771629333,387.644407749176,405.3148488998413,0.9654945135116577
98,14.627300028223544,26.337730652502675,25.01795781572194,140.0231316931305,146.91370460694617,173.18005978284393,172.15210722597254,178.91107937371459,170.96692594324452,398.06938648223877,118.54614201188087,0.9998922944068909,405.6192035675049,112.7984846830368,0.9997665882110596,392.6392641067505,112.39926850795746,0.999700129032135,413.1243643760681,116.97412860393524,0.9994894862174988,387.6373062133789,115.79940822720528,0.9995040893554688,431.46485137939453,161.13003879785538,0.9998982548713684,368.10858821868896,157.75849694013596,0.9997539520263672,443.26093196868896,202.67285233736038,0.9859941601753235,354.1669592857361,199.9457916021347,0.9768684506416321,431.8348388671875,228.18636149168015,0.9773864150047302,361.2436776161194,226.73173820972443,0.9692580103874207,413.38029766082764,258.84034872055054,0.9998681545257568,379.6382727622986,255.45285189151764,0.9997990131378174,408.2865505218506,338.34391379356384,0.9783355593681335,378.10418939590454,334.12576127052307,0.9736635684967041,402.40847539901733,409.0123280286789,0.9710951447486877,387.9174757003784,404.70175063610077,0.9650363922119141
99,15.666700026486069,25.649596326718953,25.192662294327455,144.9905172454415,152.1526551286823,173.37736333050955,172.43395499700134,179.0593935843749,170.9480554856825,396.5550661087036,118.53900501132011,0.9998899698257446,404.0797119140625,112.77495110034943,0.9997652769088745,390.87937211990356,112.38148298859596,0.9996896982192993,411.79488611221313,116.97012561559677,0.9994907379150391,385.6990923881531,115.7759601175785,0.9994767904281616,429.69972801208496,161.07643294334412,0.9998970627784729,366.5556516647339,157.75412356853485,0.9997289180755615,440.75103187561035,200.5346582531929,0.985922634601593,352.80738162994385,199.72367560863495,0.9755403995513916,431.2546863555908,227.55638229846954,0.9768151640892029,357.30285596847534,225.99642771482468,0.9684175848960876,412.457022190094,258.83165895938873,0.9998703002929688,378.7366304397583,256.1784327030182,0.9998023509979248,407.7520399093628,338.479331612587,0.9783623218536377,378.03433656692505,334.92077469825745,0.9731516242027283,402.4599299430847,408.5142480134964,0.9711043834686279,388.38852739334106,403.86522579193115,0.9652105569839478
100,14.014900021720678,24.438955543466875,24.83203604684436,143.89279835023956,156.60637839967188,173.31495677715904,173.79101229830493,177.8692269757205,169.49536187566554,395.3394145965576,118.53786537051201,0.99988853931427,402.68384313583374,112.75918844342232,0.9997672438621521,389.5357413291931,112.37312799692154,0.9996894001960754,410.38979291915894,116.97056010365486,0.9995047450065613,384.0764799118042,115.77438598871231,0.9994761943817139,428.7155714035034,161.37697046995163,0.9998925924301147,364.7905788421631,157.86996805667877,0.9997132420539856,439.1783323287964,204.30812293291092,0.985222578048706,351.09174156188965,199.725228369236,0.9735625386238098,430.3026762008667,225.83073818683624,0.9743868708610535,353.24335527420044,223.0480059981346,0.9657339453697205,410.2269883155823,258.82977855205536,0.9998682141304016,376.4322452545166,256.83292841911316,0.9998042583465576,404.6517014503479,337.4294945001602,0.9781643152236938,377.1135377883911,334.8610290288925,0.9728989601135254,402.3576273918152,405.6289339065552,0.9692041277885437,390.50081729888916,403.7012029886246,0.9652923941612244
101,15.038399957120419,25.560009756369073,28.26455205401158,121.26659314082265,159.10724801049855,174.43578526142437,173.59594949103302,175.77871338316177,167.96952765304042,394.365695476532,118.54803666472435,0.9998924732208252,401.51444005966187,112.75995770096779,0.99977707862854,388.5046286582947,112.3872381746769,0.999703049659729,408.96529054641724,116.9990368783474,0.9995298981666565,382.8258008956909,115.84207352995872,0.9994989633560181,427.31275272369385,161.68283581733704,0.9998894333839417,363.7657084465027,158.6839992403984,0.9997073411941528,440.0542221069336,208.68326097726822,0.984516978263855,347.1580719947815,201.0469552874565,0.9715904593467712,430.401743888855,218.8315914273262,0.9723294377326965,347.00868701934814,217.69789099693298,0.963625431060791,409.54455852508545,258.56934213638306,0.9998659491539001,375.5832452774048,256.9458953142166,0.9998070001602173,403.1238350868225,334.58797109127045,0.9781212210655212,376.1950135231018,334.19661843776703,0.9729073643684387,402.4365530014038,399.50213944911957,0.9672091603279114,391.534912109375,403.4808249473572,0.9655439853668213
102,15.290999959688634,27.1153053373746,36.22636753093207,80.8989780487097,165.03226834770777,177.10411900051213,172.88023711577162,171.29245812586498,165.5989109926705,393.4291772842407,118.6863961815834,0.9998977184295654,400.58330488204956,112.80523705482483,0.9997872710227966,387.73677825927734,112.5515316426754,0.999716579914093,408.074490070343,117.00135889649391,0.9995527267456055,382.11228609085083,115.90754589438438,0.9995224475860596,426.41002368927,161.6360820531845,0.9998905658721924,362.6921887397766,158.66614961624146,0.9997172355651855,440.86748695373535,208.30505692958832,0.9849323034286499,341.4023404121399,196.731121301651,0.9721277356147766,448.3304681777954,204.61445838212967,0.9735719561576843,333.86382007598877,204.48690408468246,0.9653554558753967,409.6810293197632,257.45947444438934,0.9998639225959778,374.7808222770691,257.0072649717331,0.999809205532074,400.58151054382324,331.49327647686005,0.9768725633621216,374.6318163871765,333.3661906719208,0.9712908267974854,402.4861879348755,395.65180599689484,0.9639821648597717,391.84075832366943,400.93236017227173,0.96401047706604
103,14.607100049033761,34.22517507484338,46.737917070757064,57.300883606414736,120.37446513151707,179.18938071183763,171.8941706433759,168.0743885225304,163.9025483296869,392.72210693359375,118.75701829791069,0.9999045133590698,399.96539545059204,112.7935486137867,0.9998005032539368,386.9271779060364,112.64216157793999,0.9997358322143555,407.39178228378296,116.69187518954277,0.9995840787887573,381.42596435546875,115.92727592587471,0.9995569586753845,426.35391902923584,160.8697875738144,0.9998909831047058,362.20028734207153,158.5651916861534,0.9997294545173645,447.8970470428467,208.04483419656754,0.9856129884719849,335.7502508163452,190.5320451259613,0.9730426669120789,461.69732761383057,186.59518444538116,0.9751437306404114,321.2267508506775,188.17179203033447,0.9675399661064148,410.1304225921631,255.97383868694305,0.9998605251312256,374.5107111930847,256.939199924469,0.9998103976249695,399.0435857772827,327.01542830467224,0.9754698872566223,373.25305700302124,330.99203395843506,0.9697481393814087,402.52508211135864,392.23721420764923,0.9598851799964905,391.3497667312622,397.9476693868637,0.9615384340286255
104,18.565000034868717,48.361127874327174,65.87807938606883,53.60570940231075,93.05009694160215,178.75649882635108,172.4777022226794,164.5805406237741,164.0671919753693,392.776771068573,119.05796182155609,0.9999123811721802,400.03686571121216,112.89767616987228,0.9998154044151306,386.49355459213257,112.8442911207676,0.9997573494911194,407.06119441986084,116.6857353746891,0.9996185898780823,380.82043838500977,116.0557276904583,0.999595046043396,426.5059576034546,160.02668130397797,0.999884843826294,361.1421585083008,158.28784584999084,0.9997367858886719,461.2929697036743,203.6919191479683,0.9866319298744202,321.4027223587036,182.1470524072647,0.9747281670570374,471.38453006744385,166.1927078962326,0.9767937660217285,311.33196115493774,167.23357033729553,0.9700528383255005,410.1322674751282,254.6462996006012,0.9998393058776855,372.9628291130066,256.56810438632965,0.9998008012771606,396.995689868927,321.84504890441895,0.9748308658599854,372.13857078552246,327.69080793857574,0.9692808985710144,401.97705078125,387.2055575847626,0.9566171765327454,390.832896232605,396.1721374988556,0.9609819650650024
105,17.647899978328496,66.41732417750342,78.3546894454435,59.370749865968996,88.32827252815545,176.85977281075304,172.86034970585646,162.69026144090554,162.58879229038192,392.68230295181274,119.43019700050354,0.999919056892395,400.1380310058594,113.12358859181404,0.9998270869255066,386.2173275947571,112.96197327971458,0.9997748732566833,407.04241704940796,116.7148389518261,0.9996480345726013,380.6352424621582,116.05772206187248,0.9996285438537598,426.80462646484375,158.82465940713882,0.9998847842216492,360.68050813674927,156.42617136240005,0.9997490644454956,471.4199113845825,188.75176948308945,0.9878281950950623,314.8713059425354,171.68443751335144,0.9769366979598999,473.92799186706543,144.22237050533295,0.9787272810935974,306.7955708503723,144.85223573446274,0.9727908372879028,410.04290437698364,251.33097052574158,0.9998182654380798,372.4129023551941,255.15805530548096,0.9997720122337341,395.14628314971924,313.8094985485077,0.9746547937393188,371.97637271881104,324.073588013649,0.9663130044937134,400.04849100112915,385.73234391212463,0.9556441903114319,392.1704616546631,389.9269343614578,0.9565041065216064
106,13.915800023823977,82.2362444698505,89.72589915125369,68.70164624854203,80.19803193748187,174.04532419079405,173.35823076409417,157.6166757020944,163.11984950586,391.5045347213745,119.54163962602615,0.9999262094497681,399.6404938697815,113.19481614232063,0.9998406171798706,385.4091172218323,112.9864684343338,0.999794602394104,406.7669987678528,116.69988116621971,0.9996798038482666,380.3248219490051,115.96453505754471,0.9996632933616638,426.8488531112671,155.98645520210266,0.9998817443847656,360.14635133743286,154.14938271045685,0.9997625946998596,476.6746435165405,172.78040158748627,0.9889311790466309,309.1910376548767,160.33018189668655,0.9789890050888062,474.4522924423218,125.15736216306686,0.9803583025932312,311.06351804733276,123.18555563688278,0.9750564098358154,408.9525532722473,249.24665296077728,0.9997735023498535,371.7970652580261,254.2011559009552,0.9997300505638123,391.28519582748413,307.6993143558502,0.9750527143478394,371.79734325408936,323.421200633049,0.9660252332687378,397.7179489135742,373.7107573747635,0.9552163481712341,392.12454175949097,390.4083471298218,0.9566731452941895
107,16.713499964680523,95.38563661861284,99.89434661629922,75.8323825465564,83.84037899903925,171.22433806093193,173.35318210544781,156.5266935462139,164.14309093348444,391.2387704849243,119.56834995746613,0.9999319911003113,399.45145654678345,113.19881200790405,0.9998515248298645,384.81061697006226,113.0016399025917,0.9998114705085754,406.4934000968933,116.50126314163208,0.9997079372406006,380.041720867157,115.87770155072212,0.999694287776947,426.8319206237793,152.75004625320435,0.9998778104782104,360.1957335472107,151.60490667819977,0.9997739791870117,479.03028106689453,157.89320248365402,0.9899017214775085,308.6298899650574,148.6456583738327,0.980866551399231,471.15131664276123,105.42673236131668,0.9815227389335632,315.6967520713806,106.16114538908005,0.9763332605361938,408.3919110298157,247.50191986560822,0.9997467994689941,371.9654803276062,253.1745674610138,0.9997188448905945,391.406831741333,294.70940351486206,0.9742584824562073,371.9200658798218,323.604540348053,0.9659622311592102,395.2713055610657,354.7167344093323,0.9504756927490234,392.0043716430664,394.4866942167282,0.9575427174568176
108,14.319299953058362,110.94427303921087,116.141722947889,87.87603745469747,96.74467831120839,169.6003697980639,173.7664926820635,156.1625484367353,165.5319140018039,390.3835029602051,119.21027481555939,0.9999288320541382,398.8312978744507,113.06578031182289,0.9998419880867004,384.14211225509644,112.78658255934715,0.9998060464859009,405.88448762893677,116.19913011789322,0.999718964099884,379.8290286064148,115.60390284657478,0.9997052550315857,426.7290620803833,151.31508177518845,0.9998637437820435,360.3547978401184,149.51946371793747,0.9997615814208984,478.31224250793457,142.49259519577026,0.9907766580581665,310.8456702232361,131.75173699855804,0.9824890494346619,467.4191942214966,90.48469516634941,0.9826074242591858,320.495671749115,89.94385725259781,0.9774463176727295,407.8207049369812,246.47233986854553,0.9997212290763855,371.8876667022705,252.34074926376343,0.9997056126594543,392.147665977478,285.98078060150146,0.9723510146141052,372.0946726799011,323.6693859100342,0.9649714827537537,394.5232181549072,347.841423869133,0.9440751671791077,391.7754292488098,399.03961622714996,0.9575993418693542
109,17.411100037861615,123.2759622940361,128.69519017797523,101.09456336104748,106.49122761711268,168.83619668383295,173.66287943033447,155.84231278521918,166.9674996965762,390.60665798187256,117.96625715494156,0.9999309778213501,399.0553879737854,112.63495334982872,0.9998449087142944,384.37782764434814,111.98022970557213,0.9998144507408142,405.84023571014404,115.79734975099564,0.999738335609436,380.06332874298096,114.86462497711182,0.9997276067733765,426.5598382949829,149.99560564756393,0.9998642206192017,360.6294832229614,148.54028433561325,0.9997733235359192,475.36755657196045,129.91563320159912,0.991596519947052,314.479154586792,119.25956428050995,0.9840989708900452,465.11106872558594,78.43816474080086,0.9835690259933472,327.9154624938965,72.09862071275711,0.978635311126709,407.9655661582947,246.43447530269623,0.9997220039367676,372.05926609039307,252.0445281267166,0.9997171759605408,392.64664363861084,284.2038811445236,0.9712252020835876,372.01483726501465,323.5800095796585,0.9651094079017639,394.8964910507202,346.1311933994293,0.9388507604598999,390.35714387893677,403.0487871170044,0.9585000872612
110,13.790400000289083,133.04937120742863,137.49159293811414,115.65483302613518,111.65892106760619,164.3134737858306,174.47329022173375,152.26612043607292,169.0917296739395,390.47016191482544,117.83397334814072,0.9999329447746277,399.0698184967041,112.49723488092422,0.999849796295166,384.2083764076233,111.80913400650024,0.9998235702514648,405.58043575286865,115.66263708472252,0.9997571706771851,380.0501618385315,114.32008323073387,0.9997487664222717,425.6798038482666,149.39188092947006,0.9998668432235718,360.8270878791809,148.0686867237091,0.9997862577438354,472.1007490158081,119.38137763738632,0.9922928810119629,317.7707543373108,110.24958541989326,0.9855408072471619,465.01164722442627,63.47942468523979,0.984459400177002,336.09029054641724,58.904354467988014,0.9800530672073364,408.1319088935852,247.23977398872375,0.999737024307251,372.2358694076538,253.1445094347,0.9997389316558838,392.77588653564453,278.9292815923691,0.968257486820221,373.0688467025757,324.3742537498474,0.9654397368431091,394.7891845703125,340.2623851299286,0.9259400367736816,389.97014808654785,406.8698033094406,0.9592200517654419
111,20.454699988476932,137.6195782102458,146.3033412974594,118.4750574171182,117.77574297496399,169.84787819336074,175.51817917674208,163.95318572683658,170.2862396035474,390.5246238708496,118.21510484814644,0.9999338388442993,399.1678247451782,112.50296157598495,0.9998517632484436,384.1594491004944,111.81826537847519,0.9998307824134827,405.2796440124512,115.37743484973907,0.9997704029083252,379.92531633377075,113.8162693977356,0.9997668862342834,424.4785575866699,148.10515522956848,0.9998613595962524,360.96550464630127,146.2500051856041,0.9997931122779846,471.5113468170166,110.85644415020943,0.9928581118583679,322.8592448234558,100.34530904889107,0.9867531061172485,461.497878074646,53.500914961099625,0.9851038455963135,344.3592834472656,48.51031745970249,0.9809596538543701,408.15756034851074,248.4158833026886,0.9997393488883972,372.3442120552063,254.51159405708313,0.9997518062591553,393.15327882766724,291.03847801685333,0.9653788208961487,374.36365127563477,330.708149433136,0.9663342833518982,389.8336772918701,347.80732011795044,0.915812611579895,389.6425676345825,407.64735174179077,0.9603352546691895
112,16.750600014347583,146.92416952708498,156.86330335973403,129.7959454750398,130.86861339394716,169.98866668503769,175.50107980870104,167.2524217798644,170.94201877179137,390.6769151687622,118.23244163393974,0.9999240040779114,399.12994146347046,112.4450963139534,0.9998320937156677,384.33238792419434,111.79541558027267,0.9998196959495544,404.7900676727295,115.35393688082695,0.9997534155845642,379.9885983467102,113.82504463195801,0.9997647404670715,423.183500289917,146.32403910160065,0.9998337626457214,361.0900468826294,144.5633652806282,0.9997691512107849,462.9879369735718,101.14659050107002,0.99321049451828,331.7229976654053,91.61516898870468,0.9878630638122559,454.2468309402466,44.82414570450783,0.9853015542030334,350.75898027420044,39.644681230187416,0.9818427562713623,408.2435874938965,248.65292859077454,0.9997238516807556,372.43334770202637,254.74977898597717,0.9997358918190002,393.3391065597534,293.67307114601135,0.9629151821136475,374.25631952285767,330.4899652004242,0.9648353457450867,387.34146785736084,355.1711376905441,0.9146187901496887,388.3415207862854,406.95789754390717,0.9589912295341492
113,14.254899986553937,153.4310162284293,168.73476261522904,138.722492676701,149.57275433900307,171.65455504061222,175.70825667122259,169.82752169199676,171.6061547489803,390.899893283844,118.24830400943756,0.9999091625213623,399.168203830719,112.44850099086761,0.9998040199279785,384.3643069267273,111.80330047011375,0.9998000860214233,404.83229780197144,115.35912936925888,0.999721884727478,380.072527885437,113.9941317141056,0.9997506737709045,422.5171184539795,144.6196065545082,0.9997915029525757,361.5397686958313,143.0106616616249,0.999719500541687,455.2406415939331,96.63862732052803,0.9932824373245239,344.07107734680176,85.52071183919907,0.9886029362678528,448.0894708633423,38.25478598475456,0.9850367307662964,357.43768405914307,29.95376342535019,0.9820563793182373,408.4569115638733,248.26496636867523,0.999703049659729,372.46155166625977,253.67358767986298,0.9997239708900452,394.75360107421875,295.83200669288635,0.9594947099685669,374.25783586502075,330.19320273399353,0.9642453193664551,388.4278259277344,357.06225764751434,0.9114207625389099,387.27874183654785,406.06080079078674,0.9581876397132874
114,22.550800000317395,158.27242948010004,176.5847437538674,145.1497234127172,162.21388713003466,169.02327743719528,176.47454156658193,169.29364221208857,171.55726105446172,390.9594349861145,118.19498306512833,0.9998877644538879,399.0458097457886,112.36496531963348,0.9997653961181641,384.45677852630615,111.80337169766426,0.9997720718383789,404.8005304336548,115.35160773992538,0.9996776580810547,380.1334342956543,114.26177635788918,0.9997241497039795,422.0894846916199,143.2611547112465,0.9997612237930298,363.18163871765137,142.30586504936218,0.9997001886367798,449.1149730682373,94.7159393131733,0.993122398853302,354.73336362838745,83.91072702407837,0.9892051815986633,443.268816947937,36.60948298871517,0.9843330979347229,364.5659074783325,25.49206966161728,0.9821006059646606,408.5310606956482,247.97794783115387,0.9997003078460693,372.5026445388794,252.91658127307892,0.9997293949127197,395.24249505996704,288.0317921638489,0.9560271501541138,374.2389826774597,329.9403164386749,0.963887095451355,388.49740076065063,338.26413893699646,0.9074977040290833,387.3001980781555,406.0784367322922,0.9580707550048828
115,14.561499992851168,163.12918160573824,179.03053889724876,152.70186147885263,167.702228874603,171.40755148479988,176.8101327541892,173.84346071293976,171.8629803960106,390.99385595321655,118.20706325769424,0.9998683929443359,399.0162663459778,112.31395927071571,0.9997248649597168,384.54139041900635,111.80478200316429,0.9997462034225464,404.8241853713989,115.24510830640793,0.9996249079704285,380.1915102005005,114.42146852612495,0.9996934533119202,421.9341859817505,142.00391721725464,0.9997133612632751,364.4507665634155,141.91871482133865,0.9996610879898071,444.3382930755615,90.89968824386597,0.9926396608352661,361.2322292327881,84.49847540259361,0.9894611239433289,440.9269275665283,37.059683844447136,0.9832732677459717,369.63764238357544,31.9604714512825,0.9814997911453247,409.27846574783325,248.109006524086,0.9996949434280396,372.5461130142212,252.7478289604187,0.9997336864471436,397.3166489601135,291.55302584171295,0.9504091739654541,373.843722820282,328.00634598731995,0.9632478952407837,388.43780851364136,346.1447266340256,0.9015073776245117,386.32195520401,405.6950615644455,0.9577222466468811
116,16.081899986602366,167.248126782164,177.107642200548,158.61312354297678,169.54646481603402,173.43254645473647,177.1110660427941,179.94271634909452,171.74584217148092,391.01129388809204,118.2189938724041,0.9998454451560974,399.0522541999817,112.30701458454132,0.9996821284294128,384.601007938385,111.80681911110878,0.999717652797699,404.8806185722351,115.07849282026291,0.999569296836853,380.2153673171997,114.4402868449688,0.9996599555015564,421.7481813430786,141.20629686117172,0.999665379524231,365.44076108932495,141.32741218805313,0.9996398091316223,439.8586139678955,89.33241146802902,0.9919412732124329,364.6547145843506,84.38171207904816,0.9894691705703735,437.92573261260986,37.643318831920624,0.9818767309188843,373.8451886177063,30.40370073914528,0.9805155992507935,409.5694012641907,248.20664525032043,0.9996926784515381,372.59061765670776,252.3975888490677,0.9997457265853882,400.4141569137573,287.6708964109421,0.9436492919921875,373.6270122528076,327.1562309265137,0.9637419581413269,388.9664053916931,337.2422230243683,0.8882151246070862,386.3200092315674,406.8607431650162,0.9583762288093567
117,14.754700008779764,170.3243582092058,175.38383077195334,162.62717991702735,169.86004197104737,179.1076852422232,176.84070185867708,170.1345114191631,171.51970592008,391.6448721885681,119.17728933691978,0.9998310804367065,399.25948762893677,112.98882606625557,0.9996570944786072,384.9500951766968,112.72274842858315,0.9996975064277649,405.0814833641052,115.30899229645729,0.9995337724685669,380.4506278038025,115.26105615496635,0.9996310472488403,421.7943034172058,141.03401166200638,0.9996325373649597,366.0662775039673,141.51858693361282,0.9996262788772583,436.47833347320557,89.61322608590126,0.9913991093635559,367.0612759590149,84.94796398282051,0.9892750978469849,435.1822147369385,37.883434027433395,0.9808669686317444,377.6077389717102,31.427621707320213,0.9796781539916992,410.0319867134094,248.22921013832092,0.9996916055679321,373.05449199676514,252.33012211322784,0.9997608661651611,406.0978116989136,290.08556735515594,0.9362832903862,373.6274166107178,325.4019818305969,0.9651875495910645,395.2511887550354,329.91139805316925,0.8695008754730225,386.3888258934021,406.6208772659302,0.9598791003227234
118,15.23100002668798,169.82112173099463,174.67968698492461,161.88204718896856,167.10947011875152,178.0794463114326,176.4966348757578,176.8645045137156,171.6834656882461,392.46379804611206,120.63006782531738,0.9998100996017456,399.8174510002136,113.87061601877213,0.9996241927146912,385.32804346084595,113.78737950325012,0.9996757507324219,405.602725982666,115.65456700325012,0.9994912147521973,380.5900807380676,115.84862646460533,0.9996083974838257,421.8992848396301,140.73548275232315,0.9996072053909302,366.31050968170166,141.7516007423401,0.9996134638786316,436.25457191467285,89.76144349575043,0.9906619191169739,367.7481789588928,85.73995023965836,0.9894869327545166,434.0456657409668,36.83098642528057,0.9791967272758484,381.04227924346924,33.81552889943123,0.9790571928024292,411.4597239494324,248.18373847007751,0.9996979236602783,373.7462725639343,252.24399375915527,0.9997736811637878,407.3832402229309,279.27376651763916,0.9333434700965881,374.1855568885803,324.8517062664032,0.9660345315933228,398.94451808929443,324.34205889701843,0.8620702028274536,386.60027980804443,406.3324911594391,0.960515558719635
119,16.316100023686886,169.16712351785864,174.79623139143825,160.60718850239698,165.08955941581112,178.38495661917034,176.26165494070332,174.68108091934434,171.92845924697687,393.3433017730713,121.5411536693573,0.9997960329055786,400.61868619918823,114.44629845023155,0.9995982646942139,385.9096112251282,114.45299383997917,0.9996594786643982,406.2884159088135,115.84757941961288,0.9994547963142395,380.9675488471985,116.17999839782715,0.9995853900909424,421.9283986091614,140.595563352108,0.9995774626731873,366.6903786659241,141.69830828905106,0.9995948076248169,436.64624309539795,88.68683344125748,0.9900355339050293,367.8429250717163,86.01087135076523,0.9895681738853455,433.31913566589355,35.2536950558424,0.9778408408164978,382.525767326355,35.12798911333084,0.9783115983009338,412.54681491851807,247.8941272497177,0.9997010231018066,374.4372191429138,251.98250317573547,0.9997843503952026,410.5852999687195,281.0875903367996,0.9303790926933289,374.7914366722107,324.52710807323456,0.9671158194541931,403.2132487297058,329.25972294807434,0.854874849319458,386.77347135543823,406.14929389953613,0.9615484476089478
120,16.317500034347177,168.23040205607364,175.13813787234338,159.47481440463673,164.17805208983015,175.39560406377808,176.5063359129798,171.7591534130825,172.62897315126435,393.78344535827637,121.9150270819664,0.9997943639755249,401.0406084060669,114.73662906885147,0.9995948076248169,386.26779651641846,114.71887916326523,0.9996594190597534,406.6586308479309,115.9725054204464,0.9994497299194336,381.23422288894653,116.29055780172348,0.9995812773704529,421.9643359184265,140.88031685352325,0.9995611310005188,366.83291482925415,141.6102140545845,0.9995894432067871,437.0962429046631,90.16111552715302,0.9896388649940491,367.6035199165344,86.41275855898857,0.9895364046096802,433.42947483062744,36.55269682407379,0.9771193861961365,382.74573802948,35.68968245387077,0.9777007699012756,412.89041805267334,247.9813952445984,0.9997034668922424,374.69628620147705,252.3392392396927,0.9997965693473816,412.74340867996216,283.32658565044403,0.9268910884857178,375.41260623931885,324.54955899715424,0.9688811302185059,406.76886892318726,323.4029093980789,0.8423113226890564,386.8274025917053,406.3983339071274,0.9633857607841492
121,14.8250000202097,167.3033758069079,175.45376400107415,158.5416782781973,164.83899837365723,176.1378204827464,176.3966594700578,171.82328842784366,172.5787474628899,394.1123147010803,122.02867776155472,0.9997953176498413,401.273720741272,114.79688757658005,0.9995936155319214,386.5779137611389,114.7775065600872,0.9996613264083862,406.8663697242737,115.9747134745121,0.9994502663612366,381.4648838043213,116.33355075120926,0.999579906463623,422.0698227882385,141.07265973091125,0.9995594024658203,366.92131757736206,141.41402488946915,0.9995924830436707,437.9429178237915,90.55422750115395,0.9894591569900513,367.45082426071167,85.74241471290588,0.9896391034126282,434.21180629730225,37.402056872844696,0.9768087267875671,381.8295388221741,34.60885779559612,0.977501392364502,413.12709379196167,248.77920079231262,0.9997054934501648,374.7630305290222,253.5192518234253,0.9998071789741516,412.362832069397,298.30328929424286,0.9231381416320801,375.25283432006836,324.03746140003204,0.9703466892242432,407.69618797302246,327.5661882162094,0.8306583762168884,386.5473847389221,406.28459775447845,0.9649422764778137
122,16.79219998186454,166.4946730158321,175.80031322427766,158.13114150727904,166.2257405656693,174.90347143758999,176.51639356084172,174.6966925695705,172.90215231285333,394.73040103912354,122.19868367910385,0.9998010396957397,401.77456855773926,114.80762156844139,0.9996042251586914,387.2740159034729,114.81554207205772,0.9996709227561951,407.18093490600586,115.97400832176208,0.9994671940803528,381.8248381614685,116.35927101969719,0.9995908141136169,422.32555389404297,141.21282130479813,0.9995723962783813,367.0609221458435,141.34920781850815,0.9996059536933899,438.6373519897461,91.01337453722954,0.9893397092819214,367.2432370185852,85.71067571640015,0.9899148941040039,435.03861713409424,37.7846342921257,0.9766101241111755,380.1274447441101,33.88856206834316,0.9777564406394958,413.84541034698486,249.0663902759552,0.999717652797699,375.00503873825073,254.6160991191864,0.9998207092285156,414.3582372665405,297.9696309566498,0.9215131402015686,375.64139699935913,323.624512553215,0.9720563888549805,411.71724939346313,330.07547783851624,0.823544979095459,386.70028257369995,406.2190684080124,0.966870129108429
123,14.524600002914667,166.48361258653853,176.35137857551285,158.1034039603014,167.05315688295323,177.02230137126878,175.7020194164211,177.93737838884627,171.70134805085004,395.21209239959717,122.33991366624832,0.9998056888580322,402.16027545928955,114.80239346623421,0.999611496925354,387.890257358551,114.90698400139809,0.9996739625930786,407.3451294898987,115.96254780888557,0.9994775056838989,382.23498344421387,116.41397377848625,0.9995923638343811,422.71441984176636,141.21344810724258,0.999574601650238,367.4267649650574,141.29209756851196,0.9995933175086975,439.1063566207886,90.38309618830681,0.9895083904266357,367.09600019454956,86.00362750887871,0.9898266792297363,435.39526081085205,37.6157573312521,0.9767097234725952,378.9267292022705,33.09365904331207,0.9776543974876404,414.47916555404663,249.29420447349548,0.9997231960296631,375.3622636795044,255.02058613300323,0.9998276829719543,413.20081329345703,302.376536488533,0.9224041104316711,374.99657249450684,323.3606572151184,0.9723605513572693,413.6948881149292,343.8177225589752,0.8275049328804016,386.56141090393066,405.7315585613251,0.967353105545044
124,16.51709998259321,165.95860285373385,176.74113054958082,158.05311842511318,167.5400692988818,178.4046178327244,174.95090672560372,172.99470465487533,170.76963763515144,395.61940717697144,122.75073993206024,0.9998117685317993,402.5470690727234,114.86999553442001,0.9996218085289001,388.3410406112671,115.20223644375801,0.9996777772903442,407.55721521377563,115.96472024917603,0.9994876384735107,382.5610980987549,116.48602044582367,0.9995935559272766,423.3095335960388,140.98737186193466,0.9995805025100708,367.7936692237854,141.08526700735092,0.9995805025100708,440.187912940979,90.33116418123245,0.9895623922348022,366.93079471588135,85.7150704562664,0.9896296262741089,436.9896945953369,38.32501278817654,0.9766815900802612,377.93696212768555,31.940556228160858,0.9774550199508667,415.00437593460083,249.25844824314117,0.9997270703315735,376.0618281364441,254.99126887321472,0.9998319745063782,412.0744996070862,309.35717833042145,0.9235444068908691,374.99073457717896,323.3701162338257,0.9726617336273193,415.8044738769531,359.9770884513855,0.8336078524589539,386.6264114379883,402.8099468946457,0.967926561832428
125,14.166600012686104,165.1458624608012,176.9936921031206,157.4066732292064,167.97308576978986,178.75544573856536,174.76972938573923,175.0740908706871,170.87726700272637,396.17724418640137,122.94597464799881,0.9998108148574829,402.9101572036743,114.88593626022339,0.9996174573898315,388.87891244888306,115.34996238350868,0.9996709227561951,407.82492542266846,115.9320268034935,0.9994722008705139,382.94468212127686,116.50892722606659,0.9995834231376648,424.3203020095825,140.38437366485596,0.999562680721283,368.2152376174927,140.8377227783203,0.9995279312133789,441.77870750427246,90.02002799510956,0.9893604516983032,366.9746422767639,85.6442489027977,0.9894776344299316,438.66045093536377,38.66712583601475,0.9762132167816162,377.3526396751404,30.925905525684357,0.9771580696105957,416.22925186157227,248.89524471759796,0.9997215270996094,376.7799677848816,254.90633714199066,0.9998241066932678,412.65386867523193,316.6699115037918,0.9263208508491516,375.6593909263611,323.47040462493896,0.9721622467041016,414.72567224502563,378.92270517349243,0.8436054587364197,386.7138032913208,400.3118827342987,0.9676098823547363
126,24.50270002009347,164.42742449566103,176.82448238731607,156.9533796755842,168.60259897110475,177.37258296227506,174.3211948327282,176.28169494365554,169.29074385091815,396.90733766555786,122.81327772140503,0.9998132586479187,403.4095392227173,114.50844448804855,0.9996208548545837,389.6416325569153,115.1745787858963,0.9996703863143921,408.3493776321411,115.4230204820633,0.9994726777076721,383.4615273475647,116.31246027350426,0.9995852708816528,425.0514316558838,139.95619636774063,0.9995672106742859,368.58338022232056,140.1611750125885,0.999505877494812,443.0813465118408,89.99462825059891,0.989220142364502,367.3029808998108,85.1683277785778,0.9891425967216492,440.2148027420044,38.77630698680878,0.9759354591369629,377.0224561691284,30.402133733034134,0.9766584038734436,416.93897581100464,248.59127402305603,0.9997221827507019,377.61628103256226,254.69749796390533,0.9998188018798828,414.750919342041,324.8603390455246,0.9295284152030945,376.1817202568054,324.9686903953552,0.9714794158935547,417.1454510688782,390.9497050046921,0.8540499806404114,388.8048896789551,400.0816468000412,0.9671347737312317
127,15.871200012043118,164.43413895264243,177.0207427540947,157.4803268787444,168.4648582088532,176.19686834161988,174.41526322965947,176.75888990794857,169.47890939674627,397.48251152038574,122.56282740831375,0.99982088804245,403.9277238845825,114.09179893136024,0.9996335506439209,390.30872201919556,114.84320685267448,0.999678373336792,409.01538038253784,115.07189002633095,0.9994850158691406,384.0892930030823,116.02566254138947,0.9995962381362915,426.5724239349365,139.74536281824112,0.999569296836853,369.1351013183594,139.89700627326965,0.999471127986908,444.6422691345215,90.05949518084526,0.9890751838684082,367.4156198501587,84.60216847062111,0.9887582659721375,442.37326526641846,38.794373854994774,0.975736677646637,376.83642625808716,29.79929579794407,0.9759815335273743,418.15958070755005,248.59460747241974,0.9997220635414124,378.64251613616943,254.06434202194214,0.9998073577880859,417.2673397064209,331.52555680274963,0.9332870841026306,377.60632371902466,326.079127907753,0.9708312153816223,420.62750339508057,404.82486033439636,0.8654150366783142,390.24152278900146,400.023411154747,0.9662756323814392
128,16.12290000775829,165.6945736952522,177.78231097447554,158.70168764851707,168.09989486876253,175.47314465621614,174.2699035346752,177.17703474012797,169.24596743270536,398.0320339202881,122.30683559179306,0.999829888343811,404.6365633010864,113.64505261182785,0.99964839220047,391.1291136741638,114.41138270497322,0.9996899366378784,410.07990312576294,114.79923808574677,0.9994986653327942,384.9223966598511,115.64931753277779,0.9996105432510376,428.1703453063965,139.7786545753479,0.9995709657669067,369.8111877441406,139.8791566491127,0.999442994594574,445.4375400543213,90.36129343509674,0.9889358282089233,367.495707988739,84.27546906471252,0.9888110756874084,443.6037769317627,38.83173270523548,0.975557804107666,376.62808084487915,29.793341174721718,0.9760169386863708,418.7336678504944,248.6297084093094,0.9997268319129944,378.9843502044678,253.8347613811493,0.9997990727424622,418.1122455596924,331.8312369585037,0.9372774362564087,377.56240034103394,326.0622327327728,0.9706401228904724,421.2923183441162,407.8628578186035,0.8762075304985046,389.9569306373596,399.13993310928345,0.9652333855628967
129,30.003399995621294,168.8390572618284,179.67757041365223,161.52062789391846,167.16800831059857,174.98290658355964,174.4633707179013,177.48420891439474,169.34421560270184,398.8818426132202,122.13832545280457,0.9998369812965393,405.5859704017639,113.32425796985626,0.9996598362922668,392.4447932243347,114.18990063667297,0.9996985197067261,411.88129234313965,114.69017446041107,0.9995067119598389,386.46158504486084,115.44178181886673,0.9996209144592285,430.8299083709717,139.8336849808693,0.9995676279067993,371.39505767822266,139.91531175374985,0.9994140863418579,446.0161256790161,90.20820406079292,0.988822340965271,367.79177379608154,84.46864530444145,0.9888975024223328,444.7052478790283,38.930112197995186,0.9754638075828552,376.48059129714966,30.305894628167152,0.9761582612991333,419.643346786499,248.93980467319489,0.9997329711914062,379.42547941207886,253.59651947021484,0.9997947812080383,418.43163776397705,331.885825753212,0.9406964778900146,377.5332865715027,326.050864815712,0.9705778956413269,420.64976835250854,407.5644713640213,0.8853801488876343,389.2809200286865,398.90673410892487,0.963848352432251
130,24.821700004395097,171.83923623429675,178.4876987077277,164.80623537119132,165.9598910240446,175.0298113092059,174.23461709424691,176.53443528940488,168.97392714569986,400.515221118927,122.06402087211609,0.9998419284820557,406.94855546951294,113.1803569495678,0.9996666312217712,394.4084815979004,114.06664848327637,0.9997040629386902,413.6320610046387,114.60897505283356,0.9995104670524597,388.20755195617676,115.29850760102272,0.9996298551559448,433.8776044845581,139.90055340528488,0.999566376209259,373.1572241783142,139.9416659474373,0.9993977546691895,447.04804706573486,89.88344916701317,0.9886508584022522,368.091579914093,84.71642458438873,0.9889816045761108,446.6531915664673,38.651434406638145,0.9753000736236572,376.42486572265625,30.881740882992744,0.9761930108070374,421.1075520515442,250.4138445854187,0.9997381567955017,380.5831561088562,253.89157247543335,0.9997919797897339,418.7683415412903,333.0616216659546,0.9433322548866272,377.9499773979187,327.93312406539917,0.9704586267471313,421.15003490448,407.025364279747,0.8930883407592773,389.31091833114624,399.7501537799835,0.9627829194068909
131,19.89799999864772,174.01426216813533,176.308596155923,166.236474823684,165.01546144331152,174.78457645258948,174.99502829736355,176.5263036223194,170.5246811579125,402.61050271987915,122.47940570116043,0.999845564365387,408.8525505065918,113.44921246170998,0.9996703863143921,396.83718156814575,114.52740526199341,0.9997082352638245,415.86550664901733,114.85121282935143,0.9995104074478149,390.2262330055237,115.54138642549515,0.999638557434082,436.5517749786377,140.71407175064087,0.9995608329772949,375.37262535095215,140.03773766756058,0.9993866682052612,448.4912509918213,89.94595846533775,0.9883860945701599,368.65153980255127,84.76258715987206,0.989191472530365,448.01572608947754,38.48062361776829,0.975085437297821,376.2262501716614,31.216962665319443,0.9763362407684326,422.46760988235474,251.44926524162292,0.999735951423645,381.8233218193054,253.94214403629303,0.9997825622558594,419.5428133010864,333.84455490112305,0.9449102282524109,379.53003120422363,328.4217735528946,0.9701002240180969,421.3940143585205,407.44948160648346,0.8995351791381836,389.28650522232056,400.4714894294739,0.961933434009552
132,14.819999982137233,174.4609659445407,175.80490530624567,165.58274174392383,165.26791939332688,173.76833454454018,175.61106538951626,178.59564407650402,173.17771933148956,404.24089908599854,122.58630400896072,0.999850332736969,410.35360288619995,113.48253983259201,0.9996770620346069,398.345335483551,114.65959647297859,0.9997153282165527,417.5639362335205,114.88345754146576,0.9995139837265015,391.54231691360474,115.72099381685257,0.9996513724327087,438.7063961029053,141.1455824971199,0.9995580911636353,376.54129552841187,140.4754594564438,0.9993828535079956,450.6222677230835,89.90948283672333,0.9881905913352966,369.27152156829834,85.45786064863205,0.9894741177558899,449.4292097091675,38.3219286352396,0.9750323295593262,376.0881872177124,31.535360500216484,0.9765805006027222,423.8182158470154,253.42397785186768,0.9997339844703674,383.18924283981323,254.65857923030853,0.9997732639312744,421.91184520721436,336.04913306236267,0.9458860754966736,381.7968111038208,330.1401809453964,0.969281017780304,422.01654863357544,408.6485546827316,0.9049261212348938,389.00436449050903,401.5253722667694,0.9600723385810852
133,16.71850000275299,175.72434380398562,174.65519424959598,167.06215514758657,165.3167712726411,173.2866041360284,175.21003393353175,179.3596442054338,173.37876292211095,406.02121114730835,122.45681232213974,0.9998592734336853,411.82157373428345,113.44604995846748,0.9996941089630127,400.3048286437988,114.60044911503792,0.9997311234474182,419.11328411102295,114.88701891899109,0.9995349049568176,393.77980613708496,115.71590104699135,0.9996717572212219,440.21434783935547,142.0671957731247,0.9995698928833008,378.19959259033203,141.032131254673,0.9993876814842224,451.27095890045166,90.0091373026371,0.9880511164665222,370.15868282318115,86.92562541365623,0.9899594783782959,450.4156913757324,38.26678782701492,0.9751564860343933,376.1155319213867,32.35996897518635,0.9774267077445984,424.852032661438,255.46256732940674,0.9997490644454956,384.4230399131775,255.64094960689545,0.9997788071632385,423.44850635528564,335.72467732429504,0.9488743543624878,382.22040128707886,330.6607973575592,0.969475507736206,422.98602199554443,409.0328415632248,0.9115229845046997,388.08862018585205,398.56091010570526,0.9576517343521118
134,20.319200004450977,176.32472141405296,173.86367347289422,166.7852244774284,165.6003712896916,172.74966916691972,175.34392720810698,179.88540629222788,173.17397912389964,407.2032504081726,122.42561465501785,0.9998666644096375,413.0142021179199,113.44933354854584,0.999708890914917,401.51360607147217,114.59180921316147,0.999744713306427,420.429039478302,114.95610252022743,0.9995508193969727,395.22442531585693,115.71727573871613,0.9996883869171143,441.57283878326416,142.5544634461403,0.9995864629745483,378.89306640625,141.43929642438889,0.9994010329246521,452.35372829437256,90.07837048172951,0.9878962635993958,370.64954805374146,88.81856879591942,0.9904022812843323,450.89990997314453,38.20109821856022,0.9751881957054138,376.04401111602783,32.75479753315449,0.9783799648284912,425.33933448791504,259.03155195713043,0.9997683167457581,384.5030269622803,257.5044047832489,0.9997902512550354,424.4339265823364,334.8791493177414,0.9522963762283325,382.09267473220825,330.5924758911133,0.969537079334259,423.701406955719,408.5961027145386,0.9179996848106384,387.2351722717285,390.123379945755,0.9534624814987183
135,17.744799959473312,176.23963806959142,171.7950082336881,166.45294637882503,163.77113233642962,172.741628301735,174.67940602632936,179.57051093046266,174.24399360658,408.61309480667114,122.4314553141594,0.9998741149902344,414.3994565010071,113.54115298390388,0.999722957611084,403.13750743865967,114.58816236257553,0.9997574090957642,421.66897773742676,115.07926920056343,0.9995661377906799,396.9911913871765,115.71559476852417,0.9997028708457947,442.3995485305786,142.6486405134201,0.9995958805084229,380.00012254714966,141.67201107740402,0.9994027018547058,453.2198123931885,90.20386630296707,0.988113522529602,370.4897508621216,91.71781501173973,0.9908493161201477,451.50568866729736,38.24531628191471,0.9757719039916992,375.9865417480469,34.10224471986294,0.9794782400131226,426.3077211380005,258.6581771373749,0.9997805953025818,385.2021870613098,257.38508439064026,0.9997947812080383,425.4729747772217,333.5252275466919,0.9555639624595642,381.83022117614746,327.6749384403229,0.9703320264816284,424.1058406829834,406.84017264842987,0.9241839647293091,384.9663453102112,387.32647347450256,0.9531093835830688
136,14.822700002696365,176.09180127632655,170.09603307519657,165.87470095098848,161.79020831151226,172.72500245520777,174.8983639267989,178.82946092051412,176.7639254693202,409.8337502479553,122.426198720932,0.9998791217803955,415.83376455307007,113.54572579264641,0.9997310042381287,404.38070583343506,114.54268357157707,0.9997650384902954,423.03176498413086,115.15212786197662,0.9995708465576172,398.1444454193115,115.68436148762703,0.9997102618217468,443.5697603225708,142.95414972305298,0.9996010065078735,381.1383647918701,141.72323793172836,0.9993892908096313,454.05162715911865,93.32999363541603,0.9878910779953003,370.39126443862915,93.4901060461998,0.9909347295761108,451.97782707214355,39.30588026344776,0.9755924344062805,376.0767135620117,36.00733596086502,0.9794229865074158,427.2934446334839,258.4911912679672,0.9997885227203369,386.50439643859863,257.3433165550232,0.9997940063476562,426.32915210723877,332.76819264888763,0.9569932222366333,383.6398239135742,324.44719076156616,0.9698435664176941,423.90055322647095,405.42884147167206,0.9285551309585571,384.47618770599365,384.97297275066376,0.951200544834137
137,16.939799999818206,174.21071853494294,166.73801641887073,160.59355157486215,157.81330595357716,173.1364683897656,174.29885152991727,179.4603914258178,177.31119300557728,410.8370885848999,122.50651490688324,0.9998867511749268,416.8127655982971,113.63017317652702,0.9997453093528748,404.9929795265198,114.70097967982292,0.9997778534889221,423.8769235610962,115.15258371829987,0.9995879530906677,398.5661401748657,115.75869455933571,0.9997233748435974,445.04561614990234,143.5637863278389,0.9996181726455688,382.3137321472168,142.3180449604988,0.9993953108787537,456.96168994903564,96.18263566493988,0.9882993102073669,369.6431770324707,96.99252140522003,0.9913241267204285,452.114146232605,43.82507246732712,0.9760403037071228,376.30307817459106,39.154970452189445,0.9797865748405457,428.10301971435547,259.3121600151062,0.99980229139328,387.04166173934937,257.22618997097015,0.9998006820678711,426.23928356170654,332.2380602359772,0.9601088762283325,383.42728328704834,319.0652655363083,0.9712504148483276,423.684853553772,405.25678420066833,0.9339990615844727,382.7388639450073,379.1699217557907,0.9507311582565308
138,14.915000007022172,173.09536531605687,161.03502701356524,157.2356692318575,148.98982187488363,173.1873311712432,171.80828553429316,179.94866343688574,173.2540985339693,411.70779752731323,122.41376239061356,0.9998953342437744,417.7626528739929,113.59669622778893,0.999763011932373,405.5704278945923,114.74632313847542,0.9997929334640503,424.85359954833984,115.11818081140518,0.9996128678321838,399.3317918777466,115.93341574072838,0.9997406601905823,445.8089427947998,144.84891653060913,0.999643862247467,384.0773391723633,143.4924020767212,0.9994201064109802,458.01261615753174,100.6427837908268,0.9884836077690125,367.8852562904358,100.78296673297882,0.9915947914123535,451.5462255477905,50.38379791378975,0.9760252237319946,377.74600410461426,46.23797696828842,0.9798744916915894,428.4204912185669,260.80705535411835,0.999818742275238,387.6443066596985,257.1314288377762,0.9998134970664978,426.249493598938,333.2921425104141,0.9625895619392395,381.4557604789734,312.35688388347626,0.9715902805328369,424.13050651550293,406.2243962287903,0.937974750995636,381.779878616333,365.10914742946625,0.9448431134223938
139,16.53630001237616,172.47502704324268,152.51243735081894,152.1643994876637,136.88969654328835,173.2054143654832,167.83394552201128,179.36322838156468,167.90492291272648,412.37102031707764,122.339728474617,0.999904215335846,418.6105155944824,113.59846979379654,0.9997815489768982,406.30820417404175,114.8412267267704,0.9998089075088501,425.2712507247925,115.44849145412445,0.9996391534805298,400.556667804718,116.3906681239605,0.9997581243515015,446.1866636276245,146.66004794836044,0.9996664524078369,386.19266176223755,145.50214439630508,0.999445378780365,457.6175584793091,107.47228077054024,0.9887250065803528,366.0159602165222,108.78285345435143,0.9917523860931396,447.5464687347412,58.29592517018318,0.9763831496238708,379.3484239578247,56.56193318963051,0.9799813628196716,428.50848960876465,261.6938668489456,0.9998332262039185,388.7253828048706,257.0600303411484,0.9998248219490051,426.0752658843994,333.448757648468,0.9646233916282654,380.20070934295654,301.4721175432205,0.9721074104309082,424.4003143310547,406.95214235782623,0.9416566491127014,381.3477463722229,354.9126386642456,0.9414027333259583
140,15.268900024238974,170.40931735957835,139.23079745654178,134.71990179229812,120.21439958737554,173.24096915173448,163.42544525058005,179.33029975947525,163.04734008869718,412.69478464126587,121.89444231987,0.9999120831489563,419.5082154273987,113.53363135457039,0.9997984766960144,407.1044354438782,114.3517937362194,0.999822199344635,425.96037769317627,115.54987674951553,0.9996610879898071,401.9875135421753,116.20208606123924,0.9997702240943909,446.35826301574707,147.46937811374664,0.999672532081604,387.3864526748657,146.86771899461746,0.999417245388031,456.18284606933594,118.04809761047363,0.9889205098152161,362.26543951034546,118.5502091050148,0.9915251731872559,436.0939407348633,78.30382245779037,0.976726770401001,379.61893939971924,65.79637855291367,0.9793989062309265,428.5438709259033,261.5564831495285,0.9998428821563721,388.93668508529663,256.8356635570526,0.9998276233673096,425.8794050216675,333.6744635105133,0.9662508368492126,380.2313141822815,287.6677623987198,0.9719977378845215,424.01172637939453,407.65359127521515,0.9450793266296387,381.4857840538025,348.2750571966171,0.9382749795913696
141,15.24719997541979,163.41526090899524,131.5088629392499,129.0985416324233,111.29898224610925,172.76419161716655,164.44678458656352,179.3058471573808,163.21179099464422,412.912859916687,121.60025829076767,0.9999181628227234,419.99048805236816,113.52498432993889,0.9998112916946411,407.9578580856323,114.13166499137878,0.9998300671577454,426.635705947876,115.59693679213524,0.9996734857559204,403.66420888900757,115.95329535007477,0.9997738599777222,446.93310832977295,147.31347525119781,0.9996765851974487,388.80082082748413,147.2421052455902,0.9993937015533447,456.00715255737305,128.64858055114746,0.9890604019165039,360.93520307540894,122.81853431463242,0.9914157390594482,435.0016689300537,83.54976716637611,0.9771470427513123,379.9701747894287,70.33472740650177,0.979418933391571,428.4871597290039,259.43794786930084,0.9998481273651123,389.3131675720215,253.97015070915222,0.9998209476470947,425.7627983093262,333.50873124599457,0.9674335718154907,380.80168628692627,285.1295258998871,0.9709858894348145,423.93042516708374,407.833255648613,0.948290228843689,382.4008460044861,345.7927770614624,0.9339131712913513
142,18.759099999442697,71.21051509267137,111.71823516638122,31.272191126880564,86.55379265095178,172.83071641122535,165.40872314638253,179.11840881944124,163.30582448480573,413.2263889312744,120.92007791996002,0.9999256730079651,420.72361421585083,113.50020426511765,0.999828577041626,408.3789463043213,113.0863935649395,0.9998441934585571,427.54995918273926,115.59910923242569,0.9997017979621887,404.89815759658813,114.08001789450645,0.9997913837432861,446.9829959869385,148.5063087940216,0.9996941685676575,390.23919773101807,147.24013936519623,0.9994084239006042,461.39972019195557,156.29615259170532,0.9894757866859436,356.57491064071655,133.6487830877304,0.9901397228240967,436.592059135437,113.91759771108627,0.9777312874794006,378.4439764022827,87.65837171673775,0.9763084650039673,428.47376537323,258.0049065351486,0.9998468160629272,389.74931812286377,252.2528259754181,0.9998061060905457,425.2725648880005,333.5922669172287,0.9687034487724304,381.4980664253235,283.35382306575775,0.9708821773529053,423.23667335510254,409.14800226688385,0.9518478512763977,383.3944797515869,342.52696537971497,0.9340128898620605
143,14.072799996938556,52.036478477522735,94.0433306145003,2.823372735048666,61.56787735636662,173.24827254695276,148.54096753774255,178.7826492277555,144.42006978176386,413.029314994812,119.97389113903046,0.9999328851699829,420.452618598938,112.9043430685997,0.9998447895050049,408.18295907974243,111.98001602292061,0.9998586773872375,427.4561986923218,115.23047104477882,0.9997286200523376,404.13533639907837,113.21973866224289,0.9998098015785217,446.7032308578491,148.78566324710846,0.9997209310531616,389.398916721344,147.16573506593704,0.9994593262672424,461.0530843734741,164.53367578983307,0.9898954033851624,352.46395540237427,144.79714834690094,0.9902737140655518,435.06894397735596,133.03136843442917,0.9786288142204285,377.4249691963196,105.00803545117378,0.9758580923080444,428.5578718185425,254.98312044143677,0.9998514652252197,390.06638526916504,249.40281224250793,0.9998077154159546,424.531174659729,333.2694351673126,0.9683125615119934,382.0121822357178,262.7623370885849,0.9711455702781677,422.2256269454956,409.7321251630783,0.953647792339325,387.7323303222656,335.5256105661392,0.9350849390029907
144,15.906699991319329,43.33793737743454,70.25315964392007,19.777773857809922,30.994234284323337,173.87662671935715,114.81874368621821,178.31826144894492,112.63202750513541,413.0473847389221,119.854456782341,0.9999393224716187,420.39845991134644,112.84247481822968,0.9998591542243958,407.91449069976807,111.98048612475395,0.9998716711997986,427.2312240600586,115.0734712779522,0.9997516870498657,403.66638231277466,113.29219844937325,0.9998263716697693,446.51105976104736,150.15897315740585,0.9997459053993225,387.57217931747437,147.13411003351212,0.9995055794715881,462.55517292022705,174.28562492132187,0.9904860258102417,350.21286964416504,161.83172988891602,0.9904308319091797,425.1142587661743,146.48106735944748,0.9797927737236023,374.8056650161743,129.8170400261879,0.976213812828064,428.60932636260986,254.73222851753235,0.9998575448989868,390.62361574172974,248.25402581691742,0.9998104572296143,423.672571182251,333.40040838718414,0.9690319895744324,386.4881715774536,250.32013761997223,0.972250759601593,421.1337089538574,409.56833028793335,0.9556989669799805,391.614191532135,325.2190124988556,0.9360091090202332
145,14.904599986039102,33.69360494885642,55.2566527243966,36.98141608614477,5.2831627608670955,174.49441430009836,152.83611305209138,176.77373737630052,149.93640390390408,413.5506839752197,121.24752521514893,0.9999439120292664,420.9240999221802,114.03516590595245,0.9998682737350464,408.0904622077942,112.65627175569534,0.9998794794082642,427.2616014480591,115.85926786065102,0.9997585415840149,403.4330930709839,113.60586321353912,0.9998339414596558,447.10394954681396,153.150573015213,0.9997652173042297,387.6393532752991,147.32277756929398,0.9995423555374146,461.8722629547119,186.8646525144577,0.9905693531036377,351.4277629852295,174.61845701932907,0.9896709322929382,419.3355040550232,162.932637155056,0.9798734784126282,380.9373483657837,156.37502998113632,0.9739145636558533,429.0966281890869,254.8807806968689,0.9998640418052673,391.6132311820984,247.7934684753418,0.9998139142990112,422.85561656951904,333.61121344566345,0.9690443873405457,388.8368592262268,253.77495872974396,0.9720751643180847,421.1283006668091,409.3698048591614,0.9564887881278992,394.7487487792969,319.1817938089371,0.9319137930870056
146,15.832100005354732,28.259995608905005,43.27728807329327,49.572771101757034,17.33627062243531,174.280413944337,171.6311749402361,176.49522603587388,157.81449117313318,413.98559617996216,121.56584113836288,0.9999430775642395,421.39558124542236,114.46312952041626,0.9998635053634644,408.4057855606079,113.4014401435852,0.9998739361763,427.44876861572266,116.36439940333366,0.999723494052887,403.8134169578552,114.4873326420784,0.9998220205307007,448.2152261734009,155.8670778274536,0.9997724890708923,387.4989399909973,152.7753890156746,0.999552845954895,461.6433963775635,197.98388570547104,0.9903534054756165,354.7043762207031,191.48034024238586,0.9890519380569458,416.42218112945557,179.0272714495659,0.9793465733528137,383.91081953048706,172.95305716991425,0.9731621742248535,429.5132179260254,256.0317324399948,0.9998703598976135,392.5060029029846,248.22647500038147,0.9998100996017456,422.8568801879883,334.3736616373062,0.9706054329872131,388.64764499664307,289.3036313056946,0.9715867042541504,421.08672761917114,409.39234125614166,0.9585281014442444,398.0041584968567,320.2558482885361,0.9196082949638367
147,14.487400010693818,24.955218518324457,33.251729855227424,60.45601918362948,42.49225504325974,173.5794567465491,170.9257607458733,176.78437694062612,156.21008252622215,415.484854221344,121.64637100696564,0.9999376535415649,422.38312435150146,114.8579580783844,0.9998493790626526,409.4466028213501,113.93346720933914,0.9998536705970764,428.2650661468506,117.03071177005768,0.99964439868927,404.38937425613403,115.44105529785156,0.9997758269309998,449.1068353652954,158.30556726455688,0.9997842311859131,387.4252963066101,155.158221244812,0.9995763301849365,460.6651029586792,205.67955243587494,0.9900662899017334,361.5220022201538,199.64079523086548,0.9878414869308472,416.1119375228882,193.04466819763184,0.9792136549949646,389.66341733932495,190.8787096142769,0.9721464514732361,429.50947761535645,256.881135225296,0.9998735785484314,392.3950319290161,248.78461408615112,0.9998003244400024,422.845760345459,335.84775853157043,0.9718587398529053,388.0764136314392,289.6280015707016,0.9711117744445801,420.77254152297974,409.70346319675446,0.9602404832839966,396.97883319854736,317.43227422237396,0.9090073108673096
148,13.881899998523295,22.948020392673033,28.588896823268477,65.9650873207842,51.764210645631664,173.96371145893747,169.53158767413242,176.78996309134544,163.47339506727954,415.72430992126465,121.6469978094101,0.9999368786811829,422.5889172554016,114.91995453834534,0.9998465776443481,409.5076861381531,114.25198256969452,0.9998471736907959,428.37858963012695,117.25994339585304,0.9996088743209839,404.4383521080017,116.32381394505501,0.9997462034225464,449.6123332977295,158.48144233226776,0.999801516532898,387.5311622619629,156.8242621421814,0.9996088147163391,460.00463485717773,208.13923919200897,0.9899237155914307,365.80071544647217,203.14816802740097,0.986311137676239,417.85535192489624,199.01489025354385,0.9793820381164551,390.68548250198364,197.35518860816956,0.9704371094703674,430.24601554870605,256.939057469368,0.9998733401298523,393.10033321380615,248.99550461769104,0.9997884631156921,423.21309423446655,335.87271666526794,0.9720836877822876,391.08658027648926,265.3709464073181,0.9710379838943481,420.78709840774536,409.7221248149872,0.9610788822174072,398.6265664100647,310.35137248039246,0.9072738885879517
149,16.618199995718896,22.806869076062345,27.068590304804335,67.6919465353715,57.19666973511014,174.00418586795246,174.3301948968458,176.93240598715346,169.11813934381695,415.6739420890808,121.75483632087708,0.9999315738677979,422.7508625984192,115.2529504597187,0.9998326301574707,409.40783500671387,114.63301435112953,0.9998331069946289,428.43565464019775,117.70433920621872,0.9995593428611755,404.3285942077637,116.91523766517639,0.9997059106826782,449.3731050491333,158.79585498571396,0.9998167753219604,387.60690355300903,156.03732591867447,0.9996371269226074,459.78724193573,208.5793542265892,0.989875853061676,366.6078391075134,203.6270878314972,0.9844099879264832,420.19870710372925,201.24719017744064,0.9798163175582886,390.3627290725708,199.86732733249664,0.9681189656257629,430.1893548965454,257.5647487640381,0.999879002571106,392.9372000694275,249.64595460891724,0.9997865557670593,423.22866201400757,337.1928480863571,0.9708020687103271,392.1367735862732,268.65815484523773,0.9689404368400574,420.7896761894226,409.63836121559143,0.9596772789955139,398.18849515914917,309.29139256477356,0.8995108604431152
150,15.336999960709363,23.98866505574464,26.34692160559685,62.28906896824644,48.67398874254189,174.0751296811185,174.16077746441343,177.2544769938133,164.24370662710803,415.83232402801514,121.74908113479614,0.9999172687530518,423.0270390510559,115.34228405356407,0.9998036623001099,409.67276525497437,114.71080908179283,0.9998013973236084,428.6148862838745,117.92327845096588,0.9994750022888184,404.5539479255676,117.03835448622704,0.999652087688446,449.2166690826416,158.69607943296432,0.9998262524604797,387.5878987312317,155.94638258218765,0.9996547102928162,460.31068325042725,206.13650566339493,0.9895373582839966,367.64031648635864,202.8026574254036,0.9835173487663269,421.34453105926514,196.02378898859024,0.9796033501625061,389.07934761047363,195.72662764787674,0.9671198129653931,430.3086404800415,257.5670565366745,0.999886155128479,392.9738450050354,249.73820853233337,0.9997895956039429,423.49791383743286,336.9843508005142,0.9700987339019775,391.3497667312622,286.16748225688934,0.964815080165863,420.7654905319214,409.5610365867615,0.9582564830780029,398.1318850517273,315.0749272108078,0.880222737789154
151,18.041100003756583,27.008241432540448,28.702393818571338,53.136551035133415,40.562624796736635,174.30591828560713,160.07335790228942,177.3047898210408,165.24769116538303,415.747585773468,121.76066273450851,0.9999223947525024,422.95615005493164,115.4539403617382,0.999814510345459,409.7080707550049,114.87400564551353,0.9998124837875366,428.52127742767334,118.07978674769402,0.9994990825653076,404.58740854263306,117.1779248714447,0.9996696710586548,449.03556728363037,159.0847824215889,0.9998387098312378,387.523681640625,156.88852363824844,0.9996770620346069,461.50904846191406,201.64741778373718,0.9897024035453796,366.90622997283936,200.75241512060165,0.9831541180610657,422.1224145889282,186.898157954216,0.9798964858055115,388.9646363258362,190.81011748313904,0.9658109545707703,430.43080711364746,257.7894289493561,0.999884307384491,393.2517147064209,249.8131399154663,0.9997811317443848,423.49776220321655,337.3492922782898,0.9689134359359741,388.702157497406,265.27191162109375,0.9645468592643738,420.61542320251465,409.58152163028717,0.9567426443099976,387.2136654853821,317.03969645500183,0.8814476728439331
152,17.452900006901473,34.587459349065064,35.36130735554409,34.49506141826912,15.467098079155953,174.21406980746016,28.635858532820755,177.96817986017822,34.999785966286304,415.67884492874146,121.74908113479614,0.9999276995658875,422.8711338043213,115.47473880648613,0.9998259544372559,409.64673471450806,114.96389481425285,0.999824047088623,428.2651672363281,118.11643332242966,0.999524712562561,404.5318093299866,117.20900145173073,0.9996874928474426,447.38199615478516,159.4274581670761,0.9998477697372437,387.19514083862305,156.46692776679993,0.9996894001960754,463.91699981689453,195.8892828822136,0.9892686009407043,363.4340844154358,194.57573288679123,0.9817147254943848,434.26866912841797,177.99635237455368,0.9790831208229065,382.1161274909973,177.4032548069954,0.9624218940734863,429.5407648086548,258.64712262153625,0.9998519420623779,392.78086519241333,250.00186443328857,0.9997072815895081,423.25239276885986,340.2265719175339,0.9683764576911926,385.5749797821045,238.49391400814056,0.9656686782836914,420.35435962677,410.0713107585907,0.9569193720817566,381.66122484207153,314.53396821022034,0.887132465839386
153,15.553300036117435,48.771386427262264,44.38678367151289,8.944662286101046,2.130087070379754,173.42645843224795,33.83445553981258,178.6231633528514,39.6918367790459,415.34939432144165,121.52319008111954,0.999932587146759,422.39811086654663,115.3048468530178,0.9998361468315125,409.2025980949402,114.89318010210991,0.999833881855011,427.69148445129395,117.96610045433044,0.9995486736297607,404.44226932525635,117.06210887432098,0.9997028708457947,446.7989625930786,159.23014360666275,0.9998539090156555,387.18151903152466,152.47695982456207,0.9996975660324097,468.1463813781738,186.18236380815506,0.988800585269928,358.5380177497864,185.09847992658615,0.9806076884269714,445.1581792831421,164.98842096328735,0.9784172177314758,375.3060579299927,164.50571185350418,0.9597276449203491,428.64950942993164,258.2110105752945,0.9998121857643127,392.3843922615051,248.48756670951843,0.9996082186698914,423.2084946632385,339.76404869556427,0.965952455997467,384.8010892868042,238.40087658166885,0.9652112126350403,420.2033066749573,410.28485095500946,0.95648193359375,381.00525522232056,317.2670832872391,0.8898441791534424
154,16.64159999927506,70.59282405406636,73.65661108688808,28.17894473019947,44.42709419450773,173.20924983555736,99.11939989531653,179.0386730028581,103.81105647683339,414.2552270889282,121.03035241365433,0.99993896484375,421.72306060791016,114.94204220175743,0.9998510479927063,407.7049322128296,114.84411144256592,0.9998489618301392,427.66545391082764,117.59338092803955,0.9995893836021423,403.0014410018921,116.92706143856049,0.9997298717498779,446.3157043457031,156.44916361570358,0.999862790107727,386.6701326370239,152.2839189171791,0.9997165203094482,470.53684425354004,170.20435750484467,0.9893272519111633,352.8532004356384,164.1557566523552,0.9815239310264587,448.0106716156006,134.4732419848442,0.979350745677948,370.6740369796753,127.98473978042603,0.9601758718490601,428.04630851745605,258.13810205459595,0.9998043775558472,391.7160897254944,248.53939187526703,0.999588668346405,423.2086715698242,339.70108354091644,0.9653638601303101,381.66301918029785,250.69829893112183,0.9659550189971924,420.2071228027344,410.34322905540466,0.9574134945869446,379.4688720703125,325.0287494659424,0.8940582275390625
155,16.50619995780289,86.76000440373949,91.02905103394772,50.454251724758585,61.748641229185246,173.4297542675262,130.00292833702187,179.60296075621224,135.56380302110534,412.5792899131775,120.14745843410492,0.9999448657035828,421.0702247619629,114.07383534312248,0.9998651146888733,406.29657888412476,113.9897583425045,0.99986332654953,427.6472578048706,116.81115996837616,0.9996283054351807,401.29879093170166,115.8531636595726,0.9997556805610657,445.9693212509155,153.36080825328827,0.9998723268508911,386.2068395614624,150.50009614229202,0.999738335609436,470.8364734649658,159.07563680410385,0.9899163246154785,348.58515214920044,151.67673254013062,0.9828299283981323,449.4079303741455,116.28958198428154,0.9805237650871277,368.9464683532715,110.76673305034637,0.9624761343002319,428.05591201782227,258.1292128562927,0.9998138546943665,391.0458664894104,248.72370028495789,0.999612033367157,423.59912967681885,339.5679450035095,0.966963529586792,379.42368507385254,259.4947589635849,0.9683724045753479,420.21879863739014,410.31915414333344,0.9595984220504761,375.70288467407227,337.22769260406494,0.9017124176025391
156,14.26049997098744,115.21693313394084,111.55193456996341,81.28459258056023,81.9411724755479,173.03388554854152,141.44765045118854,179.26240217859052,145.98049602434693,412.07270526885986,119.85777598619461,0.9999501705169678,420.69968128204346,113.89289599657059,0.9998778700828552,405.897705078125,113.97245717048645,0.9998762011528015,427.56840801239014,116.55046713352203,0.999663770198822,401.27826976776123,115.84631156921387,0.9997788071632385,445.97594261169434,151.60175842046738,0.9998788833618164,386.3035821914673,149.82283610105515,0.9997497200965881,471.7736234664917,144.3741136789322,0.990516722202301,348.7687306404114,136.92631882429123,0.9838939309120178,450.5537796020508,97.52242588996887,0.9814937710762024,370.4504270553589,94.41198286414146,0.9634847640991211,428.0626344680786,257.8969255685806,0.999817967414856,390.78101205825806,248.81091129779816,0.9996252655982971,424.4013252258301,338.5336354970932,0.9678937792778015,375.70836877822876,269.5851956605911,0.9702299237251282,420.21412324905396,410.33889842033386,0.9614456295967102,373.0963683128357,346.57884430885315,0.9089284539222717
157,19.088700006250292,137.43780553172718,127.17965728973344,100.97703764566099,99.89686897729017,172.8809814996943,149.5285093152641,178.56677472340436,154.41340618537686,411.39143800735474,119.14032936096191,0.9999547004699707,419.977472782135,113.39057794213295,0.9998884797096252,405.4561462402344,113.39937454462051,0.999887228012085,427.1421136856079,115.96922895312309,0.9996946454048157,401.292902469635,115.45320671796799,0.9997991323471069,445.9849901199341,148.98565596342087,0.9998837113380432,386.3008780479431,149.02671152353287,0.9997580647468567,473.2366409301758,127.67159497737885,0.9912145733833313,350.2761516571045,124.04490178823471,0.9850351214408875,449.0089302062988,80.22982966899872,0.9825290441513062,371.8399019241333,77.46850848197937,0.9652470946311951,428.0860366821289,257.0093163251877,0.9998250007629395,390.55062913894653,248.76726305484772,0.9996446967124939,424.8672971725464,337.53046667575836,0.9684666395187378,374.0859332084656,279.6915588378906,0.9716202020645142,420.1188716888428,410.517337679863,0.9623960852622986,370.84679889678955,355.54744708538055,0.915325403213501
158,17.715899972245097,147.5142286800976,134.2511873696225,111.37573755331128,109.6949346904522,172.83449153010193,155.44564664968084,178.4440327753088,158.8492361142226,411.00487184524536,117.75476831197739,0.9999583959579468,419.7358183860779,112.07028269767761,0.9998970031738281,405.0694284439087,111.60367101430893,0.9998961091041565,427.0850992202759,114.46653419733047,0.999721348285675,401.18597507476807,113.79331988096237,0.9998170137405396,445.9926223754883,147.2992012500763,0.9998871684074402,386.21955156326294,147.06731283664703,0.9997650980949402,473.76655197143555,116.28401198983192,0.9918421506881714,351.26761198043823,115.46658325195312,0.986237108707428,448.09851837158203,65.42582434415817,0.9833292365074158,372.55068731307983,63.887252271175385,0.9673386812210083,428.07764625549316,256.0034123659134,0.9998331665992737,389.9940810203552,248.3704686164856,0.9996618628501892,425.02989959716797,335.5923935174942,0.9701806306838989,371.18274450302124,293.96385049819946,0.972980260848999,420.12155055999756,410.5002430677414,0.9641774296760559,369.64522409439087,363.3310228586197,0.9196158647537231
159,18.81199999479577,153.65220444472334,143.44548595056867,118.2064288171501,119.3344724843442,172.41093790409263,158.07355920286452,177.8608534909729,161.62692166422895,410.71274852752686,116.17858809232712,0.9999611377716064,419.3368434906006,110.57136300206184,0.9999032020568848,404.6338086128235,110.47820448875427,0.9999027848243713,426.7170829772949,112.91380921006203,0.9997438788414001,400.9143981933594,112.78548565506935,0.9998325109481812,445.8396739959717,146.3062037229538,0.99988853931427,385.60869312286377,145.85598862171173,0.9997668862342834,473.0406789779663,108.49185329675674,0.9923394918441772,352.38897228240967,104.48667114973068,0.9873501658439636,447.8947219848633,57.08302682638168,0.9837343096733093,373.0136013031006,53.18369950354099,0.9692707061767578,427.74157428741455,255.85565793514252,0.9998390674591064,389.5666241645813,248.41329061985016,0.9996737837791443,425.24759578704834,335.58108258247375,0.9720211029052734,369.5978636741638,304.13374865055084,0.9742295145988464,420.0899600982666,410.6395641565323,0.9661561250686646,368.0486674308777,370.20057821273804,0.9232232570648193
160,15.625200001522899,155.77490793465006,151.1194963365237,121.93318713269798,129.1068986684581,172.64671409111514,161.48924054603495,177.71700875595667,166.61045727545888,409.706503868103,116.45878303050995,0.9999614357948303,418.28978395462036,110.60224014520645,0.9999034404754639,403.75915718078613,110.54659005999565,0.9999034404754639,425.7667407989502,112.69738429784775,0.9997570514678955,400.33583784103394,112.51687943935394,0.9998423457145691,444.7215232849121,145.19083726406097,0.9998828172683716,384.29452991485596,144.43341773748398,0.9997527599334717,472.3498840332031,102.92266371846199,0.9926628470420837,355.1325912475586,96.91986930370331,0.9882218241691589,448.32495880126953,51.15686257183552,0.9838130474090576,373.27739429473877,45.26010105013847,0.9704343676567078,427.4700984954834,254.78881168365479,0.9998393654823303,389.12607622146606,248.450385928154,0.9996786713600159,425.2397108078003,335.03733146190643,0.9732990264892578,370.51421451568604,313.99922025203705,0.9748365879058838,420.18260860443115,409.69702422618866,0.9675412178039551,367.7669563293457,377.9003618955612,0.9254247546195984
161,17.707300023175776,157.71314832992456,158.85108398258473,126.27145107996589,138.5304771787668,173.23208695847364,164.60620963790197,177.63326754574905,171.00378124077812,409.3347978591919,116.65785691142082,0.9999606013298035,417.39547061920166,110.63147193193436,0.9999009966850281,403.42669916152954,110.57897010445595,0.999902606010437,424.3708972930908,112.79219529032707,0.9997656345367432,399.7473201751709,112.56102627515793,0.9998494386672974,443.4310655593872,144.5113406777382,0.9998658895492554,381.99944496154785,142.94536024332047,0.9997237920761108,470.5881471633911,98.45530024170876,0.9928698539733887,358.30680084228516,90.30080699920654,0.9889553189277649,448.0430202484131,45.860410407185555,0.983860433101654,374.20809984207153,39.05687230825424,0.971632719039917,427.4578666687012,254.825679063797,0.9998363256454468,387.7891173362732,250.50290751457214,0.9996839165687561,425.3972587585449,335.06431245803833,0.9740052223205566,371.6679992675781,324.36291432380676,0.9753788709640503,420.5048565864563,407.99491369724274,0.9682286977767944,367.9600877761841,388.3512099981308,0.9289626479148865
162,25.118599995039403,160.364259812337,162.90780299176544,132.89216860692932,143.8741173154047,173.42103123299594,165.64137005744783,177.46376805565546,172.878194957816,409.0246047973633,116.44121119379997,0.999958872795105,416.85254430770874,110.46704313158989,0.9998957514762878,403.12578105926514,110.1365188062191,0.9998992681503296,423.50938749313354,112.92435801029205,0.9997677206993103,398.93819999694824,112.54052698612213,0.9998522400856018,442.2691431045532,143.86486518383026,0.9998499751091003,380.4189109802246,141.67344987392426,0.9996985793113708,466.95569896698,96.28360784053802,0.9930709004402161,360.5344843864441,88.4007123708725,0.9896222352981567,447.74313831329346,42.584313467144966,0.9840149283409119,375.2920570373535,35.7488654255867,0.9729083180427551,427.0878791809082,254.89439940452576,0.9998295903205872,386.9113574028015,251.72434604167938,0.9996864795684814,425.4037284851074,334.8349027633667,0.9743412733078003,372.37860774993896,326.6117960214615,0.975763201713562,420.68843507766724,406.9086935520172,0.9690030813217163,367.8676161766052,393.4591940641403,0.9330018162727356
163,16.222700010985136,162.01121582404141,167.26060045796925,138.29217683914084,149.07931962022687,173.63141905257552,166.98836374741649,177.2885290463333,174.14749533213453,407.95153999328613,116.51135608553886,0.9999558329582214,415.66694164276123,110.55311450362206,0.9998869895935059,402.0701036453247,110.20766800642014,0.9998937249183655,422.43457889556885,112.9945527613163,0.9997639656066895,397.56297874450684,112.56148213148117,0.9998522400856018,440.30891704559326,143.14858669042587,0.9998307228088379,378.29464197158813,141.53722006082535,0.999674379825592,463.49045276641846,93.71876072883606,0.9931953549385071,362.16826725006104,86.65582257509232,0.9901259541511536,447.43759536743164,39.809512466192245,0.9841293096542358,376.0487370491028,33.16031378507614,0.9738180041313171,426.30913639068604,254.96009969711304,0.9998239874839783,385.36600255966187,252.8321623802185,0.999690055847168,425.2391548156738,334.7580624818802,0.9743490815162659,372.86919498443604,328.515053153038,0.9759321808815002,420.8874297142029,406.32459914684296,0.9690518379211426,368.59566259384155,397.9173549413681,0.9359276294708252
164,14.017999987117946,162.44919497195897,173.5043645748928,141.80470455473545,155.85201855562832,173.91691192600084,167.88471981201323,176.9788534528553,175.43757734740825,405.893762588501,116.51538044214249,0.9999518990516663,413.6476035118103,110.44151517748833,0.9998761415481567,400.3783459663391,110.19660636782646,0.9998875260353088,420.6765823364258,113.03712546825409,0.9997550845146179,395.66732358932495,112.61988872289658,0.999850332736969,438.6275463104248,141.89180505275726,0.9998114109039307,375.60818910598755,141.26702547073364,0.9996531009674072,460.72636318206787,92.40419217944145,0.9931998252868652,364.9409747123718,84.62006795406342,0.9904887080192566,447.35879611968994,39.31129711866379,0.9840368628501892,377.55572843551636,32.00899165868759,0.9744175672531128,425.718318939209,254.9759122133255,0.9998177289962769,383.7763452529907,253.32964408397675,0.9996930956840515,425.12032413482666,334.77057003974915,0.9738819003105164,373.13677883148193,329.5513285398483,0.9757865071296692,420.80274200439453,406.3771365880966,0.968770444393158,368.90322732925415,401.1481226682663,0.9386996626853943
165,14.902399969287217,162.01865484308698,177.30787887555257,143.76728312614,159.20679443919093,174.0110322561117,168.75625243953914,177.0619502688244,176.53919554277275,403.7965097427368,116.49837842583656,0.9999451637268066,411.5428194999695,110.15658360719681,0.9998586177825928,398.2410616874695,109.9663063287735,0.9998749494552612,418.76922607421875,112.9557337462902,0.9997340440750122,393.25891733169556,112.63572973012924,0.9998398423194885,436.6016626358032,141.47869950532913,0.9997864365577698,372.9180717468262,140.31707787513733,0.9996192455291748,458.42834663391113,92.44370922446251,0.9930352568626404,365.6376328468323,83.1881805062294,0.9906009435653687,447.27317333221436,41.012809336185455,0.9836296439170837,378.46763134002686,29.873037680983543,0.9744735956192017,424.520206451416,256.1626486778259,0.9998105764389038,382.10761070251465,255.2742416858673,0.9996951222419739,424.48629093170166,334.7929354906082,0.9732339978218079,373.3332209587097,330.2685329914093,0.9753740429878235,420.7756247520447,406.4881660938263,0.9682276844978333,369.33902406692505,401.4312949180603,0.9408475160598755
166,15.444699965883046,162.01078332565663,179.63278634220225,147.01152713800906,161.1621767265354,174.26909003513595,169.00535881660826,178.15090947524834,176.64927993379746,401.4454970359802,116.56188490986824,0.9999409317970276,408.8659448623657,110.13401871919632,0.9998498558998108,395.79459524154663,110.00999018549919,0.9998680353164673,416.7679829597473,113.00187495350838,0.9997244477272034,390.5951590538025,112.9626926779747,0.9998343586921692,434.12684059143066,141.85631948709488,0.9997674226760864,370.66531801223755,140.77408808469772,0.9995821118354797,455.0331554412842,94.02025270462036,0.9926028847694397,365.5213041305542,86.75784891843796,0.9906556606292725,446.7560501098633,43.92018973827362,0.982944130897522,378.43710231781006,32.53419156372547,0.9749345779418945,422.79855155944824,257.0170373916626,0.999809980392456,380.985315322876,257.03279292583466,0.9997014999389648,422.9517526626587,334.81065690517426,0.9732089042663574,373.31345796585083,330.9949115514755,0.9752824902534485,420.7775959968567,406.53500533103943,0.968361496925354,370.18858003616333,400.58157873153687,0.942592978477478
167,13.770999968983233,162.2898547568438,177.54261228673542,148.94364506879595,164.11545284932313,173.16823000429525,170.6910052236579,178.19262932519058,177.51868320450512,398.833092212677,117.16479051113129,0.9999362230300903,406.42233419418335,110.32376179099083,0.9998412132263184,393.45000171661377,110.41781064867973,0.9998617172241211,414.7634291648865,113.23163366317749,0.9997158050537109,387.80261278152466,113.68352261185646,0.9998289942741394,431.2251682281494,142.20748555660248,0.9997535347938538,367.7498722076416,140.93682879209518,0.9995507597923279,451.66576385498047,94.71786245703697,0.9920111894607544,365.3535714149475,89.37261942029,0.9907239079475403,444.7888994216919,44.30766049027443,0.9820557832717896,378.09870529174805,35.13482339680195,0.9754799604415894,419.8127474784851,259.0627781152725,0.999814510345459,378.4063458442688,259.9150015115738,0.9997127056121826,421.47271251678467,334.90783977508545,0.9734960198402405,373.0522427558899,332.98355627059937,0.9756730198860168,420.7798957824707,406.61241543293,0.9683986306190491,371.02797651290894,400.80714213848114,0.9443903565406799
168,16.199200006667525,161.8902218669307,174.35262881443862,149.598539609457,167.50710787478934,172.80510430245658,171.50515192200655,178.09839885125464,178.56459565330837,397.13529443740845,117.75966164469719,0.9999347925186157,404.48022842407227,110.46566131711006,0.9998395442962646,391.57628297805786,110.68841123580933,0.999860942363739,412.65414667129517,113.34110328555107,0.9997161030769348,385.64536333084106,114.08075153827667,0.9998294115066528,428.91476821899414,142.3040273785591,0.9997450113296509,365.0125460624695,141.79351103305817,0.9995247721672058,448.80483055114746,96.17326211929321,0.991216242313385,365.0944538116455,90.90823554992676,0.9907909631729126,442.6120891571045,46.2942146807909,0.9809476733207703,377.1984529495239,36.69191463291645,0.9760310649871826,418.0962481498718,260.851016998291,0.9998208284378052,376.7013454437256,261.9738196134567,0.9997249841690063,420.6803984642029,335.5781764984131,0.9737849831581116,373.0240135192871,333.58332073688507,0.9759312272071838,420.77964305877686,407.5903412103653,0.9688888192176819,371.2230033874512,402.16448283195496,0.9461737275123596
169,14.360200031660497,162.20668914804932,171.78055440639196,151.84467529811542,171.64600954264142,172.7404182763841,172.20959961223554,178.8600676636853,179.04857308400298,394.5400495529175,119.1569894850254,0.9999331831932068,402.0291624069214,111.67717784643173,0.9998375773429871,389.01945209503174,111.89932945370674,0.9998594522476196,410.4208779335022,114.40006464719772,0.9997151494026184,383.30779552459717,115.1653548181057,0.9998286366462708,426.81438159942627,143.53981113433838,0.9997382164001465,362.8559536933899,143.2418662905693,0.9994998574256897,445.9567356109619,98.13670653104782,0.9905434846878052,365.0478262901306,91.9157207608223,0.990825891494751,441.3073272705078,47.96622088551521,0.9800403118133545,375.5859999656677,36.66906127333641,0.9765458106994629,416.2784824371338,262.35545682907104,0.9998264312744141,375.01330280303955,263.4687149524689,0.9997354745864868,419.11009979248047,336.3280601501465,0.9740599393844604,372.5331482887268,333.9173494577408,0.9761055111885071,420.440007686615,408.73519587516785,0.9693107604980469,371.26035594940186,402.394091963768,0.9475591778755188
170,14.864300028420985,163.39775205716114,170.72389620787467,154.57972114518014,174.76907876931088,172.09226832072892,173.22224012760006,179.81250506294774,178.56102768688842,392.5857877731323,120.43259656429291,0.9999303221702576,400.0068926811218,112.68063870072365,0.9998336434364319,387.0331196784973,113.04570126533508,0.9998552799224854,408.1516718864441,115.12336617708206,0.9997112154960632,381.5414843559265,115.93864384293556,0.9998236298561096,424.9476127624512,144.43185073137283,0.999736487865448,360.9125590324402,143.80328184366226,0.999489426612854,443.1829414367676,99.30371296405792,0.9899277091026306,364.1251826286316,92.53809997439384,0.9907501935958862,440.2064628601074,49.463719591498375,0.979266881942749,372.63047218322754,37.703459814190865,0.976962685585022,413.75753831863403,262.80282282829285,0.9998311400413513,372.9125370979309,264.2348954677582,0.9997464418411255,416.9949541091919,336.7331739664078,0.9742203950881958,371.5776000022888,334.5580840110779,0.9763904809951782,420.34586811065674,407.9243414402008,0.9695137739181519,371.99327993392944,402.3215823173523,0.9495745301246643
171,15.32999996561557,163.220432405553,172.66262864737664,155.4749561698808,173.06245493589225,171.98765649303877,174.38053933345873,178.9029595382109,178.95288026456984,390.83658599853516,121.23664164543152,0.9999248385429382,398.6828227043152,113.80728760361671,0.9998237490653992,385.0252046585083,114.0249376296997,0.9998457431793213,406.86278104782104,116.05752974748611,0.9996932148933411,379.9999203681946,116.51762410998344,0.9998119473457336,423.5106258392334,145.38434827327728,0.9997270107269287,359.40933322906494,143.96304523944855,0.999472975730896,442.0813694000244,99.91136232018471,0.9892603754997253,361.0429644584656,91.70426753163338,0.9905266165733337,440.081768989563,50.349943459033966,0.97844398021698,369.425986289978,37.09978851675987,0.9770704507827759,412.3627562522888,262.5507912635803,0.9998310804367065,371.0547904968262,263.8775895833969,0.9997520446777344,415.7033085823059,336.76531183719635,0.9735414385795593,370.9669437408447,333.2096325159073,0.9759814143180847,420.2344169616699,407.32489037513733,0.9694550037384033,372.1317472457886,401.6860616207123,0.951212465763092
172,20.180599996820092,161.7188298493012,174.52155773153555,152.3458804854279,170.24043366358788,171.12760415748582,175.75636828294654,177.85717960734948,179.0873658617275,389.6430983543396,121.2428811788559,0.9999229907989502,397.7724108695984,113.99804922938347,0.9998202919960022,383.78046464920044,114.04419043660164,0.999842643737793,405.77948093414307,116.28280824422836,0.9996888637542725,378.7044587135315,116.52340778708458,0.9998087882995605,422.1316137313843,145.89480763673782,0.9997240900993347,357.2286310195923,143.98434227705002,0.9994676113128662,443.0320653915405,99.5060918033123,0.989064633846283,357.3646216392517,89.14682096242905,0.9906091690063477,440.0439615249634,49.21291670203209,0.978239893913269,366.948965549469,34.240358501672745,0.9776313304901123,409.9353451728821,262.46702766418457,0.9998348355293274,368.4330348968506,263.93656599521637,0.9997595548629761,413.7065386772156,336.9216705560684,0.973901629447937,369.748815536499,332.91970789432526,0.9760401248931885,419.9174256324768,407.31209790706635,0.9702081680297852,372.1438021659851,401.319752573967,0.9529926776885986
173,18.475199991371483,160.74543665214046,178.0128242919219,151.08562117704702,163.95040775360792,171.78172880247453,177.35785846702015,174.83760847027568,179.6305546587248,388.53801345825195,121.42320084571838,0.999923050403595,397.048433303833,114.37809094786644,0.9998204112052917,382.83502531051636,114.17832615971565,0.9998427033424377,404.54760456085205,116.81443643569946,0.999691367149353,377.76326513290405,116.62338989973068,0.9998096823692322,420.27515602111816,147.03215491771698,0.999727725982666,355.2404284477234,143.99333119392395,0.9994776248931885,442.80375480651855,99.89414662122726,0.989030122756958,352.13518714904785,89.44855511188507,0.990859866142273,439.8461799621582,49.66699945926666,0.9782125949859619,364.72828245162964,33.980645045638084,0.9783567190170288,407.54488229751587,262.5281409025192,0.99983811378479,366.2915301322937,264.3650139570236,0.9997681379318237,410.06425952911377,337.3557312488556,0.9739883542060852,369.4374346733093,333.5533196926117,0.9762089252471924,418.684184551239,406.65173304080963,0.9705250263214111,372.08701515197754,401.4753135442734,0.9549182057380676
174,22.578499978408217,159.032714950199,176.02327074713003,148.52300919981417,154.10594923530218,173.2294832190011,177.24576414068005,172.36302680908324,179.64467033272126,387.0796208381653,122.11443573236465,0.999925434589386,395.5492510795593,115.06627729535103,0.999825656414032,381.28777503967285,114.95188584923744,0.9998480677604675,402.8904194831848,117.59201335906982,0.9997029304504395,376.15346574783325,117.47324141860008,0.9998173117637634,418.9554328918457,148.40872704982758,0.9997413158416748,354.383442401886,144.86015623807907,0.999505877494812,443.30677604675293,101.52117618918419,0.9891555309295654,345.3391942977905,90.17846655845642,0.9913919568061829,439.6816568374634,50.0872206389904,0.9785371422767639,361.5713086128235,35.38841128349304,0.9795637130737305,405.9506506919861,262.9393233060837,0.9998440146446228,365.8236880302429,265.5512090921402,0.9997790455818176,406.3333501815796,337.92586505413055,0.974210262298584,369.0807909965515,335.64156901836395,0.9763439893722534,415.60800647735596,404.5138523578644,0.9706270694732666,371.75486040115356,402.06701505184174,0.9564580917358398
175,21.630900038871914,156.80499948870963,172.38007443545212,145.9501277994596,146.81046183998876,172.71522929404478,178.31031335813066,172.32289950127603,179.1755989650186,385.5535488128662,122.45568692684174,0.9999291896820068,394.0227746963501,115.35201373696327,0.9998337626457214,379.7035765647888,115.37252014875412,0.999855637550354,401.4586386680603,117.87255018949509,0.9997188448905945,374.76244926452637,117.98579487204552,0.9998268485069275,418.04878664016724,149.21329921483994,0.9997580051422119,353.4756841659546,145.27886027097702,0.9995377063751221,443.45325469970703,105.44136250019073,0.9894782304763794,341.0486536026001,91.22004839777946,0.9918955564498901,439.69965076446533,50.65966933965683,0.9790292382240295,361.05378103256226,36.97428201138973,0.9806020855903625,404.15808153152466,263.4127585887909,0.9998527765274048,364.80374574661255,266.785240650177,0.9997915029525757,404.61212491989136,337.8163170814514,0.9745743870735168,369.14010524749756,335.01394033432007,0.976172149181366,413.8460168838501,403.2971148490906,0.9711512327194214,372.44067668914795,402.20550990104675,0.957558810710907
176,15.120099997147918,149.93543418887975,168.51185386713462,138.68079021717787,137.98872896781006,172.80070606973055,178.56799938689736,172.9106508685842,179.897695754901,384.0107717514038,122.41044318675995,0.9999314546585083,392.686194896698,115.33333787322044,0.9998381733894348,378.4109454154968,115.36652278900146,0.9998599886894226,400.2685880661011,117.91287922859192,0.9997285604476929,373.6343159675598,118.0217576622963,0.9998317360877991,416.9677104949951,150.7093484401703,0.9997717142105103,352.5946388244629,146.1691049337387,0.9995641112327576,444.9355297088623,113.89714115858078,0.9897010922431946,337.02986669540405,94.89130866527557,0.9923604726791382,440.8202781677246,56.39788545668125,0.9791879653930664,361.90030431747437,41.861799001693726,0.9815372228622437,402.81755924224854,263.33683001995087,0.999860942363739,364.0266709327698,267.1771631240845,0.9998036026954651,402.8657283782959,335.28696978092194,0.9744853973388672,368.7140130996704,334.8045598268509,0.9756299257278442,410.967013835907,400.07252967357635,0.970780611038208,373.2345576286316,401.75834333896637,0.9580329656600952
177,17.20460003707558,139.45357226780513,162.01235392877197,126.03700434029798,127.53776751296152,174.82244707105312,178.41064828385527,175.25316206316904,179.16808609408108,382.98650789260864,122.34488534927368,0.9999322295188904,391.6581907272339,115.31877183914185,0.9998375177383423,377.3330283164978,115.35311776399612,0.9998611211776733,398.83630180358887,117.89487290382385,0.9997307658195496,372.34678983688354,117.99031069874763,0.9998335838317871,415.9999303817749,150.71937727928162,0.9997813105583191,351.63385915756226,146.59292310476303,0.9995889067649841,447.0902519226074,122.45879244804382,0.9900838732719421,332.6067724227905,103.26201313734055,0.9928705096244812,440.80562019348145,64.91936084628105,0.9796453714370728,361.93219804763794,49.82080467045307,0.9823430776596069,401.819149017334,263.23622822761536,0.9998643398284912,363.7055096626282,267.12721836566925,0.9998115301132202,399.3889832496643,332.62898552417755,0.9730579853057861,368.55019760131836,334.224454164505,0.9746680855751038,402.0996217727661,389.24411857128143,0.9682400822639465,374.4103798866272,401.72589206695557,0.9579232931137085
178,16.948500007856637,123.0957782812665,154.61771540219914,106.74923452832427,117.91977157960048,175.6935646334036,177.93174755471338,175.07517887646216,178.64143380065994,382.00937700271606,122.47922050952911,0.9999357461929321,390.76976585388184,115.7521701157093,0.9998449087142944,376.1396164894104,115.57034754753113,0.9998663663864136,397.85671949386597,118.50223022699356,0.9997445344924927,371.4733009338379,118.11537203192711,0.999839723110199,415.4977431297302,151.27184665203094,0.9997931122779846,350.68948125839233,148.1183180809021,0.9996105432510376,448.465220451355,135.29416799545288,0.9906116127967834,330.0697298049927,114.56683683395386,0.9932631254196167,440.07666397094727,82.96886375546455,0.9802539944648743,361.36569261550903,61.45076432824135,0.9826723337173462,401.5570492744446,261.02843058109283,0.9998656511306763,363.5920114517212,267.05490815639496,0.9998176097869873,398.0633463859558,329.2363033294678,0.9721301198005676,368.4039969444275,333.80782997608185,0.9737210869789124,400.05245876312256,386.4083503484726,0.9662766456604004,374.90483379364014,401.54853546619415,0.9581522941589355
179,16.103099973406643,98.74207178989718,140.5698898449712,73.2360835204661,97.74865140925219,175.46982993997702,178.28844562580423,172.4660525888325,178.2760621675529,380.3648281097412,123.005335688591,0.9999389052391052,388.8158326148987,115.95597350597382,0.9998519420623779,374.46954250335693,116.05854830145836,0.9998704195022583,396.6564588546753,118.82556056976318,0.9997592568397522,370.3654866218567,118.40848052501678,0.9998444318771362,414.516366481781,151.35308879613876,0.9998027086257935,350.4685249328613,149.4691485762596,0.9996207356452942,455.85435581207275,150.62057042121887,0.9911558628082275,327.6361017227173,127.08198755979538,0.9931017756462097,439.48994064331055,99.58744791150093,0.9805788993835449,361.571738243103,81.53259581327438,0.9803552627563477,399.80926275253296,259.74610674381256,0.9998524785041809,363.01794958114624,266.2403783798218,0.9998074173927307,396.00971364974976,327.77602458000183,0.9710561633110046,368.2446041107178,333.8200241327286,0.971034049987793,400.30331230163574,384.3869979381561,0.9639056921005249,375.6724820137024,402.79541647434235,0.9565386176109314
180,19.70689999870956,85.96458249242983,109.13060775050721,49.2834841425594,56.03920684597464,179.0332357678388,177.83497524652321,167.01183005231107,177.66677833246976,379.5719075202942,122.22345662117004,0.9999421238899231,387.2831392288208,114.8909578025341,0.9998582005500793,373.5638313293457,114.6126361489296,0.9998753666877747,395.1049122810364,117.50208857655525,0.9997756481170654,369.5069842338562,116.00968620181084,0.9998517632484436,413.91013288497925,151.45911812782288,0.9998108148574829,350.64085721969604,149.5348346233368,0.9996363520622253,461.6398582458496,161.54828697443008,0.9918394088745117,322.1925849914551,143.0192801952362,0.993167519569397,437.76631450653076,118.08826994895935,0.9805898070335388,361.24390506744385,106.42562040686607,0.975289523601532,399.28890466690063,256.8267743587494,0.9998368620872498,363.20071935653687,264.5789815187454,0.9998016953468323,392.01207971572876,316.66694843769073,0.9671378135681152,368.1060862541199,333.5946601629257,0.9668383598327637,397.10590267181396,364.6895886659622,0.9500523209571838,375.83313846588135,402.4964886903763,0.9519690871238708
181,16.123300010804087,75.44147844377545,76.85054102453742,24.172660721576914,16.889247480139783,162.86091951705663,177.26985800648376,152.79016705805978,176.1646650837046,380.30670166015625,122.19660383462906,0.9999418258666992,388.22595024108887,114.88628527522087,0.9998542666435242,374.26632738113403,114.40742245316505,0.9998726844787598,395.06450176239014,117.06381833553314,0.9997810125350952,369.95627641677856,115.41649603843689,0.9998521208763123,414.31011867523193,151.1039633154869,0.9998067021369934,350.38623809814453,149.95218533277512,0.9996417760848999,459.53148555755615,169.96108692884445,0.9917802214622498,316.0996947288513,162.2519724369049,0.9933475255966187,436.59180641174316,145.52546429634094,0.9770476222038269,355.85394048690796,132.7020834684372,0.9736170172691345,399.68719720840454,254.14112532138824,0.9998225569725037,363.3665819168091,262.3918113708496,0.9997947216033936,388.52257204055786,277.84944343566895,0.9674025774002075,368.12304401397705,332.9773737192154,0.967185378074646,390.93363189697266,347.124076962471,0.9449899792671204,377.48643159866333,402.31773602962494,0.9518143534660339
182,15.194399980828166,64.469851569823,62.530972446364466,4.210656336818553,11.384067067830715,151.65995624731352,176.33583562445222,143.96863415442584,176.67014981417935,380.6363797187805,121.70034724473953,0.9999425411224365,388.6954097747803,114.70902127027512,0.9998548626899719,374.33034229278564,114.31898632645607,0.9998737573623657,395.2632689476013,116.75466939806938,0.999787449836731,370.14720916748047,115.4133905172348,0.9998548030853271,414.53504276275635,152.93124914169312,0.9998030662536621,348.6492428779602,152.82596057653427,0.9996375441551208,459.0408983230591,182.53988659381866,0.9913357496261597,318.71591567993164,173.85321670770645,0.9933487772941589,429.4344186782837,165.84102898836136,0.9730808138847351,351.64422082901,159.39677333831787,0.972633957862854,400.0608491897583,254.57265031337738,0.9998257756233215,363.276789188385,262.19436860084534,0.9997982382774353,389.7742872238159,268.5022234916687,0.9684588313102722,368.38034200668335,336.0362551212311,0.9677126407623291,389.21599531173706,345.88505947589874,0.9445368647575378,377.4578232765198,407.0589836835861,0.9532926678657532
183,15.504199953284115,48.68857780577273,42.22846570738036,12.868018647872113,43.43317507536267,142.17978723888007,177.08596463443052,136.4585004753343,177.91723081221397,379.9706802368164,122.01648360490799,0.9999444484710693,388.39353132247925,115.05508744716644,0.999858021736145,374.03088998794556,114.75821101665497,0.9998781085014343,395.3956961631775,117.19393682479858,0.9997895956039429,370.159921169281,115.6149146258831,0.9998582601547241,414.6775789260864,159.26136976480484,0.9998144507408142,348.1295418739319,153.41571044921875,0.9996668100357056,447.54454803466797,198.19369357824326,0.9911283850669861,321.7661643028259,191.4211928844452,0.99361252784729,425.04218196868896,181.26115262508392,0.972698986530304,362.2089304924011,182.9583911895752,0.9736036658287048,400.3400583267212,254.9986480474472,0.9998293519020081,362.3909420967102,262.02795255184174,0.9998008608818054,391.42752981185913,263.5044996738434,0.9693241119384766,368.2644934654236,335.568318605423,0.9680171012878418,387.30560636520386,347.90487337112427,0.945803165435791,376.73141956329346,408.1995362043381,0.95488440990448
184,15.504500013776124,40.78962191941967,34.674011966538686,35.61054462668761,58.26469382523858,128.76823545392304,176.50834317049026,123.95964942360888,178.40801307259275,380.27334213256836,122.06219744682312,0.9999416470527649,388.68067598342896,115.13461300730705,0.999850332736969,374.3011779785156,114.85926866531372,0.9998733401298523,395.5470018386841,117.39432841539383,0.9997714757919312,370.28378105163574,115.81222206354141,0.9998458027839661,414.89681673049927,159.40503573417664,0.9998274445533752,347.3787250518799,155.79052245616913,0.999695360660553,443.45007038116455,204.77516198158264,0.9911301136016846,323.39600467681885,203.69217556715012,0.9937273263931274,417.9280352592468,194.35690760612488,0.9731113314628601,365.21464920043945,199.9307198524475,0.9748225212097168,400.536500453949,254.29372322559357,0.9998310208320618,362.254900932312,260.59855806827545,0.9998043179512024,392.4020576477051,259.02095329761505,0.9699950218200684,368.2447557449341,335.2607295513153,0.9683612585067749,387.1104531288147,338.74942648410797,0.9460547566413879,376.26744413375854,409.36644291877747,0.9567633271217346
185,16.144199995324016,37.1955190468389,33.74293814026283,62.20490330260134,69.78373189655575,108.35332739534124,175.54785501178662,104.75470473370825,178.59221928879873,380.35052394866943,122.08849465847015,0.9999386072158813,388.7378168106079,115.31643557548523,0.9998452067375183,374.3623118400574,114.93189227581024,0.9998685717582703,395.67349004745483,117.83018404245377,0.9997575879096985,370.42806100845337,116.03508594632149,0.9998328685760498,414.7675485610962,160.31493920087814,0.9998400211334229,346.90102672576904,158.64688968658447,0.9997199773788452,440.2376489639282,206.876360476017,0.9906741380691528,323.53967809677124,208.52694499492645,0.9938004016876221,414.6843013763428,207.2708756327629,0.9721337556838989,369.91434955596924,212.48618537187576,0.9757522940635681,400.6550278663635,254.56498622894287,0.99983811378479,362.38060569763184,260.43755531311035,0.9998118877410889,392.45568561553955,255.98677361011505,0.9706684350967407,367.97242069244385,336.679639339447,0.9683359265327454,385.61005783081055,335.5554691553116,0.9460756778717041,375.0822205543518,409.1583160161972,0.9579230546951294
186,15.210599987767637,37.69576194040832,34.06105160977788,91.83429818576478,72.87955196972514,159.38101923390465,174.68324706860153,158.24756228370202,177.7520114710639,380.4187593460083,122.21953910589218,0.9999356865882874,388.89670419692993,115.81036302447319,0.9998394250869751,374.4339084625244,115.34372997283936,0.9998626112937927,395.5617356300354,118.76259541511536,0.9997456073760986,370.5173988342285,117.15502521395683,0.9998180270195007,414.37140417099,161.37832379341125,0.9998525977134705,347.15963888168335,161.00251299142838,0.9997434020042419,439.0643033981323,205.82468569278717,0.9906429052352905,323.8206057548523,210.50358074903488,0.9939188361167908,418.4288830757141,218.16953134536743,0.9723955392837524,368.93456506729126,216.94252282381058,0.9768569469451904,400.17786026000977,254.78009343147278,0.9998466968536377,362.4127268791199,259.32877027988434,0.9998229742050171,391.1694989204407,270.85931408405304,0.9705175161361694,367.1318111419678,336.46074283123016,0.9684114456176758,382.98665952682495,332.9535837173462,0.9422358870506287,374.4708061218262,409.3559582233429,0.9589309096336365
187,17.169500002637506,38.0620550191978,33.688731621020096,92.39073283221461,71.74042714793345,163.5641861112429,174.5972257865907,163.16222520256193,177.71337313018242,380.6696128845215,122.39222317934036,0.9999337792396545,389.04816150665283,116.48010855913162,0.999836266040802,374.633358001709,115.75566738843918,0.9998592734336853,395.633761882782,119.60899239778519,0.9997385144233704,370.58151483535767,117.99697759747505,0.9998086094856262,414.06922245025635,162.32821440696716,0.9998639225959778,347.27445125579834,161.8303480744362,0.999764621257782,438.87400245666504,206.74154096841812,0.9905361533164978,324.5769319534302,210.89306724071503,0.9939649105072021,419.72128677368164,218.51240652799606,0.9725496768951416,368.18357133865356,215.9128858447075,0.9775757193565369,399.57021141052246,255.14207184314728,0.9998545050621033,362.50069999694824,259.48227989673615,0.9998332262039185,390.3879508972168,274.5545139312744,0.9696331024169922,367.16653537750244,336.66032242774963,0.9682716727256775,381.9682083129883,331.0488165616989,0.936692476272583,374.49835300445557,409.5203799009323,0.9597402811050415
188,17.169500002637506,39.81443813163691,34.12495230851695,80.59824748162602,64.17184654355039,131.43689193406402,174.95431634388598,129.4966107695726,177.91789879527403,381.0657572746277,122.65240317583084,0.999933660030365,389.2660598754883,117.08558547496796,0.9998353123664856,374.97683477401733,115.90974682569504,0.9998590350151062,395.70050621032715,120.34890419244766,0.9997373819351196,370.6340308189392,118.40327379107475,0.9998055100440979,414.1532783508301,163.1260484457016,0.9998745322227478,346.9765911102295,161.406971514225,0.9997847080230713,440.1822519302368,206.7747330069542,0.990688681602478,324.3210492134094,209.16662538051605,0.9941226243972778,420.6309404373169,214.43960094451904,0.9730250239372253,368.1049995422363,208.82266753911972,0.9784219861030579,399.5522680282593,255.25501024723053,0.9998599886894226,362.13473081588745,259.92651188373566,0.9998391270637512,390.8082809448242,260.8108161687851,0.9700915813446045,367.0974659919739,336.64416801929474,0.9683055877685547,381.8850622177124,332.80605721473694,0.936151921749115,374.5004758834839,409.7371965646744,0.9608154296875
189,15.392899978905916,42.48017931499756,38.007832729106624,56.74483700759817,53.65928817603729,123.14283747554485,175.30474474616935,121.04917355991074,177.7661017335064,381.41433906555176,122.9242502450943,0.9999358057975769,389.3541593551636,117.36521771550179,0.9998391270637512,375.1557631492615,116.07347047328949,0.9998633861541748,395.71379947662354,120.69760578870773,0.9997438788414001,370.66567182540894,118.80642172694206,0.9998107552528381,414.2487573623657,163.67536956071854,0.9998833537101746,347.0479097366333,160.94065898656845,0.9998025894165039,441.5945224761963,205.1247610449791,0.9908355474472046,322.2227096557617,204.78836756944656,0.9942309260368347,421.20166635513306,205.18142968416214,0.9734742641448975,364.9282879829407,199.67824667692184,0.9788028001785278,399.6229295730591,255.3377766609192,0.9998644590377808,361.83927154541016,260.02255511283875,0.999844491481781,391.0936818122864,259.1489919424057,0.9699590802192688,366.9084792137146,336.4359841346741,0.9683407545089722,381.94667625427246,333.94606840610504,0.9353059530258179,374.7046513557434,410.2485533952713,0.9620975255966187
190,15.602400002535433,50.196097249419694,42.46150488888727,28.883663270786826,41.407994190557716,123.42212909404142,175.18170906665316,121.06060943480523,177.49902128729582,381.60016679763794,123.75264090299606,0.999939501285553,389.40212631225586,117.8127261698246,0.9998453855514526,375.23893451690674,116.62596121430397,0.999870777130127,395.92977714538574,120.79256635904312,0.9997573494911194,370.6134843826294,119.28037697076797,0.9998217821121216,415.315655708313,163.44197112321854,0.9998902082443237,347.1072745323181,160.50852143764496,0.9998176097869873,449.06993770599365,202.72251218557358,0.9912645816802979,320.706645488739,199.60020977258682,0.9944875836372375,427.49789810180664,194.6813206076622,0.9743143916130066,358.86254024505615,189.69061982631683,0.9796062111854553,399.8881630897522,255.40427470207214,0.999866783618927,361.85999488830566,260.0731551647186,0.9998443722724915,392.2327833175659,258.7965010404587,0.9709990620613098,366.67347145080566,336.3680045604706,0.9694371223449707,382.37102460861206,337.2824808359146,0.9371315240859985,374.677433013916,411.126988530159,0.9638858437538147
191,14.553099987097085,58.981399228328556,53.3506015143243,15.667896207120322,19.072433839511337,120.00289622697959,175.24670199481622,118.77099711276256,177.53901416562948,381.65922832489014,123.85771578550339,0.9999430775642395,389.5517387390137,117.8169713318348,0.9998509883880615,375.3163185119629,116.64298459887505,0.9998779296875,396.1423935890198,120.73236483335495,0.9997721314430237,370.597234249115,119.2450196146965,0.9998331069946289,415.5258460044861,162.97235363721848,0.9998934268951416,347.1534218788147,160.29881328344345,0.9998254179954529,458.9293966293335,199.45802533626556,0.9915860295295715,316.9569082260132,190.53557801246643,0.9946299195289612,431.67036628723145,187.10252404212952,0.9742390513420105,354.42231130599976,172.2902135848999,0.9798950552940369,400.82450437545776,255.45541608333588,0.9998714923858643,361.8793535232544,260.1581438779831,0.9998448491096497,393.8941888809204,258.1116338968277,0.9723644852638245,366.68014335632324,335.71815288066864,0.9702625870704651,382.9916887283325,337.69759500026703,0.9399808049201965,374.7814288139343,411.56825745105743,0.9655090570449829
192,15.876599994953722,68.65611917926289,73.73728167965406,6.204806993320952,6.532989608789821,142.22399158152945,175.7806386636151,141.11553868868953,177.18211623440016,381.7116684913635,123.79987901449203,0.999947726726532,389.5864882469177,117.72663342952728,0.999861478805542,375.37429332733154,116.5463715493679,0.9998871684074402,396.16779232025146,120.58643382787704,0.9997906684875488,370.56460762023926,119.23194935917854,0.9998468160629272,415.5597867965698,161.03698712587357,0.9998986721038818,348.2129406929016,158.84343498945236,0.9998359084129333,460.12285900115967,186.79462158679962,0.992075502872467,314.32726764678955,173.9789475798607,0.9949921369552612,436.29248046875,169.33240407705307,0.9749910235404968,354.5414705276489,150.19482910633087,0.9807925820350647,401.22863483428955,254.864483833313,0.9998767375946045,362.1091299057007,260.21070981025696,0.9998486638069153,393.9622473716736,261.76962447166443,0.9738401174545288,366.7760519981384,334.66885709762573,0.9715018272399902,383.32892322540283,341.72078347206116,0.9429407715797424,375.42337226867676,411.70800590515137,0.9671627879142761
193,14.38479998614639,79.58046335393217,90.69643868511324,35.84898800783441,36.98855053983793,143.45200937482565,176.7093616952541,141.03321608864445,178.19287609418024,383.637903213501,123.40435242652893,0.9999523758888245,390.709415435791,116.6354985833168,0.9998725056648254,376.1682753562927,115.86675387620926,0.9998970031738281,396.892174243927,118.94884833693504,0.9998095631599426,370.58272790908813,117.84148073196411,0.9998610019683838,416.169331073761,157.89761859178543,0.9999020099639893,349.76279401779175,156.21718972921371,0.9998477101325989,462.33868980407715,173.46397238969803,0.9925658106803894,313.4729857444763,160.31478250026703,0.9954091906547546,441.76693058013916,144.64373844861984,0.9755436182022095,351.5999689102173,124.22116148471832,0.9815127849578857,402.194393157959,254.7286101579666,0.9998761415481567,362.8610587120056,260.8019269704819,0.9998466372489929,394.8620195388794,262.1225712299347,0.9749709367752075,367.82955598831177,334.67122185230255,0.9726808667182922,386.47298288345337,344.8029705286026,0.9438738822937012,375.4403805732727,411.53153252601624,0.9681712985038757
194,15.246900031343102,87.67550511264216,106.60594854771348,54.371892365668124,58.28310598008533,156.90971934728958,177.5032791645273,151.48271547900924,177.61977924552315,384.55731201171875,122.61621958017349,0.999956488609314,391.2484498023987,115.73679921030998,0.9998820424079895,377.52105474472046,115.1011289358139,0.9999057650566101,397.3894839286804,117.96394938230515,0.9998267889022827,371.5145454406738,116.40466433763504,0.9998738765716553,416.95320415496826,154.2342432141304,0.999902606010437,352.1075644493103,152.04016399383545,0.9998589158058167,464.913236618042,163.35686844587326,0.9930955767631531,314.73602294921875,145.08391046524048,0.9957665205001831,446.93871879577637,124.5602758526802,0.9762117862701416,352.93066024780273,103.0513006746769,0.9817913770675659,402.1935844421387,253.64281737804413,0.9998656511306763,363.6173596382141,260.425418138504,0.9998443126678467,393.7912292480469,267.3351458311081,0.9749395251274109,368.1629238128662,333.38641929626465,0.9733760952949524,389.4750876426697,349.1931233406067,0.9401947855949402,376.1116147041321,409.71517300605774,0.9685323238372803
195,14.56860004691407,94.60546297506103,123.80255733499797,65.16265792080408,76.97717157720648,176.37474465759425,176.58301244346362,165.4582070026016,176.45180676248896,384.68023681640625,120.04722702503204,0.9999593496322632,391.37372493743896,113.7893596291542,0.9998881220817566,378.16785049438477,112.84914171695709,0.9999117255210876,397.5295433998108,116.41554790735245,0.9998405575752258,372.54848861694336,114.21706682443619,0.9998839497566223,417.6292905807495,151.88329243659973,0.9998893737792969,353.4821791648865,149.58410984277725,0.9998583793640137,465.4807529449463,155.36084938049316,0.9935427308082581,315.5871205329895,129.63622176647186,0.9960368871688843,447.25411796569824,107.0763695538044,0.9767559766769409,352.5700993537903,86.76844045519829,0.9807365536689758,402.4239420890808,250.5358146429062,0.9998263120651245,364.9493398666382,257.95316684246063,0.9998131394386292,394.1377639770508,288.2633101940155,0.9728212356567383,368.3237318992615,331.60114347934723,0.9718242287635803,396.8735737800598,360.98492980003357,0.9359617233276367,376.43282651901245,406.59369683265686,0.9667934775352478
196,14.611300022806972,112.51764807751854,134.02695340182808,82.9605117048249,92.09200556568916,178.94073018154063,175.47669690710026,164.2353143251847,176.46784033312184,384.7193078994751,117.18428549170494,0.9999616742134094,391.49083709716797,111.47573208808899,0.999893844127655,378.58939361572266,110.53383320569992,0.9999158382415771,397.73417377471924,114.64573559165001,0.9998525381088257,373.14190912246704,112.27679985761642,0.99989253282547,418.3410110473633,150.81708723306656,0.9998817443847656,354.2702980041504,147.92673021554947,0.9998491406440735,465.57421016693115,139.2091048359871,0.9940268397331238,317.48252296447754,119.38575813174248,0.9962707757949829,446.9402856826782,90.27540725469589,0.978004515171051,351.8685383796692,71.55597361922264,0.9810022115707397,403.22333240509033,249.49255895614624,0.9998066425323486,366.0772204399109,256.23002994060516,0.9997982382774353,394.5454831123352,314.0908188819885,0.9709965586662292,368.2886538505554,330.8133097887039,0.9705966711044312,403.45204734802246,376.56510174274445,0.9339598417282104,375.16076707839966,405.8821905851364,0.9652838110923767
197,16.034199972636998,125.11216319332158,142.69586151199462,95.84791978427752,103.95058172637019,177.4068985489604,174.7629042095374,164.92033841729338,176.4289234586386,385.91163301467896,113.90089485049248,0.9999623894691467,392.3612427711487,108.76761075854301,0.999894917011261,379.64016819000244,107.95181313157082,0.9999178647994995,398.1553883552551,112.52939411997795,0.9998604655265808,373.80113887786865,110.47648078203201,0.9998996257781982,418.65474224090576,148.84921246767044,0.9998725056648254,355.5098571777344,146.70480734109879,0.9998461008071899,464.79400157928467,125.52234637737274,0.9944108724594116,320.4251618385315,109.60952752828598,0.9964481592178345,445.57962131500244,75.39425536990166,0.9787901639938354,352.5360321998596,59.485913172364235,0.9809743762016296,404.00879764556885,249.34010350704193,0.9997921586036682,367.15056324005127,255.62439632415771,0.9997926354408264,396.70809030532837,322.4962681531906,0.9676654934883118,368.28559589385986,330.9580441713333,0.9688382148742676,407.10913610458374,385.45598101615906,0.9289308786392212,374.1103210449219,406.06971848011017,0.9635360240936279
198,15.227500000037253,131.72080201437953,148.13345833909,103.64156914080682,112.96897845221076,175.68342997165917,174.64149025942882,165.28080825962746,176.5398024277665,386.80511236190796,111.60824382305145,0.9999622702598572,393.3392581939697,106.20076927542686,0.9998944401741028,380.3449640274048,105.79606145620346,0.99991774559021,399.13413667678833,110.12103393673897,0.9998646378517151,374.5090432167053,108.83942237496376,0.9999040961265564,419.7392807006836,146.41075152158737,0.9998595714569092,357.0746212005615,145.03356683254242,0.999834418296814,463.9288272857666,117.22531968355179,0.9947410225868225,324.54326915740967,102.77418276667595,0.9965419769287109,444.7188444137573,63.87221613526344,0.9797993302345276,352.85795164108276,52.609484359622,0.9812809228897095,404.77970600128174,249.2359118461609,0.9997772574424744,368.05220556259155,254.57752227783203,0.9997815489768982,399.4268159866333,326.5407394170761,0.9663076996803284,368.53829431533813,331.0704982280731,0.9679868817329407,411.9686589241028,392.5494188070297,0.9287641048431396,373.54497814178467,405.9695725440979,0.9626398086547852
199,15.285199973732233,138.52810585102122,154.98207323003456,111.99339909011914,123.59329017241998,173.87174730691146,174.1791759911007,169.13559607826016,176.98538888756926,387.3384099006653,110.56738138198853,0.9999599456787109,394.0694274902344,104.56246438622475,0.9998884201049805,381.0209746360779,104.84407675266266,0.9999126195907593,400.39815950393677,108.4465739428997,0.9998597502708435,375.2174024581909,107.88359850645065,0.9999043941497803,421.11955642700195,144.3569193482399,0.9998405575752258,357.84861278533936,143.95563757419586,0.9998123645782471,463.5460014343262,107.7501465678215,0.9949666857719421,329.0617160797119,95.86639246344566,0.996604323387146,444.41855812072754,51.548161804676056,0.9806774258613586,353.11062479019165,45.44992959499359,0.9816440939903259,406.8341979980469,249.46757233142853,0.9997585415840149,369.2710919380188,254.72684371471405,0.9997609257698059,404.57861375808716,329.6535543203354,0.9644274711608887,369.36027812957764,331.4763813018799,0.9666339159011841,415.89613676071167,399.12181282043457,0.9298649430274963,373.37759923934937,406.1077824831009,0.9612357020378113
200,15.4634999926202,141.86835537241916,160.19946651938074,115.76917231701859,132.63400560643768,172.9261969066942,174.21952569413608,172.95154580479277,177.55666330757376,388.59608936309814,110.98512384295464,0.9999562501907349,395.1219458580017,104.4572043120861,0.9998788833618164,382.26932859420776,105.04944002628326,0.999903678894043,401.21865224838257,108.62078940868378,0.9998487234115601,375.98474740982056,108.03004947304726,0.9998998641967773,422.39821195602417,143.41076105833054,0.999817967414856,359.06623554229736,142.33367228507996,0.9997735023498535,463.4832754135132,102.24462729692459,0.9951024651527405,334.09794330596924,90.11664816737175,0.9965379238128662,444.04462814331055,46.697099074721336,0.9813482761383057,354.2083806991577,39.86381635069847,0.9817030429840088,409.71191215515137,249.61393070220947,0.9997438788414001,370.42740392684937,255.06469023227692,0.9997384548187256,410.0854377746582,331.3229286670685,0.9637592434883118,370.39326095581055,331.5770400762558,0.9653638005256653,419.5642442703247,405.21042931079865,0.9319974780082703,373.52640295028687,405.7815033197403,0.9591643214225769
201,24.288300017360598,145.45896289178302,164.0744639974335,121.92860620971426,140.52347062104153,172.89151867717868,173.14394754342828,176.1492510417076,176.31189780197064,390.2839045524597,111.71910238265991,0.9999569654464722,396.6405625343323,105.25421923398972,0.9998806118965149,384.47287702560425,105.55999198555946,0.9999048113822937,402.68048191070557,109.3947337269783,0.9998499751091003,378.01275396347046,108.64100378751755,0.9999019503593445,423.7227873802185,143.4363032579422,0.9998159408569336,360.58727836608887,141.91771763563156,0.9997621178627014,461.1087341308594,99.60939311981201,0.9951349496841431,339.6480588912964,89.28315761685371,0.996558427810669,443.7215967178345,44.81813409924507,0.9819265604019165,356.3148832321167,37.31832176446915,0.9823151230812073,412.6499261856079,250.1426955461502,0.9997515678405762,372.02959632873535,255.18959486484528,0.9997394680976868,414.37992095947266,333.8386287689209,0.96504807472229,370.5696620941162,332.076487660408,0.9653899669647217,421.00325298309326,409.0164592266083,0.9362373352050781,373.89136123657227,405.2176375389099,0.9586328864097595
202,16.62199996644631,150.3027225811517,166.97963001768008,128.87800518621697,146.91659252968486,173.6130669842691,172.79982014475442,176.30781910003338,176.1396279598448,393.23286151885986,112.26909303665161,0.9999588131904602,399.4644718170166,105.81429570913315,0.9998854398727417,387.39337730407715,106.03775790333748,0.9999086856842041,404.93265438079834,109.87272045016289,0.9998545050621033,380.50973987579346,108.90834215283394,0.9999062418937683,425.7076539993286,143.24699467420578,0.9998194575309753,362.6809678077698,142.04088431596756,0.9997607469558716,458.743745803833,96.7824998497963,0.9950680136680603,344.67528915405273,87.64103493094444,0.9966191053390503,443.59205055236816,42.91220237314701,0.982308566570282,358.7214951515198,34.36346463859081,0.9829955101013184,414.94402551651,250.79186344146729,0.9997653365135193,373.18234491348267,255.38131093978882,0.9997472167015076,415.92022132873535,334.0798052549362,0.9665789604187012,370.63327264785767,331.9541757106781,0.9654867649078369,421.76769161224365,410.7091392278671,0.9405852556228638,373.05679178237915,402.99966859817505,0.9577953815460205
203,16.816699993796647,155.81617375354176,166.11108842283176,135.89356467781113,148.535016013581,173.5265478531011,172.65883401181694,176.47522027169367,175.7977703447604,394.8560552597046,112.57517206668854,0.9999599456787109,400.9970893859863,106.1930410861969,0.9998889565467834,389.00469303131104,106.32404991984367,0.9999114871025085,406.62888526916504,110.20620784163475,0.9998569488525391,382.99343252182007,109.45477142930031,0.9999091625213623,427.97600078582764,143.12043756246567,0.9998220205307007,365.678599357605,141.93787503242493,0.9997579455375671,456.3529796600342,94.3512756228447,0.9949026703834534,348.26909589767456,89.71585074067116,0.9966015219688416,443.07401752471924,40.74518606066704,0.9825519919395447,360.99608421325684,34.71142190694809,0.9835177659988403,416.5980010032654,251.1984587907791,0.9997792840003967,374.7146592140198,255.53080332279205,0.9997566342353821,417.27651357650757,335.0296958684921,0.9675873517990112,370.98412895202637,331.9986786842346,0.9652860164642334,422.55929803848267,410.7953815460205,0.9440876841545105,372.72099781036377,402.60090827941895,0.9564681649208069
204,15.805399976670742,159.70199647284676,167.26413594970535,140.7199530688727,151.95321186245027,173.56060782346432,171.22955130926476,178.6398623208852,175.65500657354661,396.9435782432556,112.78919661045074,0.9999594688415527,403.0772075653076,106.36474934220314,0.9998883605003357,391.3111252784729,106.5312152504921,0.9999111294746399,408.407630443573,110.3293816447258,0.9998533129692078,385.60010051727295,110.02903643250465,0.9999088644981384,430.2379789352417,142.93850815296173,0.9998207092285156,368.81100845336914,142.07391965389252,0.9997498393058777,454.8277416229248,92.84356644749641,0.9946058392524719,352.6239547729492,89.0015310049057,0.9965549111366272,442.75083446502686,41.090710908174515,0.9825314879417419,363.3224563598633,34.39568442106247,0.9838544130325317,419.0856614112854,251.8476836681366,0.9997890591621399,377.2016625404358,255.63231682777405,0.9997620582580566,419.95947885513306,336.3195413351059,0.9683163166046143,371.13000106811523,332.0193061828613,0.9654482007026672,422.5060238838196,411.00661396980286,0.9468675851821899,370.8860468864441,402.03348112106323,0.9551600217819214
205,17.57470000302419,163.04510910145115,168.18696890474897,144.0624759626214,155.13628105853644,174.12964083316206,171.50918576418272,178.2143423570173,177.10140703784214,398.62750148773193,113.18865495920181,0.9999596476554871,405.1979637145996,106.52494010329247,0.9998894333839417,392.9738702774048,106.88830745220184,0.9999118447303772,411.1177887916565,110.47378125786781,0.9998507499694824,387.75598526000977,110.60325157642365,0.9999088048934937,432.9579429626465,143.1521338224411,0.9998160004615784,371.42359018325806,142.23505061864853,0.9997361898422241,454.5722379684448,92.20981931686401,0.9942866563796997,356.6347050666809,88.96602407097816,0.9964004158973694,442.60754013061523,40.16341011226177,0.9824491143226624,365.7517123222351,33.5807201564312,0.9838899374008179,421.25109910964966,253.8639361858368,0.9997991919517517,378.8008728027344,256.22253680229187,0.9997692108154297,421.0156364440918,335.25349283218384,0.968829870223999,372.4651908874512,331.8654831647873,0.9655755162239075,423.1455159187317,410.5671684741974,0.9492419362068176,370.15501832962036,401.9032771587372,0.954024612903595
206,19.797899993136525,165.74014617991728,168.35622364674416,145.97413921248733,156.77007414160815,173.29365039002397,172.53897367221924,178.48600470205798,178.65110974607157,401.119104385376,113.50697800517082,0.9999600052833557,407.3216767311096,106.57590341567993,0.999890923500061,395.1921019554138,107.07684677839279,0.9999132752418518,413.0969944000244,110.5855301618576,0.9998494386672974,389.7731246948242,110.96101331710815,0.9999094605445862,435.1921215057373,143.00758463144302,0.9998143911361694,373.0781216621399,142.25270080566406,0.9997265338897705,454.702036857605,92.08068376779556,0.9939589500427246,359.24276304244995,90.0831356048584,0.9963377714157104,442.5981388092041,39.919669434428215,0.982417106628418,367.38812351226807,34.769240871071815,0.9842331409454346,422.0104579925537,255.18723011016846,0.9998091459274292,379.47741413116455,256.38550543785095,0.9997742772102356,422.01687717437744,336.1260588169098,0.970009982585907,373.86037731170654,331.93833470344543,0.9661862850189209,423.997043132782,410.82190668582916,0.9524371027946472,370.303240776062,402.0848219394684,0.954245924949646
207,21.21819998137653,168.13638606274577,168.18000312446887,148.3033620965937,157.8912244161195,173.01015786281286,173.60506394662747,178.71813306640797,179.05465251702722,403.1870160102844,114.75570380687714,0.9999595880508423,409.24775981903076,107.21108222007751,0.9998908042907715,397.2105050086975,107.9240700006485,0.999913215637207,415.24640941619873,110.7269880771637,0.9998447895050049,391.7848811149597,111.69494912028313,0.9999083280563354,437.4281702041626,142.80588245391846,0.9998109340667725,375.33330154418945,142.32532441616058,0.9997130632400513,454.80297470092773,92.34674003720284,0.9934377670288086,362.0696291923523,91.46054822206497,0.9962140917778015,443.1306781768799,40.53709477186203,0.9820538759231567,369.4353370666504,35.464083433151245,0.9843705892562866,423.2887849807739,255.73354542255402,0.9998176097869873,380.90489864349365,256.44157576560974,0.9997775554656982,423.08185482025146,336.45532953739166,0.9711272716522217,376.15366792678833,331.96540117263794,0.9666125774383545,424.5731267929077,411.7268669605255,0.9554346203804016,370.5756769180298,402.13428235054016,0.9541055560112
208,16.899899987038225,169.72804638232213,166.89530284625218,151.41533424660423,156.86516830740177,173.1506288660575,173.53191579490107,178.70229778536003,178.59471022531142,405.29061222076416,115.8170156776905,0.9999589920043945,411.24460554122925,108.0532839000225,0.9998896718025208,399.2780375480652,108.89841303229332,0.9999125599861145,417.3301668167114,111.06600984930992,0.9998385906219482,393.7108883857727,112.57065623998642,0.9999065399169922,439.52789974212646,142.8569810986519,0.9998045563697815,377.38920879364014,142.44632577896118,0.9996957778930664,455.18534564971924,93.35868409276009,0.9929953217506409,363.44641733169556,92.6738311946392,0.9960909485816956,444.92051792144775,40.704354867339134,0.9818010926246643,370.95857858657837,35.50269232690334,0.9844963550567627,424.8530435562134,257.70791614055634,0.9998259544372559,382.5126256942749,257.7379171848297,0.9997813105583191,424.2483263015747,337.9035565853119,0.9721093773841858,377.41625022888184,332.04312467575073,0.9667635560035706,425.35869312286377,411.3893908262253,0.9579164981842041,370.92044258117676,401.6839532852173,0.952800452709198
209,20.445199974346906,168.24842320390903,166.36709220775236,148.99195701792894,157.23443940437804,173.31306096407772,173.43424103174166,178.7092383538452,177.92241016644257,407.0965504646301,117.08536466956139,0.9999589920043945,412.9614839553833,108.97667074203491,0.999890148639679,401.22431325912476,109.95431873202324,0.9999127388000488,419.34700298309326,111.44837358593941,0.9998359084129333,395.59087467193604,113.13885977864265,0.9999057650566101,441.802059173584,142.99264109134674,0.999802827835083,379.1591086387634,142.53045976161957,0.9996824264526367,459.20946502685547,93.45026135444641,0.9926440119743347,364.7144584655762,92.58907040953636,0.9958745837211609,448.1395606994629,39.75225619971752,0.9816650748252869,371.4928364753723,34.308163568377495,0.984437108039856,426.3168697357178,258.9243402481079,0.9998350739479065,384.2317280769348,258.7751327753067,0.999786913394928,425.03010177612305,338.9573254585266,0.9731370210647583,379.010507106781,332.2060933113098,0.9667699933052063,425.5040092468262,412.4137569665909,0.9603362679481506,371.599485874176,401.0445293188095,0.9512260556221008
210,26.823799998965114,165.9628973868786,162.8843906789855,146.44506116148713,153.09970755230492,174.16329248878773,172.31784921022393,177.86224966497986,178.98466415459995,408.71443700790405,118.20298904180527,0.9999580383300781,414.56226110458374,109.96990332007408,0.9998875260353088,402.7658772468567,111.06808969378471,0.9999105930328369,421.0759868621826,111.950264275074,0.9998283982276917,397.28440141677856,113.77828374505043,0.999902069568634,444.02157974243164,143.29641234874725,0.9998006820678711,381.3515372276306,142.5470985174179,0.9996716380119324,463.7166404724121,94.08507689833641,0.9925448894500732,363.96680068969727,93.65231254696846,0.9956845641136169,452.7642021179199,41.39675076305866,0.981764018535614,371.4103727340698,35.76456753909588,0.9843579530715942,428.12712955474854,259.7084131240845,0.9998409152030945,386.3821792602539,259.7658795118332,0.9997907876968384,425.43587493896484,339.23662292957306,0.9736424684524536,379.7026414871216,332.81255316734314,0.9664873480796814,425.68915462493896,411.945991396904,0.9619198441505432,372.2464838027954,401.0036731958389,0.9497936367988586
211,16.023900010623038,165.98464820783096,159.51456769782467,144.32439933710526,149.58657081723905,173.31218362350896,173.4211828813847,178.1595286697123,177.24526754727236,410.40235328674316,119.42516833543777,0.9999569058418274,416.42804431915283,110.98826497793198,0.9998845458030701,403.8348731994629,112.31689384579659,0.9999067783355713,423.2648015022278,112.74183741211891,0.9998206496238708,398.3463969230652,114.68367138504982,0.9998970031738281,446.77697563171387,143.94662016630173,0.9997982382774353,383.48131561279297,142.85547107458115,0.9996575117111206,467.21388149261475,94.86015373468399,0.9925274848937988,363.0873475074768,94.03113627433777,0.9953664541244507,454.8725748062134,41.70654074847698,0.98196941614151,370.83353090286255,37.06185272336006,0.9840080738067627,429.18381786346436,260.42983424663544,0.9998444318771362,387.94244480133057,259.78502547740936,0.9997921586036682,426.5405807495117,340.06759202480316,0.9735453128814697,382.25510025024414,333.80147647857666,0.9662790298461914,426.4638032913208,412.75365483760834,0.9628418684005737,373.91544580459595,400.295899271965,0.9477893114089966
212,26.42730000661686,164.90426587542717,156.7845819727371,141.3005876601589,146.41607062233552,172.85204835387088,173.75725954931482,179.37128308577837,175.66425719230182,412.6225309371948,120.09896671772003,0.9999580979347229,418.9828534126282,111.75860518217087,0.9998871088027954,406.0853018760681,112.79995909333229,0.9999086856842041,426.0870428085327,113.56499996781349,0.9998226165771484,400.2884774208069,114.96538347005844,0.9998984336853027,448.7809228897095,145.01695656776428,0.999803364276886,385.25005292892456,142.88356322050095,0.9996582865715027,470.8553771972656,95.44194036722183,0.9925841689109802,362.3311982154846,94.46428525447845,0.9953261613845825,457.15846061706543,43.2222131639719,0.9822716116905212,370.5019574165344,38.13779117166996,0.9840797185897827,430.5372037887573,261.4335443973541,0.9998519420623779,389.57402896881104,259.9832944869995,0.9997984766960144,428.11120796203613,340.45432913303375,0.9741632342338562,384.2573289871216,333.64987576007843,0.9666640758514404,426.6746759414673,413.2990584373474,0.9641880989074707,374.97976636886597,395.9972026348114,0.9461467266082764
213,17.061799997463822,161.1059192300178,152.44105235022306,133.43416814663257,141.91795208938996,172.60967610388485,173.7399244339962,179.85856974461305,175.61972573862062,414.0543622970581,120.65917140245438,0.999959409236908,420.94174003601074,112.4893571138382,0.9998902678489685,407.3015093803406,113.42325001955032,0.9999109506607056,428.209921836853,114.28892830014229,0.9998260736465454,401.45477199554443,115.28676930069923,0.9999008774757385,450.99028396606445,145.96216040849686,0.9998081922531128,386.86882400512695,144.16732585430145,0.9996538758277893,475.6767387390137,100.01455679535866,0.992622435092926,361.408908367157,98.63500022888184,0.9953765273094177,457.73456954956055,45.81908418238163,0.982302725315094,370.30680418014526,41.61771999299526,0.9840179085731506,431.63003158569336,263.4947272539139,0.9998599290847778,390.2281789779663,260.5558785200119,0.9998051524162292,428.9855308532715,340.6290645599365,0.9744548797607422,384.43259286880493,332.4816014766693,0.9672065377235413,426.2677402496338,414.5706981420517,0.9644995927810669,375.255437374115,390.50866401195526,0.9417246580123901
214,16.514199960511178,154.25593741552117,144.27172718362678,125.50046205842672,131.4354799310841,171.90122672135357,174.23024518482273,178.47963973346884,171.99290177583973,415.4133081436157,120.58177554607391,0.9999595880508423,422.87156343460083,112.47315284609795,0.9998896718025208,408.95396852493286,113.35831186175346,0.9999095797538757,430.0584945678711,114.28962633013725,0.9998236894607544,403.68743419647217,115.26110601425171,0.9998984932899475,452.6412773132324,145.9765341281891,0.999815046787262,389.1124544143677,144.49773621559143,0.999657928943634,478.45862007141113,109.81506887078285,0.992792010307312,358.84995460510254,104.68229049444199,0.9953834414482117,459.3642330169678,54.28142289817333,0.9825589656829834,370.08488750457764,48.59536315500736,0.9837669730186462,432.45072650909424,263.10214948654175,0.99986332654953,392.15160846710205,259.8597289323807,0.9998039603233337,430.194055557251,339.95325756073,0.9743618369102478,386.9181809425354,330.10690343379974,0.9667283892631531,425.9780683517456,415.30693459510803,0.9650470614433289,375.33294773101807,383.38553857803345,0.9378328919410706
215,19.430599990300834,142.7975772159011,132.91381402468778,112.23193193373129,115.62893724753403,171.98408923160412,174.5195419586267,177.27555813129672,169.06186777623296,417.4916572570801,120.51838302612305,0.9999614953994751,424.8794279098511,112.43904197216034,0.9998937249183655,411.15999364852905,113.32699310779572,0.9999119639396667,431.95270919799805,114.3889816403389,0.9998283982276917,405.9084963798523,115.25291484594345,0.9999006390571594,454.1955785751343,146.47942912578583,0.9998231530189514,390.2809224128723,145.22551083564758,0.9996649622917175,481.47730350494385,121.03350067138672,0.9930371642112732,353.7939643859863,113.46197643876076,0.9955613017082214,460.2815189361572,65.15892758965492,0.983159065246582,369.4915175437927,56.51932843029499,0.9840924143791199,434.09049892425537,262.9770739078522,0.9998646378517151,393.9995746612549,258.953315615654,0.9997972846031189,431.7126216888428,339.67831921577454,0.9739712476730347,389.7011742591858,327.1286516189575,0.9656985402107239,425.8022232055664,414.77460837364197,0.9652715921401978,375.6907286643982,381.12489008903503,0.9326047301292419
216,14.838500006590039,122.11882624371003,118.50721159256864,89.4753118361441,101.05228764599191,172.55203844247066,173.42610950385856,178.5093069661272,172.1355945953346,418.8119111061096,120.21884268522263,0.9999640583992004,426.8868627548218,112.38391897082329,0.9998999238014221,413.8438687324524,112.66577351093292,0.9999164342880249,434.40225887298584,114.38602569699287,0.9998359084129333,409.51501512527466,114.70491856336594,0.9999046921730042,455.9541311264038,147.3413537144661,0.9998319149017334,392.72109603881836,145.29401749372482,0.9996761083602905,481.8133249282837,136.93156117200851,0.9932147860527039,352.4446220397949,124.44699555635452,0.9956545233726501,460.5599699020386,85.50028377771378,0.9835942983627319,369.379611492157,66.58523079752922,0.9841966032981873,435.22406578063965,262.6553248167038,0.9998705387115479,394.9789547920227,258.6366094350815,0.9997984766960144,431.53718090057373,339.6001968383789,0.9746353626251221,388.4601492881775,327.181160569191,0.9640863537788391,425.9994487762451,414.4024586677551,0.9667003750801086,376.7333149909973,376.8004660606384,0.9265637993812561
217,17.799000022932887,86.59161880660102,103.0854724057678,51.258303474401416,78.9147998722231,173.06358919791143,172.4444627879427,179.29391811545403,172.2082410873761,419.82083463668823,119.78379905223846,0.9999665021896362,428.2814426422119,112.36748677492142,0.9999053478240967,414.7657289505005,112.10514858365059,0.9999207854270935,436.1038475036621,114.50019633769989,0.9998419284820557,410.3690695762634,114.07867169380188,0.9999088644981384,456.3219451904297,149.1654770374298,0.9998383522033691,392.8509202003479,145.31884741783142,0.9996935725212097,481.39946460723877,155.3061181306839,0.9934930205345154,348.10838890075684,136.18727600574493,0.9958075284957886,461.25511169433594,112.07217735052109,0.9842286109924316,368.2236533164978,87.9118278324604,0.9846795797348022,435.96009826660156,260.6486737728119,0.9998661875724792,395.8482484817505,256.0661211013794,0.9997817277908325,431.32595443725586,338.3230583667755,0.9755042195320129,388.77640771865845,323.2911676168442,0.9635027050971985,425.8625736236572,414.1631056070328,0.9682741165161133,377.05078649520874,371.04018008708954,0.9240908026695251
218,14.800300006754696,60.56941151822839,83.62705010576862,16.299161514055022,54.64050893776816,172.34048877694573,169.89514593643023,179.71402456827485,178.2164789646368,420.8515934944153,119.59592926502228,0.9999694228172302,429.5344467163086,112.3553780913353,0.9999125599861145,415.39849853515625,111.93518540263176,0.9999264478683472,437.51288318634033,114.68349331617355,0.9998517036437988,411.5061240196228,113.28286051750183,0.9999143481254578,457.54396533966064,149.29650723934174,0.9998515248298645,392.8988618850708,145.65657997131348,0.9997203946113586,482.77721309661865,170.9783872961998,0.9939531087875366,342.8881788253784,152.59331715106964,0.995952308177948,461.1089868545532,137.65013319253922,0.9853647351264954,364.014009475708,111.94631826877594,0.9856191277503967,435.9218864440918,258.0922315120697,0.9998646974563599,395.73697423934937,252.3403788805008,0.9997833967208862,430.99488639831543,336.82132518291473,0.97623211145401,387.00683641433716,310.19566905498505,0.9656147956848145,425.8381099700928,413.1117014884949,0.9693474769592285,376.8725657463074,365.60634422302246,0.927252471446991
219,16.380199987906963,50.729367676851396,71.90534848020359,5.0678713431636995,39.07751295411194,171.36399474704956,166.61411327572398,179.02915143055222,176.08082841484065,421.8147234916687,119.62499010562897,0.9999716281890869,430.1629705429077,112.35701632499695,0.99991774559021,416.38010263442993,111.92300549149513,0.9999294877052307,437.6098279953003,114.69738981127739,0.9998564720153809,412.0482416152954,113.1475139260292,0.9999146461486816,458.0163059234619,151.70160520076752,0.9998633861541748,393.5932960510254,146.40003889799118,0.9997438192367554,483.29625701904297,183.35450184345245,0.9942834973335266,344.7406940460205,163.54604882001877,0.9958851337432861,459.34750270843506,158.27681982517242,0.9863875508308411,362.5012559890747,134.65715152025223,0.9864259958267212,435.64444637298584,255.91189920902252,0.9998672604560852,395.83240270614624,249.4197359085083,0.9997901320457458,430.758994102478,336.240535736084,0.9753760099411011,386.76596546173096,291.5645362138748,0.9671186804771423,424.8936309814453,411.5875458717346,0.9684831500053406,377.0478296279907,358.824085354805,0.9289326667785645
220,14.314699976239353,42.82681343979429,63.004918761497734,17.690176251776254,23.952664843799525,170.52032520278306,163.8845079437263,179.39024090490668,172.83781723170793,424.3156518936157,119.60627150535583,0.9999735355377197,432.3632335662842,112.49647986888885,0.9999219179153442,418.4687376022339,111.91279146075249,0.9999317526817322,439.3441696166992,114.93351626396179,0.9998558759689331,414.02777576446533,113.05936270952225,0.9999121427536011,459.4825077056885,155.01588010787964,0.9998708963394165,393.7153615951538,147.31189399957657,0.9997608065605164,482.41723346710205,195.3394061923027,0.9944220781326294,347.15862798690796,172.41628634929657,0.9948810338973999,459.2120428085327,173.9412682056427,0.9868803024291992,358.8654465675354,157.27644312381744,0.9858798980712891,435.85142707824707,255.79135370254517,0.9998709559440613,396.09167194366455,248.94376492500305,0.999799907207489,430.62727451324463,336.1994231939316,0.9758739471435547,386.62413692474365,284.8376353979111,0.969150185585022,424.9274959564209,411.5280281305313,0.9686388969421387,377.5944457054138,352.3871091604233,0.9325355887413025
221,16.13040000665933,36.43768291915304,50.67934300651628,47.56696856667837,6.138927768527214,169.19634845402493,160.08973239219665,179.66140455570482,165.79225667228062,426.4936246871948,119.67207151651382,0.9999755024909973,433.88483238220215,112.68156465888023,0.9999268054962158,420.19620513916016,112.19950371980667,0.9999352693557739,440.587064743042,115.13222688436508,0.9998583793640137,415.5437135696411,113.49241197109222,0.9999136328697205,462.51039028167725,157.4683871269226,0.9998807311058044,394.06417083740234,151.95399290323257,0.9997807145118713,481.7937641143799,206.17697715759277,0.9946374893188477,352.74238109588623,187.26835602521896,0.9942399859428406,450.58784675598145,194.30127888917923,0.9875273704528809,363.51561307907104,179.89760088920593,0.985752284526825,436.28343296051025,256.4575307369232,0.9998772144317627,396.1090340614319,249.80692887306213,0.9998109340667725,430.5886583328247,337.1721920967102,0.9772377610206604,384.2302622795105,284.8748161792755,0.9715232849121094,424.90186977386475,411.51321280002594,0.9698776006698608,379.2760691642761,347.7484576702118,0.9365541338920593
222,14.249900006689131,31.635391917838273,42.21427267039004,68.37708587438509,23.70559141168927,168.0187395551847,151.40691387001965,179.62257361492237,155.52583821659442,426.94792079925537,119.90118205547333,0.9999774098396301,434.53564643859863,113.1290802359581,0.9999318718910217,420.8941774368286,112.80138364434242,0.9999390840530396,441.48645782470703,115.77059668302536,0.999862790107727,417.04479122161865,114.33084571361542,0.9999153017997742,463.63314056396484,160.28113460540771,0.9998911023139954,394.5239005088806,154.8555896282196,0.9998005628585815,478.7574405670166,214.0641320347786,0.9948673248291016,358.5253310203552,195.81825476884842,0.9935548305511475,445.7454586029053,210.6431155204773,0.9882478713989258,367.86855125427246,191.4644280076027,0.9855934977531433,436.05421257019043,256.91273176670074,0.9998828768730164,396.0292239189148,250.17013239860535,0.99982088804245,430.5151662826538,337.17894446849823,0.9783186316490173,385.1944031715393,270.817688703537,0.9737448692321777,424.88862705230713,411.5742975473404,0.9711999893188477,381.10045623779297,343.7210525274277,0.9409249424934387
223,15.981799981091172,29.19366295563017,38.23190660402213,84.32380501345379,71.9242736562267,167.5980571676206,98.07304793561741,179.67071873205916,100.49958666140732,427.61602115631104,120.13203054666519,0.9999791979789734,435.361496925354,114.00311350822449,0.9999369978904724,422.00042486190796,113.2825756072998,0.99994295835495,442.0669136047363,117.37302425503731,0.9998683929443359,418.1217985153198,115.18887415528297,0.9999168515205383,463.6855049133301,162.99353671073914,0.9999008774757385,394.6999478340149,157.51948577165604,0.9998180866241455,475.9686346054077,216.84085261821747,0.9948331713676453,361.8181691169739,200.70180082321167,0.9919859170913696,441.4362668991089,221.18720048666,0.9884743094444275,371.9495587348938,204.232351064682,0.9835659861564636,435.8961591720581,257.75689220428467,0.9998865723609924,396.23018980026245,250.39455616474152,0.9998258352279663,430.3968915939331,337.5644279718399,0.979151725769043,386.07734394073486,252.00569486618042,0.9756197929382324,424.8803377151489,411.4303894042969,0.9725300073623657,384.04405546188354,330.5656088590622,0.9448356032371521
224,14.718699967488647,28.17911051533517,38.097019765115654,93.0052952047628,86.71175840868375,167.3842920207466,47.94467295441541,179.48323800690227,48.83934887183871,428.4196319580078,120.85043162107468,0.9999810457229614,436.1335678100586,115.1713877916336,0.999942421913147,422.7948112487793,114.34400856494904,0.9999476671218872,442.42931938171387,118.76977515220642,0.9998772144317627,418.5876693725586,116.63449427485466,0.9999216198921204,463.6006908416748,164.72483628988266,0.9999097585678101,395.672908782959,159.62796372175217,0.9998341202735901,474.608172416687,218.12105387449265,0.9946486353874207,363.1701650619507,202.44485294818878,0.9901742339134216,442.55477142333984,226.5023000240326,0.9885333776473999,371.95246505737305,208.34948867559433,0.9816692471504211,435.84864711761475,258.22884595394135,0.9998884797096252,397.08234882354736,249.89904034137726,0.9998270273208618,430.32683658599854,338.91003036499023,0.9800730347633362,384.5280718803406,238.92375802993774,0.9773796200752258,424.70646381378174,411.4242638349533,0.9741538166999817,384.5278444290161,317.59438812732697,0.9488349556922913
225,17.701100034173578,28.522464084233352,38.328357584400955,89.87181822055231,82.60446451500756,167.34187437420394,43.09584196134844,179.25263576649627,42.2409290065566,428.667200088501,121.51759159564972,0.9999827146530151,436.4900598526001,116.19274100661278,0.9999472498893738,423.24364852905273,115.31243258714676,0.9999518394470215,442.53536224365234,119.78227478265762,0.9998847842216492,418.9562668800354,117.67325550317764,0.9999257922172546,463.36186695098877,165.8210710287094,0.9999175667762756,396.0715045928955,160.29411226511002,0.9998486638069153,474.7002649307251,219.3384466767311,0.9944201707839966,363.7401075363159,202.67711174488068,0.9888911843299866,442.8483352661133,226.01229721307755,0.9885973930358887,371.92011642456055,207.38885694742203,0.9806632995605469,435.7977991104126,258.516605257988,0.9998877048492432,397.6053099632263,249.00302624702454,0.9998235702514648,430.2623414993286,339.66527032852173,0.9807426929473877,382.52268409729004,233.43157255649567,0.9787755012512207,424.3825225830078,411.9603223800659,0.9755963683128357,385.05815982818604,312.12226033210754,0.9523283839225769
226,15.92279999749735,28.402082693086555,40.020091324222236,82.55122698579794,59.771634255514435,167.9635112103564,43.10640276877842,179.5585332513914,41.45266565562459,428.94908809661865,121.89177840948105,0.9999842047691345,436.8307819366455,116.45297086238861,0.9999516010284424,423.7237730026245,115.7813449203968,0.9999554753303528,442.901255607605,119.99362117052078,0.9998918175697327,419.4646964073181,118.08372563123703,0.999929666519165,463.45977210998535,165.01111406087875,0.9999250769615173,396.1397399902344,159.7590366601944,0.999862015247345,474.78512954711914,217.5704364180565,0.9943610429763794,362.8546395301819,201.61669021844864,0.9880034923553467,440.51013565063477,220.3951358795166,0.9885985255241394,379.3224186897278,204.00829768180847,0.9791954755783081,436.219443321228,258.516747713089,0.9998868107795715,398.5165810585022,248.83606886863708,0.9998202323913574,430.25566959381104,339.62014055252075,0.9811122417449951,383.02363300323486,233.1443830728531,0.9799249768257141,424.37650775909424,411.94858407974243,0.976410448551178,387.301411151886,310.0870043039322,0.954864501953125
227,15.301200037356466,30.68155252002644,42.891582557180925,63.775948233026355,34.851586707275,168.36768115061165,48.221732249971815,179.70665725564427,45.244292700028936,429.4156160354614,122.23456811904907,0.9999855160713196,437.25672245025635,116.70172595977783,0.9999554753303528,424.2359428405762,116.21095389127731,0.9999587535858154,443.30455207824707,120.07775515317917,0.9998983144760132,419.9363040924072,118.38471901416779,0.9999332427978516,463.60342025756836,164.11131066083908,0.999931275844574,396.63045358657837,159.07478207349777,0.9998730421066284,476.9563798904419,215.03715735673904,0.9944416284561157,362.53522205352783,197.4204187989235,0.987572968006134,441.8478021621704,207.87405902147293,0.9889739751815796,377.0537939071655,193.93311792612076,0.9789571166038513,436.3398914337158,259.25873935222626,0.9998877048492432,398.59166526794434,248.9908890724182,0.9998185634613037,430.2139701843262,339.6647289991379,0.981236457824707,383.6265559196472,236.19648361206055,0.9808111786842346,424.33551597595215,411.93582010269165,0.9769030809402466,389.208767414093,311.7252949476242,0.9567702412605286
228,14.381700020749122,31.906827192146217,48.135380290076846,59.45646256083654,19.9728615408428,169.62782743074766,51.476832773974536,179.52800478055983,51.65274425459051,429.30628776550293,122.51309633255005,0.9999862909317017,437.1196451187134,116.74007487297058,0.9999573826789856,423.9150595664978,116.47691044211388,0.9999598264694214,443.3129425048828,119.9355137348175,0.9998981952667236,419.70233249664307,118.4394716322422,0.9999321103096008,463.59548473358154,163.533427298069,0.9999352693557739,396.88461780548096,158.5390511751175,0.9998803734779358,477.8012351989746,211.68010318279266,0.9943421483039856,360.42371559143066,192.9545226097107,0.9867321252822876,441.8992567062378,202.6589772105217,0.9889760613441467,375.8592953681946,186.2832362651825,0.9778229594230652,437.05317878723145,259.4495437145233,0.9998799562454224,399.2287817001343,249.12650632858276,0.999802827835083,429.9227819442749,339.4090220928192,0.980711817741394,388.1775789260864,240.78647243976593,0.9810553193092346,424.05782318115234,411.9254493713379,0.9767321348190308,389.883261680603,315.5797311067581,0.9575266242027283
229,16.757400007918477,33.336001712020355,59.71084706841114,21.42646933439931,4.465260475075236,170.54524336751456,54.89500945708971,179.29172804699274,57.12664052926721,428.9878053665161,122.47309494018555,0.9999869465827942,436.8201675415039,116.71186164021492,0.9999590516090393,423.5967288017273,116.40294775366783,0.999960720539093,443.0566301345825,119.86294710636139,0.9998983144760132,419.5106921195984,118.40622261166573,0.999931812286377,462.5134735107422,163.14713180065155,0.9999358057975769,397.4027519226074,157.32846772670746,0.9998809099197388,477.8115463256836,208.67484188079834,0.9939807653427124,357.2878694534302,182.1987208724022,0.9856835007667542,447.8769807815552,172.99981093406677,0.9885573983192444,372.5460877418518,171.0055392384529,0.9756433367729187,437.1297540664673,259.47390353679657,0.999864935874939,399.8233394622803,249.23032760620117,0.9997745752334595,429.6525192260742,339.9533430337906,0.9796764254570007,390.8182888031006,243.24823904037476,0.980981171131134,423.85478496551514,412.0161362886429,0.9761837720870972,389.8620328903198,319.03788566589355,0.9578244090080261
230,13.908299966715276,43.12312668301729,74.7417107443373,4.34281938719168,39.32847869562923,170.8120977673633,59.465188730491676,179.51250396360922,61.93751183806949,428.78683948516846,121.58353406190872,0.9999880194664001,436.67859172821045,115.80756378173828,0.9999619722366333,423.3587894439697,115.3258518576622,0.9999633431434631,443.0304479598999,119.24412214756012,0.9999046921730042,419.2475814819336,117.44638150930405,0.9999359846115112,461.4764976501465,162.70747262239456,0.9999397397041321,397.2998933792114,155.29685854911804,0.9998884201049805,479.75003814697266,195.91244608163834,0.9942477345466614,353.3423218727112,168.47396963834763,0.9865665435791016,457.02669048309326,161.14506781101227,0.9890334606170654,371.6482615470886,141.3183805346489,0.9766792058944702,436.83467388153076,259.3951543569565,0.9998624324798584,399.6448154449463,249.30993151664734,0.9997690320014954,429.6365976333618,339.8874717950821,0.9788094758987427,391.2275495529175,244.62378549575806,0.9811104536056519,423.79504108428955,412.1343455314636,0.9754472374916077,389.8083291053772,322.539346575737,0.9575133919715881
231,16.485199972521514,54.36358397501583,86.98506351004927,16.027970882593383,59.64418789853703,171.67380654839877,119.32011571150116,179.51677988541908,122.60944660742028,426.9344253540039,121.00332868099213,0.9999887943267822,435.0844612121582,115.16886633634567,0.9999642372131348,422.60397958755493,114.84537929296494,0.9999650120735168,442.99739170074463,118.77125668525696,0.9999089241027832,419.22440671920776,116.85343351960182,0.9999376535415649,461.14280128479004,158.19093364477158,0.9999398589134216,397.2000422477722,154.1921192407608,0.9998845458030701,479.62615299224854,179.52687573432922,0.9942955374717712,351.6225371360779,157.69711303710938,0.9866052865982056,459.84354877471924,136.8590942621231,0.9892738461494446,370.68371629714966,118.54363480210304,0.9759252071380615,436.8858251571655,259.53108501434326,0.9998612999916077,399.5109477043152,249.9416913986206,0.9997628331184387,429.6875467300415,339.63404417037964,0.977283239364624,391.94543647766113,254.43424093723297,0.9806597232818604,423.78654956817627,412.15710985660553,0.9748464226722717,389.35964345932007,332.10495018959045,0.9569206833839417
232,14.35670000500977,80.03740074829167,98.31437058327418,45.926747205159614,71.28676718297332,172.38244061785494,156.07479693350223,179.59381616815506,159.30226295674015,426.9123878479004,120.82950496673584,0.9999894499778748,435.14693450927734,115.03015068173409,0.9999660849571228,422.5724902153015,114.22139033675194,0.9999666213989258,442.83645725250244,118.45849651098251,0.9999130964279175,418.7974805831909,115.76091685891151,0.9999405741691589,460.16349697113037,156.0420696735382,0.9999375939369202,396.9175982475281,150.33946377038956,0.9998801350593567,480.5979766845703,164.5752014517784,0.9944162368774414,350.7238516807556,144.79472661018372,0.9872793555259705,461.6610870361328,116.27522251009941,0.9892891645431519,371.2559838294983,101.85978484153748,0.9751853942871094,436.86838722229004,259.3931030035019,0.9998635053634644,399.4893145561218,250.56966197490692,0.9997648000717163,429.8023843765259,338.8083744049072,0.9768362641334534,391.4090304374695,270.12020003795624,0.9800541996955872,423.80017137527466,412.15423226356506,0.9747135639190674,389.23424196243286,340.99007427692413,0.9552738666534424
233,18.580100033432245,116.27119195060192,114.16445291470112,83.97248133659579,86.25595069883994,172.28169539956323,161.75812495697042,179.84563419440653,165.2030888736503,426.6973705291748,120.14666068553925,0.9999900460243225,435.1231279373169,114.4938570857048,0.9999676942825317,422.22421169281006,113.71969908475876,0.9999680519104004,442.8136110305786,117.518221616745,0.9999175667762756,418.37194442749023,115.49631363153458,0.9999434947967529,459.8661422729492,155.05187851190567,0.9999337196350098,396.89424657821655,148.92249137163162,0.999870240688324,481.0834083557129,149.85497397184372,0.9947212934494019,351.188054561615,129.76245123147964,0.988091766834259,461.6234817504883,95.77464425563812,0.989577054977417,373.5104055404663,84.9662409722805,0.9753218293190002,436.94218254089355,258.38460636138916,0.9998640418052673,399.4158983230591,250.57530319690704,0.9997666478157043,430.4840307235718,335.45458245277405,0.9764113426208496,391.1012382507324,278.07859671115875,0.9797786474227905,423.88579416275024,411.72624015808105,0.9744150042533875,388.6016492843628,348.8098621368408,0.9546059966087341
234,22.116600011941046,147.20475270530648,123.31078339539445,113.47010018663568,95.30205156319619,172.22182174735107,164.58034557817018,179.01428068215435,169.40763512601157,425.949914932251,119.42296028137207,0.9999904036521912,434.1029329299927,113.97331190109253,0.999968945980072,421.19504499435425,113.33227106928825,0.9999694228172302,441.73392486572266,116.7262709736824,0.9999221563339233,417.46469163894653,115.4073860347271,0.9999472498893738,459.1263189315796,153.11568576097488,0.9999343156814575,396.84049224853516,147.35155349969864,0.9998708367347717,482.2333011627197,129.90618842840195,0.9950563907623291,352.1420359611511,119.53606963157654,0.9890333414077759,461.45850372314453,77.58641144633293,0.9899239540100098,377.25018548965454,69.37792059779167,0.9764153361320496,436.9274740219116,256.85894072055817,0.9998708367347717,399.37596797943115,249.84305548667908,0.9997784495353699,431.13373279571533,333.9175773859024,0.9766077995300293,389.9770221710205,287.5330568552017,0.9798486232757568,423.99011850357056,411.13619112968445,0.9740989804267883,385.85969829559326,356.6282824277878,0.9528826475143433
235,15.019499987829477,155.29708121926987,133.76610068111884,123.01935136920147,107.64877359620658,172.52634696045345,168.1559746227745,179.2296770513508,175.06474864881233,425.8800115585327,118.71767219901085,0.9999890923500061,434.00194454193115,113.38633990287781,0.999965488910675,420.80850410461426,113.01916188001633,0.9999668598175049,441.16822814941406,115.90326511859894,0.9999204277992249,416.8565878868103,115.1113215982914,0.999948263168335,458.53398513793945,151.87605571746826,0.9999272227287292,396.660906791687,145.48318362236023,0.9998539090156555,483.23358154296875,118.40904322266579,0.9952576756477356,356.8130774497986,109.22605976462364,0.989861786365509,462.82376766204834,63.97199168801308,0.9897567629814148,380.33258056640625,57.97312903404236,0.9773501753807068,436.9300012588501,255.96489250659943,0.9998733401298523,399.32817792892456,249.60837495326996,0.9997783899307251,431.1065902709961,334.29511189460754,0.9772160649299622,389.43300914764404,303.6468940973282,0.9782490134239197,424.35325717926025,411.1443395614624,0.9743422865867615,383.61917638778687,364.68001568317413,0.945396900177002
236,19.642499973997474,158.5843478136692,140.55614448781574,128.31435489542602,117.19896596072356,173.24120649525398,169.66727086215948,179.83080158336008,178.4070757311113,425.71442699432373,118.05457219481468,0.9999867081642151,433.7383031845093,112.58017936348915,0.9999587535858154,420.1450791358948,112.61193972826004,0.9999614357948303,440.39433765411377,115.02559211850166,0.9999142289161682,415.88223695755005,114.43622687458992,0.9999470114707947,457.7676258087158,149.18623274564743,0.9999141097068787,396.6219367980957,143.65264981985092,0.9998247027397156,483.0138130187988,109.51918250322342,0.9954032897949219,361.60388469696045,103.1951375901699,0.9904953241348267,463.78113555908203,54.32406683266163,0.9894729852676392,382.31764936447144,51.728168070316315,0.9779173731803894,437.053936958313,255.16460824012756,0.9998732209205627,399.27065801620483,249.4598227739334,0.9997748136520386,431.0966329574585,334.3874797821045,0.9776310324668884,389.2510733604431,313.4529334306717,0.9758864641189575,425.53918838500977,411.33092725276947,0.9748216867446899,381.5525789260864,373.50092101097107,0.9385542869567871
237,17.577399965375662,161.43909023811105,148.77989537154545,132.54412507366305,129.71473837001213,173.6718932065086,168.87981616982802,179.79872934834654,177.91444931972637,425.3331174850464,118.05623179674149,0.9999842047691345,433.2369499206543,112.14337641000748,0.9999517798423767,419.21068382263184,112.30056849122047,0.9999556541442871,439.17125606536865,114.28026703000069,0.999906599521637,414.5996136665344,114.3107239305973,0.999944806098938,457.2499465942383,147.91890943050385,0.999896764755249,396.5861005783081,143.03792756795883,0.9997929334640503,482.47677516937256,102.82415601611137,0.9954470992088318,366.2868547439575,95.7630697786808,0.9910091757774353,464.462327003479,48.13723823428154,0.9891248941421509,383.1477961540222,42.70311389863491,0.9783143401145935,437.0260362625122,255.3358677625656,0.9998705983161926,399.2596392631531,249.66011464595795,0.9997736215591431,431.0016088485718,334.81934666633606,0.9780493974685669,387.0333218574524,321.30899035930634,0.9755517840385437,425.5107822418213,410.8036724328995,0.9751657843589783,379.278293132782,379.44377744197845,0.9378381371498108
238,18.111600016709417,163.08274338705866,154.1578993976539,138.02714686254754,137.12398148996942,174.52265840093395,169.84087772542375,179.07850504284878,179.07641841940926,424.2467088699341,117.86502143740654,0.9999820590019226,432.04197120666504,111.80857843160629,0.9999473690986633,418.0012745857239,111.90478548407555,0.9999522566795349,437.7738962173462,114.142099827528,0.9999026656150818,413.4395360946655,114.13167923688889,0.9999440908432007,456.2018003463745,146.57372015714645,0.999881386756897,396.3097724914551,141.44533652067184,0.9997691512107849,480.66161251068115,98.37066766619682,0.9954756498336792,370.2708668708801,91.14721822738647,0.9915997385978699,465.7483367919922,42.97707998752594,0.989142119884491,385.0847463607788,37.75109323859215,0.9795905351638794,437.05055046081543,255.3248417377472,0.9998716115951538,399.21192502975464,250.23400926589966,0.9997758865356445,430.7646551132202,335.0144816637039,0.9793514013290405,387.48231077194214,327.509605050087,0.9764893054962158,426.06540966033936,409.9438989162445,0.9764248728752136,377.91901874542236,384.3250014781952,0.9399628639221191
239,18.8015999738127,162.96235844647853,158.35706010273964,140.95451639554008,141.4287017168399,175.28397258382375,170.53986676118632,179.07330505326343,176.282325794383,423.50640535354614,117.53684049844742,0.9999790191650391,431.15263652801514,111.70948666334152,0.9999393820762634,417.47912216186523,111.57409733533859,0.9999462366104126,436.7498092651367,114.24119159579277,0.9998928308486938,412.72336769104004,114.07476130127907,0.9999400973320007,455.0938596725464,145.1045522093773,0.9998587965965271,395.4756579399109,140.6765633225441,0.9997301697731018,478.9772090911865,96.77310493588448,0.9952834844589233,372.4769172668457,87.9268568456173,0.9918890595436096,466.4105739593506,41.23141737282276,0.9886860251426697,387.84716796875,30.621179819107056,0.9798067212104797,437.11054706573486,255.41718113422394,0.9998647570610046,399.1751790046692,251.37268137931824,0.9997696876525879,430.75297927856445,335.43070697784424,0.9790101647377014,388.68517446517944,330.56093633174896,0.9759551286697388,426.04114818573,409.98541033267975,0.9760481119155884,376.60849475860596,391.19891595840454,0.9400739073753357
240,20.300399977713823,164.74879404883959,162.38389214355757,145.76610428856105,147.6091266988686,175.6403294217966,170.84069677254706,179.2423438280463,175.91219508082742,422.7849802970886,117.57159242033958,0.9999719262123108,430.4012384414673,111.61486798524857,0.9999222159385681,416.7708387374878,111.37158316373825,0.9999327063560486,435.9802656173706,114.28832286596298,0.9998689889907837,411.75192308425903,113.95120286941528,0.9999290108680725,454.4408721923828,143.44324082136154,0.9998286962509155,394.4718141555786,140.34356027841568,0.999687671661377,476.32820987701416,94.39627718925476,0.9949296712875366,375.7529492378235,88.46998116374016,0.9920564889907837,466.3629608154297,38.92816412448883,0.9879820346832275,388.80082082748413,29.850273355841637,0.9798246026039124,437.0378637313843,255.88919186592102,0.9998512864112854,398.8568229675293,253.1465038061142,0.9997596740722656,430.7690019607544,336.6587269306183,0.9778664112091064,389.10755157470703,333.3211178779602,0.9753935933113098,426.048376083374,410.04720735549927,0.9745484590530396,376.47510719299316,398.18272030353546,0.9404504895210266
241,19.369499990716577,166.0054546590419,167.8289303290434,149.04023818548703,154.48712391273767,175.9356390853857,171.39925182663757,179.61627790259806,174.25380194779888,420.8066339492798,117.43818321824074,0.9999638199806213,428.39486503601074,111.1089600622654,0.9999040961265564,414.8425064086914,110.83490493893623,0.9999165534973145,434.6150016784668,113.87216165661812,0.9998432397842407,409.96706199645996,113.6396321952343,0.9999143481254578,453.7681722640991,141.7765588760376,0.9997985363006592,392.9696750640869,140.3512813448906,0.9996326565742493,474.0843267440796,92.24473506212234,0.9946300983428955,378.97158765792847,87.62950319051743,0.992061972618103,465.7845268249512,37.73877799510956,0.9873910546302795,389.94558334350586,29.235264413058758,0.9796853065490723,436.8473606109619,257.66381204128265,0.999840259552002,398.3865547180176,255.2848118543625,0.9997512698173523,430.76030826568604,339.7154715061188,0.9769256114959717,389.92170095443726,337.1644710302353,0.974704921245575,426.00556468963623,410.2033381462097,0.9729551076889038,377.0624623298645,399.5413430929184,0.9395630955696106
242,18.610799976158887,166.06141216620674,170.19827074107283,151.7006174510737,156.6438270152155,175.32596067738092,172.64056139988173,179.5184413513742,172.97560439802947,419.0564970970154,117.19074583053589,0.999954342842102,427.1191158294678,110.75272259116173,0.9998840093612671,413.26500511169434,110.12270066142082,0.999898374080658,433.8265037536621,113.7622789144516,0.9998148679733276,408.33037281036377,113.04387071728706,0.9998961687088013,451.9409294128418,141.41963762044907,0.999774158000946,390.8907194137573,140.57013511657715,0.9995918869972229,471.655348777771,92.03432175517082,0.9942922592163086,379.20449781417847,88.475301861763,0.992009162902832,465.53225803375244,38.60520772635937,0.9868192672729492,390.06916522979736,31.044659659266472,0.9795231819152832,435.43968963623047,261.52152466773987,0.999835729598999,396.77748823165894,259.15691244602203,0.9997519254684448,431.05422592163086,341.2328177690506,0.976253092288971,390.34208154678345,340.60752534866333,0.9744365215301514,426.67725372314453,410.21456360816956,0.9715656638145447,377.48491525650024,403.5665544271469,0.9398205280303955
243,18.94659997196868,165.01508367232717,173.60547139144504,153.1308131726619,159.32738112994338,175.48822189676616,172.3685880921854,179.0501683091033,173.36200343772185,417.70616912841797,116.98991975188255,0.999947190284729,425.53357791900635,110.53760114312172,0.9998683333396912,411.7397418022156,109.82964915037155,0.9998858571052551,432.4360179901123,113.61727386713028,0.9997921586036682,406.28631830215454,112.85798817873001,0.9998836517333984,450.038779258728,140.6096948981285,0.9997602105140686,389.0108847618103,140.2572609782219,0.9995647072792053,469.6070737838745,92.54422554373741,0.9937994480133057,379.988648891449,87.92492657899857,0.9921845197677612,465.28939056396484,40.218326553702354,0.9860724210739136,390.92802143096924,31.06856006383896,0.97987961769104,434.7017364501953,262.5766611099243,0.999833881855011,396.13594913482666,260.6378186941147,0.9997524619102478,431.0624647140503,341.04514741897583,0.9758333563804626,390.347767829895,338.6349495649338,0.9740566611289978,426.68751430511475,410.4817239046097,0.9707775712013245,377.61350107192993,404.87420678138733,0.9399237632751465
244,20.55570000084117,163.85485254020546,175.78265364911834,153.92936524082506,160.70061671242297,175.7429964029298,172.25236519004025,178.7934248003717,175.69313453435896,415.7696485519409,116.91818648576736,0.9999414086341858,423.4702658653259,110.47350347042084,0.9998553395271301,409.736123085022,109.75977492332458,0.9998769164085388,430.74949169158936,113.55358931422234,0.9997720122337341,404.11660957336426,112.84404182434082,0.9998739361763,448.08805561065674,141.00217294692993,0.999753475189209,386.6135983467102,140.4452447295189,0.999549388885498,468.2036991119385,92.78041610121727,0.9933481812477112,379.3532762527466,90.23480042815208,0.9924594163894653,465.14852237701416,41.76564180850983,0.9853007197380066,390.69445419311523,32.276091411709785,0.980558454990387,434.0841808319092,263.94605350494385,0.9998369812965393,395.158287525177,262.31987154483795,0.9997583031654358,431.0807113647461,340.6884398460388,0.9759464859962463,390.2957572937012,336.76331746578217,0.9739908576011658,426.8433437347412,411.0199192762375,0.9706760048866272,380.8632245063782,403.507093667984,0.940700888633728
245,30.72829998563975,164.42625481738173,178.43899898006362,156.31772729255408,163.97023514595108,175.09841060105225,173.01210103754312,178.24084522339834,176.68830061662402,414.4357981681824,116.92864981293678,0.9999340772628784,421.994713306427,110.46639496088028,0.9998409152030945,408.306743144989,109.71334880590439,0.999866247177124,429.3018398284912,113.5467514693737,0.9997477531433105,402.59177589416504,112.77440977096558,0.9998610615730286,446.30802154541016,141.55310380458832,0.9997375011444092,384.4827079772949,140.62228792905807,0.9995181560516357,465.37400245666504,94.1379277408123,0.9925450086593628,379.6205062866211,91.41399389505386,0.9925737380981445,463.8304166793823,44.38018438220024,0.9840746521949768,390.0964341163635,34.26081149280071,0.9810041785240173,432.71467113494873,264.05933380126953,0.9998378753662109,393.1835298538208,262.5421869754791,0.9997618794441223,430.8302116394043,339.5441834926605,0.9758773446083069,389.451331615448,336.0669684410095,0.9742936491966248,426.81175327301025,411.6627621650696,0.9706072807312012,381.90325832366943,405.34992134571075,0.9426111578941345
246,42.985100008081645,164.80681240454052,178.5903836828589,157.80758822104968,167.21313783782622,174.76390503813062,173.90308164638506,179.0844899011345,177.98810081220557,414.09790658950806,116.87747994065285,0.9999299645423889,421.5635919570923,110.43276843428612,0.999833881855011,408.1239733695984,109.28505754470825,0.9998615980148315,428.25136852264404,113.50957068800926,0.9997340440750122,402.1620445251465,112.3153909444809,0.9998535513877869,444.4912414550781,141.9236010313034,0.9997148513793945,381.7740406990051,140.4919130206108,0.9994893670082092,462.2466983795166,97.02283585071564,0.9919834136962891,379.5876774787903,92.01442077755928,0.9928394556045532,461.70667839050293,46.85308384895325,0.9834688901901245,389.8580904006958,34.959799498319626,0.9819871187210083,430.8535633087158,263.8419188261032,0.9998398423194885,390.25415897369385,262.0089205503464,0.9997681975364685,429.39666175842285,336.644623875618,0.9768452048301697,387.6218900680542,333.6248606443405,0.9756200909614563,426.6942367553711,411.7053562402725,0.9714727997779846,382.3855562210083,406.3749712705612,0.9462449550628662
247,40.891600016038865,163.94410322617068,176.7300007230289,156.18852596442747,170.29315195261475,174.20039270020953,174.70424370576933,179.1739100465105,177.68085095271869,412.98958683013916,116.77068847417831,0.999926745891571,420.3389687538147,110.31356912851334,0.9998282194137573,407.18075799942017,108.810211956501,0.9998577833175659,426.9263381958008,113.358105301857,0.999724805355072,401.09825468063354,111.69329664111137,0.9998481869697571,442.39100646972656,142.17245584726334,0.9996955394744873,379.7865204811096,139.97547054290771,0.999464750289917,460.4423017501831,98.25722354650497,0.9914318323135376,379.0579180717468,91.6866244673729,0.9930120706558228,459.14562702178955,47.60508295893669,0.9829096794128418,387.9451994895935,34.55801557004452,0.9827274084091187,429.0368843078613,263.34298408031464,0.999840259552002,388.57781744003296,261.5953449010849,0.999772310256958,428.4142236709595,336.21728706359863,0.977547824382782,387.1293821334839,333.0466923713684,0.9767455458641052,426.6805896759033,411.7038462162018,0.9721131324768066,382.6720690727234,406.33308947086334,0.9493294358253479
248,40.525499964132905,163.5389407148047,174.70807836292897,154.5233700000614,175.41705025446814,174.48741435266672,175.12335685513386,179.15863612339004,178.49254952245118,411.2710657119751,116.74096521735191,0.999923825263977,418.617516040802,110.3007837831974,0.9998224377632141,405.43511962890625,108.59885132312775,0.9998537302017212,425.30430698394775,113.344187438488,0.9997168779373169,399.3339147567749,111.44556722044945,0.9998430609703064,440.7927312850952,142.3548268675804,0.9996826648712158,377.7105975151062,139.84617829322815,0.9994423985481262,459.388747215271,98.15785399079323,0.9909458160400391,378.71102952957153,90.9065688252449,0.9930027723312378,457.01875495910645,47.098398655653,0.9822604060173035,384.48116636276245,33.64376366138458,0.9829586148262024,427.40080165863037,262.54147469997406,0.999840259552002,386.4626717567444,261.32448077201843,0.9997744560241699,426.312876701355,336.2658072710037,0.9773285388946533,385.49792432785034,334.45508897304535,0.9769088625907898,426.3075189590454,411.7059260606766,0.9719386696815491,382.66767168045044,406.06738221645355,0.9508519172668457
249,40.79239995917305,162.36638299380812,175.47171093629908,153.5754118362375,175.1900904383319,174.36282923238738,175.68585801042167,178.37224477579147,179.1268312739326,408.8216676712036,116.73611462116241,0.9999223351478577,415.9874963760376,110.29616111516953,0.9998205900192261,402.9733633995056,108.59977015852928,0.9998512864112854,422.786319732666,113.34920185804367,0.9997137188911438,396.9402675628662,111.45782548189163,0.999839186668396,438.61652755737305,142.69693279266357,0.999675452709198,375.8474678993225,139.89170694351196,0.9994239807128906,458.1289701461792,98.51914149522781,0.9905946254730225,376.24689769744873,88.85386916995049,0.9929893016815186,455.81058406829834,47.356018021702766,0.9817689061164856,381.41037130355835,32.74945190548897,0.983163058757782,425.622031211853,262.3820389509201,0.9998404383659363,384.4955463409424,261.1352434158325,0.9997776746749878,424.90035343170166,336.31025326251984,0.9771249294281006,384.19119119644165,335.5780625343323,0.9771712422370911,426.2962474822998,411.1559638977051,0.9717522263526917,382.8127098083496,406.8892911672592,0.9524279236793518
250,33.93510001478717,162.71885784691844,178.0025448118648,155.54928426114168,172.52069787745995,173.75470354754796,176.3445479447287,178.5265477470924,179.72451950800024,406.3801040649414,116.78598102927208,0.9999224543571472,413.55164432525635,110.33383336663246,0.9998218417167664,400.6350374221802,108.78243321180344,0.9998513460159302,420.7713031768799,113.53427952528,0.9997143149375916,394.8384656906128,112.00577190518379,0.9998384118080139,436.6435136795044,143.54244655370712,0.9996778964996338,374.16359519958496,140.6981025338173,0.9994248747825623,455.8921127319336,98.99320358037949,0.990353524684906,372.38707399368286,87.33281195163727,0.993151068687439,454.91558837890625,47.32548989355564,0.9814454317092896,377.89167404174805,30.915164411067963,0.983686625957489,423.91710662841797,262.886500954628,0.9998438954353333,382.47039556503296,262.417738199234,0.9997847676277161,424.12135791778564,336.7256238460541,0.9773436188697815,382.78973722457886,335.9977637529373,0.977677583694458,426.2406988143921,411.11336982250214,0.9719669818878174,383.44350814819336,407.46119141578674,0.9540562629699707
251,39.214499993249774,162.11524790381742,176.8104739370476,155.18145539792013,165.48126221801877,172.98797524280826,175.98139056705233,178.55008573518458,177.5286639852975,405.264657497406,117.53950440883636,0.9999238848686218,412.80727195739746,111.11254280805588,0.9998253583908081,399.27113819122314,109.68463698029518,0.9998537302017212,420.0300898551941,114.50810259580612,0.9997183680534363,393.3207082748413,112.7486823797226,0.9998406171798706,435.320050239563,144.6411172747612,0.9996817708015442,372.65215587615967,141.08132100105286,0.9994333386421204,455.69397735595703,99.15503969788551,0.990339457988739,366.18761014938354,88.5103671848774,0.9934146404266357,455.0692443847656,47.2955778837204,0.9815876483917236,373.6895360946655,31.59193654358387,0.9844667911529541,422.2921943664551,263.72046160697937,0.9998471736907959,380.84250116348267,263.7186951637268,0.999790370464325,423.27862548828125,337.2672951221466,0.9782015085220337,380.5946297645569,335.5250977277756,0.9786245226860046,426.1680660247803,411.85926473140717,0.9730230569839478,383.4179072380066,406.6370601654053,0.9562705755233765
252,36.508799996227026,160.46853219230775,171.74206170711423,153.0389869928326,156.87717298317315,172.55398234778664,175.50283627529902,177.26587836659812,175.76051556415467,403.1780948638916,118.36518841981888,0.9999262690544128,410.7196226119995,111.84980493783951,0.9998303055763245,397.2516989707947,110.5184195637703,0.9998574256896973,418.20934200286865,115.36251267790794,0.9997259974479675,391.44908714294434,113.450060069561,0.9998442530632019,433.4648561477661,145.9680580496788,0.9996910095214844,370.3420338630676,141.55657970905304,0.9994518756866455,456.1695022583008,99.40271213650703,0.9903009533882141,359.1347236633301,89.14361572265625,0.9936479330062866,455.29512882232666,47.64093178510666,0.9817115664482117,370.21721363067627,32.41042657196522,0.9850613474845886,420.1292839050293,263.7110880613327,0.9998489022254944,378.50781440734863,264.12010514736176,0.9997947812080383,421.3942165374756,337.33997571468353,0.9782230257987976,377.6575508117676,335.18670988082886,0.9789008498191833,426.15997886657715,410.6719869375229,0.9731662273406982,382.100736618042,406.72535383701324,0.957781970500946
253,36.51439998066053,159.0315629350986,167.16406281447328,150.7940003481,146.4939014979635,172.27460350215034,176.12821803878865,176.40174741034434,176.37469253803397,400.04583740234375,118.95399808883667,0.9999290108680725,407.4907488822937,112.28378728032112,0.999835729598999,394.1797413825989,111.62539541721344,0.9998615384101868,415.9180226325989,115.80314767360687,0.99973464012146,388.88624143600464,114.6667121052742,0.9998486638069153,432.2655305862427,146.66094541549683,0.9997067451477051,367.0722441673279,142.2694392800331,0.9994817972183228,456.83360958099365,99.87545651197433,0.9905351400375366,350.82385444641113,89.28638422489166,0.993960440158844,455.470721244812,47.865533620119095,0.9821143746376038,367.4446325302124,33.019888669252396,0.9856812953948975,418.4197344779968,263.88001132011414,0.9998520016670227,376.114369392395,265.00839817523956,0.9998006224632263,419.68956995010376,337.44621872901917,0.9778416752815247,376.5313129425049,334.9483824968338,0.9787340760231018,425.39857292175293,408.60217130184174,0.972939133644104,381.4634938240051,406.07285249233246,0.9586507678031921
254,24.620099982712418,152.8396531655584,164.05240633595233,144.69091825277957,140.4153367643887,171.6920196238168,174.93668800590277,177.93600601559433,175.28341093680046,398.57425260543823,119.95078492164612,0.9999305605888367,405.96151781082153,113.27404966950417,0.99983811378479,392.57196378707886,112.75547036528587,0.9998635053634644,413.74874353408813,116.76473385095596,0.9997375011444092,387.0037531852722,116.1001309454441,0.9998505711555481,430.12511253356934,147.93533450365067,0.9997201561927795,364.9318513870239,143.05203062295914,0.9995075464248657,457.28699588775635,107.0526650249958,0.9905490875244141,344.96988916397095,90.40734204649925,0.9942705035209656,455.5938482284546,50.32395964860916,0.9821658134460449,363.7025022506714,35.439766347408295,0.9863219261169434,417.0430221557617,263.8493834733963,0.9998540878295898,375.25680208206177,265.54006910324097,0.9998058676719666,419.44121837615967,337.3494917154312,0.9775091409683228,374.96053409576416,334.8141897916794,0.9788336157798767,424.2981128692627,407.9968795776367,0.9727503657341003,380.5022339820862,405.6779954433441,0.9598236680030823
255,25.792500004172325,142.98751850898063,158.03636559620927,135.5057218987894,130.8555115550006,172.7897770251191,175.03649172821136,178.64702034408054,176.18291400369964,396.1018567085266,120.23515379428864,0.9999327063560486,403.52973461151123,113.56975796818733,0.999841034412384,390.1599688529968,112.84760320186615,0.9998661279678345,411.02266359329224,116.95447692275047,0.9997417330741882,384.95413875579834,116.03693073987961,0.9998526573181152,427.5912036895752,149.17060542106628,0.9997351169586182,363.4028730392456,144.28279995918274,0.9995352625846863,457.4760332107544,116.88814982771873,0.9907158613204956,339.33111810684204,97.40945187211037,0.9945797324180603,455.6905908584595,56.83384792506695,0.982383131980896,361.2833299636841,42.9712820649147,0.986800491809845,415.95886278152466,264.11050367355347,0.9998548626899719,374.57869386672974,266.6329846382141,0.9998109340667725,417.77023458480835,336.6029130220413,0.9763215184211731,374.8822908401489,334.69501185417175,0.9786900877952576,420.9704999923706,402.4058302640915,0.9714667201042175,379.9165720939636,405.3999800682068,0.9608250856399536
256,36.008300026878715,131.76867817163986,149.63006486729924,123.56684705127728,120.31468543588197,173.15465971884143,175.93493145925606,178.57210043805293,177.5739941295512,395.35960721969604,120.29734969139099,0.9999355673789978,402.9869599342346,113.540184289217,0.9998455047607422,388.43679761886597,112.85644966363907,0.9998700618743896,409.7802486419678,116.9336856007576,0.9997488856315613,382.9169330596924,115.97812527418137,0.9998562335968018,427.7875699996948,149.41732341051102,0.9997469186782837,360.8997206687927,145.20912849903107,0.9995588064193726,457.897424697876,127.84160089492798,0.9910497069358826,335.0993103981018,109.66009196639061,0.9948828220367432,455.7217264175415,67.27388724684715,0.9827152490615845,360.93474817276,50.84523847699165,0.986955463886261,415.4276375770569,264.22717440128326,0.9998541474342346,372.8854703903198,267.4257757663727,0.9998142719268799,416.2832336425781,334.17630434036255,0.9751927256584167,374.68582344055176,334.56631791591644,0.9786584377288818,418.54511070251465,395.028963804245,0.9695814847946167,379.5845437049866,405.2952470779419,0.9617371559143066
257,30.109599989373237,103.15388934413308,139.1847472087317,92.58080908352102,106.00617686168893,173.48182388113966,175.6579320528779,177.88349650755003,177.02411900321903,394.94170331954956,120.37776559591293,0.9999367594718933,402.78301191329956,113.81929656863213,0.9998458623886108,388.10254526138306,113.08424961566925,0.9998679757118225,409.10464239120483,117.20870941877365,0.9997492432594299,382.47408533096313,116.04451647400856,0.9998522400856018,427.302845954895,150.51639300584793,0.9997508525848389,360.5854082107544,146.83333033323288,0.9995703101158142,461.57576751708984,146.49914491176605,0.9913764595985413,331.2751712799072,119.02583107352257,0.9951195120811462,457.3325366973877,87.36847558617592,0.9829949140548706,360.78222942352295,62.311278611421585,0.9868972897529602,414.55579137802124,262.94436621665955,0.9998375773429871,372.5829095840454,267.2066513299942,0.9998027682304382,414.6163945198059,332.92403852939606,0.9732605814933777,374.16741132736206,334.4548325538635,0.9775810837745667,416.7802400588989,390.13232612609863,0.9658042788505554,379.51575231552124,405.1623649597168,0.9608239531517029
258,27.217800030484796,83.10410228293344,120.79783270550244,67.45781282814363,78.16988975693458,174.8387903040918,175.46128647956073,175.28922118163882,176.46793852267845,393.32027864456177,120.37265145778656,0.9999399185180664,401.74189138412476,113.91664326190948,0.9998507499694824,386.3464946746826,113.22921904921532,0.999870240688324,408.2163944244385,117.26175257563591,0.9997606873512268,381.0645694732666,116.09056508541107,0.9998534917831421,426.37878704071045,151.34538197517395,0.9997567534446716,359.87677097320557,147.43239676952362,0.9995825886726379,466.9027786254883,161.3928827047348,0.9918509125709534,325.20290327072144,131.284512758255,0.9951456785202026,458.4653959274292,105.71573102474213,0.9830827116966248,359.7891263961792,85.05528965592384,0.9848496913909912,412.98362255096436,259.98278164863586,0.9998005032539368,371.99691915512085,266.21524930000305,0.9997734427452087,410.68970012664795,330.31867718696594,0.9696857333183289,373.52890491485596,334.3866820335388,0.9742789268493652,413.48543071746826,386.6194118261337,0.9600452780723572,379.485981464386,405.0403094291687,0.9579439163208008
259,18.040499999187887,70.43021853075669,97.6481045638371,52.624836473838265,46.03108865943355,175.22793667316483,176.57472037457057,174.7604018330154,177.38114846120416,391.0576686859131,120.49077522754669,0.9999434947967529,399.22021436691284,113.94947916269302,0.9998565912246704,383.95646142959595,113.214410841465,0.9998754858970642,406.3260717391968,117.24400979280472,0.9997736811637878,378.87059926986694,115.98917266726494,0.9998587965965271,424.93785762786865,151.35501194000244,0.9997629523277283,358.4585361480713,148.2988656759262,0.9996064305305481,466.2868404388428,172.61684888601303,0.9922606348991394,318.8178391456604,147.09738510847092,0.9951983690261841,458.77867221832275,130.73188668489456,0.9829753637313843,357.6255841255188,109.23306855559349,0.9827057123184204,410.65136194229126,257.82264947891235,0.9997344017028809,370.5507836341858,265.07307279109955,0.9997465014457703,407.34088373184204,323.84309566020966,0.9637343287467957,373.55925703048706,334.3456834554672,0.9734865427017212,409.3649477958679,372.76833140850067,0.9453281164169312,379.87386178970337,405.02122044563293,0.9579948782920837
260,16.748599999118596,56.22445682542468,80.43172546879865,35.19822246149112,16.389440642595897,178.32464832633562,175.78174585058716,173.540136165311,176.99616486758524,390.90062618255615,120.30754947662354,0.9999479055404663,398.9971351623535,113.65638491511345,0.9998660683631897,383.5394673347473,112.93844681978226,0.9998844265937805,405.2165641784668,116.35504722595215,0.9997901320457458,378.26408767700195,115.33938509225845,0.9998688101768494,424.2747106552124,152.71037250757217,0.9997789859771729,357.61871004104614,149.13885217905045,0.9996392726898193,463.46007537841797,187.1304594874382,0.9923921823501587,313.9353437423706,161.70889085531235,0.9954715967178345,455.68730545043945,154.76943278312683,0.9822410345077515,356.8781032562256,134.4115731716156,0.9828806519508362,410.54688596725464,256.6995334625244,0.9997467994689941,370.67330408096313,263.9834337234497,0.9997621178627014,406.00597190856934,301.0582284927368,0.9645131826400757,373.4636011123657,334.47355115413666,0.9744452238082886,406.5818281173706,354.7081871032715,0.9401057958602905,380.27900314331055,408.35264694690704,0.9594400525093079
261,21.324100031051785,38.710126885627574,70.63360961159559,31.100458437607543,4.332360487339474,174.17449505698085,175.37090270688242,165.61094112916774,175.74124643802685,391.0760416984558,120.247718334198,0.9999513626098633,398.9780797958374,113.51142260432243,0.9998747110366821,383.2852272987366,112.94492852687836,0.9998917579650879,404.9066996574402,115.96917909383774,0.9998038411140442,378.1352744102478,115.33734798431396,0.9998766779899597,424.71904945373535,154.26294791698456,0.9997943043708801,357.92794275283813,152.74061572551727,0.9996706247329712,451.9252099990845,200.02166318893433,0.9915664792060852,316.95316791534424,172.82315236330032,0.9956972002983093,452.07952308654785,175.90220540761948,0.9804206490516663,356.6803216934204,156.95110416412354,0.9837409853935242,410.4810767173767,255.8771971464157,0.9997569918632507,370.9674744606018,263.01023745536804,0.999774694442749,401.3061451911926,293.2259330749512,0.9659780859947205,373.6848101615906,336.5938813686371,0.9756025671958923,401.8584222793579,347.1012556552887,0.9386920928955078,382.1790051460266,412.63712656497955,0.9614143371582031
262,23.945100023411214,32.24501745022212,56.983629635530086,9.095051352223669,21.57598712868443,169.82581809530024,174.26954162148803,161.08491609786157,175.25971118764784,391.5777487754822,120.25451344251633,0.99995356798172,399.14740467071533,113.51159355044365,0.999879777431488,383.7782406806946,112.99359118938446,0.9998958706855774,404.198365688324,115.97105950117111,0.9998114705085754,378.1925415992737,115.42111870646477,0.9998800158500671,423.68171977996826,157.37386816740036,0.9998093247413635,356.5803442001343,155.2889522910118,0.9996981024742126,444.655309677124,202.66034477949142,0.9907673001289368,319.9755916595459,186.86097717285156,0.9958826303482056,440.43583488464355,187.70449656248093,0.9777674674987793,356.9653687477112,173.97820681333542,0.9842141270637512,411.01786184310913,254.951096534729,0.9997740983963013,371.2199454307556,262.6934173107147,0.9997920989990234,403.28070068359375,279.3877875804901,0.9672608375549316,373.8365707397461,336.4673812389374,0.9767286777496338,404.8260555267334,345.1466861963272,0.9364182353019714,383.0325288772583,413.91335332393646,0.9636572599411011
263,16.809299995657057,25.032772355448007,47.50224798599341,140.95806109048203,43.1624354535001,177.81167183475034,173.64330573615828,174.95843725838944,175.34353581713975,391.97364044189453,120.24957025051117,0.9999499917030334,399.4696273803711,113.54754209518433,0.9998714923858643,384.32935523986816,113.00243052840233,0.9998909831047058,404.05673933029175,116.02579787373543,0.9997925162315369,378.49088191986084,115.41898900270462,0.9998674988746643,422.3326301574707,158.7518790960312,0.9998148083686829,355.5821866989136,156.0237214565277,0.9997217059135437,438.63158988952637,209.07680743932724,0.9877442121505737,322.3938035964966,197.15234678983688,0.9958822131156921,435.5449743270874,217.07757025957108,0.9692403674125671,358.88710498809814,192.06506145000458,0.9844543933868408,410.6265950202942,252.90829038619995,0.9997825026512146,371.42970609664917,260.8011862039566,0.9998054504394531,406.0024085044861,281.22309362888336,0.9688725471496582,374.4096975326538,336.8478788137436,0.9777891039848328,401.7640299797058,338.4774512052536,0.9347319602966309,383.8804421424866,415.10385060310364,0.9658029079437256
264,16.52750000357628,20.71973973293424,44.45346571659125,139.34017719518886,55.335613385613904,40.30030983845158,173.50075247209264,36.152424364975204,175.43223399168966,392.1497130393982,120.48526221513748,0.9999441504478455,399.5084204673767,113.88642141222954,0.9998594522476196,384.5400004386902,113.2235778272152,0.9998781681060791,403.85686016082764,116.47812131047249,0.9997557997703552,378.4960880279541,115.54100891947746,0.9998391270637512,422.25693941116333,160.59798324108124,0.9998189210891724,355.409273147583,157.65815156698227,0.9997409582138062,434.48848819732666,212.5449623465538,0.9819557666778564,323.62075185775757,202.16341865062714,0.995351254940033,429.1919050216675,222.75866544246674,0.9608544111251831,361.64052963256836,202.74241316318512,0.9837297797203064,410.41215896606445,250.93232417106628,0.9997908473014832,371.3333930969238,259.15503203868866,0.9998142719268799,406.72292375564575,245.2143758535385,0.9695417881011963,374.65162992477417,337.7567138671875,0.9777342677116394,401.9279718399048,327.8167667388916,0.9367569088935852,384.03874826431274,414.3731414079666,0.9674769639968872
265,17.813999962527305,19.8146115567165,43.67458933044262,148.64070285304624,63.11325715443893,158.0064484738055,172.68067808415924,154.90229041100267,174.8590282491208,392.23088788986206,120.65230506658554,0.9999411106109619,399.4467558860779,114.13598850369453,0.9998534321784973,384.57823753356934,113.43674764037132,0.9998709559440613,403.68361806869507,116.9017970263958,0.9997327923774719,378.38883209228516,115.72303804755211,0.9998214840888977,422.01998567581177,162.4162374138832,0.9998288750648499,354.9187364578247,160.00680881738663,0.9997612833976746,432.9402017593384,213.40000635385513,0.9793535470962524,323.82682275772095,205.7019463777542,0.9952083230018616,428.57369232177734,225.88991403579712,0.9577147364616394,361.7307014465332,210.588099360466,0.9837450981140137,409.8993320465088,251.7677663564682,0.9998016953468323,371.4246516227722,259.2549785375595,0.9998257160186768,401.81490325927734,265.9305670261383,0.9691912531852722,374.342649936676,337.96692061424255,0.9776213765144348,397.0487365722656,324.89888739585876,0.9338290691375732,383.9933590888977,413.6792711019516,0.9682326316833496
266,15.169799968134612,19.03516286569713,43.1351351465294,145.26214844928452,64.0894912341215,154.80473978659987,172.3431696597168,153.1821082424506,174.85863664654707,392.3552784919739,121.4049950838089,0.9999338984489441,399.4858775138855,115.03878346085548,0.9998388290405273,384.68685817718506,114.12578159570694,0.9998555183410645,403.6629958152771,117.97271037101746,0.9996893405914307,378.2402558326721,116.39301863312721,0.999792754650116,421.7956175804138,163.51704496145248,0.9998335242271423,354.38364458084106,161.28820669651031,0.9997763633728027,431.4003562927246,214.19524770975113,0.9766241312026978,324.3016400337219,206.9432289004326,0.9948205351829529,426.2849760055542,225.6812315583229,0.9541673064231873,362.1049599647522,211.90019631385803,0.9828537702560425,408.839231967926,252.2916877269745,0.9998064637184143,371.25934505462646,259.4545866250992,0.999832272529602,397.5268898010254,269.38356471061707,0.9669913649559021,374.1303367614746,337.8443522453308,0.9767347574234009,391.6697654724121,319.38684368133545,0.9264267683029175,383.68819522857666,413.09212815761566,0.967749834060669
267,17.18100003199652,19.840273490554434,43.347277378350945,136.1287288452986,58.92926206158595,56.09870887573462,172.75455927284642,51.00336849238682,174.96969810689433,392.4471688270569,121.38364106416702,0.9999249577522278,399.47137117385864,115.04609853029251,0.9998243451118469,384.7766761779785,114.12274017930031,0.9998347759246826,403.6886978149414,117.9710009098053,0.9996510148048401,378.1729049682617,116.40544071793556,0.9997602701187134,421.44721269607544,163.4372843503952,0.9998382925987244,354.4438433647156,160.4603716135025,0.9997920989990234,431.29825592041016,214.1592493057251,0.9698105454444885,324.84370708465576,204.61242127418518,0.9942865371704102,425.67045307159424,222.86506515741348,0.9457168579101562,363.736695766449,206.49262917041779,0.9818968176841736,407.65277004241943,252.03945672512054,0.9998118877410889,371.0297203063965,259.4798296689987,0.9998392462730408,397.4979782104492,242.652263879776,0.9649548530578613,374.1235132217407,337.7555457353592,0.9753044247627258,392.9860768318176,311.4174494743347,0.92337965965271,383.72903537750244,412.8038560152054,0.9675306081771851
268,16.05480001308024,23.39361702066222,46.54066498507342,115.38732389179562,52.54794465909342,55.18946286433639,173.12507333911708,50.87891234332952,174.63993860961884,392.4354929924011,121.36056333780289,0.9999221563339233,399.39851093292236,115.03820651769638,0.9998210668563843,384.7395005226135,114.11699923872948,0.9998270869255066,403.7370185852051,117.97350811958313,0.9996399283409119,378.00363063812256,116.40012714266777,0.999746561050415,420.6654624938965,163.36728191375732,0.9998437166213989,353.9159288406372,159.83000779151917,0.9998055696487427,433.4230556488037,211.3076258301735,0.9665975570678711,322.50116062164307,201.0923272371292,0.9938742518424988,428.66361141204834,215.3423816561699,0.9419576525688171,363.8379874229431,200.97077029943466,0.9812164902687073,407.3895835876465,252.28561913967133,0.999819278717041,370.2718777656555,260.1809651851654,0.9998464584350586,397.2739133834839,242.75232434272766,0.9642392992973328,373.49622774124146,337.68813598155975,0.9744913578033447,392.32646799087524,310.4273865222931,0.9225181937217712,383.6925673484802,412.68553280830383,0.96794193983078
269,18.121000030077994,26.71128626627998,53.25083289889757,146.05888840636936,39.05079403226788,28.125393519347437,173.2526648521502,24.669100757743237,174.95206167335115,392.2970004081726,121.30362403392792,0.9999088048934937,399.1298403739929,115.026482462883,0.9998018741607666,384.64290952682495,114.11103036999702,0.9998060464859009,403.41939544677734,117.96154901385307,0.9996113181114197,377.7611927986145,116.39298301935196,0.9997268915176392,420.11495447158813,162.81001180410385,0.999839723110199,353.878146648407,159.48909848928452,0.9998145699501038,435.1618957519531,207.20423513650894,0.959701657295227,319.3278102874756,195.33216947317123,0.9937834143638611,428.9262924194336,230.12726950645447,0.927213728427887,361.71073627471924,190.12723046541214,0.9805901646614075,407.67781496047974,251.44231343269348,0.9998261332511902,370.3787798881531,260.22028279304504,0.9998552799224854,399.62894439697266,229.49243259429932,0.9644385576248169,373.81256198883057,337.1540718078613,0.9741572141647339,394.20951223373413,297.872789978981,0.9180677533149719,383.8880491256714,412.6309440135956,0.9685134887695312
270,15.288299997337162,28.585971531935215,60.47875111423339,46.364866833216055,25.601892572067207,43.314768016712065,172.92806181612454,39.7146430771817,174.84902306880272,391.90224599838257,120.89734208583832,0.9999149441719055,398.7997832298279,114.57059052586555,0.9998133182525635,384.1876277923584,113.92620199918747,0.999818742275238,403.3718328475952,117.62133774161339,0.9996366500854492,377.2752809524536,116.35952743887901,0.9997475147247314,420.321252822876,162.5240616798401,0.9998413324356079,354.0785312652588,159.12843066453934,0.9998251795768738,436.5016851425171,205.56286746263504,0.9588724970817566,314.36757707595825,191.25887954235077,0.9940801858901978,441.16125297546387,195.90737468004227,0.923986554145813,356.58223962783813,181.22162133455276,0.9807421565055847,407.8325071334839,251.58653497695923,0.999826967716217,370.91945695877075,260.2498849630356,0.9998539090156555,400.2496590614319,240.8897808790207,0.9652450084686279,374.1318025588989,337.4282408952713,0.9746085405349731,394.7240324020386,312.9961369037628,0.9209508895874023,384.0825705528259,412.66288244724274,0.9695910215377808
271,17.729900020640343,31.68918833411543,71.63880969418996,48.94131954716092,10.080265354371893,41.081454890202146,173.04565531142146,38.01457897936809,174.5863465531036,391.3084716796875,120.88939309120178,0.9999218583106995,398.30318117141724,114.54646575450897,0.9998266100883484,383.6894841194153,113.91717034578323,0.9998326897621155,402.8436908721924,117.4037162065506,0.9996634125709534,376.980327129364,116.32724711298943,0.9997677206993103,419.8440852165222,160.231261074543,0.9998496770858765,354.1235160827637,157.83394116163254,0.9998390674591064,439.71355056762695,204.61217910051346,0.9602667093276978,313.6519899368286,179.15095096826553,0.9944728016853333,452.0608215332031,177.91852915287018,0.9274370670318604,356.7863645553589,165.38813573122025,0.9818928837776184,407.8776435852051,250.26329803466797,0.999826967716217,370.958553314209,259.3577456474304,0.9998492002487183,403.37625551223755,243.46514117717743,0.966826856136322,374.31255054473877,337.3967868089676,0.9752771854400635,397.2565007209778,321.1527171134949,0.9260558485984802,384.804753780365,413.2568062543869,0.970848560333252
272,22.6183999911882,41.55011833544215,85.19584223323005,50.379734906962476,12.560017156621731,60.63230505700686,173.33386087605595,56.52721389879027,174.148205297213,390.9319133758545,120.88271194696426,0.9999287128448486,398.11518001556396,114.54356679320335,0.9998399615287781,383.60742473602295,113.90355876088142,0.9998465180397034,402.7017865180969,117.35931295156479,0.9996918439865112,376.8163094520569,116.2383978664875,0.9997880458831787,419.8434534072876,158.9042490720749,0.9998539686203003,353.9940710067749,154.82453441619873,0.9998494982719421,446.99745178222656,198.83536833524704,0.9626373052597046,311.9177746772766,165.33504271507263,0.9948514699935913,457.641921043396,162.10886204242706,0.9306464791297913,353.0949053764343,144.72829979658127,0.9823479652404785,408.05255365371704,250.52037250995636,0.9998206496238708,370.9706335067749,259.39689230918884,0.9998376965522766,405.8988676071167,248.9149889945984,0.9683947563171387,374.4561734199524,337.5091553926468,0.9761766791343689,401.29136085510254,330.5971769094467,0.9301636219024658,385.7699308395386,414.06324458122253,0.9720654487609863
273,15.913699986413121,56.78339633201539,97.86082208786513,59.33409151839626,41.80881919987763,139.9153430402832,173.6326938779079,135.0686727213097,173.795292676655,390.87808322906494,120.7890477180481,0.9999354481697083,397.9321322441101,114.48936262726784,0.9998540878295898,383.56448698043823,113.81983789801598,0.9998608231544495,402.5882377624512,117.1541918516159,0.9997209906578064,376.56055307388306,115.7645850777626,0.9998083710670471,419.94557905197144,157.65149891376495,0.9998631477355957,354.1875309944153,153.34620660543442,0.9998621344566345,455.45110988616943,187.9074523448944,0.9657841324806213,313.0325388908386,154.12664687633514,0.9953042268753052,463.6679153442383,140.1882129907608,0.9350244402885437,353.8092288970947,116.24095493555069,0.9831663370132446,408.09470796585083,251.20743346214294,0.9998252987861633,370.96942043304443,259.93833565711975,0.999840259552002,405.84688234329224,253.28138029575348,0.970798671245575,374.46898651123047,337.6056829690933,0.9779022932052612,402.31999683380127,338.40240585803986,0.935139000415802,386.4025993347168,414.8292541503906,0.9737845659255981
274,18.350500031374395,72.84602485553432,115.04186406992523,71.14709456135074,62.55590523870219,179.39595159166274,173.85905598529675,173.37879564977527,173.780596353011,390.4061470031738,120.23595154285431,0.9999411702156067,397.6001543998718,114.00606945157051,0.9998655915260315,383.3635210990906,113.58883982896805,0.9998726844787598,402.3736753463745,116.89159724116325,0.9997463822364807,376.48112201690674,115.4155130982399,0.9998258352279663,419.99582052230835,156.6967790722847,0.9998629093170166,354.6395778656006,152.61502730846405,0.9998671412467957,461.0610704421997,175.16521394252777,0.9686304330825806,313.93905878067017,140.6475024819374,0.9956309795379639,465.971643447876,122.84800827503204,0.9384594559669495,353.3103017807007,99.63379567861557,0.9823135137557983,408.2843265533447,251.2457253932953,0.9998183846473694,370.9848618507385,259.97714042663574,0.9998357892036438,406.2004175186157,266.72959768772125,0.9705158472061157,374.39321994781494,337.55830240249634,0.9778335690498352,404.84308910369873,341.2176320552826,0.9337573647499084,386.2879891395569,414.9750996828079,0.9736482501029968
275,20.466500020120293,85.35450196318804,128.1498597800381,77.6107844298486,76.88596003475355,176.6640564163433,174.11067716475503,168.86187473954325,173.7905944210399,389.51014041900635,118.67799133062363,0.9999462366104126,397.02578926086426,112.57906821370125,0.999876081943512,382.74298334121704,112.37876921892166,0.9998834133148193,402.0465750694275,115.77609544992447,0.9997698068618774,376.41013193130493,114.37335431575775,0.9998418092727661,420.1400499343872,155.20165580511093,0.999859094619751,354.87241220474243,150.59028446674347,0.9998717904090881,466.8042163848877,164.84176343679428,0.9713801145553589,314.585955619812,127.55268770456314,0.9959021210670471,466.1283826828003,110.83662152290344,0.9420756697654724,352.2288212776184,87.01136201620102,0.9814929962158203,408.340961933136,250.9281359910965,0.9998093843460083,370.9885263442993,259.8999012708664,0.9998378753662109,404.0694513320923,274.2874391078949,0.9688398838043213,374.3589758872986,337.167519569397,0.977682888507843,404.99401569366455,342.5975376367569,0.9246542453765869,386.26615381240845,414.91692101955414,0.97319495677948
276,18.735399993602186,92.53201672723321,138.3520516930632,83.47351455049031,92.90042757981243,178.79933212335794,173.67868303933645,165.95444088115758,173.19319013522934,388.1482882499695,117.54971131682396,0.9999499320983887,396.1838150024414,111.5536692738533,0.9998838901519775,381.83236932754517,111.48270526528358,0.9998905062675476,401.32982540130615,114.73290386795998,0.9997896552085876,376.24854040145874,113.35191562771797,0.9998543858528137,420.061806678772,151.48297935724258,0.9998583793640137,355.04039764404297,148.11149448156357,0.9998708963394165,466.4832572937012,154.93318492174149,0.9739291667938232,317.75005626678467,116.67644730210304,0.9961296319961548,464.23881816864014,98.45857670903206,0.9465283155441284,352.1744604110718,71.37295442819595,0.9819559454917908,408.3947162628174,249.57914316654205,0.999805212020874,370.9948444366455,258.5300530195236,0.9998409748077393,403.33010816574097,301.40003526210785,0.9669502973556519,373.55410146713257,335.6582077741623,0.9771442413330078,411.5911908149719,356.91746628284454,0.9173508882522583,385.4541525840759,413.3592314720154,0.972407341003418
277,16.382900008466095,106.08861223473366,147.695066886882,95.09918874452387,107.21263510979668,177.34882566714217,173.28574437692106,167.47251702313946,174.48132691406755,388.3267617225647,116.36280390620232,0.9999527335166931,396.26367568969727,110.41439884901047,0.999889075756073,381.8019161224365,110.3077284693718,0.9998960494995117,401.33414697647095,113.54675859212875,0.9998052716255188,376.21136474609375,112.03072291612625,0.9998653531074524,420.09880542755127,149.49518936872482,0.9998551607131958,355.5882773399353,146.64850908517838,0.9998685121536255,466.87578773498535,141.74936419725418,0.9762192368507385,322.23297023773193,107.37021169066429,0.9963387250900269,462.637864112854,85.42795220017433,0.950613260269165,352.65989208221436,59.516117215156555,0.9822906851768494,408.4285559654236,249.0448225736618,0.9997876882553101,371.1791305541992,257.1196335554123,0.9998318552970886,403.3529543876648,320.9955321550369,0.9631301164627075,372.94256067276,333.7145503759384,0.9756335020065308,411.1297426223755,373.0787125825882,0.9118243455886841,382.1639680862427,410.6188796758652,0.970773458480835
278,16.369100019801408,118.15668997811672,156.3427560438849,106.87247629154788,120.39734273165425,177.1574474334501,172.49742125152036,169.55571939200428,173.6617922522782,388.3917622566223,116.10993185639381,0.9999533295631409,396.2984504699707,109.92465245723724,0.9998894333839417,381.77067947387695,109.95366343855858,0.9998968243598938,401.2616910934448,112.89969190955162,0.9998148083686829,376.08892011642456,111.69062560796738,0.9998722672462463,420.0796995162964,148.40906894207,0.9998508095741272,355.76303577423096,145.87598931789398,0.9998600482940674,465.52826499938965,130.4644272327423,0.9782294034957886,327.94902420043945,101.16820806264877,0.9964808821678162,460.99349212646484,74.9905945956707,0.9541871547698975,354.38498401641846,50.84865739941597,0.9827808737754822,408.4582257270813,248.68352794647217,0.9997636079788208,371.7316098213196,256.28476119041443,0.9998103380203247,403.33377265930176,326.48592269420624,0.9610012173652649,372.6862735748291,331.50629687309265,0.9726244211196899,410.62401723861694,388.7705408334732,0.9112975001335144,382.0358371734619,406.9412018060684,0.9677058458328247
279,16.338000015821308,124.39980949525695,163.06700040476846,115.38651764674317,130.5985964321817,175.61739635504188,171.63470995147645,171.7723905452652,173.28105429280234,388.4931044578552,115.76652246713638,0.9999510645866394,396.3147258758545,109.26137438416481,0.9998822808265686,381.8112416267395,109.42427891492844,0.9998902082443237,401.0799069404602,112.0361005961895,0.9998137354850769,376.0981698036194,111.19828653335571,0.9998722672462463,420.12008476257324,145.83010452985764,0.9998441338539124,356.252965927124,144.55817991495132,0.9998471140861511,463.9972143173218,121.86588007211685,0.9800646901130676,332.919517993927,95.49875858426094,0.9965910315513611,460.834023475647,66.25253403186798,0.9576617479324341,356.2641363143921,42.97930584847927,0.9833083152770996,409.7694067955017,248.48052942752838,0.9997377991676331,372.9531497955322,256.25490260124207,0.9997845888137817,407.8296513557434,329.2756779193878,0.9602974057197571,373.135009765625,331.64011919498444,0.9702116250991821,415.6809425354004,394.61128544807434,0.9135331511497498,382.1247959136963,406.3962540626526,0.9651570320129395
280,19.79719998780638,129.48026563685661,169.20202488356517,121.78373910671411,138.09806474754674,176.2870601488749,170.5191819082883,173.72396812292672,172.39721083374243,388.5127158164978,115.73629349470139,0.9999504685401917,396.33966970443726,109.01390850543976,0.9998794198036194,381.8679780960083,109.28052034974098,0.9998878240585327,401.04551124572754,111.84308817982674,0.9998148679733276,376.1122465133667,111.16118410229683,0.9998742938041687,420.507661819458,144.8862825036049,0.9998399019241333,356.88543224334717,144.020753800869,0.9998313188552856,463.63329219818115,114.75217092037201,0.9816367626190186,337.47875452041626,89.31117141246796,0.9966603517532349,460.6289129257202,60.33768427371979,0.9606945514678955,357.5772886276245,40.47889830172062,0.9836997985839844,412.2836790084839,248.54289627075195,0.9997262358665466,374.12826442718506,256.27430498600006,0.9997660517692566,411.0825843811035,332.1215034723282,0.9601349830627441,373.1464834213257,331.46393072605133,0.968593418598175,417.5368695259094,399.7368484735489,0.9170979857444763,381.95466232299805,404.736509680748,0.9633302688598633
281,18.41479999711737,134.37945365576508,174.85724535279738,127.02482787256191,149.23558348353134,176.5191711949065,170.30898645644817,174.88297825640018,172.74731524020052,389.51228857040405,116.53560194373131,0.9999493956565857,396.70114040374756,109.5249305665493,0.999875009059906,382.6027216911316,109.57003897428513,0.9998850226402283,401.4450421333313,112.30638778209686,0.9998106360435486,376.1173515319824,111.41882127523422,0.9998749494552612,421.2976760864258,144.6864749789238,0.9998216032981873,357.89074182510376,144.3135987520218,0.9998014569282532,463.3833484649658,109.15516698360443,0.9829540252685547,343.64991331100464,86.0737011730671,0.996569037437439,460.33140659332275,53.668613106012344,0.9630940556526184,359.6613492965698,33.781186535954475,0.9835448265075684,413.59728622436523,249.38714218139648,0.9997181296348572,374.8252763748169,256.31963419914246,0.9997543096542358,412.55846548080444,331.4211941957474,0.9587257504463196,373.3898310661316,331.5294885635376,0.9671639204025269,417.96900177001953,401.87390291690826,0.9193291664123535,381.32510232925415,405.0616207122803,0.961885929107666
282,19.20179999433458,137.4593408521008,177.48650484294672,131.3719042570096,157.37843795340993,177.66025402285834,170.52950053241193,176.2059851321051,174.03699972771096,390.13042545318604,116.56954899430275,0.999948263168335,396.9078178405762,109.5898188650608,0.9998710751533508,383.35247707366943,109.62901538610458,0.9998819231987,402.0313358306885,112.76880416274071,0.9998061656951904,376.45686054229736,111.8529959321022,0.9998731017112732,421.8418912887573,144.78335869312286,0.9998030066490173,360.4924564361572,144.59875112771988,0.9997597336769104,462.7977876663208,104.69417124986649,0.9840139150619507,349.3081440925598,86.00964623689651,0.9963549971580505,459.9104700088501,49.882551833987236,0.9650947451591492,360.5836138725281,32.103581845760345,0.9833927750587463,416.1876788139343,250.1371967792511,0.9997169375419617,376.81203842163086,256.54878747463226,0.9997493624687195,415.1024832725525,335.0390124320984,0.9588646292686462,375.25419902801514,332.3991199731827,0.966392993927002,418.8701891899109,405.47935605049133,0.9229546785354614,381.3721089363098,405.46325862407684,0.9612760543823242
283,18.696999992243946,141.65198692981846,178.6827803005159,135.82897878686026,162.40582162641343,177.57710671901432,170.9168059192238,177.15383267784208,174.0247800079677,391.69572019577026,116.17642277479172,0.999945342540741,397.6164803504944,109.26884615421295,0.9998628497123718,385.0953607559204,109.19076651334763,0.9998754262924194,403.1386194229126,112.83320811390877,0.9997954368591309,377.72176790237427,111.9048780798912,0.9998669028282166,422.9766459465027,143.87133264541626,0.9997851252555847,362.47648906707764,143.35937750339508,0.9997258186340332,461.7257843017578,99.81577494740486,0.9849132299423218,353.11575508117676,84.27305445075035,0.9962444305419922,459.078200340271,46.40279395878315,0.9670549631118774,361.438729763031,29.187456481158733,0.9837279319763184,417.35763788223267,251.61790359020233,0.9997178912162781,377.8209619522095,257.0732786655426,0.9997462630271912,416.52476167678833,336.4678086042404,0.9597716927528381,375.9527778625488,333.6150312423706,0.9664021730422974,419.2787675857544,405.5241724252701,0.9265920519828796,381.7319116592407,405.8044955730438,0.9610015153884888
284,17.98659999622032,146.06871160038295,179.8547263642745,141.37939388927478,168.2821128288374,175.81880528955188,171.45210091650836,178.8548998830909,173.8007790205883,392.97675132751465,115.83963042497635,0.9999440908432007,398.57751274108887,109.00418594479561,0.9998591542243958,386.5119276046753,108.79410028457642,0.9998729825019836,404.5222816467285,112.81597104668617,0.9997904896736145,379.49881982803345,111.77909734845161,0.9998646974563599,424.3945016860962,143.43768507242203,0.9997665286064148,364.84703731536865,142.97202783823013,0.9996876120567322,460.4473056793213,95.74335399270058,0.9856650233268738,357.7841682434082,83.28011390566826,0.9960049390792847,459.02998065948486,42.83424025774002,0.968721866607666,362.7495822906494,26.179780565202236,0.9836004972457886,418.36863374710083,252.763897895813,0.9997241497039795,378.651816368103,257.16131591796875,0.9997469782829285,419.8824486732483,337.2637052536011,0.9606547355651855,376.41245698928833,334.682532787323,0.9667670726776123,419.7392554283142,406.3498706817627,0.9297381639480591,382.08322286605835,406.0267825126648,0.9601277709007263
285,16.070400015451014,150.45542793773174,179.64812875393898,144.72349535286088,169.35166699632455,175.04655395427116,172.20705000115635,177.14833085008146,174.42787005917728,394.28348445892334,115.65440317988396,0.9999423623085022,399.55345582962036,108.88841980695724,0.9998541474342346,387.5953288078308,108.68146103620529,0.9998703002929688,405.60631465911865,112.76031383872032,0.9997823238372803,381.1750602722168,111.7827655673027,0.9998620748519897,426.7805166244507,142.79895913600922,0.9997469782829285,366.6745581626892,142.58205699920654,0.9996488094329834,459.17615604400635,93.4652048945427,0.9860159158706665,360.0009341239929,84.75742316246033,0.9957342147827148,457.3791389465332,41.61852130293846,0.969743549823761,364.02684783935547,28.106010362505913,0.983325719833374,419.54976320266724,253.21214711666107,0.999732494354248,379.17700147628784,257.0809997320175,0.999748945236206,421.31266260147095,336.91141378879547,0.961090087890625,377.0739359855652,334.2361354827881,0.9670288562774658,419.29309701919556,407.23124039173126,0.9325309991836548,382.0018711090088,404.51903772354126,0.9589879512786865
286,17.15539995348081,154.29314702789796,178.88365097235933,147.32026769991492,170.4722496066942,174.54288656383997,174.3582892292948,176.7388396597758,178.80683936409156,396.0046591758728,115.52804550528526,0.9999393820762634,401.10437059402466,108.73718947172165,0.9998456835746765,389.5307879447937,108.62391629815102,0.9998661875724792,407.371488571167,112.37598422169685,0.999769389629364,383.8283052444458,111.78074982762337,0.9998583197593689,429.53333473205566,141.81490778923035,0.9997334480285645,369.3032636642456,141.40291339159012,0.9996312260627747,458.7301998138428,91.49933162331581,0.9861606955528259,362.81685733795166,86.399040132761,0.9955658316612244,456.42273139953613,39.7728374004364,0.9705629348754883,365.502046585083,31.538156181573868,0.9832438230514526,420.92761278152466,253.18197512626648,0.9997333884239197,380.53281354904175,255.74021232128143,0.9997439980506897,422.4125666618347,335.10437083244324,0.9604808688163757,380.48899126052856,333.1408267021179,0.967001736164093,419.6541633605957,406.17325484752655,0.9347144961357117,381.93853855133057,404.6839152574539,0.9590045213699341
287,19.91410000482574,156.6608184753217,178.7937591594404,149.01162492641242,170.89152704027808,174.26210985541664,175.3549735903726,176.01199089730213,178.53999825795464,398.21045684814453,115.59314036369324,0.9999376535415649,403.0601487159729,108.80669331550598,0.999839723110199,391.7346143722534,108.7890787422657,0.9998631477355957,409.199565410614,112.40604937076569,0.9997588396072388,385.919189453125,112.36978742480278,0.9998555779457092,431.9463405609131,141.56425803899765,0.9997265934944153,371.00753116607666,141.2340186238289,0.9996246695518494,458.6717700958252,91.94744551181793,0.9863633513450623,364.82345819473267,87.56128856539726,0.9955277442932129,456.37926292419434,42.9688069075346,0.971519410610199,367.2882471084595,31.90944403409958,0.98341965675354,422.2448844909668,253.13986539840698,0.9997312426567078,381.70767545700073,255.14497792720795,0.9997354745864868,423.33169746398926,334.1582695245743,0.9595770239830017,382.68260765075684,332.5874456167221,0.9669908881187439,419.2735867500305,406.30308842658997,0.9365570545196533,381.7534689903259,404.64664900302887,0.9588753581047058
288,17.46350002940744,159.41540062881415,179.3748855958556,149.3214484482853,171.53998668486037,174.67165176479085,175.65083038364878,176.36949984942427,177.26775211896475,400.6396369934082,115.81819805502892,0.9999386668205261,405.52968883514404,108.84279143810272,0.9998410940170288,393.8097538948059,109.02816113829613,0.999866247177124,411.4933362007141,112.30108132958412,0.9997589588165283,387.55148124694824,112.79430362582207,0.9998587369918823,434.5889711380005,141.34148675203323,0.9997292757034302,372.39440298080444,141.0751954317093,0.999624490737915,458.69441413879395,91.74646273255348,0.9867520928382874,366.91699600219727,87.77333298325539,0.9955491423606873,454.5204801559448,41.58567827939987,0.9726015329360962,369.444308757782,31.962351858615875,0.9837987422943115,424.153302192688,253.04461991786957,0.999740481376648,382.84882402420044,255.02181124687195,0.9997379779815674,424.1408176422119,333.258523106575,0.9605089426040649,384.0498933792114,332.0816160440445,0.9675169587135315,419.4884524345398,406.4027215242386,0.9397774338722229,381.77214527130127,403.0111789703369,0.9590213298797607
289,18.461800005752593,161.29472626380283,177.7865752363069,149.59368067688064,168.67528798510446,174.05108826809953,175.99069978408562,175.60081151100138,176.8271862788632,402.41143226623535,116.93233940005302,0.9999405741691589,407.7193627357483,109.47008535265923,0.9998447895050049,395.4544038772583,110.03106641769409,0.9998713135719299,414.02130603790283,112.39565727114677,0.9997628927230835,389.0640072822571,113.42242377996445,0.9998646974563599,437.07536792755127,141.6146016716957,0.9997357130050659,374.24188899993896,141.23926097154617,0.9996387362480164,459.5261278152466,92.70040619373322,0.9874679446220398,367.7052412033081,87.76899522542953,0.995799720287323,454.46538639068604,42.45994660258293,0.9742333889007568,371.9126863479614,32.52093967795372,0.9848639965057373,425.45740699768066,253.10627448558807,0.999748945236206,383.7167024612427,255.1132674217224,0.9997404217720032,425.45725536346436,332.5095226764679,0.9630219340324402,384.71488523483276,331.67046213150024,0.9693889021873474,419.76023149490356,406.560818195343,0.9440484046936035,381.75324153900146,401.5803884267807,0.9606695771217346
290,19.073100003879517,162.21289406707106,176.12363471204725,149.51649361522362,166.21273244412697,174.94335938052004,175.9585941251102,176.6175155157372,176.0564904309701,404.6207175254822,117.30815732479095,0.999941885471344,410.0333766937256,109.68660998344421,0.9998475909233093,397.84001445770264,110.22372981905937,0.9998745918273926,416.31803369522095,112.41169059276581,0.9997657537460327,391.60868215560913,113.47707667946815,0.9998682737350464,438.9840888977051,141.75670063495636,0.9997410774230957,376.13157987594604,141.37012022733688,0.9996424317359924,460.25493240356445,93.36319279670715,0.9878832101821899,368.2770791053772,88.83331289887428,0.9959590435028076,454.2605791091919,42.763578966259956,0.9752342104911804,373.4631714820862,32.76142881810665,0.9855639934539795,427.29369735717773,254.11001312732697,0.9997610449790955,385.3686308860779,255.5118283033371,0.9997463226318359,426.0698070526123,333.46294617652893,0.9645407795906067,386.14605951309204,331.6205458641052,0.970025360584259,420.5974040031433,406.82393276691437,0.9469694495201111,382.15236806869507,399.67926812171936,0.9597117900848389
291,19.691399997100234,162.47800963465457,173.16018596244334,147.23228204211767,162.16851548905663,174.76108782866626,175.72331976894841,176.09834099605638,175.85056349698823,405.8964161872864,118.00550353527069,0.9999414682388306,411.4679627418518,110.1414121389389,0.9998456239700317,399.048134803772,110.99208989739418,0.9998743534088135,417.99237871170044,112.49454247951508,0.9997611045837402,393.1115794181824,113.91560333967209,0.9998676776885986,441.2511215209961,141.98670864105225,0.9997410774230957,377.870521068573,142.07352077960968,0.9996392130851746,462.2490234375,94.6911378800869,0.9881826639175415,367.3847622871399,89.57784023880959,0.9960347414016724,454.24819564819336,43.174544125795364,0.9760193824768066,373.7881236076355,33.68497236073017,0.985940158367157,428.4340877532959,255.932070851326,0.9997692108154297,386.7599000930786,256.1416507959366,0.9997482895851135,426.82504653930664,334.1174134016037,0.9649462103843689,386.99642419815063,331.6817730665207,0.9700332880020142,420.3920660018921,406.47380661964417,0.9486137628555298,382.29935216903687,399.36162173748016,0.9581049084663391
292,18.591700005345047,162.7742051381818,169.30495805339976,144.81653777685275,158.20294566339336,173.6357901081476,176.17978255153722,175.6289223888378,176.07937809357583,407.0913190841675,118.24888095259666,0.9999405145645142,412.9136939048767,110.32005795836449,0.9998428821563721,400.30581426620483,111.29362460970879,0.9998716711997986,419.39726972579956,112.51452893018723,0.9997530579566956,394.7541570663452,114.05674785375595,0.9998628497123718,442.68451976776123,142.1071116924286,0.9997404217720032,379.4593696594238,142.23399645090103,0.9996273517608643,464.0424518585205,95.19189605116844,0.9884405136108398,366.0217475891113,90.04059138894081,0.9958876967430115,454.24076557159424,43.34910148382187,0.9766079187393188,373.36349725723267,33.19639053940773,0.985785186290741,428.1792411804199,256.1059230566025,0.9997761249542236,386.9025626182556,256.01794278621674,0.9997484087944031,426.9808759689331,333.4929757118225,0.9649010896682739,386.8030905723572,329.52127051353455,0.9693557024002075,420.25774335861206,406.54483473300934,0.950186014175415,382.2754192352295,394.2998785972595,0.9555217623710632
293,28.164599963929504,163.1051147856867,165.49596934346275,142.0378179680975,154.44132249821155,172.9344320852751,175.9355525493618,175.44322008218626,176.79238581594396,408.15973377227783,118.71168196201324,0.9999373555183411,414.41196632385254,110.59929132461548,0.9998350739479065,401.38989782333374,111.87774750590324,0.9998623728752136,421.0490212440491,112.64627853035927,0.9997358918190002,396.0972318649292,114.29032436013222,0.9998486638069153,444.4632396697998,142.63869714736938,0.9997375011444092,381.7661051750183,142.40467190742493,0.9996007084846497,466.2264394760132,95.68009680509567,0.9886780977249146,365.11828565597534,90.16667839884758,0.9954943060874939,454.3291177749634,44.540574580430984,0.9769299626350403,372.9254512786865,33.773515328764915,0.985059380531311,428.5432643890381,256.33681428432465,0.9997779726982117,388.0347900390625,255.4978677034378,0.999743640422821,427.33130264282227,333.0474046468735,0.9642080664634705,386.953360080719,324.9693171977997,0.9679476022720337,420.2928466796875,406.65720331668854,0.9507316946983337,382.37218713760376,388.88875007629395,0.9516134262084961
294,30.634000024292618,159.29261706962657,160.05546147540431,137.54158651850378,148.8608404111323,172.69142206794004,176.46089352247222,176.86874019042136,176.98494741997257,410.46538257598877,119.15787982940674,0.9999380111694336,416.69838285446167,111.03074508905411,0.9998372197151184,404.01592445373535,112.49111643433571,0.9998626708984375,423.22075176239014,113.02223178744316,0.9997366666793823,398.0190944671631,114.66962531208992,0.9998466968536377,445.90790939331055,143.99637973308563,0.999747633934021,383.3118896484375,142.84465873241425,0.9996004104614258,468.6887264251709,103.14398908615112,0.9890172481536865,362.6545076370239,93.98140519857407,0.9954749941825867,455.53819847106934,47.56856459379196,0.9774158000946045,371.2004098892212,34.84154039621353,0.9852122068405151,429.14899253845215,256.9651552438736,0.9997876286506653,389.16193771362305,255.519549369812,0.9997478127479553,427.6537275314331,332.79124188423157,0.9651342630386353,388.48893451690674,323.52544927597046,0.9674176573753357,422.14043378829956,406.7899144887924,0.9527727365493774,384.572172164917,386.09343910217285,0.9490664601325989
295,22.91320002404973,154.4377992807792,152.09341773895747,133.0570108154589,138.9618818704973,172.67387180029095,176.21872873291804,177.7651789750857,177.17570641909714,411.44317054748535,119.23716321587563,0.9999411702156067,418.05621671676636,111.22591570019722,0.9998447299003601,404.7276701927185,112.57627609372139,0.9998686909675598,424.3392562866211,113.39245834946632,0.9997458457946777,398.66793727874756,114.75021216273308,0.9998511075973511,446.63696670532227,145.1771330833435,0.9997603893280029,383.68025970458984,143.5528600215912,0.9996095895767212,468.6924161911011,112.80836394429207,0.9895356893539429,358.4097352027893,101.16815108060837,0.9956291913986206,455.5089330673218,54.18094219267368,0.9782669544219971,368.76440620422363,43.814391896128654,0.9856976270675659,429.4135437011719,257.63352608680725,0.9998008608818054,389.3499641418457,255.56835448741913,0.9997575283050537,427.6079339981079,332.50809812545776,0.967099666595459,388.36310338974,319.54778945446014,0.968300998210907,422.9326214790344,406.4852885007858,0.9556437134742737,384.4129309654236,380.50050938129425,0.9486602544784546
296,17.937300028279424,143.73823633872027,138.8722694898723,120.8709711772022,119.85211490836392,172.32929684476463,173.28911250499476,177.98284974870506,176.25745655612303,411.79521465301514,119.02897220849991,0.9999446868896484,418.7661933898926,111.06051820516586,0.9998540282249451,405.250403881073,112.4234431385994,0.9998750686645508,424.8644161224365,113.42177560925484,0.9997571706771851,399.34028339385986,114.72602328658104,0.9998567700386047,447.91862964630127,146.07216423749924,0.9997783303260803,384.7196111679077,144.62581759691238,0.9996299147605896,469.82517433166504,124.55793958902359,0.9900320768356323,351.20253562927246,109.35082906484604,0.9958279132843018,455.4292240142822,65.10378322005272,0.9790990352630615,368.3361406326294,51.920144125819206,0.9862527251243591,429.38902950286865,259.77428436279297,0.9998169541358948,389.3876705169678,255.61106252670288,0.9997715950012207,427.3680486679077,332.8021824359894,0.9686447381973267,384.9399104118347,314.73075568675995,0.9674190282821655,422.7417645454407,406.28667759895325,0.9571992754936218,384.4529118537903,364.5654247999191,0.9369337558746338
297,26.844900043215603,112.51748001209455,124.33170809280017,88.31165698669841,102.97634405475122,171.49917381769473,168.72125530912365,178.04659768154076,170.22695865744146,412.8843274116516,119.01935648918152,0.9999489188194275,420.16385650634766,111.10441574454308,0.9998648762702942,407.35781621932983,112.23694092035294,0.9998827576637268,426.9485273361206,113.70584532618523,0.9997711181640625,402.3811559677124,114.48052328824997,0.999862015247345,450.0363531112671,147.39302217960358,0.9997901320457458,386.2882671356201,145.47039115428925,0.9996373653411865,470.80675315856934,142.90956127643585,0.990432858467102,348.173490524292,121.09536892175674,0.995603084564209,455.434531211853,80.64985141158104,0.979957640171051,368.0321898460388,65.39714813232422,0.9859068393707275,429.5156440734863,259.90249395370483,0.9998281598091125,389.615930557251,255.51011884212494,0.9997796416282654,427.1998357772827,332.1553508043289,0.9696452617645264,384.02264976501465,288.768000125885,0.9674096703529358,422.2832226753235,406.39038491249084,0.9586523175239563,384.25869369506836,348.4973726272583,0.9313493967056274
298,29.480499972123653,76.369762701125,103.77338763910349,50.25786748951279,84.16341917448581,171.54547068281303,156.13751549619124,177.82856755780355,156.95843514855494,414.8141760826111,119.01224797964096,0.9999532699584961,422.1518568992615,111.51272767782211,0.999876081943512,409.619668006897,112.15663185715675,0.9998915195465088,428.82414150238037,115.08028063178062,0.9997855424880981,404.30274057388306,114.52037510275841,0.9998682141304016,449.2444181442261,150.32635790109634,0.9998003840446472,386.7295227050781,146.25385147333145,0.9996495842933655,470.37555599212646,159.70034515857697,0.9904159307479858,343.94036865234375,136.94720274209976,0.9948391914367676,455.46602058410645,107.07978135347366,0.9805170297622681,359.9485445022583,87.9912821650505,0.985227108001709,429.38357067108154,259.6968457698822,0.9998332858085632,389.5727653503418,254.6408008337021,0.9997819662094116,427.12346267700195,330.1347106695175,0.9689536690711975,383.2813606262207,269.9353218078613,0.9669179320335388,421.786367893219,406.28251791000366,0.9595543146133423,384.0752921104431,336.65713143348694,0.9306586384773254
299,29.77439999813214,52.58275373275079,82.46243796918645,22.82855130109987,58.77664681266144,171.1622549996925,142.65440490764192,178.3852414936019,141.76414893582452,415.14587593078613,119.00563806295395,0.9999575614929199,422.9892568588257,111.84421357512474,0.9998871088027954,409.62467193603516,112.13876086473465,0.9999005794525146,430.6203498840332,115.25339207053185,0.9998025894165039,404.9089741706848,114.25144124031067,0.9998775124549866,451.05528450012207,150.53169268369675,0.9998152852058411,386.87097215652466,146.4813380241394,0.9996762871742249,470.43595695495605,172.49244284629822,0.9909918904304504,339.46579456329346,153.9154002070427,0.9947236180305481,455.45606327056885,127.98137784004211,0.9817829728126526,357.9417667388916,108.89058512449265,0.9853768944740295,429.55213737487793,259.5910301208496,0.9998419284820557,389.44031286239624,253.5279415845871,0.9997902512550354,426.82019424438477,327.13566040992737,0.9690297842025757,381.00745391845703,265.1472918987274,0.967027485370636,421.3851943016052,406.23029386997223,0.9600447416305542,383.95812940597534,339.74222457408905,0.9283737540245056
300,29.41139996983111,41.7232303675399,69.18845319464869,8.157881643912193,43.60820648467476,171.4573999230665,147.93683181220516,179.28872397504296,146.94808808771924,415.7401051521301,119.64325284957886,0.9999614953994751,423.55401849746704,112.44961214065552,0.9998971819877625,409.85176944732666,112.20028722286224,0.9999086260795593,430.7263927459717,115.59853941202164,0.9998180270195007,404.89765214920044,114.20189535617828,0.9998851418495178,450.2915029525757,151.3859389424324,0.9998319149017334,387.0027675628662,147.78503012657166,0.9997044205665588,470.20057010650635,185.2513912320137,0.9914153814315796,342.1469655036926,166.0857383608818,0.9945394396781921,459.73118782043457,159.71531718969345,0.9829490184783936,357.8718886375427,131.0910302400589,0.9859485626220703,429.46034812927246,255.8966850042343,0.9998503923416138,389.4737229347229,250.10306453704834,0.9998005628585815,426.07208156585693,326.9565088748932,0.9687327146530151,381.1152153015137,264.1917315721512,0.9682051539421082,421.3336133956909,405.75731444358826,0.9606605172157288,384.1779990196228,338.1263563632965,0.9299708604812622
301,33.210899971891195,34.896073946145606,54.618249016457604,10.996117341712372,26.137695099826068,172.063015124845,138.81938251921025,179.62575080710872,137.87542034035636,417.01009225845337,119.62729787826538,0.9999642968177795,424.5522518157959,112.45858681201935,0.999904215335846,410.6270751953125,112.06323117017746,0.9999133348464966,430.74736881256104,115.58273401856422,0.9998224973678589,405.07380056381226,113.53937941789627,0.9998840689659119,449.90205574035645,154.68766355514526,0.9998449087142944,386.5752854347229,148.2900049686432,0.9997237920761108,467.00649642944336,194.19324094057083,0.9912950992584229,344.8644528388977,179.7339627146721,0.9929189085960388,450.4092216491699,169.95981907844543,0.983432948589325,358.7003674507141,152.40430772304535,0.9851680397987366,429.44013023376465,255.39381849765778,0.9998568892478943,389.417112827301,248.1997504234314,0.9998073577880859,424.75953578948975,330.877015709877,0.9683027267456055,381.2644233703613,258.0717179775238,0.9695080518722534,419.6074094772339,406.0157564878464,0.9606727361679077,384.41202116012573,328.10899913311005,0.9316740036010742
302,27.737799973692745,29.83472204797346,47.12416509107123,35.82182049631304,2.237215279918967,171.6995948858783,160.38523022650156,179.51606584452085,157.46472447189228,418.3901152610779,119.51765018701553,0.9999635815620422,425.34211444854736,112.52805504202843,0.9999008178710938,412.05579805374146,112.05818113684654,0.9999068975448608,431.2754602432251,115.79382398724556,0.9997783899307251,406.5614333152771,113.5667735338211,0.9998603463172913,451.28657722473145,159.02619063854218,0.999840497970581,386.68820238113403,152.7399746775627,0.9997209310531616,465.81677436828613,205.5874267220497,0.9908366799354553,349.4033703804016,189.84535455703735,0.9898114204406738,440.6433210372925,186.7231945991516,0.9827810525894165,359.3517122268677,180.68950879573822,0.9812139272689819,429.62674140930176,256.7005021572113,0.9998591542243958,390.02175426483154,248.8762981891632,0.999806821346283,423.9922413825989,333.3741396665573,0.9685161113739014,381.29571056365967,276.3363423347473,0.9691437482833862,419.27118587493896,406.00575613975525,0.9605292677879333,385.89571142196655,329.92208218574524,0.9261285662651062
303,24.760000000242144,24.2138645043324,40.399095692030606,55.50808486012592,12.856310844115509,171.0015786861504,152.05765370360973,178.35072090046543,147.26736663060478,419.39383268356323,119.62168514728546,0.9999659061431885,425.9865598678589,112.91818970441818,0.9999066591262817,413.22183990478516,112.5807064473629,0.9999111294746399,432.23884296417236,116.4988485276699,0.9997797012329102,408.1543254852295,114.73295372724533,0.9998591542243958,453.5112533569336,162.25647401809692,0.9998474717140198,387.774130821228,157.66627150774002,0.9997336268424988,462.7702407836914,213.14932811260223,0.9903565049171448,356.49643993377686,197.88218700885773,0.9866968393325806,438.47368812561035,202.2398030757904,0.9825512170791626,363.7077589035034,191.98611283302307,0.9773704409599304,429.9465379714966,257.45739459991455,0.9998616576194763,391.8164463043213,249.32124245166779,0.9998069405555725,423.34812450408936,334.3561111688614,0.9687372446060181,381.92281913757324,270.1411979198456,0.9700930118560791,419.27505254745483,405.97341883182526,0.9611170887947083,388.55691719055176,321.81678581237793,0.9272674918174744
304,25.878100015688688,24.02006509356136,36.50545440659027,78.79292328504042,62.558459385330885,170.63651755498125,159.0312555676404,178.76279851256922,157.5790803149173,420.1876630783081,119.6329675912857,0.9999656677246094,426.63555431365967,113.52936482429504,0.9999059438705444,414.2375111579895,113.10190692543983,0.9999081492424011,432.722505569458,117.41918683052063,0.9997630715370178,409.21725606918335,115.8083544075489,0.9998423457145691,453.77777576446533,164.33590537309647,0.9998565316200256,388.757200717926,160.35187780857086,0.9997463226318359,462.71155834198,216.34267288446426,0.9899148941040039,360.3571481704712,202.97054076194763,0.9841737747192383,429.55158138275146,215.49758648872375,0.9817174077033997,369.3413996696472,203.952412545681,0.9722476005554199,429.91221809387207,258.14984035491943,0.9998680949211121,393.1641206741333,249.59848856925964,0.9998080134391785,423.23265504837036,335.91397166252136,0.9680412411689758,385.28571224212646,273.64305770397186,0.9697294235229492,418.7042760848999,406.4719831943512,0.9607972502708435,388.54203176498413,317.16309106349945,0.925681471824646
305,33.48739998182282,23.998105993608416,35.554194270133145,89.58943077559938,89.33391264742662,170.55522662379002,120.18986804732252,178.90522659418795,124.70649351721664,420.7857084274292,120.64250415563583,0.9999680519104004,427.2194471359253,115.24250137805939,0.9999120235443115,414.9430651664734,114.67773100733757,0.9999135136604309,433.07475185394287,118.93438202142715,0.9997747540473938,409.988214969635,117.4496793448925,0.9998465776443481,453.8159875869751,165.1673018336296,0.9998685717582703,389.7529573440552,161.6327201128006,0.9997659921646118,462.79657459259033,217.51386749744415,0.9899425506591797,362.1349582672119,203.8044159412384,0.9827826023101807,433.95251178741455,222.24984431266785,0.9821261167526245,368.5098376274109,207.87418723106384,0.9705890417098999,429.7555294036865,259.81417179107666,0.9998772144317627,393.3513889312744,249.933030128479,0.999817430973053,423.2171883583069,337.37801122665405,0.9686950445175171,385.16726064682007,255.15161633491516,0.9711601734161377,418.6752128601074,407.1668506860733,0.9616769552230835,383.04971408843994,310.7028946876526,0.9292529821395874
306,19.73949995590374,24.255204841445103,36.90978736006302,91.48675776294046,83.3682220473946,170.5143015341927,42.29575343047504,178.97167363851884,47.97582687450181,421.5844416618347,121.33282732963562,0.9999707937240601,427.88557624816895,116.00522023439407,0.9999193549156189,415.6670174598694,115.4868973493576,0.9999206066131592,433.43988704681396,119.66587471961975,0.9997913837432861,410.38299465179443,118.32624119520187,0.9998567700386047,453.6746139526367,165.72101056575775,0.9998801946640015,389.6917223930359,161.6749010682106,0.9997859597206116,462.9479055404663,218.36949557065964,0.9899125099182129,361.0712947845459,203.38528454303741,0.9815645813941956,435.608660697937,223.9198739528656,0.9824022650718689,368.0146508216858,207.04997050762177,0.9689956307411194,429.70574283599854,259.9895625114441,0.9998858571052551,393.4806318283081,250.1189625263214,0.9998274445533752,423.22570514678955,337.48069286346436,0.9693276286125183,385.55582332611084,242.12435376644135,0.972526490688324,418.6556520462036,407.17277681827545,0.9628384709358215,382.0246162414551,304.75419759750366,0.9331088066101074
307,30.410700011998415,25.28314838166999,37.88380110144014,81.0134908447484,68.05785014259222,170.6338122158006,11.471464324848123,179.06062608213273,19.01217525487596,421.487117767334,121.85499650239944,0.9999730587005615,428.03832244873047,116.33750388026237,0.9999253749847412,415.61980867385864,116.00341817736626,0.9999263286590576,433.4731960296631,119.89613914489746,0.9998044371604919,410.40768575668335,118.77669847011566,0.9998646378517151,453.7887439727783,165.17016518115997,0.9998905062675476,389.4287633895874,161.39558935165405,0.999803364276886,464.14091300964355,218.05551028251648,0.9900507926940918,360.25916719436646,202.56554090976715,0.9805070757865906,433.90075397491455,219.15852588415146,0.9826370477676392,368.29886388778687,204.47731685638428,0.967018187046051,429.677134513855,260.4045627117157,0.9998909831047058,393.4051179885864,250.13762414455414,0.9998298287391663,423.11971282958984,337.82224321365356,0.9696956872940063,387.24406814575195,225.49491453170776,0.9734450578689575,418.38172483444214,407.2835214138031,0.9634243249893188,380.3214101791382,305.01902163028717,0.9357231259346008
308,30.135400011204183,29.159879001257412,41.77559522827972,61.85369462823308,43.168889709836805,171.08245822876182,9.318266856161584,179.0536218108942,16.50105905780328,421.2369465827942,122.46620011329651,0.999975323677063,428.0336723327637,116.84157413244247,0.999931275844574,415.4870023727417,116.61843246221542,0.9999319314956665,433.4343776702881,120.23650711774826,0.9998177886009216,410.3959593772888,119.15617036819458,0.9998729228973389,453.6502513885498,164.58773750066757,0.9998995661735535,389.3327283859253,160.61838281154633,0.9998189210891724,467.88061714172363,216.92482990026474,0.9903691411018372,358.355197429657,198.52289307117462,0.980009138584137,435.4761323928833,209.48213493824005,0.9833435416221619,365.6075839996338,197.55861449241638,0.9667197465896606,429.72990322113037,260.89227199554443,0.9998916983604431,393.27418184280396,250.242072224617,0.999825119972229,422.9589047431946,337.799108505249,0.9700994491577148,387.02710485458374,220.43358451128006,0.9745931029319763,417.9846453666687,407.44828498363495,0.9643403887748718,379.8964047431946,307.8257859945297,0.9389892220497131
309,28.878699988126755,35.39341186214054,48.62472655388321,41.45767919914736,8.831279487521025,171.25531996332944,16.787731087966016,179.015583792941,23.632688851159607,421.1481647491455,122.86024516820908,0.9999772310256958,428.10903453826904,117.01564002037048,0.9999361038208008,415.449649810791,116.85927417874336,0.9999362826347351,433.4497938156128,120.32216536998749,0.9998278617858887,410.31627559661865,119.4102532863617,0.9998793601989746,453.9291572570801,164.61449056863785,0.999906063079834,389.2133164405823,160.36506915092468,0.9998300671577454,473.3852424621582,214.16875106096268,0.9907218217849731,353.3309745788574,194.92165660858154,0.979866087436676,445.1539840698242,199.71819108724594,0.9840107560157776,363.4909725189209,187.78361612558365,0.9669827222824097,429.7655372619629,261.8376895189285,0.9998815059661865,393.2185573577881,250.42393040657043,0.9997999668121338,422.76953887939453,338.5228089094162,0.9703710675239563,385.42809677124023,228.220365524292,0.9753845930099487,417.66343355178833,407.5883468389511,0.9650545716285706,379.2704839706421,310.14293217658997,0.9408522844314575
310,29.175099974963814,43.492887835474356,57.87024670496728,22.1339508074477,8.605672497040475,171.25253730071717,18.288450381826486,179.36742829030788,24.354527442689143,421.0474543571472,122.8821405172348,0.9999789595603943,427.9331388473511,116.9639573097229,0.9999405145645142,415.2469148635864,116.78278291225433,0.9999402761459351,433.3427906036377,120.22211915254593,0.9998381733894348,410.2652254104614,119.28368905186653,0.9998862743377686,454.01478004455566,164.26677191257477,0.9999101161956787,389.33495235443115,160.14658576250076,0.999835193157196,480.21125888824463,210.3504130244255,0.9910858273506165,346.80200958251953,189.36116391420364,0.9796507954597473,452.0137138366699,188.1214483976364,0.9842970371246338,359.4562134742737,183.22253143787384,0.9661088585853577,429.7585115432739,262.45372235774994,0.9998526573181152,393.05024337768555,250.51615583896637,0.9997357130050659,422.7667589187622,340.34731686115265,0.9707149863243103,384.2820453643799,227.2413998246193,0.9760945439338684,417.45822191238403,407.85035026073456,0.965549111366272,378.8994097709656,310.21105420589447,0.9421831965446472
311,20.420000015292317,55.08985477435439,72.10747978630727,4.636914813067196,27.75052052068672,171.00701791582844,22.274415476070487,179.69446270013327,27.393998709914477,420.9529609680176,122.82437497377396,0.9999805092811584,427.8105173110962,116.96573087573051,0.9999440908432007,415.1183543205261,116.69575709104538,0.9999434351921082,433.27106761932373,120.24237626791,0.9998471140861511,410.1124792098999,119.20299535989761,0.9998919367790222,453.5787811279297,163.86004835367203,0.9999157786369324,389.28599977493286,158.31583827733994,0.9998428821563721,484.29360580444336,198.8392573595047,0.9916827082633972,343.73220014572144,175.0337421298027,0.9805192947387695,460.3799800872803,175.68386447429657,0.9851795434951782,357.9032516479492,159.3485237956047,0.9675126075744629,429.35253620147705,262.462867975235,0.9998301863670349,392.9272427558899,250.57139992713928,0.9996857047080994,422.7204599380493,341.26250541210175,0.9709025621414185,383.19487857818604,229.24986004829407,0.9767482876777649,417.47525548934937,407.82960879802704,0.9657680988311768,379.09868240356445,311.2616320848465,0.9430901408195496
312,15.902899962384254,64.80336803500194,85.09036188837882,11.798862408873784,49.851330257024856,171.2860988480661,35.17510055198454,179.9982915174411,40.36977419152626,420.87921619415283,122.77257829904556,0.9999820590019226,427.7242374420166,116.77528977394104,0.9999480843544006,415.06457471847534,116.49851375818253,0.9999470114707947,433.25347805023193,119.87999898195267,0.9998577833175659,410.0259213447571,118.76911273598671,0.9998990297317505,453.55790615081787,157.89444184303284,0.9999208450317383,389.07452058792114,156.15284276008606,0.9998493194580078,486.0167770385742,183.65385699272156,0.9921179413795471,337.9511456489563,162.378244638443,0.9816281199455261,467.9921188354492,161.9935303926468,0.9857733845710754,356.5904531478882,133.90071493387222,0.9686957001686096,428.98158836364746,262.35668194293976,0.9998165369033813,392.4405221939087,250.96691226959229,0.9996576905250549,422.7228355407715,341.43974804878235,0.9706867933273315,383.178653717041,238.76852470636368,0.9774177074432373,417.4680781364441,407.86191761493683,0.9660900831222534,378.59058141708374,321.8345357179642,0.9451594352722168
313,25.15299996593967,80.05308774551708,93.8033178073258,31.09239281498015,65.22852754359234,170.7965342789109,127.3498281051158,179.27121027004569,133.35390540359666,419.90524435043335,122.49185627698898,0.9999836683273315,427.48192596435547,116.43202283978462,0.9999524354934692,413.948344707489,116.26371213793755,0.9999514818191528,433.18347358703613,119.61040270328522,0.999870240688324,409.1944603919983,118.42845985293388,0.9999078512191772,453.52778148651123,156.45996171236038,0.9999263286590576,389.0498547554016,152.906347990036,0.9998589158058167,491.91115283966064,172.94906842708588,0.992779016494751,337.4561104774475,150.81727242469788,0.9830841422080994,467.3293762207031,138.68912947177887,0.986714780330658,356.46826124191284,113.64853563904762,0.9701820015907288,429.0260171890259,260.1019880771637,0.9998186230659485,391.5779004096985,250.4485466480255,0.9996618628501892,423.35080337524414,339.32394790649414,0.9716786742210388,382.3335962295532,257.8903156518936,0.9785022139549255,417.56487131118774,407.8498089313507,0.9666852355003357,376.1756548881531,335.79627525806427,0.9466403722763062
314,22.081400034949183,95.26952181873054,104.58885912856292,57.044192623991,80.07486354740867,170.77788084888462,151.7426026742017,179.40141602755202,158.31003552594265,418.74248790740967,121.93276274204254,0.9999847412109375,426.5763158798218,116.14842322468758,0.9999549388885498,412.92691135406494,115.7823848426342,0.9999538660049438,433.0893087387085,119.30725824832916,0.9998787045478821,408.8150210380554,117.83876696228981,0.999913215637207,453.4180488586426,156.1198928952217,0.9999276399612427,388.9872045516968,151.33851563930511,0.9998592734336853,493.0288486480713,161.66363286972046,0.9932928085327148,339.2710962295532,139.6231505870819,0.9840654134750366,471.44523429870605,115.35360211133957,0.9872931838035583,356.8382234573364,98.60576131939888,0.9695400595664978,429.0936965942383,259.52997386455536,0.9998148679733276,391.28681325912476,250.44065463542938,0.9996598362922668,423.85180282592773,334.2209212779999,0.9708077907562256,381.6022138595581,269.5068453550339,0.9784389138221741,417.9176735877991,407.7651336193085,0.9660632610321045,374.713294506073,344.64889109134674,0.9478591680526733
315,14.795499970205128,109.73399931569936,115.3676278014852,73.73572846405928,92.75915031050778,169.80213927769435,160.57106509130455,178.54571986748482,166.62003510465976,417.37644052505493,121.06988370418549,0.9999850392341614,425.76532554626465,115.48478189110756,0.9999554753303528,412.0270380973816,115.06839275360107,0.9999537467956543,433.02648162841797,118.33458906412125,0.9998844265937805,408.52732038497925,117.08676785230637,0.9999160170555115,453.4286127090454,154.59885704517365,0.9999285936355591,389.08051013946533,149.17542040348053,0.9998583197593689,494.12561893463135,150.0990138053894,0.9938088059425354,340.6066904067993,127.39672785997391,0.9851269125938416,473.89988899230957,101.44712802767754,0.9879058003425598,357.35158109664917,84.74474465847015,0.9695678949356079,429.1381254196167,256.3668438196182,0.99981290102005,391.1100583076477,248.225848197937,0.9996612071990967,424.8893346786499,331.7340255975723,0.9702204465866089,379.3016700744629,284.0251854658127,0.9783914089202881,418.7273750305176,406.990776181221,0.9654111862182617,373.0787534713745,356.98430621623993,0.9486843347549438
316,17.62639998923987,122.15727562233346,120.49497437755441,85.81699509115073,101.45869388502568,169.50156955027208,164.41338578608702,178.91510669771074,169.46175561878147,417.04795026779175,119.35342082381248,0.9999857544898987,425.33417892456055,114.15702912211418,0.9999575614929199,411.670672416687,113.46056613326073,0.9999556541442871,432.747727394104,116.89576405286789,0.9998925924301147,408.3009305000305,115.85389018058777,0.9999221563339233,453.4156732559204,152.3886803984642,0.999932587146759,389.1224875450134,147.88993406295776,0.999862790107727,494.1768207550049,138.53205847740173,0.9943299889564514,342.12555980682373,121.43355733156204,0.9864051938056946,472.15129375457764,86.53800508379936,0.9886553287506104,358.4354877471924,70.99165198206902,0.9713164567947388,429.16637992858887,254.3187953233719,0.9998201727867126,391.0592861175537,247.12267589569092,0.9996758103370667,425.25967597961426,331.87913036346436,0.9714699983596802,377.70291471481323,298.88541781902313,0.9792003631591797,420.10449171066284,406.1899505853653,0.966179609298706,373.1372084617615,365.3409218788147,0.9495532512664795
317,14.434500015340745,132.82978382418895,131.73962888337118,97.92544595864356,118.05432374124727,169.67523396979678,166.76043464285007,179.83318924174367,171.43876910575574,417.05588579177856,117.347531914711,0.999984622001648,425.279691696167,112.46565970778465,0.9999548196792603,411.5961947441101,111.29462179541588,0.9999524354934692,432.69839572906494,115.49537342786789,0.9998939633369446,408.28248167037964,114.00581303238869,0.9999243021011353,453.22016620635986,150.72480481863022,0.9999271035194397,389.3350281715393,146.2521847486496,0.9998475313186646,491.84443378448486,128.68217146396637,0.9947041869163513,348.19262170791626,110.80219012498856,0.9874916076660156,470.3887481689453,75.0056948363781,0.9891089200973511,359.4362988471985,60.89064511656761,0.9730066657066345,429.21702575683594,253.736581325531,0.9998197555541992,391.07932710647583,247.1839315891266,0.9996740818023682,425.3960962295532,332.08876729011536,0.9723790287971497,377.8776731491089,307.9897233247757,0.9787687659263611,421.57476234436035,406.02407586574554,0.9667505621910095,373.5930461883545,374.45807683467865,0.9475193619728088
318,19.05649999389425,140.69788368311862,141.47564015037366,106.55648058043259,133.5554341238226,170.05553868411,168.68191289186183,179.28897611813414,173.36423211464802,417.27006912231445,116.96097999811172,0.9999806880950928,425.43638038635254,112.07461333274841,0.9999455809593201,411.6121416091919,111.12046331167221,0.9999436736106873,432.68014907836914,115.180440813303,0.9998862743377686,408.1176047325134,113.54642382264137,0.999922513961792,452.83415603637695,150.06250256299973,0.9999066591262817,389.2515535354614,145.64844578504562,0.9998170137405396,490.48048400878906,120.70630979537964,0.9948897361755371,353.1520462036133,101.76384845376015,0.988419771194458,468.4697666168213,64.51338517665863,0.9891060590744019,359.79648065567017,47.67910262942314,0.9743698239326477,429.2411861419678,254.31853890419006,0.9998084306716919,390.8929433822632,248.2656216621399,0.9996610879898071,425.42162132263184,332.22825932502747,0.9716282486915588,378.17667055130005,317.5395429134369,0.9767289161682129,422.72124338150024,406.0233635902405,0.9656268358230591,373.885169506073,382.73733937740326,0.9436545372009277
319,20.712300029117614,145.8373608886376,147.88894479149178,113.31323464219878,144.98216400207912,170.8242547375456,169.5420828925671,179.15874903340972,174.0789363359228,417.2809362411499,116.97798201441765,0.9999764561653137,425.43916034698486,111.82381400465965,0.9999367594718933,411.6257128715515,110.85867357254028,0.9999356269836426,432.32926750183105,114.75502714514732,0.999879002571106,408.0692081451416,112.91618821024895,0.9999202489852905,451.8084011077881,149.25200426578522,0.9998816847801208,389.20522928237915,143.62710762023926,0.9997828006744385,488.9409418106079,113.6618338227272,0.995064377784729,358.7743902206421,96.57359656691551,0.9892010688781738,467.9684638977051,57.48401656746864,0.9891892075538635,360.86150884628296,40.34995862841606,0.975768506526947,429.3247365951538,254.55604004859924,0.9997994899749756,390.64315128326416,249.131321310997,0.9996597170829773,425.4135847091675,332.3920257091522,0.9726290702819824,378.34639978408813,321.2439738512039,0.9770891666412354,422.8631982803345,404.155549287796,0.9661663770675659,374.0057439804077,387.36322689056396,0.9449418783187866
320,15.55840001674369,151.55272812731553,152.70560778054067,122.65805510372635,153.49853633271167,171.433372347867,170.72701189244404,179.22567880681962,174.36524463359834,417.30342864990234,117.14093640446663,0.9999690651893616,425.44219303131104,111.7503142952919,0.9999210834503174,411.63344621658325,110.74769392609596,0.9999216794967651,431.9957733154297,114.71685630083084,0.9998612999916077,407.9542946815491,112.7520300745964,0.9999111890792847,450.6541109085083,148.74536269903183,0.9998415112495422,389.1726784706116,142.18671560287476,0.9997227191925049,484.0060062408447,108.75570863485336,0.9949482083320618,363.31487464904785,93.42163500189781,0.9897487759590149,465.88910388946533,51.3430442661047,0.988596498966217,361.8901700973511,36.48600646853447,0.9765092134475708,429.3238773345947,254.7102334499359,0.9997900724411011,390.39980363845825,251.95623445510864,0.9996599555015564,425.49506282806396,332.58792996406555,0.9718160629272461,379.1888036727905,325.80219519138336,0.9762137532234192,422.97320890426636,403.37580704689026,0.9649848937988281,375.6222152709961,393.90807008743286,0.9454346299171448
321,23.123799997847527,156.46990740511035,159.27997908007302,132.4953895785757,164.58437371189947,172.40108502583735,171.71380207064905,179.39050421380674,173.53593845742444,417.27901554107666,116.54798129200935,0.9999587535858154,425.32851791381836,111.20290920138359,0.9999000430107117,411.62596559524536,110.18825849890709,0.9999046325683594,431.3801383972168,114.56187227368355,0.9998356699943542,407.5536012649536,112.5347718000412,0.9998986124992371,448.6468782424927,147.46850913763046,0.9997989535331726,388.6851239204407,141.86163306236267,0.9996674060821533,477.8161964416504,103.86808836460114,0.9947084784507751,368.46475172042847,89.81824746727943,0.9901859164237976,463.841233253479,46.63387393951416,0.9879211783409119,362.6451063156128,32.69322843849659,0.977127730846405,429.2386083602905,254.76547753810883,0.9997797012329102,389.6827507019043,253.37292194366455,0.9996615052223206,425.60853576660156,333.07435715198517,0.970050036907196,379.25127696990967,329.78618001937866,0.9751888513565063,423.1033363342285,403.2477968931198,0.9626617431640625,377.64549589157104,400.0300780534744,0.9461705684661865
322,18.033100001048297,160.85127456530216,166.12642943057182,141.48285900810077,173.59197638189804,172.4682891204941,173.01429597932,179.90650298027336,172.3079444862729,417.01428747177124,116.53961205482483,0.999955415725708,424.78703212738037,111.29390951991081,0.9998942613601685,411.18622636795044,110.22179955244064,0.9998996257781982,430.52274799346924,114.60128247737885,0.9998301267623901,406.2109055519104,112.65729030966759,0.9998963475227356,446.84632301330566,146.83220493793488,0.999779999256134,386.95510387420654,141.92911404371262,0.9996288418769836,472.26143074035645,100.46141707897186,0.9945122003555298,372.8445038795471,87.302404910326,0.9906877279281616,462.56017684936523,44.242619052529335,0.987495481967926,364.14916610717773,26.01740489900112,0.9782735109329224,428.3700475692749,256.32923567295074,0.9997866153717041,388.15897846221924,255.02312183380127,0.9996760487556458,425.5544023513794,335.14348900318146,0.9707596898078918,379.38312292099,333.5608413219452,0.9754230380058289,423.00555753707886,403.36905467510223,0.9630139470100403,380.91432523727417,400.20236325263977,0.9467742443084717
323,15.026900044176728,163.47515747112033,170.34388550876415,146.3251697661512,176.673261070252,172.96267768684862,173.12288841113437,179.9972426942898,171.50921432999277,416.0820908546448,116.5419554412365,0.9999459385871887,423.36043214797974,111.18328601121902,0.9998764991760254,410.1156129837036,110.02144357562065,0.9998835325241089,428.93695735931396,114.65112751722336,0.9998041987419128,404.29611921310425,112.74861115217209,0.9998789429664612,445.0126609802246,145.62472701072693,0.9997440576553345,384.68321895599365,142.00972938537598,0.999563455581665,467.67070484161377,97.77102428674698,0.9941553473472595,374.35523557662964,87.90969812870026,0.9908401370048523,459.6369218826294,42.9556048810482,0.9866834282875061,366.30838680267334,26.633138582110405,0.9788905382156372,427.5643138885498,258.1777045726776,0.9997787475585938,386.99028301239014,256.74742686748505,0.9996796250343323,425.18274688720703,335.04055094718933,0.9703428149223328,379.4631857872009,331.82502591609955,0.9752894639968872,423.06729793548584,403.42099380493164,0.9627633094787598,382.8502140045166,401.9410847425461,0.9488399624824524
324,15.039300022181123,163.7178674241409,173.12628900023793,146.21083141096966,176.19676312217996,172.78588799040443,173.74470875502803,179.99674260446605,170.35372028882327,415.0453677177429,116.34902137517929,0.9999381303787231,422.24910497665405,110.79874271154404,0.9998623132705688,408.92447566986084,109.35591471195221,0.9998719692230225,427.7715473175049,114.36972171068192,0.9997843503952026,402.49637269973755,112.27340230345726,0.9998676180839539,443.55975246429443,144.87206548452377,0.9997174739837646,382.38464641571045,140.62294322252274,0.9995244145393372,465.9259510040283,96.59940230846405,0.9939467906951904,374.3916530609131,87.21193167567253,0.9911606907844543,457.50448989868164,43.00126530230045,0.9862760901451111,369.3390746116638,25.860508412122726,0.9798362851142883,426.46916103363037,258.17796099185944,0.999772310256958,385.7010889053345,256.6344884634018,0.9996828436851501,424.66956615448,333.785493016243,0.9709181189537048,379.70117568969727,330.91750144958496,0.9759326577186584,423.0109910964966,403.30212926864624,0.9633437991142273,386.10524463653564,403.69983541965485,0.9513448476791382
325,14.536800037603825,163.80801690556808,175.35521181307223,146.39022241738346,174.6772304522844,173.15931589015352,173.57178467780784,179.90144737704543,169.42191440037715,413.7543034553528,116.12777435779572,0.999934196472168,420.83375120162964,110.3006840646267,0.999856173992157,407.5464744567871,108.85371062159538,0.9998677968978882,426.4240245819092,114.31130087375641,0.9997765421867371,400.8098211288452,112.28176441788673,0.9998644590377808,441.69177055358887,144.732901096344,0.9997066855430603,379.90772676467896,140.70328789949417,0.9995089173316956,463.4320230484009,96.20643278956413,0.9938867092132568,373.2649350166321,88.2915775179863,0.9916387796401978,454.38805294036865,42.028261348605156,0.9862045645713806,371.2285885810852,26.9237612336874,0.9811623096466064,425.87662506103516,258.1136282682419,0.999771773815155,385.1336736679077,256.7480536699295,0.999690592288971,424.42326164245605,333.798855304718,0.9726454615592957,380.11822032928467,331.28147423267365,0.9773140549659729,423.2005591392517,403.7391530275345,0.9650822877883911,388.5127663612366,402.43665754795074,0.9543514847755432
326,18.44869996421039,163.30725656679826,176.5926122849737,147.9207696778598,174.0928433259636,173.78670954259482,173.27487324515522,178.73742910397843,169.88059245722602,411.73180627822876,116.17552530765533,0.9999322891235352,418.95919847488403,110.3164182305336,0.9998537302017212,405.23607444763184,108.85621783137321,0.9998655915260315,424.91713428497314,114.32536831498146,0.9997730255126953,398.6325306892395,112.32829025387764,0.9998623132705688,440.1839199066162,145.1975611448288,0.9996978044509888,378.4375066757202,140.94748443365097,0.9994861483573914,461.240403175354,98.5174391567707,0.9937371015548706,372.39255809783936,88.03975251317024,0.9920748472213745,453.8463649749756,44.539872989058495,0.986092209815979,371.7574129104614,28.470535159111023,0.9823656678199768,425.139986038208,258.1502962112427,0.9997747540473938,384.7654299736023,257.38838934898376,0.9996986389160156,423.3285131454468,333.72022008895874,0.9740885496139526,380.1519842147827,330.42255544662476,0.9784417152404785,423.18954038619995,405.7189370393753,0.966486394405365,388.0527334213257,399.71351432800293,0.9564457535743713
327,14.075000013690442,162.0340148802336,177.89865727479176,147.00258820496444,172.55549707047075,174.2355069857322,173.85514726439862,177.74151116385258,170.6532559579817,409.8908405303955,116.19231364130974,0.9999284744262695,417.3906183242798,110.35571447014809,0.9998469352722168,403.3530807495117,108.90530073642731,0.9998595714569092,423.4550266265869,114.35773411393166,0.9997618198394775,396.89659690856934,112.34970125555992,0.9998540878295898,438.82340717315674,145.49986511468887,0.9996851682662964,376.2632236480713,141.03344184160233,0.9994633793830872,460.85808277130127,99.49844908714294,0.9935517907142639,371.16646909713745,87.29204842448235,0.9924198985099792,453.9959774017334,46.684769585728645,0.985852062702179,373.32455253601074,26.312249563634396,0.9832737445831299,423.7146496772766,258.30768060684204,0.999778151512146,383.05133152008057,258.1806961297989,0.999707818031311,421.3211793899536,331.8547705411911,0.9750519394874573,379.5884609222412,328.2683779001236,0.9793129563331604,421.82892656326294,405.5878783464432,0.9670573472976685,387.3733615875244,396.4032281637192,0.958000123500824
328,15.881799976341426,160.77432817854663,179.9489521273297,145.29288551727467,173.7651829067063,174.53890805555307,174.1575894257589,176.76629564481647,171.23627835747968,407.36026763916016,116.48933964967728,0.9999269247055054,415.14205980300903,110.38090765476227,0.9998442530632019,400.7083020210266,109.16704061627388,0.9998569488525391,421.94207096099854,114.36732134222984,0.9997586011886597,394.4752006530762,112.51167270541191,0.999851405620575,437.59264278411865,145.70263570547104,0.9996872544288635,374.1089816093445,141.15468537807465,0.9994661808013916,460.9487600326538,99.26062741875648,0.9935276508331299,370.6805319786072,87.38306298851967,0.9927300810813904,453.5089282989502,46.382850244641304,0.9858668446540833,373.4161901473999,26.82684190571308,0.9841205477714539,422.8232173919678,258.3040052652359,0.999779999256134,381.69339656829834,258.46227288246155,0.9997150897979736,420.2347455024719,332.00460481643677,0.9758975505828857,379.0209445953369,329.8751859664917,0.9799769520759583,421.8172507286072,406.17872512340546,0.9679053425788879,386.89738178253174,397.7358671426773,0.9596668481826782
329,14.470399997662753,160.75938405272595,176.23395617733354,146.33109583231027,164.99227206548437,175.08084189116798,174.9457024519567,175.64905790243765,171.1931028499458,405.17468786239624,116.58650115132332,0.9999265670776367,412.95309352874756,110.41170644760132,0.9998428821563721,399.0381269454956,109.2650853395462,0.9998553991317749,420.2141990661621,114.39515706896782,0.9997565150260925,392.91672945022583,112.6310287117958,0.9998481869697571,436.31148529052734,145.8566439151764,0.9996919631958008,372.31626081466675,141.27597165107727,0.9994677901268005,459.82545375823975,98.55495470762253,0.9934131503105164,365.4068202972412,88.017080783844,0.9928889274597168,453.1283264160156,45.81302271783352,0.9855080246925354,373.4082546234131,28.175441198050976,0.9844393134117126,422.06231689453125,258.7828538417816,0.9997873902320862,379.86279249191284,260.3679232597351,0.9997269511222839,419.1530375480652,332.0954911708832,0.9756442904472351,378.1221833229065,330.1691848039627,0.9795804023742676,421.83453702926636,405.9826784133911,0.9674656987190247,387.0399684906006,399.03531408309937,0.9595044255256653
330,16.743099957238883,157.32832473502702,171.40182637326407,142.78526117834244,153.80817452724034,174.55880563656524,175.8744502707676,175.1723158980041,171.7507361478988,403.0438733100891,116.599250882864,0.9999282956123352,410.5375351905823,110.43702071905136,0.9998456835746765,397.096577167511,109.2893668115139,0.999858021736145,418.2222056388855,114.41655382514,0.9997614622116089,391.0478882789612,112.70845305919647,0.999850869178772,434.1035394668579,145.96010905504227,0.9997061491012573,370.57244205474854,141.34083145856857,0.9994903206825256,460.19256019592285,100.46807685494423,0.9933273792266846,358.96807765960693,87.99138188362122,0.9932484030723572,453.380898475647,47.88533844053745,0.9853417873382568,373.4065613746643,29.73636269569397,0.9850723147392273,419.90658378601074,258.9436286687851,0.9997968673706055,378.2419238090515,260.80055940151215,0.9997403621673584,417.70005321502686,332.39122796058655,0.9755923748016357,377.680700302124,331.9208981990814,0.9794581532478333,421.64527225494385,405.07532489299774,0.9673601984977722,386.88954734802246,399.172070980072,0.9596894979476929
331,14.625400013756007,155.72038628959677,166.969415740225,143.13105617075763,142.06030748129334,175.1462916781132,175.4431483885705,174.70301298722265,171.03877493905406,401.1975498199463,116.63643878698349,0.9999302625656128,408.4058108329773,110.45244148373604,0.9998480081558228,395.0934133529663,109.50732311606407,0.9998610615730286,416.40016889572144,114.4251723587513,0.9997643232345581,389.26643896102905,113.00418272614479,0.9998531341552734,433.5068588256836,146.2955908179283,0.9997169971466064,368.81267642974854,142.08816516399384,0.9995079636573792,461.03812313079834,101.18429124355316,0.9931966066360474,352.45023250579834,88.95132982730865,0.9935452938079834,456.0582027435303,49.21272794902325,0.9850020408630371,373.53838205337524,33.50782944262028,0.9854095578193665,419.2870569229126,260.2003960609436,0.9998067021369934,377.41870164871216,262.6025309562683,0.9997537136077881,416.43282079696655,332.45194232463837,0.9751086831092834,376.84686374664307,331.97941875457764,0.9786928296089172,420.26138257980347,404.6673904657364,0.9667817950248718,386.77925872802734,398.52620804309845,0.9590982794761658
332,19.88009997876361,148.8835278605421,162.99246982004684,139.76163407803983,129.96480816464728,174.5788171573316,174.78767429256428,176.48151075501568,170.13125875599275,399.08801460266113,116.84919548034668,0.9999343752861023,406.48584365844727,110.57452550530434,0.9998553991317749,393.0826930999756,109.74438977241516,0.9998686909675598,414.3018798828125,114.47623538970947,0.999775230884552,387.40732765197754,113.02652680873871,0.9998601675033569,432.13002014160156,146.94025713205338,0.9997358322143555,366.53778409957886,142.42186623811722,0.9995376467704773,461.4889316558838,109.31260123848915,0.9930925965309143,346.7892470359802,92.79953357577324,0.9938827157020569,459.12055683135986,49.70423722267151,0.9849165081977844,374.6179165840149,41.18901205062866,0.9858431816101074,418.4029030799866,261.26835346221924,0.9998207688331604,376.48809719085693,263.6084349155426,0.9997693300247192,416.61895179748535,332.96090590953827,0.9754490852355957,375.86978340148926,331.9389330148697,0.9778293967247009,419.24002504348755,404.6782740354538,0.967701256275177,386.7518382072449,398.02787160873413,0.9583263993263245
333,15.801500005181879,142.59264389760344,157.6277388583955,135.23425980533344,119.74814749733494,173.76253840829654,174.58392230268623,176.7086348079141,169.78287332143984,396.80033445358276,117.83168694376945,0.9999381899833679,404.3157558441162,110.94370502233505,0.9998615384101868,390.52224826812744,110.80017438530922,0.9998756647109985,412.104371547699,114.86265909671783,0.9997848868370056,385.0251793861389,113.79143235087395,0.9998669028282166,431.2427577972412,147.7745881676674,0.9997518062591553,364.333881855011,144.72952491044998,0.9995675683021545,461.9366064071655,116.63187310099602,0.9930682182312012,342.1517925262451,101.9195162653923,0.994170606136322,461.7369041442871,53.63818469643593,0.9848061203956604,374.39804697036743,51.999602019786835,0.9861024022102356,416.7627010345459,262.77136874198914,0.9998311400413513,374.910671710968,265.168603181839,0.9997828602790833,415.6008291244507,333.6385078430176,0.9749947190284729,374.4465446472168,332.09751403331757,0.9771411418914795,418.4909267425537,404.0006151199341,0.9672021865844727,385.76998138427734,397.5183666944504,0.9581102728843689
334,19.09790001809597,128.94708756670093,150.63733325811688,121.56334254420754,111.62585692025951,173.98684761872175,174.2630389035044,176.50675908027821,168.44893506835106,396.2641558647156,117.69866237044334,0.999940812587738,403.9374032020569,110.92414593696594,0.9998648166656494,389.98958253860474,110.76609912514687,0.9998793005943298,410.84247159957886,114.8780228793621,0.9997888207435608,384.64771127700806,113.81813555955887,0.9998695254325867,429.49153423309326,148.94870311021805,0.9997630715370178,363.12197065353394,145.72567069530487,0.9995899200439453,461.99564266204834,128.61822336912155,0.9929491877555847,340.03000020980835,112.08672201633453,0.9944195747375488,461.47902488708496,64.49094849824905,0.9845395088195801,374.23246240615845,61.199402302503586,0.9861909747123718,415.4831862449646,264.33304703235626,0.9998403787612915,373.9841613769531,267.3004152774811,0.9997934103012085,414.3367304801941,336.588382601738,0.9746423959732056,373.2544469833374,333.5169081687927,0.9756162166595459,417.4783892631531,406.19610464572906,0.9668565392494202,385.71309328079224,398.0942556858063,0.9562987685203552
335,18.18990003084764,98.12310462327001,138.85005150761714,85.95535699302626,96.31096271085912,173.69331262880058,174.72976908336034,176.45193996149112,168.42277862711626,395.2965021133423,117.69565656781197,0.9999427795410156,403.18580293655396,110.92818453907967,0.9998670220375061,388.54946184158325,110.7637414932251,0.9998810291290283,410.7553324699402,114.91292437911034,0.9997924566268921,383.5385322570801,113.8205715417862,0.9998693466186523,428.8230800628662,149.20905405282974,0.9997693300247192,363.0759243965149,146.51541328430176,0.9996016025543213,467.36945819854736,148.4123739004135,0.9929081797599792,339.371705532074,123.74617344141006,0.9942704439163208,461.3404312133789,82.52976727485657,0.9838561415672302,374.2679195404053,78.32845294475555,0.9842854142189026,414.8169560432434,264.291250705719,0.9998381733894348,373.5969886779785,266.7087992429733,0.9997898936271667,414.0185766220093,336.6229137182236,0.9736835956573486,373.28224658966064,334.09103071689606,0.9728071689605713,417.5358839035034,405.68181324005127,0.9663272500038147,386.57745885849,400.5691281557083,0.9545156955718994
336,17.31870003277436,83.03114965500741,105.44596255420683,67.34288682606797,57.08360532121346,175.65403328800926,174.10345635951936,171.1555061596868,167.91855483482075,393.5889492034912,117.60291829705238,0.9999468922615051,401.09292221069336,110.80599367618561,0.9998748898506165,386.582058429718,110.61605116724968,0.9998883008956909,409.0924105644226,114.66696852445602,0.99980628490448,381.30655241012573,113.60793593525887,0.9998774528503418,427.58367252349854,149.27956932783127,0.999779224395752,361.9340934753418,146.96446025371552,0.9996228218078613,470.39400482177734,160.0259975194931,0.9931636452674866,331.25553464889526,141.59886038303375,0.99420565366745,461.20845890045166,99.04217964410782,0.9830502271652222,369.7893018722534,100.03994941711426,0.9814082384109497,413.7841248512268,259.71365547180176,0.9998268485069275,373.34176301956177,264.88919174671173,0.9997816681861877,410.1816749572754,333.99171102046967,0.9722626805305481,372.8964891433716,333.631954908371,0.9699032306671143,417.52756929397583,403.09591126441956,0.9642302393913269,387.0927119255066,402.1207776069641,0.9519774317741394
337,23.442199977580458,67.03093393228791,80.21483771564942,52.081059416564074,28.7406219031363,175.92879015819213,173.26879883388293,170.1155551057622,168.0297194654253,391.9739942550659,118.29502928256989,0.9999501705169678,399.98513317108154,111.22901409864426,0.9998801350593567,385.22884941101074,110.70725804567337,0.9998939037322998,407.33441400527954,114.65121299028397,0.999815046787262,379.61808013916016,113.5790887773037,0.9998831748962402,425.0396547317505,149.26506739854813,0.9997879266738892,360.0210762023926,147.4039484858513,0.9996457099914551,466.88240909576416,173.1902876496315,0.9932365417480469,321.0115566253662,158.87050145864487,0.9940192699432373,459.87402725219727,124.30469715595245,0.9825660586357117,360.699866771698,119.01431357860565,0.9796995520591736,412.5026640892029,254.5382331609726,0.9998013973236084,373.18985080718994,261.30299854278564,0.9997653365135193,408.86839628219604,331.0305823087692,0.9710568189620972,373.01880741119385,333.3285540342331,0.9689127802848816,416.9448642730713,395.28452825546265,0.9618613719940186,387.3184700012207,401.57355058193207,0.9515771269798279
338,17.184500000439584,53.36097401911448,68.22235942448356,35.42253224373739,7.3878091941309725,175.85772597747044,173.11731182812736,171.0019209999166,168.53960024671923,392.19222116470337,118.28999349474907,0.9999516606330872,399.3634581565857,111.22315207123756,0.9998794794082642,384.70697498321533,110.74124071002007,0.9998937845230103,405.9925775527954,114.0962079167366,0.9998108744621277,379.34387493133545,113.58057743310928,0.9998807311058044,425.6376495361328,149.29237604141235,0.9997929930686951,360.0745778083801,150.26684015989304,0.9996628761291504,462.30866622924805,184.22565752267838,0.9931456446647644,322.8615951538086,170.66586929559708,0.993914008140564,456.50618076324463,154.28430193662643,0.9822850823402405,354.7208790779114,147.41832220554352,0.9797283411026001,412.89026641845703,253.55133271217346,0.9997844099998474,373.39619970321655,259.5101726055145,0.9997562170028687,409.2891812324524,326.4381717443466,0.9711478352546692,373.48601770401,333.1438467502594,0.969843327999115,416.3131308555603,391.4158750772476,0.9607904553413391,387.46540355682373,401.6692804098129,0.9532302021980286
339,30.75650002574548,38.46584513123644,51.05371183494858,21.609577855711617,19.29263150654754,178.18498543576837,172.8174316897685,166.46720106073127,169.75559156873481,391.6722674369812,118.56330072879791,0.9999531507492065,398.83531618118286,111.51928773522377,0.9998809099197388,384.226749420166,111.15938916802406,0.9998961091041565,404.96816205978394,114.10580226778984,0.9998117685317993,378.81982707977295,113.6920627951622,0.9998815059661865,426.10377311706543,152.49057853221893,0.9998047351837158,358.37084102630615,151.9683096408844,0.9996879696846008,453.2403335571289,197.30541479587555,0.9924423098564148,327.68545866012573,184.77975088357925,0.9939731359481812,449.2544765472412,173.7056189775467,0.9806070327758789,357.7662754058838,169.03710889816284,0.9800596237182617,413.207510471344,253.58386945724487,0.9997897148132324,373.4371409416199,259.55991792678833,0.9997663497924805,406.9838356971741,318.75779044628143,0.9724775552749634,374.46221351623535,334.00766599178314,0.9714605212211609,415.22631788253784,376.8325184583664,0.9603862762451172,388.4118537902832,405.5505551099777,0.9560077786445618
340,30.315999989397824,32.23163358772599,42.13167803698905,6.8233738558671675,48.327131896422614,179.14632559436538,172.7246082456057,166.83421415058137,171.09597021536098,391.4627594947815,118.72510835528374,0.9999493360519409,398.90398120880127,111.85763284564018,0.9998751878738403,384.12353706359863,111.45682829618454,0.9998891949653625,404.6438670158386,114.51595187187195,0.9997961521148682,378.74633502960205,113.8887647986412,0.9998676776885986,425.3465623855591,156.68086683750153,0.9998109936714172,357.30237579345703,154.1595824956894,0.9997066855430603,446.00894832611084,201.31843197345734,0.9905786514282227,329.1786766052246,196.8402419090271,0.9935848712921143,441.6135778427124,187.80346012115479,0.9767483472824097,359.5296549797058,192.4175665974617,0.9800828695297241,412.8415160179138,253.0621418952942,0.9997949600219727,373.5365877151489,259.6414592266083,0.9997795224189758,407.21846437454224,302.1188637018204,0.9724079370498657,375.4810185432434,335.20272183418274,0.9724903702735901,413.2823419570923,354.3129311800003,0.9525279402732849,388.8932418823242,408.4377781152725,0.9576404690742493
341,22.092600003816187,24.49752367604179,38.27391564711976,94.93224006153815,62.81779115069789,175.29177935104983,172.4194458858142,175.75735529638146,172.75133191279122,391.8426537513733,118.72312822937965,0.9999401569366455,399.1822552680969,112.12433016300201,0.9998571872711182,384.532696723938,111.51477190852165,0.9998701810836792,404.3384757041931,114.83489459753036,0.9997552037239075,378.93100023269653,113.96535578370094,0.999828577041626,423.9074020385742,157.8680591583252,0.9998168349266052,356.3618392944336,156.2214064002037,0.9997212290763855,439.9054183959961,207.41523963212967,0.9888817071914673,330.19649600982666,204.08341425657272,0.9931573867797852,437.1134786605835,208.59039449691772,0.9727318286895752,365.6070280075073,204.99982792139053,0.979527473449707,412.867470741272,253.23878622055054,0.9997941851615906,373.8777394294739,259.68015003204346,0.9997878074645996,411.4243679046631,296.8591364622116,0.9731224775314331,376.5831971168518,336.0579082965851,0.973870038986206,413.63623094558716,350.80716812610626,0.9478132128715515,388.8924837112427,411.41298139095306,0.9599320292472839
342,17.199599999003112,22.10943523035713,35.199173907180736,135.71804806802464,75.12118503156118,175.52018133615437,172.46616849925297,177.1409969944473,172.8889779994456,392.1455683708191,118.70544242858887,0.9999315142631531,399.37730741500854,112.32984301447868,0.9998411536216736,384.87364625930786,111.57309302687645,0.9998520016670227,404.005259513855,115.16578218340874,0.9997166395187378,378.98905086517334,114.28884994983673,0.9997833371162415,422.8256940841675,158.94380885362625,0.9998250603675842,356.575138092041,158.99559128284454,0.9997378587722778,437.2806806564331,210.08281111717224,0.9873718023300171,333.3626184463501,208.09227174520493,0.992676854133606,432.66053771972656,218.59260874986649,0.9697648882865906,370.3133749961853,214.89106965065002,0.9793785214424133,412.45295333862305,252.51078367233276,0.9998000264167786,374.0263156890869,259.04032719135284,0.9997990727424622,411.2399048805237,290.14599680900574,0.9736542105674744,377.22531747817993,336.6307202577591,0.9748710989952087,407.0222496986389,341.3904016017914,0.9434029459953308,389.78166675567627,411.8908042907715,0.9618610739707947
343,17.764899996109307,20.94457046505849,33.113050848308724,151.10752746746456,87.07111145187689,178.60197600751354,172.03636574481604,178.00793294183524,172.4660996297197,392.2554020881653,118.74143370985985,0.9999260902404785,399.3093500137329,112.63272392749786,0.9998311400413513,384.95128297805786,111.85487633943558,0.9998406767845154,403.75149965286255,115.67763760685921,0.9996894001960754,378.927942276001,114.90517482161522,0.9997496604919434,422.6519718170166,160.90594267845154,0.9998339414596558,356.67994260787964,162.01605254411697,0.9997549057006836,435.55852031707764,212.4962854385376,0.986176609992981,336.2885775566101,210.31414395570755,0.9923686385154724,431.6132001876831,227.37942457199097,0.968044638633728,370.6588988304138,222.79708558321,0.9795204401016235,411.5465598106384,252.69010615348816,0.9998084902763367,374.08019638061523,258.4938979148865,0.9998098611831665,406.8663697242737,284.78347396850586,0.973627507686615,377.18766164779663,337.23262155056,0.9750685691833496,400.8491702079773,339.2437456846237,0.9396392703056335,390.3190584182739,413.3033035993576,0.9632384181022644
344,21.09350002137944,20.83815338793906,31.366671591126302,159.48925481014092,92.88605856208227,137.06748404444733,171.6880322698097,133.6426456201819,172.0597602749727,392.13866901397705,118.8726918399334,0.9999265074729919,399.07535314559937,112.90073895454407,0.9998328685760498,384.77811670303345,112.17307117581367,0.9998406171798706,403.46218156814575,116.10997459292412,0.9996846318244934,378.7091341018677,115.4220802783966,0.9997397065162659,422.65854263305664,161.84418046474457,0.999844491481781,356.8882122039795,162.85015565156937,0.9997722506523132,434.54454231262207,211.3659469485283,0.984483003616333,338.07826566696167,211.7616159915924,0.9922550916671753,432.350546836853,229.19816309213638,0.965625524520874,370.68043088912964,226.2234584093094,0.9798396825790405,411.03145837783813,252.08820486068726,0.9998191595077515,374.1124691963196,257.33513963222504,0.9998210072517395,404.033438205719,257.90342152118683,0.9739764928817749,376.9193196296692,336.94038915634155,0.975132405757904,398.92308712005615,332.54351246356964,0.9400050640106201,390.2150626182556,412.6562155485153,0.9647513628005981
345,23.276399995665997,20.986623666779945,31.329497659957195,157.45060488047392,91.53840933577074,48.714291292127456,171.3451024941384,42.82963226714739,171.2807997409786,391.990421295166,119.13886207342148,0.9999288320541382,398.9030966758728,113.36822673678398,0.9998384118080139,384.6974220275879,112.65735441446304,0.9998441934585571,403.33528900146484,116.62209355831146,0.999687910079956,378.6501989364624,115.96851667761803,0.9997391700744629,422.81614112854004,163.18622148036957,0.9998546838760376,356.8830819129944,163.18889963626862,0.9997900128364563,434.68920135498047,214.64744293689728,0.9821380376815796,338.1651268005371,212.04696780443192,0.992027759552002,432.2697763442993,229.0167037844658,0.9633266925811768,370.2914638519287,225.35458201169968,0.9801155924797058,410.3253483772278,252.12182426452637,0.9998312592506409,374.0644516944885,257.105388045311,0.9998334646224976,401.5929865837097,241.97651386260986,0.9742546081542969,376.44558906555176,336.75645112991333,0.9751532077789307,398.50336360931396,325.83134150505066,0.9414569735527039,390.3375577926636,412.21397793293,0.9663591980934143
346,18.803799990564585,21.505534206192134,31.047094253709883,159.88125239072411,87.13045991783878,61.352384674320746,171.65697007519526,53.40278951673504,170.5046497032926,391.81702756881714,119.64231264591217,0.9999287724494934,398.8246259689331,114.06976824998856,0.9998398423194885,384.54207277297974,113.23568651080132,0.9998424053192139,403.28337955474854,117.24315506219864,0.99968421459198,378.48784923553467,116.38254818320274,0.9997310638427734,422.404504776001,163.84966337680817,0.9998630285263062,356.3402819633484,163.05625969171524,0.999805212020874,433.78945446014404,216.32872653007507,0.9801824688911438,337.67484283447266,211.67675548791885,0.9917793273925781,432.1908254623413,227.88123691082,0.9610589146614075,369.4681911468506,222.0882574915886,0.9803087711334229,407.9422650337219,252.50186598300934,0.9998401403427124,373.05615997314453,257.42069816589355,0.9998433589935303,399.7508330345154,246.1220427751541,0.974280059337616,375.41207551956177,336.6953948736191,0.9751524329185486,397.9800486564636,323.22153556346893,0.9409964680671692,390.28686141967773,411.83516132831573,0.9673570990562439
347,24.558700039051473,22.24530375414333,33.163669974821964,145.1397871698552,77.5309967206231,143.98185789018154,172.02148169062332,136.95064791872727,170.09783969643726,391.3726382255554,119.64395087957382,0.9999271631240845,398.5942430496216,114.08295246958733,0.9998388290405273,384.1806273460388,113.21565020084381,0.9998385310173035,403.2963948249817,117.47259324789047,0.9996776580810547,378.2150845527649,116.4398365020752,0.9997223615646362,422.4665231704712,164.29043370485306,0.9998688697814941,355.98798513412476,162.9564271569252,0.999817967414856,434.7305974960327,217.75817799568176,0.9770985841751099,335.3363652229309,210.6897125840187,0.9912954568862915,431.55375957489014,225.6442787051201,0.9569324254989624,368.8044376373291,217.15072095394135,0.9796909689903259,407.8193655014038,253.47520470619202,0.9998451471328735,372.4646348953247,258.66336250305176,0.9998498558998108,400.32350492477417,260.881388425827,0.9737998247146606,374.92507696151733,337.41040551662445,0.9748629927635193,397.8599543571472,322.340536236763,0.9391770958900452,390.2634844779968,411.5303359031677,0.9679549932479858
348,19.6832999936305,24.652710776086035,36.3494026830062,123.71774584757954,66.71781997238568,161.96048096237018,172.00103378861579,157.39887608293893,169.72443407474395,390.6281394958496,119.57826483249664,0.9999274611473083,398.06329584121704,113.93207114934921,0.9998399019241333,383.4908938407898,113.09644377231598,0.9998385906219482,403.01384973526,117.45014944672585,0.9996790885925293,377.7693557739258,116.42015632987022,0.9997231364250183,421.8377718925476,163.61707693338394,0.9998736381530762,355.6229763031006,162.36387091875076,0.9998283982276917,436.1997308731079,213.76875138282776,0.976401686668396,332.85110569000244,207.96642690896988,0.9912828803062439,432.2621440887451,218.41144859790802,0.9555102586746216,367.1950173377991,209.91860312223434,0.9796499609947205,408.1168465614319,253.57181775569916,0.9998490214347839,372.440221786499,259.5845341682434,0.9998546242713928,400.75864458084106,268.1942925453186,0.9735653400421143,374.9374098777771,338.39132285118103,0.9746466875076294,396.41384410858154,328.6452856063843,0.9373303055763245,390.57961654663086,411.414662361145,0.968274712562561
349,18.20460002636537,25.917635923100786,41.0862809268671,118.5060668027876,61.597566677459625,155.0079209370382,171.86425398726078,150.22233976197555,169.55640317086326,389.693567276001,119.40898543596268,0.9999295473098755,397.4230456352234,113.58497929573059,0.9998443126678467,382.7108368873596,112.78944590687752,0.9998429417610168,402.673810005188,117.18620151281357,0.9996923208236694,377.2469506263733,116.10424077510834,0.9997328519821167,421.76304149627686,163.1985580921173,0.9998800158500671,355.3266324996948,162.12182545661926,0.9998381733894348,436.5623893737793,210.5426989197731,0.9761269092559814,329.43321990966797,205.0664969086647,0.9914843440055847,432.8406286239624,214.3785446882248,0.9534911513328552,364.8850722312927,206.729289829731,0.980038046836853,408.32344818115234,252.4972789287567,0.9998513460159302,372.4812641143799,259.4256682395935,0.9998564720153809,401.3314428329468,263.04066586494446,0.9744307994842529,375.0466117858887,338.30530846118927,0.9752236008644104,396.7473130226135,332.54812800884247,0.9386631846427917,390.99964332580566,411.4336943626404,0.9695215225219727
350,17.15239998884499,30.662717368762053,43.721063236145234,16.58851321083339,31.623779532058133,155.84952833302444,171.96200402509342,152.1529288622895,169.5138592671706,389.08048486709595,119.34622684121132,0.9999349117279053,396.8974561691284,113.24224656820297,0.999855101108551,382.1064987182617,112.53316205739975,0.9998548030853271,402.4896249771118,116.68989506363869,0.9997156858444214,376.8743348121643,115.86677524447441,0.9997543692588806,421.8445954322815,162.02461409568787,0.9998876452445984,355.0803027153015,160.20341110229492,0.9998509287834167,441.51481342315674,209.4805109500885,0.9767740368843079,327.0806655883789,202.08005392551422,0.9920491576194763,440.1015319824219,195.86312812566757,0.9544637203216553,360.5512652397156,186.74989068508148,0.9813192486763,408.9343066215515,252.18456149101257,0.9998552799224854,372.49541664123535,259.44019865989685,0.999859631061554,402.9617886543274,261.6323547363281,0.9756081700325012,375.13107204437256,338.2469873428345,0.9762819409370422,397.33699321746826,333.869854927063,0.9411463737487793,391.3441562652588,411.97815775871277,0.9710777401924133
351,15.600799990352243,37.00840276554215,59.73525273144684,27.844971214160513,13.100694378103844,162.5528851659643,172.20970905644975,158.18866183489195,169.65656395194438,388.6865644454956,119.34161129593849,0.9999400973320007,396.54023122787476,113.11860978603363,0.9998655319213867,381.6351943016052,112.49241989850998,0.9998661875724792,402.30096673965454,116.50614222884178,0.9997383952140808,376.549711227417,115.85563525557518,0.9997749924659729,421.90540075302124,160.65081983804703,0.9998937845230103,355.1385555267334,159.15737754106522,0.9998617172241211,447.5209436416626,206.5382290482521,0.9774240851402283,319.891131401062,188.83388060331345,0.992555558681488,447.05967235565186,186.61676639318466,0.955145537853241,354.50490140914917,171.201130092144,0.9822707176208496,409.3630018234253,251.77471816539764,0.9998595714569092,372.5161147117615,259.44031262397766,0.9998626112937927,403.79446268081665,263.56350457668304,0.97677081823349,375.32516384124756,338.27912521362305,0.9772964119911194,399.22782135009766,338.81387317180634,0.9438996315002441,391.70057249069214,412.8578180074692,0.9725862741470337
352,18.060400034300983,45.267452992650924,70.65937271837767,29.09474620047871,3.7761856497921293,168.84274316440084,173.13348159259235,164.4274356534921,170.20035742748243,388.4016942977905,119.30291336774826,0.9999446272850037,396.3309507369995,112.87066668272018,0.9998739957809448,381.3984680175781,112.40284413099289,0.9998758435249329,402.302836894989,115.941236525774,0.9997595548629761,376.4598174095154,115.6554787158966,0.9997938871383667,422.37665462493896,157.39201694726944,0.9998990893363953,355.55951738357544,154.28336173295975,0.9998717308044434,454.2582035064697,199.058638215065,0.9788129329681396,318.26366662979126,174.57624757289886,0.9930865168571472,450.320818901062,172.15744543075562,0.9567005038261414,356.8357467651367,150.16649478673935,0.9829251766204834,409.4465522766113,251.22672188282013,0.999854564666748,372.5419430732727,259.0174489021301,0.9998610019683838,403.81773853302,267.57119393348694,0.9775586724281311,375.7865867614746,338.293456196785,0.978610098361969,399.28223276138306,343.23328626155853,0.9438649415969849,391.85546684265137,412.9722949266434,0.9738954305648804
353,17.443799995817244,57.08588870925512,83.9936836130378,45.5154999259219,26.756661715244274,175.54143070320242,173.2562159476085,166.14593698959953,169.86673233392082,388.17555713653564,119.27264165878296,0.9999492764472961,396.1916241645813,112.75165969133377,0.9998828768730164,381.3129463195801,112.22830101847649,0.9998857378959656,402.20139360427856,115.6035680770874,0.9997806549072266,376.3366651535034,114.93159312009811,0.9998124837875366,421.85361766815186,156.1414890885353,0.9999013543128967,355.6061954498291,151.67254436016083,0.999880850315094,458.96513175964355,188.17140740156174,0.9804050326347351,315.6795163154602,162.33909797668457,0.9935919642448425,456.8552932739258,155.43821674585342,0.9583459496498108,353.40805530548096,128.70751422643661,0.9826869368553162,408.7872214317322,250.51820719242096,0.9998411536216736,372.4293293952942,258.4790256023407,0.9998592138290405,400.1065921783447,290.19465947151184,0.9773362278938293,375.4900155067444,337.8851228952408,0.9794878363609314,401.610146522522,347.11803686618805,0.9388181567192078,391.74335861206055,412.17656922340393,0.9745767712593079
354,17.683599959127605,70.85985693230364,97.03150574847984,58.158797380392684,47.34505861588017,178.32969363645515,173.7197489391252,158.2752733425909,169.24552568067273,388.16100025177,119.03558212518692,0.9999539256095886,396.1175003051758,112.37515085935593,0.9998926520347595,381.38547801971436,111.93629655241966,0.9998959898948669,402.1893639564514,115.36737751960754,0.9998012781143188,376.38387393951416,114.17424482107162,0.9998303651809692,421.75659704208374,155.14987337589264,0.9999049305915833,356.5732173919678,150.76809692382812,0.9998898506164551,463.3886556625366,176.5541511774063,0.9821714162826538,316.3927278518677,151.68979567289352,0.9940589070320129,459.6507205963135,130.4199385046959,0.9611670970916748,353.83306074142456,109.13361352682114,0.9825918078422546,408.2341103553772,250.5349599123001,0.9998334050178528,372.33584690093994,258.2185037136078,0.9998598098754883,397.51501178741455,312.98693430423737,0.9766780734062195,375.1812376976013,337.1203099489212,0.9797629117965698,407.73584032058716,361.1319719552994,0.9354018568992615,391.61646604537964,409.34467577934265,0.9742657542228699
355,21.944599982816726,83.82589783002517,112.56711935442134,66.96300305584394,65.00199416884386,178.94314533422147,173.7701478562904,161.3963128366631,167.5314332667554,388.1884207725525,118.6706335246563,0.9999580979347229,396.15950298309326,112.14398184418678,0.9999012351036072,381.4284157752991,111.62083685398102,0.9999051690101624,402.21301889419556,115.29247462749481,0.9998196363449097,376.5376057624817,113.55046954751015,0.9998464584350586,421.7875556945801,153.6905918121338,0.9999033212661743,357.18271112442017,149.19861209392548,0.9998956322669983,469.220760345459,166.11941474676132,0.9837870001792908,317.90517807006836,138.84154218435287,0.9943789839744568,461.8449182510376,115.89131313562393,0.9639778733253479,353.2575583457947,96.36516338586807,0.9822783470153809,407.355592250824,250.15469026565552,0.9998160600662231,371.9124336242676,256.79694426059723,0.9998496770858765,397.30550384521484,326.98964393138885,0.9752405881881714,374.08166217803955,336.18272745609283,0.9787962436676025,408.64675760269165,384.5219314098358,0.9332450032234192,391.2765779495239,404.97489404678345,0.9723902344703674
356,16.386000032071024,91.54445835589696,127.82889215816073,72.67727574315124,83.86772258413602,178.42061932320772,173.50320208489535,160.8496236411272,166.96205206848865,387.9681468009949,116.96372225880623,0.9999614357948303,396.05485010147095,111.07786211371422,0.9999086260795593,381.46445417404175,110.33951020240784,0.9999125003814697,402.1371765136719,114.74818930029869,0.9998359680175781,376.5708894729614,112.47447055578232,0.9998602867126465,421.8470468521118,152.13402765989304,0.9999001622200012,357.52560663223267,148.70268315076828,0.9998931884765625,471.0825252532959,157.9934908747673,0.9852105379104614,318.99012088775635,126.22932255268097,0.9946140050888062,460.54576683044434,101.34054312109947,0.9665921330451965,352.4334011077881,80.83881098031998,0.9819480776786804,407.4968900680542,250.12659811973572,0.9998149275779724,371.88956212997437,256.66095662117004,0.9998493790626526,397.7833032608032,332.173357129097,0.9730479121208191,373.391499042511,336.18808376789093,0.9774444699287415,410.15999126434326,388.47275269031525,0.9276994466781616,390.87676906585693,405.69768273830414,0.970177412033081
357,20.598100032657385,105.05725408598859,142.0938615992939,86.00208988577711,104.10081124629467,176.5595537888801,173.89997186076997,162.83152227986574,167.19987930730636,387.55380630493164,115.03364083170891,0.999963104724884,396.02252674102783,109.37783855199814,0.999912440776825,381.350248336792,108.52297261357307,0.9999151229858398,402.1205472946167,113.13696512579918,0.9998476505279541,376.58494091033936,110.62140035629272,0.9998697638511658,422.51456594467163,149.99982231855392,0.9998870491981506,358.2671232223511,146.98305064439774,0.9998701214790344,470.8617458343506,144.4747012257576,0.9863734841346741,324.0519995689392,112.84564444422722,0.9947732090950012,460.299765586853,87.58375373482704,0.9686012268066406,353.3745188713074,63.72304427623749,0.9816911220550537,407.555597782135,249.643247961998,0.9997957348823547,371.89737129211426,255.50191342830658,0.9998267292976379,400.2041687965393,332.0578830242157,0.9709582328796387,373.3758554458618,335.48578011989594,0.975925624370575,413.8473310470581,395.85423469543457,0.9280741214752197,390.451940536499,404.6988730430603,0.9684675931930542
358,17.436299996916205,121.08975609803119,150.3564860169555,101.25100767657187,116.76097979616357,174.80175646251564,173.7182996601533,165.89047839105586,166.99870906040596,387.8393588066101,113.56175199151039,0.9999630451202393,396.2813663482666,108.10792967677116,0.9999115467071533,381.6058278083801,107.58683604001999,0.9999136328697205,402.17321491241455,112.2841078042984,0.9998538494110107,376.7545690536499,110.26583954691887,0.999876081943512,422.72655057907104,149.12845295667648,0.9998765587806702,359.3644495010376,147.16364097595215,0.9998519420623779,470.003041267395,129.2777619957924,0.9874552488327026,328.09896516799927,104.71828889846802,0.99500972032547,458.52352237701416,72.98387944698334,0.9703925848007202,353.5888285636902,54.395490258932114,0.9819132089614868,408.03094577789307,249.7040193080902,0.9997790455818176,372.13263177871704,255.33170807361603,0.9998023509979248,403.48063039779663,333.32570493221283,0.9700886607170105,372.7534728050232,334.31582486629486,0.9736108183860779,416.72828006744385,401.51189601421356,0.9305458664894104,388.78914499282837,401.35841488838196,0.9657875299453735
359,15.215700026601553,128.96122424159398,157.0198531804542,110.76230131289275,126.79019833330007,173.89306716452816,173.76049750482662,167.90542297367293,167.8879611053554,387.8657937049866,111.68940049409866,0.9999606609344482,396.3305969238281,106.36808279156685,0.9999058246612549,381.7449269294739,106.15674352645874,0.9999067783355713,402.19757747650146,110.89641705155373,0.9998527765274048,376.9271035194397,109.37169161438942,0.9998767971992493,423.0300211906433,147.58184641599655,0.9998618960380554,360.0370988845825,146.33903962373734,0.9998269081115723,467.6327962875366,120.94627541303635,0.9884201288223267,332.9704670906067,98.324013620615,0.9951575994491577,457.5685806274414,64.34427672624588,0.9723029136657715,354.7921471595764,48.846091255545616,0.9823728203773499,408.4633812904358,249.71874916553497,0.999755859375,372.33420419692993,255.44897711277008,0.9997729063034058,405.4662551879883,335.12702119350433,0.9690583348274231,372.59645557403564,334.1944531202316,0.9716222286224365,417.7961640357971,404.4533089399338,0.932518482208252,387.45908546447754,402.344318151474,0.963533878326416
360,15.612000017426908,133.8302061887058,162.81838543123828,117.6647480583266,134.93699034911947,173.05622644151612,173.72634270849747,171.33366728262456,168.05444895427425,387.8921527862549,112.07823169231415,0.9999578595161438,396.37216997146606,106.24361264705658,0.9998993277549744,381.7926917076111,106.22081983089447,0.9998988509178162,402.2052855491638,110.32200959324837,0.9998481273651123,377.124632358551,109.05988588929176,0.9998752474784851,423.5289988517761,146.1527795791626,0.9998472929000854,360.4436049461365,144.65701526403427,0.9997997879981995,466.59612369537354,114.70660665631294,0.9892274737358093,337.42818450927734,91.6282748579979,0.9952805638313293,458.04076957702637,57.26196824014187,0.9740810394287109,357.12946224212646,41.87183852493763,0.9828106760978699,409.5295467376709,249.76934921741486,0.9997367262840271,372.6462926864624,255.54083216190338,0.9997442364692688,408.40654373168945,335.4681726694107,0.9676553606987,372.6551127433777,334.0999199151993,0.9696217179298401,418.1637759208679,405.64468944072723,0.9345179200172424,387.2305979728699,402.9558779001236,0.9613940119743347
361,18.339800008106977,137.92748812259364,167.94225581557293,123.68615074216822,142.2903033901887,172.76157826055677,173.08993812060422,174.28462128428595,167.46720997988385,388.81370973587036,112.15187385678291,0.9999572038650513,396.7143831253052,106.10266044735909,0.9998966455459595,382.8306784629822,106.14300373196602,0.9998955726623535,402.31933975219727,110.31913912296295,0.9998471140861511,377.610746383667,109.16974726319313,0.9998753070831299,423.8889784812927,145.13990956544876,0.9998419880867004,361.1439528465271,143.04769998788834,0.9997818470001221,465.8606472015381,108.87043485045433,0.9899664521217346,342.76467275619507,87.68800237774849,0.9953173995018005,458.95451736450195,53.78155863285065,0.9757394790649414,360.1812524795532,38.0752854347229,0.9831504225730896,410.88295793533325,249.6206260919571,0.9997324347496033,373.5561738014221,255.327206492424,0.9997337460517883,411.0929207801819,333.9811408519745,0.967548668384552,372.7337350845337,333.63047337532043,0.9685123562812805,418.58309507369995,406.98564779758453,0.9377660751342773,387.3370451927185,402.74267959594727,0.9607177972793579
362,18.563400022685528,143.68259555090367,170.6553152649171,132.63236590362558,149.65672441350338,173.8084668447319,173.44308782925913,174.4518104828099,167.33561341466955,390.1120524406433,112.30206426978111,0.9999555349349976,397.49709367752075,106.28392031788826,0.9998922348022461,384.5617094039917,106.20432353019714,0.9998907446861267,403.2999835014343,110.38042330741882,0.9998409748077393,379.2296438217163,109.3244463801384,0.9998716115951538,424.14076709747314,144.84029799699783,0.9998316764831543,362.9403381347656,143.08445340394974,0.9997560977935791,463.25688552856445,102.93698045611382,0.9904724955558777,347.9946632385254,87.23036536574364,0.9950119853019714,459.0896739959717,48.001200735569,0.9769414663314819,362.2759780883789,35.25053255259991,0.9830090403556824,411.80363035202026,249.6670379638672,0.9997366070747375,374.02229738235474,255.3843594789505,0.9997360706329346,411.052206993103,332.3369525671005,0.9674033522605896,372.7790484428406,332.711723446846,0.9675955772399902,417.5886273384094,406.63905453681946,0.9405986070632935,387.40300607681274,403.0604969263077,0.9605209231376648
363,16.54199999757111,149.0472620276079,173.0426793609722,143.05618771833488,156.0450875661034,174.0356774750607,173.96728892244408,177.36378392219672,167.8999726793346,391.94740772247314,112.31316152215004,0.9999523758888245,398.5694761276245,106.20946615934372,0.9998837113380432,386.4353017807007,106.13682118058205,0.9998828768730164,404.7338366508484,110.49849009513855,0.9998260736465454,381.1484990119934,109.39265388250351,0.9998638033866882,424.72688388824463,144.75268810987473,0.9998058080673218,364.9471158981323,143.12159144878387,0.99970942735672,460.1090602874756,97.65548607707024,0.9907452464103699,352.9288659095764,86.3569446504116,0.9948205947875977,460.08277702331543,43.469768077135086,0.9778693914413452,364.34371280670166,32.65773218870163,0.9831222891807556,413.58500385284424,251.41809606552124,0.999737560749054,374.7909564971924,255.7085018157959,0.9997320771217346,413.5865454673767,336.3455536365509,0.9672908782958984,373.3997378349304,332.65149343013763,0.9672640562057495,416.92201805114746,408.7592707872391,0.9430702328681946,387.21075916290283,403.28064703941345,0.9599342346191406
364,23.955499986186624,152.1186591147513,174.68079964891288,149.25831906461397,159.5181532095553,174.59925382739615,173.65839385693755,179.4673645724671,168.3517246205473,393.21350288391113,112.42245307564735,0.9999509453773499,399.6683692932129,106.29797351360321,0.9998795986175537,387.54215574264526,106.17594647407532,0.9998803734779358,406.0546464920044,110.62366539239883,0.9998183846473694,382.36470651626587,109.45923027396202,0.999862015247345,425.7506170272827,144.13057243824005,0.9997918605804443,366.0294303894043,142.5849203467369,0.9996805787086487,457.83692264556885,95.08572426438332,0.9907832145690918,356.0028200149536,87.46788075566292,0.994767427444458,460.1007204055786,42.219621285796165,0.9785440564155579,365.5806941986084,34.08468000590801,0.9834775328636169,415.5812430381775,253.49731373786926,0.9997461438179016,375.96417570114136,256.345162153244,0.9997351765632629,415.7104606628418,337.2281769514084,0.9675076603889465,374.1637215614319,332.71092569828033,0.967093288898468,416.49483919143677,409.588387966156,0.9454746246337891,387.0133566856384,403.43418514728546,0.9588911533355713
365,28.019600023981184,155.02615386497774,175.16479928083675,153.93173838785728,161.6234489944658,174.29020018674626,173.70293644278777,179.16498894329294,169.1391049730422,394.47221851348877,112.05325931310654,0.9999492168426514,400.73132514953613,106.13160732388496,0.9998747110366821,388.9223303794861,105.89763194322586,0.9998779296875,407.010169506073,110.68931582570076,0.9998102784156799,384.3316550254822,109.531355291605,0.9998602271080017,426.84076595306396,143.96855825185776,0.9997826814651489,367.45929050445557,141.98780554533005,0.9996590614318848,456.0879735946655,94.05405730009079,0.9907568097114563,358.1833200454712,86.90403634309769,0.9947861433029175,459.9504508972168,42.681667283177376,0.9789897799491882,366.4648733139038,33.517950877547264,0.9838350415229797,416.45220470428467,253.98778665065765,0.9997560381889343,376.9128499031067,256.3969588279724,0.999739408493042,416.90627336502075,336.4101997613907,0.9678336381912231,374.81488943099976,332.77172553539276,0.9671298265457153,416.2498993873596,408.8180762529373,0.9477705359458923,386.31990814208984,403.1255704164505,0.9581282138824463
366,18.894300039391965,156.47398104492513,174.55656534057707,155.74125155860645,161.20980806885117,174.69215694093626,173.82526919577631,179.16480186949795,170.07229767072823,395.9732961654663,112.09370231628418,0.9999452233314514,401.9443483352661,106.19907405972481,0.9998643398284912,390.57645750045776,105.94878044724464,0.9998710751533508,408.1323890686035,110.70870396494865,0.9997946619987488,386.25088930130005,109.66333281993866,0.9998548030853271,428.23478984832764,143.90690368413925,0.9997696280479431,368.93140602111816,141.8034828901291,0.9996410608291626,455.83646297454834,94.07507655024529,0.9907446503639221,359.35919284820557,87.6119384765625,0.9948149919509888,460.0253076553345,43.376189321279526,0.9793537855148315,367.6785283088684,33.70418955385685,0.984088122844696,417.6898431777954,254.31110274791718,0.9997591972351074,378.09900856018066,256.4022581577301,0.9997406601905823,417.47674655914307,336.7789305448532,0.9676589965820312,375.9577565193176,333.0143550634384,0.9674815535545349,416.2549538612366,407.96804666519165,0.9490138292312622,386.33764934539795,403.93417406082153,0.958045244216919
367,19.04149999609217,158.12695533438776,173.49964559926016,156.86979854843952,158.93117691157062,174.69476569602222,173.503553686799,178.46224886658894,170.36226316732973,397.14757680892944,112.04928481578827,0.9999442100524902,403.15497064590454,106.2108266055584,0.999861478805542,391.64479637145996,105.8553726375103,0.9998708367347717,409.2735629081726,110.78087884187698,0.9997895956039429,387.3742461204529,109.72441044449806,0.9998558759689331,429.70670318603516,143.63051229715347,0.9997701644897461,369.8971138000488,141.59361803531647,0.9996391534805298,456.0313129425049,92.99156305193901,0.9906530976295471,359.33270740509033,87.81894710659981,0.9949431419372559,459.9375114440918,41.49069634079933,0.9794989228248596,368.7192192077637,34.33552919328213,0.9845277667045593,418.80389976501465,254.93434381484985,0.9997715950012207,379.1802616119385,256.61443078517914,0.9997482895851135,418.39415884017944,336.070273399353,0.9682345986366272,376.6716251373291,332.95215916633606,0.967277467250824,416.08808040618896,408.3619350194931,0.9512327313423157,386.2546043395996,403.3156340122223,0.9563302993774414
368,21.92759996978566,159.65809639431043,172.12991360086775,158.17631340241917,157.73147554671473,174.79160903053187,173.80246706802282,178.33255507472322,171.96036548882668,398.44617223739624,112.46493318676949,0.9999434351921082,404.41722440719604,106.3805048763752,0.9998589158058167,392.85961389541626,106.1114071905613,0.9998703002929688,410.6386752128601,110.79783099889755,0.9997848272323608,388.51114892959595,110.12134021520615,0.9998564124107361,432.11910247802734,143.41492074728012,0.9997682571411133,371.3648319244385,141.60069805383682,0.9996349215507507,456.6437129974365,93.62658515572548,0.9905880093574524,359.62831830978394,88.24916151165962,0.9949975609779358,460.7042751312256,40.856436371803284,0.9797130227088928,368.9291567802429,34.7480079382658,0.9847699403762817,420.61410903930664,255.09121537208557,0.9997788071632385,380.4907603263855,256.62010049819946,0.9997534155845642,419.66002655029297,336.2502226829529,0.9679465293884277,378.2805905342102,332.8359158039093,0.9673791527748108,416.72330141067505,408.0873385667801,0.9523553252220154,386.1554608345032,403.27959287166595,0.9559662342071533
369,22.005400038324296,158.03854870631173,170.70569798131737,154.06914058288825,155.31675396701172,174.35630959140485,174.72989604666105,177.9783678541642,173.78771925835576,399.4778661727905,112.4277737736702,0.9999428391456604,405.4958744049072,106.35101667046547,0.9998565316200256,393.7148814201355,106.03265088796616,0.9998698830604553,411.6706471443176,110.82872238755226,0.9997819066047668,389.3974256515503,110.15248090028763,0.99985671043396,433.8616828918457,143.49827122688293,0.9997671246528625,372.4672632217407,141.75697129964828,0.9996291995048523,460.2513437271118,94.55041360855103,0.9907731413841248,359.6325135231018,88.93947756290436,0.9950782060623169,462.48845386505127,41.17334198951721,0.9801787734031677,370.2082166671753,34.65864585340023,0.9850866198539734,421.412437915802,255.02428996562958,0.9997842907905579,381.2298002243042,256.58081138134,0.9997562170028687,420.39365816116333,335.4593404531479,0.9679884314537048,380.0318646430969,332.3192881345749,0.9675589203834534,416.93000411987305,407.63968765735626,0.9536238312721252,386.6039443016052,403.08192217350006,0.9558764696121216
370,17.46669999556616,155.5556302539213,169.30997769559679,148.59287387274517,153.47914483794503,173.56822112098885,175.78622479116316,176.88704531186448,176.43144482707592,400.6789608001709,112.41087859869003,0.9999438524246216,406.66168880462646,106.33933535218239,0.999858021736145,394.5539240837097,106.03277909755707,0.9998729825019836,412.512065410614,110.81332299113274,0.9997850656509399,389.9043388366699,110.17375656962395,0.9998605251312256,435.3240432739258,143.60998451709747,0.9997661709785461,373.0316963195801,141.86287242174149,0.9996200203895569,464.60400390625,94.78451007604599,0.9910017848014832,359.0908761024475,90.41676545143127,0.9951436519622803,464.1748285293579,40.93048097193241,0.9806956052780151,369.994993686676,36.137963727116585,0.9853175282478333,422.5927081108093,255.24472498893738,0.9997931718826294,382.0292410850525,256.91073739528656,0.9997620582580566,422.48818159103394,335.758695602417,0.9678692817687988,382.370493888855,332.6793006658554,0.967391848564148,418.5035123825073,407.31343698501587,0.9544668793678284,387.080454826355,403.0966520309448,0.9548630118370056
371,22.9725000099279,153.79090426360108,166.55920319436916,144.9806294300605,149.56672209977245,173.39493612312538,176.70576246210572,176.20015127532747,177.30880535752217,402.4547743797302,112.42152711749077,0.9999454617500305,408.1350679397583,106.35633736848831,0.999860405921936,396.3133864402771,106.05296498537064,0.9998771548271179,413.65417432785034,110.83098742365837,0.999789297580719,391.1233010292053,110.29506421089172,0.9998653531074524,436.7092218399048,143.64084029197693,0.9997665882110596,374.18901920318604,141.9311938881874,0.9996181130409241,467.0257034301758,96.77726462483406,0.9912108182907104,358.0610017776489,91.2242294549942,0.995284378528595,465.01978492736816,42.59372618794441,0.9811999201774597,370.2701086997986,37.43927326798439,0.9857028126716614,423.5955157279968,255.43909072875977,0.9998014569282532,382.6534433364868,257.107923746109,0.9997679591178894,423.47623014450073,335.8049650192261,0.9679033756256104,383.85425996780396,332.7980227470398,0.967340886592865,418.6239857673645,407.25790798664093,0.9554347991943359,388.2812714576721,403.1611841917038,0.9543556571006775
372,21.15580003010109,152.16696018206474,163.70369604456303,141.53001323812887,145.1822407091738,173.7321120003701,176.86381485323392,176.72569862678355,177.6628564588673,403.69443464279175,113.64522355794907,0.9999464154243469,409.4705104827881,106.95600923895836,0.9998601675033569,397.7159776687622,106.80559802055359,0.9998788237571716,414.97384691238403,111.12448054552078,0.9997891187667847,392.41423892974854,110.59861466288567,0.9998661875724792,438.629921913147,144.06896060705185,0.9997639060020447,375.4992399215698,142.2986283302307,0.9996110796928406,469.9994525909424,98.88472402095795,0.9914981722831726,356.79207611083984,91.8936615884304,0.995312511920929,466.50337409973145,44.81251780688763,0.9817909002304077,370.5949091911316,38.352442517876625,0.9856272339820862,425.0389471054077,255.76417326927185,0.999805212020874,383.68624925613403,257.4868258237839,0.9997721910476685,424.10675048828125,335.5132169723511,0.9668711423873901,384.9063992500305,332.70992851257324,0.9671367406845093,419.2566542625427,405.8606798648834,0.9547618627548218,388.9289517402649,403.1923818588257,0.9541093707084656
373,28.596099989954382,144.40390843949163,155.2762840717396,132.1437578870726,131.17694527780134,174.15300874969898,176.97800101114672,176.37244870193103,179.14201029377259,405.29596996307373,115.70149883627892,0.9999479055404663,411.43040800094604,108.23341837525368,0.9998612403869629,399.00092601776123,108.3800402879715,0.999881386756897,416.9122881889343,111.7957004904747,0.999790370464325,393.1438522338867,111.32735797762871,0.999868631362915,440.01904296875,145.2007094025612,0.999763011932373,376.0328154563904,143.3864724636078,0.9996095895767212,473.1082572937012,109.10546439886093,0.9918210506439209,351.0087471008301,98.21573349833488,0.9954109787940979,467.4007453918457,48.09156712889671,0.9823381304740906,370.8466725349426,43.22554661333561,0.9853378534317017,426.42852306365967,257.24436724185944,0.9998090863227844,384.623601436615,258.6564961671829,0.9997748732566833,424.9643430709839,335.7110871076584,0.9659053087234497,386.229736328125,332.8445200920105,0.9665083885192871,419.21030473709106,405.7503056526184,0.9538134336471558,388.8071894645691,403.19511699676514,0.9520052075386047
374,31.75540000665933,134.09256323538062,140.90564669010035,118.85769443367494,114.4128103327916,173.41935694735474,177.18889984258107,176.4088051357004,179.40574000870998,406.84438276290894,116.85214430093765,0.999950110912323,413.2975811958313,109.36597204208374,0.9998652935028076,400.4365735054016,109.74384132027626,0.9998853206634521,418.9834599494934,112.96482238173485,0.9997939467430115,393.97708225250244,112.2868500649929,0.9998717308044434,441.6238889694214,145.66489934921265,0.9997686743736267,377.55853366851807,144.81204915046692,0.9996137619018555,475.70565032958984,120.27771937847137,0.9920466542243958,347.1076030731201,111.98524412512779,0.9955037832260132,467.3403444290161,59.402163818478584,0.9827296137809753,370.6934461593628,55.70483070611954,0.9852169752120972,427.044056892395,257.7627328634262,0.9998148679733276,385.03273582458496,258.6823375225067,0.9997731447219849,425.91544342041016,335.6812570095062,0.9662549495697021,386.2370400428772,331.74849903583527,0.965355396270752,420.43826389312744,406.52346646785736,0.9549681544303894,387.97365617752075,396.40493762493134,0.9478747248649597
375,27.395799988880754,116.88993360279068,125.03640221336863,98.5112285619304,97.67190888912208,173.03637632399614,178.23069643336913,176.38614435372978,177.85601046764887,409.16580152511597,117.7840855717659,0.9999536871910095,416.0329866409302,110.50700891017914,0.9998735189437866,403.5719647407532,110.65259090065956,0.9998931884765625,422.32047414779663,114.32258331775665,0.999804675579071,396.7896947860718,113.35021328926086,0.9998804330825806,443.70885944366455,147.33837640285492,0.9997783303260803,379.4672040939331,147.023579120636,0.999634325504303,478.0572443008423,135.66426634788513,0.9924162030220032,344.51885318756104,125.34857964515686,0.9958011507987976,467.17870235443115,75.56692519783974,0.9832941889762878,371.14804553985596,65.91658928990364,0.9855980277061462,427.7330322265625,259.3326735496521,0.999824583530426,385.79019927978516,259.0947165489197,0.9997773766517639,426.19283294677734,335.74197137355804,0.9680109620094299,387.6505994796753,332.09432303905487,0.9661140441894531,420.2969913482666,406.417821764946,0.9573459625244141,386.94517183303833,391.17196345329285,0.9448983073234558
376,14.661099994555116,101.57243217129218,101.25214350919018,80.35340934395224,67.79494131218655,173.18884065133207,178.12597609211818,176.79974877226874,177.1991302773442,410.82207679748535,118.75953975319862,0.9999573826789856,417.47861671447754,112.05077347159386,0.9998815059661865,405.18747568130493,111.85470539331436,0.9999008774757385,423.6145963668823,115.31026014685631,0.9998154640197754,398.57005739212036,114.39309859275818,0.9998887181282043,444.30225467681885,148.44736087322235,0.9997825026512146,381.4065046310425,147.3997318148613,0.9996526837348938,478.9917154312134,146.45988428592682,0.9928510785102844,340.40145349502563,141.38278448581696,0.9959518313407898,466.7469997406006,93.10652431845665,0.9837920069694519,370.7586741447449,89.9550471007824,0.9852160811424255,428.1880359649658,258.99616611003876,0.9998098611831665,387.0010995864868,257.6740403175354,0.9997623562812805,426.2478256225586,333.98059952259064,0.9655114412307739,388.27111196517944,328.29293715953827,0.9641109704971313,420.51718950271606,403.94625425338745,0.9555018544197083,386.3632755279541,390.0109543800354,0.9431501626968384
377,14.96430003317073,81.16525180885534,81.8571714349654,52.77893759466777,44.037869629088114,172.887608068784,177.42728110581922,177.3382947406643,177.55183530987566,412.37582206726074,118.92255112528801,0.9999604225158691,419.225670337677,112.2473828792572,0.999888002872467,406.12255334854126,111.80074340105057,0.9999070763587952,425.24506855010986,115.38650211691856,0.9998241662979126,399.48380517959595,114.3797719180584,0.999895453453064,444.8965091705322,148.38755822181702,0.9997909665107727,382.0499391555786,148.1464529633522,0.9996725916862488,478.97316551208496,159.14719200134277,0.9930501580238342,335.8345594406128,157.3407188653946,0.9958677887916565,463.4701337814331,115.84332713484764,0.9834007620811462,368.86243772506714,109.66088971495628,0.9834263324737549,428.14219188690186,258.02268493175507,0.9997882843017578,387.833242893219,254.62555813789368,0.9997309446334839,426.074912071228,333.14749360084534,0.9637508392333984,388.481201171875,323.8628114461899,0.9602635502815247,420.8374409675598,403.8269908428192,0.9549071788787842,386.4592094421387,384.4328969717026,0.938461184501648
378,16.877699992619455,68.99481824885757,68.6222160828413,19.426329912369944,26.719283829271735,172.28408223331718,176.93460228533252,177.47131450769456,177.13910100076683,413.93719959259033,119.34633368253708,0.9999606609344482,420.3332824707031,112.47973427176476,0.999884843826294,407.1668076515198,111.79721051454544,0.9999032020568848,426.0151176452637,115.40658828616142,0.9998093843460083,400.2383117675781,114.09751850366592,0.9998878240585327,445.1761226654053,148.35261398553848,0.9998032450675964,382.099422454834,148.19259417057037,0.9996944665908813,478.20710945129395,167.60468012094498,0.9933456182479858,337.98852348327637,168.6326503753662,0.9958904385566711,456.12825775146484,141.60512840747833,0.9841122031211853,365.41220331192017,134.05577731132507,0.9842968583106995,427.95158767700195,254.34221494197845,0.9997773170471191,388.30545711517334,250.1209568977356,0.9997190237045288,425.90735626220703,331.6547065973282,0.9643813371658325,388.77974367141724,315.0027024745941,0.9615837335586548,420.79953241348267,403.9151990413666,0.9564639329910278,385.98664140701294,380.4946117401123,0.9408965110778809
379,17.807800031732768,56.45717015399678,53.600445960467376,3.108227192121393,1.9312557724680037,171.9118608485445,176.87788761628514,176.57590580620072,176.5780940180612,414.96636629104614,119.2628763616085,0.9999619722366333,420.9422707557678,112.42601445317268,0.9998865723609924,408.3963084220886,111.67457804083824,0.9999026656150818,426.36453342437744,115.17539077997208,0.9998001456260681,400.9558448791504,113.50251203775406,0.9998792409896851,445.3581848144531,150.4273728132248,0.9998167157173157,382.0957074165344,148.19847756624222,0.9997146725654602,477.62437915802,180.6990105509758,0.9936812520027161,344.1239218711853,179.98193430900574,0.9953027367591858,451.41450595855713,158.65557944774628,0.985103189945221,363.3665060997009,162.73985266685486,0.984607458114624,427.77857303619385,254.02972543239594,0.999788224697113,388.30876779556274,248.89478886127472,0.9997338652610779,425.7829656600952,328.1486586332321,0.9643709063529968,388.60271072387695,290.11041152477264,0.9636149406433105,419.17914390563965,404.1443238258362,0.9556176066398621,384.42478370666504,369.47778952121735,0.9433532953262329
380,14.983300003223121,50.4874366119873,45.35416280303549,11.366436556155483,13.078620403397514,171.5399299675011,171.94729210783427,176.96788787087533,176.88836215705885,415.65150022506714,119.15072146058083,0.9999653697013855,421.75925064086914,112.38914707303047,0.999896228313446,409.26504611968994,111.67415779829025,0.9999107122421265,427.2257652282715,115.30975443124771,0.9998139142990112,402.3321022987366,113.53935092687607,0.9998878240585327,447.06184577941895,156.32559806108475,0.9998325109481812,381.7102279663086,153.40891534090042,0.9997389316558838,477.34314823150635,192.73773443698883,0.9940424561500549,345.43373823165894,194.34918653964996,0.9948137998580933,451.51984119415283,171.91155368089676,0.9860248565673828,362.03571367263794,182.56047135591507,0.9845694899559021,427.67359161376953,258.54748952388763,0.9998053908348083,388.14854097366333,250.07329142093658,0.9997555017471313,424.66248989105225,334.19052135944366,0.9653764367103577,386.01535081863403,278.8320702314377,0.9660434126853943,417.9919238090515,405.9382039308548,0.9553773999214172,384.54103660583496,353.54173624515533,0.9455554485321045
381,16.815700044389814,43.860220508719046,39.69664352978166,31.894159565276883,32.0584782385296,171.78652598558554,168.394087232339,178.6550225233053,173.36125944901593,416.57998180389404,119.18923419713974,0.9999685287475586,422.8804087638855,112.69808232784271,0.999905526638031,410.2065682411194,112.0279450416565,0.999918520450592,428.80311489105225,116.41046938300133,0.9998278021812439,403.43761682510376,114.52818164229393,0.999896228313446,448.4225606918335,159.9947286248207,0.9998475909233093,381.5031714439392,158.37411665916443,0.9997620582580566,476.63233757019043,204.87455290555954,0.9942888617515564,349.4323830604553,203.17832577228546,0.9940311908721924,446.89808082580566,190.40178418159485,0.9867796301841736,366.76341581344604,196.05391824245453,0.98377925157547,427.68632888793945,260.0532969236374,0.9998198747634888,388.0985016822815,250.34746050834656,0.9997735023498535,423.0876169204712,335.3533823490143,0.9653222560882568,385.83884859085083,267.50127696990967,0.9678124785423279,416.8721809387207,408.7595841884613,0.9546460509300232,384.6952738761902,343.19436752796173,0.9469051957130432
382,16.717999998945743,38.68904248636573,34.78062132029974,50.94541803329396,63.102360410855695,171.60057959989607,157.57840674804086,178.9702930735765,161.20631480026128,417.0504775047302,119.74126195907593,0.9999711513519287,423.53392696380615,113.79017162322998,0.9999132752418518,410.7991042137146,113.17069137096405,0.9999247789382935,429.3943872451782,117.47480130195618,0.999837338924408,404.2240676879883,115.93916380405426,0.9999011754989624,449.4500341415405,162.33654803037643,0.9998615384101868,382.12985038757324,159.42121863365173,0.9997832775115967,473.1124019622803,210.69103741645813,0.9944963455200195,355.34285736083984,204.70723938941956,0.99281245470047,441.49904346466064,203.40433079004288,0.9875326156616211,371.86072635650635,205.777419090271,0.9825237393379211,427.61430263519287,259.9109272956848,0.9998305439949036,388.81654024124146,251.00147187709808,0.9997860789299011,421.97436904907227,336.44313538074493,0.9654731750488281,386.08414220809937,259.28988003730774,0.9693191051483154,415.1516127586365,410.77409875392914,0.955016553401947,386.81560039520264,335.749834895134,0.9487197995185852
383,17.14210002683103,33.80355306032327,33.50928106462891,68.78612963032928,72.35787566758357,170.66403685426468,151.29545955423825,178.66077902300066,152.4855324931458,417.2409553527832,120.63757520914078,0.9999734163284302,423.9052538871765,114.94402232766151,0.9999198913574219,410.92675495147705,114.50883623957634,0.9999299049377441,430.07911682128906,118.65402325987816,0.9998440146446228,404.3494186401367,117.63379544019699,0.9999035596847534,450.34962940216064,164.00046634674072,0.9998737573623657,382.6234450340271,160.8233614563942,0.9998011589050293,469.2126226425171,215.0138659477234,0.9946883320808411,356.21844387054443,207.55007338523865,0.9912964105606079,438.6594400405884,214.52258104085922,0.9882179498672485,371.6361813545227,210.77898919582367,0.9810709357261658,427.0915184020996,260.79634273052216,0.9998365640640259,389.0160403251648,251.36208271980286,0.9997872710227966,421.4892911911011,337.543771982193,0.9663085341453552,385.90834760665894,258.12932682037354,0.9707760810852051,414.3642773628235,411.3487056493759,0.956566572189331,389.2938847541809,326.16727912425995,0.9496939778327942
384,15.215399966109544,33.73278856303292,33.978739278593245,78.73445700699875,79.77070863446046,170.8793779367496,158.34515760280195,178.5679768254581,158.08366429520623,417.46297311782837,120.96876907348633,0.99997478723526,424.115797996521,115.68912661075592,0.9999238848686218,411.032039642334,115.01123264431953,0.9999324679374695,430.3282012939453,119.41293856501579,0.9998427629470825,404.4346876144409,118.2504194676876,0.9998998045921326,450.172571182251,165.30850332975388,0.999883770942688,383.21987295150757,162.34636318683624,0.9998143315315247,469.0271739959717,215.84651601314545,0.994399905204773,357.4376587867737,207.55666905641556,0.9889684915542603,438.00953578948975,220.86687594652176,0.9880564212799072,371.65354347229004,212.58118867874146,0.9774762392044067,427.00301456451416,263.52652323246,0.9998453259468079,390.0108366012573,253.0061855316162,0.9997895359992981,421.4603796005249,339.8647644519806,0.9660897254943848,387.8295783996582,259.9789353609085,0.9709793329238892,414.50304794311523,411.0158735513687,0.9571936130523682,392.52798986434937,319.0805937051773,0.9480776786804199
385,17.50229997560382,33.97977982707855,36.42858644983679,77.32284973623209,71.56853807334747,170.57336402210677,1.3119864954471363,177.94755532801238,2.0360716961145147,417.58708572387695,122.07092994451523,0.999976396560669,424.231595993042,116.87830618023872,0.9999285340309143,411.1904721260071,116.23745054006577,0.9999359846115112,430.39780139923096,120.57874125242233,0.9998458623886108,404.76868724823,119.38716843724251,0.9998998641967773,450.33406162261963,166.12970000505447,0.9998939037322998,383.32000207901,163.3139752149582,0.9998288750648499,469.27423667907715,216.33824253082275,0.9941770434379578,356.1731810569763,207.6501908302307,0.9874600768089294,438.3032007217407,220.6858867406845,0.9880051612854004,375.8042016029358,212.19949448108673,0.974626898765564,427.119065284729,264.245836019516,0.9998536109924316,391.13616466522217,253.56597709655762,0.9997917413711548,421.9674696922302,340.1017527580261,0.9655618667602539,390.8137903213501,250.6279261112213,0.9711807370185852,414.6263518333435,410.6872011423111,0.9573443531990051,395.2124967575073,310.1627904176712,0.9465095400810242
386,14.103900000918657,34.17141745729511,37.979311115546295,69.07369751208728,56.809814210493265,170.2656837149087,177.54541057883387,177.16102069313982,177.43747597280708,418.2791442871094,122.50235521793365,0.9999772906303406,424.72850131988525,117.03712224960327,0.9999311566352844,411.7310481071472,116.64581945538521,0.9999373555183411,430.7256851196289,120.7858567237854,0.9998428821563721,405.2776222229004,119.9678367972374,0.9998971819877625,450.58269119262695,165.86031740903854,0.9999023675918579,383.71922969818115,163.33504432439804,0.999840259552002,469.35687732696533,215.06495034694672,0.9940688610076904,355.4007816314697,207.00122237205505,0.9866135120391846,439.3944616317749,215.0430977344513,0.9879782199859619,375.4196066856384,206.92228800058365,0.972532331943512,427.3823022842407,264.1051758527756,0.9998577237129211,391.6576600074768,253.7981789112091,0.9997840523719788,422.67031955718994,340.0021766424179,0.9640861749649048,391.81101274490356,257.2275005578995,0.9700535535812378,414.7770004272461,410.46633875370026,0.956131637096405,396.7590141296387,312.4187948703766,0.9405204057693481
387,25.869500008411705,36.86719213748197,42.23291772535912,57.73310404884751,34.254745145549364,171.65420895986108,177.56243349853193,177.65757401113908,171.8270350383565,418.40841245651245,123.14082473516464,0.9999748468399048,424.82458686828613,117.28853413462639,0.999923050403595,412.0872116088867,117.08733054995537,0.9999276995658875,430.6583089828491,120.86950635910034,0.9998117089271545,406.1643033027649,120.11906713247299,0.9998781681060791,450.3276424407959,164.87920063734055,0.9999052286148071,384.1798186302185,162.90928876399994,0.9998389482498169,471.25083923339844,211.0571612715721,0.9940966367721558,353.5272397994995,203.2424590587616,0.9863385558128357,440.1545534133911,206.7468118071556,0.9878413677215576,368.16272163391113,198.34237396717072,0.97151118516922,428.40062713623047,263.8513778448105,0.9998608827590942,392.22825956344604,254.9283322095871,0.9997727870941162,422.8977961540222,339.7622252702713,0.9635868668556213,393.17910718917847,276.1862231492996,0.9673803448677063,414.8733639717102,410.3167324066162,0.9543254971504211,402.0015902519226,322.7262761592865,0.9251290559768677
388,18.688800046220422,42.16796726732722,48.14602337656182,50.196840126004986,20.73803702745908,171.64514634484354,13.762949445005674,177.82517710973647,15.292934183575685,418.2635259628296,123.52296054363251,0.9999754428863525,424.59748935699463,117.27560633420944,0.9999244213104248,411.8397192955017,117.32282307744026,0.9999275803565979,430.62611198425293,120.6885313987732,0.9998109936714172,406.2541718482971,120.05170011520386,0.9998738169670105,450.4656295776367,164.2659456729889,0.9999092221260071,385.064199924469,162.42542576789856,0.9998399019241333,474.7824001312256,207.01187801361084,0.9942518472671509,349.007529258728,199.99085015058517,0.9854320287704468,442.551233291626,201.2305656671524,0.9881123304367065,360.3045058250427,194.61795657873154,0.9707258939743042,428.3411865234375,263.7847658395767,0.9998447895050049,392.05077171325684,254.91132307052612,0.9997200965881348,422.7775249481201,339.9299803972244,0.9621649980545044,392.9660105705261,249.40839648246765,0.9669064283370972,414.93563508987427,410.3546254634857,0.9531218409538269,400.0491986274719,318.54074585437775,0.9224920272827148
389,26.2477999785915,50.71856461085915,60.38809339023083,18.172915016571302,28.375988946648107,171.8594176971475,10.620757410262842,178.09329031176807,11.757897563620688,418.22147274017334,123.5888460278511,0.9999771118164062,424.44898891448975,117.30951777100563,0.999928891658783,411.7902612686157,117.29755866527557,0.9999312162399292,430.48044204711914,120.57573544979095,0.999821126461029,406.01742029190063,119.94911819696426,0.9998789429664612,450.3286533355713,163.8793510198593,0.999913215637207,385.95143699645996,161.26558482646942,0.9998378753662109,480.4241533279419,202.0518763065338,0.9945771098136902,345.250816822052,187.9644913673401,0.9855404496192932,451.4365940093994,182.81112110614777,0.9886821508407593,354.9185848236084,170.05432379245758,0.9713708758354187,428.2568778991699,263.7185527086258,0.9998328685760498,391.93439245224,254.99710953235626,0.9996814727783203,422.4077649116516,341.0493640899658,0.9620353579521179,392.6339821815491,249.27337753772736,0.9676980376243591,414.7881202697754,410.8242999315262,0.9526829719543457,398.8071880340576,322.9512982368469,0.9220395088195801
390,26.774499972816557,58.433365007002784,76.44724937734473,2.3268118196083347,46.72779850801792,172.166868115448,0.2565557457783051,178.0134238368619,0.09558907171475363,418.10501766204834,123.4742266535759,0.9999791383743286,424.3609399795532,117.2065939605236,0.999934732913971,411.6424684524536,117.16724073886871,0.9999368190765381,430.3808183670044,120.49772703647614,0.9998353719711304,405.86773204803467,119.92111152410507,0.9998886585235596,449.8273506164551,161.70867717266083,0.9999192357063293,385.7463264465332,158.80763602256775,0.9998482465744019,480.4417428970337,190.88695776462555,0.9948511719703674,339.67664194107056,173.05042523145676,0.9864937663078308,456.6118698120117,166.25265300273895,0.9892458915710449,354.0544972419739,143.6922523379326,0.9728087782859802,428.18166732788086,263.0435434579849,0.9998319745063782,391.8335304260254,254.8484718799591,0.9996768832206726,422.3888864517212,341.4697490930557,0.9624517560005188,391.62028217315674,251.70685255527496,0.9686211347579956,414.8338632583618,410.8915387392044,0.9535106420516968,396.51101636886597,325.582102060318,0.9230300784111023
391,18.476299999747425,71.58219503407834,89.00426008673604,30.13263668771695,60.65800009621824,172.3497651390906,132.86865791050766,177.94445345494861,134.76103853041636,417.7605047225952,122.53258419036865,0.9999809265136719,424.2886610031128,116.30257388949394,0.9999401569366455,411.5004630088806,115.97751271724701,0.9999418258666992,430.2869567871094,119.97245234251022,0.9998487234115601,405.8400082588196,118.64494886994362,0.9998974800109863,449.7521905899048,159.01584839820862,0.9999223947525024,385.7100100517273,157.14252108335495,0.9998518824577332,482.0273313522339,177.83074831962585,0.9951493740081787,334.38240909576416,161.21005582809448,0.9873168468475342,463.53624629974365,145.3164684176445,0.9896986484527588,352.60186672210693,121.7993677854538,0.9728807806968689,428.28437423706055,261.57631289958954,0.9998248815536499,391.71366357803345,254.31927967071533,0.9996594190597534,422.48729705810547,341.04634404182434,0.9630590081214905,390.70423460006714,255.37943053245544,0.9697986245155334,414.87215089797974,410.8307673931122,0.9548425674438477,392.89264488220215,331.678724527359,0.9252877235412598
392,17.73630001116544,88.08753058863333,98.20946029211825,58.3719904770967,70.52084823577471,172.47968686550902,163.07390512215255,177.7468244261821,166.39247016587655,417.02257680892944,121.5098847746849,0.9999825358390808,424.27430629730225,115.84564915299416,0.9999450445175171,411.046293258667,114.7747785449028,0.9999465346336365,430.2401523590088,119.7614193558693,0.9998615384101868,405.6497073173523,117.6694804430008,0.9999061822891235,449.2936487197876,158.75649464130402,0.9999223351478577,385.6555986404419,154.87963604927063,0.9998512864112854,484.45848274230957,167.16688710451126,0.9954880475997925,333.1972107887268,150.49160581827164,0.9882514476776123,470.76758098602295,125.46990865468979,0.9900614619255066,354.1129775047302,104.08344486355782,0.9725894331932068,428.36049461364746,261.2951635122299,0.9998223185539246,391.61244773864746,254.32611751556396,0.9996517300605774,422.97323417663574,337.9901977777481,0.9651662707328796,389.55060148239136,262.9155333042145,0.9716697931289673,414.9775366783142,410.7498244047165,0.9573698043823242,389.7081241607666,345.44527208805084,0.928597629070282
393,17.831599980127066,101.38562162709209,107.80982513016335,76.15459009184431,82.04198401154474,172.40904901169296,167.24927526220188,177.70413137162924,172.10666635590414,415.97528982162476,120.09187245368958,0.9999836087226868,423.9023222923279,114.95889464020729,0.9999480247497559,410.3147339820862,113.48494732379913,0.9999493360519409,430.0052709579468,118.75951126217842,0.999870777130127,405.44361114501953,116.21757093071938,0.9999119639396667,449.26008701324463,156.73321908712387,0.9999212026596069,385.5599932670593,152.15234738588333,0.9998456239700317,484.8074436187744,156.80088526010513,0.9957836866378784,334.74837827682495,138.95814168453217,0.9891080260276794,472.6862087249756,107.21430170536041,0.9904426336288452,354.20635890960693,92.01595929265022,0.973282516002655,428.3403778076172,259.60570299625397,0.9998224973678589,391.329523563385,253.65153563022614,0.9996534585952759,423.264750957489,333.98621225357056,0.9670156240463257,387.27507734298706,277.8868236541748,0.9733394384384155,414.9985885620117,410.0824222564697,0.9595882892608643,385.0610661506653,356.95082926750183,0.9322983026504517
394,14.236399962101132,115.4383496779574,117.27912660177117,89.80594775074935,93.44150434804497,171.9846179836313,169.6650284444907,178.04055520422014,175.62184759483003,414.9936857223511,117.28505110740662,0.9999845623970032,423.1906018257141,112.47689229249954,0.9999508261680603,409.5784487724304,111.32820558547974,0.999951958656311,429.53985500335693,116.16576713323593,0.9998793601989746,405.1523218154907,114.30689188838005,0.9999179840087891,449.23466300964355,153.71295726299286,0.9999225735664368,385.4525351524353,149.68221867084503,0.9998470544815063,485.95865058898926,144.52946096658707,0.9961310625076294,336.3992199897766,127.86301189661026,0.990020215511322,472.8305139541626,92.77659830451012,0.9909769892692566,355.248085975647,77.55192306637764,0.9744935035705566,428.5880470275879,256.1231886148453,0.9998297095298767,391.30407428741455,251.18660652637482,0.9996711015701294,424.36174869537354,327.6170446872711,0.9692676663398743,387.2555923461914,283.99019849300385,0.9753592014312744,416.87460708618164,407.6802588701248,0.9622392058372498,383.4174270629883,366.68256402015686,0.9369382858276367
395,19.100099976640195,124.44299987369422,123.83271902870028,100.12913859195571,99.9438839185379,171.8480155779855,171.7410740680913,178.582440339165,178.76215726457679,414.99623823165894,113.6883091032505,0.999984860420227,423.1520109176636,108.92753085494041,0.9999518990516663,409.536648273468,108.15460509061813,0.999953031539917,428.9907875061035,113.24572959542274,0.9998852610588074,404.87758588790894,111.88286164402962,0.9999229311943054,449.0197467803955,150.6296448111534,0.9999231100082397,385.3531894683838,146.78008061647415,0.9998488426208496,485.53468132019043,135.0524644255638,0.9963900446891785,336.5757727622986,118.05616056919098,0.9908612370491028,473.77120208740234,83.99287375807762,0.9913444519042969,355.772234916687,66.84640797972679,0.9760241508483887,428.66856479644775,252.10837650299072,0.9998236298561096,391.260555267334,248.007350564003,0.9996715784072876,424.4521732330322,327.80756413936615,0.9695831537246704,386.91790294647217,298.4647763967514,0.9757324457168579,418.12836933135986,406.3090715408325,0.9629969596862793,382.1254782676697,372.95275378227234,0.9390777349472046
396,17.487699980847538,133.1045145068654,131.1447579706126,109.41979180573964,110.0748324382432,172.0555826782298,171.68452028174795,178.3229631505785,179.1318905832804,414.83532905578613,112.3386752307415,0.9999812245368958,422.9802598953247,107.35172814130783,0.9999425411224365,409.2135663032532,106.27912670373917,0.999945342540741,428.46830654144287,111.9789191186428,0.9998775720596313,404.41704750061035,110.60894978046417,0.9999209642410278,448.5058584213257,148.65902066230774,0.9999025464057922,385.2937741279602,145.60974073410034,0.999813973903656,484.89630126953125,125.7444623708725,0.9964859485626221,340.0214328765869,110.4633891582489,0.9914782047271729,472.5642948150635,71.36945003271103,0.9913240075111389,357.1498317718506,56.94942530989647,0.9771283864974976,428.6537046432495,251.68722224235535,0.9997984766960144,391.2293438911438,247.8853805065155,0.999636709690094,424.6390371322632,329.27505111694336,0.9683013558387756,385.79770517349243,310.0437264442444,0.9723548293113708,418.3791723251343,406.41958820819855,0.9619720578193665,380.9177622795105,377.69306123256683,0.9353410005569458
397,14.34350002091378,138.51682548686142,140.59786601017595,116.05521974495983,122.99963149119206,172.53747831988514,173.0981810246139,178.38024589388868,178.21750967918604,414.85337352752686,112.87603724002838,0.9999779462814331,422.94515657424927,107.6582487821579,0.9999346137046814,409.1577396392822,106.95677137374878,0.999938428401947,428.0945281982422,111.67745563387871,0.9998704195022583,404.2446393966675,110.59448346495628,0.9999195337295532,447.8322992324829,147.83692651987076,0.9998817443847656,385.2832102775574,145.3217107653618,0.9997816681861877,484.4339179992676,119.05323231220245,0.9965474009513855,346.77163219451904,103.76158893108368,0.9921053051948547,472.234338760376,62.27525171637535,0.9914923310279846,360.4551796913147,49.60811208188534,0.978681206703186,428.7891139984131,252.26071798801422,0.9997818470001221,391.44226360321045,248.45779359340668,0.9996193051338196,424.8961582183838,329.8425637483597,0.9684385061264038,387.0170211791992,321.1366196870804,0.9713221192359924,418.97110176086426,405.25590097904205,0.9625054001808167,381.3826222419739,382.25871872901917,0.935452938079834
398,18.91570002771914,141.2237342679797,147.63563005002962,119.7721758841647,131.8462808216942,172.9916928821714,176.08237517277271,179.152979758308,172.63820531258443,414.3046598434448,113.1891321837902,0.9999761581420898,422.02913427352905,107.78855246305466,0.9999293684959412,408.3754587173462,107.11783823370934,0.9999350309371948,426.8106412887573,111.44026789069176,0.9998672604560852,403.4911437034607,110.18752485513687,0.9999197721481323,446.671893119812,147.1804791688919,0.999866783618927,385.1272039413452,144.21271204948425,0.9997636675834656,484.31352043151855,113.59936013817787,0.9965906739234924,351.7956781387329,98.10851466655731,0.9926503896713257,472.2633514404297,56.736230567097664,0.9916233420372009,363.764874458313,43.158760100603104,0.9799607396125793,429.0538167953491,252.61212623119354,0.9997676014900208,391.5401940345764,249.0316597223282,0.9996134042739868,425.7109899520874,329.84333300590515,0.9679203033447266,390.98392391204834,325.54586148262024,0.970914363861084,421.4719543457031,402.798180103302,0.9619369506835938,382.04041147232056,391.0191946029663,0.9368447065353394
399,17.24760001525283,143.5254376859421,154.29908407228257,124.31408021584333,139.0174152582109,173.9187621821244,176.04142533137025,177.769383042016,172.5546252172228,414.00371646881104,113.2738573551178,0.9999717473983765,421.2657823562622,107.76454877853394,0.9999176263809204,408.1884684562683,107.05975216627121,0.9999274015426636,425.31941986083984,111.42644974589348,0.999856173992157,403.0835256576538,109.8442080616951,0.9999158382415771,444.41967010498047,146.2241068482399,0.9998475313186646,383.875741481781,142.05806440114975,0.9997394680976868,482.081262588501,107.98307490348816,0.9964459538459778,356.0053725242615,93.27239191532135,0.9931298494338989,470.98967456817627,51.570253029465675,0.9914641380310059,366.8998107910156,38.47256778180599,0.9810788631439209,429.2359800338745,253.07000541687012,0.9997580051422119,391.5432014465332,250.68265736103058,0.9996129274368286,426.540732383728,329.9895489215851,0.9665683507919312,391.6522264480591,329.70156168937683,0.970091700553894,421.1269106864929,403.05821764469147,0.9600716233253479,382.61255264282227,399.62496423721313,0.9373648166656494
400,19.192099978681654,146.8744407838232,160.46179628334997,131.45801100030815,147.28738796736138,174.41594190616266,176.1350816640583,177.39936818569046,173.6083963615463,413.5106019973755,113.1880067884922,0.9999656081199646,420.5256304740906,107.86133277416229,0.9999035596847534,407.8505263328552,107.11772426962852,0.9999170899391174,424.65814304351807,111.72620376944542,0.999841034412384,402.5453758239746,109.98738968372345,0.9999082684516907,443.2372770309448,145.2775781750679,0.9998215436935425,383.6209454536438,141.25948959589005,0.999707043170929,478.3901824951172,104.15188029408455,0.9961904883384705,361.3426442146301,90.06516489386559,0.993418276309967,470.6235284805298,49.0236401706934,0.9910581111907959,370.3097105026245,34.67215059697628,0.9816820621490479,429.2259216308594,253.2005797624588,0.9997503757476807,391.35019636154175,252.37567925453186,0.9996170997619629,426.7117757797241,332.62248957157135,0.964727520942688,391.51229333877563,333.72252786159515,0.9693522453308105,421.3175654411316,402.50714433193207,0.9574361443519592,383.7397255897522,404.38071382045746,0.9382237792015076
401,19.995100039523095,148.61694053777407,166.79406479843152,134.76085572636524,158.1164810614768,174.74502691622968,177.08524982484764,176.96287327782724,173.89431713787883,413.25802993774414,113.35735741257668,0.9999566674232483,420.20699644088745,108.0564179122448,0.9998847842216492,407.4846076965332,107.32993251085281,0.9999037981033325,424.5101480484009,111.77275809645653,0.9998192191123962,401.7831358909607,110.1554439663887,0.9998985528945923,441.81656551361084,145.02513349056244,0.9997918605804443,382.9001522064209,141.34480595588684,0.999671220779419,476.079984664917,101.46930828690529,0.995680570602417,367.1248106956482,89.51119261980057,0.9936627745628357,469.4803581237793,48.09397818148136,0.9902204275131226,372.02527475357056,33.00011946260929,0.9822195768356323,428.88752460479736,253.33095467090607,0.9997376799583435,390.215416431427,253.812224984169,0.9996122121810913,426.6905975341797,334.38907527923584,0.9620531797409058,391.363742351532,335.3644938468933,0.9681708216667175,421.18422842025757,402.981947183609,0.9546142816543579,384.6041922569275,408.24458050727844,0.9386357069015503
402,15.94640000257641,149.74678683476085,169.18057503243836,136.4824286318269,159.909912040981,174.55402725926385,177.38315195111602,176.40792417005537,175.70694949798997,412.34114837646484,113.36381775140762,0.9999513030052185,419.36294984817505,108.14484691619873,0.9998725652694702,406.5274167060852,107.36400064826012,0.9998955726623535,423.94336462020874,111.91332566738129,0.999804675579071,400.65416860580444,110.34730961918831,0.9998926520347595,440.6977071762085,144.9750890135765,0.9997686743736267,381.58207178115845,141.55435740947723,0.9996426105499268,474.28064250946045,100.04672315716743,0.9952752590179443,367.95450258255005,89.37192851305008,0.9938935041427612,467.9120054244995,46.16014306247234,0.9894860982894897,373.33215951919556,33.04930208623409,0.9826864004135132,428.1258659362793,254.90613770484924,0.9997333288192749,389.17967891693115,255.44213926792145,0.9996155500411987,426.62645626068115,334.583412528038,0.9612259864807129,390.85531282424927,335.4510495662689,0.9679616093635559,421.02021074295044,403.210986495018,0.9534581899642944,386.92689990997314,408.14511835575104,0.9393401741981506
403,15.417899994645268,151.57364118899642,172.98605273190321,138.54382744212828,163.7953573161304,174.2315470188873,177.02820886901895,175.95194686905876,177.52723039273278,411.58664178848267,113.43544417619705,0.9999424815177917,418.5649747848511,108.21657305955887,0.9998538494110107,405.6974973678589,107.32835125923157,0.9998823404312134,423.2936120033264,112.04860815405846,0.9997783899307251,399.46293020248413,110.43135812878609,0.9998805522918701,439.87099742889404,144.83105266094208,0.9997390508651733,380.11907958984375,141.29842257499695,0.99960857629776,471.7316207885742,99.05815598368645,0.9946368336677551,369.523588180542,87.35411611199379,0.9939976334571838,465.4797420501709,45.156500577926636,0.9884371757507324,374.3523292541504,33.16720861196518,0.9829750061035156,427.494966506958,254.9260529279709,0.9997211694717407,388.3182954788208,255.7291578054428,0.9996130466461182,426.6056318283081,333.8774905204773,0.9590886235237122,389.85184812545776,333.7131543159485,0.9671716690063477,420.9030227661133,403.3372871875763,0.9513553977012634,388.10934352874756,407.8627153635025,0.9405398964881897
404,17.937500029802322,151.50737735423857,173.95381674579903,139.3699406169791,163.49201228909388,173.99620215009924,176.36140033595768,175.90479342675596,179.93302597139083,410.7253088951111,113.48003974556923,0.9999315142631531,417.64996337890625,108.28633332252502,0.9998308420181274,404.8703579902649,107.32238239049911,0.9998661279678345,422.4918460845947,112.1252703666687,0.9997457265853882,398.2917833328247,110.4978775382042,0.9998659491539001,438.83846950531006,144.76136362552643,0.9997149109840393,378.5216383934021,140.83624124526978,0.9995924830436707,469.48389625549316,100.64831817150116,0.9938584566116333,368.7398920059204,87.43542948365211,0.9941596984863281,463.98184871673584,46.87626129388809,0.9873011112213135,374.58084201812744,33.030594170093536,0.9833777546882629,426.67937660217285,254.9822657108307,0.9997105002403259,387.22877836227417,255.7268785238266,0.9996147155761719,426.28406620025635,332.71636748313904,0.9562992453575134,388.1699466705322,333.2736233472824,0.9661564230918884,420.8575325012207,403.4571204185486,0.9482070803642273,389.18081617355347,409.24518513679504,0.9414637088775635
405,17.39369996357709,151.54425791212873,175.03396049384455,139.01438087937913,163.99967462390816,174.12479108727425,175.26726550900497,176.518312255302,177.19593486768042,409.1968107223511,113.53464990854263,0.9999246001243591,416.0253038406372,108.34527412056923,0.9998172521591187,403.0949487686157,107.24605494737625,0.9998549818992615,421.27518367767334,112.2046534717083,0.9997251629829407,396.74645376205444,110.46872410178185,0.9998551607131958,437.55316734313965,144.76730400323868,0.9997037053108215,376.96268701553345,140.6690132021904,0.9995827674865723,468.2146167755127,100.25881031155586,0.9932225942611694,368.0119972229004,86.95579740405083,0.9942194223403931,462.18660068511963,46.71237026154995,0.9862996339797974,374.1232352256775,33.64554078876972,0.9835954308509827,425.7554187774658,255.0373958349228,0.9997068047523499,386.01567935943604,255.83406174182892,0.9996203780174255,425.4419403076172,332.5851093530655,0.9550240635871887,385.6947708129883,333.08156538009644,0.9656924605369568,420.80898427963257,403.97098445892334,0.9471707940101624,389.13570499420166,409.86093306541443,0.9427187442779541
406,15.884099993854761,150.40161702142186,175.06333797829,137.8285680231114,163.6605520118024,174.5406794384745,173.97692894330774,177.94466330548087,172.70827717794594,407.7512311935425,113.58792099356651,0.9999221563339233,414.68083906173706,108.38991954922676,0.9998130202293396,401.8257703781128,107.11244630813599,0.9998502135276794,420.18928050994873,112.225280970335,0.999716579914093,395.7288112640381,110.35760200023651,0.9998492002487183,436.2544708251953,144.98308074474335,0.9996934533119202,375.5875163078308,140.66506719589233,0.9995641112327576,467.7425289154053,101.14121282100677,0.9926012754440308,366.9564208984375,87.07581582665443,0.9942740797996521,461.6763515472412,47.77326901257038,0.9854528903961182,373.5655245780945,34.68548795580864,0.9840267896652222,424.4749689102173,255.4211983680725,0.9997138381004333,384.13397455215454,256.6898750066757,0.9996333718299866,423.63016414642334,332.38159799575806,0.9561901092529297,381.7453565597534,332.26680767536163,0.9665502309799194,420.2341642379761,404.8166264295578,0.9484134316444397,388.881995677948,406.63552165031433,0.9445570707321167
407,20.75869997497648,149.1109746689383,176.42236101029238,137.6011859674924,164.54628961299844,174.9042181515573,173.63153304818616,178.40321231732307,171.20588467817512,406.13170194625854,113.60890462994576,0.999920666217804,413.2418808937073,108.42589658498764,0.9998106360435486,400.24437713623047,107.03658184409142,0.999847412109375,418.8043293952942,112.28170743584633,0.9997112154960632,394.39346981048584,110.1408067047596,0.9998456239700317,434.9950475692749,145.019307076931,0.9996844530105591,373.64108896255493,140.6203505396843,0.9995526671409607,466.93219566345215,102.51669517159462,0.99228835105896,366.233681678772,87.32999846339226,0.9944509863853455,461.70880126953125,48.040696412324905,0.9851388335227966,373.31426668167114,33.83802968263626,0.9847648739814758,423.289972782135,255.77633893489838,0.9997209310531616,382.5096182823181,257.589906334877,0.9996470212936401,422.03992557525635,332.2088854312897,0.9582221508026123,379.87969970703125,331.6903488636017,0.9681177139282227,418.8033437728882,405.3494939804077,0.950310468673706,388.5732431411743,405.01597809791565,0.9472143650054932
408,14.904799987562,147.84316374087354,174.93212565702973,137.98307316849454,162.30538617555965,174.7196084356189,173.45555752817282,178.66930147560345,170.4751866495411,403.89433908462524,113.61793628334999,0.9999203085899353,411.0537486076355,108.2310180068016,0.9998108744621277,397.79586362838745,106.78774127364159,0.9998460412025452,417.33825397491455,112.36830589175224,0.999708890914917,392.38603496551514,110.10345497727394,0.9998430609703064,433.9167261123657,145.06949400901794,0.9996851086616516,372.4397668838501,140.74806153774261,0.9995498061180115,466.2254285812378,104.08600905537605,0.9920205473899841,363.8258566856384,88.83539274334908,0.9946021437644958,462.6115303039551,49.19795535504818,0.9849211573600769,371.7050232887268,34.64903725683689,0.9854221940040588,422.0964093208313,255.80115461349487,0.9997285008430481,381.34832763671875,257.76877295970917,0.9996590614318848,421.012957572937,332.1789983510971,0.9596648216247559,378.55358266830444,330.816415309906,0.9692732691764832,418.2550344467163,405.8670618534088,0.9518453478813171,388.07737398147583,404.81494545936584,0.949237048625946
409,17.373699985910207,146.57312484360125,169.34367008647487,137.6086602990081,153.22028011913457,175.09486884154515,172.70101655068407,179.95411488603335,170.05847458233808,401.90681886672974,113.65548744797707,0.9999200701713562,408.9974875450134,108.17804607748985,0.999809980392456,395.9012951850891,106.78449329733849,0.999842643737793,415.91675901412964,112.4380519092083,0.9997058510780334,390.9568066596985,110.12117639183998,0.9998370409011841,433.2317943572998,145.13616299629211,0.9996850490570068,371.1946225166321,140.83921855688095,0.9995320439338684,466.60309886932373,105.14901614189148,0.9918590784072876,357.2520079612732,89.91825094819069,0.9945961833000183,464.14884853363037,49.924522668123245,0.9846310019493103,368.21314001083374,35.88296553492546,0.9856271743774414,420.78277683258057,255.77582609653473,0.999733030796051,380.7118935585022,257.68740260601044,0.9996634721755981,418.76010274887085,332.2683176994324,0.9598529934883118,377.3658571243286,330.1853392124176,0.9686865210533142,416.72979640960693,406.7908262014389,0.9524015188217163,386.8096866607666,403.91619622707367,0.9484581351280212
410,22.45969994692132,145.23516996354743,165.04373888118846,138.26817384016732,145.5643672315888,175.0241459479706,172.24628918429997,179.55187072646143,171.03032831154653,400.3740243911743,113.67438411712646,0.9999237060546875,407.7895441055298,108.1412997841835,0.9998176693916321,394.5959267616272,106.7603542804718,0.999847948551178,414.8519835472107,112.48531138896942,0.9997164607048035,389.84161281585693,110.12366223335266,0.999840497970581,432.34968757629395,145.16146302223206,0.9996958374977112,369.46376848220825,140.91288208961487,0.9995279908180237,467.01433086395264,105.88085073232651,0.9918434619903564,351.10068798065186,90.73633497953415,0.9946853518486023,466.7225866317749,50.864879474043846,0.9846158623695374,364.79843854904175,37.133001923561096,0.9860090613365173,419.4248924255371,255.79878985881805,0.9997457265853882,379.9871578216553,257.79250597953796,0.99967360496521,417.16405153274536,332.547643661499,0.9611605405807495,376.71021604537964,329.7100520133972,0.9682019948959351,415.5467209815979,407.3161436319351,0.9543015956878662,384.4890513420105,399.49111342430115,0.9476120471954346
411,24.055899993982166,141.74621150399395,162.04552465789067,136.98024830952394,140.2259624171117,174.5790747758174,172.5750864430267,179.81468871901473,170.6574580838738,399.12832403182983,113.69387909770012,0.9999291300773621,406.6938352584839,108.14731851220131,0.9998300671577454,393.58723068237305,106.8041378557682,0.9998577237129211,413.7378764152527,112.54787766933441,0.9997349381446838,388.81039905548096,110.38145610690117,0.9998498558998108,431.845908164978,145.85698580741882,0.9997172355651855,367.49894285202026,142.12527471780777,0.9995535612106323,467.0814037322998,111.09533423185349,0.9920811057090759,345.7788071632385,91.72761592268944,0.9949774146080017,469.51225185394287,52.31498692929745,0.9850408434867859,361.86813259124756,37.268583565950394,0.9867680072784424,418.03584718704224,256.195840716362,0.9997647404670715,378.418577671051,258.50218880176544,0.9996926188468933,415.73942279815674,332.9764904975891,0.962897539138794,375.8395576477051,330.044650554657,0.9670886397361755,413.7416925430298,407.87636256217957,0.9568610787391663,384.3666067123413,396.8121597766876,0.9461283683776855
412,19.942000042647123,132.58954869310247,158.6298084013712,128.09664183854,133.1464490195922,174.26594145648207,172.70943122795336,179.46392882260318,170.36541193459854,398.2846312522888,114.20710921287537,0.9999339580535889,405.3368101119995,108.59837409853935,0.9998409152030945,392.5564465522766,107.50723925232887,0.9998652338981628,411.78720331192017,112.99822098016739,0.9997509717941284,387.5668215751648,111.28753465414047,0.99985671043396,430.3209228515625,147.44469064474106,0.9997374415397644,365.35579538345337,143.6157681941986,0.9995802640914917,467.3398389816284,121.03459757566452,0.9923878312110901,340.85150384902954,95.86805918812752,0.995265543460846,470.0271511077881,61.667039662599564,0.9855188131332397,360.1412968635559,41.95372527837753,0.9874505400657654,416.6635069847107,257.3326894044876,0.999779224395752,377.25529050827026,260.8279677629471,0.9997100234031677,414.8738946914673,333.2377816438675,0.9641533493995667,375.4156894683838,331.37560856342316,0.9672374725341797,413.81490659713745,407.7233657836914,0.9585970640182495,384.8314161300659,397.19724440574646,0.9471128582954407
413,24.69819999532774,121.95540266537903,150.482444732807,116.94381508987122,122.50328834744067,173.6560224444532,173.54415773158675,178.8806725008572,170.7728465635899,398.416729927063,115.31424888968468,0.9999373555183411,405.6643147468567,109.59654274582863,0.9998481273651123,392.34772205352783,108.56845852732658,0.9998695254325867,411.5598783493042,113.92214915156364,0.9997614622116089,386.99642419815063,112.0231229364872,0.9998605847358704,429.9056978225708,149.15816909074783,0.9997542500495911,364.4712624549866,144.59303867816925,0.9996044635772705,467.93116188049316,131.74633795022964,0.9926564693450928,336.5774154663086,105.02455312013626,0.9955132007598877,470.4140205383301,71.00740039348602,0.9858618974685669,359.8979744911194,48.20481537282467,0.98790043592453,415.78251218795776,258.61261999607086,0.9997899532318115,376.15361738204956,262.3754005432129,0.9997245073318481,414.4673128128052,333.33126068115234,0.9646586775779724,375.18945121765137,332.17176163196564,0.9672136902809143,414.6027727127075,403.3094229698181,0.9589248299598694,384.89257526397705,397.59891080856323,0.9474927186965942
414,17.692300025373697,101.53396994636333,140.33622775392627,93.77384640715364,109.93128611418881,173.60627320224236,174.49989460008987,177.64220800168934,171.6346124211246,398.39125537872314,117.5419973731041,0.9999397397041321,405.7893877029419,111.34525033831596,0.9998521208763123,391.5908398628235,110.55285808444023,0.9998714923858643,411.48034620285034,115.03865525126457,0.999767541885376,385.946382522583,113.5380047261715,0.999862551689148,430.30788230895996,150.40990781784058,0.9997686743736267,363.5513734817505,146.13356238603592,0.9996281862258911,470.84122467041016,147.51839691400528,0.9929532408714294,332.5321936607361,115.46069985628128,0.9957254528999329,470.50100803375244,83.9261121749878,0.9860398769378662,360.10907459259033,55.63379903137684,0.9879924654960632,415.8522639274597,260.9026712179184,0.9997978806495667,375.2572569847107,264.29059541225433,0.9997355937957764,414.511109828949,333.39624869823456,0.9648681282997131,375.4462184906006,332.9192805290222,0.9663962125778198,416.0360951423645,400.7040046453476,0.9586264491081238,385.154447555542,397.69954109191895,0.946714460849762
415,15.083000005688518,87.25648345046294,123.16956074352615,77.36023890676167,89.22615976082554,173.3045790289973,175.00102601226988,175.05091535655248,172.05268367710636,396.6055097579956,120.23877215385437,0.999941885471344,404.84404945373535,113.3879282772541,0.9998551607131958,389.9003710746765,112.65595123171806,0.9998744130134583,411.1171317100525,116.501954048872,0.9997736811637878,384.86639308929443,114.75207832455635,0.9998653531074524,430.2828121185303,151.4961991906166,0.9997751116752625,361.7751808166504,147.60367053747177,0.9996450543403625,471.7054386138916,159.4717047214508,0.9930288195610046,328.4225525856018,130.40194642543793,0.9956105351448059,469.83841705322266,98.0619176030159,0.9852855205535889,359.0764455795288,72.88702422380447,0.9866853356361389,414.46850061416626,261.85606622695923,0.9997925758361816,373.87930631637573,264.9934403896332,0.999735414981842,412.67972230911255,332.06725656986237,0.9643668532371521,374.93169832229614,332.8890515565872,0.9650508761405945,416.47575855255127,394.3160899877548,0.9569211006164551,384.9944987297058,397.6266610622406,0.9458280205726624
416,23.17979995859787,76.93288596447866,103.82981092151412,65.24324231675422,61.0655956023148,174.67867522488936,174.63731974734372,172.8953177936915,171.91833501539966,396.51948261260986,120.25541090965271,0.9999467134475708,404.4405255317688,113.77768543362617,0.9998652935028076,389.6084246635437,112.7282543182373,0.999883770942688,410.66233015060425,117.09940361976624,0.9997902512550354,384.0143098831177,115.0130133330822,0.9998751282691956,429.4886531829834,151.93658488988876,0.9997809529304504,360.6535677909851,148.91447114944458,0.999663770198822,471.51377296447754,168.0640693306923,0.9933215379714966,322.22478199005127,143.87327003479004,0.9956986904144287,468.04215812683105,115.2675022482872,0.9849626421928406,358.5006904602051,94.68412908911705,0.985213041305542,414.45674896240234,259.8836898803711,0.9997703433036804,373.559383392334,264.7708115577698,0.9997256398200989,411.4262886047363,326.4586852788925,0.9627978801727295,374.7373538017273,332.6930048465729,0.964077353477478,416.4426770210266,390.2206197977066,0.9538347721099854,385.31179332733154,398.89459693431854,0.9460331201553345
417,15.749800018966198,65.74777673117543,85.60809489036895,52.11714004991246,39.98555030949937,176.11417268492173,174.91713810672604,171.09761586938868,172.1425407777236,395.7171607017517,120.3006404042244,0.9999512434005737,403.4143662452698,113.74680829048157,0.9998749494552612,388.19812536239624,112.69214195013046,0.9998928904533386,409.44852352142334,117.05411714315414,0.9998067021369934,382.1365475654602,114.92932096123695,0.999885082244873,428.07516956329346,152.9452667236328,0.9997912049293518,360.8629240989685,150.293408036232,0.9996892213821411,468.5482120513916,179.08711683750153,0.993647575378418,319.8864812850952,158.0173236131668,0.9958642721176147,465.08402729034424,139.6824546456337,0.9849681258201599,358.70741844177246,110.65431460738182,0.9848303198814392,412.3225984573364,257.0243595838547,0.9997434616088867,373.3030962944031,263.2843210697174,0.9997192621231079,406.65506744384766,325.6565490961075,0.9623608589172363,374.7712187767029,333.3697805404663,0.9648492336273193,410.9508900642395,384.4113577604294,0.9500707983970642,385.7443804740906,402.20448422431946,0.9476234912872314
418,16.15069998661056,53.940944112168474,70.53267631931043,34.25492821489523,11.985802869241287,177.98518037242323,174.57390934023272,171.2540806891572,172.0002957723884,395.50393772125244,120.49576115608215,0.9999532699584961,403.0971727371216,113.73301863670349,0.9998779892921448,388.0175542831421,113.04578673839569,0.9998963475227356,408.46065187454224,117.02583268284798,0.9998140335083008,382.1549963951111,115.13759744167328,0.9998875260353088,427.8506498336792,154.8296912908554,0.9997993111610413,361.1623764038086,151.48467457294464,0.9997079968452454,463.25354957580566,189.90378963947296,0.9935124516487122,321.74503660202026,170.58892929553986,0.9959649443626404,457.5909719467163,160.80591070652008,0.9839832782745361,357.18210458755493,143.05780005455017,0.9851388335227966,412.4370822906494,255.86867833137512,0.9997447729110718,373.60093116760254,262.5417311191559,0.9997272491455078,406.86523246765137,303.59558176994324,0.9637786149978638,374.8470358848572,336.56003403663635,0.9667357206344604,408.9588713645935,361.0454732179642,0.9473459720611572,386.6597709655762,411.4455751180649,0.9503931999206543
419,26.21559996623546,40.277905276385184,54.620472243239625,23.361950712602358,8.543736070044348,175.5830234995008,174.88695582434738,167.5627830975624,172.5756712989955,395.783652305603,120.36433207988739,0.9999561309814453,403.294575214386,113.65886363387108,0.999885082244873,388.3473081588745,112.97929581999779,0.9999027848243713,408.2702751159668,116.98954936861992,0.9998250603675842,382.27183055877686,115.17442208528519,0.9998937845230103,428.0309934616089,157.18475902080536,0.9998153448104858,361.35687255859375,154.04784071445465,0.999734103679657,455.89049530029297,202.73873782157898,0.9927124381065369,324.1818742752075,187.49001616239548,0.9961532354354858,452.3759174346924,178.0031902194023,0.9822830557823181,357.4849433898926,165.5053050518036,0.9859825968742371,412.8015351295471,255.23110628128052,0.9997597336769104,373.80611753463745,261.73184537887573,0.9997448921203613,407.51905393600464,277.6718019247055,0.9658341407775879,375.7708420753479,337.69437551498413,0.9687142968177795,406.50992822647095,349.1443182229996,0.9475769400596619,387.6180739402771,413.2981182336807,0.9536426067352295
420,18.8266999903135,36.05955374213264,47.73274910700847,1.734280904386467,25.84233377096637,171.18317935124344,174.03751586515688,167.99896774632273,172.29777071011029,395.9225745201111,120.27616661787033,0.9999566674232483,403.05643367767334,113.60236594080925,0.9998870491981506,388.5029606819153,112.89812490344048,0.9999037384986877,407.42400455474854,116.94251069426537,0.9998266696929932,382.1841859817505,115.17056155204773,0.9998915195465088,426.4825553894043,159.4068306684494,0.99982750415802,360.3855290412903,156.38832104206085,0.9997537136077881,450.5615634918213,205.0017510652542,0.9918391108512878,325.7421145439148,197.14656311273575,0.9961204528808594,443.7357997894287,191.07145136594772,0.9798961281776428,358.7826290130615,182.5780788064003,0.986215353012085,412.7625398635864,254.3741533756256,0.9997677803039551,373.9397072792053,261.1921684741974,0.9997546076774597,406.449830532074,274.9738447666168,0.9672713279724121,375.80308961868286,337.0780292749405,0.9698437452316284,399.81558084487915,350.25156474113464,0.9469841718673706,388.0583691596985,413.51470696926117,0.956184983253479
421,18.489199981559068,30.08892449245612,44.12640032552717,43.62050319768677,42.32065100351744,160.17369928946036,173.7484837824118,158.8244568835577,171.87521626105,396.0522975921631,119.90331888198853,0.9999550580978394,402.89034366607666,113.54571866989136,0.9998854398727417,388.6068048477173,112.87158551812172,0.9999006390571594,406.9525737762451,116.80592474341393,0.9998189210891724,382.142511844635,115.14801090955734,0.9998820424079895,425.5653200149536,159.59649538993835,0.9998385310173035,360.0105881690979,157.96695148944855,0.9997714757919312,444.7698440551758,207.35908383131027,0.9895643591880798,326.78894662857056,202.79368275403976,0.9959186315536499,439.568133354187,204.99123787879944,0.9756361842155457,362.30380296707153,195.80228555202484,0.9858867526054382,412.1393737792969,252.94262206554413,0.9997819066047668,373.53342866897583,259.5349597930908,0.9997697472572327,405.9449644088745,264.587215423584,0.967774510383606,375.32966232299805,336.7692151069641,0.9701352119445801,396.7299003601074,341.46234142780304,0.945587694644928,388.1021409034729,413.44743967056274,0.9579904675483704
422,19.792500010225922,24.046726078491325,42.10264989212113,119.77593593028081,56.89835017232944,144.08895844664636,173.59415642253674,142.34896062291173,171.62159777918464,396.12915086746216,119.5778659582138,0.9999530911445618,402.9387149810791,113.53050446510315,0.9998825192451477,388.7281880378723,112.85268172621727,0.9998968839645386,406.8625283241272,116.77449202537537,0.9998031258583069,382.1861824989319,115.17554035782814,0.9998704791069031,425.19629287719727,162.1351307630539,0.9998482465744019,359.73559951782227,159.4036966562271,0.9997897744178772,438.9875259399414,212.11141449213028,0.9854865670204163,327.6561679840088,206.42865258455276,0.9956769347190857,432.8539218902588,218.28865230083466,0.9706282615661621,365.11709785461426,207.21291065216064,0.9855796098709106,411.4664716720581,252.709907412529,0.9997946619987488,373.40368032455444,259.16152799129486,0.9997843503952026,401.0443992614746,263.30415081977844,0.9677302241325378,375.3307237625122,338.2471582889557,0.9702368974685669,392.8507180213928,331.2159163951874,0.944232165813446,388.1474542617798,412.6476397514343,0.9595754742622375
423,19.695399969350547,22.95484574401192,38.89315221140248,142.39358284936338,66.91432944834509,163.75348533140627,173.49437058300103,165.57615509962577,170.69912883657756,396.1532607078552,119.54044300317764,0.9999513626098633,402.8649196624756,113.61634078621864,0.999880850315094,388.7406220436096,112.93049070239067,0.9998934268951416,406.5289583206177,116.86087679862976,0.9997869729995728,382.15441513061523,115.48687598109245,0.9998573064804077,424.2981128692627,164.18447560071945,0.9998571872711182,359.32087993621826,161.6155257821083,0.9998062252998352,436.1993770599365,215.5844983458519,0.9837380051612854,330.63047313690186,209.07351672649384,0.9953349232673645,431.50599479675293,225.85004085302353,0.9693251848220825,365.0616250038147,213.95485472679138,0.9856806993484497,408.7193651199341,253.2795853614807,0.9998087882995605,372.5490951538086,258.96240425109863,0.9998014569282532,397.576322555542,275.96048879623413,0.965709924697876,374.2476763725281,337.8970891237259,0.9705714583396912,387.3732352256775,325.0529668331146,0.935408353805542,387.9944553375244,411.8259587287903,0.9607778191566467
424,17.57939998060465,20.79134861807875,37.15031856417739,165.46618023082627,71.86539764278325,153.11170634901896,172.41847409240296,155.9098108517285,169.80257609164195,395.97023820877075,119.66739898920059,0.9999502897262573,402.63039207458496,113.84888449311256,0.9998807907104492,388.4238076210022,113.25922721624374,0.9998911619186401,406.2364559173584,116.98753362894058,0.9997778534889221,381.8689384460449,115.98884502053261,0.9998489618301392,423.91119289398193,163.5258629322052,0.9998664259910583,359.0982303619385,162.46977204084396,0.9998213052749634,433.4215898513794,212.86531537771225,0.9814766049385071,332.85737323760986,209.93186569213867,0.9951370358467102,432.54029178619385,226.78162598609924,0.9664286375045776,365.9947819709778,216.25480657815933,0.9857128262519836,408.3738160133362,252.72435235977173,0.9998207092285156,372.65619945526123,256.40485084056854,0.9998158812522888,393.7985329627991,272.2292193174362,0.9647294282913208,373.55298948287964,337.77335262298584,0.9704586863517761,381.60709142684937,326.4184274673462,0.9302252531051636,387.6650047302246,411.54911148548126,0.9615498185157776
425,18.230700050480664,20.54176529830225,37.34563187357876,170.55968912185102,66.06004231267578,151.48919530173873,172.17421266290046,155.31191960598437,169.80130638348945,395.52463579177856,119.73587715625763,0.9999493956565857,402.1134457588196,114.02106285095215,0.9998811483383179,387.9750461578369,113.50448504090309,0.9998895525932312,405.78003692626953,117.10846376419067,0.9997748732566833,381.4942502975464,116.34999719262123,0.9998445510864258,423.29204511642456,162.99647128582,0.9998745918273926,358.70741844177246,162.85185086727142,0.9998341202735901,432.2604761123657,209.26296776533127,0.9790053963661194,333.0706720352173,209.3128697872162,0.994986355304718,432.6677656173706,224.51146149635315,0.961983323097229,370.31014013290405,212.53785383701324,0.9853478670120239,408.0840177536011,253.18510913848877,0.9998320937156677,372.68738555908203,256.8863775730133,0.9998294711112976,392.9620680809021,272.4831597805023,0.9642305970191956,373.5756335258484,337.6205552816391,0.9708770513534546,380.73837900161743,323.81602919101715,0.9243811368942261,387.63725566864014,411.13168954849243,0.9624961614608765
426,20.923599950037897,20.744361581201332,37.83642088941566,162.72923085423724,54.37751945944831,83.17931403491224,172.12770430896552,84.09868309744895,169.87260960773548,394.98537397384644,119.72606199979782,0.9999450445175171,401.5475215911865,114.00190976262093,0.999879002571106,387.2194275856018,113.47092261910439,0.9998812079429626,405.36046504974365,117.10592806339264,0.9997673034667969,380.8864498138428,116.44397482275963,0.9998320937156677,423.08139991760254,162.75127756595612,0.9998801350593567,358.31160259246826,162.51856291294098,0.9998452067375183,432.74964809417725,210.46289557218552,0.972403347492218,333.0550789833069,207.5872684121132,0.9947300553321838,431.23689460754395,225.31569176912308,0.9528575539588928,369.8602919578552,203.48739635944366,0.9850432872772217,408.29092264175415,253.17921149730682,0.9998427033424377,372.66878509521484,257.78689324855804,0.9998427629470825,394.76287603378296,249.27203845977783,0.963040292263031,373.63891553878784,337.4356200695038,0.9708532691001892,385.1508083343506,302.6483978033066,0.9171141386032104,387.7226004600525,411.08869659900665,0.9630982875823975
427,22.560999961569905,21.309322114274885,40.367625467170065,158.2021803973965,43.83923227131581,20.30545745462546,172.35939934061508,20.128927807010935,170.25367241419923,393.82494258880615,119.75131928920746,0.9999414682388306,400.5994791984558,113.99017146229744,0.9998743534088135,385.9065532684326,113.51733449101448,0.999873697757721,405.0803208351135,117.09220251441002,0.9997560977935791,379.8827323913574,116.61326134204865,0.9998189806938171,423.096209526062,162.44145196676254,0.9998772740364075,357.94664430618286,161.86126083135605,0.9998498558998108,433.19120693206787,209.4632169008255,0.966130793094635,332.15270376205444,203.5862601995468,0.9944235682487488,431.35299587249756,220.23866319656372,0.9440574645996094,368.3953790664673,194.25586420297623,0.9847908616065979,408.5410180091858,252.38208973407745,0.9998462200164795,372.67937421798706,258.77667129039764,0.9998494982719421,405.107084274292,234.90004247426987,0.9638521671295166,374.0575523376465,337.4868754148483,0.9714064598083496,392.7125287055969,313.01488399505615,0.9189539551734924,388.10431432724,411.4772001504898,0.9645165801048279
428,26.141699985601008,22.740378981901497,44.06126801530233,149.0221749517352,30.176047270041437,32.588565859950556,171.73479979101865,31.326011496855287,170.2298465319478,392.7591814994812,119.75851327180862,0.9999402165412903,399.7904095649719,113.97274920344353,0.9998720288276672,385.0079689025879,113.49886518716812,0.9998708963394165,404.54823637008667,117.04712972044945,0.9997579455375671,379.1506676673889,116.61549788713455,0.9998144507408142,422.91217613220215,161.4641387462616,0.9998815059661865,357.80767154693604,161.52546566724777,0.9998533129692078,434.84735584259033,208.22352987527847,0.9597766995429993,330.7986102104187,200.0969649553299,0.9943923354148865,432.10884189605713,217.37525868415833,0.9264717698097229,366.3028521537781,183.67444175481796,0.9847063422203064,409.65689420700073,250.99563121795654,0.9998528957366943,373.3110570907593,258.748037815094,0.9998564124107361,406.9323811531067,244.92396688461304,0.9657296538352966,374.40433979034424,337.5296689271927,0.9722845554351807,397.29041624069214,321.68968737125397,0.9235631823539734,388.35488986968994,412.32486498355865,0.9663144946098328
429,15.590499970130622,22.143262139744582,55.895538022843276,11.918256366792566,11.007057625441405,112.02308819786703,171.77053122338847,109.64477682170579,170.87429561810728,392.5904884338379,119.75970989465714,0.9999440908432007,399.5140562057495,113.81770819425583,0.9998791217803955,384.6685862541199,113.48358687758446,0.9998787641525269,404.10935640335083,116.70257356762886,0.9997729659080505,378.6588673591614,116.6068010032177,0.999826192855835,422.37930822372437,159.38466465473175,0.9998884201049805,357.8206362724304,159.81452292203903,0.9998635053634644,435.0795078277588,206.67898893356323,0.959679126739502,327.34605073928833,188.72706776857376,0.9947034120559692,434.5884656906128,197.65031284093857,0.9265040755271912,362.9700331687927,166.04409873485565,0.9854943156242371,411.1259517669678,249.57888674736023,0.9998583197593689,374.1507821083069,258.5761799812317,0.9998610019683838,409.5595703125,249.99599528312683,0.967728853225708,375.75335359573364,337.7630958557129,0.973507821559906,403.4317030906677,323.9989415407181,0.9281641244888306,389.43697690963745,413.17076337337494,0.9681078791618347
430,16.357899992726743,26.88387656736986,69.12601478640333,25.742481539802437,10.097755833710682,169.8861569998847,172.59945970323858,167.3474920862457,171.47579481163294,392.1439256668091,119.7463760972023,0.9999485611915588,399.18020820617676,113.81086322665215,0.9998874664306641,384.4628186225891,113.43127736449242,0.9998877644538879,403.67482328414917,116.63553419709206,0.9997901916503906,378.29246854782104,116.54669207334518,0.9998396635055542,422.4874486923218,158.49890732765198,0.999894380569458,357.8855609893799,156.23892837762833,0.9998729825019836,440.01100635528564,205.56500428915024,0.9615355134010315,324.0158348083496,175.81543600559235,0.9950882196426392,442.2882995605469,181.11523586511612,0.929813802242279,361.8700532913208,143.91050779819489,0.9863585233688354,412.14639949798584,249.78991973400116,0.9998605847358704,374.376211643219,258.5794279575348,0.9998618960380554,410.7440609931946,254.50102388858795,0.969479501247406,376.8119878768921,338.16011822223663,0.9748708009719849,405.22695112228394,334.9323135614395,0.9322591423988342,390.54625701904297,413.9051479101181,0.9696812629699707
431,18.440400017425418,38.2058430696681,85.56691804669941,33.146435099296305,32.62663707896142,172.07878995312626,173.17947472563836,178.03356389322107,172.28277584711316,391.4040517807007,119.7095941901207,0.9999528527259827,398.4923195838928,113.79327714443207,0.9998949766159058,383.92345571517944,113.3581480383873,0.9998961687088013,403.45505475997925,116.51909852027893,0.9998073577880859,377.8771677017212,116.07209578156471,0.99985271692276,422.57279348373413,157.52620965242386,0.9998980760574341,357.9138913154602,154.78806591033936,0.9998807907104492,447.2265205383301,196.84941601753235,0.9645857810974121,320.3316035270691,163.75406175851822,0.9954710006713867,447.7928237915039,166.2639354467392,0.9342468976974487,360.95572423934937,121.62058663368225,0.9868596792221069,412.67522382736206,249.83296966552734,0.9998539686203003,374.38920164108276,258.98397195339203,0.9998564124107361,413.0935068130493,263.1350566148758,0.9712304472923279,377.39198875427246,338.427734375,0.9764447808265686,412.8695936203003,340.71470856666565,0.9355068802833557,390.50716066360474,413.7151697874069,0.9711000323295593
432,27.579699992202222,53.53762381237905,95.32869214311202,45.87637586718247,47.0737078485038,174.61407725371808,173.49787270110082,176.64402118252897,172.1983267248135,391.4775185585022,119.70597583055496,0.9999567270278931,398.55562686920166,113.74956479668617,0.9999016523361206,384.0550489425659,113.34644535183907,0.9999040961265564,403.4297065734863,116.49586409330368,0.9998239874839783,377.9884672164917,115.9065629541874,0.9998655915260315,422.6373896598816,156.11484998464584,0.9999012351036072,358.3430161476135,152.67867624759674,0.9998890161514282,455.42871856689453,186.199088037014,0.9676968455314636,319.259397983551,154.9181559085846,0.9958359599113464,454.3236083984375,146.3604078888893,0.9389349818229675,359.9163222312927,105.85411190986633,0.9872332215309143,412.667667388916,249.83279871940613,0.9998398423194885,374.40749883651733,258.79818201065063,0.9998525977134705,412.287495136261,281.56678080558777,0.9717230200767517,377.33444356918335,338.3923200368881,0.97757488489151,415.26316499710083,345.38507056236267,0.9324735999107361,390.4846429824829,413.67995488643646,0.971770167350769
433,18.35700002266094,69.8681720445825,110.82762440407475,60.16000281479323,64.19190203495332,174.25281305530953,173.7582353690896,172.30285115494274,172.24787388268953,391.4372344017029,119.15952518582344,0.9999605417251587,398.5416512489319,112.98817789554596,0.9999091029167175,384.10026121139526,112.80681118369102,0.9999122023582458,403.4418625831604,115.91980415582657,0.9998396635055542,378.087863445282,115.27654102444649,0.9998778104782104,422.7440390586853,155.220645070076,0.999891996383667,358.75121545791626,151.70867097377777,0.9998905658721924,460.9794406890869,173.94098329544067,0.9705244302749634,319.4478793144226,142.98982048034668,0.9961022734642029,457.6675977706909,123.45633429288864,0.9436950087547302,360.167377948761,91.45913079380989,0.9875321984291077,412.8569321632385,250.00804698467255,0.9998325109481812,374.41364002227783,258.80937898159027,0.9998546242713928,412.6432795524597,308.94554007053375,0.9706747531890869,377.29383087158203,338.18103063106537,0.978334903717041,419.14330768585205,358.3885146379471,0.9254853129386902,390.25036811828613,412.955371260643,0.9719335436820984
434,19.288200011942536,84.00163113974219,130.67882267276104,68.89553156811084,86.94240827780072,174.17681915185509,174.2403527075809,169.65196571685325,172.61068930110503,391.1438980102539,118.02560395002365,0.999963641166687,398.36949586868286,111.87103074789047,0.9999157190322876,383.9975290298462,111.84678488969803,0.9999186396598816,403.4559898376465,114.93222704529762,0.9998536705970764,378.14876985549927,114.41617631912231,0.9998881816864014,423.8095726966858,153.3556228876114,0.9998820424079895,359.69728660583496,150.2492469549179,0.9998788833618164,467.03990650177,162.8795441389084,0.9730122685432434,325.14763259887695,127.88875353336334,0.9961868524551392,459.30024337768555,112.18406870961189,0.9477882385253906,360.3279838562012,79.4111045897007,0.9866327047348022,412.9256224632263,249.99542546272278,0.999826192855835,374.4097228050232,258.10160505771637,0.9998512864112854,412.14440298080444,324.26989114284515,0.9684376120567322,377.20949697494507,337.9457802772522,0.9782049655914307,420.7945032119751,374.6346356868744,0.9209493398666382,389.513400554657,412.28702890872955,0.9713625907897949
435,21.950999973341823,92.67508091278569,142.6448624343714,76.15513217941748,104.2982078081054,174.56855238238688,173.37888024511145,171.3069404160549,171.3500198935627,391.1041193008423,117.15925613045692,0.9999659657478333,398.38791942596436,111.17636981606483,0.999920666217804,384.01089811325073,111.20991799235344,0.9999231696128845,403.4121675491333,114.38971528410912,0.9998651742935181,378.1941843032837,113.90454170107841,0.9998968839645386,423.9329776763916,152.08743059635162,0.9998782873153687,360.37099742889404,149.54409420490265,0.9998725652694702,467.6326446533203,154.9162042737007,0.9752984046936035,329.7780866622925,118.80491170287132,0.9963809251785278,457.7786445617676,99.8253977894783,0.9516388773918152,360.464328289032,67.4066910147667,0.9866909384727478,412.9941358566284,249.9363350868225,0.9998209476470947,374.5606746673584,257.2060753107071,0.9998448491096497,411.6836624145508,329.1870138645172,0.9676725268363953,375.7862329483032,336.35600984096527,0.9775274991989136,419.8039274215698,388.8870121240616,0.9217857718467712,388.17487478256226,410.09444546699524,0.9701141715049744
436,22.25339994765818,109.09605911749397,150.67988798416405,90.13676704084597,116.17977587755587,174.31341707588916,173.61504346920756,170.49438334016875,171.3145031901847,391.377010345459,116.30205392837524,0.999966025352478,398.4918141365051,110.55064290761948,0.9999201893806458,384.2027406692505,110.8145552277565,0.9999220967292786,403.45834016799927,113.846555352211,0.999870240688324,378.45815420150757,113.57184493541718,0.999901294708252,425.20579528808594,151.06407588720322,0.9998728632926941,362.0800666809082,149.2896266579628,0.9998645186424255,468.26824474334717,141.75859528779984,0.9774281978607178,333.74691009521484,110.4638521373272,0.9965341687202454,456.4648857116699,86.49825298786163,0.9550825357437134,361.16192150115967,58.2461264282465,0.9867157340049744,413.2343497276306,249.9567346572876,0.9998041391372681,374.8408188819885,256.3039926290512,0.9998241662979126,411.55080556869507,329.28553581237793,0.9670289158821106,375.3977460861206,333.17911863327026,0.9759204983711243,421.0708818435669,394.62433433532715,0.9245954155921936,386.64852476119995,403.41558051109314,0.9680280089378357
437,20.203599997330457,125.40410623372043,157.34489954033558,104.36645195061827,125.99536687693002,173.9864708424169,173.50454322584315,171.2856850806041,171.1771063756397,391.7897081375122,115.50855764746666,0.9999644160270691,398.83981466293335,109.85588937997818,0.9999151825904846,384.51139211654663,110.11884725093842,0.9999185800552368,404.08476638793945,113.04020249843597,0.9998700022697449,378.7927350997925,113.06535294651985,0.999903678894043,426.8432426452637,149.33361679315567,0.9998620748519897,363.4887990951538,148.42472475767136,0.999852180480957,468.35821437835693,127.16882818937302,0.9793498516082764,338.3094573020935,103.05603018403053,0.9966062307357788,455.30296325683594,73.74068641662598,0.9583035707473755,362.71546459198,50.65662080049515,0.9865142703056335,413.94811725616455,249.90659046173096,0.9997804760932922,375.42835092544556,255.29082345962524,0.9997946619987488,412.1167550086975,331.05234944820404,0.9645635485649109,375.26645612716675,332.2329888343811,0.9722386002540588,420.9448232650757,398.8261615037918,0.9254944920539856,386.05164194107056,402.6952705383301,0.9642698764801025
438,21.463399985805154,132.25726408885015,162.24196800351925,111.64701021794707,131.95435214508544,173.98990347778556,172.83371081922192,172.73851775177897,170.55071500150044,392.675555229187,115.31933453679085,0.9999614357948303,399.67456102371216,109.28121837973595,0.9999067187309265,385.2859396934509,109.4882198870182,0.9999123811721802,405.1373858451843,112.33457964658737,0.999863862991333,379.5068564414978,112.39219561219215,0.9999030828475952,428.13193130493164,147.52319765090942,0.9998473525047302,364.37644052505493,146.9805434346199,0.9998396635055542,468.19394397735596,119.47344636917114,0.9810829758644104,341.8565101623535,96.65411931276321,0.9966437220573425,455.15461444854736,64.53210377693176,0.9612886905670166,364.4756851196289,45.702830135822296,0.9863670468330383,415.08529806137085,249.94736111164093,0.9997590184211731,376.40578508377075,255.08637189865112,0.9997721314430237,413.2846670150757,332.5312328338623,0.9619215130805969,375.30527448654175,332.2696852684021,0.9688050746917725,420.78411626815796,403.7352212667465,0.926078200340271,386.154727935791,403.7350503206253,0.960993230342865
439,27.00499998172745,138.29752660623666,166.5806337398276,117.26040497067858,140.66632985656253,173.66829718956555,172.81589201970877,173.01722138351064,170.15298999169042,393.52420139312744,115.41315546631813,0.9999597072601318,400.38357734680176,109.28869727253914,0.999901294708252,386.40944814682007,109.48750761151314,0.9999077916145325,406.1832070350647,112.35475841164589,0.9998594522476196,380.42280292510986,112.35743656754494,0.9999017119407654,429.82831382751465,146.34129041433334,0.9998371005058289,365.6183500289917,145.27519917488098,0.9998199939727783,467.67490005493164,113.58975866436958,0.9825730919837952,346.8545255661011,92.12535056471825,0.996441662311554,454.68217277526855,59.93230691552162,0.9638283848762512,365.5695490837097,40.39404848217964,0.9854151606559753,416.31586027145386,250.0215802192688,0.999752938747406,377.2177104949951,255.1650071144104,0.9997591376304626,414.7263798713684,333.2802047729492,0.961423933506012,375.6563835144043,332.36652624607086,0.9666374325752258,422.05486154556274,404.32883167266846,0.9295443892478943,386.2315559387207,401.56916296482086,0.9592363238334656
440,20.472400006838143,144.01063429166132,169.48290130486532,123.66349332891623,149.52068520348695,172.80606969298196,173.70540126285402,176.35875458146558,171.2851914115107,395.17961740493774,115.43888285756111,0.9999591112136841,401.5230073928833,109.12438955903053,0.9998987317085266,388.3688907623291,109.33217456936836,0.9999066591262817,407.5937843322754,112.2830393910408,0.9998571276664734,382.3080711364746,112.20994567871094,0.9999030828475952,431.06751918792725,145.36439031362534,0.9998297095298767,368.0492739677429,143.61598187685013,0.9998074173927307,466.8277702331543,107.3950985968113,0.9838812351226807,352.6613578796387,89.14187777042389,0.9963719248771667,453.7563953399658,51.01320372521877,0.9662954807281494,366.7928833961487,35.29607900977135,0.9852858185768127,417.6566858291626,250.13232481479645,0.9997531771659851,378.30391693115234,255.06924879550934,0.9997518658638,417.5065426826477,335.68282401561737,0.9607298970222473,376.9047122001648,332.31652450561523,0.9651937484741211,421.892840385437,406.57192969322205,0.9326037168502808,386.2919063568115,401.955273270607,0.9578695893287659
441,18.10819999082014,148.9047908762939,172.97649020181737,129.1215721202726,159.77459920716936,173.21277823013435,173.61384608161268,177.75491328890465,171.22207064833916,397.37998151779175,114.39579099416733,0.9999561309814453,403.39366817474365,108.29722401499748,0.9998902082443237,391.48623752593994,108.52201104164124,0.9998997449874878,409.8084526062012,112.20522329211235,0.9998444318771362,386.21490144729614,111.94947364926338,0.9998970627784729,432.65740394592285,144.91369086503983,0.9998111128807068,370.9356060028076,143.2873237133026,0.9997731447219849,465.89618015289307,102.66172158718109,0.9849121570587158,359.37612533569336,86.78059187531471,0.9962261915206909,453.43220138549805,47.2961548268795,0.9683029055595398,367.7374634742737,31.908560812473297,0.9853017926216125,419.4506196975708,251.00130093097687,0.999750018119812,379.8107566833496,255.11175739765167,0.9997429847717285,418.99283599853516,335.8874180316925,0.9602634906768799,377.34619522094727,331.4853844642639,0.9644353985786438,421.3961372375488,406.9822573661804,0.9351702332496643,385.89055585861206,401.78714776039124,0.9570401310920715
442,15.594900003634393,152.23768117773514,174.7040885261501,132.74905566430937,165.4083121553415,173.5846759076755,174.08884512273585,178.33769247784508,171.88797060596357,400.2456154823303,114.1739599108696,0.9999536275863647,405.6947932243347,108.07250109314919,0.999883770942688,394.66701793670654,108.03702265024185,0.9998956918716431,411.91015338897705,112.20644840598106,0.9998356699943542,388.98594093322754,111.54624736309052,0.9998947978019714,433.95716190338135,144.6917885541916,0.999789834022522,372.74126625061035,141.83945280313492,0.999744176864624,465.57304763793945,99.10404789447784,0.9858584403991699,363.4225854873657,85.1839052438736,0.9962529540061951,453.5114049911499,44.73776449263096,0.9702617526054382,368.70168018341064,27.746594361960888,0.9858739376068115,420.8118906021118,252.06658017635345,0.999751627445221,380.75313806533813,255.15138840675354,0.9997407793998718,419.97107887268066,337.42992186546326,0.9622648358345032,378.26062536239624,331.6280959844589,0.9660661816596985,421.31743907928467,407.6786918640137,0.9390061497688293,385.94147968292236,401.81447064876556,0.9579222202301025
443,15.689000021666288,155.34738931314857,174.85293717288351,137.62846963942616,168.54891538186342,173.4338330688888,175.67199854455512,179.33446923574098,174.75179808483483,401.82453203201294,114.2571394443512,0.9999483227729797,407.43858671188354,108.13620701432228,0.999871551990509,396.0687246322632,108.06252211332321,0.9998860955238342,413.7698712348938,112.16647550463676,0.9998160600662231,391.02954053878784,111.43891456723213,0.9998854398727417,435.96788215637207,144.03012734651566,0.9997696876525879,374.9764051437378,141.09710502624512,0.999704897403717,465.0996961593628,97.25548639893532,0.9863580465316772,366.7034697532654,86.35381063818932,0.995989978313446,454.95754051208496,42.29984487593174,0.9714421033859253,369.58949851989746,28.53273817896843,0.9856117367744446,422.15552139282227,252.41465497016907,0.9997504949569702,381.8251667022705,254.81311452388763,0.9997331500053406,421.14010286331177,335.9564802646637,0.9621903300285339,380.6416869163513,331.7380713224411,0.9660149216651917,421.1013603210449,407.92701959609985,0.9415415525436401,385.97089672088623,401.5262269973755,0.9574894309043884
444,17.452100000809878,157.86283665574638,174.35144486685584,140.5750811162387,169.10369087954805,172.806757751168,176.5912630378916,179.8542569598651,176.05428455599505,403.3769631385803,114.16799104213715,0.999945878982544,409.09797048568726,107.78393691778183,0.9998655319213867,397.29385328292847,107.7349323630333,0.9998812079429626,415.546594619751,111.58584275841713,0.9998061656951904,392.364351272583,111.30014905333519,0.9998806118965149,438.11820697784424,143.40732789039612,0.9997645616531372,376.9252333641052,140.74820399284363,0.9996926784515381,465.3591423034668,96.1985265314579,0.9868984222412109,368.6571755409241,85.45365110039711,0.9959064722061157,456.3993797302246,42.3026227504015,0.9726305603981018,370.99989891052246,29.371280543506145,0.9856541752815247,423.080970287323,252.4864238500595,0.9997535347938538,382.5831608772278,254.17155373096466,0.9997325539588928,422.13515186309814,335.108416557312,0.962270200252533,381.8388137817383,331.2897651195526,0.966418445110321,421.4922480583191,407.3157732486725,0.9435473084449768,386.00301790237427,401.53221011161804,0.9573856592178345
445,16.29010000033304,159.27126157292108,172.7662181221618,142.11334861699044,166.9327935410269,172.88677582697366,176.54232696087553,179.80432907413763,175.95879506340953,406.13978910446167,114.21786457300186,0.9999423623085022,411.63347148895264,107.78496971726418,0.9998572468757629,400.0606470108032,107.6149994134903,0.9998742938041687,417.48470735549927,111.49816876649857,0.9997912645339966,395.25710248947144,111.25395086407661,0.9998727440834045,440.52590560913086,143.47564935684204,0.9997589588165283,378.5327076911926,140.6939570903778,0.9996828436851501,466.52242946624756,96.66654139757156,0.9874131679534912,369.2979817390442,87.75360295176506,0.9958450794219971,458.1539897918701,42.85840776562691,0.9737340807914734,372.4787621498108,30.363282665610313,0.9857684373855591,424.50175762176514,253.07772648334503,0.999752402305603,383.80897188186646,254.21352100372314,0.9997307658195496,422.80282258987427,333.87042474746704,0.9610171914100647,382.7410879135132,331.02200651168823,0.9659405946731567,421.5063753128052,407.4822462797165,0.9442368745803833,386.7942705154419,402.5185122489929,0.9569371342658997
446,16.51390001643449,158.93714951338558,170.63248494067716,142.1723716286372,163.46434584022265,172.19474880956773,176.83411053063148,179.2354956130549,176.56136345484626,408.11886835098267,114.24598520994186,0.9999377727508545,413.6309742927551,107.80185064673424,0.9998452067375183,402.211932182312,107.59106695652008,0.9998647570610046,419.0776753425598,111.48630937933922,0.999770998954773,397.34444856643677,111.25907924771309,0.9998618960380554,441.72780895233154,143.43466502428055,0.9997501373291016,380.3059434890747,140.52727037668228,0.9996711015701294,467.80313205718994,97.62757912278175,0.9877803325653076,369.3606824874878,87.5514235496521,0.995759129524231,460.1821479797363,44.59260630607605,0.9747185707092285,374.22849464416504,30.326230093836784,0.9858080148696899,425.1212339401245,253.4027235507965,0.9997459650039673,384.88077306747437,254.13254952430725,0.9997231364250183,424.00621700286865,335.06653475761414,0.9598498940467834,383.7259774208069,331.07505679130554,0.9656504392623901,422.01434993743896,408.83235025405884,0.9450374841690063,387.0486116409302,404.8482229709625,0.9570624232292175
447,18.841999990399927,157.28177510093022,166.974559901097,142.47266764275372,157.7677411884445,172.8080142117258,176.69025035542302,179.98717400107142,176.34489964647435,408.9925594329834,114.47031638026237,0.999934196472168,415.0948257446289,107.8754785656929,0.9998360872268677,403.2766318321228,107.62085431814194,0.9998553991317749,420.4982352256775,111.52780655026436,0.9997539520263672,398.6627564430237,111.26457089185715,0.9998494386672974,443.0145263671875,143.57536792755127,0.9997438788414001,382.19965267181396,140.77128171920776,0.9996491074562073,469.23107147216797,100.67966541647911,0.9881961941719055,368.5098376274109,89.67047879099846,0.9954950213432312,463.43773460388184,46.4282079488039,0.9755997061729431,375.8899760246277,31.536144003272057,0.9856140613555908,426.03376865386963,254.36694514751434,0.9997423887252808,386.1183862686157,254.5932493209839,0.9997182488441467,423.8820285797119,335.3614168167114,0.9593168497085571,384.3313264846802,331.10967338085175,0.9648783206939697,421.925416469574,409.63730704784393,0.9462857842445374,387.31505823135376,404.84651350975037,0.9564249515533447
448,19.80629999889061,155.9957571355401,164.65896443140554,142.56864926860004,151.711511940036,173.11838131319635,176.54882918609633,179.76598789956452,176.39076374533707,409.31283617019653,114.95591020584106,0.9999327063560486,416.11497020721436,108.27807804942131,0.9998311400413513,403.12924337387085,107.9170968234539,0.999851644039154,421.5883083343506,111.88336023688316,0.9997439980506897,398.1994380950928,111.3499513566494,0.9998445510864258,444.31003856658936,143.9322464466095,0.9997402429580688,382.919207572937,140.96422290802002,0.999636173248291,471.0476999282837,102.58133417367935,0.9884491562843323,367.42694187164307,91.12522315979004,0.9953952431678772,466.6752767562866,47.57050910592079,0.9762019515037537,378.65009784698486,33.49893668293953,0.9853621125221252,426.9316453933716,255.12896597385406,0.9997454881668091,386.7661929130554,255.32635176181793,0.9997183680534363,424.1503200531006,334.7356685400009,0.9589815735816956,384.74612188339233,331.2271418571472,0.9642399549484253,421.860719203949,408.9537789821625,0.9474712610244751,387.40330934524536,404.22523832321167,0.9551416039466858
449,18.450999981723726,154.49092060660735,162.4146632110149,143.8129226178707,146.93470486164418,173.2592499226461,175.81954511465779,179.8986447658098,175.6176694041133,411.2043972015381,115.0999750494957,0.9999324679374695,417.9501233100891,108.40662953257561,0.9998285174369812,405.10695791244507,107.980240046978,0.9998509287834167,423.16699743270874,112.10680818557739,0.999738872051239,399.8347878456116,111.37396928668022,0.999843418598175,445.4008951187134,144.73495244979858,0.9997367262840271,383.91931104660034,141.032131254673,0.999627947807312,473.139443397522,104.22267335653305,0.9887020587921143,366.56828784942627,92.03838884830475,0.9954465627670288,471.4108638763428,48.84390813112259,0.9768946170806885,380.2475895881653,35.338256403803825,0.9854639172554016,427.8363962173462,257.0256416797638,0.9997493028640747,387.78568029403687,256.59941601753235,0.9997206926345825,424.866286277771,336.16121673583984,0.9591699242591858,384.7641410827637,333.0163209438324,0.9645727872848511,422.01452684402466,408.7185856103897,0.9482555389404297,387.40679693222046,404.4716286659241,0.9545201063156128
450,18.448199960403144,153.83480250432967,159.2459074912844,144.05939967582586,141.56319387289457,173.21466029609158,176.66855759558692,179.60292444466026,176.88574590302858,412.9458909034729,115.94464120268822,0.9999322891235352,419.6364221572876,109.16475421190262,0.9998248219490051,407.0879578590393,108.64593985676765,0.9998510479927063,424.7941589355469,112.60736691951752,0.9997323155403137,401.4989986419678,111.63026738166809,0.9998423457145691,446.4530849456787,146.04615193605423,0.9997302889823914,385.0407724380493,141.39985060691833,0.9996200799942017,475.71196842193604,104.59567779302597,0.9888970255851746,365.8127956390381,94.93662363290787,0.9954427480697632,475.0254192352295,50.21103549003601,0.9774271249771118,381.8867301940918,38.715247169137,0.9852111339569092,428.48892879486084,258.8031394481659,0.9997521638870239,388.5515847206116,257.8239885568619,0.999721884727478,425.38957595825195,337.1016198396683,0.9591838121414185,386.3826594352722,335.26976120471954,0.9646810293197632,422.05170249938965,408.84223663806915,0.9492160081863403,388.22334718704224,405.0941289663315,0.9543712735176086
451,24.7218000004068,149.18899509638933,155.93551789348425,139.2134886678517,135.52277810435277,173.06411491154307,178.78009909921147,178.9016427055458,177.5712105352117,414.16437292099,116.43333342671394,0.9999340176582336,420.88318395614624,109.75899854302406,0.9998259544372559,408.2729287147522,109.29294243454933,0.9998527765274048,426.0233564376831,113.26820901036263,0.9997313618659973,402.38904094696045,112.13039875030518,0.9998415112495422,449.1488380432129,146.4424620270729,0.9997231364250183,386.17211532592773,142.6873598098755,0.9996045827865601,478.50754737854004,111.7588900923729,0.9892228841781616,365.5299725532532,100.8373062312603,0.9953879117965698,477.9543857574463,53.01354756951332,0.9781609177589417,383.7867069244385,45.38364167511463,0.9847427010536194,430.33209323883057,259.6635397672653,0.999752938747406,390.5833315849304,258.0446230173111,0.9997208118438721,426.91259002685547,337.9791147708893,0.9585334062576294,391.8934006690979,335.42013680934906,0.9641149640083313,422.45148611068726,408.916313290596,0.9495208263397217,390.1178650856018,405.14145255088806,0.9537861347198486
452,23.759399948175997,138.49828485555847,150.10269109578445,126.91811504113525,127.16378028888921,173.10950511387233,178.62913178547595,179.16998833855695,177.0421364908386,415.9432444572449,116.43266388773918,0.9999352693557739,422.27548933029175,109.84959998726845,0.9998270273208618,410.0074977874756,109.41293948888779,0.9998533725738525,427.3121967315674,113.75653085112572,0.9997299313545227,403.8866310119629,112.40233841538429,0.999840259552002,451.05169582366943,146.5697456598282,0.9997171759605408,386.87344884872437,144.0361389517784,0.9995893836021423,481.4438934326172,122.12590336799622,0.9892851114273071,365.0075421333313,109.28251472115517,0.9953142404556274,479.380859375,59.63754238188267,0.9785009622573853,385.83834314346313,54.03699487447739,0.9842925071716309,431.72394371032715,259.76958334445953,0.9997532963752747,391.4156770706177,258.14459800720215,0.9997177124023438,427.9014472961426,337.9609090089798,0.957770824432373,392.64014863967896,335.34768414497375,0.9634060263633728,423.41684007644653,408.6750513315201,0.9496506452560425,390.1661100387573,404.492284655571,0.952939510345459
453,17.21760001964867,113.68944336847981,132.8685812920165,102.22255489014147,104.59394712336743,173.35962893471418,177.4078573234965,178.8688028571647,176.25470982133837,416.23991680145264,116.44371128082275,0.9999390244483948,422.81432151794434,110.04868099093437,0.9998346567153931,409.78656673431396,109.46044826507568,0.9998601675033569,428.23125171661377,114.02470257878304,0.9997367858886719,404.59850311279297,112.42545175552368,0.999846339225769,452.4030599594116,146.7147791981697,0.9997106194496155,387.8672089576721,144.95846450328827,0.9995911121368408,482.1338291168213,139.32116001844406,0.9896771311759949,361.1179223060608,122.39091259241104,0.9954605102539062,480.1715307235718,74.82897216081619,0.9792460799217224,386.35491037368774,69.62121254205704,0.9842216968536377,433.06833267211914,259.54191160202026,0.999754011631012,393.22987937927246,258.0326282978058,0.9997137188911438,428.86518383026123,337.5613224506378,0.9602851271629333,393.39248180389404,333.6897062063217,0.9657437205314636,423.64060163497925,408.453875541687,0.9529169201850891,389.08771276474,401.6925290822983,0.9548957347869873
454,22.90440001524985,94.78936719232269,109.8814718775582,81.79784588769768,79.04446070929802,173.55166969939665,178.3090866829228,178.75430397179142,174.52923807292038,418.1347885131836,116.996871560812,0.9999440908432007,424.4600582122803,110.86895170807838,0.9998465180397034,412.20659828186035,109.8475272655487,0.9998711943626404,430.6337947845459,114.58944445848465,0.9997535943984985,407.1838665008545,112.79278647899628,0.9998580813407898,452.15847396850586,147.8741785287857,0.9997037053108215,390.75164556503296,146.2759605050087,0.9996042251586914,482.482385635376,150.44331353902817,0.990232527256012,359.5877561569214,135.9999902844429,0.9956315755844116,479.0503978729248,91.9773895740509,0.9802528619766235,385.3497271537781,89.91377073526382,0.9844355583190918,433.21617603302,259.48772168159485,0.9997468590736389,393.931339263916,257.8751584291458,0.999704122543335,428.887170791626,337.3137639760971,0.9621811509132385,393.85415744781494,332.981960773468,0.9676476120948792,423.3954849243164,408.2083114385605,0.9551428556442261,387.25753831863403,401.1209707260132,0.9566181302070618
455,18.259699980262667,69.26806144667205,78.4908902045233,53.69455900944344,41.84776821872319,173.24222911912585,178.45755039199182,179.1798438010718,173.1120885084386,418.808979511261,117.02742817997932,0.9999490976333618,425.50865936279297,110.90121778845787,0.9998584389686584,412.7283716201782,109.82974174618721,0.9998819828033447,432.25648307800293,114.52799645066261,0.999771237373352,407.68261671066284,112.43600055575371,0.999869704246521,452.73791885375977,148.1810553073883,0.9997193217277527,391.3788552284241,146.470454454422,0.9996345043182373,483.3630771636963,166.41703194379807,0.9909748435020447,350.1582307815552,155.96931785345078,0.9958319067955017,477.9945182800293,111.00149193406105,0.9814557433128357,381.8439693450928,111.0112002491951,0.98463374376297,433.38600635528564,257.48429012298584,0.9997302889823914,394.147696018219,254.54561233520508,0.999687135219574,428.95409202575684,334.7633903026581,0.9643776416778564,394.0506501197815,328.8054621219635,0.9695253968238831,424.0821352005005,402.6900851726532,0.957714319229126,386.12611961364746,393.69396007061005,0.9580968618392944
456,20.389400015119463,52.63272097504138,62.20658772857955,26.724833803380523,23.245217895733322,171.83976801879206,177.59999312520657,179.87909182374113,173.22918633507607,419.8101444244385,117.34409162402153,0.9999517202377319,426.6822576522827,110.89207217097282,0.9998622536659241,413.334933757782,109.91018614172935,0.9998857975006104,433.73006439208984,114.14015531539917,0.9997709393501282,407.9315495491028,112.32267752289772,0.9998726844787598,455.0082368850708,148.08415734767914,0.9997380971908569,391.66506481170654,146.1267672777176,0.9996652007102966,483.467755317688,180.82800364494324,0.991436779499054,350.7875633239746,169.34600853919983,0.9958401918411255,474.2754364013672,144.68844085931778,0.9824351668357849,376.4089946746826,135.53877764940262,0.9854373335838318,433.4620761871338,252.70600414276123,0.9997127652168274,394.89823484420776,248.7778047323227,0.9996688365936279,428.76960372924805,329.94162702560425,0.9669432044029236,394.14724111557007,320.97419238090515,0.9715964794158936,424.5635232925415,401.67181611061096,0.9608369469642639,385.61569356918335,386.9629280567169,0.9605037569999695
457,18.891400017309934,42.948449187841014,49.49374905153455,15.169757112773835,3.5719832564292497,171.65194246611662,175.7981536578341,179.45615127910364,175.36853142003034,421.10598516464233,117.72170448303223,0.9999545216560364,428.0298309326172,111.00503194332123,0.9998684525489807,414.0679335594177,110.08076187968254,0.9998894929885864,434.17415046691895,114.09230464696884,0.999769926071167,408.28313875198364,112.32041960954666,0.9998722672462463,455.5988521575928,150.51519638299942,0.9997581243515015,391.32815885543823,146.8670494556427,0.9996927380561829,481.2248830795288,193.44869935512543,0.9916206002235413,350.96270084381104,183.70536875724792,0.9956614375114441,472.8171195983887,163.46131652593613,0.9828947186470032,376.81534910202026,156.97510784864426,0.9857662916183472,433.6692085266113,252.66489160060883,0.999721348285675,394.63949632644653,247.85905480384827,0.9996788501739502,428.74999237060547,327.35059666633606,0.9697503447532654,392.3293995857239,304.78331542015076,0.9741235971450806,424.54901695251465,401.9178075790405,0.9639582633972168,383.5303440093994,376.9103274345398,0.9632447361946106
458,18.05199997033924,37.23847692187188,44.59909609248122,6.566384383188701,6.462794534846673,170.68128592167514,171.97597717722886,178.85591495834612,179.5968566653347,422.50837421417236,117.71139073371887,0.9999586343765259,429.23855781555176,111.0030589401722,0.9998795390129089,415.6105842590332,110.1683788895607,0.9998986721038818,435.07445335388184,114.05913397669792,0.9997850060462952,410.25905895233154,112.36022156476974,0.999880850315094,458.419602394104,155.67276906967163,0.9997794032096863,390.9774794578552,152.40682917833328,0.9997202754020691,478.8508472442627,202.67993235588074,0.9920588135719299,351.6782627105713,195.18236368894577,0.9953922629356384,465.79352378845215,180.11688202619553,0.9838521480560303,377.0606427192688,173.146910071373,0.9859219193458557,434.2346525192261,254.5329338312149,0.999743640422821,394.3885922431946,248.90817964076996,0.9997045993804932,428.7242650985718,325.69190645217896,0.971716582775116,390.5454988479614,285.4753214120865,0.9761656522750854,424.3394584655762,402.111204624176,0.965555727481842,381.58159160614014,365.3560221195221,0.9647775292396545
459,18.324699951335788,29.749115224252698,40.10168449825445,32.506504299094374,15.000352747684461,169.87681288187034,167.01817819831464,178.86919215837736,174.42230682209143,423.23697662353516,118.01091682910919,0.9999624490737915,430.3748540878296,111.48561134934425,0.9998902678489685,416.7439489364624,110.90240016579628,0.9999072551727295,436.43127632141113,114.73431417346,0.9998005628585815,412.1741738319397,113.16430938243866,0.999889075756073,459.19758701324463,157.9318363070488,0.9997997879981995,391.1145820617676,156.16133308410645,0.9997461438179016,472.7963457107544,208.0324263572693,0.9924535155296326,355.40490102767944,201.57244366407394,0.9952588081359863,456.07265853881836,192.8109706044197,0.9848973751068115,379.95736169815063,183.1918893456459,0.9866596460342407,434.076548576355,254.62721061706543,0.9997631907463074,394.21959590911865,248.71589374542236,0.9997268319129944,428.593505859375,325.24020981788635,0.9732922315597534,387.84476709365845,281.32799756526947,0.9779175519943237,424.1408681869507,402.24656546115875,0.9667928814888,380.79605054855347,354.76420044898987,0.9658033847808838
460,20.929499994963408,24.47442177998337,33.732564906942336,70.15975564344122,42.22249987919046,169.195362153043,160.99322085413527,179.66107756106527,167.27783534885472,424.320200920105,118.00283962488174,0.9999655485153198,431.2044448852539,111.59056514501572,0.9998987913131714,417.83225297927856,111.22210502624512,0.9999136924743652,437.24363136291504,114.87838613986969,0.9998102784156799,413.0985107421875,113.78096190094948,0.9998922944068909,459.7656087875366,158.85270881652832,0.9998184442520142,391.5005416870117,157.57004308700562,0.9997692704200745,468.56772232055664,211.8155922293663,0.9927154183387756,362.36617517471313,204.3218556046486,0.9940267205238342,444.68230056762695,207.42995524406433,0.9856118559837341,379.5524983406067,199.4432100057602,0.9861165881156921,434.0211009979248,254.67524647712708,0.9997790455818176,394.35348892211914,248.22089076042175,0.9997441172599792,428.4994926452637,329.2625720500946,0.9741983413696289,387.0680208206177,271.7503707408905,0.979256272315979,423.38034677505493,404.45171344280243,0.9675949215888977,381.09113073349,348.0000903606415,0.9671580791473389
461,30.43380001327023,19.658842664994552,30.358049443272783,98.40315486633963,68.39135036527945,168.85122194586606,139.93498933186078,179.92867416876248,145.56685418215173,424.9591875076294,117.99899333715439,0.999968409538269,432.0066909790039,111.60899883508682,0.9999070167541504,419.122811794281,111.49175828695297,0.9999198913574219,438.23744201660156,115.02424591779709,0.9998209476470947,414.8845090866089,114.22074928879738,0.9998959302902222,460.71028995513916,160.4744176864624,0.9998353123664856,392.9013638496399,158.86350691318512,0.999788761138916,464.48876190185547,212.9868010878563,0.9926065802574158,367.24897384643555,205.6487536430359,0.9918302893638611,441.28038692474365,218.1399291753769,0.9856729507446289,379.7604899406433,207.21320980787277,0.9833948612213135,434.0579481124878,256.2985223531723,0.9997931122779846,395.4436631202698,248.64110481739044,0.9997579455375671,428.08148765563965,334.06712675094604,0.975411057472229,387.22430515289307,258.9953968524933,0.9806733727455139,422.5167899131775,405.31658685207367,0.9688389897346497,381.8407850265503,335.7943378686905,0.9685473442077637
462,26.624999998603016,19.189984093938275,29.556607853626037,118.88877428045848,83.61735813177447,168.08315783625383,154.12040446223463,179.48412400483613,158.9580092027213,425.2796411514282,118.57352900505066,0.9999708533287048,432.62374114990234,112.29225623607635,0.9999139904975891,419.58410835266113,112.62271645665169,0.9999250173568726,438.98479652404785,115.80862507224083,0.9998290538787842,415.419171333313,115.35260492563248,0.9998974800109863,461.64127349853516,161.69376212358475,0.9998501539230347,394.37701749801636,159.40080481767654,0.9998059272766113,464.3112487792969,213.2687624692917,0.9925474524497986,369.58722400665283,205.28978103399277,0.9902331233024597,443.7124481201172,226.06658685207367,0.9859765768051147,377.8812870979309,208.64009708166122,0.9822503328323364,434.02251625061035,256.5943161249161,0.9998081922531128,396.21131134033203,248.5942940711975,0.9997735023498535,428.04347801208496,335.93417179584503,0.9765574336051941,387.1189193725586,268.36124992370605,0.9818666577339172,422.1884765625,405.2888935804367,0.9700484275817871,383.12982749938965,330.7330220937729,0.9693906307220459
463,18.72579997871071,16.906796307166648,29.51666227974394,119.0164205166364,91.9415167776299,167.08961594538752,126.62112036482294,179.0453497281841,130.87495502447246,426.04039001464844,118.9266965687275,0.9999729990959167,433.62422370910645,112.72918027639389,0.9999202489852905,420.829833984375,113.29726272821426,0.9999297261238098,440.02970790863037,116.41143807768822,0.9998362064361572,416.94127559661865,116.21266335248947,0.9998984932899475,463.18950939178467,163.08157396316528,0.9998630285263062,395.69353103637695,159.64058524370193,0.9998201727867126,462.9125747680664,215.6395999789238,0.9923103451728821,370.5899305343628,205.2933566570282,0.9878863096237183,441.287109375,227.48632287979126,0.986024022102356,376.7993516921997,208.98714619874954,0.9799381494522095,434.067551612854,257.1089209318161,0.9998171329498291,396.7948250770569,248.3717222213745,0.9997788667678833,428.019570350647,337.5762802362442,0.9769296050071716,387.21788597106934,255.67590808868408,0.9826980233192444,421.7956175804138,405.2727106809616,0.9704393744468689,383.2185335159302,320.27391159534454,0.9697320461273193
464,17.050900030881166,16.094878795150507,31.857167143028047,107.42414336530722,69.69698069249513,166.90768979509335,29.341077624336393,178.9411687801132,33.37820508385609,426.98264503479004,119.14751622080803,0.9999752640724182,434.67914295196533,112.9945242702961,0.999926745891571,421.80936574935913,113.43476039171219,0.9999347925186157,441.1627187728882,116.81378826498985,0.999845027923584,417.803644657135,116.5570556819439,0.9999018907546997,463.7851285934448,163.97479593753815,0.9998754262924194,396.2239727973938,159.3721143603325,0.9998348951339722,462.510440826416,217.28330391645432,0.9919794201850891,369.11174964904785,203.99653089046478,0.9859308004379272,438.661057472229,224.14650577306747,0.9858515858650208,380.89281845092773,206.2819238305092,0.9771698713302612,434.06568145751953,258.4360326528549,0.9998215436935425,397.1196508407593,248.49850726127625,0.9997773766517639,428.0025873184204,337.73346519470215,0.9778358936309814,387.9419140815735,232.54879254102707,0.9837427735328674,421.5807771682739,405.2769273519516,0.9716835618019104,383.26986169815063,309.7912105321884,0.9709040522575378
465,19.853100006002933,16.41541919537401,32.91121404650848,90.36572612698801,54.327775471919146,167.01978819029563,14.197451360872316,179.09483269521152,19.12192704465975,427.54733085632324,119.15286540985107,0.9999772310256958,435.49897861480713,113.01897668838501,0.9999322295188904,422.65935134887695,113.37070545554161,0.99993896484375,442.1427812576294,116.86846253275871,0.9998517632484436,418.87291860580444,116.47143304347992,0.9999041557312012,464.04502964019775,163.75622707605362,0.9998862147331238,396.73285722732544,158.92766869068146,0.999847412109375,463.0845785140991,217.37778013944626,0.9915502667427063,368.9737877845764,202.15403085947037,0.9836137890815735,434.98316955566406,217.05385148525238,0.9855290651321411,380.18476247787476,201.57345509529114,0.9737646579742432,434.0459690093994,259.24050509929657,0.9998236894607544,397.051390171051,248.61865389347076,0.9997721910476685,427.93298721313477,337.58878779411316,0.9783623814582825,390.397225856781,222.704147875309,0.9845054149627686,421.5754699707031,405.2662717103958,0.9724289774894714,383.36670541763306,307.8360427618027,0.9714307188987732
466,22.355500026606023,16.99748830362798,37.07051702161338,74.95733631674469,19.65332317779103,167.51698237755267,22.605882088566503,179.98594731707578,27.315794749070267,428.0512113571167,119.31604060530663,0.9999786615371704,436.2106990814209,113.10524037480354,0.9999361634254456,423.33804082870483,113.39287859201431,0.9999416470527649,443.264217376709,116.84806296229362,0.9998551607131958,419.8383231163025,116.43405994772911,0.9999040961265564,464.3614902496338,163.32122617959976,0.9998955130577087,397.38013315200806,158.5348060131073,0.999858558177948,463.9645118713379,215.77423429489136,0.9914650321006775,366.84648609161377,198.5419963002205,0.9825209975242615,436.53175926208496,208.17868500947952,0.9856809377670288,376.16822481155396,192.48939245939255,0.9724732041358948,433.98516368865967,260.06808376312256,0.9998267292976379,396.9373106956482,248.98607409000397,0.9997681975364685,427.2609443664551,337.73662769794464,0.9785364270210266,390.8708300590515,234.2131097316742,0.9849613308906555,421.42679262161255,405.31727063655853,0.972547709941864,383.99543142318726,312.95100712776184,0.971120297908783
467,20.408000040333718,17.56538149267066,44.51990491751123,71.5315093304493,8.33468214932761,167.65461565522568,67.71243719184073,179.82424909394214,72.54801417305785,429.0007953643799,119.26988515257835,0.9999784827232361,437.43474102020264,113.05065870285034,0.9999356269836426,424.25969886779785,113.3721513748169,0.9999380707740784,444.6926622390747,116.71716096997261,0.9998429417610168,420.68661546707153,116.4123070538044,0.9998899698257446,464.65166759490967,162.8862110376358,0.9998993277549744,398.9548292160034,157.54219311475754,0.9998601675033569,464.7652416229248,213.9019611477852,0.9907201528549194,364.50098276138306,191.1815549135208,0.9806649088859558,439.32172775268555,205.46715188026428,0.9849696159362793,374.48114252090454,183.93586111068726,0.9692823886871338,434.15787506103516,259.96736800670624,0.9998239874839783,397.09316539764404,249.05684578418732,0.9997515082359314,427.24785327911377,337.5081582069397,0.977287769317627,391.77699613571167,246.75049769878387,0.983981728553772,420.9736337661743,405.55286288261414,0.9708999991416931,384.259982585907,318.2584283351898,0.9664658308029175
468,22.980300011113286,20.574352725799226,57.04392004404473,45.5559673993784,27.88705582219182,167.7910980746706,121.11408072142385,179.5311825992334,126.24892019284134,429.831093788147,119.06816160678864,0.9999794960021973,438.51382064819336,112.99156120419502,0.9999377727508545,425.0100860595703,113.00347757339478,0.9999392628669739,445.40776920318604,116.70599961280823,0.999844491481781,421.1848855018616,116.00049072504044,0.9998888969421387,464.3815565109253,162.6365014910698,0.9999032616615295,398.83187913894653,154.777752161026,0.9998654723167419,467.2305107116699,212.4909433722496,0.9906328916549683,358.1692433357239,180.07071232795715,0.9806714653968811,444.9705066680908,193.02203208208084,0.9851183891296387,369.1900939941406,161.15817368030548,0.9695190191268921,434.1735944747925,259.6009449958801,0.999818742275238,397.0672359466553,248.93726897239685,0.9997372031211853,427.2433042526245,337.33276748657227,0.9761883020401001,393.02039670944214,251.27752137184143,0.9836187362670898,420.58423709869385,405.6939504146576,0.9694456458091736,385.18272733688354,323.3250149488449,0.9642655253410339
469,25.747000006958842,23.94030666438388,66.24928741955375,22.578193258935965,45.22709802582587,167.5103320942626,127.08567501632766,179.08492323456412,132.61509981195496,430.1354236602783,118.8133307993412,0.999980628490448,439.091344833374,112.82690447568893,0.9999409914016724,425.31643772125244,112.49791154265404,0.9999412894248962,445.7361078262329,116.63299849629402,0.9998496174812317,421.31084299087524,115.31371468305588,0.9998900294303894,464.2324495315552,162.4376199245453,0.9999071359634399,398.63596773147583,152.44534903764725,0.9998689889907837,469.76295375823975,210.21371310949326,0.9909274578094482,355.4819312095642,170.43876737356186,0.980871319770813,449.15454959869385,173.31103259325027,0.985662579536438,367.1578416824341,141.74026131629944,0.9695025086402893,434.1559543609619,258.7817426919937,0.9998179078102112,396.7732172012329,248.01356160640717,0.9997275471687317,427.50366020202637,337.22128212451935,0.976354718208313,393.92979764938354,250.07708072662354,0.9841334223747253,420.588583946228,405.743638753891,0.9702208638191223,385.1708745956421,325.24898505210876,0.9646381139755249
470,19.883500004652888,31.85140570657554,76.31741522120141,0.12830495642241496,55.39889788008128,167.03596107036736,145.95914011333673,178.19935530763692,151.4218972784827,430.51840114593506,117.19161480665207,0.9999819993972778,439.46037197113037,111.46335273981094,0.9999451041221619,425.6137418746948,110.50976541638374,0.9999443888664246,445.78114318847656,116.00838986039162,0.9998579621315002,421.3660378456116,113.14916640520096,0.9998942017555237,464.13398838043213,161.73694026470184,0.9999103546142578,398.44000577926636,150.18780606985092,0.9998709559440613,474.98503398895264,203.7049680352211,0.9912563562393188,352.94488859176636,160.39365988969803,0.9814664125442505,464.4996795654297,162.77331537008286,0.9861627221107483,367.5787024497986,124.09591495990753,0.9698566794395447,434.1507987976074,257.67879831790924,0.9998153448104858,396.67392206192017,247.58454382419586,0.9997138977050781,428.059045791626,337.01608979701996,0.9765505790710449,393.82693910598755,251.63844561576843,0.9844406247138977,420.599223613739,405.7813893556595,0.9712111353874207,385.33319902420044,326.1687606573105,0.964384913444519
471,27.619800006505102,38.73894870731486,85.99818267120735,7.5732544047179315,67.73481284313851,166.83904852221903,157.62672598986015,177.22503954317116,160.70290830094095,430.89778995513916,116.76398596167564,0.9999832510948181,439.76551055908203,111.05878737568855,0.9999488592147827,425.93353843688965,110.05880954861641,0.9999470710754395,446.515962600708,115.50649917125702,0.999866247177124,421.96231412887573,112.65488281846046,0.999898374080658,464.3357629776001,158.61101949214935,0.9999156594276428,400.5403165817261,148.8002791404724,0.9998764395713806,478.14372634887695,193.28073054552078,0.9917894005775452,351.5668873786926,150.29743951559067,0.9825237393379211,466.70439052581787,147.88217025995255,0.9868780970573425,367.17383909225464,108.58615857362747,0.9706807136535645,434.2236337661743,256.96239161491394,0.9998195171356201,396.6674270629883,247.33766913414001,0.9997145533561707,429.03117275238037,333.8797698020935,0.9779047966003418,393.7897381782532,253.61612129211426,0.985417366027832,420.66571521759033,405.774010181427,0.9732265472412109,386.2302670478821,334.6899119615555,0.965930163860321
472,26.64789999835193,56.983315469964964,94.91654617907584,24.910265849815218,78.29058316750964,166.80375403002083,173.2374019993201,176.87889621583287,176.13728225046506,431.3288354873657,116.01393136382103,0.9999843239784241,440.22946071624756,110.69171619415283,0.9999518394470215,426.40496921539307,109.3542266190052,0.9999493360519409,447.12805938720703,115.15100246667862,0.999873697757721,422.36523151397705,111.85192039608955,0.9999034404754639,464.2123832702637,156.84125703573227,0.9999187588691711,401.0389657020569,146.04951387643814,0.9998789429664612,481.13410472869873,176.85806488990784,0.9923654198646545,352.0392026901245,139.67897874116898,0.9838850498199463,468.30943870544434,129.9792963862419,0.9876033663749695,367.3577208518982,95.48409995436668,0.9720127582550049,434.3349838256836,255.9690806865692,0.9998294115066528,396.64923095703125,246.9540090560913,0.9997255206108093,429.6319980621338,331.20902156829834,0.9793259501457214,392.93525409698486,269.74961733818054,0.9862041473388672,420.8928632736206,405.62628424167633,0.9750656485557556,386.1771445274353,341.3643893003464,0.9665118455886841
473,21.003499976359308,79.95050758545482,103.38656489490077,49.43819627176088,88.08887269312305,166.59179224447684,177.37025848178988,177.1986275374012,179.81687508016975,431.75679779052734,115.23078444600105,0.9999843239784241,440.8376655578613,110.39782419800758,0.9999523758888245,426.9981622695923,108.73803707957268,0.9999479651451111,447.25507831573486,114.77634555101395,0.9998759627342224,423.1859769821167,111.20779541134834,0.9999036192893982,464.11968421936035,156.5596517920494,0.9999116063117981,401.75867223739624,144.87616819143295,0.9998613595962524,482.82861709594727,166.09920036792755,0.992829442024231,352.96164417266846,130.6308432817459,0.9847483038902283,470.00101947784424,112.85308772325516,0.9879427552223206,367.84752464294434,85.31585428118706,0.9722131490707397,434.2833776473999,254.34993600845337,0.9998267889022827,396.6612858772278,245.93454337120056,0.9997187852859497,429.6431179046631,328.9565784931183,0.9797776937484741,393.13136768341064,282.47852194309235,0.9862968921661377,421.1029272079468,405.57237923145294,0.9760212898254395,386.4976234436035,353.5274052619934,0.9663978219032288
474,33.37300004204735,126.54637231864469,112.77519328854513,94.75996503847091,96.20735627977383,166.3253740977943,178.84381352045025,177.37022599373643,175.41141085471298,431.66622161865234,113.71653658151627,0.9999811053276062,440.97236728668213,109.30740162730217,0.999945342540741,427.13195419311523,107.48755195736885,0.9999367594718933,447.2817659378052,113.66936257481575,0.999864399433136,423.415753364563,110.30868291854858,0.9998935461044312,464.0683307647705,156.36263638734818,0.9998824596405029,401.86380529403687,143.7981961965561,0.9997942447662354,484.4871416091919,149.2000223994255,0.9931538701057434,353.1659460067749,120.43587303161621,0.9853678345680237,468.98673820495605,89.56568169593811,0.9878509640693665,369.93075132369995,72.88672506809235,0.9718321561813354,434.2782726287842,252.50215089321136,0.9997965693473816,396.8376111984253,244.6286859512329,0.9996708035469055,429.65762424468994,327.1586811542511,0.9762014746665955,395.3593544960022,294.5088837146759,0.9818436503410339,421.2466764450073,404.9442377090454,0.9743135571479797,387.74309635162354,363.649666428566,0.9615814089775085
475,29.34319997439161,152.733615217305,119.54865938594979,120.43895177805979,101.70029021842868,166.39961631287883,178.55978945704106,177.80129893624007,175.66413606972236,431.6697597503662,113.191212028265,0.9999783635139465,440.9716091156006,108.87742939591408,0.999939501285553,427.12715244293213,107.09403398633003,0.9999285936355591,447.1699104309082,113.00037917494774,0.9998573064804077,423.29255056381226,110.01615849137306,0.9998900890350342,464.01753330230713,155.00814479589462,0.9998680353164673,401.97101068496704,142.12819504737854,0.9997678399085999,485.6029167175293,132.93723410367966,0.9935858249664307,355.0390582084656,112.35312730073929,0.9863508343696594,470.1024122238159,75.87898021936417,0.9882750511169434,372.9435968399048,64.9501311480999,0.9730519652366638,434.2752904891968,251.7083055973053,0.9997735023498535,396.8990230560303,244.23870086669922,0.9996463060379028,429.62542724609375,327.81927394866943,0.9725815057754517,395.4129571914673,304.8963108062744,0.9781854152679443,421.97222089767456,404.565819978714,0.9722371101379395,388.439754486084,374.2773867845535,0.958260715007782
476,26.521400024648756,161.28538103153534,125.62212950995766,128.72884959664424,108.69240458526927,166.93121235491748,178.2910124004055,178.54375401852573,175.11667025857085,432.56536197662354,113.22602805495262,0.9999756217002869,441.3721761703491,108.88580575585365,0.9999322295188904,427.6609048843384,107.21693712472916,0.9999237060546875,447.1236114501953,112.73991426825523,0.9998524188995361,423.31243991851807,109.95565780997276,0.999891996383667,463.9263000488281,153.83858841657639,0.9998466968536377,402.1749587059021,141.50828742980957,0.9997468590736389,487.04111671447754,121.51450031995773,0.9939730763435364,358.3463521003723,106.55991995334625,0.9873606562614441,471.12877368927,64.9149803519249,0.988581657409668,376.6815824508667,55.84304776787758,0.9744120240211487,434.1584310531616,252.10111129283905,0.9997665882110596,396.8737254142761,244.5095934867859,0.9996398687362671,429.13423347473145,328.0448943376541,0.9729055762290955,395.31914615631104,316.4869991540909,0.976747453212738,422.1172842979431,404.53821218013763,0.9726528525352478,388.41046380996704,380.9137146472931,0.9560449719429016
477,28.882899961899966,163.88435361227073,131.8782584627726,132.0624705605244,117.73761581215518,167.52307065518244,176.94168140213844,178.97240631825213,173.06615559581314,432.89248752593994,113.2289911210537,0.9999732971191406,441.4385919570923,108.785325050354,0.9999271035194397,427.7931299209595,107.28691107034683,0.9999201893806458,447.0340967178345,112.41432601213455,0.9998508095741272,423.2292685508728,109.82734850049019,0.9998946189880371,463.7330675125122,152.63534140586853,0.9998273253440857,402.30410051345825,140.87025952339172,0.9997222423553467,487.4063529968262,115.63604784011841,0.9942653775215149,362.9900236129761,101.77578619122505,0.9882515668869019,471.86197566986084,58.913275718688965,0.9887251853942871,379.21400022506714,49.04519006609917,0.9757473468780518,434.2248468399048,252.2743936777115,0.9997690916061401,396.9150457382202,245.0468771457672,0.9996470212936401,428.8944492340088,328.12617921829224,0.9737298488616943,397.049090385437,324.18456053733826,0.9763134121894836,422.2149872779846,403.7524298429489,0.9734458327293396,389.63220596313477,386.0464859008789,0.9550063610076904
478,23.45649997005239,165.44410321216068,138.68679078973005,135.10367211192775,126.91805210374626,168.29288195695372,176.55520834211748,179.26077593902016,174.07127266699322,432.74818229675293,113.24373522400856,0.9999697208404541,441.3267869949341,108.63291946053505,0.9999199509620667,427.6968927383423,107.29934740066528,0.9999144673347473,446.9700059890747,112.09211394190788,0.9998470544815063,423.11256074905396,109.69219422340393,0.9998946785926819,463.24707984924316,151.59425103664398,0.9998047947883606,402.28302335739136,140.61899721622467,0.9996931552886963,487.01741123199463,111.27146571874619,0.994422435760498,366.7765827178955,95.92439305782318,0.9889089465141296,472.549485206604,54.82825817167759,0.9885653257369995,380.90737533569336,41.74327635765076,0.9763808250427246,434.4237403869629,252.35536515712738,0.9997721314430237,396.9849491119385,247.0889710187912,0.9996567368507385,428.70404720306396,329.2072139978409,0.9731429815292358,397.8462314605713,329.8796020746231,0.9748159050941467,422.23697423934937,403.1914701461792,0.9727089405059814,391.9638600349426,392.89866173267365,0.952283501625061
479,26.318199990782887,166.68701450645102,146.9101256631082,137.85469297293812,137.81286249151478,169.17080408569737,176.5959890270376,179.38133826371794,175.2749018238315,432.66589546203613,113.31789734959602,0.999964714050293,441.2796792984009,108.5762650668621,0.9999104738235474,427.66146087646484,107.23859742283821,0.9999063611030579,446.47456645965576,112.09588900208473,0.9998383522033691,422.75374364852905,109.67878207564354,0.9998918175697327,462.28278732299805,150.80613243579865,0.9997735619544983,402.1833744049072,140.2087835073471,0.9996470212936401,486.0541296005249,107.06801456212997,0.9943863153457642,372.8332576751709,90.38798239827156,0.9893962144851685,472.3804130554199,50.64053761959076,0.9880766272544861,383.98977041244507,36.44038166105747,0.9767413139343262,434.6380500793457,252.48015582561493,0.9997708797454834,397.3000702857971,248.2906082868576,0.9996615648269653,428.6125612258911,331.1190469264984,0.9719752073287964,398.4911570549011,331.8092703819275,0.9732154011726379,422.2642431259155,403.67727053165436,0.9719756841659546,394.06399393081665,396.615229845047,0.950975775718689
480,26.148600038141012,165.64910699012313,150.92869856600393,137.55692885519065,144.50609009576348,169.86969630955053,176.8953531533859,179.5119394107271,176.47763596000456,431.88983154296875,113.3630698621273,0.9999607801437378,440.23112869262695,108.57006114721298,0.9999027252197266,427.00549125671387,107.20669460296631,0.9999004602432251,445.5005693435669,112.13514962792397,0.9998310208320618,422.0280475616455,109.7286057472229,0.9998890161514282,461.19834995269775,149.2064043879509,0.9997512698173523,401.8245573043823,139.73460745811462,0.9996122717857361,485.5022315979004,104.91282558441162,0.9944294691085815,376.4143271446228,89.20003506541252,0.9898294806480408,471.85282707214355,48.87608873844147,0.9879259467124939,384.8301272392273,34.833196088671684,0.9772437214851379,434.62981128692627,252.66395139694214,0.9997715950012207,397.2720685005188,249.41785550117493,0.9996689558029175,428.60270500183105,333.34214425086975,0.9708404541015625,398.3364143371582,333.1914837360382,0.9720662236213684,422.7124991416931,404.07244098186493,0.9711695313453674,395.04890871047974,400.5429164171219,0.9505606889724731
481,28.1591999810189,164.23805048531048,155.98773757234042,136.75635079183635,149.45460887481167,170.70550450370868,177.36461486115476,179.62747273483308,178.11819295692456,431.1966609954834,113.41829970479012,0.9999563097953796,439.4062385559082,108.72570759057999,0.9998944997787476,426.2952871322632,107.24386113882065,0.9998937249183655,444.58014965057373,112.76079818606377,0.9998229742050171,420.92566680908203,109.99632874131203,0.9998847842216492,460.0896005630493,148.27473378181458,0.9997274875640869,400.7841696739197,139.5399568080902,0.9995678067207336,485.265025138855,103.41413381695747,0.9944429397583008,379.3729634284973,86.81896927952766,0.9902148842811584,471.26772117614746,47.034471929073334,0.9877492785453796,387.59489917755127,31.422411412000656,0.9778257012367249,434.5899314880371,254.1720665693283,0.9997707009315491,397.05136489868164,251.52955293655396,0.9996761679649353,428.620041847229,334.61375546455383,0.9694269895553589,398.1218771934509,335.9717799425125,0.9710227251052856,423.02216148376465,403.93326234817505,0.9691132307052612,396.79353618621826,401.8300552368164,0.9497440457344055
482,21.68309997068718,162.98514189850633,159.97568890391463,135.85490855796263,152.77035649258505,171.09606652168577,177.77944874344337,179.0960262259947,179.8630272662545,429.0822229385376,115.15999138355255,0.9999499320983887,437.28007411956787,110.00763967633247,0.999883234500885,424.0804672241211,108.30059307813644,0.9998831748962402,442.9466953277588,114.19979414343834,0.9998103976249695,418.84845495224,111.24877262115479,0.9998759627342224,458.92120838165283,148.35728651285172,0.9996986985206604,398.8264961242676,139.85046619176865,0.9995107054710388,484.8311996459961,103.09573954343796,0.9943535327911377,380.8902406692505,86.95721483230591,0.990312397480011,471.09071350097656,49.409319549798965,0.9874179363250732,389.2069478034973,31.293518036603928,0.9778108596801758,434.05223655700684,258.0476145744324,0.9997686743736267,396.2239475250244,255.2125301361084,0.9996809363365173,428.6160488128662,338.404257774353,0.9673634767532349,397.60030603408813,340.16588604450226,0.9696009159088135,423.1431908607483,403.9329204559326,0.9660047888755798,398.4766254425049,403.6204879283905,0.9477142691612244
483,21.594999998342246,161.61535643728283,164.46974407757205,135.4335800447788,156.94400796841694,171.6208550537655,178.39035929039005,178.9027252753585,179.9923069269796,427.00170040130615,115.59429425001144,0.9999417066574097,435.29973125457764,110.31861916184425,0.9998674392700195,422.01771116256714,108.45214393734932,0.999869167804718,441.3552942276001,114.85230973362923,0.9997903108596802,416.91271781921387,111.46810361742973,0.9998623132705688,457.3098421096802,148.3539245724678,0.9996659159660339,396.92113637924194,140.15593266487122,0.9994446039199829,484.1570339202881,102.69036930799484,0.9942384958267212,382.5418152809143,86.19645473361015,0.9903463125228882,470.8885850906372,49.91974686086178,0.9869145154953003,390.64087677001953,29.533120222389698,0.9776830673217773,433.8414144515991,258.1224319934845,0.9997605681419373,395.6959571838379,255.4892919063568,0.9996786713600159,428.6952018737793,337.9412786960602,0.9658499956130981,397.12435150146484,337.2390320301056,0.9683756828308105,423.1489782333374,404.1803079843521,0.9644101858139038,398.2858695983887,404.2298823595047,0.9472063183784485
484,32.936799980234355,160.29825787000667,167.64520629563677,135.83144345729391,159.25980863551862,171.93625731073269,178.79949196896627,178.58472867515374,179.6842137153144,425.51214694976807,115.65728789567947,0.9999307990074158,433.5750436782837,110.31841260194778,0.9998474717140198,420.42815494537354,108.45533493161201,0.9998508095741272,439.69398975372314,115.05898359417915,0.9997643828392029,415.15959882736206,111.58433273434639,0.9998427629470825,455.3010425567627,148.6036341190338,0.9996376633644104,394.63216733932495,140.36670923233032,0.9993845820426941,482.8006658554077,102.84682774543762,0.9940255284309387,382.7921633720398,86.58582013845444,0.9902486801147461,470.71531772613525,51.17015007138252,0.9862886667251587,391.1209759712219,29.66381921619177,0.9774388074874878,433.0213260650635,260.0629838705063,0.999755322933197,394.75724029541016,257.9107152223587,0.9996795058250427,428.6113986968994,337.9600827693939,0.9641947150230408,396.51003074645996,337.5090984106064,0.9669921398162842,423.22221755981445,404.1399931907654,0.9624816179275513,398.35162830352783,404.39034378528595,0.9466891884803772
485,20.473300013691187,159.00316719102787,168.02425089336225,136.46852590400752,158.03755450154475,171.74924973709156,178.70594931034637,178.14604435113185,179.69660686650394,422.90108156204224,115.92228999733925,0.9999262094497681,431.11048221588135,110.4049683213234,0.9998384118080139,418.10183334350586,108.49957436323166,0.999842643737793,437.8824157714844,115.54647207260132,0.9997501969337463,413.2050085067749,111.81159135699272,0.9998306035995483,453.2590856552124,148.80610555410385,0.9996362328529358,392.73274660110474,140.53044712543488,0.9993705153465271,481.3249111175537,103.48474881052971,0.9940462708473206,381.06833505630493,88.20297756791115,0.9904907941818237,470.5843563079834,51.90662869811058,0.9862852096557617,390.2617154121399,32.64614702761173,0.9781100749969482,431.98121643066406,260.65024077892303,0.9997575879096985,393.95585346221924,259.1622402667999,0.9996823668479919,428.6155433654785,337.0997964143753,0.9639874696731567,396.4689631462097,335.5321635007858,0.9657056927680969,423.43473291397095,404.82041573524475,0.9627211689949036,399.1021671295166,404.4480096101761,0.9466738700866699
486,19.69370001461357,157.46356517604315,170.24690560949796,136.79215144080368,158.92942869379806,171.29678363703894,179.13833029320213,177.15242057158576,178.75748042354212,421.33075761795044,115.92361482977867,0.9999179840087891,429.56108379364014,110.40521049499512,0.9998214840888977,416.7831211090088,108.47309195995331,0.9998275637626648,436.3443899154663,115.80432292819023,0.9997279047966003,411.93737173080444,111.81132781505585,0.9998146891593933,451.00772190093994,148.9007384777069,0.9996212720870972,390.19363164901733,140.630008995533,0.9993497729301453,479.9777421951294,103.96861892938614,0.9939371943473816,379.92119693756104,88.41664597392082,0.9907461404800415,470.52921199798584,52.466954469680786,0.986007809638977,389.5598511695862,33.418499410152435,0.9787219762802124,430.6868667602539,260.99164867401123,0.9997527003288269,393.05737018585205,259.75590765476227,0.9996841549873352,428.605788230896,336.80958688259125,0.9629734754562378,396.0419611930847,336.1001889705658,0.964920699596405,423.32257413864136,405.1613392829895,0.961248517036438,400.3652548789978,407.16622388362885,0.9466899633407593
487,19.3174000014551,156.92667417589567,172.88373633195295,138.8518377597947,160.2933431524376,170.93648126193725,179.40951990966218,176.59302941786842,176.80221947235168,419.54460763931274,115.92082270979881,0.999912679195404,427.69062519073486,110.38311570882797,0.9998105764389038,414.9969711303711,108.47453787922859,0.9998186826705933,434.6652431488037,115.89033019542694,0.9997108578681946,410.15903091430664,111.92460098862648,0.9998047351837158,449.2866735458374,148.99602669477463,0.9996132850646973,387.54468297958374,140.9240363240242,0.9993389248847961,478.5146236419678,104.22956106066704,0.9938021898269653,379.0430326461792,89.2478786110878,0.9910954236984253,471.263222694397,52.683493345975876,0.9858298301696777,389.1090679168701,34.2085197865963,0.979598879814148,429.3418712615967,261.33881175518036,0.9997513294219971,392.1775884628296,260.0998512506485,0.9996879696846008,428.0228052139282,336.6363614797592,0.962542712688446,394.35101222991943,336.208340883255,0.9648222327232361,422.7278141975403,405.28521823883057,0.9605799913406372,400.2643928527832,406.1381539106369,0.9473337531089783
488,18.83580000139773,155.23402762231026,171.91198422888462,140.81125334359913,155.55958152310885,171.33236854491304,177.9380077245714,177.3549783222942,173.92993276949937,417.50348472595215,116.00143092870712,0.9999133348464966,425.15701961517334,110.4146980047226,0.9998118877410889,412.95958852767944,108.4913974404335,0.9998213648796082,432.24349308013916,115.94999751448631,0.9997113943099976,408.27977752685547,112.08677899837494,0.9998072385787964,447.11577701568604,149.16920936107635,0.9996261596679688,385.17092514038086,141.56464266777039,0.9993593096733093,477.0459957122803,105.50266093015671,0.9938007593154907,375.3098487854004,90.00500610470772,0.9916905164718628,472.7408981323242,53.812321811914444,0.985962450504303,388.6269721984863,35.01331987977028,0.9809769988059998,427.9201488494873,261.9207408428192,0.999763548374176,390.8851089477539,260.9892839193344,0.9996995329856873,426.6426305770874,335.5384885072708,0.9645448327064514,391.75960874557495,334.95436561107635,0.9656949043273926,422.15039110183716,406.1694655418396,0.9622983932495117,399.9256167411804,403.9749162197113,0.9476717710494995
489,19.628800044301897,153.48263850977514,168.3651065029196,141.76367734729334,148.83391342654227,170.63039812018388,178.3088766319312,177.46915693951968,173.8680595186813,415.46931171417236,116.38870936632156,0.9999080300331116,423.0904474258423,110.57247415184975,0.9997974038124084,410.97403955459595,108.91645497083664,0.9998098611831665,430.3615608215332,116.09607097506523,0.9996907114982605,406.51541233062744,112.64313027262688,0.9997952580451965,445.3968515396118,149.54946476221085,0.9996176362037659,383.89558029174805,142.1754189133644,0.9993605017662048,476.9156913757324,106.53200587630272,0.9937431216239929,370.6213188171387,90.14332288503647,0.9921193718910217,475.08637619018555,54.307591900229454,0.9858028292655945,387.15435123443604,35.570084273815155,0.9818004369735718,426.1769618988037,261.83908557891846,0.9997521638870239,389.4840087890625,261.7000209093094,0.9996954798698425,425.74076080322266,334.65489649772644,0.9636305570602417,390.72809171676636,333.99903321266174,0.9656156897544861,422.148672580719,406.20465195178986,0.9605571031570435,399.751136302948,406.25775921344757,0.9483188390731812
490,19.467499980237335,150.81176394185715,166.1195115204807,142.069365146803,144.6439172470179,171.34698857363813,176.79592332463537,179.16006816557882,169.82851112782714,413.09942054748535,116.38806119561195,0.9999081492424011,420.09289169311523,110.55477410554886,0.9997966289520264,408.5939383506775,109.00657206773758,0.9998090267181396,427.53656482696533,116.08597803115845,0.9996895790100098,404.16437435150146,112.85708358883858,0.9997941851615906,443.5351371765137,149.98933762311935,0.9996331334114075,381.6516213417053,142.39522713422775,0.9993873238563538,476.90932273864746,108.36248269677162,0.9936724305152893,365.8914432525635,90.0425715148449,0.9925646781921387,477.6448497772217,55.03013841807842,0.9857524037361145,383.94182872772217,36.4139099419117,0.9827672839164734,424.75539112091064,261.8225038051605,0.9997603893280029,387.6628818511963,262.16205978393555,0.999705970287323,423.6376953125,334.62791550159454,0.9643941521644592,387.2503356933594,333.6299035549164,0.9657162427902222,421.4733190536499,406.72763311862946,0.9607069492340088,399.6745104789734,405.2544194459915,0.9481836557388306
491,18.556100025307387,146.49058353282297,163.9314025518629,139.04301244870047,142.02839733556115,170.88636182186286,177.97422208049719,177.06298944108283,170.9631971330283,411.27943086624146,116.39543324708939,0.9999118447303772,418.2341341972351,110.55389088392258,0.9998032450675964,406.543363571167,109.06427350640297,0.9998154640197754,425.71938037872314,116.07832106947899,0.9996986389160156,402.03239727020264,112.99333477020264,0.9998003244400024,442.4900236129761,150.22588431835175,0.9996545314788818,379.4151430130005,142.56570315361023,0.9994181394577026,477.0603504180908,113.22716057300568,0.9937195777893066,361.3074903488159,90.44301280379295,0.9930583834648132,479.14319801330566,56.41573864221573,0.9860890507698059,379.60832500457764,36.72815164923668,0.9837915897369385,423.7505111694336,261.64443492889404,0.9997726082801819,385.8479971885681,261.77435398101807,0.9997155070304871,423.1977791786194,334.6812506914139,0.96531081199646,387.17406368255615,333.23604369163513,0.9654594659805298,418.9084515571594,407.50988256931305,0.9617417454719543,399.638952255249,403.2143769264221,0.9469614028930664
492,19.460299983620644,139.190038119151,159.05422252336098,132.33487064286405,137.41792592791754,170.85940305545606,178.1582919929676,177.17393552968687,169.3219598661459,409.88730239868164,116.47689619660378,0.9999170303344727,416.66689348220825,110.56187549233437,0.9998137950897217,404.7177128791809,109.38028877973557,0.9998243451118469,423.90750312805176,116.07384797930717,0.9997142553329468,400.00418853759766,113.21102753281593,0.9998090267181396,441.5241641998291,150.49462586641312,0.999680757522583,378.15839862823486,143.0147928595543,0.9994571208953857,477.7097997665405,120.51596128940582,0.9939001798629761,356.87340259552,94.49795451760292,0.9935323596000671,480.41429710388184,63.04332688450813,0.9865391254425049,375.4566307067871,40.20334739983082,0.9848032593727112,422.87697172164917,261.3392106294632,0.999786376953125,383.83687257766724,261.5821535587311,0.9997279047966003,422.3582057952881,334.0535935163498,0.9665216207504272,384.9560594558716,332.8078521490097,0.9652127027511597,418.18366527557373,407.91525280475616,0.9633422493934631,399.3260803222656,402.9481853246689,0.9467681050300598
493,19.66400002129376,126.5640143164168,150.96106029329042,119.39680739958436,126.8964645562662,170.56160261136498,178.20815857551082,177.3495319608526,169.41557671623124,408.0232882499695,116.51104980707169,0.9999220967292786,414.9058895111084,110.58803737163544,0.9998247027397156,402.7495765686035,109.56037339568138,0.9998329877853394,422.55368757247925,116.06630498170853,0.9997300505638123,398.36916732788086,113.25127109885216,0.9998176097869873,441.145432472229,150.57381665706635,0.9997056126594543,377.21149349212646,143.6847876906395,0.9994940757751465,478.64502906799316,131.54090344905853,0.9941157698631287,350.4083766937256,100.6373562514782,0.9939607381820679,481.24242210388184,71.7333088517189,0.9869900345802307,371.6847801208496,45.77053192257881,0.9856447577476501,422.31112337112427,261.2947931289673,0.9997986555099487,383.1112017631531,261.40043783187866,0.999738335609436,422.037474155426,334.0323677062988,0.9677601456642151,384.4521789550781,332.7097290754318,0.9652506113052368,418.3471269607544,407.7460161447525,0.9649329781532288,398.8221745491028,402.33386194705963,0.9469748139381409
494,19.150600011926144,107.49443043790937,140.53190053360393,99.51477561698006,114.6966305295361,170.9930152225785,178.11577983005742,178.31304878570316,170.02947240751803,406.5124807357788,117.21105992794037,0.9999250173568726,413.7701745033264,111.15861991047859,0.999830961227417,401.04348945617676,110.34695348143578,0.999836266040802,421.2614860534668,116.2620739042759,0.9997379779815674,396.32723569869995,113.7249628007412,0.9998193383216858,440.3663864135742,150.60746455192566,0.9997240304946899,375.3020648956299,144.07639676332474,0.9995219707489014,479.5964832305908,145.03596007823944,0.9942438006401062,345.3744239807129,111.97365540266037,0.9942281246185303,481.0906867980957,85.24785333871841,0.9871744513511658,368.63880252838135,55.28201328217983,0.9860301613807678,422.20844173431396,260.1569472551346,0.9998032450675964,382.51687145233154,261.243993639946,0.9997454285621643,421.6982936859131,332.45399367809296,0.9677907228469849,384.5407838821411,331.95793652534485,0.9649680256843567,419.1557922363281,402.08251416683197,0.9650228023529053,398.96736431121826,402.1768479347229,0.9479538202285767
495,33.01299997838214,86.52267806402325,127.41693785247165,78.2664862048814,99.48739843172578,171.5178508985253,177.30216331281412,179.4521956735767,168.27657984563496,405.07776832580566,117.94701147079468,0.9999271631240845,413.15345287323,111.82022413611412,0.9998343586921692,399.6057949066162,111.29400923848152,0.999836802482605,420.85631942749023,116.44933113455772,0.9997441172599792,395.03874921798706,114.33917221426964,0.9998188018798828,439.28007888793945,150.65703892707825,0.9997327327728271,373.7207980155945,144.4206680059433,0.9995383024215698,479.73912048339844,159.70161300897598,0.9943305253982544,341.1921753883362,122.83574289083481,0.9942741990089417,480.6525650024414,99.39049661159515,0.9870349764823914,367.4318447113037,64.12000253796577,0.9855952262878418,421.82260847091675,259.3572897911072,0.999795138835907,381.5764865875244,261.1533921957016,0.99974524974823,421.0143222808838,331.51826310157776,0.9665334820747375,382.9979815483093,331.83363020420074,0.9643107056617737,419.62836027145386,398.2644610404968,0.9623269438743591,399.12283992767334,402.3766269683838,0.9481834769248962
496,24.949599988758564,69.27448394532206,105.3936125550837,60.461602123251915,71.49479256236499,171.60285470873734,176.53076019334765,179.54548550959484,168.66829070940557,404.68296337127686,118.79919213056564,0.9999316930770874,413.25535106658936,112.60305052995682,0.9998420476913452,398.94416427612305,111.63086569309235,0.9998450875282288,420.59401750564575,116.90257340669632,0.9997557997703552,394.1131992340088,114.63441041111946,0.9998270273208618,438.93354415893555,150.97662270069122,0.9997389316558838,371.31277084350586,145.1520894765854,0.9995609521865845,479.3231372833252,174.14292764663696,0.9943755865097046,334.9082260131836,138.51064747571945,0.9944455623626709,479.6188745498657,117.46155297756195,0.9869061708450317,365.8346309661865,82.35844364762306,0.985133171081543,422.0076274871826,256.5092134475708,0.9997629523277283,381.48004722595215,260.103013753891,0.9997262954711914,421.09334897994995,329.80330312252045,0.9649725556373596,383.45894956588745,331.60373616218567,0.9641339778900146,419.8110542297363,392.63295447826385,0.9589337706565857,399.64158058166504,402.16425490379333,0.9488062858581543
497,20.158300001639873,58.46188581211179,85.91794550000232,47.37096199391125,46.34255594522781,171.7944550963804,175.78564088208796,179.4455503793818,169.2368571696406,403.48095893859863,118.42954251170158,0.9999361634254456,411.56662607192993,112.34776386618614,0.999847948551178,397.01138401031494,111.39618515968323,0.9998529553413391,418.9380202293396,116.64431655406952,0.9997654557228088,391.85233306884766,114.59921687841415,0.9998331665992737,438.29637718200684,151.3177314400673,0.9997362494468689,369.5164613723755,146.96728086471558,0.9995768070220947,476.7350950241089,184.0908949971199,0.9943908452987671,329.7490487098694,154.07607531547546,0.99449622631073,475.0406332015991,139.53393095731735,0.9865913391113281,364.5650734901428,101.51933851838112,0.9843721389770508,422.0269103050232,255.05759596824646,0.9997069239616394,381.46859884262085,259.6803209781647,0.9996969103813171,421.1443991661072,326.52065324783325,0.9638094305992126,383.76636266708374,331.25685799121857,0.9652755260467529,419.8762822151184,384.0861897468567,0.9541351199150085,399.59113693237305,402.04219937324524,0.9504715800285339
498,18.799099954776466,49.09604784968257,72.67391417780989,37.3362693372337,25.617522328757047,172.26487519819437,175.86808407143658,179.3276053824073,171.43745278642007,403.5299115180969,118.30175316333771,0.999940812587738,411.0036587715149,112.2030223608017,0.9998559355735779,396.21292877197266,111.33039939403534,0.9998624324798584,417.4519290924072,115.79890963435173,0.9997779726982117,390.35964584350586,114.28555923700333,0.9998428821563721,436.7878694534302,152.8553775548935,0.9997453093528748,368.3901982307434,148.57502913475037,0.9996047616004944,471.3394947052002,192.869220495224,0.9940937757492065,328.1691212654114,166.66738253831863,0.9947516322135925,469.05295181274414,155.20484679937363,0.9856991171836853,363.87195348739624,124.36367356777191,0.9847363233566284,422.1124572753906,253.62763166427612,0.9996938109397888,381.71859312057495,258.82447922229767,0.9996984004974365,421.5429697036743,312.8887827396393,0.964628279209137,385.21108293533325,331.23614501953125,0.9675660729408264,421.67064571380615,372.94326627254486,0.9512816071510315,399.55262184143066,402.8534241914749,0.9534427523612976
499,19.197800022084266,40.1751314239564,56.70536986485876,33.33097500639917,4.126536442176213,172.8238671229968,175.84196029281296,178.63230533620649,172.78037946452451,403.10273265838623,118.35986772179604,0.9999432563781738,410.26487159729004,112.18561434745789,0.9998593926429749,395.6081862449646,111.56522950530052,0.9998669624328613,415.8629035949707,115.25262993574142,0.9997798204421997,389.39785528182983,114.36578994989395,0.9998448491096497,434.8907232284546,155.1948606967926,0.9997571110725403,368.37533807754517,150.76630198955536,0.9996309280395508,464.0059585571289,200.62567281723022,0.9926965832710266,332.47037744522095,181.5363331437111,0.9949412941932678,464.32353115081787,173.72597581148148,0.9830315113067627,364.73156785964966,149.58599025011063,0.9853835701942444,422.23747968673706,251.04016268253326,0.9996882081031799,381.8904957771301,256.24718153476715,0.9996961951255798,421.89943647384644,307.2752825021744,0.9663793444633484,385.9928331375122,330.9461349248886,0.9694738388061523,422.98566818237305,368.08942210674286,0.9513792991638184,399.39236974716187,404.22059428691864,0.9559454917907715
500,19.379700010176748,36.03774582321716,47.23015424711059,15.235816587707593,12.891963069056114,174.38400414429358,175.14930639398352,177.1601619801669,173.36209907479795,402.5652651786804,118.56652021408081,0.9999428391456604,409.38946199417114,112.41525909304619,0.9998568892478943,395.3712577819824,111.79526600241661,0.9998655319213867,414.02178621292114,115.31721195578575,0.9997736215591431,389.1777329444885,114.49816635251045,0.9998375773429871,432.72296047210693,157.9610111117363,0.999767005443573,367.8755769729614,154.19169187545776,0.9996508359909058,458.5162944793701,203.20314145088196,0.9914481043815613,334.9146451950073,194.39213675260544,0.9948203563690186,455.4476728439331,191.29687231779099,0.9800668358802795,365.3494520187378,170.81916522979736,0.985283613204956,422.3312907218933,251.3474953174591,0.9996978044509888,382.23205184936523,257.90148413181305,0.9997127652168274,421.5950560569763,308.8517761230469,0.966912567615509,386.1913981437683,332.68525528907776,0.9712433815002441,423.44039392471313,359.02591574192047,0.9437373876571655,398.9468936920166,407.5555251836777,0.9582839012145996
501,19.735699985176325,28.035046515781108,43.277511452523704,0.1443562934082452,33.67020763461775,175.7665587515033,174.4812355574642,177.04124176346883,173.68684630075722,403.00682401657104,118.69029232859612,0.9999450445175171,409.62732553482056,112.73507079482079,0.9998622536659241,395.8445334434509,112.13739329576492,0.9998712539672852,413.60873460769653,115.5197546184063,0.9997798204421997,389.10517597198486,114.9254604279995,0.9998411536216736,432.475998878479,159.31144273281097,0.9997864365577698,367.31068897247314,155.9146293401718,0.9996820092201233,452.49211978912354,209.35050642490387,0.9896978139877319,335.8267502784729,201.17819917201996,0.995051383972168,450.9837636947632,205.55198389291763,0.9775732159614563,372.15929412841797,186.860193669796,0.9860191941261292,422.38961935043335,251.66049766540527,0.9997201561927795,382.50992155075073,258.1492420434952,0.9997349977493286,421.51802587509155,276.6233323812485,0.9683977961540222,386.33150815963745,332.62459790706635,0.9727776646614075,422.70648431777954,347.6177408695221,0.9424140453338623,398.9393119812012,410.03412997722626,0.9607157111167908
502,20.774400036316365,23.074076676803458,38.149041250696776,152.19100724906917,50.792645955517656,174.5778304034607,174.24466449511294,176.84888212286532,174.3057604229798,403.2940950393677,118.79937732219696,0.9999425411224365,409.6698589324951,112.98690292239189,0.9998592734336853,396.1184606552124,112.38069948554039,0.9998683333396912,413.221107006073,115.77604559063911,0.9997667670249939,389.04793405532837,115.36189299821854,0.9998284578323364,432.10318088531494,161.0404772758484,0.999800443649292,367.0006980895996,158.1210879087448,0.9997063279151917,446.69635677337646,209.71352475881577,0.9864743947982788,339.78051137924194,206.81024706363678,0.9949430823326111,445.05304622650146,218.07472747564316,0.9725542068481445,375.3765172958374,200.53401720523834,0.986088216304779,422.0345678329468,251.02719926834106,0.9997352361679077,382.62435483932495,257.4243450164795,0.9997522234916687,421.4987177848816,282.93557488918304,0.9693663120269775,386.8597764968872,333.51702213287354,0.9741498231887817,417.37224531173706,340.31720185279846,0.937944233417511,398.91565704345703,410.6794800758362,0.9627330899238586
503,18.179600010626018,21.24115044927298,35.091293230097335,163.69416652723365,66.17825013702652,168.98128638753255,173.62730291649095,169.85579973959574,174.36936681774694,403.4843707084656,119.46012681722641,0.9999409914016724,409.68504762649536,113.94574683904648,0.9998568296432495,396.3809142112732,113.28636491298676,0.9998676776885986,413.0985107421875,116.67754420638084,0.9997462630271912,389.1047716140747,116.17780458927155,0.999821662902832,431.07681941986084,163.22270423173904,0.9998129606246948,366.18445110321045,160.36173570156097,0.9997302889823914,443.30440044403076,211.2396889925003,0.9829041957855225,342.4620361328125,210.15556293725967,0.9949482083320618,442.876690864563,223.3720343708992,0.9682543277740479,383.4913740158081,211.33886623382568,0.9862349629402161,420.3268632888794,251.35430467128754,0.9997485876083374,382.6368899345398,257.4533488750458,0.9997649192810059,421.33818769454956,265.5871932506561,0.9707179069519043,386.98894357681274,334.2168755531311,0.9752360582351685,414.33764028549194,331.31167471408844,0.9387866854667664,398.90350103378296,410.51505839824677,0.9646183848381042
504,18.809800036251545,21.109954716574464,34.28130593686714,175.20967293505836,72.53384519378528,168.14230473523205,173.21754682969913,165.8780112726498,174.23271931533057,403.612021446228,119.90336161851883,0.9999409317970276,409.5241131782532,114.40323427319527,0.9998577237129211,396.4355278015137,113.84996002912521,0.999869167804718,413.0221881866455,117.09107711911201,0.9997369647026062,389.1051254272461,116.83148831129074,0.9998189806938171,430.94322967529297,164.52132493257523,0.9998271465301514,365.94322633743286,161.87871158123016,0.9997543692588806,442.2037887573242,211.1467797756195,0.9807103872299194,343.41811513900757,211.77201521396637,0.995026707649231,444.1137228012085,223.50240927934647,0.965455949306488,383.44699573516846,216.56741005182266,0.9865010976791382,419.45117568969727,251.43242704868317,0.9997658729553223,382.67995405197144,256.95492696762085,0.9997829794883728,421.0011553764343,271.9254480600357,0.9712415933609009,386.99190044403076,334.0480377674103,0.976120114326477,412.36303424835205,321.95208966732025,0.9352338910102844,398.9584937095642,409.87110435962677,0.9661635160446167
505,19.344900036230683,21.349752341993508,34.229733553392315,179.3184477992785,73.15127564232235,171.0253300714932,172.91811125340357,169.09589447859875,174.12033388063037,403.7119483947754,120.20055145025253,0.9999423027038574,409.3168544769287,114.67281630635262,0.9998612403869629,396.5449571609497,114.23968157172203,0.9998723268508911,412.74623918533325,117.37865123152733,0.9997375011444092,389.131130695343,117.40343129634857,0.9998202323913574,430.75131130218506,164.77096325159073,0.9998409152030945,365.63452434539795,162.47254991531372,0.9997762441635132,441.38840103149414,209.13632518053055,0.9793789982795715,343.7664189338684,211.66082900762558,0.9950810074806213,444.9046974182129,223.06904661655426,0.963762104511261,381.8950448036194,216.42367285490036,0.9866175055503845,418.7857542037964,251.36886358261108,0.9997824430465698,382.71573972702026,256.83153235912323,0.9997997879981995,419.2147526741028,273.5558466911316,0.9706299304962158,386.9973340034485,333.9230761528015,0.9764133095741272,410.58454179763794,323.53818476200104,0.9301275014877319,399.07156229019165,409.65574073791504,0.9670729637145996
506,19.174100016243756,23.753093621065677,34.549928103535976,179.10068652795394,70.68677158329153,166.6891748484741,172.95704941823317,167.93645117974862,174.42578151486748,403.72696018218994,120.22515344619751,0.999943196773529,409.0877604484558,114.67081481218338,0.9998634457588196,396.462215423584,114.29326605796814,0.999874472618103,412.6934199333191,117.46617564558983,0.9997376203536987,388.8220748901367,117.52272319793701,0.9998204112052917,430.7221975326538,164.39941185712814,0.9998533129692078,365.250283241272,162.1124091744423,0.9997957944869995,443.1331548690796,208.0975140929222,0.9778880476951599,343.7583065032959,210.1288810968399,0.9951592683792114,446.6056795120239,219.63201814889908,0.9621313810348511,380.7518491744995,213.23522853851318,0.9869212508201599,418.72378635406494,250.89277863502502,0.9997962713241577,382.74710273742676,257.1011143922806,0.9998123645782471,419.35562086105347,257.5605890750885,0.9712739586830139,387.29751920700073,333.83170545101166,0.9765878915786743,411.6522488594055,323.6295554637909,0.9314192533493042,399.20990324020386,409.31550097465515,0.9682418704032898
507,22.669300029519945,24.191929633296205,35.435516046765116,104.48400600406117,62.326852406770286,168.3037530166044,172.85509350538555,172.3992544731372,174.42407432860244,403.66243982315063,120.20828676223755,0.9999436736106873,408.82128858566284,114.66149112582207,0.9998648762702942,396.3905429840088,114.24292242527008,0.9998763799667358,412.6591000556946,117.46624687314034,0.9997351169586182,388.59146451950073,117.47721591591835,0.9998209476470947,430.9999408721924,164.72009253501892,0.9998618364334106,365.1423954963684,161.4576570391655,0.9998120069503784,445.5556125640869,215.0820307135582,0.9756433963775635,343.3731050491333,208.25391554832458,0.9950909614562988,447.8483724594116,215.01652985811234,0.9592061042785645,379.5189619064331,206.53311491012573,0.986859917640686,418.7895450592041,250.82169353961945,0.9998027682304382,382.9542603492737,257.67435371875763,0.9998186826705933,419.44791555404663,261.21459090709686,0.9722337126731873,387.39931631088257,333.7697374820709,0.9772576689720154,414.69564867019653,329.586571931839,0.9328592419624329,399.22847843170166,409.145495057106,0.9695765376091003
508,17.471700033638626,28.457086472805315,38.54649185244654,12.579689160557571,50.939925066575604,174.27071635449607,172.21691977415242,179.79332106351654,174.13410075123215,403.5683002471924,120.15711688995361,0.9999447464942932,408.625958442688,114.44654062390327,0.999866247177124,396.3505873680115,114.1567085981369,0.9998799562454224,412.6490669250488,117.37438470125198,0.9997366070747375,388.34323930740356,117.46324107050896,0.9998254179954529,431.19423484802246,164.4377180337906,0.9998695254325867,364.95037603378296,160.921755194664,0.999826967716217,449.5778617858887,212.20633232593536,0.9751390814781189,341.6335573196411,205.33360022306442,0.9951292872428894,448.8271207809448,207.16458988189697,0.958249032497406,374.56972217559814,198.71643257141113,0.987169086933136,420.16302251815796,249.28064274787903,0.9998058080673218,383.35626792907715,256.9859821796417,0.999821126461029,419.79391956329346,261.87481331825256,0.9733541011810303,387.42519521713257,333.0176315307617,0.9777648448944092,417.41376781463623,334.1799226999283,0.9348815679550171,399.38160371780396,409.11563646793365,0.9707823395729065
509,18.261399993207306,34.05992034662771,43.26637630067226,24.115861181814168,41.91238364752282,176.5323395095683,172.27022344290629,178.0881395757095,175.4213939624342,403.40564727783203,120.00923424959183,0.9999477863311768,408.40639209747314,114.0059412419796,0.9998717904090881,396.1958951950073,113.93479916453362,0.9998869895935059,412.5467896461487,117.10406902432442,0.9997488856315613,388.0996136665344,117.39191380143166,0.9998359084129333,431.2259769439697,163.06939405202866,0.9998775124549866,364.83657455444336,160.61520606279373,0.9998412728309631,455.9642400741577,210.19606292247772,0.9757688641548157,338.2173647880554,203.16019123792648,0.9953544735908508,455.19793128967285,197.94951128959656,0.9589473009109497,369.7887964248657,194.07468980550766,0.9878786206245422,421.6003632545471,249.37953507900238,0.9998109340667725,383.97854948043823,256.99512779712677,0.9998248815536499,420.72042989730835,266.7744710445404,0.9745751619338989,388.640417098999,333.13891780376434,0.9784674048423767,419.52201414108276,336.5473555326462,0.9369633197784424,399.6175465583801,410.4409817457199,0.9719756841659546
510,18.25070002814755,36.86983777542743,48.93900682644063,42.67885210627964,13.954401547085087,179.85307095891494,172.75735457250403,173.85543015373634,176.4921699426,403.2630100250244,120.02752548456192,0.9999505281448364,408.2893304824829,113.97716531157494,0.9998766183853149,396.06978607177734,113.90734806656837,0.9998935461044312,412.5182571411133,116.95128592848778,0.9997618794441223,387.93402910232544,117.36914947628975,0.9998458623886108,431.32246685028076,161.6045709848404,0.9998829960823059,364.9720344543457,160.581501185894,0.9998525381088257,460.04289722442627,209.03464072942734,0.9763544797897339,334.41607189178467,200.144644677639,0.9955775141716003,464.8449001312256,185.39529937505722,0.9598178863525391,362.25070571899414,178.11048740148544,0.9885575175285339,422.5881338119507,249.5213918685913,0.9998094439506531,384.1965742111206,257.15160048007965,0.9998218417167664,420.7324342727661,268.7000366449356,0.975587785243988,389.60632705688477,334.20100605487823,0.9791190028190613,421.53508472442627,343.1226841211319,0.9383711218833923,399.74158334732056,410.936896443367,0.972908079624176
511,16.762099985498935,40.80319534025693,61.466201908030435,47.40023023775252,2.7187258402270644,177.51774345752935,174.00676258991697,175.40477788827707,177.52783822186078,403.2153968811035,119.99131339788437,0.999951183795929,408.32193183898926,113.8200943171978,0.9998739957809448,396.0732989311218,113.75603225827217,0.9998949766159058,412.5702929496765,116.72830095887184,0.999764621257782,387.9671359062195,116.93137782812119,0.9998486042022705,431.3646717071533,159.09421294927597,0.9998770952224731,366.2849087715149,154.9215178489685,0.9998565912246704,464.7868242263794,205.49846351146698,0.977139413356781,331.8365716934204,182.65439200401306,0.9956504106521606,471.84954166412354,171.20501911640167,0.9610022306442261,356.43454790115356,164.7058470249176,0.9889348149299622,423.42689847946167,249.0944254398346,0.9997835159301758,384.75491666793823,256.5327470302582,0.9997944235801697,421.9769215583801,281.5499711036682,0.9765845537185669,390.6092610359192,334.2296110391617,0.9797765612602234,424.5504322052002,353.899241566658,0.9402875900268555,399.7389802932739,411.008323431015,0.9738094806671143
512,16.968499985523522,48.44765913443932,73.3699669791434,50.1697147545787,18.468402902814088,175.19422870193753,175.1035866769161,177.1990619667027,178.86393070867553,403.28600788116455,119.83845907449722,0.9999549984931946,408.4512252807617,113.60307821631432,0.9998807907104492,396.36671113967896,113.3927931189537,0.9999026656150818,412.91579151153564,116.61754924058914,0.9997820854187012,388.0036292076111,116.47281485795975,0.9998608231544495,432.0196304321289,157.42996698617935,0.9998836517333984,366.9368600845337,149.93882304430008,0.9998689293861389,471.22248363494873,199.01017498970032,0.9790022373199463,326.64845752716064,169.84038472175598,0.9959521889686584,476.43955993652344,155.6152456998825,0.9638538360595703,356.4131169319153,140.32740586996078,0.9895190596580505,423.85991525650024,248.26112008094788,0.9997718930244446,384.9354372024536,255.69824504852295,0.9997895359992981,423.58538150787354,296.28239274024963,0.9772617816925049,391.48472118377686,334.31875944137573,0.9804982542991638,426.3516445159912,360.3228269815445,0.9413747787475586,399.4004316329956,410.9442471265793,0.9747940897941589
513,15.601499995682389,59.02534280214497,87.79424664343739,54.50130853287798,37.51806909873379,175.0749829620769,175.21539987998636,175.67450509096173,179.07890194792958,403.61149072647095,119.71476531028748,0.9999585151672363,408.7001328468323,113.41304311156273,0.9998856782913208,396.9470911026001,113.02452531456947,0.999909520149231,413.1507487297058,116.46097683906555,0.9997977614402771,388.0387325286865,115.79372426867485,0.9998724460601807,433.69756412506104,156.0788658261299,0.9998865127563477,368.34038639068604,148.78106194734573,0.999879777431488,478.17041397094727,189.00260442495346,0.9808964133262634,323.7587389945984,157.86328691244125,0.9962199330329895,479.04135036468506,139.80838495492935,0.9667642712593079,358.4539113044739,117.90479490160942,0.9896270632743835,424.8435411453247,247.391659617424,0.9997314214706421,385.75934171676636,255.0471682548523,0.9997782111167908,424.10821628570557,316.0870991945267,0.9768314361572266,392.0626497268677,334.703901052475,0.981268048286438,427.3486394882202,366.03103137016296,0.9381710886955261,399.2351756095886,409.9430156946182,0.9755306839942932
514,16.90629997756332,71.3761837721314,97.15493210185187,62.13548237790109,50.30747163788385,174.2411758364012,175.8580805433661,176.72930624401425,179.73690612656978,403.6769461631775,119.10231521725655,0.9999619722366333,408.895387172699,112.588876247406,0.9998922348022461,397.3507161140442,112.39259448647499,0.9999166131019592,413.7430319786072,115.69666960835457,0.9998138546943665,388.34639835357666,114.96159416437149,0.9998835921287537,435.1854496002197,154.44674348831177,0.9998839497566223,370.13346099853516,147.4212995171547,0.9998874068260193,482.56396484375,175.8731873035431,0.9826177954673767,324.8691816329956,148.7752355337143,0.9964219331741333,479.4696159362793,125.7141764163971,0.9694963693618774,359.8405809402466,103.98040708899498,0.9896133542060852,425.878849029541,247.51340174674988,0.9997096061706543,386.8923273086548,254.83066499233246,0.9997694492340088,425.9470844268799,328.50644886493683,0.9760085940361023,393.58204984664917,335.74413669109344,0.9816633462905884,428.84703826904297,378.5127763748169,0.935788631439209,399.2894606590271,408.86360490322113,0.9759560823440552
515,13.924800034146756,85.48318546742412,114.81636493191009,70.23009180369323,68.14330615532774,173.4579452528754,176.6867756906134,176.02913450637647,179.4155607125319,403.9428367614746,118.33161887526512,0.9999651908874512,409.48029088974,111.74600502848625,0.99989914894104,397.7636413574219,111.93546319007874,0.9999232888221741,414.4770174026489,115.00697323679924,0.9998294711112976,389.34875106811523,114.38750010728836,0.9998940229415894,436.6789960861206,153.77442663908005,0.9998729228973389,372.4776248931885,147.45420664548874,0.9998909831047058,486.6045618057251,163.3529224395752,0.9841341376304626,326.2897415161133,133.6010036468506,0.996566891670227,478.9739236831665,114.67674806714058,0.9715170860290527,360.65402269363403,90.48009386658669,0.9886036515235901,426.2466125488281,247.6131203174591,0.9996638298034668,387.77291774749756,254.64664149284363,0.9997337460517883,426.53603172302246,331.2244921922684,0.9753223061561584,394.63365840911865,336.2210478782654,0.9814695715904236,430.93448543548584,391.56419932842255,0.93680340051651,399.96622943878174,408.43897473812103,0.9755891561508179
516,18.435000034514815,95.41599795558697,124.55231588468183,75.63120197952728,83.20710591969915,172.67132261458312,177.47780652767375,176.6897848866135,178.58574337047887,404.6695942878723,116.52627825737,0.9999673366546631,410.4190583229065,110.17501729726791,0.9999039769172668,398.61650800704956,110.15397667884827,0.9999273419380188,415.4707016944885,114.00062766671181,0.9998420476913452,390.29565620422363,112.90024036169052,0.9999019503593445,437.8808994293213,152.55050939321518,0.9998562335968018,373.9215364456177,146.83407109975815,0.9998828768730164,489.289852142334,153.84662288427353,0.9854151010513306,330.4877347946167,124.77391576766968,0.9966275691986084,478.06113624572754,104.91591686010361,0.9731206893920898,361.310977935791,78.58967286348343,0.986734926700592,426.42872524261475,247.74021875858307,0.9996405839920044,388.3287582397461,254.43629229068756,0.9997097253799438,427.12806224823,333.27293956279755,0.9735995531082153,395.65109872817993,336.41729402542114,0.9806543588638306,431.2844066619873,396.20399045944214,0.9369980096817017,400.2854194641113,408.2818467617035,0.9751836061477661
517,14.494000002741814,105.83436780731158,133.91530465868968,82.70953137623293,96.17974339400855,171.59041368784344,177.48811979251,177.97266188457053,178.84349260474394,405.46893405914307,115.44074901938438,0.9999691247940063,411.67456436157227,109.11724543571472,0.9999086260795593,399.12713623046875,109.18178471922874,0.999930739402771,417.57465171813965,113.26279571652412,0.999853253364563,391.36028003692627,112.22660580277443,0.9999090433120728,440.01050090789795,150.6587341427803,0.9998436570167542,375.21985387802124,146.52217990159988,0.9998748302459717,490.46921253204346,143.43371057510376,0.9866088032722473,335.19362688064575,116.73253187537193,0.9966865181922913,476.54054832458496,93.00040951371193,0.9747117757797241,365.2970623970032,65.58385691046715,0.985499918460846,426.7409906387329,248.98627352714539,0.9996345639228821,388.9669613838196,254.4821343421936,0.9996989369392395,427.8373565673828,335.76573288440704,0.9723866581916809,395.8034152984619,336.84616935253143,0.979882001876831,431.0006990432739,401.59474790096283,0.93807452917099,400.27942991256714,408.2223290205002,0.9747674465179443
518,16.53619995340705,115.98324947129984,142.01145696639787,90.30600017369208,105.04646701799618,172.8904325047051,176.66140868073668,177.60733780673715,179.90822930765535,406.7996253967285,115.28381335735321,0.9999702572822571,413.7362337112427,108.94132763147354,0.9999114274978638,400.39803314208984,108.9560859799385,0.9999328851699829,420.0904655456543,112.54851871728897,0.9998624324798584,393.0994486808777,111.7286326289177,0.9999151825904846,441.2051763534546,148.13576883077621,0.9998387098312378,376.8988995552063,145.71128273010254,0.9998707175254822,491.9759006500244,130.86227583885193,0.9877209663391113,340.75690937042236,109.65711465477943,0.9967936873435974,475.93193912506104,82.86631032824516,0.9761723875999451,370.041166305542,58.69696833193302,0.9848505854606628,428.2905912399292,250.45660960674286,0.9996323585510254,390.413450717926,254.50432884693146,0.9996898174285889,428.1630163192749,337.40174424648285,0.9713810086250305,395.8561587333679,337.70950424671173,0.979060709476471,430.9612236022949,406.8114537000656,0.9392821788787842,400.36118602752686,408.31600749492645,0.9740267992019653
519,15.640600002370775,123.90134044300133,149.29761091573144,94.34716394840449,112.69916043456463,174.4459336848524,176.37659489158145,176.53455417196275,179.4437988165661,408.62684297561646,115.1728764474392,0.999970018863678,415.90874767303467,108.9079717695713,0.9999105930328369,402.5903100967407,108.81595289707184,0.9999329447746277,422.1183457374573,112.22871413826942,0.9998680353164673,395.1345567703247,111.42656370997429,0.9999195337295532,442.37094020843506,147.00614261627197,0.9998230338096619,378.6583619117737,145.29504317045212,0.9998566508293152,491.0512857437134,121.94138127565384,0.9886009097099304,346.3242607116699,102.98050048947334,0.9967612028121948,471.0929374694824,74.68433037400246,0.976786732673645,374.5438938140869,53.936873868107796,0.982948899269104,430.1641330718994,251.5776742696762,0.999628484249115,391.48075342178345,254.7371574640274,0.9996798038482666,428.5032835006714,337.75987637043,0.970007061958313,395.95727348327637,338.5041757822037,0.977883517742157,431.34041023254395,406.55905175209045,0.9399137496948242,400.3791799545288,408.4923669099808,0.9728112816810608
520,15.544700028840452,129.81689828013631,154.38143558512368,99.40824880611328,118.40314121064311,174.70493624335276,176.0236593256311,177.3438438336508,179.353740787188,411.1952738761902,115.31536003947258,0.9999668002128601,418.5604763031006,109.01093831658363,0.9999004006385803,405.40279626846313,108.91255882382393,0.9999268054962158,424.5514430999756,112.3408263027668,0.9998635649681091,397.8279342651367,111.45358744263649,0.9999184608459473,443.29813289642334,146.88364547491074,0.9997923970222473,380.4881067276001,144.6960764527321,0.999830424785614,489.5162925720215,116.44169554114342,0.9893149137496948,351.6192011833191,98.60764172673225,0.9964763522148132,468.6806392669678,69.56251391768456,0.977080762386322,378.17133808135986,51.74300120770931,0.9798328876495361,431.3355073928833,252.7705363035202,0.9996169805526733,392.9826145172119,255.3258674144745,0.9996651411056519,429.6265392303467,337.85771453380585,0.9689154624938965,396.56229400634766,338.4010097980499,0.9762029647827148,431.3836259841919,404.7115515470505,0.9407302141189575,400.37480783462524,408.4892328977585,0.971470296382904
521,14.186499989591539,134.12535071371377,157.82160245137868,103.17690532969722,124.66494659383683,175.42066186891392,176.2736718144376,177.71687736850527,179.98647453624224,413.8844561576843,115.39438700675964,0.9999650716781616,420.9830856323242,109.12040081620216,0.9998947978019714,408.0315775871277,108.9884232878685,0.999923825263977,426.70924854278564,112.29270496964455,0.9998617172241211,400.16378355026245,111.36318543553352,0.9999187588691711,444.53981494903564,146.2295771241188,0.9997643232345581,382.18956899642944,143.93699020147324,0.9998058080673218,488.3260145187378,112.11524152755737,0.9898938536643982,356.6942467689514,96.50732645392418,0.9961544275283813,465.6808090209961,62.98421514034271,0.9772929549217224,380.41006565093994,50.11317239701748,0.9769014120101929,432.8693380355835,253.60959684848785,0.9996259212493896,394.10945892333984,255.81807827949524,0.9996689558029175,430.4625492095947,338.5290769338608,0.9680100679397583,397.5062675476074,338.4116654396057,0.9747099280357361,431.22612857818604,404.8460291624069,0.9412427544593811,400.3795590400696,407.8765050172806,0.9694628119468689
522,16.928300028666854,137.54464612775564,161.39984336020026,106.80258280793728,131.45362780951044,175.04935485553884,176.01397493129173,179.280433558787,179.991453249706,415.74258184432983,115.60500687360764,0.9999611377716064,422.60410594940186,109.18454122543335,0.9998822808265686,409.5534291267395,109.01520484685898,0.9999162554740906,427.9838352203369,112.26884374022484,0.9998508095741272,401.5434021949768,111.41426983475685,0.9999151229858398,446.2447395324707,145.2279468178749,0.9997358322143555,383.94946098327637,143.37856620550156,0.9997844099998474,487.34382915496826,109.35497450828552,0.99043208360672,361.6736869812012,94.37249431014061,0.995823323726654,464.6849765777588,59.20200727880001,0.9776983261108398,382.4371876716614,47.95975698530674,0.9743990302085876,434.0350008010864,253.587544798851,0.9996287226676941,395.45993852615356,255.83656895160675,0.999667763710022,431.84985065460205,338.2656774520874,0.9668945074081421,398.1390118598938,338.42083954811096,0.9728276133537292,430.9571294784546,405.68355119228363,0.9419090151786804,400.37695598602295,407.72601544857025,0.9673359990119934
523,15.235500002745539,141.84844075074943,163.24102670530309,110.87011947591378,135.21951189280242,175.07594724348291,174.57635227309552,179.8152344068033,178.64824304573725,417.8956866264343,116.02309122681618,0.9999586343765259,424.4293270111084,109.21000507473946,0.9998735785484314,411.4469361305237,109.04038378596306,0.9999113082885742,429.6341209411621,112.27698504924774,0.9998423457145691,403.36498403549194,111.4386296570301,0.999913215637207,448.7252731323242,144.65660214424133,0.999714732170105,386.3713879585266,143.1899556517601,0.9997702836990356,487.17182540893555,106.04450315237045,0.9909287691116333,365.25976037979126,92.37364268302917,0.9956384301185608,464.4580307006836,55.62872762978077,0.9782435297966003,384.2014265060425,46.00490973889828,0.9730179905891418,435.87139225006104,253.66022539138794,0.9996306300163269,397.81658697128296,255.83730971813202,0.999666154384613,433.20005226135254,338.60232734680176,0.9655663967132568,398.3608021736145,338.3673619031906,0.9712342619895935,430.8724670410156,405.72372353076935,0.9423424601554871,400.4458737373352,407.41899621486664,0.9654504060745239
524,17.439599963836372,144.85812972928716,163.4240829221002,115.01971255111197,139.95728412771783,174.68796420203708,174.48674906259254,178.17333115707677,178.89709999826968,418.9854817390442,116.39215677976608,0.9999561309814453,425.2895984649658,109.38918510079384,0.9998645186424255,412.7098469734192,109.16315871477127,0.9999065399169922,430.28862476348877,112.42773103713989,0.9998329281806946,405.1238398551941,111.45865172147751,0.9999110102653503,450.39704036712646,144.23341077566147,0.9997043013572693,388.68335485458374,143.0874164700508,0.9997634887695312,486.4783515930176,104.2151588499546,0.9913699626922607,369.2697525024414,95.23382771015167,0.9955952167510986,464.4548463821411,52.18412767350674,0.9789937138557434,385.6151123046875,44.81103627383709,0.9732108116149902,437.15219593048096,253.73698019981384,0.9996370673179626,399.55183839797974,255.84001636505127,0.999668538570404,434.803786277771,338.62939381599426,0.9642152786254883,399.54119873046875,338.3433439731598,0.96952885389328,430.81004428863525,405.629332780838,0.942853569984436,400.8537950515747,406.9844226837158,0.9636974930763245
525,16.97900000726804,147.7628432227483,163.55995326111687,118.04255981990319,141.53565117615804,175.12450002283552,174.5953087160455,177.97247433179515,179.3137976917071,420.50695419311523,116.68339198827744,0.9999561309814453,426.72269344329834,109.7648392021656,0.9998642206192017,414.542902469635,109.37311616539955,0.9999067187309265,431.58176136016846,112.89134404063225,0.9998326301574707,407.4362111091614,111.67543277144432,0.9999122619628906,452.1928949356079,144.2498500943184,0.9997054934501648,391.06820726394653,143.1738439798355,0.9997615218162537,486.32878971099854,102.45083817839622,0.9917495250701904,371.79519510269165,94.4567422568798,0.9956002831459045,464.5907611846924,50.53543068468571,0.9797203540802002,386.94759798049927,44.521845296025276,0.9737296104431152,438.7012405395508,254.12676584720612,0.9996515512466431,401.2255263328552,256.0003923177719,0.9996797442436218,435.5774745941162,338.3237136602402,0.9632101655006409,400.851318359375,338.3206651210785,0.9685941338539124,430.69308376312256,405.60383331775665,0.9432568550109863,401.3615927696228,406.98992145061493,0.962644100189209
526,16.392800025641918,149.55207181859313,163.73160466456181,121.31946601448067,142.62172072358322,175.54588638598491,174.54379527562475,177.52661051474755,179.7183708273127,421.7362275123596,117.60048943758011,0.9999567866325378,428.04347801208496,110.47379550337791,0.9998660087585449,415.8961114883423,110.27829012274742,0.9999077916145325,433.0179395675659,113.55121031403542,0.9998348951339722,408.9877071380615,112.70364519953728,0.9999139308929443,453.52075576782227,144.42628073692322,0.9997107982635498,392.45538234710693,143.3249318599701,0.9997584819793701,485.9121494293213,102.04491949081421,0.9920871257781982,373.69479274749756,95.46498247981071,0.9955618977546692,466.0993194580078,51.20256216824055,0.9803171157836914,388.33029985427856,44.33610165119171,0.9740551114082336,440.15349197387695,254.209845662117,0.9996668696403503,402.58378982543945,256.00620448589325,0.9996908903121948,436.51902198791504,337.8529850244522,0.9627211689949036,402.1259808540344,337.98843133449554,0.967517614364624,430.68348026275635,405.07447016239166,0.9443429708480835,402.0800862312317,406.60745799541473,0.9614412188529968
527,16.359200002625585,150.76355830325545,161.86357923809692,122.43893706014777,141.3129541399294,175.94546768883484,174.99676453730865,177.45363457990655,179.63424052945885,423.20793867111206,117.78199860453606,0.9999579191207886,429.6349802017212,110.59027391672134,0.9998688101768494,417.49767208099365,110.50596898794174,0.9999102354049683,434.8646421432495,113.85811558365822,0.9998385906219482,410.57094526290894,113.08558869361877,0.9999167323112488,455.3216142654419,144.57440555095673,0.9997139573097229,394.05666494369507,143.4428989291191,0.999756395816803,486.71909618377686,101.85377323627472,0.9923717379570007,374.6784944534302,97.7523555457592,0.995591938495636,466.8226652145386,50.682458594441414,0.9808685183525085,389.21334171295166,46.05817013978958,0.9746383428573608,441.6507787704468,254.68225526809692,0.9996825456619263,403.6283221244812,256.33595955371857,0.999702513217926,437.23048973083496,338.3831744194031,0.9624665379524231,403.40461111068726,337.9805678129196,0.9666223526000977,430.62227058410645,406.151943564415,0.9452386498451233,402.7788419723511,406.56543374061584,0.9601953029632568
528,14.23530001193285,149.97543985856484,160.28915548264422,122.01351785318641,138.59703726270212,176.6281476179869,174.83515338739673,178.70179204941815,179.44770692217037,424.4911937713623,118.46591129899025,0.9999590516090393,430.96668243408203,111.00753915309906,0.9998716115951538,418.7425889968872,111.24019682407379,0.9999123811721802,436.4240484237671,114.48616451025009,0.9998419284820557,411.58249711990356,114.05738177895546,0.9999189972877502,457.1162052154541,144.70026463270187,0.9997161030769348,395.1102194786072,143.5453099012375,0.9997543096542358,488.5572566986084,103.5744100511074,0.9925947189331055,374.7302269935608,98.81208616495132,0.995586097240448,469.34009647369385,52.41619771718979,0.9812654852867126,390.54067182540894,46.804609939455986,0.9748996496200562,442.75452423095703,255.67870020866394,0.9996941685676575,404.608030796051,257.0634207725525,0.9997109174728394,436.8895149230957,339.5144958496094,0.9624372720718384,404.06737899780273,338.11715376377106,0.9661986231803894,430.57713413238525,407.5598558187485,0.946695864200592,402.9483690261841,406.7219064235687,0.9600238800048828
529,17.87250000052154,147.68519734787267,158.3949361581121,119.03740603169334,134.38384740863378,176.99702906155764,174.99484990392253,179.21794227966296,177.77186751084272,425.97084045410156,119.10527828335762,0.9999593496322632,432.190016746521,111.39654129743576,0.9998717308044434,420.2052526473999,112.05806717276573,0.9999127984046936,437.6484441757202,114.79440885782242,0.999841570854187,412.6205849647522,114.80478671193123,0.9999197721481323,459.1572017669678,144.83162248134613,0.9997174143791199,395.9613928794861,143.60133749246597,0.9997522830963135,491.9621524810791,105.81926026940346,0.9928351640701294,374.13822174072266,99.96436274051666,0.9956438541412354,472.3768243789673,54.53729362785816,0.9817546010017395,392.0026025772095,48.217963978648186,0.9752452969551086,444.0493288040161,255.9116997718811,0.9996989369392395,405.82282304763794,257.118750333786,0.9997127056121826,437.15634059906006,339.0026261806488,0.9613879323005676,405.76593494415283,338.11268067359924,0.9653713703155518,430.5359401702881,407.45386922359467,0.9469461441040039,403.0479168891907,406.72988390922546,0.9593309760093689
530,22.491100011393428,145.54744015595125,154.87683518097217,116.30023183435713,127.60419754236788,176.75051775936856,175.99616526155745,178.76115983288952,175.45079665842073,427.372597694397,119.99407702684402,0.9999598264694214,433.59864807128906,112.08333870768547,0.9998713731765747,421.644690990448,112.90614512562752,0.999913215637207,439.1333475112915,115.26022279262543,0.9998406171798706,414.11188220977783,115.43966636061668,0.9999203681945801,461.16979217529297,145.07815527915955,0.9997183680534363,397.2338819503784,143.6458404660225,0.9997517466545105,495.6389284133911,107.66831323504448,0.9931349158287048,372.57504987716675,100.6677134335041,0.9957413077354431,476.08134937286377,56.831928342580795,0.9824262857437134,393.7545590400696,49.663359731435776,0.9757032990455627,445.1757688522339,256.00497937202454,0.9996973872184753,406.606746673584,257.1162716150284,0.9997079968452454,437.98663902282715,338.92404794692993,0.9601224064826965,407.62193775177,338.10296523571014,0.9645411372184753,430.50611877441406,407.85035026073456,0.9470019340515137,403.02408504486084,406.7647569179535,0.9587481617927551
531,35.972699988633394,144.12060188882293,148.90047927010136,113.52418266691177,119.0255343506929,175.7109103933238,176.8728446734601,177.69888834705992,174.830738352828,427.87162590026855,120.37601339817047,0.9999608993530273,434.29444694519043,112.55093333125114,0.9998727440834045,422.2947974205017,113.35787025094032,0.9999145269393921,440.230673789978,115.42071270942688,0.9998415112495422,415.50633573532104,115.4717258810997,0.9999215602874756,463.1388635635376,145.61447024345398,0.9997198581695557,398.757426738739,143.71901965141296,0.9997519850730896,499.1767063140869,109.36489650607109,0.9934439659118652,371.5189175605774,105.04723909497261,0.9958491921424866,478.7320671081543,57.84231251478195,0.9831023812294006,396.3037829399109,53.81259959936142,0.9760635495185852,445.65311336517334,256.60708010196686,0.9997004866600037,406.80816745758057,257.1577830314636,0.9997066259384155,438.93971061706543,338.9023377895355,0.9594421982765198,408.1258182525635,338.1273250579834,0.964111864566803,430.564902305603,407.45780098438263,0.9473246335983276,403.05112648010254,406.6267179250717,0.9578838348388672
532,27.3905000067316,138.80268383300714,139.35181502564922,106.93573738475853,109.4362276148527,175.27036816873684,177.15484435726455,176.93372797201377,175.05392191372366,428.77127170562744,120.69529801607132,0.9999628067016602,435.56458568573,113.10086700320244,0.999877393245697,423.266393661499,113.60446003079414,0.9999179840087891,441.71102809906006,115.819052785635,0.9998462200164795,416.89070558547974,115.50515297055244,0.9999245405197144,464.74077796936035,146.4672492146492,0.999718189239502,400.5303339958191,145.13307172060013,0.9997477531433105,501.3971366882324,116.32472565770149,0.9937101006507874,371.27549409866333,114.94476309418678,0.9959099888801575,478.90118980407715,62.00055554509163,0.983693540096283,397.7417049407959,61.776836931705475,0.9761750102043152,446.4653673171997,257.1931688785553,0.9997046589851379,407.2921333312988,257.22396767139435,0.9997056126594543,439.7922487258911,339.3680520057678,0.9588608145713806,408.1491951942444,338.12236762046814,0.963595449924469,430.5492334365845,407.65131199359894,0.9471693634986877,403.0389451980591,405.47189140319824,0.9560505747795105
533,20.437599974684417,126.9115435771209,125.2171641667404,94.8090171410768,95.23828307015361,174.68090776653912,177.0721857551272,176.0308558303269,173.9754594811516,430.04282569885254,120.84560239315033,0.9999654293060303,436.93374156951904,113.67615056037903,0.9998846054077148,424.80962562561035,113.80403250455856,0.9999234080314636,443.121883392334,116.24575567245483,0.9998545050621033,418.72295236587524,115.54131519794464,0.9999294281005859,466.1685152053833,147.9432265162468,0.9997169375419617,401.7075209617615,147.32354682683945,0.9997444152832031,503.9691562652588,128.57823622226715,0.9938728213310242,369.12471437454224,126.89246529340744,0.9959343671798706,481.47826385498047,73.7853033542633,0.98383629322052,396.29635286331177,73.22175097465515,0.975556492805481,447.0576000213623,258.7471830844879,0.9997149705886841,407.7414002418518,257.7595133781433,0.9997053742408752,440.7624044418335,339.33360636234283,0.958815336227417,408.0212664604187,338.1196609735489,0.962712287902832,430.6382932662964,407.5982332229614,0.9470958709716797,401.8348937034607,398.7601763010025,0.9510921239852905
534,17.31550000840798,112.67174958602148,112.59245340201387,79.53507093919133,76.96934426031741,175.31846119705426,176.37435469451628,176.39721957068946,171.40722122728704,431.5321264266968,123.34417939186096,0.9999682307243347,437.9898738861084,115.99415147304535,0.9998923540115356,425.7688636779785,115.62186643481255,0.9999294281005859,444.2766284942627,117.72310054302216,0.9998636245727539,419.28647565841675,116.67266511917114,0.99993497133255,466.66663360595703,149.21150428056717,0.9997259378433228,402.50001192092896,150.14484161138535,0.9997550845146179,505.98927783966064,140.14517730474472,0.9940899014472961,366.07299995422363,137.33499401807785,0.9960411190986633,482.97231578826904,87.07889285683632,0.9839792251586914,396.17196226119995,89.91628506779671,0.9754255414009094,447.8647994995117,259.3412493467331,0.9997216463088989,408.5494337081909,257.74603712558746,0.9997006058692932,440.86182594299316,339.2756841182709,0.9598484039306641,407.98682022094727,336.78784823417664,0.9625694751739502,430.70506286621094,406.35796213150024,0.9482499361038208,399.3610825538635,391.2449289560318,0.9464854001998901
535,14.284900040365756,98.74704761317707,93.26390276111267,63.63837591047003,55.571985086762915,175.76818123485597,175.90751983518123,176.64566572417553,168.59133843638605,432.33123874664307,124.39348942041397,0.9999710321426392,438.820273399353,117.23643830418587,0.9999008178710938,426.2984209060669,116.65991538763046,0.999935507774353,445.3272514343262,118.19756150245667,0.999873697757721,420.11690044403076,116.99216341972351,0.9999406337738037,466.3161563873291,150.1982337832451,0.9997429251670837,402.89132928848267,150.51887172460556,0.9997720718383789,507.1141004562378,150.70696943998337,0.9943379759788513,363.171959400177,150.50382846593857,0.9962555766105652,482.8975601196289,100.26982921361923,0.9842801094055176,395.2926859855652,103.67989805340767,0.9763473868370056,448.13213062286377,259.312416434288,0.9997329711914062,408.9409785270691,257.31334400177,0.9997003078460693,440.81957054138184,339.2058526277542,0.9615967273712158,407.79571056365967,334.481329202652,0.9626264572143555,430.6893939971924,406.3153965473175,0.9503778219223022,396.80000591278076,385.08639550209045,0.9413984417915344
536,17.364800034556538,81.75412541680399,77.60324945763905,44.80384221703781,34.61585127795619,175.43062251738465,175.96173936242675,177.0378063816804,167.2528306919994,433.3421335220337,124.17631661891937,0.9999735355377197,440.44579219818115,116.9845420718193,0.9999080896377563,427.14600563049316,116.4966832101345,0.9999406337738037,447.321494102478,118.12659749388695,0.9998815059661865,420.5824933052063,116.87790730595589,0.9999452829360962,466.6950902938843,151.8774090409279,0.9997608661651611,403.5334749221802,150.5183446407318,0.9997888803482056,506.12544536590576,164.8193410038948,0.9946364164352417,360.89749670028687,162.24992108345032,0.9964420199394226,482.0779266357422,117.67460882663727,0.9849564433097839,394.1755714416504,122.59002208709717,0.9776739478111267,447.91736602783203,259.1910161972046,0.9997419714927673,409.00046968460083,255.25982522964478,0.9997004866600037,440.670615196228,336.49077236652374,0.9635330438613892,407.6612868309021,328.2987493276596,0.9632840156555176,430.6882314682007,404.7678213119507,0.9528915882110596,395.0098376274109,379.81561374664307,0.939609944820404
537,13.868899957742542,67.14304650916465,65.32054061884676,18.360737228411427,14.434552401075079,174.72928036329046,175.33397504981434,176.90328881701797,167.365018658229,434.22722244262695,124.00943046808243,0.9999747276306152,441.1230411529541,116.90047931671143,0.9999098181724548,428.05656909942627,116.36295348405838,0.9999416470527649,447.9502201080322,118.42561787366867,0.9998771548271179,421.41185665130615,116.83439439535141,0.9999455809593201,466.99492168426514,153.51374804973602,0.9997789263725281,403.28717041015625,150.14885884523392,0.9998051524162292,505.43252754211426,178.79053956270218,0.9949110150337219,361.3146171569824,172.26686519384384,0.9965624213218689,477.26434898376465,143.13637828826904,0.9858105778694153,393.8725051879883,142.72223281860352,0.9793044328689575,447.66631031036377,258.0847668647766,0.9997571110725403,408.826292514801,252.15752351284027,0.9997107982635498,440.6343240737915,335.33121633529663,0.9666302800178528,407.0482802391052,317.5329045057297,0.9661357402801514,430.4227705001831,405.34436559677124,0.9566659927368164,393.81680488586426,369.85056602954865,0.9416395425796509
538,15.834900026675314,53.83863087366076,54.40540613631812,2.188318284291317,4.774752344913275,174.3264585278598,172.20319474136002,177.00260481629246,174.6027274918835,435.09002113342285,123.9335161447525,0.9999752044677734,441.6950054168701,116.88500156998634,0.9999109506607056,428.6315155029297,116.30801567435265,0.9999397397041321,448.40835762023926,118.72245156764984,0.9998700022697449,422.2199659347534,116.92908430099487,0.9999404549598694,466.91905403137207,155.48598194122314,0.9997965693473816,403.68831872940063,151.88683956861496,0.9998189806938171,500.95567893981934,191.94283497333527,0.995011568069458,362.84774017333984,184.56257808208466,0.9962783455848694,474.0398979187012,160.8104407787323,0.9863983392715454,392.65010595321655,164.54538559913635,0.9804734587669373,447.5444974899292,257.0030767917633,0.9997668266296387,408.98204612731934,250.6536819934845,0.9997177720069885,440.52706813812256,335.14762020111084,0.9689514636993408,404.4405255317688,305.5554505586624,0.9684891700744629,430.3654022216797,406.290580868721,0.9593021273612976,394.10248374938965,363.4403713941574,0.9442492127418518
539,13.866000052075833,43.69330547690169,47.14970199349479,7.072345642409776,10.388734706235134,174.05081963924349,169.1659069659682,177.64646481476356,179.55697850642153,435.70100593566895,123.89558035135269,0.9999770522117615,442.3608818054199,116.90766617655754,0.9999170303344727,429.39696502685547,116.3085570037365,0.9999431371688843,448.69853496551514,118.93842062354088,0.9998733997344971,423.6670618057251,117.05203729867935,0.9999411702156067,467.2483024597168,159.4631289243698,0.9998144507408142,403.4587445259094,155.54867643117905,0.9998344779014587,495.4062204360962,204.00494998693466,0.9952489733695984,364.52936363220215,196.00125259160995,0.9957483410835266,469.6563549041748,172.62542468309402,0.9872832894325256,390.07962799072266,177.63440245389938,0.9814383387565613,447.4481086730957,257.7183438539505,0.9997830986976624,408.88894271850586,251.2079178094864,0.999738335609436,440.13544750213623,334.44417691230774,0.9710263013839722,403.70070219039917,290.1691315174103,0.9711628556251526,430.20472049713135,406.96009135246277,0.9613749384880066,394.5287275314331,355.19931530952454,0.9482978582382202
540,13.916600029915571,35.888345966749895,40.39367428464571,22.79901007279393,23.412365312874307,173.34236902273128,164.91294280872893,177.95937491880363,175.2873379100485,435.61159229278564,123.93871575593948,0.9999787211418152,442.5589666366577,117.15726175904274,0.9999226927757263,429.3682556152344,116.53218302130699,0.9999460577964783,449.287633895874,119.40535995364189,0.9998758435249329,424.2188081741333,117.58809584379196,0.9999406337738037,468.5414390563965,161.18459910154343,0.9998308420181274,403.166494846344,157.42019456624985,0.9998484253883362,490.35240364074707,211.1757693886757,0.9953799843788147,370.5515670776367,200.78374099731445,0.9947655200958252,465.44612979888916,187.43336176872253,0.9880316853523254,390.07384061813354,189.67560505867004,0.9817107319831848,447.3318557739258,258.32303726673126,0.9997979402542114,408.8354916572571,251.56810128688812,0.9997562170028687,439.8330383300781,333.99607014656067,0.9722208976745605,403.0020980834961,279.8827335834503,0.9732850193977356,429.89134311676025,407.5276609659195,0.9622220396995544,394.79408740997314,347.4277342557907,0.950951874256134
541,16.427499998826534,30.004174177579134,34.493203940078004,50.525910747943286,56.57423931669777,173.02679405897408,145.32542838801265,178.11312510974616,153.88684864969747,435.5978946685791,123.93952775001526,0.9999800324440002,442.7778253555298,117.31175431609154,0.9999276995658875,429.6203727722168,116.76872259378433,0.9999482035636902,449.6134452819824,119.69848269224167,0.9998770952224731,424.96510124206543,118.0839179456234,0.9999366998672485,469.41111183166504,162.23721408843994,0.9998461008071899,403.56208324432373,158.53957825899124,0.9998598694801331,485.58128356933594,214.68909680843353,0.9952909350395203,376.6953053474426,202.76549088954926,0.9922304153442383,456.2616958618164,202.64015889167786,0.9883893728256226,390.0880184173584,202.26327967643738,0.9794458150863647,447.2426948547363,259.2600214481354,0.999812126159668,408.8020815849304,251.82671427726746,0.9997724890708923,439.5344705581665,333.88689255714417,0.9732707738876343,403.0966672897339,261.15185368061066,0.9752390384674072,429.4171323776245,407.8984431028366,0.9632675051689148,395.77152156829834,339.42443573474884,0.954055666923523
542,14.54950001789257,27.928567528020817,30.253949836601628,60.96826830544095,76.53921494838626,173.03742968631212,68.11583984253677,178.4297996136572,73.90150873495558,435.85845279693604,124.20170211791992,0.9999814033508301,443.1770782470703,117.8484254181385,0.9999326467514038,429.84539794921875,117.35719037055969,0.9999510049819946,449.9092836380005,120.36031484603882,0.9998797178268433,425.08054542541504,118.82247641682625,0.9999359250068665,469.6937074661255,164.22112929821014,0.9998600482940674,403.4694094657898,159.75184267759323,0.999871015548706,484.2164239883423,219.63412648439407,0.995326578617096,379.53733491897583,206.96364271640778,0.9905420541763306,453.49886989593506,211.77812653779984,0.9888595938682556,390.55623960494995,209.5927940607071,0.9782702326774597,447.18608474731445,259.8621791601181,0.9998225569725037,408.90673446655273,252.00398540496826,0.9997832775115967,438.96836948394775,334.5346928834915,0.9745191931724548,403.2237620353699,250.10126960277557,0.9770894646644592,428.69929599761963,409.01409447193146,0.9643588662147522,399.79169845581055,331.5607432126999,0.9567731618881226
543,16.418999992311,25.6576964874781,31.99267270938058,79.88277386335426,99.90738763495231,172.6634766510828,20.778567298148932,178.4094954785849,25.12082098504314,436.0360164642334,124.66956740617752,0.9999828934669495,443.44258975982666,118.67014917731285,0.9999380111694336,430.0438871383667,118.24062567949295,0.999954342842102,450.0855836868286,121.2579814195633,0.9998857975006104,425.3528804779053,119.81398528814316,0.9999370574951172,469.8042993545532,165.7367233633995,0.9998728036880493,403.7431344985962,161.18579572439194,0.9998812079429626,481.6121063232422,221.1612594127655,0.9954043030738831,379.6049385070801,206.12076437473297,0.9889497756958008,450.13233757019043,222.21074038743973,0.9893718957901001,390.4713497161865,214.65681648254395,0.9773905873298645,446.9373035430908,260.0340369939804,0.9998334050178528,409.70165157318115,252.1233912706375,0.9997945427894592,438.64953327178955,335.1697007417679,0.975938618183136,405.45703077316284,242.82121562957764,0.9788489937782288,428.44313526153564,408.86480152606964,0.9663419127464294,404.59569787979126,325.98248636722565,0.9597126841545105
544,14.417099999263883,24.087892411180093,32.868579644453014,90.94366229264595,107.53705800874312,172.35334501299556,6.52960664811167,177.90667315422664,10.795916679360417,435.91834831237793,124.67347067594528,0.9999843239784241,443.43510913848877,118.78699797391891,0.9999431371688843,430.04798126220703,118.43010520935059,0.999957799911499,450.05798625946045,121.55719411373138,0.9998919367790222,425.45508193969727,120.23918527364731,0.99993896484375,469.9483518600464,166.7533257007599,0.999884307384491,403.73555278778076,162.1459146142006,0.9998905062675476,479.9081926345825,221.93320935964584,0.995334804058075,379.24318981170654,206.64118134975433,0.9872567653656006,449.95366191864014,227.8509224653244,0.9896215796470642,390.32995080947876,218.27024710178375,0.976054310798645,446.8924198150635,260.22367322444916,0.9998416900634766,410.08649921417236,252.11005747318268,0.999801754951477,438.6426591873169,336.0451158285141,0.9773516058921814,406.6765236854553,233.83195686340332,0.9804361462593079,428.02659606933594,408.78915786743164,0.9685144424438477,406.3277397155762,321.38030338287354,0.9624835848808289
545,15.363199985586107,24.68308094154125,33.82685098306857,89.3976251755878,102.4912000681118,172.2251870525318,2.482854708736942,177.54377556931405,7.288154536901761,436.0638666152954,124.746122777462,0.9999856352806091,443.59574031829834,118.84224918484688,0.999947726726532,430.2060852050781,118.69160291552544,0.9999608993530273,450.0185613632202,121.69907939434052,0.9998973608016968,425.5464668273926,120.71395963430405,0.9999408721923828,469.8926010131836,166.89881509542465,0.9998947978019714,403.68316316604614,162.4776213169098,0.9998989701271057,480.3557662963867,221.72870081663132,0.9953158497810364,378.4756426811218,207.1010691523552,0.9859341382980347,449.5779628753662,227.2673124074936,0.9898814558982849,390.0458641052246,217.50178730487823,0.9748336672782898,446.6715898513794,260.8765449523926,0.9998494386672974,410.5293974876404,252.1685210466385,0.9998076558113098,438.58569526672363,336.4828233718872,0.9784883856773376,408.47702836990356,235.07826805114746,0.9817771911621094,427.67010402679443,408.99554681777954,0.9702752232551575,407.826669216156,319.70799446105957,0.9645805358886719
546,14.15669999551028,26.309690250965993,33.803876797539374,77.98515681599278,83.69856654687568,172.24402223320456,0.5872236131954262,177.38380726552262,4.153790226624078,436.06462478637695,124.83924567699432,0.9999867677688599,443.5868949890137,118.81882956624031,0.9999517202377319,430.29246616363525,118.76490318775177,0.9999634623527527,450.00011253356934,121.73929446935654,0.9999015927314758,425.6648931503296,120.85655719041824,0.9999422430992126,469.9552764892578,166.47942727804184,0.9999047517776489,403.64980363845825,162.22879499197006,0.9999077320098877,481.95621490478516,220.69412064552307,0.9954040050506592,378.3053069114685,207.48225051164627,0.9857020974159241,446.0745048522949,220.98649549484253,0.9902321696281433,395.6371989250183,214.82130938768387,0.9746748208999634,446.5895051956177,261.4075605869293,0.9998552203178406,410.8160367012024,252.22838068008423,0.9998121857643127,438.54404640197754,337.0403926372528,0.9794617891311646,409.34313774108887,230.98033338785172,0.982967734336853,427.5483922958374,408.9963445663452,0.9718081951141357,409.0525813102722,319.3282091617584,0.9665947556495667
547,15.131399966776371,27.24586611303891,38.368981991120286,69.02878287048314,60.27344936767199,172.3648889181598,8.862459897566774,177.83870344254237,12.084445721464038,436.0000286102295,125.06980925798416,0.9999875426292419,443.55060386657715,118.88708692789078,0.9999544620513916,430.2590560913086,118.85183641314507,0.9999647736549377,450.0622320175171,121.79909712076187,0.9999024868011475,425.7277202606201,120.88680040836334,0.9999417066574097,469.91024112701416,165.82562959194183,0.9999130368232727,403.8325228691101,161.80074590444565,0.999914824962616,482.17249584198,217.36159723997116,0.995497465133667,376.28366899490356,202.65071481466293,0.9856253266334534,447.27150535583496,212.71264624595642,0.9905008673667908,392.6675944328308,203.8736633658409,0.9746895432472229,446.39895153045654,261.10119664669037,0.9998611807823181,410.7395119667053,252.10888934135437,0.999816358089447,438.1463098526001,336.73730516433716,0.9805527925491333,409.08252906799316,245.06425666809082,0.9839836359024048,427.49754428863525,408.95355105400085,0.9733126759529114,410.6632146835327,323.6963384151459,0.9679000377655029
548,18.713099998421967,32.36801772362268,46.21503627123801,59.7948020611481,31.992407766605318,172.75489545060236,24.635237093521777,178.67029878649348,27.1530046998313,435.73102951049805,125.00091797113419,0.9999882578849792,443.5035467147827,118.78518879413605,0.9999565482139587,430.2480878829956,118.74974596500397,0.9999658465385437,449.99793910980225,121.71420812606812,0.9999030828475952,425.80510425567627,120.86091631650925,0.9999423027038574,469.870361328125,165.25733345746994,0.9999192357063293,404.0043749809265,161.55144947767258,0.9999197721481323,486.3404655456543,214.4315379858017,0.995721161365509,368.84780502319336,200.62275248765945,0.9861167669296265,448.7393751144409,206.65310484170914,0.9908243417739868,386.26501655578613,195.61971509456635,0.975494921207428,446.38717460632324,260.5007199048996,0.9998645782470703,410.68388748168945,251.7763991355896,0.9998170733451843,437.61634826660156,336.24139046669006,0.9817902445793152,408.24444675445557,247.35174369812012,0.9850598573684692,427.4896593093872,408.89286518096924,0.9747368693351746,410.6481523513794,327.57530534267426,0.9692440032958984
549,17.52559997839853,37.8837486536436,56.33480867942533,41.12757510723583,2.7149023575725395,172.93870071080096,70.69651323984093,178.69938111519355,72.71010059871189,435.6589527130127,124.98294013738632,0.9999891519546509,443.44380283355713,118.74079266190529,0.9999595284461975,430.2149305343628,118.5885081589222,0.9999678730964661,449.9546728134155,121.59994488954544,0.9999087452888489,425.74723052978516,120.7339603304863,0.999945342540741,469.8248710632324,164.02338737249374,0.999924898147583,403.982666015625,160.20083266496658,0.9999222159385681,491.2607936859131,211.69412076473236,0.995932936668396,363.54745626449585,191.5056830048561,0.98652184009552,450.0928621292114,192.79329192638397,0.9909954071044922,381.50708866119385,176.18737202882767,0.9752667546272278,446.3607397079468,260.4826565980911,0.9998704791069031,410.52843713760376,251.92837023735046,0.9998228549957275,437.4880657196045,337.04281437397003,0.9827314615249634,407.27151107788086,251.04215705394745,0.9859813451766968,427.4902153015137,408.9899055957794,0.9754264950752258,410.0955467224121,329.24382495880127,0.9703177809715271
550,20.943199982866645,49.063863752707135,70.50959021960637,20.937602311046962,38.10938680426797,173.11651206757156,154.32741484049788,178.83038226915303,154.10993815868292,435.6284236907959,124.58060419559479,0.999989926815033,443.4284372329712,118.30689579248428,0.9999620318412781,430.18364334106445,117.7193112373352,0.9999693632125854,449.8638439178467,121.32446521520615,0.9999138116836548,425.72135162353516,120.22113621234894,0.9999479055404663,469.038950920105,163.18169140815735,0.999928891658783,404.1585364341736,157.90194922685623,0.9999203085899353,494.92255783081055,199.2110794186592,0.9961462616920471,360.5839171409607,176.58990740776062,0.9871705770492554,457.5304193496704,174.58468091487885,0.9912118315696716,373.5430827140808,152.89737331867218,0.9757863283157349,445.91417694091797,260.47302663326263,0.9998741149902344,410.27960538864136,251.97683346271515,0.9998235106468201,437.19172191619873,337.1860387325287,0.9834691286087036,404.7818794250488,265.61856186389923,0.9866589307785034,427.5425796508789,408.963693857193,0.9759159088134766,409.5957098007202,335.5071483850479,0.9705971479415894
551,22.63299998594448,59.674934916815324,81.0947650575909,3.5482115270619317,55.3713051480437,173.8593104068021,160.4551919505542,179.15228490282564,159.50958146794787,435.26985931396484,124.1905906200409,0.9999907612800598,443.1183958053589,117.83014842867851,0.9999648928642273,429.83710861206055,117.08308538794518,0.9999714493751526,449.08717346191406,120.73105424642563,0.9999204874038696,425.56127643585205,119.25787618756294,0.9999516010284424,468.559534072876,160.3716220855713,0.9999339580535889,404.14165449142456,154.90985077619553,0.9999228715896606,499.1896457672119,188.98109370470047,0.9964378476142883,357.4885320663452,165.26823127269745,0.9881532788276672,462.75442028045654,158.94812524318695,0.9917848110198975,370.6469702720642,132.87976771593094,0.9775623083114624,446.07066345214844,259.9894770383835,0.9998781085014343,410.2646441459656,251.8791947364807,0.9998265504837036,437.16710662841797,337.1687731742859,0.9841572642326355,403.60236740112305,275.21821224689484,0.9873465895652771,427.81188201904297,408.9217265844345,0.9763193130493164,409.1496777534485,344.79251432418823,0.9710748791694641
552,16.68130001053214,71.80811189048164,88.46084835377992,15.711748963974328,64.89602322148505,174.2719406226514,164.51031667321695,179.26906559444387,164.74690774472916,432.8471488952637,123.69100058078766,0.9999914169311523,441.34624671936035,117.05081218481064,0.9999670386314392,428.1027669906616,116.78796115517616,0.9999728202819824,448.70879554748535,120.05731284618378,0.9999262094497681,424.68685245513916,118.79255372285843,0.9999545216560364,468.2363510131836,156.57443863153458,0.9999377727508545,404.135639667511,153.3947125673294,0.999923825263977,501.4140691757202,176.04759508371353,0.9966780543327332,355.0737066268921,157.77600467205048,0.9890500903129578,466.5456295013428,139.7861904501915,0.9922134876251221,369.96860933303833,116.85465863347054,0.9790704250335693,446.12110710144043,258.7038482427597,0.9998718500137329,410.2571129798889,251.68098270893097,0.9998111128807068,437.1864652633667,337.2415392398834,0.9847215414047241,403.157497882843,285.2960844039917,0.9877597689628601,428.13375091552734,408.6891258955002,0.9769114851951599,407.21659421920776,355.1146115064621,0.9709749817848206
553,21.25039999373257,89.31102828499199,97.26920523588275,40.027998255689205,72.98905298121697,174.60888843323954,169.56781037219903,179.4654973861355,171.86711442327993,432.60594940185547,123.47928380966187,0.9999908208847046,441.2322177886963,116.90985998511314,0.9999647736549377,427.69941997528076,116.48889803886414,0.9999707937240601,448.5592336654663,119.655646443367,0.9999258518218994,424.26581478118896,118.18994727730751,0.9999547600746155,467.3942756652832,155.82427006959915,0.9999274015426636,404.13086318969727,151.49582880735397,0.9999024271965027,502.13170337677,163.51750081777573,0.9968313574790955,354.41068601608276,148.12307608127594,0.9898092746734619,471.10289478302,123.0571323633194,0.9922285079956055,371.44054794311523,103.5067510008812,0.9792382717132568,446.10018157958984,257.76532554626465,0.9998475313186646,410.0499806404114,251.46456491947174,0.9997612237930298,437.2135066986084,336.8977950811386,0.9847782850265503,403.2970519065857,306.1182621717453,0.9869636297225952,428.6270170211792,407.4187967777252,0.9768287539482117,404.4146213531494,364.8990261554718,0.9677318334579468
554,24.35740001965314,101.15861512636089,109.23159903787975,58.44531765196211,84.63815421790584,174.57616365408254,171.0941725615,179.46158108073863,176.57391535072276,431.7800989151001,122.8680517077446,0.9999885559082031,440.66930103302,116.52222540974617,0.9999582767486572,427.0738277435303,116.06042158603668,0.9999633431434631,448.0131483078003,118.70199501514435,0.9999216198921204,423.8074245452881,117.65860399603844,0.9999503493309021,467.14503955841064,155.37871325016022,0.9999144077301025,404.0876979827881,150.78594654798508,0.9998664259910583,504.31922912597656,155.74076288938522,0.9969637989997864,355.19551944732666,136.83442103862762,0.9904013872146606,474.3323497772217,105.82766512036324,0.992128849029541,373.4295086860657,90.03793460130692,0.9784243106842041,446.0960874557495,256.8720180988312,0.9998210072517395,409.8971586227417,251.37695503234863,0.9997131824493408,437.2790632247925,336.82799208164215,0.9834364056587219,403.39829301834106,317.6517975330353,0.984728991985321,428.8748378753662,406.9829981327057,0.9755545258522034,401.07619190216064,378.8102796077728,0.9632708430290222
555,20.700099994428456,116.78499224412185,118.75544030796571,74.63099727242826,95.62433266286806,174.61463729210837,172.08335214515122,179.24131032279115,179.3494208217153,431.1749267578125,121.93917322158813,0.9999849796295166,440.05381774902344,115.93179887533188,0.999949038028717,426.4030485153198,115.32982635498047,0.9999533295631409,447.6307773590088,118.02624499797821,0.999912440776825,423.0275950431824,117.3519052863121,0.9999449849128723,467.05077362060547,154.38963323831558,0.9998995661735535,403.8202910423279,150.13934284448624,0.9998380541801453,504.63078689575195,144.14372104406357,0.9970906972885132,355.7888894081116,127.38887858390808,0.9909589290618896,475.0459403991699,94.15752243995667,0.9921019673347473,374.1723394393921,76.10406640172005,0.977910578250885,446.22442054748535,256.4408634901047,0.9998049139976501,409.85727882385254,251.4402905702591,0.9996925592422485,437.54988193511963,336.95845246315,0.9822665452957153,403.9690189361572,326.1549710035324,0.9829978942871094,429.10203647613525,406.6889423131943,0.9747411012649536,399.8752236366272,386.898823261261,0.9607259631156921
556,28.459599998313934,129.14059433442884,126.15833699039175,87.41135937586917,103.21072604460713,175.1132570541625,172.37504051081635,179.16709774180188,178.26265867597363,430.3099546432495,121.48239094018936,0.9999834299087524,439.233021736145,115.67181119322777,0.9999446272850037,425.154239654541,115.14358767867088,0.9999502897262573,446.88984203338623,117.82839623093605,0.9999105334281921,421.5376877784729,117.24150258302689,0.9999456405639648,466.3991508483887,153.93258029222488,0.9998889565467834,402.94940519332886,149.52249801158905,0.9998273849487305,504.24159240722656,133.74035322666168,0.9972336292266846,356.7933397293091,120.31847578287125,0.9916329979896545,474.1396732330322,82.98733305931091,0.992192804813385,375.86086225509644,65.29131111502647,0.9784123301506042,446.3570499420166,256.4972757101059,0.9998002648353577,409.8314504623413,252.16561496257782,0.9996898770332336,437.6571378707886,336.97298288345337,0.9812156558036804,404.6273136138916,330.74336433410645,0.9814984798431396,429.1295328140259,406.3950859308243,0.9737555384635925,398.8183331489563,390.7813230752945,0.9583585858345032
557,15.82060003420338,135.73540303052033,130.00255340585207,95.13635797645529,104.57856181206672,175.5646157363775,172.79086940448005,178.93538378698858,177.21644668396286,430.1635265350342,120.35515797138214,0.9999833106994629,438.9189872741699,114.97165149450302,0.9999443888664246,424.69650650024414,114.50141432881355,0.9999512434005737,446.16356468200684,117.30693933367729,0.9999135136604309,420.800669670105,116.82600378990173,0.9999485611915588,465.7990837097168,153.21268343925476,0.9998818039894104,402.49298620224,149.27974027395248,0.9998241662979126,503.7614679336548,126.42504161596298,0.9973655343055725,357.0119962692261,116.24779990315437,0.9922619462013245,473.6613178253174,74.44066804647446,0.9922946691513062,378.7822976112366,60.72962099313736,0.9790078997612,446.6020402908325,256.5167920589447,0.9998046159744263,409.8214931488037,253.75749373435974,0.9997013807296753,437.95873832702637,337.50348567962646,0.9807103872299194,405.3122959136963,334.49289655685425,0.9808852076530457,429.307147026062,406.4090750217438,0.9727662205696106,398.92743396759033,395.44248247146606,0.9573608636856079
558,14.886900025885552,138.06932767802869,138.82311656617568,97.85583147530501,111.63545730751451,176.05730386693023,173.26455697178645,178.0442928258585,175.0583252127618,429.40495109558105,119.96708178520203,0.9999827742576599,437.45526218414307,114.41119039058685,0.9999431371688843,423.7797260284424,114.31060284376144,0.999951183795929,444.30968475341797,116.65219432115555,0.9999146461486816,419.60996198654175,116.53736126422882,0.9999503493309021,464.6653652191162,152.39262640476227,0.9998691082000732,400.8996391296387,148.82348507642746,0.9998123645782471,503.3397731781006,121.77191668748856,0.9974319338798523,360.0449333190918,109.29304927587509,0.9928073287010193,473.7990016937256,71.65127608180046,0.9922571182250977,382.30652952194214,55.33779513835907,0.9795476794242859,446.808313369751,256.87515211105347,0.9998044371604919,409.8115358352661,255.6922334432602,0.9997075796127319,438.633864402771,337.9706814289093,0.9799531102180481,407.0182819366455,336.96084570884705,0.9800373911857605,429.3537492752075,406.5025540590286,0.9719341397285461,399.3984351158142,399.8340883255005,0.9568251371383667
559,15.44139999896288,138.0118627876567,145.3360181716796,98.98314794785948,116.80378005532305,176.95001129653446,173.1457343716103,177.71695195431968,173.84420004385024,428.5124320983887,119.92522847652435,0.9999809265136719,436.0528984069824,114.08105781674385,0.9999382495880127,422.6859631538391,114.23138356208801,0.9999483823776245,442.1845817565918,116.26782196760178,0.9999110102653503,418.05490255355835,116.49097788333893,0.9999500513076782,463.10358333587646,151.32181990146637,0.999853253364563,399.0357766151428,148.2662861943245,0.9998000264167786,502.87567138671875,118.74149069190025,0.9974384903907776,362.83050441741943,105.57467198371887,0.9932956099510193,473.7125701904297,68.91541874408722,0.9920904040336609,385.07524394989014,52.90400315821171,0.979860246181488,446.9271945953369,257.17880940437317,0.9997943639755249,409.7851514816284,257.18949353694916,0.9997043013572693,438.94067096710205,338.07379043102264,0.9770139455795288,408.0468420982361,338.9400314092636,0.9779176712036133,429.5168571472168,405.80156099796295,0.9687254428863525,399.5329852104187,404.72744953632355,0.9549375772476196
560,15.609299996867776,137.56152082227794,152.98664757581744,98.1526246585816,124.2074293077744,177.87180510810344,172.94046344698694,177.6663971600078,175.44624895184634,426.76034927368164,119.95471668243408,0.99997878074646,434.14281272888184,113.8298667371273,0.9999326467514038,420.79144525527954,114.07059448957443,0.9999443888664246,440.0750970840454,115.89562240242958,0.9999058246612549,416.1452212333679,116.41320452094078,0.9999480247497559,461.6032133102417,149.8979526758194,0.99983811378479,397.640034198761,147.81188291311264,0.9997836351394653,502.84630489349365,115.53679937124252,0.9973974227905273,366.4588837623596,100.26539885997772,0.9936811923980713,473.3140754699707,67.6196756362915,0.9918600916862488,388.23211669921875,47.792322382330894,0.9801275730133057,446.9925489425659,257.0789198875427,0.9997855424880981,409.6053385734558,257.1782965660095,0.9997011423110962,439.0124444961548,337.9664077758789,0.9748632311820984,408.4479146003723,338.45311987400055,0.9763537049293518,429.5150375366211,405.81899750232697,0.966752290725708,402.0867075920105,406.130432844162,0.9543312788009644
561,16.93609997164458,137.44285122637177,158.71776329886572,99.63611901117122,132.02170721540304,178.72516765831315,173.68153093970216,177.68711370567897,176.94856294202904,424.9896659851074,119.9786491394043,0.9999777674674988,432.07462310791016,113.63605657219887,0.9999309778213501,418.8753447532654,114.01147562265396,0.9999428987503052,437.9097099304199,115.83556333184242,0.9999047517776489,414.2248749732971,116.42235013842583,0.9999473690986633,459.91820335388184,149.00777924060822,0.9998311996459961,396.0748405456543,147.98064947128296,0.99977046251297,501.5723752975464,113.30746251344681,0.9973454475402832,370.1996240615845,99.02982878684998,0.9940017461776733,472.94939517974854,65.60029622912407,0.9916664361953735,389.546507358551,46.2120750695467,0.9804912805557251,446.9402856826782,257.13527512550354,0.9997864961624146,408.7720832824707,258.0811769962311,0.9997069239616394,439.0053176879883,338.5111560821533,0.9734103083610535,409.14358711242676,339.931604385376,0.9753235578536987,429.6665201187134,405.966210603714,0.9653788805007935,405.8688440322876,407.0955946445465,0.9538589119911194
562,15.995600027963519,138.66758562054332,163.5296171231145,103.51407013932372,137.74728871425782,178.87221535197295,174.57809300890926,178.05092859696384,177.1544702524278,422.6463613510132,119.9991626739502,0.9999741911888123,429.9176769256592,113.5397498011589,0.999923586845398,416.75511932373047,113.9730697274208,0.9999361634254456,436.07872676849365,115.84143248200417,0.9998965859413147,412.3138542175293,116.43481495976448,0.9999419450759888,458.39316749572754,148.13413059711456,0.9998152256011963,394.1745858192444,147.6395264863968,0.999741792678833,499.4427738189697,110.77918362617493,0.9972363710403442,371.843364238739,95.41602066159248,0.9941673278808594,472.7660188674927,62.23021453619003,0.9913429021835327,389.8129286766052,43.52518667280674,0.9805276989936829,446.16053199768066,257.78583908081055,0.9997842311859131,407.26109886169434,259.34951174259186,0.9997088313102722,438.7383909225464,338.75030970573425,0.9718371629714966,409.0383276939392,340.1726669073105,0.9741508364677429,430.24055671691895,406.1421996355057,0.963607132434845,407.17661333084106,407.41808450222015,0.9532426595687866
563,14.11980000557378,138.78944224100255,165.38764217361842,105.8663900764858,139.94959867695363,178.893405073573,176.06773431030004,178.06689989565925,176.46712636690833,420.66268253326416,119.84511172771454,0.9999706149101257,428.11333084106445,113.4223881661892,0.9999148845672607,414.96570920944214,113.8050368130207,0.9999296069145203,434.65043354034424,115.87568581104279,0.9998871088027954,410.5845923423767,116.37716338038445,0.9999367594718933,455.97081089019775,147.37514406442642,0.9998031854629517,392.3867173194885,146.95304960012436,0.9997313022613525,497.04493141174316,109.0652065873146,0.9971387386322021,371.8498339653015,93.75745153427124,0.9943552613258362,472.4159460067749,61.01735892891884,0.9910758137702942,389.9312033653259,41.06808191537857,0.9805588126182556,444.76655864715576,257.9920001029968,0.999775767326355,405.186363697052,259.3394259214401,0.9997072815895081,438.15186977386475,338.8436747789383,0.9690400958061218,408.8087787628174,340.19691276550293,0.9726629257202148,430.23560333251953,407.15542578697205,0.9608104228973389,407.63697481155396,409.5679883956909,0.9531477689743042
564,15.388400002848357,140.24500153447124,166.4682783181981,109.6016998363374,142.24785675069245,178.2132386800837,177.17501976822805,177.6156823428388,175.86430440937858,418.8174457550049,119.38359993696213,0.999967098236084,426.15088081359863,112.87449872493744,0.9999061226844788,413.13758182525635,113.4089902639389,0.9999232888221741,432.92978954315186,115.72808095812798,0.9998770952224731,408.8063020706177,116.32460457086563,0.9999315738677979,454.2439498901367,147.0420982837677,0.9997909665107727,390.51044607162476,146.95082730054855,0.9997182488441467,494.66761016845703,107.1883036494255,0.997039258480072,371.80199337005615,95.81617704033852,0.9945732951164246,471.9081230163574,58.36169669032097,0.9908976554870605,389.34106826782227,40.71381388604641,0.981031596660614,443.1978015899658,258.661852478981,0.9997648596763611,403.4965772628784,259.8049976825714,0.9997010827064514,437.77515983581543,338.92740988731384,0.9663761854171753,408.7362723350525,339.9793838262558,0.9711334705352783,430.22807216644287,407.8474156856537,0.9585244655609131,408.2486925125122,410.43183612823486,0.9530887007713318
565,14.423699991311878,140.45495166251465,167.87789525729517,112.73876017629523,143.5187453234115,178.4454929741341,177.2207599929623,178.10200429678878,175.7669439007467,417.59555196762085,118.89299169182777,0.9999626874923706,425.0595693588257,112.54838338494301,0.9998952150344849,411.88280868530273,112.85508209466934,0.999914824962616,431.85480403900146,115.67560049891472,0.9998643398284912,407.2937002182007,115.96471312642097,0.9999244213104248,452.21801567077637,146.68285501003265,0.9997790455818176,389.14252853393555,146.54866230487823,0.9996994137763977,492.3234462738037,106.20160976052284,0.9968720078468323,371.5032739639282,95.26990446448326,0.9947099685668945,471.6423587799072,56.34305092692375,0.9905268549919128,389.097695350647,39.463029608130455,0.981263279914856,442.0482120513916,258.6953864097595,0.9997515082359314,402.7562484741211,259.70080602169037,0.9996904134750366,436.9542627334595,338.9184921979904,0.963867723941803,408.4642152786255,339.6984338760376,0.9690226316452026,430.1943082809448,408.72428381443024,0.9571298360824585,408.27730083465576,410.2378122806549,0.9526963829994202
566,15.01019997522235,140.73476820746748,167.40947250579524,114.81756209048312,144.84645181659485,178.03492535713963,177.52049740423567,178.45778125104385,176.61171392659105,417.19556617736816,118.45616737008095,0.9999604821205139,424.6859426498413,112.13681635260582,0.9998894929885864,411.0038104057312,112.50640186667442,0.9999104142189026,431.2412414550781,115.61797028779984,0.9998578429222107,405.947820186615,115.88432571291924,0.9999200105667114,450.698691368103,146.36404049396515,0.9997732639312744,388.2274160385132,146.36310029029846,0.9996917247772217,490.3312759399414,105.95653000473976,0.9967461824417114,371.11938667297363,97.46617749333382,0.9948272109031677,471.59782886505127,56.47693023085594,0.9903044700622559,387.28225469589233,40.611719876527786,0.9816580414772034,440.51529121398926,258.6937909126282,0.9997448921203613,401.5108766555786,259.5529091358185,0.9996892809867859,436.0272216796875,338.59375154972076,0.9627965092658997,407.3640332221985,338.99456322193146,0.9682902097702026,430.18612003326416,408.7822060585022,0.9566830992698669,408.3857445716858,409.897287607193,0.9536064267158508
567,15.153599961195141,140.05126984330252,168.08328223302337,115.3823243653834,146.7675806373514,177.4235792436214,177.61130931006414,178.6248721468398,178.16588368594645,416.1024098396301,118.42566773295403,0.9999593496322632,423.64937114715576,112.14935240149498,0.9998869299888611,410.13219165802,112.50133046507835,0.9999077320098877,430.2295379638672,115.62584093213081,0.9998552799224854,405.13488388061523,115.88740986585617,0.9999169111251831,449.5782661437988,146.33591985702515,0.9997734427452087,386.8748388290405,146.45073866844177,0.9996874928474426,489.3113842010498,106.96158635616302,0.9966803193092346,370.61767959594727,97.79736423492432,0.9949156045913696,471.4408369064331,56.09591981768608,0.9902210235595703,385.26099586486816,42.20083858072758,0.9820570349693298,439.01133251190186,260.0039789676666,0.9997472763061523,399.97585821151733,260.37704038619995,0.9996957182884216,435.21607971191406,339.45922327041626,0.9629225730895996,405.8303289413452,340.65111660957336,0.9684460759162903,430.1792964935303,409.5572472810745,0.9569647908210754,408.65853452682495,409.9471184015274,0.9548388719558716
568,13.726599980145693,138.05953841424693,165.80385625982476,113.29561298394576,143.72162091303585,176.03563970693037,177.80929756999674,178.02777539377772,178.8937015421154,414.30746507644653,118.18275329470634,0.999958872795105,422.1133670806885,112.01361405849457,0.9998862743377686,408.497220993042,112.4002728164196,0.9999063611030579,428.9747648239136,115.63676011562347,0.9998541474342346,403.6242027282715,115.89305108785629,0.9999154210090637,448.7956819534302,146.53081268072128,0.9997760653495789,385.0985198020935,146.70851117372513,0.9996881484985352,489.40787410736084,109.61962047219276,0.9966073632240295,367.5732436180115,99.18630146980286,0.9951189756393433,471.7604818344116,58.28387703001499,0.9902332425117493,383.54437017440796,43.61787508428097,0.9828430414199829,437.1159553527832,261.65970611572266,0.9997540712356567,397.2852101325989,261.7519600391388,0.9997052550315857,434.5944299697876,340.64761221408844,0.962912380695343,402.698703289032,342.06555330753326,0.9687020778656006,430.0173006057739,409.54773128032684,0.9565730690956116,408.5523147583008,409.4814041852951,0.9551913142204285
569,16.28999999957159,137.75452472651293,162.20009520616975,113.85365452256882,138.0045282551327,174.61938964232314,179.26211817975388,178.79554057804148,176.58796086161635,411.8037061691284,118.03323954343796,0.9999580979347229,419.8827266693115,111.85752600431442,0.9998852610588074,406.53216791152954,112.37641870975494,0.9999040365219116,427.43532371520996,115.64627611637115,0.9998525381088257,402.00848960876465,115.92073011398315,0.9999130964279175,447.05401134490967,146.6228386759758,0.9997830390930176,382.9308834075928,146.9708279967308,0.9996963739395142,488.2253293991089,110.37433335185051,0.9965142011642456,363.2515926361084,100.31626957654953,0.9952640533447266,472.6809015274048,61.097810447216034,0.9900714755058289,382.1377606391907,45.85325916111469,0.9833728075027466,434.08094596862793,262.4110713005066,0.9997649192810059,393.1701354980469,262.36978781223297,0.9997196793556213,432.6971321105957,340.73223054409027,0.9631593227386475,399.22900915145874,342.34077656269073,0.968707263469696,430.0137119293213,410.057435631752,0.956506073474884,408.49294996261597,410.4582188129425,0.9553499817848206
570,15.106200007721782,128.05714693513272,156.7205338012899,106.68176911241062,128.31056417272703,174.52388737607376,178.71300340411665,178.82936217745836,175.63857331767102,410.0786142349243,118.01380866765976,0.9999561905860901,417.97956562042236,111.81852892041206,0.9998810291290283,404.72377824783325,112.36648246645927,0.9998981952667236,426.1011447906494,115.66339209675789,0.9998453259468079,400.2811231613159,115.92233273386955,0.9999068379402161,446.22194385528564,147.28586745262146,0.9997867941856384,381.57080030441284,147.80166888237,0.9996994137763977,488.66132831573486,120.99147641658783,0.9964727163314819,358.0573625564575,104.9239299595356,0.9954838156700134,473.30755519866943,64.08612671494484,0.9900535941123962,381.17895221710205,50.31992816925049,0.9839751720428467,433.38201332092285,264.04027330875397,0.9997745156288147,392.75443029403687,264.80069863796234,0.9997318387031555,432.31122303009033,340.75328540802,0.9626005291938782,398.4476885795593,342.82840037345886,0.9682629704475403,430.02649974823,407.1647708415985,0.9543965458869934,408.4374771118164,409.39667189121246,0.9539230465888977
571,20.583000034093857,112.60892069959552,146.5927817322897,91.41613154329549,115.0044422427161,174.59848385899184,177.92704184284497,178.44245874461478,176.13002256572247,408.5739731788635,119.53689587116241,0.9999564290046692,416.51364183425903,112.64374282956123,0.999880850315094,402.8163208961487,113.38221582770348,0.9998974204063416,424.7178363800049,116.31973260641098,0.999844491481781,398.3283019065857,116.7483871281147,0.9999051690101624,445.14301586151123,148.21429008245468,0.9997868537902832,379.6576313972473,149.4992066025734,0.9997018575668335,488.9568634033203,135.09380489587784,0.9964815974235535,353.22240447998047,117.87008571624756,0.9956644773483276,473.77367877960205,79.42057073116302,0.9898852109909058,380.37420415878296,59.92588931322098,0.9839876294136047,433.11877632141113,263.8190120458603,0.9997715950012207,392.75925731658936,264.8263975381851,0.999733567237854,432.39912033081055,340.66402304172516,0.9610545039176941,398.7579321861267,342.63907754421234,0.9673705697059631,430.0316047668457,405.41168987751007,0.9517843127250671,408.3951964378357,408.8760554790497,0.953474223613739
572,15.974600042682141,96.22709343182777,126.34909423156307,75.20101358816042,92.3086719356853,174.3185004620627,177.96126812924777,178.6628421731435,176.7989724087639,407.5562801361084,121.21514517068863,0.9999552369117737,415.64717864990234,113.90360862016678,0.9998778700828552,401.40281200408936,115.01437377929688,0.9998934864997864,423.6430277824402,116.84014958143234,0.9998425245285034,396.69421577453613,118.00152903795242,0.9998999238014221,444.48421573638916,149.20787167549133,0.9997817873954773,377.9622850418091,150.4392250776291,0.9996926784515381,489.2097387313843,148.99223738908768,0.9963772296905518,348.6539182662964,133.9826978445053,0.9955770373344421,474.04975414276123,92.71007889509201,0.9891756176948547,379.4368772506714,73.58170652389526,0.982427716255188,432.52800941467285,263.9098699092865,0.9997537732124329,392.17864990234375,265.63936030864716,0.9997186660766602,432.1673221588135,340.632227063179,0.9576205611228943,398.96124839782715,343.2220323085785,0.9645541906356812,430.55241775512695,398.2121230363846,0.9451939463615417,408.36239290237427,408.4827654361725,0.949969470500946
573,14.1478999867104,82.81245547066494,102.14311921071365,61.621550562327684,64.5185186257644,174.64113925752767,177.6657029313045,179.33378199847948,177.04530353270718,406.2409543991089,121.27873712778091,0.9999560713768005,413.8617615699768,114.06788784265518,0.9998788237571716,399.4313144683838,114.98446533083916,0.9998942613601685,422.2993211746216,117.10034382343292,0.9998442530632019,394.7670965194702,118.03274807333946,0.9998983144760132,443.2025022506714,150.88711816072464,0.9997684955596924,376.75264835357666,152.69209551811218,0.9996727108955383,489.2517919540405,161.38292509317398,0.9962412118911743,344.0831575393677,150.08664870262146,0.9954230785369873,474.34185218811035,107.7598192691803,0.9884353280067444,378.357949256897,90.81958574056625,0.9807015061378479,431.9634246826172,264.44507372379303,0.9997336864471436,391.9584264755249,266.9074956178665,0.9997011423110962,431.57478618621826,340.3335556983948,0.9538446664810181,398.99991512298584,343.5535823106766,0.9614326357841492,431.92167472839355,393.64643704891205,0.9375275373458862,408.3459153175354,408.3803972005844,0.9455737471580505
574,14.84720001462847,70.16889024235623,80.95683968344574,49.52903354750358,41.66082389243285,173.82069163119982,178.8453672235782,177.8487658140554,177.10433716152937,405.30408239364624,122.62790089845657,0.999957799911499,412.69498682022095,115.02442398667336,0.9998800754547119,398.06875467300415,115.37378799915314,0.9998975396156311,420.83751678466797,117.57507544755936,0.9998458027839661,392.9676785469055,118.02091005444527,0.9999004602432251,442.15663051605225,151.85890412330627,0.999765157699585,376.3210973739624,152.69705295562744,0.9996849298477173,486.2429141998291,173.2215138077736,0.9961357116699219,344.48397731781006,161.78567415475845,0.9954765439033508,474.4042749404907,127.83017599582672,0.9882585406303406,376.01841020584106,112.1079905629158,0.9811521768569946,430.2887763977051,264.35786271095276,0.9997157454490662,390.0903434753418,266.65631878376007,0.9996909499168396,430.4889841079712,337.2929085493088,0.9530665874481201,397.77380084991455,343.16450893878937,0.9620040655136108,432.54014015197754,388.1737394332886,0.9328554272651672,407.66285371780396,408.3185716867447,0.9454131722450256
575,14.765500032808632,58.77074144886579,55.122541968234216,37.89190224847731,9.177150384811252,174.49309145364433,178.48842600748043,175.33443227481348,177.79192994757312,405.2001624107361,122.67080837488174,0.999958872795105,411.90267276763916,115.03955271840096,0.9998798370361328,397.63927602767944,115.61034893989563,0.9998995661735535,419.2654490470886,117.48383295536041,0.9998461008071899,391.82711124420166,118.27977946400642,0.9999004602432251,441.3392210006714,153.21261221170425,0.9997813701629639,375.6822876930237,153.1621973514557,0.9997086524963379,482.1089105606079,184.1286171078682,0.9960008263587952,346.93782329559326,179.0501354932785,0.9956468343734741,473.17664432525635,150.6404286623001,0.9882254600524902,375.32829761505127,143.75957661867142,0.9824710488319397,430.06804752349854,261.4666224718094,0.9997299313545227,389.73327016830444,265.49889957904816,0.9997072219848633,429.5463752746582,329.83336114883423,0.9558829069137573,397.17125701904297,341.1139817237854,0.9642155766487122,433.3706912994385,381.5598340034485,0.9344019889831543,406.3682007789612,408.02764987945557,0.9482972025871277
576,14.072999998461455,48.31638886545566,43.420872895319604,31.287142100175206,10.596801679325795,174.53413584974248,178.5210867909295,175.45935235353963,178.1483753135946,405.28795862197876,123.03151893615723,0.9999538660049438,411.64673948287964,115.38930848240852,0.9998628497123718,397.5850920677185,116.39853164553642,0.9998903274536133,418.6561574935913,117.61540448665619,0.9998114705085754,392.08673429489136,118.8759683072567,0.9998810887336731,441.07133388519287,155.64463418722153,0.9997845888137817,375.2822766304016,157.35576212406158,0.9997180104255676,476.250168800354,194.3151255249977,0.9948244690895081,347.36535596847534,195.55683541297913,0.9953612089157104,471.5581512451172,170.19001227617264,0.9860877394676208,373.9948515892029,170.51131975650787,0.983002781867981,429.9695358276367,260.8584531545639,0.9997329711914062,389.0368900299072,265.295986533165,0.9997057318687439,429.39236545562744,320.1739366054535,0.9588814973831177,396.5427837371826,339.40833830833435,0.9658129215240479,433.3504228591919,377.0170547962189,0.9375262260437012,405.7286329269409,407.93679201602936,0.9508663415908813
577,16.781499958597124,40.65401376824708,34.52350456041372,45.14743500021926,32.89033906021689,175.5427906010676,177.5893325177562,174.8316376883523,178.44959230918232,405.2573285102844,123.21842002868652,0.9999504685401917,411.5656657218933,115.78628098964691,0.9998558163642883,397.5416235923767,116.90245944261551,0.9998852014541626,417.9166626930237,118.29644671082497,0.9997903108596802,391.9012098312378,119.69871062040329,0.9998645186424255,439.4595127105713,159.37207162380219,0.999791145324707,373.87311458587646,161.4327416419983,0.9997259378433228,467.5988302230835,199.05234169960022,0.9933245778083801,352.3524284362793,205.09175419807434,0.995083749294281,469.78948974609375,186.37640190124512,0.9838337898254395,374.5140724182129,191.84417057037354,0.9837750792503357,430.0249328613281,260.85033321380615,0.9997468590736389,389.0145239830017,265.43180322647095,0.999720573425293,429.20171070098877,316.051713347435,0.9617984294891357,396.5889058113098,339.06787061691284,0.9676064252853394,433.28830337524414,370.2249950170517,0.9392992258071899,405.53198862075806,407.7069264650345,0.9534337520599365
578,14.332399994600564,32.25956327622891,30.99283835412589,17.624022228720914,72.05162702543475,176.29293935244957,176.87136989162158,173.2550530553635,178.61414725313622,405.5918335914612,123.24604207277298,0.9999432563781738,411.9736375808716,116.13517490029335,0.9998407363891602,397.94299936294556,117.13471111655235,0.9998729825019836,417.7930302619934,118.6873933672905,0.9997565746307373,392.3235111236572,120.05840975046158,0.9998417496681213,438.7258052825928,161.44185876846313,0.9997932314872742,373.2255859375,161.80208498239517,0.9997385144233704,462.12291431427,206.83158683776855,0.9918919801712036,355.2745461463928,205.88923209905624,0.9943862557411194,460.32210636138916,196.2360755801201,0.9823493957519531,375.4422507286072,207.37251734733582,0.984034538269043,430.1278419494629,259.91993045806885,0.9997521638870239,389.32863426208496,265.3661884069443,0.9997349977493286,428.7859802246094,319.8488255739212,0.9640594124794006,396.7538080215454,339.63296151161194,0.9699388742446899,433.0023717880249,363.94215524196625,0.9361873269081116,405.36559534072876,408.8188170194626,0.956572413444519
579,15.306900022551417,25.79390414395913,28.253132631056875,110.3589090291116,97.49716748312576,172.00038019461982,176.15448909634605,175.84167776968184,178.50859072261684,405.5231432914734,123.46443998813629,0.9999242424964905,411.91033029556274,116.5781888961792,0.9998058676719666,397.8463830947876,117.33737486600876,0.9998360872268677,417.29829835891724,119.28429448604584,0.9996970891952515,392.26111364364624,120.39293706417084,0.9997708201408386,438.58099460601807,163.0978280901909,0.9997965693473816,372.3405222892761,163.9073007106781,0.999744176864624,457.1588649749756,212.03648310899734,0.9903814792633057,356.29256772994995,211.48751813173294,0.9917299747467041,453.46156787872314,215.26712262630463,0.9794787168502808,377.35749197006226,221.82330524921417,0.9809684157371521,430.09756565093994,259.9399026632309,0.9997504353523254,389.5435252189636,265.45798647403717,0.9997478127479553,433.28810119628906,320.9564424753189,0.9650417566299438,397.14328050613403,340.6771289110184,0.9718973636627197,432.50743770599365,359.3425934314728,0.9276029467582703,406.056921005249,410.6396781206131,0.9593658447265625
580,14.988399983849376,20.918795278214702,27.262921160018553,136.81852640915506,106.90981924887906,173.36653795047042,175.58447712813003,177.45859350315368,178.60046095117545,405.58374643325806,123.94341677427292,0.9999090433120728,412.0703043937683,117.37065237760544,0.999773383140564,397.9896774291992,117.78746888041496,0.9997991919517517,417.1399164199829,120.19713252782822,0.9996235370635986,392.48373794555664,120.90973567962646,0.9996882677078247,438.7608833312988,165.1899094581604,0.999800980091095,372.31509828567505,165.83689779043198,0.9997535347938538,453.7821226119995,218.70980656147003,0.9894042015075684,357.1718945503235,214.80039697885513,0.9900599718093872,448.995080947876,227.90412944555283,0.9781038761138916,379.05453157424927,229.61347669363022,0.9788177013397217,430.1050968170166,259.550173997879,0.9997363686561584,389.98854637145996,265.28253877162933,0.9997529983520508,431.60182762145996,321.13066506385803,0.9656258225440979,397.45675897598267,340.61188447475433,0.9736126065254211,430.81252098083496,360.4816644191742,0.9210705757141113,406.21593475341797,411.32323467731476,0.9619582295417786
581,15.74950001668185,20.129926633939437,27.408314065340697,158.30977037522126,109.9884630762955,170.92235311463656,174.65505145365753,170.2543012963266,178.18839930617625,405.5921115875244,124.45364820957184,0.9999048113822937,412.09908962249756,118.04831129312515,0.999764084815979,398.05581521987915,118.46527737379074,0.9997905492782593,416.94461154937744,121.13552701473236,0.9995916485786438,392.5663785934448,122.00071382522583,0.9996515512466431,438.9566431045532,166.34967917203903,0.9998106360435486,372.72516775131226,167.58274203538895,0.9997653365135193,451.2383575439453,213.51801615953445,0.9884334206581116,357.959659576416,216.17504596710205,0.9897275567054749,448.8494110107422,232.70965284109116,0.9764019846916199,379.8067889213562,232.5727677345276,0.9783895611763,430.0797233581543,257.948579788208,0.9997508525848389,390.5927834510803,263.9303834438324,0.9997681379318237,433.25211334228516,309.19497895240784,0.9675279855728149,397.5147337913513,340.5652446746826,0.9750314354896545,428.5656051635742,352.3115794658661,0.9230505228042603,406.21649074554443,411.7149292230606,0.9644215106964111
582,22.18079997692257,19.2983677190105,27.2675846745605,165.32176483695005,111.90683826135127,168.63578900951546,174.50998132339572,169.50437588349305,178.19795292058433,405.56203746795654,124.5310155749321,0.9999052882194519,412.1253981590271,118.11946761608124,0.9997677206993103,398.1104793548584,118.55591443181038,0.9997934699058533,416.9130210876465,121.27840948104858,0.9995858669281006,392.60977125167847,122.26137816905975,0.9996428489685059,439.15204906463623,166.11666536331177,0.9998217225074768,372.8298964500427,167.85221010446548,0.9997796416282654,449.6896162033081,209.83868581056595,0.9866536259651184,358.2404103279114,216.6057589650154,0.9897348284721375,449.184118270874,235.51977914571762,0.9736068248748779,380.6851806640625,234.5017949938774,0.9785463213920593,430.0484867095947,256.55941462516785,0.9997686147689819,390.6057229042053,262.76515769958496,0.9997850060462952,432.54726696014404,281.9689030647278,0.9695263504981995,397.5307059288025,340.087250828743,0.9763444066047668,427.11931800842285,345.55453515052795,0.9266027212142944,406.28247690200806,412.1988776922226,0.9669281244277954
583,21.622000029310584,17.722796930791134,26.767252195937402,169.34957579055282,110.93854235611582,167.94069076462455,174.38320003839078,166.88331355084554,178.18567235815135,405.61695432662964,124.49550151824951,0.9999075531959534,412.1996989250183,118.0466588139534,0.9997760057449341,398.1778049468994,118.49644654989243,0.9997993111610413,416.970591545105,121.23275262117386,0.9995906352996826,392.65389680862427,122.23244553804398,0.9996411800384521,439.252329826355,165.8426387310028,0.9998311996459961,372.9035906791687,167.90986168384552,0.9997909665107727,448.4688596725464,210.17559212446213,0.9845572113990784,358.7748956680298,216.88998538255692,0.9896447062492371,448.9220943450928,233.91621905565262,0.9708234071731567,381.42861795425415,233.97887080907822,0.9786741137504578,429.8079442977905,256.0229572057724,0.9997844696044922,390.7037544250488,262.3255697488785,0.9998003244400024,432.5281105041504,281.55783462524414,0.9711601138114929,397.5102605819702,339.1995276212692,0.977516770362854,425.1258840560913,341.5322014093399,0.9286395311355591,406.3080778121948,412.17665469646454,0.9691050052642822
584,23.413200047798455,18.902978370836234,26.82443110340443,162.85891674654346,103.82395537666808,165.58994755906045,174.38688182337194,164.7257766439401,178.11006566019586,405.6470537185669,124.22017854452133,0.9999110698699951,412.2549695968628,117.95030218362808,0.9997862577438354,398.2166233062744,118.39175629615784,0.9998077750205994,416.9773898124695,121.17582756280899,0.9996020197868347,392.6838445663452,122.16278499364853,0.9996510744094849,439.069863319397,165.72321861982346,0.9998405575752258,372.72251415252686,167.6729446053505,0.9998020529747009,450.1734809875488,214.4358543753624,0.9824720621109009,358.72801542282104,216.34129106998444,0.9898044466972351,448.8594694137573,231.91000962257385,0.9678418636322021,385.7323508262634,231.84844052791595,0.9788881540298462,429.4689407348633,256.124271273613,0.9997977018356323,390.7577109336853,262.3789904117584,0.9998119473457336,432.45537662506104,276.4767745733261,0.9728964567184448,397.703088760376,339.15881395339966,0.9786133766174316,424.4999885559082,341.96290016174316,0.9319238066673279,406.803466796875,412.65236926078796,0.9710725545883179
585,22.026399965398014,15.799222836497595,28.784509403331757,178.34877288898522,89.95142512868657,167.31017638282248,174.94230734055253,166.87580809085088,178.7666271450758,405.57497692108154,123.79658830165863,0.9999129772186279,412.2312388420105,117.62353867292404,0.9997929930686951,398.23282289505005,118.03951469063759,0.9998130202293396,416.9863615036011,121.13173770904541,0.9996082186698914,392.65341663360596,122.04594331979752,0.999656081199646,439.12495708465576,165.56533563137054,0.9998483061790466,372.65137243270874,167.08659940958023,0.9998126029968262,447.3844223022461,214.51061481237411,0.9796895384788513,357.18973684310913,214.65047723054886,0.9897105097770691,449.9960689544678,227.66473364830017,0.9643076658248901,385.59977197647095,223.85913109779358,0.978644847869873,429.26377964019775,256.03227376937866,0.9998066425323486,390.79736328125,262.422097325325,0.9998194575309753,431.8523778915405,278.86204278469086,0.9741243124008179,398.48693656921387,339.2043426036835,0.9793055653572083,424.2928056716919,343.65050876140594,0.9339839220046997,407.4782643318176,412.93972969055176,0.9725478887557983
586,27.3771999636665,17.192177073184077,32.22110447459211,178.80227369673707,79.11364822281706,170.2806655742897,175.08818023704782,170.85655061906127,178.9735923804301,405.1564664840698,123.4936575293541,0.9999136328697205,412.0360097885132,117.23269173502922,0.9997960329055786,397.9593758583069,117.67013573646545,0.9998156428337097,416.92732524871826,120.81221091747284,0.9996116757392883,392.5465397834778,121.68463444709778,0.9996572136878967,439.12733268737793,165.31685119867325,0.9998548626899719,372.6848077774048,166.7858482003212,0.9998216032981873,448.0600538253784,211.20645421743393,0.9779430627822876,355.2227883338928,211.13566827774048,0.9896864295005798,450.8395595550537,224.04808354377747,0.9620726704597473,385.51950693130493,216.80821615457535,0.9784323573112488,429.29349994659424,256.1797717809677,0.9998142719268799,390.8107829093933,262.4414712190628,0.9998272657394409,430.7444877624512,279.61842238903046,0.9750975370407104,398.63296031951904,339.2087872028351,0.9800858497619629,424.1972255706787,346.38020491600037,0.9334815740585327,407.4892325401306,412.99269449710846,0.9738031029701233
587,15.78960003098473,21.248702213100042,35.31980188880102,161.70798585248997,65.13540833976198,171.7948160301342,175.26960117209745,168.46888840469046,179.18006562435917,404.9458718299866,123.24662613868713,0.999912679195404,411.9167242050171,116.78892984986305,0.9997934699058533,397.75653982162476,117.29361265897751,0.9998156428337097,416.9131727218628,120.52930933237076,0.9996159672737122,392.3137559890747,121.46254694461823,0.9996609091758728,439.109338760376,165.17630499601364,0.9998555779457092,372.5061068534851,166.53917294740677,0.9998266696929932,452.35923767089844,213.86191701889038,0.9772065281867981,352.7707872390747,209.5993327498436,0.9894713163375854,451.9678192138672,221.16581797599792,0.9609036445617676,384.27097606658936,209.4664648771286,0.9783722162246704,429.4250679016113,256.9423054456711,0.9998077750205994,390.83709144592285,263.58210921287537,0.9998257756233215,431.3123073577881,306.4985033273697,0.9755710363388062,398.7817134857178,339.5978605747223,0.9809131622314453,424.35942363739014,348.7253007888794,0.9291526675224304,407.500883102417,412.8667356967926,0.9746760725975037
588,14.98199999332428,30.717905198995485,38.72634049193896,35.607517776781705,13.855507529012083,172.42484044723062,175.49116537906033,168.9153202358824,179.65277049365287,404.90197372436523,122.86332219839096,0.9999114274978638,411.84891843795776,116.23850470781326,0.9997892379760742,397.7136778831482,116.84970119595528,0.9998143315315247,416.819917678833,120.17355620861053,0.9996248483657837,392.22280073165894,121.17229467630386,0.9996646642684937,438.74526500701904,164.8247685432434,0.9998526573181152,372.34229135513306,166.3708480000496,0.9998226761817932,460.7488555908203,211.92125117778778,0.9769696593284607,351.35730361938477,205.8562679886818,0.9896279573440552,462.3868589401245,203.13935005664825,0.9605942368507385,372.2652864456177,182.50843250751495,0.9793350100517273,429.51180267333984,257.7289994955063,0.9997957944869995,390.85437774658203,263.9938899278641,0.9998160600662231,431.3897924423218,314.3596886396408,0.9758862853050232,399.2539277076721,340.95557165145874,0.9815888404846191,425.09843826293945,353.2667979001999,0.9255158305168152,407.53411626815796,412.78482401371,0.975135087966919
589,15.672499954234809,37.85053103757306,53.025481141653614,42.460328711901376,4.895655658963328,172.74582830918666,176.09360990461244,170.62424342504522,179.9953185892945,405.0086736679077,122.15418070554733,0.9999167323112488,411.85672760009766,115.06298658251762,0.9997993111610413,397.7317728996277,115.9639438688755,0.9998255968093872,416.7977032661438,118.97925537824631,0.9996489882469177,392.1861810684204,120.47212785482407,0.999688446521759,438.49390602111816,163.732237637043,0.9998528361320496,372.6640338897705,163.14466732740402,0.9998275637626648,467.2819652557373,209.06204909086227,0.9770218133926392,345.4507465362549,192.60738801956177,0.99009770154953,470.79083156585693,189.2462453842163,0.9600539803504944,369.79587268829346,170.3950051665306,0.9798195362091064,429.5555238723755,257.73503959178925,0.9997941255569458,390.9718437194824,263.90283262729645,0.9998132586479187,431.34849739074707,314.0848927497864,0.9766567349433899,399.6465845108032,341.33834850788116,0.9822994470596313,425.4520492553711,358.5531642436981,0.9262918829917908,407.6525173187256,412.7509766817093,0.9760796427726746
590,15.25900000706315,45.438557951654325,71.13002293604914,49.94579484580085,21.269957142938342,175.0510715136146,176.54300493314778,176.0067910193453,179.85732959246238,405.0289421081543,121.41248822212219,0.9999237060546875,411.8632731437683,114.41135421395302,0.9998133778572083,397.73399686813354,115.03663951158524,0.9998396635055542,416.8145852088928,118.39328768849373,0.9996778964996338,392.0060648918152,119.58876377344131,0.9997156858444214,438.52216053009033,162.6527413725853,0.9998565316200256,372.75584840774536,158.50385051965714,0.9998390674591064,473.3390951156616,204.04621922969818,0.9784250259399414,340.44755029678345,176.22731643915176,0.9908419847488403,478.32240200042725,175.4279581308365,0.9623075127601624,365.26923751831055,146.6271550655365,0.9810535311698914,429.60920238494873,257.460272192955,0.9997859001159668,391.02552223205566,263.42204666137695,0.999811053276062,429.19397735595703,313.8720078468323,0.9767727255821228,399.8798484802246,342.0995715856552,0.9830489158630371,425.56809997558594,360.83446872234344,0.9247756600379944,407.6499648094177,412.7250783443451,0.9768030643463135
591,17.797600012272596,55.59301340230555,88.086211718653,57.66411513167378,44.92101114608109,175.11504592970718,177.63418453848553,177.6394102931204,179.98562003168718,405.3532118797302,121.25416362285614,0.9999301433563232,411.97068071365356,114.33836022019386,0.9998254179954529,398.17310428619385,114.68087926506996,0.9998527765274048,417.0763816833496,118.3362700343132,0.9997050762176514,392.17450523376465,118.33650508522987,0.9997413754463196,439.9067325592041,161.71896243095398,0.9998540282249451,374.97898292541504,156.2504387497902,0.9998499751091003,480.6034860610962,196.42266327142715,0.9801328182220459,337.3722314834595,163.24653697013855,0.9915045499801636,487.1060161590576,150.84545004367828,0.9650833606719971,366.4347233772278,121.02439779043198,0.9820097088813782,429.7646780014038,257.43425989151,0.9997526407241821,391.23225021362305,263.4083424806595,0.9997999668121338,428.34593772888184,327.2851243019104,0.9756690859794617,399.9342851638794,342.7530131340027,0.9837421178817749,425.7570867538452,369.3215162754059,0.9182514548301697,407.46593141555786,411.58555150032043,0.9772614240646362
592,17.7972000092268,68.32196436349281,100.90585711514989,63.84874956017271,61.387782257345584,174.87236402273038,178.63806476415948,177.65850416372794,179.77321737977155,405.7771306037903,120.50090378522873,0.9999367594718933,412.2484745979309,113.86779540777206,0.9998409748077393,398.96554470062256,113.89149281382561,0.9998664855957031,417.6976523399353,118.08913892507553,0.9997329711914062,392.986430644989,116.94665613770485,0.9997663497924805,441.08745765686035,159.5431032180786,0.9998593330383301,376.9423174858093,154.29736506938934,0.9998608231544495,487.2341470718384,184.1686897277832,0.9818456172943115,338.99335289001465,152.19109517335892,0.9921587705612183,488.88781929016113,135.21628779172897,0.9678959250450134,368.3947219848633,104.75126013159752,0.9829835295677185,430.0961503982544,257.4094442129135,0.9997566938400269,391.6893262863159,262.953711271286,0.9998041987419128,428.3559455871582,335.26990365982056,0.9750459790229797,400.6276578903198,343.0557872056961,0.9840881824493408,429.2653970718384,384.37013125419617,0.9178570508956909,407.8087763786316,409.8065152168274,0.9771880507469177
593,24.988099990878254,81.27679957396585,119.40580094397971,73.19630919961926,80.7528559014609,174.40423546182802,179.24874895632374,174.32798791123548,179.75793769724402,405.8160753250122,118.98962610960007,0.9999424815177917,412.30730867385864,112.45961248874664,0.9998546838760376,399.2573142051697,112.70756271481514,0.9998780488967896,417.84223556518555,117.14807340502739,0.9997578859329224,393.62155055999756,115.93348696827888,0.999788224697113,442.71767711639404,157.33772730827332,0.9998570084571838,378.8766140937805,153.30995178222656,0.9998617768287659,492.1517457962036,171.29100501537323,0.9833467602729797,340.43989276885986,137.38183325529099,0.9926121234893799,491.21323108673096,119.66252702474594,0.970081627368927,369.4961929321289,90.4387035369873,0.9822604060173035,430.36080265045166,257.41220784187317,0.9997608661651611,392.12110471725464,262.80846405029297,0.9998047351837158,428.32966232299805,338.0266377925873,0.9726767539978027,400.7852563858032,343.2760512828827,0.9832421541213989,432.41104888916016,393.2258810997009,0.9171643257141113,408.2296118736267,409.7742063999176,0.9759048819541931
594,21.18119999067858,90.28577603451973,132.0145016721169,78.97407892879035,94.31963178932189,174.2483234058299,179.46797058073523,171.68302358214345,179.548815576808,405.85696601867676,117.20366650819778,0.9999473094940186,412.4737272262573,110.7330068051815,0.9998664259910583,399.3178162574768,111.40913432836533,0.9998874068260193,418.1346368789673,115.58418706059456,0.9997795820236206,394.00114154815674,114.91372212767601,0.9998070597648621,444.0750560760498,155.32901066541672,0.9998534321784973,380.16853761672974,152.1044682264328,0.9998579025268555,495.5403661727905,161.76856529712677,0.9846404790878296,344.1189684867859,126.32382726669312,0.9930945038795471,492.00865364074707,109.88212248682976,0.972029983997345,375.7930817604065,74.12774404883385,0.9822878837585449,430.78133487701416,257.43665313720703,0.9997616410255432,392.63155603408813,262.44514656066895,0.9998011589050293,428.3874349594116,339.73661184310913,0.9705260396003723,401.0217299461365,343.46594393253326,0.9828381538391113,434.83952140808105,395.070161819458,0.9175541996955872,408.41349363327026,409.7469689846039,0.9753256440162659
595,16.11110003432259,101.6254031950496,142.92860950052545,87.7462225618672,105.93296414344597,173.72468486246848,179.62962313988635,169.96912185280473,179.35433085453244,406.27350521087646,116.5678680241108,0.9999514222145081,413.27147483825684,110.1332423388958,0.999876856803894,400.1190514564514,110.5762634575367,0.9998955130577087,419.07861042022705,114.54742020368576,0.9997987151145935,395.52963972091675,113.8822546005249,0.999824047088623,445.63471508026123,154.25870275497437,0.9998544454574585,381.22820806503296,151.58980643749237,0.9998559355735779,496.37738704681396,151.08362072706223,0.9858649373054504,348.9221086502075,117.07602673768997,0.9935654997825623,490.70879459381104,95.60708144307137,0.9739262461662292,381.0991168022156,63.43834775686264,0.9827367663383484,431.0451784133911,257.48104214668274,0.9997702240943909,392.940712928772,262.3520094156265,0.9998055100440979,428.43550300598145,341.948255777359,0.969696044921875,401.07318449020386,344.3223270177841,0.9828738570213318,436.83583641052246,399.80437219142914,0.9193005561828613,408.32440853118896,409.88161754608154,0.9749950170516968
596,14.958099985960871,110.11261769385194,150.4584730284863,93.21469344278313,114.255797545312,173.3583731813989,179.9976724564472,169.74184794632356,179.30957803837836,407.04110288619995,116.14972668886185,0.999954879283905,414.5944833755493,109.70503655076027,0.999885618686676,400.96918869018555,109.98481836915016,0.9999024271965027,420.48668575286865,113.48851582407951,0.9998149871826172,396.79454708099365,112.87596601247787,0.9998389482498169,446.9748582839966,152.55566626787186,0.9998522996902466,382.5621848106384,150.58330416679382,0.9998526573181152,496.7912473678589,142.34355866909027,0.9869636297225952,353.23683500289917,108.74533078074455,0.9939340353012085,488.395058631897,85.27900826931,0.9755640625953674,383.76287508010864,57.36746336519718,0.9828687310218811,431.2414436340332,257.4824951887131,0.9997748732566833,393.28009557724,262.1766186952591,0.999805748462677,428.4715414047241,341.5940269231796,0.9693859815597534,401.16110706329346,344.26759576797485,0.9824808835983276,437.70298194885254,404.32125306129456,0.9229031205177307,408.28359365463257,410.1072664260864,0.9745526313781738
597,16.630600031930953,119.06678144355641,154.92946946224473,97.01510786566374,119.86664169053584,173.2087220776193,179.94388639881342,169.80559272140403,178.7289366527564,409.5005593299866,116.07990944385529,0.9999557733535767,416.6751322746277,109.87684452533722,0.9998874664306641,403.03073167800903,109.95981749892235,0.9999034404754639,422.65904808044434,113.5505051612854,0.999823272228241,398.5759963989258,112.72418722510338,0.9998485445976257,448.4728527069092,151.13788187503815,0.9998435974121094,384.5057563781738,149.2032846212387,0.9998443722724915,499.43246269226074,132.47445446252823,0.9879672527313232,357.84482192993164,102.8902979195118,0.9941531419754028,486.58808422088623,77.27738359570503,0.9769161939620972,387.1943573951721,52.474230363965034,0.9824968576431274,431.71565437316895,257.51477551460266,0.9997740983963013,394.05322790145874,261.55688202381134,0.9997991919517517,428.51177501678467,342.42966854572296,0.9687180519104004,401.1517057418823,344.13234889507294,0.9808503985404968,437.5623664855957,406.55480659008026,0.9260626435279846,408.2596101760864,409.7287917137146,0.9721897840499878
598,14.62769997306168,125.72048231972654,159.16436525129072,103.28390791547315,127.65941149138919,173.0429321031379,179.5590232073374,171.29866789790842,178.62451206297527,411.6985478401184,116.41559064388275,0.9999542236328125,418.8288688659668,110.13908299803734,0.9998835325241089,404.70666885375977,110.46759158372879,0.9998989105224609,425.1576261520386,113.63304364681244,0.999823272228241,400.08068799972534,112.77009338140488,0.9998524188995361,449.52185821533203,150.440336227417,0.9998289942741394,386.18700075149536,148.62749534845352,0.9998260140419006,498.98372650146484,125.62081134319305,0.9888216853141785,363.5040888786316,100.09046399593353,0.9942011833190918,486.2037420272827,71.82272791862488,0.9779599905014038,388.96552085876465,50.74377483129501,0.9816793203353882,432.4108467102051,257.5865443944931,0.999769389629364,394.48968172073364,261.3502366542816,0.9997881650924683,429.30638885498047,341.5960782766342,0.9680464267730713,401.1318669319153,342.9509972333908,0.9792540073394775,436.860502243042,407.03433895111084,0.9291126728057861,408.0989284515381,408.91671216487885,0.9701262712478638
599,17.285600013565272,130.1680876598431,162.21505846859387,107.34866019232592,132.7513262250089,172.90267703967916,179.88371804929355,174.5913768495976,177.9636761426975,414.1961908340454,116.48867723345757,0.9999517202377319,420.83723878860474,110.28034859895706,0.9998761415481567,407.0439839363098,110.59270989894867,0.9998918771743774,426.57818603515625,113.82352748513222,0.9998178482055664,401.63309383392334,113.07201984524727,0.9998524785041809,451.0097436904907,149.85728174448013,0.999809741973877,387.90514278411865,147.90252709388733,0.9998024702072144,497.9064664840698,121.28923606872559,0.9895427823066711,367.6923270225525,97.20831951498985,0.9942226409912109,485.1420497894287,70.09331586956978,0.978926420211792,391.6863946914673,46.9274133592844,0.9810206294059753,434.11309242248535,258.7566421031952,0.9997617602348328,395.78463792800903,261.9217665195465,0.9997744560241699,431.5984916687012,342.3860203027725,0.9669619798660278,401.2185764312744,342.9433331489563,0.9769005179405212,435.8842306137085,408.90597105026245,0.9311844110488892,408.00557231903076,408.9206439256668,0.9671473503112793
600,15.907000051811337,133.98278894183505,162.76879852631512,110.34875612708244,135.221803552797,172.9306195816483,179.11377840053504,175.277222949771,176.89553806357662,416.4234700202942,116.65566310286522,0.9999479651451111,422.9139199256897,110.38783809542656,0.9998659491539001,409.52252101898193,110.68237826228142,0.9998817443847656,428.9778985977173,113.87744674086571,0.9998095631599426,403.7638831138611,113.17329117655754,0.9998493194580078,452.87064933776855,149.17167383432388,0.9997977018356323,390.0294370651245,147.14544945955276,0.9997845888137817,497.49584102630615,118.02915108203888,0.9902563095092773,370.5313491821289,95.99146804213524,0.994128406047821,483.93165493011475,65.81058844923973,0.9798575639724731,392.46013355255127,46.53692968189716,0.9802601933479309,435.35725116729736,258.84473633766174,0.9997568130493164,397.31874656677246,261.9227921962738,0.999764621257782,432.4269199371338,342.6147462129593,0.9659788012504578,401.19542694091797,342.69976341724396,0.9740902185440063,435.57327938079834,408.8577072620392,0.9333410263061523,407.98532915115356,408.94571602344513,0.9639718532562256
601,16.08709996799007,137.37039993681964,163.1655582959963,113.92331629213992,136.1523921239834,172.25608366006387,178.5199703244371,176.22133755151475,176.8664513629612,418.26461267471313,116.62089693546295,0.9999440908432007,424.6285743713379,110.27927306294441,0.9998540878295898,411.2936086654663,110.57758116722107,0.9998698830604553,430.8842945098877,113.74097475409508,0.9997982382774353,405.4010524749756,113.17101901769638,0.9998424649238586,454.5973587036133,148.42126309871674,0.9997912049293518,391.6091876029968,146.3116170167923,0.9997723698616028,496.41736793518066,115.9590790271759,0.9909192323684692,372.3623323440552,94.54171672463417,0.993894100189209,483.1890516281128,62.49222508072853,0.98074871301651,393.8875675201416,44.92730812728405,0.9791280627250671,436.1406946182251,258.11978232860565,0.999752402305603,398.7277569770813,260.74776554107666,0.9997574090957642,433.51161003112793,341.47311103343964,0.9651562571525574,401.6295557022095,340.66487777233124,0.9718981981277466,435.8011350631714,407.96585285663605,0.9356645941734314,407.79775762557983,408.2713905572891,0.9621355533599854
602,24.241700011771172,141.38116997769743,162.16994346885343,117.9568358466395,136.27738684071159,172.34332736174792,177.75992241178002,176.58856897295215,176.52283299053818,420.0972890853882,116.68565702438354,0.9999428987503052,426.72117710113525,110.32041409611702,0.9998487830162048,413.52326345443726,110.55500203371048,0.9998651146888733,433.1634578704834,113.72935754060745,0.9997934699058533,407.8587398529053,113.15534895658493,0.9998423457145691,456.868182182312,147.99157577753067,0.9997870922088623,393.2296266555786,145.5034834742546,0.9997643828392029,495.84606075286865,113.54763469099998,0.9914859533309937,373.4706521034241,94.8645555973053,0.9939388036727905,482.824725151062,59.34957295656204,0.9816272258758545,394.9397826194763,42.79514701664448,0.9790138602256775,437.6309051513672,258.04826986789703,0.9997508525848389,400.2186245918274,260.254301071167,0.9997512698173523,434.33756160736084,341.56721687316895,0.9645487070083618,401.9470019340515,339.76592910289764,0.9699719548225403,435.684983253479,408.4980651140213,0.9377584457397461,407.5722270011902,407.8603790998459,0.9596989154815674
603,14.05589998466894,145.1381180648178,162.4987134666276,122.62443036452578,138.33285624465242,173.2521325230121,176.9697632695992,177.10178648195264,177.1948444390077,422.3525195121765,116.4506203532219,0.9999415278434753,428.83824348449707,110.110072016716,0.9998438954353333,416.11997413635254,109.94877722859383,0.9998619556427002,435.32839012145996,113.54879570007324,0.9997876286506653,410.72586488723755,112.59926122426987,0.9998430013656616,459.04195976257324,147.23841565847397,0.999782383441925,395.1307153701782,144.58128613233566,0.9997574687004089,495.49037742614746,110.27189388871193,0.9918822050094604,375.9067063331604,94.96304193139076,0.9939796328544617,482.72014808654785,53.972156435251236,0.9822730422019958,395.32622241973877,42.99240459501743,0.9791039824485779,440.03274059295654,258.0535407066345,0.9997495412826538,402.5485348701477,260.0088794231415,0.9997475147247314,435.6757335662842,341.5832288265228,0.9629966020584106,403.44610834121704,339.5213906764984,0.9676316380500793,435.5726728439331,408.9175384044647,0.9390386343002319,407.571165561676,407.90741777420044,0.9577558636665344
604,29.383899993263185,147.62107747109278,159.76929639824502,125.73481509750619,137.371812123011,173.86404847280025,177.9571677038902,178.0321161662247,179.87361312412003,424.87983226776123,116.26941034197807,0.9999420642852783,431.24103927612305,109.92231619358063,0.9998430609703064,419.25812005996704,109.862613260746,0.9998631477355957,437.87331771850586,113.37314856052399,0.9997852444648743,414.2530789375305,112.56384688615799,0.9998466372489929,461.0305414199829,146.70537716150284,0.9997761249542236,397.9606647491455,144.2024695277214,0.9997484683990479,495.69639778137207,108.14860060811043,0.9922455549240112,377.3016400337219,96.54390892386436,0.9941167831420898,483.5367488861084,52.4117566794157,0.9829842448234558,395.3963027000427,44.56099908053875,0.9795980453491211,442.2448310852051,258.01721465587616,0.9997478723526001,404.4015302658081,259.223695397377,0.9997415542602539,437.2403964996338,341.187460064888,0.9617896676063538,406.01110219955444,338.56218349933624,0.965690553188324,435.474009513855,409.76329433918,0.9406788945198059,407.5718731880188,407.94741916656494,0.9561153054237366
605,15.397400013171136,147.42878003124204,159.0766610609212,127.60370965609069,137.98250700546333,174.37731180980023,177.64501123156225,179.31617683517305,179.54028092209793,426.86735248565674,116.28687533736229,0.9999416470527649,433.2447338104248,109.99085846543312,0.9998399615287781,421.5247735977173,109.90080547332764,0.9998626708984375,439.78259468078613,113.57366836071014,0.9997798800468445,416.24123096466064,112.62703284621239,0.9998486638069153,461.9216957092285,146.9523658156395,0.9997687339782715,399.45876026153564,144.0015650987625,0.9997395873069763,496.02256298065186,108.72488847374916,0.9925918579101562,378.6479244232178,97.56065371632576,0.9942764043807983,485.40938091278076,52.349646255373955,0.9836416840553284,395.6957802772522,44.71534205973148,0.9801355004310608,444.0370969772339,257.8242164850235,0.9997361898422241,405.89383840560913,258.58130836486816,0.9997302293777466,438.89922428131104,340.8599557876587,0.9596788287162781,407.0915718078613,338.4178479909897,0.9638545513153076,435.5004949569702,408.96659994125366,0.9403622150421143,407.5788230895996,408.2476575374603,0.954559326171875
606,16.96280000032857,145.85972802216176,157.07973971345905,126.77757993571765,135.86721666838443,174.1418884264239,177.33470202550524,178.88121405602047,179.02927101498858,428.5348234176636,116.24960196018219,0.9999438524246216,434.9152879714966,109.98023131489754,0.9998448491096497,423.0983829498291,109.92780071496964,0.9998673796653748,441.15943336486816,113.60366228222847,0.9997864365577698,417.5230202674866,112.6602035164833,0.9998546838760376,463.270583152771,147.1921747326851,0.9997705817222595,400.8631205558777,144.06541347503662,0.9997339844703674,497.78879833221436,110.52020737528801,0.9928798079490662,378.5131468772888,98.5282087624073,0.99446702003479,488.0547409057617,55.062596812844276,0.9842695593833923,395.9735994338989,44.760642781853676,0.9808174967765808,445.50926303863525,257.74791753292084,0.9997389316558838,407.28000259399414,258.05932438373566,0.9997296929359436,440.7717046737671,340.69943737983704,0.9588722586631775,408.0561423301697,337.9569202661514,0.9629327058792114,435.5091381072998,409.2876937389374,0.9413591623306274,407.5478391647339,408.274610042572,0.9535037279129028
607,14.10349999787286,143.71924800931595,155.45111022187643,123.69855215073976,134.1011070785299,174.22933737794068,177.40994705392308,178.9894564731207,178.2729739401721,429.80607414245605,116.45576298236847,0.9999465346336365,436.6155118942261,110.31845533847809,0.999851405620575,424.370644569397,110.16528761386871,0.999873161315918,442.94957637786865,114.22984504699707,0.9997952580451965,418.64996576309204,113.07461252808571,0.9998617768287659,464.8656234741211,147.7564678788185,0.9997768402099609,402.0131902694702,144.28166031837463,0.9997332692146301,499.6180124282837,113.5678561925888,0.993120551109314,378.8423194885254,100.09616932272911,0.9947062730789185,488.94190216064453,57.77586077153683,0.9848200082778931,396.6788249015808,45.93018491566181,0.9815945625305176,446.99810886383057,258.2230622768402,0.9997475743293762,408.22604846954346,258.12941229343414,0.9997353553771973,442.03638458251953,341.31894612312317,0.9594323039054871,408.9696373939514,337.97464168071747,0.9632454514503479,436.7498598098755,409.5924906730652,0.9430251717567444,407.5116238594055,407.96143674850464,0.9528732895851135
608,17.01469998806715,140.87893034074364,152.2669716003297,120.21168298500874,129.0167016428229,174.31634072809533,177.19742855781254,178.06917809936772,177.46725800493954,430.1429042816162,117.02415883541107,0.9999494552612305,437.27744579315186,111.03027498722076,0.9998588562011719,424.69584941864014,110.83603745698929,0.9998795986175537,443.43996143341064,115.15704968571663,0.999804675579071,419.15975999832153,114.23619142174721,0.9998691082000732,465.5784559249878,149.06031668186188,0.9997848272323608,402.8959035873413,144.71603441238403,0.9997352361679077,501.5682306289673,116.89805045723915,0.993368923664093,377.74087381362915,102.46947130560875,0.9949517250061035,490.0881052017212,60.84154796600342,0.9853885769844055,397.7618217468262,48.09016038477421,0.9823519587516785,447.95633602142334,259.1605877876282,0.9997586011886597,408.92712926864624,258.3577393293381,0.999742329120636,443.0425281524658,341.6335154771805,0.9601687788963318,409.25342082977295,337.7769709825516,0.963391125202179,436.71609592437744,409.30994522571564,0.9448029398918152,406.61081552505493,403.64820969104767,0.9517576098442078
609,14.41300002625212,126.2050710492621,145.65653199434823,105.80932939783949,121.8998661334257,174.07188574710727,176.56118226499302,176.89230493914351,175.54952539476125,431.06569957733154,117.35518887639046,0.999953031539917,438.1645565032959,111.6665150821209,0.9998681545257568,425.2586145401001,111.28107431530952,0.9998875856399536,444.423056602478,115.71019572019577,0.9998160600662231,419.6069040298462,114.71840193867683,0.9998776316642761,466.38307762145996,150.01415330171585,0.9997934103012085,403.2921996116638,145.9928879737854,0.9997384548187256,502.65868282318115,131.4594903588295,0.9935014843940735,377.2760896682739,112.18488782644272,0.9952012300491333,490.0589408874512,68.28934994339943,0.985807478427887,398.48433351516724,55.52400888502598,0.9830542206764221,448.8021011352539,259.5834230184555,0.9997724294662476,409.6479477882385,258.4160889387131,0.9997501969337463,444.23937702178955,341.5118588209152,0.9611839056015015,409.3689155578613,337.1344984769821,0.9631710648536682,436.72999572753906,409.58223390579224,0.9469258785247803,404.44527673721313,397.622074007988,0.9490948915481567
610,17.392100009601563,106.78023210459502,131.71735103576864,85.8742879793492,106.82061542856589,174.09063118225615,176.57281651107763,177.0074048281172,173.81319663163856,432.7310981750488,118.49812039732933,0.9999566078186035,439.6439504623413,112.65885019302368,0.9998773336410522,427.3090124130249,112.04060930013657,0.9998958110809326,446.0330581665039,116.10319373011589,0.9998271465301514,421.3961372375488,114.99148124456406,0.9998863935470581,467.02262020111084,150.53786098957062,0.9998037815093994,403.6981496810913,146.76599180698395,0.9997482895851135,503.02250385284424,145.79674154520035,0.9935132265090942,374.93715715408325,123.86093527078629,0.995413064956665,490.620644569397,85.53065520524979,0.9858459830284119,398.4938611984253,64.70450294017792,0.9833447337150574,449.19635009765625,259.6631978750229,0.9997857809066772,409.9058270454407,258.3654034137726,0.999755322933197,444.4073371887207,341.032098531723,0.9628423452377319,409.57776641845703,335.58735060691833,0.9627704620361328,436.70164012908936,410.1559005975723,0.9501437544822693,403.436252117157,390.08078587055206,0.9463210105895996
611,14.296999957878143,82.44962910237821,113.11615289434597,60.558009009950815,83.59820610450917,174.2596417433778,176.86599412343233,177.51783248398922,170.5968084188651,433.6934700012207,119.40657794475555,0.9999600648880005,440.6512565612793,113.30993410944939,0.9998855590820312,428.3879909515381,112.53387433290482,0.9999033212661743,447.43243980407715,116.53381413221359,0.9998366236686707,422.5393328666687,115.1335089802742,0.9998940825462341,467.9508743286133,151.0692185163498,0.9998124837875366,405.12854051589966,147.93815511465073,0.9997596144676208,503.45097160339355,162.0064795613289,0.9936363697052002,371.63810205459595,135.66550570726395,0.9955707788467407,490.6480903625488,103.3776083290577,0.9859934449195862,398.3052282333374,82.24321883916855,0.983252227306366,449.7528476715088,258.96904265880585,0.9997853636741638,410.8263478279114,256.9984042644501,0.9997409582138062,444.376353263855,339.2198987007141,0.963550865650177,410.63991355895996,331.52444565296173,0.961755096912384,436.5547571182251,409.89700269699097,0.952631950378418,402.21600103378296,381.6138814687729,0.944065511226654
612,18.178600003011525,65.5724243341536,84.31001787028357,41.18367621354317,51.8443373512965,173.6450672898374,177.83992372822263,177.77103056138625,167.73371609922432,434.5023374557495,120.60046565532684,0.9999634623527527,441.7368564605713,113.90098744630814,0.9998939633369446,428.67488288879395,113.13672295212746,0.9999110102653503,449.4357805252075,116.6991475224495,0.9998463988304138,423.389874458313,115.2307345867157,0.9999021887779236,469.58448028564453,151.56355196237564,0.9998231530189514,406.5952730178833,148.25382137298584,0.9997761249542236,503.1294059753418,174.98163205385208,0.9936469197273254,366.45089769363403,153.7478730082512,0.9956945776939392,490.39238452911377,123.50219058990479,0.9862081408500671,395.2289743423462,104.62364172935486,0.983869194984436,449.75704288482666,258.6289738416672,0.9997867345809937,410.5104684829712,254.87701988220215,0.9997247457504272,444.04498195648193,337.60488522052765,0.9649284482002258,410.4372544288635,328.3104591369629,0.960777223110199,435.9930534362793,409.7785940170288,0.9550954103469849,401.5485830307007,368.9977158308029,0.9370399117469788
613,15.109100029803813,52.98947733910724,65.83647627813593,19.67200177723399,33.53419103688724,172.8600065257249,177.927147812852,177.9688660069855,167.5665007147433,435.36028385162354,121.42023777961731,0.999966025352478,443.1149082183838,114.30784633755684,0.9998998641967773,429.45109844207764,113.31316784024239,0.9999159574508667,451.0409297943115,116.93018832802773,0.9998513460159302,423.8829131126404,114.9816589653492,0.9999069571495056,470.49034309387207,151.70003819465637,0.9998362064361572,407.3152828216553,148.16086941957474,0.9997931718826294,501.3556900024414,186.25886219739914,0.9937437176704407,366.92101430892944,167.66897010803223,0.9957727789878845,486.6106777191162,149.94051826000214,0.9867159724235535,393.46594858169556,122.94077503681183,0.9849868416786194,449.3905429840088,258.0606919527054,0.9997965693473816,410.2631278038025,252.7575443983078,0.9997267723083496,443.82152366638184,336.12221252918243,0.9674588441848755,409.69715309143066,323.48003458976746,0.9625665545463562,435.9751605987549,409.39986288547516,0.9581876397132874,400.9176836013794,361.8377799987793,0.934605598449707
614,15.684999991208315,38.698736537820054,51.404614737936896,9.472406226723928,17.5490070803614,172.76236503841076,176.2210908733259,178.46435510037995,172.67649040196645,436.8151636123657,122.31957107782364,0.9999678730964661,444.51459312438965,114.72950631380081,0.9999040961265564,430.1943588256836,113.83752369880676,0.9999182820320129,451.50619411468506,116.97740507125854,0.9998498558998108,424.2209310531616,115.12033188343048,0.9999068379402161,471.036883354187,151.99786907434464,0.9998480677604675,406.9046573638916,148.21809363365173,0.9998078346252441,495.5695810317993,199.88449317216873,0.99365234375,369.39310693740845,180.3554230928421,0.9957130551338196,483.06769371032715,160.60208594799042,0.9870389699935913,393.9577236175537,140.8342896103859,0.9859506487846375,449.43310165405273,257.5020970106125,0.999803900718689,410.491539478302,251.3291186094284,0.9997335076332092,443.52588748931885,335.4346387386322,0.9695661067962646,408.7930340766907,305.782467007637,0.9650999903678894,435.96343421936035,408.9875693321228,0.9596498012542725,401.061306476593,353.99884617328644,0.9341616034507751
615,15.15529997413978,33.22608953294816,39.88902823121127,3.4424432348822402,5.451278585645812,172.10458069459284,173.30716384751574,178.58437534393852,177.13404275842757,437.11272048950195,122.74317556619644,0.9999696612358093,445.04677867889404,115.06013035774231,0.9999085664749146,430.5544900894165,114.18977242708206,0.9999209642410278,451.421329498291,117.11537283658981,0.9998469352722168,425.2136297225952,115.20791327953339,0.999904990196228,471.24730110168457,157.64592891931534,0.9998579621315002,406.61824560165405,149.45798009634018,0.9998213648796082,491.5032567977905,210.6172741651535,0.9933284521102905,373.4165439605713,192.85323703289032,0.9945859909057617,480.0316734313965,174.19891250133514,0.9872961044311523,393.38618898391724,171.3414198756218,0.9860166311264038,449.42127418518066,257.75327384471893,0.9998103380203247,411.03024530410767,251.76178324222565,0.9997446537017822,443.42687034606934,335.5849288702011,0.9711554646492004,407.64829683303833,297.5590468645096,0.9676521420478821,435.9524154663086,408.9186210632324,0.9602550268173218,401.20273065567017,349.3856086730957,0.9363320469856262
616,16.00599999073893,28.673194784355374,36.68179119071085,10.611359116836617,11.717406315153974,171.56548060183002,167.19917600013147,178.8835932205886,175.0153733150464,438.4429063796997,122.61066383123398,0.9999721646308899,446.0342712402344,115.12123647332191,0.9999157786369324,432.01710319519043,114.36452209949493,0.999926745891571,452.6121129989624,117.51305049657822,0.9998539090156555,427.07170486450195,115.45737352967262,0.9999090433120728,472.23570346832275,163.40219765901566,0.9998685717582703,406.32149744033813,156.23699098825455,0.9998344779014587,486.8807382583618,216.02046793699265,0.9931214451789856,375.3636283874512,202.7045201063156,0.993125855922699,474.7264471054077,191.28114527463913,0.9874823689460754,393.3877558708191,184.9241006374359,0.9849730730056763,449.6504440307617,260.3039039373398,0.9998207688331604,411.37683057785034,252.40263175964355,0.9997609853744507,443.35019397735596,337.1750981807709,0.9719352126121521,407.1561679840088,276.8590101003647,0.9700947999954224,436.0586099624634,408.9368268251419,0.9597087502479553,401.5669813156128,343.3216938972473,0.9394277334213257
617,22.93239999562502,18.755550438629385,31.239339837935663,33.08181660000425,26.050312334501356,171.15849309328058,140.4942241530358,179.1157368859908,145.69290867152526,439.15619373321533,123.38959407806396,0.9999735951423645,446.556752204895,116.41204351186752,0.9999204277992249,432.74651432037354,115.58181518316269,0.9999287724494934,453.2483196258545,119.19634982943535,0.9998496174812317,427.85337924957275,116.92700445652008,0.9998981356620789,473.0989065170288,164.92065507173538,0.9998772740364075,406.5693688392639,159.11868673563004,0.9998399019241333,477.93922233581543,219.95229995250702,0.9918148517608643,381.31049489974976,206.38494735956192,0.9835394024848938,464.9799556732178,203.42968779802322,0.9866694211959839,388.71982288360596,201.03530246019363,0.9744564890861511,449.77877712249756,260.3734790086746,0.9998215436935425,411.66860008239746,252.68369567394257,0.9997637271881104,443.11081409454346,338.35146391391754,0.9716976881027222,407.3487181663513,258.5459794998169,0.9720600843429565,435.9671239852905,409.02594673633575,0.9598068594932556,404.521852016449,336.4111684560776,0.9430042505264282
618,15.409899991936982,16.467073394398124,25.2855750300836,63.49299877439679,27.150091140806246,170.6282806266689,51.4206021137962,179.21870007962565,55.547614944614566,439.5658588409424,123.62723767757416,0.9999750852584839,446.83287811279297,117.00467810034752,0.9999249577522278,433.25282096862793,116.51487472653389,0.9999314546585083,453.5882329940796,119.76194643974304,0.9998480677604675,428.5692949295044,118.27155980467796,0.999891459941864,473.76154804229736,166.45049464702606,0.9998872876167297,407.43176317214966,161.16404283046722,0.9998498558998108,475.8656244277954,222.96267539262772,0.9910942912101746,387.36949491500854,210.34972923994064,0.9780045747756958,460.5623960494995,216.02895826101303,0.986123263835907,392.08028984069824,206.30353426933289,0.9679406881332397,449.75123023986816,260.40820956230164,0.9998267889022827,412.389368057251,252.83395731449127,0.9997695684432983,442.9778308868408,338.4072493314743,0.9724774956703186,408.30651569366455,249.92342865467072,0.9740006923675537,435.8236274719238,409.5255937576294,0.9613244533538818,406.86197233200073,330.1602671146393,0.9466821551322937
619,17.20259996363893,15.829072775371376,22.262523281922434,110.29450465753537,102.00073986416491,171.15653692281055,9.595151793614018,179.4419184400423,13.058570340235375,439.7293710708618,124.05218124389648,0.9999769330024719,447.06962966918945,117.74060827493668,0.9999303817749023,433.47279167175293,117.52562215924263,0.9999356865882874,453.8623876571655,120.36975961923599,0.9998536109924316,429.00948905944824,119.38104999065399,0.9998933672904968,474.2006301879883,167.29351544380188,0.9998971223831177,408.46643924713135,162.63637328147888,0.9998608827590942,475.62154388427734,224.44315427541733,0.990966260433197,390.55689668655396,213.32783859968185,0.9763860702514648,461.07972145080566,230.2355638742447,0.9861201643943787,397.8366279602051,217.78175431489944,0.9663494229316711,449.7186794281006,262.6111352443695,0.9998350739479065,412.93070220947266,253.78575682640076,0.9997797012329102,442.12827491760254,340.56541562080383,0.9740208983421326,410.3961110115051,242.2569224834442,0.9760891199111938,434.70001792907715,409.8509042263031,0.9632866978645325,409.4104633331299,327.8891909122467,0.9505233764648438
620,16.74649998312816,17.878716836585546,22.354703246337376,125.68767511943753,146.70198728141673,170.99712784680162,7.77475377969972,179.28084631449786,2.9158454743954487,439.5462980270386,124.89431881904602,0.9999788999557495,446.99699687957764,118.83452811837196,0.9999361634254456,433.40622425079346,118.70935994386673,0.9999406933784485,453.78005027770996,121.2277382016182,0.999862551689148,429.0825262069702,120.40937638282776,0.9998971819877625,474.00330352783203,167.39547055959702,0.9999057054519653,408.56864070892334,162.3447961807251,0.9998683929443359,477.2254295349121,221.6257770061493,0.9906593561172485,393.1948266029358,205.76639306545258,0.9720914959907532,461.50788593292236,234.3935860991478,0.986046314239502,397.0592751502991,221.4983794093132,0.9627832770347595,449.25776195526123,263.2280513048172,0.9998447895050049,413.1469073295593,254.06023931503296,0.9997912049293518,441.79548835754395,341.07449316978455,0.9752646088600159,414.84690380096436,234.2996369600296,0.9780213236808777,434.26866912841797,410.4194140434265,0.9654872417449951,411.81325912475586,321.1205792427063,0.9546446204185486
621,15.84579999325797,18.734783550136015,22.93836672813972,123.42751617833923,149.0584048482687,170.80468876110993,10.420528902166021,179.17502686175072,5.618574884817884,439.54634857177734,125.11334353685379,0.9999805688858032,447.01701259613037,119.09317672252655,0.9999411106109619,433.5047359466553,119.16882038116455,0.9999449849128723,453.74552822113037,121.5400710105896,0.9998692870140076,429.21070766448975,120.97371226549149,0.9998996257781982,473.9441661834717,167.6936433315277,0.9999130368232727,408.5695505142212,162.6828848719597,0.9998746514320374,477.8845329284668,222.78375178575516,0.9902596473693848,392.94622230529785,205.71728879213333,0.9676864147186279,461.44935512542725,235.40342181921005,0.9858303070068359,396.10347414016724,221.97731345891953,0.9586264491081238,448.83455085754395,263.7909483909607,0.9998515248298645,413.3492126464844,254.3340095281601,0.9997971653938293,441.4056873321533,341.6791011095047,0.9760643243789673,416.0088515281677,233.95402663946152,0.9795725345611572,433.81467628479004,410.7328152656555,0.9671953916549683,413.2693519592285,320.32690489292145,0.95792156457901
622,17.26529997540638,19.228871306345088,23.323759381645317,114.65947219993438,138.7517158992522,170.85428725430884,10.352676960310859,179.53434652386184,6.219766353198147,439.401891708374,125.04869741201401,0.9999819993972778,446.9996757507324,118.99780303239822,0.9999454021453857,433.475622177124,119.07579007744789,0.9999485611915588,453.68138694763184,121.70919370651245,0.9998748302459717,429.27722454071045,121.11857485771179,0.9999013543128967,473.9922342300415,167.86161214113235,0.9999200105667114,408.430552482605,163.02427852153778,0.9998812675476074,478.33003425598145,223.58305311203003,0.9902181625366211,391.1601986885071,209.86059540510178,0.9643959403038025,461.13729190826416,233.15667694807053,0.9859181046485901,395.71892976760864,221.7319060564041,0.9553369879722595,448.6357583999634,263.98491525650024,0.9998577833175659,413.38209199905396,254.96035611629486,0.9998021721839905,440.98773288726807,341.54257214069366,0.9766771197319031,415.7000484466553,236.78986608982086,0.980769157409668,433.5975866317749,410.72327077388763,0.9682870507240295,414.141122341156,321.84493494033813,0.9600938558578491
623,14.154299977235496,19.996115060821996,24.730408219769444,78.97326107599889,57.07244591548092,171.14396736339324,10.397627244803353,179.95782805458873,6.50023608346652,439.3055534362793,125.02100414037704,0.9999833106994629,446.95731925964355,118.96539449691772,0.9999492168426514,433.46763610839844,118.984554708004,0.9999517798423767,453.6305389404297,121.59891921281815,0.9998799562454224,429.3588037490845,120.92643141746521,0.9999049305915833,474.00193881988525,168.76899415254593,0.999925971031189,408.2414140701294,163.66326087713242,0.9998878240585327,479.174485206604,225.87318980693817,0.9902920722961426,389.6384482383728,210.71310371160507,0.964173436164856,462.15869998931885,224.1294966340065,0.9861029386520386,394.54543256759644,209.72775602340698,0.9545145034790039,448.6212520599365,264.6931450366974,0.9998603463172913,413.3193407058716,255.72428584098816,0.9998023509979248,440.5955057144165,341.51334035396576,0.9775923490524292,415.11534690856934,241.5877823829651,0.981964111328125,433.4179000854492,410.70814204216003,0.9692375063896179,414.06323289871216,323.0169985294342,0.961766242980957
624,17.699700023513287,20.443761131619862,28.536516542788753,56.14165028022351,10.439379398854529,171.55359307513618,9.651283522382046,179.25613249301543,6.169541824326703,439.2471237182617,124.94151419401169,0.9999842643737793,446.85880756378174,118.87420186400414,0.999951958656311,433.39909744262695,118.93226656317711,0.9999537467956543,453.5376377105713,121.52579700946808,0.9998809695243835,429.23992252349854,120.79523026943207,0.9999059438705444,473.9622106552124,168.52516800165176,0.9999299049377441,408.15887451171875,163.0095059275627,0.9998922348022461,479.3946075439453,223.34548074007034,0.9902050495147705,387.5973253250122,206.3610291481018,0.9634138941764832,464.5734748840332,215.3987511396408,0.9861953854560852,388.54433155059814,202.81077736616135,0.9530918598175049,448.63029956817627,264.507497549057,0.9998641014099121,413.277135848999,255.67006742954254,0.9998047351837158,440.1651678085327,340.718697309494,0.9783621430397034,414.1690483093262,247.8292816877365,0.9829068183898926,433.3207530975342,410.595517039299,0.9701547026634216,413.7292585372925,326.5414801836014,0.9625656604766846
625,16.415799967944622,25.084556787956284,33.606535491626204,23.936256286404248,38.67672632264244,171.7070721506842,12.816712334422883,179.13695821712295,9.357492349272784,439.18854236602783,124.74404293298721,0.9999853372573853,446.91405296325684,118.71719497442245,0.9999552369117737,433.3545169830322,118.48092606663704,0.9999560713768005,453.5621519088745,121.41294407844543,0.9998853802680969,429.2303190231323,120.65569549798965,0.999907910823822,473.9731283187866,168.067545235157,0.9999349117279053,408.1057014465332,162.28178828954697,0.9998981356620789,483.61034202575684,220.78381037712097,0.9900501370429993,382.3099412918091,206.15321564674377,0.9629126191139221,470.7576742172241,201.93986386060715,0.9863209128379822,381.37438344955444,199.67836064100266,0.9519156813621521,448.72320079803467,264.1468012332916,0.9998695850372314,413.24059200286865,255.53860986232758,0.9998120069503784,440.16557216644287,340.0615234375,0.9780282378196716,414.0588607788086,250.73391270637512,0.983608603477478,433.29826068878174,410.49747943878174,0.9701489806175232,413.64088106155396,328.59098172187805,0.9637645483016968
626,15.350400004535913,33.4198828628613,45.2543130202169,4.3001224610433315,23.493000462186536,171.85375426306052,166.13660270247527,179.04312788940206,169.3288381442369,439.14037322998047,124.47755217552185,0.999986469745636,446.926739692688,118.38924908638,0.999958336353302,433.32292652130127,117.7511000931263,0.999958872795105,453.5474433898926,121.18156850337982,0.9998921751976013,429.2109098434448,120.38595676422119,0.9999136328697205,473.9305191040039,167.0247596502304,0.9999397993087769,407.30090284347534,161.05831265449524,0.9999053478240967,491.79818534851074,219.47823786735535,0.990722119808197,372.63843297958374,199.82182717323303,0.9655199646949768,478.0747833251953,187.32117837667465,0.9871925711631775,380.1808452606201,177.02928167581558,0.9556346535682678,448.8121089935303,263.3932707309723,0.9998704195022583,412.9930238723755,255.44507384300232,0.9998136162757874,440.10603046417236,340.24885189533234,0.9790585041046143,411.3858528137207,264.19130420684814,0.9847015142440796,433.3356132507324,410.48582661151886,0.9706348776817322,411.6828031539917,329.91136956214905,0.9649177193641663
627,17.566800001077354,39.22955776713152,61.00586620553833,6.191985410652717,42.44335917253828,172.5592053984859,169.52555923994538,179.1591288914004,173.95119082944942,439.0182065963745,123.81544935703278,0.9999876618385315,446.9085941314697,117.72562199831009,0.9999618530273438,433.0803117752075,116.83965811133385,0.9999622106552124,453.51049518585205,120.51932322978973,0.9999010562896729,428.93958568573,119.60752511024475,0.9999207854270935,474.0008773803711,160.82640999555588,0.9999446868896484,406.71597385406494,159.4542824625969,0.999912679195404,497.0551414489746,209.37215960025787,0.9914360046386719,364.6306047439575,185.92158550024033,0.9684601426124573,483.9545011520386,171.77538084983826,0.9881221055984497,375.4393696784973,146.65661478042603,0.9593982100486755,448.8087730407715,263.1849443912506,0.9998763799667358,412.02809953689575,255.3250411748886,0.99982088804245,440.1740131378174,340.33782935142517,0.9801377058029175,409.93125104904175,271.6867787837982,0.985698938369751,433.3439531326294,410.69204461574554,0.9716421961784363,408.46623706817627,338.6046921014786,0.9655171036720276
628,15.49180003348738,49.83240900289279,75.65218991887055,23.81193594250576,59.281478023441764,172.72373225014587,169.58484489356613,179.5979918039119,174.83118885368575,438.2413339614868,122.97570502758026,0.9999887943267822,446.5306205749512,116.95768216252327,0.999965250492096,432.56601905822754,116.05292844772339,0.999965488910675,453.4989204406738,119.94430321455002,0.9999098181724548,428.6026544570923,118.8019700050354,0.999927818775177,473.72106170654297,159.79217171669006,0.9999487996101379,406.7130422592163,157.76725792884827,0.9999193549156189,501.02431869506836,196.89293605089188,0.9921689033508301,361.7553925514221,171.90064162015915,0.9713351726531982,490.30949115753174,148.7135952115059,0.9891108870506287,372.6689872741699,125.61340367794037,0.9631408452987671,449.04340171813965,262.7224781513214,0.9998822808265686,411.9928698539734,255.13600325584412,0.9998300671577454,440.61547088623047,340.22751212120056,0.9814338088035583,408.8733243942261,279.44972705841064,0.9868183135986328,433.454797744751,410.6744086742401,0.9731569886207581,406.27931785583496,348.7870693206787,0.9674109816551208
629,16.009599959943444,64.82162307672623,87.31753731345661,40.94797779153036,65.26691719694999,173.46519364082008,170.88717459739965,179.82494413460347,177.8329004831196,438.15849113464355,120.9425145983696,0.9999898076057434,446.4385280609131,114.98207208514214,0.9999681711196899,432.4184284210205,114.34695026278496,0.9999684691429138,453.44013690948486,118.6301264166832,0.9999176859855652,428.2049684524536,117.2627070248127,0.9999343752861023,472.8668556213379,158.73760509490967,0.9999510049819946,406.2334990501404,155.41993975639343,0.9999236464500427,504.7406711578369,183.5333827137947,0.9928210377693176,357.34743642807007,160.58925074338913,0.974018931388855,494.85255336761475,133.46359145641327,0.9898490905761719,374.10933542251587,111.05964922904968,0.966289758682251,449.8019771575928,261.0658677816391,0.9998841881752014,412.02044200897217,254.17380452156067,0.9998340606689453,441.2542552947998,340.167680978775,0.9825429916381836,408.56980323791504,288.3873316049576,0.9877235889434814,433.92082023620605,410.0300272703171,0.9744102954864502,404.11195945739746,359.4000028371811,0.9689253568649292
630,15.109900035895407,79.84238039839195,100.69530902240895,55.691759242633076,76.28475733513191,173.94991036889076,172.7832203936832,179.45575779061625,177.05036101931887,437.2851791381836,119.20244690775871,0.9999899864196777,445.73939323425293,113.50284680724144,0.9999680519104004,431.7646322250366,112.92980691790581,0.9999687671661377,452.97517585754395,117.5220465362072,0.9999202489852905,427.53701972961426,115.90694758296013,0.9999384880065918,471.813250541687,156.85810947418213,0.9999405741691589,405.63815784454346,152.81826800107956,0.999911367893219,506.83681201934814,171.19103002548218,0.9933589100837708,357.09961557388306,146.78362774848938,0.9764432907104492,495.654091835022,118.81457015872002,0.9902026653289795,376.16559648513794,96.59808459877968,0.9685640931129456,449.9685220718384,258.76724076271057,0.9998779296875,411.95627546310425,253.01094353199005,0.9998135566711426,441.44728565216064,339.18702006340027,0.9838699102401733,408.16999435424805,313.0499564409256,0.9883508086204529,434.6661024093628,409.5579880475998,0.976238489151001,401.7478303909302,368.91249918937683,0.9683079719543457
631,16.64570003049448,95.6599927389655,112.77895135251906,69.33705765079236,87.19987102758502,173.954180249489,173.36418593748516,179.54462625443858,175.44405449323074,436.8326015472412,117.33772388100624,0.9999890327453613,445.40938663482666,112.03478288650513,0.9999645948410034,431.40308570861816,111.39506688714027,0.999965488910675,452.4853467941284,116.19149452447891,0.9999189972877502,427.1404962539673,114.53736287355423,0.9999390840530396,471.4343671798706,154.81913536787033,0.9999261498451233,405.6322441101074,149.90920662879944,0.9998882412910461,507.7785110473633,158.7747004032135,0.9937877655029297,357.9192237854004,133.24865520000458,0.9784985184669495,493.9549798965454,105.13590314984322,0.9904165863990784,376.80627632141113,86.6151017844677,0.9699890613555908,450.03028774261475,256.64055705070496,0.9998596906661987,411.9246597290039,251.8941240310669,0.9997828602790833,441.7151222229004,338.13977563381195,0.9832445979118347,408.147855758667,321.51446759700775,0.9868773818016052,435.0398302078247,409.1509653329849,0.9758889079093933,399.9895052909851,382.1648977994919,0.9657081961631775
632,14.790699991863221,111.85430676894747,121.48944676114829,84.4523204303195,94.86150268023354,174.61890317304167,173.55261716249018,179.70285908205733,174.894830129724,435.48902130126953,116.7877830862999,0.9999881386756897,444.45606231689453,111.41213300824165,0.999961793422699,430.4668960571289,110.99840065836906,0.9999630451202393,451.84742164611816,115.13755470514297,0.9999183416366577,426.47997760772705,113.97190871834755,0.9999407529830933,471.0301103591919,153.10342037677765,0.9999147057533264,405.6378798484802,148.06664961576462,0.9998754858970642,506.81487560272217,146.43672108650208,0.9942120909690857,359.83183670043945,123.7779551744461,0.9804351925849915,491.0577554702759,91.84810444712639,0.9907523393630981,381.3314456939697,73.30768701434135,0.9716395735740662,450.4757890701294,255.95757031440735,0.9998499155044556,412.09294843673706,251.97982501983643,0.9997727870941162,441.95404720306396,338.1402884721756,0.9820334911346436,408.2210445404053,328.6043155193329,0.9852290153503418,435.0439748764038,408.3264067173004,0.9744851589202881,399.59563541412354,389.9934893846512,0.9627918601036072
633,15.889199974481016,125.27653630150517,126.37965588060851,97.60148043281681,97.724103621896,175.28699792842707,173.97608840461598,179.83751629991863,173.36236605454866,435.266978263855,115.88492402434349,0.9999876022338867,444.0928478240967,110.65609529614449,0.9999595880508423,429.93764209747314,110.11868342757225,0.9999622702598572,451.1139163970947,114.11053889989853,0.9999191164970398,425.80101013183594,113.24873539805412,0.9999436140060425,470.0011205673218,151.00810527801514,0.9999001622200012,405.60067892074585,146.22493308782578,0.9998633861541748,505.60675525665283,134.55899995565414,0.9945951104164124,361.11334800720215,117.51524430513382,0.9822009205818176,488.8611822128296,80.44450950622559,0.9910069704055786,385.79366159439087,64.85684442520142,0.9731525778770447,450.6053352355957,255.85728192329407,0.9998404383659363,412.15481519699097,252.06019818782806,0.9997642040252686,442.2992172241211,338.09310734272003,0.9811370968818665,408.63333797454834,333.3586690425873,0.9837340712547302,435.01900577545166,408.18323934078217,0.9735687375068665,398.7483539581299,394.94964480400085,0.960888683795929
634,14.120300009381026,136.1461820184488,133.37528944830765,103.0325651115847,101.98289873839796,175.97592373769746,174.75001242070877,179.42392773176985,172.5543469144043,435.3333435058594,115.16034039855003,0.9999871253967285,444.07616806030273,110.19573026895523,0.9999580383300781,429.85949993133545,109.31879091262817,0.9999620914459229,450.5147590637207,113.68417078256607,0.999920666217804,425.33033752441406,112.63756027817726,0.9999464750289917,468.7002000808716,150.61394625902176,0.9998834133148193,405.60098218917847,145.41218400001526,0.9998480081558228,504.32852935791016,124.2739126086235,0.9948959350585938,362.217068195343,109.18514665961266,0.9837490916252136,480.9638195037842,70.39213681221008,0.9910169839859009,390.0163207054138,56.637427270412445,0.9742819666862488,450.7153205871582,256.15526950359344,0.9998367428779602,412.22838306427,253.38990259170532,0.9997642040252686,442.60137367248535,338.22069013118744,0.9802175760269165,409.684365272522,337.24492967128754,0.9824371337890625,434.9716958999634,408.1954050064087,0.9724206328392029,399.4707646369934,400.4217441082001,0.9595023989677429
635,17.653699964284897,140.1080032786577,140.73594624897112,102.53505916070833,109.77190950486097,176.38733900958815,175.55173879076597,178.29512308552646,171.02996591384928,435.2856798171997,115.3069551885128,0.9999855756759644,443.9840250015259,110.27078273892403,0.99995356798172,429.3769998550415,109.47881072759628,0.9999602437019348,449.88446617126465,113.6423602104187,0.9999184608459473,424.487099647522,112.54673090577126,0.9999478459358215,467.27493953704834,149.8235483765602,0.9998584389686584,405.14380502700806,145.08757156133652,0.9998337626457214,502.9187355041504,118.49127542972565,0.995048999786377,366.3063144683838,103.36218756437302,0.9850749969482422,475.59050941467285,68.74370336532593,0.990670919418335,392.55902433395386,52.457217663526535,0.9747646450996399,450.802206993103,256.33809638023376,0.9998286962509155,412.1924457550049,254.59171080589294,0.999762237071991,443.36581230163574,338.38947093486786,0.9775780439376831,411.07672119140625,338.11926209926605,0.9802812337875366,435.0431156158447,407.3309874534607,0.9694017171859741,399.7157549858093,404.3378348350525,0.9573447704315186
636,21.756200003437698,145.38340133321057,147.95725091383923,108.47591356263312,117.9668114042142,176.75584660212365,175.9319436252165,177.68661727424777,171.76016168253346,434.1725330352783,115.60817649960518,0.9999837875366211,442.95240688323975,110.46728530526161,0.9999489188194275,428.03190326690674,109.72361981868744,0.9999573230743408,448.75357818603516,113.81084898114204,0.9999155402183533,423.305540561676,112.60802933573723,0.999947726726532,465.7952423095703,149.6257637143135,0.9998418092727661,404.6150312423706,144.72716015577316,0.9998183846473694,498.7897357940674,113.75814059376717,0.9951177835464478,370.3999834060669,97.48850733041763,0.9861864447593689,471.9853048324585,65.22852402925491,0.9902328252792358,394.77265644073486,47.77569431066513,0.9749982953071594,450.7894697189331,256.47533762454987,0.9998238682746887,412.1549415588379,256.09597969055176,0.9997624754905701,443.95172691345215,338.7635010480881,0.9759570360183716,411.8737864494324,338.74050879478455,0.978861927986145,435.4550552368164,407.3352895975113,0.9677867889404297,401.8753294944763,406.16687285900116,0.9563470482826233
637,16.405400005169213,149.91448187848246,153.85326873987066,114.54812165158775,126.41106328528032,177.27745723554878,176.01990358457326,177.6615044746738,173.95753377045654,432.95369720458984,115.68228164315224,0.9999822378158569,441.78684520721436,110.33028623461723,0.999945342540741,426.3951635360718,109.67526343464851,0.9999546408653259,447.4999170303345,113.68378615379333,0.9999133944511414,421.6113314628601,112.34423097968102,0.9999473690986633,464.5815620422363,148.83622056245804,0.9998307824134827,403.46498680114746,144.6401628255844,0.999803364276886,494.8775224685669,109.27366825938225,0.9952003359794617,374.80508375167847,95.7441018819809,0.9871525764465332,469.02919578552246,60.67627868056297,0.9897989630699158,397.2644362449646,43.374551087617874,0.9750902652740479,450.6690216064453,256.5688736438751,0.9998224973678589,411.77941942214966,257.06832122802734,0.9997657537460327,443.97861671447754,339.07641792297363,0.9749175310134888,412.139121055603,339.6984053850174,0.9778385162353516,435.6151809692383,407.44389736652374,0.9667565226554871,405.25181913375854,407.58452904224396,0.9556567072868347
638,14.477099990472198,152.483274286879,160.89300427688534,119.88087194990364,134.402803688547,177.66606603711165,175.97950339501696,177.47028963028922,175.61573812678625,432.13982582092285,115.78735652565956,0.9999802708625793,440.51913261413574,110.16424056887627,0.9999405741691589,425.4752998352051,109.62008345127106,0.9999510049819946,445.88799476623535,113.51123028993607,0.9999095797538757,420.13934230804443,112.27916461229324,0.9999457001686096,463.2139730453491,147.67834550142288,0.9998209476470947,401.75301122665405,143.90455317497253,0.9997894167900085,491.39155292510986,106.3075892329216,0.9952504634857178,378.27252864837646,90.80118054151535,0.9879305958747864,467.71002864837646,57.45148694515228,0.9894189834594727,398.7695827484131,39.408836126327515,0.9749362468719482,450.33567905426025,256.61662459373474,0.9998222589492798,411.19102811813354,257.5748345851898,0.9997704029083252,443.9264039993286,339.75934767723083,0.97378009557724,412.247034072876,340.9249153137207,0.976617693901062,435.6510171890259,407.7673559188843,0.9657299518585205,407.86275815963745,409.49579215049744,0.9551891684532166
639,21.05199999641627,153.76229844087263,164.26412487203726,123.35414323206867,138.9881760090724,177.41463818415158,176.46575041548152,177.37700021686058,175.7725558128974,430.89597034454346,115.84854099154472,0.9999765157699585,439.1046380996704,110.12184593081474,0.9999306797981262,424.2549982070923,109.63152971863747,0.9999438524246216,444.3393545150757,113.57780668139458,0.9998989701271057,418.53047800064087,112.35651060938835,0.9999403953552246,461.6904535293579,147.39565759897232,0.9998065829277039,400.0862226486206,143.29095631837845,0.999772310256958,489.19801235198975,104.61230942606926,0.9952676296234131,379.91237688064575,90.01470017433167,0.988645076751709,467.34297275543213,55.30954985320568,0.9890090823173523,399.80145359039307,36.16641557216644,0.9749920964241028,449.2349662780762,256.6941201686859,0.9998137950897217,410.10214281082153,257.6805362701416,0.9997676610946655,443.55323219299316,339.69666743278503,0.9717186689376831,412.20513248443604,339.64185070991516,0.9750187993049622,435.64545726776123,408.68550753593445,0.964094340801239,408.78876304626465,410.56896340847015,0.955008327960968
640,20.90540004428476,155.78089379321182,167.2295085623899,126.36371955802288,144.2113836700826,177.00661184850722,177.4649233995174,177.6930677051597,175.2352956721764,429.0998125076294,115.89956840872765,0.999972403049469,437.1054925918579,110.18040210008621,0.9999204874038696,422.4450922012329,109.65037652850151,0.9999356865882874,442.65297985076904,113.61226657032967,0.9998876452445984,416.8834271430969,112.61901262402534,0.9999336004257202,461.03099632263184,146.89814740419388,0.9997951984405518,398.81444120407104,143.41304033994675,0.9997535943984985,487.8022699356079,101.99757453799248,0.9953420758247375,381.44388246536255,88.91176292300224,0.9892349243164062,467.4264221191406,53.59966483712196,0.9888364672660828,399.1709837913513,34.70952369272709,0.975189208984375,448.0754699707031,259.11389100551605,0.999811053276062,408.7442078590393,259.05981504917145,0.9997690916061401,443.01397037506104,339.73558616638184,0.9703313112258911,412.0997214317322,340.05009853839874,0.9739075899124146,435.85178089141846,409.0509903430939,0.9627797603607178,409.14191913604736,410.850426197052,0.9549998044967651
641,20.921300048939884,157.71003406798798,169.8492922909874,130.89622322843832,148.7118428798677,176.32048242981784,178.0260340592649,177.52469023984713,175.20522875575466,427.53600883483887,115.70783096551895,0.9999675750732422,435.49978733062744,109.82568177580833,0.9999098181724548,420.493736743927,109.57199773192406,0.9999268054962158,441.28685665130615,113.43572908639908,0.9998738169670105,415.06520652770996,112.65999695658684,0.9999255537986755,459.8588638305664,146.15457451343536,0.9997786283493042,397.3525357246399,143.1639148592949,0.9997264742851257,485.3145589828491,100.1737931072712,0.995291531085968,382.5285725593567,87.87181931734085,0.9897327423095703,467.39781379699707,51.30429291725159,0.9885173439979553,398.7093586921692,32.465873658657074,0.9755383729934692,446.54047679901123,259.8771939277649,0.9998061060905457,407.2279667854309,259.3685722351074,0.9997682571411133,442.3685140609741,339.47950887680054,0.9683943390846252,411.2796583175659,339.8076114654541,0.9729684591293335,435.69736671447754,409.07469487190247,0.9609231352806091,408.90142726898193,411.07670187950134,0.9551557898521423
642,16.44859998486936,158.45220114490846,171.39550643766364,134.4537523690596,151.50075508832407,175.9300477180782,178.7829359714883,177.93586842349163,175.19366297810592,425.496376991272,115.39644548296928,0.9999616742134094,433.71277809143066,109.5696970820427,0.9998965859413147,418.83407497406006,109.41034680604935,0.9999158382415771,440.05230140686035,113.37304884195328,0.9998564720153809,413.5513663291931,112.58313530683517,0.9999154210090637,458.08888816833496,145.54385524988174,0.999764621257782,395.81097173690796,143.01195800304413,0.9997026920318604,482.9294033050537,99.11186867952347,0.9952243566513062,382.9310350418091,88.62299218773842,0.9901929497718811,467.7674980163574,50.73028789460659,0.9882340431213379,398.2110381126404,32.291426703333855,0.9760690331459045,444.8522825241089,259.9723254442215,0.9998009204864502,405.4036555290222,259.2334393262863,0.9997648596763611,441.3420515060425,339.4638388156891,0.967313289642334,410.35014057159424,340.07725048065186,0.9721868634223938,435.7147035598755,409.51855647563934,0.960072934627533,408.73551416397095,410.95379161834717,0.9549844861030579
643,14.181300008203834,158.5349997302809,174.30562408851858,136.41015884859792,155.29279172446854,175.44890826933988,178.907280331219,178.43357489600163,176.10495665648025,423.22236919403076,115.43270030617714,0.9999544620513916,431.63599586486816,109.58528167009354,0.9998803734779358,417.2745928764343,109.43759134411812,0.9999016523361206,438.5172576904297,113.51551106572151,0.9998351335525513,412.3881549835205,112.59795063734055,0.9999011158943176,456.6697940826416,145.2612100839615,0.9997461438179016,393.8555221557617,142.79407292604446,0.9996704459190369,481.4906978607178,98.87720239162445,0.9950776696205139,383.3631167411804,86.19611284136772,0.990416944026947,468.24939155578613,50.92857827246189,0.9877236485481262,397.85295391082764,28.952453643083572,0.9760705828666687,443.242280960083,259.78801703453064,0.9997919797897339,403.64568424224854,259.18315267562866,0.999758243560791,440.29304599761963,338.86376094818115,0.9660208225250244,408.8386507034302,339.1515202522278,0.9711364507675171,435.7116708755493,409.6640601158142,0.9594174027442932,408.61643075942993,410.0433895587921,0.9551544785499573
644,16.556299990043044,157.6829615868627,174.48937442704104,136.34120713923286,155.47142369679779,175.26765184413358,179.58449854424083,179.76702589206988,176.7690120566319,421.2359104156494,115.55472734570503,0.9999511241912842,429.60935401916504,109.71177467703819,0.9998738765716553,415.7771291732788,109.44694352149963,0.9998949766159058,437.0027856826782,113.77980801463127,0.9998266100883484,410.94730138778687,112.6109069287777,0.9998942017555237,455.1779661178589,145.43385142087936,0.9997429251670837,392.12542629241943,142.91411983966827,0.9996569156646729,480.63755321502686,99.79610189795494,0.9949421882629395,382.65986251831055,89.95088028907776,0.9907339811325073,468.4966564178467,52.86184000968933,0.9874317646026611,397.741907119751,31.19181577861309,0.976622998714447,441.4649257659912,259.78180599212646,0.9997936487197876,401.5173969268799,259.08055651187897,0.9997607469558716,438.55349826812744,338.9498038291931,0.9657350182533264,407.46891355514526,339.99397122859955,0.9708592891693115,435.63479232788086,410.4033451080322,0.9595314860343933,408.6722068786621,410.6421568393707,0.9553481936454773
645,14.641899964772165,155.4263064668934,175.8255415257014,134.85644213626213,157.3836271408524,175.20044669784178,179.55147225638655,178.883637081126,177.4354032347002,419.86344385147095,115.40677347779274,0.9999486207962036,427.82386112213135,109.58743986487389,0.9998681545257568,414.7331528663635,109.10286459326744,0.999889075756073,435.3264694213867,113.80310654640198,0.9998190402984619,410.09478855133057,112.38401156663895,0.9998870491981506,453.2426586151123,145.62425690889359,0.9997406601905823,390.76407957077026,143.02442282438278,0.99964439868927,480.31022548675537,101.29350444674492,0.9948402643203735,382.56448459625244,90.90482375025749,0.9909709095954895,468.7636842727661,54.056920781731606,0.9871398210525513,396.93885231018066,31.830050244927406,0.9769321084022522,439.5767765045166,259.65755665302277,0.9997945427894592,400.4340715408325,259.0020922422409,0.9997630715370178,436.76482105255127,338.82464277744293,0.9656671285629272,406.4927682876587,339.24938690662384,0.9705449938774109,435.6166467666626,410.4893025159836,0.9599749445915222,408.6496386528015,409.7209566831589,0.9560080170631409
646,21.510899998247623,152.4737999684419,174.64847322086464,133.92367442186017,153.20615863062525,175.06443699759777,179.64841049715642,178.45936996528738,177.6807648247752,417.4806890487671,115.42061299085617,0.9999479055404663,425.14741611480713,109.6010229587555,0.999866247177124,412.72101736068726,109.1332431435585,0.9998869895935059,433.18059253692627,113.82181090116501,0.9998174905776978,408.3555693626404,112.4019039273262,0.9998852014541626,451.43174171447754,145.7725241780281,0.9997500777244568,388.58592987060547,143.08375537395477,0.999652624130249,480.5410633087158,102.8989306986332,0.9948896169662476,379.1223120689392,91.82211351394653,0.9914367198944092,470.2762861251831,54.1954405605793,0.987301230430603,396.42660665512085,32.77616223692894,0.9778351187705994,438.1846227645874,259.4194002151489,0.9998010993003845,398.96703577041626,259.2116152048111,0.9997700452804565,435.80952548980713,338.83472859859467,0.9660394787788391,405.6155643463135,339.110635638237,0.9705584645271301,435.59349727630615,410.621101975441,0.9604206085205078,408.6042242050171,409.3200880289078,0.9559648036956787
647,14.67980002053082,148.80936507920975,170.61977340933367,131.51608327116892,143.7649582137236,175.35670481242252,179.17737729743186,177.49718232762243,179.34667152971514,415.1528511047363,115.43460208177567,0.9999476075172424,422.47089529037476,109.44269123673439,0.9998652338981628,410.54339838027954,109.03759878873825,0.999886155128479,430.60781478881836,113.69514694809914,0.9998176693916321,406.1411032676697,112.33403831720352,0.9998847246170044,449.3014831542969,145.87581837177277,0.9997625350952148,386.74377632141113,143.1239419579506,0.9996665716171265,481.187783241272,104.27574500441551,0.9949300289154053,373.5531916618347,92.79930564761162,0.99191814661026,471.6788520812988,55.41976024210453,0.9874201416969299,396.35296297073364,35.05958217382431,0.9787966012954712,436.7989892959595,259.49661087989807,0.9998103380203247,397.61733961105347,260.17825853824615,0.9997805953025818,434.51103115081787,339.59854435920715,0.9662973284721375,403.9035634994507,340.32876920700073,0.970367968082428,435.58935260772705,410.8772362470627,0.9604583382606506,408.5684132575989,409.98757565021515,0.9557031989097595
648,19.58530000410974,140.16823698025115,166.85310264630866,125.88709424341835,135.56694897668487,174.21789174400064,178.912385381284,178.21758931884415,177.77041295392277,413.423867225647,115.45438197255135,0.9999479651451111,420.72078371047974,109.44985672831535,0.9998654723167419,408.9837899208069,109.0538600385189,0.9998864531517029,428.9567708969116,113.70099472999573,0.9998183846473694,404.7512493133545,112.35552054643631,0.999885082244873,447.3490409851074,146.00006771087646,0.9997745156288147,385.1078200340271,143.14969784021378,0.9996827244758606,481.06243228912354,113.58989399671555,0.9948643445968628,369.05155086517334,94.24501836299896,0.9923492670059204,472.9880619049072,56.01980249583721,0.9873061776161194,396.26766872406006,39.073500379920006,0.9794889688491821,434.828351020813,259.45965802669525,0.9998186826705933,395.4299907684326,260.44826793670654,0.9997904896736145,434.10364055633545,340.0507538318634,0.9667749404907227,400.9327964782715,340.3156633377075,0.9704179763793945,435.6723976135254,410.96994602680206,0.9609857201576233,408.4517560005188,409.85671639442444,0.9560107588768005
649,15.30929998261854,128.19514516441066,161.75260945803493,115.65778423199566,124.39117767870522,173.46582456920387,177.84213905831072,177.4083965582485,175.94304576295735,411.86152935028076,116.02891051769257,0.9999491572380066,419.2262010574341,109.61205610632896,0.999866783618927,407.03812074661255,109.49817749857903,0.9998885989189148,427.20670986175537,114.2220741212368,0.999820351600647,402.16376304626465,113.0102156996727,0.9998869299888611,445.6311264038086,146.82313054800034,0.9997830986976624,383.44681882858276,144.58229756355286,0.9996974468231201,481.15113830566406,124.5590507388115,0.99472975730896,364.2892255783081,101.07526323199272,0.9927703738212585,474.0934247970581,61.854090332984924,0.9869175553321838,396.1843457221985,49.720466420054436,0.9799355268478394,433.4716796875,260.31134009361267,0.9998258948326111,394.79757499694824,262.0753901004791,0.999799370765686,434.0561285018921,340.29207277297974,0.9670732021331787,399.3860263824463,340.2238652706146,0.9702304601669312,437.7382116317749,410.310093998909,0.9608395099639893,408.4350004196167,409.73380613327026,0.9557855725288391
650,14.712800038978457,112.99535333232296,155.49154501084098,101.50257682242726,115.11139678092741,173.33132186786744,177.29274425297507,177.26797827916153,176.0933190041636,411.3415756225586,116.98377281427383,0.9999510645866394,419.1457591056824,110.36019468307495,0.9998700618743896,405.87255907058716,110.3974894285202,0.9998924136161804,426.6144771575928,115.05858471989632,0.9998233914375305,400.63875246047974,113.6450312435627,0.9998900294303894,445.3292226791382,147.789716899395,0.9997838735580444,381.10793685913086,145.830859541893,0.9997053742408752,481.0981674194336,136.8558035492897,0.9944883584976196,360.7710590362549,111.78366303443909,0.9931702613830566,474.80287075042725,71.4150997698307,0.9864532351493835,396.0598793029785,59.54085810482502,0.9803667664527893,433.32641410827637,262.0287503004074,0.9998278617858887,394.3152265548706,264.6618903875351,0.9998030662536621,434.2452163696289,340.50846207141876,0.966914176940918,399.1156373023987,340.23050367832184,0.9700410962104797,438.26701068878174,408.14748311042786,0.9601171612739563,408.3110394477844,409.68822050094604,0.9559475183486938
651,20.468599977903068,93.94610849327088,139.17612084134697,83.01718691278636,97.19763090425492,173.60053387240745,177.29297252149624,176.6948251655347,177.24184735234584,410.70311975479126,117.5733090043068,0.9999518394470215,419.0327410697937,111.15669676661491,0.999870240688324,404.420636177063,110.61397132277489,0.9998927712440491,426.2330160140991,115.33763289451599,0.9998242259025574,399.1472783088684,113.63783013820648,0.9998888969421387,444.38833236694336,147.8999344110489,0.9997778534889221,379.2373266220093,145.83670020103455,0.9997016787528992,481.2286739349365,149.05715417861938,0.9942804574966431,357.0642342567444,125.78493386507034,0.9933522939682007,475.7297601699829,88.44255855679512,0.9855346083641052,391.73276948928833,76.13736528158188,0.9793276786804199,433.058274269104,260.51194536685944,0.9998138546943665,393.91433095932007,264.4780663251877,0.9997924566268921,433.93744945526123,337.5094118118286,0.9649260640144348,399.64853048324585,339.945109128952,0.968464195728302,438.20211124420166,399.12488985061646,0.9565696120262146,408.32461071014404,409.56815934181213,0.9545832276344299
652,17.701500037219375,78.62213178902685,102.4237973527206,69.15115284761028,57.67026046040609,174.49595464839396,176.63793187312987,176.6872509123468,177.78340920928076,410.1064643859863,118.07171666622162,0.9999538064002991,417.6507215499878,111.65236216783524,0.9998727440834045,403.20324087142944,110.94016501307487,0.9998965263366699,424.6095190048218,115.35633724927902,0.9998274445533752,397.4318656921387,113.6305364370346,0.999891459941864,442.3416748046875,147.8655172586441,0.9997520446777344,377.2581715583801,145.92029285430908,0.9996829628944397,480.3596076965332,158.91216957569122,0.9938716888427734,351.22811126708984,143.91318595409393,0.993270218372345,475.5613956451416,99.88013616204262,0.9840639233589172,386.9366044998169,96.07444813847542,0.9766204357147217,433.14480686187744,256.83819925785065,0.9997775554656982,393.6302695274353,262.19881319999695,0.9997644424438477,434.03874111175537,332.16312885284424,0.9622368812561035,399.8961491584778,339.19323110580444,0.967158854007721,438.1800231933594,391.49505162239075,0.9513596892356873,408.31265687942505,409.05916726589203,0.9536564946174622
653,14.3091999925673,62.98327863870823,80.73215475925038,53.13162547502651,31.0945597259677,173.94332740053216,176.95569019239147,177.69383008872143,178.52000424653875,408.92629528045654,119.57001668214798,0.9999567270278931,416.34156227111816,113.0513424873352,0.9998779296875,402.02789878845215,111.69420123100281,0.9999025464057922,422.7023901939392,115.92408493161201,0.9998329281806946,396.1797208786011,113.79325577616692,0.9998968243598938,441.4018964767456,148.9135736823082,0.9997532963752747,375.36850595474243,147.14309895038605,0.9996991753578186,479.86366271972656,172.7949177622795,0.9940081238746643,340.95767307281494,158.1740527153015,0.9937158226966858,475.41830348968506,122.30660766363144,0.9841275811195374,378.03547382354736,115.71787405014038,0.9774954915046692,432.35484313964844,256.2053567171097,0.9997580647468567,392.54214239120483,261.96883368492126,0.9997463226318359,433.7697420120239,321.74248123168945,0.9641398191452026,399.6426672935486,336.2275438308716,0.9688009023666382,437.7188024520874,385.5243309736252,0.9527080059051514,408.25723457336426,406.98020601272583,0.9556184411048889
654,17.150300031062216,53.52432180704645,65.42906910885918,43.7628383334239,12.963547620058415,173.94113983408363,176.76323617978076,179.05219949651155,178.5967389756502,409.37685108184814,119.50676661729813,0.9999578595161438,416.40610790252686,112.99101987481117,0.9998769164085388,402.33114194869995,111.6714796423912,0.9999046325683594,421.32208919525146,115.7111145555973,0.9998292922973633,395.9583349227905,113.78314146399498,0.999896228313446,439.376012802124,151.80207878351212,0.9997548460960388,375.1676411628723,149.50615841150284,0.9997096657752991,478.57123374938965,185.38888889551163,0.9937109351158142,341.6856436729431,171.5283352136612,0.9939944744110107,474.3222408294678,142.39071130752563,0.9836181402206421,370.81811475753784,141.04535108804703,0.9785037636756897,431.8580389022827,256.22441720962524,0.9997496008872986,392.4952621459961,261.91244995594025,0.9997366070747375,433.83772468566895,314.6425759792328,0.9656441807746887,399.6793122291565,336.1617010831833,0.9700388312339783,436.9764013290405,376.843572974205,0.9525736570358276,408.2309260368347,406.5219849348068,0.9574296474456787
655,14.573399967048317,44.71287402359314,57.97114070827875,34.455097825279246,0.9259872666566566,171.85308736145382,177.52356749333944,177.38042351280512,179.53141013952978,408.9949097633362,119.76102048158646,0.9999596476554871,415.76327991485596,113.35361796617508,0.9998803734779358,401.7604160308838,112.85018876194954,0.9999083280563354,420.2629494667053,116.01397410035133,0.9998330473899841,395.4964065551758,115.44730195403099,0.9998980164527893,439.8256587982178,153.32355624437332,0.9997694492340088,375.74968910217285,154.180053293705,0.9997301697731018,472.3598918914795,191.987366437912,0.992954432964325,344.1723690032959,181.18039482831955,0.9943099617958069,469.02722454071045,158.14617425203323,0.982535183429718,375.46471786499023,155.28734254837036,0.9798124432563782,431.5224723815918,255.774316072464,0.9997597932815552,391.83608293533325,261.77295792102814,0.999746561050415,434.13053035736084,298.2518345117569,0.9674156308174133,399.7726936340332,336.9444063901901,0.9713842272758484,435.2138557434082,367.68419432640076,0.9532002806663513,407.9268488883972,408.5618849992752,0.9595901370048523
656,17.39270001417026,34.17693841134527,45.18367228648371,30.37882906718128,15.377979948202208,170.26358362746697,176.53027105702643,174.35396161350678,179.95672631079682,408.37242603302,120.52037739753723,0.9999602437019348,415.0038957595825,114.0308139026165,0.9998822808265686,400.7968816757202,113.90370121598244,0.9999102354049683,419.4037141799927,116.46347692608833,0.9998312592506409,394.39824628829956,116.54533162713051,0.9998950362205505,439.76980686187744,155.7522875070572,0.9997847080230713,373.6485948562622,156.96006458997726,0.9997492432594299,465.56273651123047,201.24492514133453,0.9913649559020996,346.00423669815063,195.7661589384079,0.9945913553237915,465.90118408203125,177.79621720314026,0.9806030988693237,376.1950640678406,171.18080174922943,0.9812504053115845,431.74931716918945,254.89573848247528,0.9997697472572327,391.5932660102844,261.7350078821182,0.9997555017471313,434.8371458053589,289.41671216487885,0.9696084260940552,399.93218755722046,337.89002335071564,0.9727879166603088,434.1637382507324,361.5797938108444,0.9550679326057434,407.91517305374146,411.30688083171844,0.96187824010849
657,19.608200003858656,31.386850486740872,40.15926197767715,22.55701812078628,35.38248939392789,172.52084403897845,175.48379637793934,174.89060476382753,179.63005082306398,408.5139260292053,121.66919231414795,0.9999539852142334,414.8260540962219,115.04851314425468,0.9998676776885986,400.92837381362915,114.99988609552383,0.9998990893363953,418.6379108428955,117.34715440869331,0.9998003840446472,394.17147731781006,117.5846555531025,0.999873161315918,438.68718910217285,157.68899309635162,0.9997934103012085,372.00106382369995,158.8070519566536,0.9997618794441223,461.42029190063477,201.62016612291336,0.9898107051849365,347.16166067123413,202.9476339817047,0.9946119785308838,460.18346214294434,186.90110677480698,0.9778862595558167,377.6895456314087,188.55002456903458,0.9818614721298218,431.84055042266846,254.95152390003204,0.9997759461402893,391.74419260025024,262.389332652092,0.999764621257782,434.5778007507324,300.32170712947845,0.9707537889480591,400.0540256500244,337.9596554040909,0.9738997220993042,432.9416675567627,356.885613322258,0.9524397253990173,407.6118793487549,411.0309453010559,0.9635753035545349
658,19.67549999244511,25.736384437613413,36.89125828045911,3.8283091591905154,52.110003046558994,166.8212706516535,175.2322051934661,167.8534006923106,179.44817556343094,408.745698928833,122.51647251844406,0.9999514818191528,414.91910696029663,115.94889348745346,0.9998630881309509,401.21539211273193,115.82976540923119,0.9998940825462341,418.5445294380188,118.0088654756546,0.9997754096984863,394.0962920188904,118.16629973053932,0.9998559951782227,437.9443836212158,158.85986006259918,0.9998010396957397,371.25456857681274,160.76435655355453,0.9997735619544983,457.4117908477783,207.7689698934555,0.9870728850364685,348.05097007751465,208.6873209476471,0.9944847226142883,453.12079524993896,194.46461790800095,0.9751635789871216,378.76920652389526,202.1274629831314,0.9826652407646179,431.2112684249878,254.37574887275696,0.9997812509536743,391.12112760543823,262.4413857460022,0.9997677206993103,434.6692361831665,275.8529351949692,0.9721864461898804,399.449914932251,338.0292304754257,0.9746024012565613,430.8912696838379,347.938435792923,0.9531261324882507,406.78329944610596,411.0354183912277,0.965186357498169
659,17.485199961811304,20.214796514047265,35.48081792331971,36.96747812402022,67.99938268675706,151.85735429401444,174.92572306143626,150.84653970498462,179.42662983207916,408.865110874176,123.26115655899048,0.9999464750289917,414.8105115890503,117.023446559906,0.9998519420623779,401.3396816253662,116.5846421122551,0.999885618686676,418.36198711395264,118.92391869425774,0.9997251033782959,394.0070300102234,118.64058974385262,0.9998288750648499,437.4266538619995,160.1750767827034,0.9998008608818054,370.8974952697754,162.51701015233994,0.9997810125350952,452.13279724121094,211.7908477783203,0.9830247759819031,348.50481128692627,212.51416355371475,0.9941547513008118,450.01603412628174,210.1882421374321,0.9708201289176941,382.1113510131836,213.7617283463478,0.9827349781990051,430.3696985244751,253.77367663383484,0.9997866153717041,390.9736886024475,262.49620246887207,0.9997706413269043,436.37183570861816,267.3624687194824,0.9741241931915283,399.36868953704834,338.782191157341,0.9758346676826477,429.3582983016968,342.6442914009094,0.9555240273475647,406.64698028564453,411.61692011356354,0.9672744274139404
660,15.969200001563877,17.79829964135405,32.05369608080498,150.64551857762422,94.14810553540796,120.71103434847103,174.49137594029057,119.81895415960913,179.40638107685854,408.9389314651489,124.30572283267975,0.9999406933784485,414.5356492996216,118.36339348554611,0.9998387694358826,401.45128440856934,117.87199461460114,0.9998745918273926,418.0729470252991,120.0965022444725,0.9996628761291504,393.87490606307983,119.85391545295715,0.9997877478599548,437.5662078857422,162.36831551790237,0.9998019933700562,371.03674602508545,164.32067692279816,0.9997877478599548,450.0838146209717,216.58006006479263,0.979179322719574,352.3099708557129,214.7957102060318,0.9930506348609924,447.9162540435791,223.9673399925232,0.9669296145439148,382.25676822662354,228.44545882940292,0.9817371964454651,430.0282688140869,252.20191252231598,0.9997923970222473,391.01892614364624,260.82534658908844,0.9997733235359192,436.34413719177246,256.7082232236862,0.9757975339889526,399.35521936416626,337.69115602970123,0.9766755104064941,427.99839210510254,340.4914529323578,0.9580613374710083,406.5904207229614,411.53369784355164,0.9692626595497131
661,16.558100003749132,16.766418970160377,29.827539411007812,165.65453122692472,109.96091602690181,90.91687747083999,174.09520874015703,90.97560873737449,179.8073146800852,409.00474071502686,125.1253382563591,0.9999372959136963,414.4807071685791,119.22706314921379,0.9998334646224976,401.5646562576294,118.78071570396423,0.9998670220375061,418.19425439834595,120.9597516655922,0.9996309280395508,393.9302020072937,120.8388500213623,0.9997533559799194,437.8679094314575,164.36523687839508,0.9998081922531128,371.1713466644287,165.1488823890686,0.9997934103012085,449.0338487625122,219.7758693099022,0.9739686846733093,354.8530535697937,215.3943207859993,0.9914500117301941,448.6348485946655,227.5126628279686,0.9617243409156799,381.04028272628784,235.81963288784027,0.9798533916473389,429.61243724823,252.13752281665802,0.99980229139328,391.0830674171448,260.1691414117813,0.9997802972793579,434.4584140777588,252.67167246341705,0.9770117998123169,399.13643646240234,337.6973670721054,0.9770569205284119,426.5960283279419,337.1938737630844,0.9604871869087219,406.5914821624756,411.89279866218567,0.971104085445404
662,16.538699972443283,15.81816451738127,27.84380875073017,177.58131140917152,131.0507631167658,136.78683573349633,173.8930846862557,137.49028685477995,179.89356990150486,409.0591015815735,125.47351276874542,0.9999329447746277,414.5055751800537,119.4789522588253,0.9998276829719543,401.64719581604004,119.19520306587219,0.9998581409454346,418.2897081375122,121.16101223230362,0.999605655670166,393.931010723114,121.32242810726166,0.9997199773788452,437.6896381378174,163.06970745325089,0.9998186826705933,371.3233599662781,165.01788067817688,0.9998000264167786,446.1707420349121,209.53512823581696,0.9701303243637085,357.2172837257385,214.49585646390915,0.9905657172203064,449.8520669937134,225.78746032714844,0.9572706818580627,376.2017865180969,243.68871021270752,0.9791420102119446,429.28849601745605,250.73396968841553,0.9998155236244202,391.10432147979736,258.633731842041,0.999794065952301,432.66306495666504,255.09400749206543,0.9782289266586304,399.15238332748413,337.53471183776855,0.9777125716209412,425.93864345550537,335.66769528388977,0.9627532362937927,406.6016163825989,411.93365478515625,0.9730664491653442
663,15.622899984009564,16.156170645827476,25.667391679475582,178.3938700983572,149.78842623850585,153.55963975005523,173.32584375086014,153.8819548470922,178.85781093237958,408.98995637893677,125.9270755648613,0.9999202489852905,414.4092116355896,119.72207325696945,0.9998050332069397,401.6067852973938,119.61182725429535,0.9998257756233215,418.3837971687317,121.24998968839645,0.9995337724685669,393.867956161499,121.61047232151031,0.9996165633201599,437.6931257247925,162.320037484169,0.9998259544372559,371.47666215896606,164.54313480854034,0.9997961521148682,445.82678508758545,205.00301891565323,0.9687075614929199,359.3291440010071,213.80759888887405,0.9897060394287109,451.3326234817505,230.0553296804428,0.9551945328712463,370.3896975517273,251.48516392707825,0.9785799384117126,429.40110969543457,250.57880759239197,0.9998263120651245,391.1728096008301,258.6931926012039,0.9998043179512024,432.6533098220825,259.01887345314026,0.9794924855232239,398.2456865310669,337.2972391843796,0.9785377383232117,425.7142753601074,337.62232172489166,0.9649613499641418,406.5244092941284,412.4789159297943,0.9748461246490479
664,18.64910003496334,16.687940286626432,22.487419364728204,179.10458673282378,166.8058888331349,161.53103065984288,173.27188453990803,162.05600891865978,178.87711265502782,408.9089331626892,126.05851888656616,0.9999117255210876,414.33463287353516,119.74557834863663,0.9997926950454712,401.5573019981384,119.74681770801544,0.9998056888580322,418.4753084182739,121.20089966058731,0.9994921088218689,393.80801010131836,121.68407887220383,0.999540388584137,437.80750846862793,161.99126535654068,0.9998370409011841,371.63077306747437,164.00187665224075,0.9998011589050293,445.9657325744629,202.81727331876755,0.9684909582138062,361.9236054420471,215.45966494083405,0.9888715147972107,452.24045753479004,231.84901034832,0.9546460509300232,363.83909940719604,259.1360000371933,0.9784310460090637,429.4717206954956,250.38176369667053,0.9998378753662109,391.24170207977295,257.8373223543167,0.9998167157173157,432.4402132034302,263.15673828125,0.9806904792785645,398.29802560806274,337.271711230278,0.9794142246246338,425.92792797088623,339.70880460739136,0.9668893814086914,406.4950680732727,412.7357624769211,0.9765333533287048
665,26.237400015816092,17.46527261578494,21.225840903625656,179.35036160554623,177.7840816995773,164.96933206971153,173.3554712957884,165.86669669370892,179.12464218739456,408.8457269668579,125.96337312459946,0.9998948574066162,414.2911138534546,119.57705396413803,0.9997677803039551,401.52624225616455,119.59148466587067,0.9997732043266296,418.54857301712036,121.1359258890152,0.9994305968284607,393.8303256034851,121.53960090875626,0.9994381070137024,438.0574016571045,161.8531551361084,0.9998440146446228,371.6877369880676,163.67039787769318,0.9997950792312622,446.7171812057495,202.6213120818138,0.967293381690979,362.6316614151001,217.87244123220444,0.9877385497093201,452.94434356689453,233.66502797603607,0.951410174369812,356.25941038131714,267.8270148038864,0.9770957827568054,429.5408658981323,250.73949694633484,0.9998444318771362,391.2684655189514,257.8868967294693,0.9998227953910828,432.2530460357666,266.84726560115814,0.9816696047782898,398.3470540046692,337.2642750740051,0.9800636768341064,426.18085384368896,342.7208182811737,0.9678977131843567,406.2624611854553,412.9388464689255,0.9777995347976685
666,16.59569999901578,17.7840951367092,21.292741786724246,179.22320373332082,176.5391606577568,168.18433292559516,172.99095206221392,169.69656066739697,179.13480292075363,408.8609662055969,126.400439620018,0.9998763203620911,414.32338666915894,119.6848354935646,0.9997391700744629,401.53832244873047,119.87417256832123,0.9997448325157166,418.5871386528015,121.06472682952881,0.9993747472763062,393.86510038375854,121.65578728914261,0.9993594288825989,438.43866062164307,161.6791889667511,0.9998505115509033,371.78887701034546,163.7699882388115,0.9997962117195129,447.688196182251,203.88783764839172,0.9673511981964111,362.3809847831726,220.91400009393692,0.9872662425041199,455.53486251831055,237.50819593667984,0.9500214457511902,350.66489124298096,272.44156289100647,0.9767467975616455,429.9488124847412,251.09640395641327,0.9998500943183899,391.71747970581055,257.98157238960266,0.9998294711112976,432.2254991531372,271.4194760322571,0.9825953245162964,398.55251836776733,337.14578092098236,0.9808610081672668,427.1805782318115,345.2019587755203,0.968081533908844,406.2569012641907,412.99562907218933,0.9790554046630859
667,13.796200044453144,18.209624162492695,21.75651543808344,178.07935572861444,171.7486361410185,171.87101324804817,172.97895952336296,174.51337395520304,179.92967727071988,408.87569999694824,126.74656277894974,0.999862015247345,414.3474712371826,119.77377021312714,0.9997156262397766,401.560359954834,120.08842504024506,0.9997231960296631,418.6178698539734,121.00869923830032,0.9993393421173096,393.88764333724976,121.7670162320137,0.9993158578872681,438.9594736099243,161.23893147706985,0.9998561143875122,371.8562026023865,163.89137423038483,0.999800443649292,448.5482654571533,203.87205362319946,0.9680950045585632,362.05411195755005,221.97727072238922,0.9870590567588806,457.82464027404785,239.4939203262329,0.9486083388328552,345.69103622436523,272.8511213064194,0.9764524102210999,430.2406072616577,251.22931456565857,0.9998518824577332,392.15557622909546,257.95453441143036,0.999835193157196,431.98556327819824,289.729429602623,0.9831716418266296,399.2909770011902,337.0173434019089,0.9815415143966675,429.1556644439697,345.755738735199,0.9660749435424805,406.22326374053955,412.79057919979095,0.9799367785453796
668,15.357800002675503,18.026833884472108,22.377571412416213,175.783310249606,168.21117399203405,173.10405449199396,173.09377114007307,179.8004124248823,179.29671000283633,408.888032913208,127.36236768960953,0.9998577237129211,414.3719096183777,120.12846916913986,0.9997079968452454,401.5770902633667,120.56932497024536,0.9997155666351318,418.62906551361084,121.0376461148262,0.9993422031402588,393.91104555130005,121.98782163858414,0.9993098974227905,439.73210048675537,161.1302097439766,0.9998639822006226,371.9476127624512,163.79779547452927,0.9998096823692322,448.9242172241211,204.01383918523788,0.9694549441337585,361.643132686615,221.2584137916565,0.9866475462913513,459.4685573577881,240.03769993782043,0.9484581351280212,341.424352645874,271.4133219718933,0.975906491279602,430.3715181350708,251.27150976657867,0.999855101108551,392.2724356651306,257.71874272823334,0.9998438358306885,431.1515245437622,297.4640293121338,0.9837099313735962,399.55845975875854,336.19281327724457,0.9823880791664124,431.8837661743164,352.1018855571747,0.9635047912597656,405.7036385536194,412.5501719713211,0.9808958768844604
669,15.132500033359975,18.02876659536293,23.130004111680094,175.04128926477807,165.15395377357814,174.61905834470684,172.91160542317598,173.8995340912131,178.7486610366236,408.98851585388184,128.37274473905563,0.9998646378517151,414.50218868255615,120.91050493717194,0.99972003698349,401.74158811569214,121.27175682783127,0.9997257590293884,418.81537342071533,121.4353380203247,0.9993804097175598,394.0761752128601,122.37245041131973,0.9993447661399841,440.29415798187256,160.99671506881714,0.9998742938041687,372.3153004646301,163.69522780179977,0.9998231530189514,449.46656227111816,203.93466264009476,0.9715301394462585,361.5557155609131,219.72880214452744,0.9862326383590698,460.4761161804199,239.90712559223175,0.9505410194396973,339.4335217475891,265.66312181949615,0.975527286529541,430.84967136383057,251.30250799655914,0.9998549818992615,392.7557444572449,257.7562084197998,0.9998526573181152,430.19380283355713,315.0422195196152,0.9840270280838013,399.87100315093994,336.3659247159958,0.9835406541824341,434.62157249450684,360.9346431493759,0.9602471590042114,405.06305980682373,412.12391781806946,0.9821492433547974
670,18.471599963959306,17.382892891701285,24.591380448625788,175.53485213369558,163.36844937019384,176.65659162757908,172.39817864755838,170.01047266813853,178.04800374441567,408.99293851852417,129.90704315900803,0.999866783618927,414.516366481781,122.37594056129456,0.9997209906578064,401.74767875671387,122.36823374032974,0.9997249245643616,418.95040369033813,122.34434401988983,0.9993953704833984,394.2540168762207,123.13219195604324,0.9993541836738586,440.5666446685791,160.8579068183899,0.9998829364776611,372.84392261505127,163.6338296532631,0.999833881855011,449.96356868743896,203.93433499336243,0.9734745621681213,361.2880811691284,218.24105805158615,0.985683262348175,461.16104793548584,241.0897308588028,0.9531762003898621,338.47408151626587,260.1195670366287,0.9751451015472412,432.492880821228,251.73699605464935,0.9998451471328735,393.9660382270813,257.79771983623505,0.9998540878295898,430.3375520706177,322.95494508743286,0.9842682480812073,400.9080801010132,336.49615716934204,0.9845784306526184,437.57469940185547,372.8314960002899,0.9584760665893555,404.9494857788086,411.38349318504333,0.9832803606987
671,14.878800022415817,16.838339649249505,26.34862201185934,175.28536477870955,163.24494575759678,177.58502205689064,172.0902105147543,166.1910069539578,177.58036756671987,409.2464962005615,131.07846570014954,0.999865710735321,414.7637324333191,123.53337401151657,0.9997157454490662,401.9239282608032,123.22528636455536,0.9997178316116333,419.2053008079529,123.00767195224762,0.9993938207626343,394.5435118675232,123.68762439489365,0.9993536472320557,440.8273038864136,160.47592771053314,0.9998900294303894,373.4913249015808,163.57607835531235,0.999842643737793,450.18439865112305,203.82782131433487,0.9749119281768799,360.64257431030273,217.38706821203232,0.9850807189941406,461.59568214416504,241.39965617656708,0.9550407528877258,337.57117557525635,257.0524802207947,0.974855363368988,433.34557056427,252.29356813430786,0.99984210729599,395.1079955101013,257.81398820877075,0.9998554587364197,430.3783416748047,328.0349794626236,0.9846787452697754,402.0342926979065,336.8318098783493,0.9852365851402283,441.787805557251,383.7878032922745,0.959229588508606,405.3831090927124,410.8688029050827,0.9840540289878845
672,17.150800034869462,16.33280033261973,27.77996497455506,175.79090400348505,164.26720515929375,178.57470791907178,171.35270712716758,164.4633233622145,178.19515477917108,409.84595680236816,131.82981663942337,0.9998700022697449,415.42902755737305,124.55090230703354,0.9997227787971497,402.54979848861694,123.97571134567261,0.9997225999832153,419.7305111885071,123.84264403581619,0.9994144439697266,395.0203003883362,124.36152249574661,0.9993739724159241,441.0974655151367,160.3501825928688,0.9998975992202759,374.74857473373413,163.5259056687355,0.9998522996902466,450.4203414916992,203.76185035705566,0.9763559699058533,360.55316066741943,217.317706823349,0.9847484827041626,461.4653778076172,241.46071243286133,0.9572603702545166,337.59985971450806,256.26000249385834,0.9752894043922424,434.2563362121582,253.23488295078278,0.9998493194580078,396.6174383163452,258.2738617658615,0.9998634457588196,430.4566354751587,331.2872009277344,0.9853646755218506,402.68065881729126,337.9892290830612,0.9858388900756836,443.6787853240967,389.7224258184433,0.9611758589744568,405.9192624092102,410.85945785045624,0.9848540425300598
673,15.098600008059293,15.251987779402624,29.177253730807024,174.86513536421117,163.7183901879975,178.54325825603502,171.6219803482284,165.08128022406845,178.19504298843248,410.26532649993896,131.9435527920723,0.999871015548706,416.11021900177,124.74029636383057,0.9997240900993347,403.1650037765503,124.25029355287552,0.9997194409370422,420.62901973724365,124.15617346763611,0.9994214177131653,395.6863031387329,124.65180325508118,0.999374270439148,441.8912706375122,160.24599093198776,0.9999025464057922,376.37662076950073,163.21773254871368,0.9998570680618286,450.4517297744751,204.06711739301682,0.9771953225135803,360.60575246810913,215.82633012533188,0.9838582873344421,461.32112312316895,241.50812149047852,0.9588820338249207,336.94841384887695,252.2984116077423,0.9751190543174744,434.98817348480225,254.28292512893677,0.9998512268066406,397.526864528656,258.7014549970627,0.9998640418052673,431.09653186798096,335.54749166965485,0.9858230948448181,403.2842388153076,338.7917926311493,0.986032247543335,444.99335289001465,399.9479669332504,0.963200032711029,406.19005584716797,410.92886197566986,0.9852038621902466
674,16.341499984264374,14.912368592620346,30.425323987995665,176.11113019485288,162.17435742645029,177.84228770297563,172.7833395766775,167.557170339054,178.37591025764823,411.1773052215576,132.7066135406494,0.9998721480369568,417.4407334327698,125.46046388149261,0.9997258186340332,404.63833236694336,125.02570515871048,0.9997180104255676,422.65604066848755,124.85273617506027,0.9994266033172607,397.5754380226135,125.16143637895584,0.9993787407875061,443.58345794677734,160.19301187992096,0.9999056458473206,379.4762010574341,162.5901608467102,0.9998598694801331,451.62982654571533,204.3252745270729,0.9776191711425781,361.5336275100708,213.6071075797081,0.982973039150238,461.2313051223755,242.20942795276642,0.9600424766540527,335.79677724838257,247.51129341125488,0.9747145771980286,435.92011737823486,255.86813700199127,0.999852180480957,398.311900138855,259.0541738271713,0.9998610615730286,432.43379402160645,338.30097782611847,0.986157238483429,403.6868782043457,339.3010696172714,0.9861568212509155,444.5041809082031,406.60865461826324,0.9651917815208435,406.4509677886963,410.9950751066208,0.9851628541946411
675,15.134199988096952,15.59407660743963,30.315068013393816,179.70078376177307,159.83432843011764,177.4006899448698,173.62277011433173,170.0931983326533,178.14815236993172,412.62313747406006,133.12637174129486,0.9998686909675598,419.0937991142273,125.85774266719818,0.9997175931930542,406.40772676467896,125.52065116167068,0.9997038245201111,424.4757270812988,125.2128199338913,0.9994083046913147,399.44316720962524,125.43284183740616,0.9993546605110168,445.15595531463623,160.13483321666718,0.9999073147773743,381.7247848510742,162.1578665971756,0.9998582005500793,453.6680431365967,204.2733211517334,0.9782546758651733,363.5299425125122,211.6298307776451,0.9820554256439209,461.20512294769287,242.28723692893982,0.9615653157234192,336.39502477645874,243.56038665771484,0.97430020570755,437.23913288116455,256.8711633682251,0.9998505711555481,399.1068172454834,259.5184634923935,0.9998540282249451,434.2692756652832,338.67047786712646,0.9863249659538269,404.34158420562744,339.4864891767502,0.9861568212509155,443.8073205947876,408.05223762989044,0.9669329524040222,406.7056374549866,410.9972974061966,0.9849485754966736
676,17.40259997313842,16.34574066560908,29.82419008906287,176.56407713649915,157.83505554413634,175.22104849392602,174.416942572744,173.267825738141,178.0692190407088,414.20394945144653,132.94610905647278,0.9998677968978882,420.985435962677,125.69812172651291,0.9997157454490662,408.47675037384033,125.35803866386414,0.9996981024742126,426.7721767425537,125.24161010980606,0.9994037747383118,401.95620107650757,125.34511798620224,0.9993463158607483,447.7349500656128,160.0745747089386,0.9999082684516907,384.1609401702881,161.85238587856293,0.9998548626899719,456.01746368408203,204.22559869289398,0.978763997554779,365.97959327697754,209.97471618652344,0.9811245203018188,460.84216117858887,242.4761039018631,0.9627179503440857,337.31023836135864,240.86738693714142,0.9735676646232605,437.9735984802246,257.51235377788544,0.9998488426208496,399.85753297805786,259.5561286211014,0.9998475313186646,436.6568069458008,337.6078767776489,0.9863846302032471,404.79724502563477,339.31884801387787,0.9862826466560364,443.7188673019409,407.2498165369034,0.9682430624961853,406.80440187454224,410.5956025123596,0.9848434925079346
677,18.15999997779727,19.096165924024948,28.16568751337452,168.3611835887446,153.6477127301897,173.18062131145456,175.3640477274102,176.86495407659373,177.89334890438224,416.7169580459595,132.98591101169586,0.9998630285263062,423.5728716850281,125.72765266895294,0.9997047781944275,411.34875297546387,125.35480493307114,0.9996841549873352,429.3003740310669,125.33444809913635,0.999384343624115,405.0900001525879,125.27632641792297,0.9993200302124023,449.7727117538452,160.0292597413063,0.999908983707428,386.85042572021484,161.22895961999893,0.9998519420623779,459.48326587677,204.29524499177933,0.9795756936073303,369.6003909111023,208.1126143336296,0.9802104234695435,459.98188972473145,243.21154260635376,0.9642255306243896,338.08109617233276,237.96845412254333,0.9730552434921265,438.1897783279419,258.285600066185,0.9998467564582825,400.63041257858276,259.70935332775116,0.9998412132263184,438.3224582672119,337.3872423171997,0.9863200783729553,405.2598557472229,339.28528559207916,0.9863766431808472,442.27606773376465,407.4195660352707,0.9693354368209839,406.7815809249878,410.57326555252075,0.9848321080207825
678,29.33589997701347,21.496890581487065,26.870988263931544,162.50497143719878,153.00372954310322,171.1463588924041,176.48169488383363,178.41722306281312,177.9889624589263,419.0587968826294,133.01193755865097,0.9998602271080017,425.968768119812,125.6851155757904,0.9996985197067261,413.7836699485779,125.28913313150406,0.9996761679649353,432.16120624542236,125.34721207618713,0.9993757605552673,407.9039521217346,125.23158127069473,0.9993076920509338,452.07952308654785,160.22495031356812,0.9999086260795593,389.1980013847351,160.29861384630203,0.9998490810394287,462.71838188171387,205.05403208732605,0.9801756143569946,372.2358946800232,206.4863469004631,0.9792145490646362,459.88135623931885,244.20570826530457,0.9652986526489258,339.28595638275146,237.03930497169495,0.9722763299942017,437.98547649383545,258.6831067800522,0.999843955039978,400.8806848526001,259.66476488113403,0.9998321533203125,438.9628095626831,337.8569167852402,0.986287534236908,405.3140649795532,339.2783622741699,0.986436665058136,441.78007221221924,408.3070043325424,0.9706519842147827,406.77498483657837,410.4302121400833,0.9848242402076721
679,14.285399985965341,24.153342536388216,25.596075259159278,155.0902195063559,155.3030846862096,169.53782223734163,177.10554431338446,179.0578898784309,178.15025055350125,421.580322265625,134.99418604373932,0.999854564666748,428.3201599121094,127.09017872810364,0.9996858835220337,415.98592948913574,126.5840215086937,0.9996605515480042,434.454421043396,126.15195518732071,0.9993541836738586,409.84580516815186,125.69941806793213,0.9992749691009521,455.282998085022,160.43726539611816,0.9999105334281921,391.58540630340576,159.5827912092209,0.9998498558998108,467.03090953826904,206.1513637304306,0.9809646010398865,374.765380859375,205.86972999572754,0.9784482717514038,459.8457727432251,244.92869639396667,0.9665380120277405,343.38629722595215,237.61530792713165,0.9714527130126953,438.44164276123047,258.5408511161804,0.9998429417610168,401.4048843383789,259.2702212333679,0.9998243451118469,439.4371213912964,337.62129604816437,0.9864625334739685,405.2150983810425,339.1417478322983,0.9866856336593628,441.4729118347168,407.727667927742,0.9721402525901794,406.3044385910034,409.94643461704254,0.9850370287895203
680,15.970700012985617,25.571977025934686,23.861193657976944,150.86461491899917,158.85828998673023,168.59685793651656,177.49272160513098,179.14150869034668,178.24343063554866,423.62667655944824,138.18352782726288,0.9998456835746765,430.4172611236572,129.4139348268509,0.9996655583381653,417.87539291381836,129.00255298614502,0.9996364712715149,436.50441455841064,127.4581972360611,0.9993166327476501,411.97272777557373,126.83770555257797,0.9992266893386841,458.17314624786377,160.60010582208633,0.999912440776825,393.42285919189453,158.5327261686325,0.9998530745506287,470.17201232910156,206.76535946130753,0.9818304181098938,377.27338552474976,205.3625328540802,0.9778774976730347,460.2875337600708,244.80515933036804,0.9681051969528198,349.69281482696533,238.03592085838318,0.9712250828742981,439.148814201355,258.4487681388855,0.9998385906219482,401.8690366744995,258.40053284168243,0.9998133182525635,439.70126819610596,337.45921063423157,0.9865207672119141,405.1442346572876,339.0012016296387,0.9867733716964722,441.2562770843506,408.2086818218231,0.9734605550765991,405.84966230392456,409.86326932907104,0.9852412343025208
681,15.722000040113926,25.556978082097743,23.026505807755733,151.1333454348245,159.88863530431613,168.56985153730963,177.61168381704974,179.11989342140618,178.10921778167713,424.4976634979248,138.3869679570198,0.9998424649238586,431.68608570098877,129.9197216629982,0.9996564984321594,418.616858959198,129.17693227529526,0.9996268153190613,437.660120010376,128.173564016819,0.9992998838424683,412.7450261116028,127.04861032962799,0.9992043972015381,458.57179260253906,160.7586013674736,0.9999145865440369,393.6958260536194,157.7243077158928,0.9998556971549988,470.49650955200195,207.20775377750397,0.9825870990753174,377.99470949172974,205.05836272239685,0.97738116979599,460.75861072540283,244.94761443138123,0.9693226218223572,351.534791469574,238.3677700161934,0.9707467555999756,439.3108606338501,258.4036953449249,0.9998370409011841,401.85003185272217,257.43055605888367,0.9998071193695068,439.6818084716797,336.6707501411438,0.9867246747016907,405.08676528930664,338.47465908527374,0.9869594573974609,441.10570430755615,407.5009648799896,0.9747993350028992,405.57912158966064,409.6609545946121,0.9855741858482361
682,15.020799997728318,,,,,,,,,0.0,0.0,0.0,0.0,0.0,0.0,0.0,0.0,0.0,0.0,0.0,0.0,0.0,0.0,0.0,0.0,0.0,0.0,0.0,0.0,0.0,0.0,0.0,0.0,0.0,0.0,0.0,0.0,0.0,0.0,0.0,0.0,0.0,0.0,0.0,0.0,0.0,0.0,0.0,0.0,0.0,0.0,0.0,0.0,0.0,0.0,0.0,0.0,0.0,0.0,0.0
683,17.975900031160563,,,,,,,,,0.0,0.0,0.0,0.0,0.0,0.0,0.0,0.0,0.0,0.0,0.0,0.0,0.0,0.0,0.0,0.0,0.0,0.0,0.0,0.0,0.0,0.0,0.0,0.0,0.0,0.0,0.0,0.0,0.0,0.0,0.0,0.0,0.0,0.0,0.0,0.0,0.0,0.0,0.0,0.0,0.0,0.0,0.0,0.0,0.0,0.0,0.0,0.0,0.0,0.0,0.0
684,24.888600048143417,,,,,,,,,0.0,0.0,0.0,0.0,0.0,0.0,0.0,0.0,0.0,0.0,0.0,0.0,0.0,0.0,0.0,0.0,0.0,0.0,0.0,0.0,0.0,0.0,0.0,0.0,0.0,0.0,0.0,0.0,0.0,0.0,0.0,0.0,0.0,0.0,0.0,0.0,0.0,0.0,0.0,0.0,0.0,0.0,0.0,0.0,0.0,0.0,0.0,0.0,0.0,0.0,0.0
685,17.55270001012832,,,,,,,,,0.0,0.0,0.0,0.0,0.0,0.0,0.0,0.0,0.0,0.0,0.0,0.0,0.0,0.0,0.0,0.0,0.0,0.0,0.0,0.0,0.0,0.0,0.0,0.0,0.0,0.0,0.0,0.0,0.0,0.0,0.0,0.0,0.0,0.0,0.0,0.0,0.0,0.0,0.0,0.0,0.0,0.0,0.0,0.0,0.0,0.0,0.0,0.0,0.0,0.0,0.0
686,17.50210003228858,,,,,,,,,0.0,0.0,0.0,0.0,0.0,0.0,0.0,0.0,0.0,0.0,0.0,0.0,0.0,0.0,0.0,0.0,0.0,0.0,0.0,0.0,0.0,0.0,0.0,0.0,0.0,0.0,0.0,0.0,0.0,0.0,0.0,0.0,0.0,0.0,0.0,0.0,0.0,0.0,0.0,0.0,0.0,0.0,0.0,0.0,0.0,0.0,0.0,0.0,0.0,0.0,0.0
687,24.378000001888722,,,,,,,,,0.0,0.0,0.0,0.0,0.0,0.0,0.0,0.0,0.0,0.0,0.0,0.0,0.0,0.0,0.0,0.0,0.0,0.0,0.0,0.0,0.0,0.0,0.0,0.0,0.0,0.0,0.0,0.0,0.0,0.0,0.0,0.0,0.0,0.0,0.0,0.0,0.0,0.0,0.0,0.0,0.0,0.0,0.0,0.0,0.0,0.0,0.0,0.0,0.0,0.0,0.0
688,17.036499979440123,,,,,,,,,0.0,0.0,0.0,0.0,0.0,0.0,0.0,0.0,0.0,0.0,0.0,0.0,0.0,0.0,0.0,0.0,0.0,0.0,0.0,0.0,0.0,0.0,0.0,0.0,0.0,0.0,0.0,0.0,0.0,0.0,0.0,0.0,0.0,0.0,0.0,0.0,0.0,0.0,0.0,0.0,0.0,0.0,0.0,0.0,0.0,0.0,0.0,0.0,0.0,0.0,0.0
689,18.71849998133257,,,,,,,,,0.0,0.0,0.0,0.0,0.0,0.0,0.0,0.0,0.0,0.0,0.0,0.0,0.0,0.0,0.0,0.0,0.0,0.0,0.0,0.0,0.0,0.0,0.0,0.0,0.0,0.0,0.0,0.0,0.0,0.0,0.0,0.0,0.0,0.0,0.0,0.0,0.0,0.0,0.0,0.0,0.0,0.0,0.0,0.0,0.0,0.0,0.0,0.0,0.0,0.0,0.0
690,17.392200010363013,,,,,,,,,0.0,0.0,0.0,0.0,0.0,0.0,0.0,0.0,0.0,0.0,0.0,0.0,0.0,0.0,0.0,0.0,0.0,0.0,0.0,0.0,0.0,0.0,0.0,0.0,0.0,0.0,0.0,0.0,0.0,0.0,0.0,0.0,0.0,0.0,0.0,0.0,0.0,0.0,0.0,0.0,0.0,0.0,0.0,0.0,0.0,0.0,0.0,0.0,0.0,0.0,0.0
691,18.976999970618635,,,,,,,,,0.0,0.0,0.0,0.0,0.0,0.0,0.0,0.0,0.0,0.0,0.0,0.0,0.0,0.0,0.0,0.0,0.0,0.0,0.0,0.0,0.0,0.0,0.0,0.0,0.0,0.0,0.0,0.0,0.0,0.0,0.0,0.0,0.0,0.0,0.0,0.0,0.0,0.0,0.0,0.0,0.0,0.0,0.0,0.0,0.0,0.0,0.0,0.0,0.0,0.0,0.0
692,17.03369995811954,,,,,,,,,0.0,0.0,0.0,0.0,0.0,0.0,0.0,0.0,0.0,0.0,0.0,0.0,0.0,0.0,0.0,0.0,0.0,0.0,0.0,0.0,0.0,0.0,0.0,0.0,0.0,0.0,0.0,0.0,0.0,0.0,0.0,0.0,0.0,0.0,0.0,0.0,0.0,0.0,0.0,0.0,0.0,0.0,0.0,0.0,0.0,0.0,0.0,0.0,0.0,0.0,0.0
693,24.330199987161905,,,,,,,,,0.0,0.0,0.0,0.0,0.0,0.0,0.0,0.0,0.0,0.0,0.0,0.0,0.0,0.0,0.0,0.0,0.0,0.0,0.0,0.0,0.0,0.0,0.0,0.0,0.0,0.0,0.0,0.0,0.0,0.0,0.0,0.0,0.0,0.0,0.0,0.0,0.0,0.0,0.0,0.0,0.0,0.0,0.0,0.0,0.0,0.0,0.0,0.0,0.0,0.0,0.0
694,18.12889997381717,,,,,,,,,0.0,0.0,0.0,0.0,0.0,0.0,0.0,0.0,0.0,0.0,0.0,0.0,0.0,0.0,0.0,0.0,0.0,0.0,0.0,0.0,0.0,0.0,0.0,0.0,0.0,0.0,0.0,0.0,0.0,0.0,0.0,0.0,0.0,0.0,0.0,0.0,0.0,0.0,0.0,0.0,0.0,0.0,0.0,0.0,0.0,0.0,0.0,0.0,0.0,0.0,0.0
695,21.097199991345406,,,,,,,,,0.0,0.0,0.0,0.0,0.0,0.0,0.0,0.0,0.0,0.0,0.0,0.0,0.0,0.0,0.0,0.0,0.0,0.0,0.0,0.0,0.0,0.0,0.0,0.0,0.0,0.0,0.0,0.0,0.0,0.0,0.0,0.0,0.0,0.0,0.0,0.0,0.0,0.0,0.0,0.0,0.0,0.0,0.0,0.0,0.0,0.0,0.0,0.0,0.0,0.0,0.0
696,21.511700004339218,,,,,,,,,0.0,0.0,0.0,0.0,0.0,0.0,0.0,0.0,0.0,0.0,0.0,0.0,0.0,0.0,0.0,0.0,0.0,0.0,0.0,0.0,0.0,0.0,0.0,0.0,0.0,0.0,0.0,0.0,0.0,0.0,0.0,0.0,0.0,0.0,0.0,0.0,0.0,0.0,0.0,0.0,0.0,0.0,0.0,0.0,0.0,0.0,0.0,0.0,0.0,0.0,0.0
697,17.402499972376972,,,,,,,,,0.0,0.0,0.0,0.0,0.0,0.0,0.0,0.0,0.0,0.0,0.0,0.0,0.0,0.0,0.0,0.0,0.0,0.0,0.0,0.0,0.0,0.0,0.0,0.0,0.0,0.0,0.0,0.0,0.0,0.0,0.0,0.0,0.0,0.0,0.0,0.0,0.0,0.0,0.0,0.0,0.0,0.0,0.0,0.0,0.0,0.0,0.0,0.0,0.0,0.0,0.0
698,18.468700000084937,,,,,,,,,0.0,0.0,0.0,0.0,0.0,0.0,0.0,0.0,0.0,0.0,0.0,0.0,0.0,0.0,0.0,0.0,0.0,0.0,0.0,0.0,0.0,0.0,0.0,0.0,0.0,0.0,0.0,0.0,0.0,0.0,0.0,0.0,0.0,0.0,0.0,0.0,0.0,0.0,0.0,0.0,0.0,0.0,0.0,0.0,0.0,0.0,0.0,0.0,0.0,0.0,0.0
699,33.03049999522045,,,,,,,,,0.0,0.0,0.0,0.0,0.0,0.0,0.0,0.0,0.0,0.0,0.0,0.0,0.0,0.0,0.0,0.0,0.0,0.0,0.0,0.0,0.0,0.0,0.0,0.0,0.0,0.0,0.0,0.0,0.0,0.0,0.0,0.0,0.0,0.0,0.0,0.0,0.0,0.0,0.0,0.0,0.0,0.0,0.0,0.0,0.0,0.0,0.0,0.0,0.0,0.0,0.0
