frame,inference_ms,left_shoulder_angle,right_shoulder_angle,left_elbow_angle,right_elbow_angle,left_hip_angle,right_hip_angle,left_knee_angle,right_knee_angle,nose_x,nose_y,nose_conf,left_eye_x,left_eye_y,left_eye_conf,right_eye_x,right_eye_y,right_eye_conf,left_ear_x,left_ear_y,left_ear_conf,right_ear_x,right_ear_y,right_ear_conf,left_shoulder_x,left_shoulder_y,left_shoulder_conf,right_shoulder_x,right_shoulder_y,right_shoulder_conf,left_elbow_x,left_elbow_y,left_elbow_conf,right_elbow_x,right_elbow_y,right_elbow_conf,left_wrist_x,left_wrist_y,left_wrist_conf,right_wrist_x,right_wrist_y,right_wrist_conf,left_hip_x,left_hip_y,left_hip_conf,right_hip_x,right_hip_y,right_hip_conf,left_knee_x,left_knee_y,left_knee_conf,right_knee_x,right_knee_y,right_knee_conf,left_ankle_x,left_ankle_y,left_ankle_conf,right_ankle_x,right_ankle_y,right_ankle_conf
0,22.979200002737343,47.506212243092406,37.97718662340914,13.833426457279256,,161.83102110609752,172.38419431228627,171.72866444550542,166.6868347150128,399.72331142425537,168.03033596277237,0.5296277403831482,403.9284315109253,164.10628199577332,0.6705384254455566,391.03618717193604,164.54502946138382,0.5428017377853394,414.9652290344238,167.86013060808182,0.5802566409111023,380.04346466064453,168.11890029907227,0.6262974143028259,432.6299076080322,187.42905962467194,0.5479333400726318,369.54173374176025,186.88359904289246,0.4721870422363281,443.37177658081055,203.73472690582275,0.3330586850643158,360.28590536117554,201.8141329884529,0.35033103823661804,437.5841007232666,198.37707602977753,0.30335983633995056,364.7219138145447,186.3933825492859,0.28808799386024475,417.1668314933777,248.85370481014252,0.5344061255455017,376.1267023086548,247.68377804756165,0.6395517587661743,420.49219512939453,295.9489623308182,0.5547277331352234,374.9542918205261,294.5023877620697,0.47936326265335083,418.1618552207947,327.43817806243896,0.5972589254379272,381.68634557724,326.507262468338,0.5947837233543396
1,23.410200024954975,,,,,162.38060169964913,172.3405217681471,174.93641867321563,165.71136229690487,400.31306743621826,168.45178937911987,0.5179548859596252,404.68561697006226,164.08910191059113,0.6574104428291321,390.8762888908386,164.30235719680786,0.5346943736076355,415.6492762565613,168.02698826789856,0.5618131160736084,379.44306898117065,168.13892948627472,0.601043164730072,433.6569766998291,187.16303896903992,0.5490291714668274,369.02648067474365,186.19007062911987,0.4721272587776184,439.39552307128906,204.65951693058014,0.29834190011024475,365.49582958221436,203.98601770401,0.22786490619182587,440.94679164886475,235.98183226585388,0.29129889607429504,367.46747875213623,185.65284395217896,0.25359323620796204,416.7036395072937,249.5481734275818,0.5461861491203308,375.75633573532104,248.43998670578003,0.6605344414710999,418.72856283187866,297.53591215610504,0.5584408044815063,374.51344060897827,296.24922919273376,0.4723379611968994,417.2913737297058,328.6187319755554,0.635002076625824,381.69038915634155,327.84007239341736,0.6014456152915955
2,21.81810000911355,32.42186038641198,,,,161.5981054972423,173.20831718157277,174.92805691799617,165.8924466086367,401.80959606170654,168.28597164154053,0.4200460910797119,404.7729835510254,164.77740222215652,0.6600536108016968,390.8099994659424,165.04989033937454,0.535738468170166,416.0971784591675,168.41056287288666,0.5439320802688599,379.5196189880371,168.81680208444595,0.5913261771202087,433.9314851760864,187.70288681983948,0.5415295958518982,370.0032072067261,186.33352291584015,0.46503329277038574,439.0806293487549,204.66946029663086,0.3031078577041626,366.59904432296753,204.0808785557747,0.2314322590827942,440.10906314849854,236.05038166046143,0.2985481917858124,368.0921106338501,185.6078851222992,0.2448788583278656,416.69411182403564,249.6929932832718,0.5556653141975403,375.8537859916687,248.52238273620605,0.6683566570281982,419.10418605804443,297.8941297531128,0.5552672743797302,374.66510009765625,296.56804370880127,0.46729570627212524,417.91618251800537,328.6854009628296,0.6310399770736694,381.7152318954468,327.87665486335754,0.5952403545379639
3,21.42400003504008,,,,,161.52005821537725,173.71350395873935,174.1684560121013,166.71081686308355,402.2872943878174,168.06265902519226,0.40659740567207336,405.1875009536743,164.61632823944092,0.6830706000328064,391.1212034225464,164.8895001411438,0.5376054048538208,416.5299425125122,167.9604332447052,0.5737873911857605,379.7913980484009,168.281398832798,0.6094769239425659,433.9098014831543,187.60001999139786,0.5484436750411987,369.8672924041748,185.64916861057281,0.4696537256240845,437.9970512390137,204.9324181675911,0.29542696475982666,365.2729778289795,203.26552253961563,0.23306889832019806,440.04765129089355,235.11485052108765,0.30468374490737915,367.0389099121094,185.5787103176117,0.23100733757019043,416.88620710372925,249.5925054550171,0.5541883111000061,375.66656827926636,248.2680149078369,0.6665680408477783,419.52269649505615,297.8897706270218,0.5549830198287964,374.82487201690674,296.71676683425903,0.4667360782623291,418.06053829193115,328.8151775598526,0.6364096403121948,381.6470470428467,328.0221300125122,0.5930842757225037
4,20.961100002750754,28.788919838747933,20.835364590616184,165.91601441466253,,160.2703234648442,174.22865933578746,172.64964367995407,165.7923392954074,401.7945590019226,169.0971109867096,0.44202950596809387,405.37390995025635,165.173826277256,0.6849574446678162,391.5612459182739,165.36903250217438,0.5573753118515015,416.3857889175415,168.27018761634827,0.5647063851356506,379.4053626060486,168.27010214328766,0.6211996674537659,432.9238758087158,188.6011944413185,0.5283456444740295,369.91596698760986,187.62074720859528,0.48193731904029846,437.16533756256104,206.31789374351501,0.3091296851634979,364.55653142929077,206.22002708911896,0.32352662086486816,436.84533882141113,235.86456322669983,0.3158230781555176,367.8307943344116,190.13678920269012,0.2765408456325531,416.24188804626465,249.47406828403473,0.5325165390968323,374.95178985595703,248.08587181568146,0.6550548076629639,419.8924059867859,296.8709602355957,0.5428826808929443,374.1157293319702,295.4876642227173,0.44931232929229736,418.2967085838318,327.87654089927673,0.5821270942687988,381.5722155570984,327.28555166721344,0.5841342806816101
5,20.539999997708946,23.69012890922188,39.79872990105384,159.15247139271085,,178.76477021661645,176.25298711355404,178.7362060356597,166.56896236803553,401.58578395843506,168.77875232696533,0.4376048147678375,404.79744720458984,165.31827574968338,0.6791234016418457,392.1460738182068,165.36745125055313,0.5947995781898499,414.5338296890259,167.97145926952362,0.598121702671051,381.41631031036377,168.024238884449,0.6344608664512634,428.7366991043091,188.13247442245483,0.5239969491958618,372.65564346313477,189.85854589939117,0.42706039547920227,434.6830348968506,205.28728806972504,0.3902134597301483,359.42725133895874,207.2620576620102,0.351392924785614,433.84934997558594,232.89303529262543,0.334011971950531,350.7263536453247,203.8617398738861,0.2628643810749054,423.9422526359558,248.0832221508026,0.5725849270820618,375.1860899925232,246.44854986667633,0.6073973178863525,419.21280670166016,294.5822480916977,0.5455082058906555,374.2117643356323,293.4833209514618,0.494113028049469,416.54748153686523,328.1204240322113,0.5175592303276062,381.7751021385193,328.3345910310745,0.5309991836547852
6,20.691100042313337,9.076966375868148,46.82426242184577,,,176.54860650518975,173.49759798241863,173.45375663728004,168.33422114203918,400.0768213272095,170.77271062135696,0.5103633999824524,404.2117853164673,166.52468526363373,0.6232587099075317,390.6888689994812,167.06065833568573,0.5701440572738647,414.89555311203003,168.46144783496857,0.5794299840927124,380.3472385406494,169.4569810628891,0.5812088251113892,428.8569450378418,188.31661188602448,0.5476087927818298,368.49629163742065,189.0074051618576,0.535005509853363,430.10934257507324,205.0859705209732,0.3550930619239807,354.76174449920654,205.4284895658493,0.37606436014175415,416.082040309906,192.13180166482925,0.2655206322669983,340.4965534210205,206.0682554244995,0.20924735069274902,423.73744535446167,249.20873141288757,0.6140045523643494,375.58761739730835,247.47647738456726,0.6505191922187805,416.75683784484863,297.3104057312012,0.5294889211654663,375.93849897384644,296.1716196537018,0.4933927655220032,415.8242874145508,328.52944111824036,0.5594883561134338,382.96525382995605,329.00826120376587,0.5411466360092163
7,20.25820000562817,8.136051192702169,41.91152380127436,,154.04256329970866,179.47426969177994,170.89866753833581,178.51464861747564,166.60485748673645,396.3737621307373,171.84957146644592,0.6004618406295776,402.6323127746582,167.2872474193573,0.5601722598075867,388.38754177093506,167.9192209839821,0.49458763003349304,415.3271040916443,169.19677257537842,0.49863895773887634,378.86956310272217,170.80142956972122,0.45636507868766785,427.6550922393799,188.78725504875183,0.5304974913597107,364.7988681793213,189.2623000741005,0.5311555862426758,428.99872303009033,209.56740856170654,0.4551021456718445,352.50444173812866,208.02369385957718,0.44515538215637207,436.53474140167236,237.7703560590744,0.27651822566986084,325.4827947616577,224.13538002967834,0.6226386427879333,422.9644899368286,249.2436329126358,0.6795315146446228,373.68865156173706,247.53061032295227,0.7146601676940918,419.01077938079834,294.78051710128784,0.5662358403205872,373.3476767539978,293.30223202705383,0.485551655292511,416.9225740432739,329.1500325202942,0.5561089515686035,381.1117277145386,327.0170522928238,0.6070797443389893
8,19.779100024607033,21.505840048820602,39.41458142260484,175.12399352542488,148.80404899418483,175.6270624340458,175.13012876744236,178.59422454006994,173.22692824018344,396.7725348472595,172.58605009317398,0.6198326945304871,403.18534803390503,167.78472912311554,0.49119842052459717,388.6968755722046,168.08652025461197,0.4969506561756134,415.01261472702026,168.75497657060623,0.4959794878959656,379.2800874710083,169.12118589878082,0.5980098247528076,427.7780170440674,188.27947384119034,0.5168880820274353,363.4244303703308,187.41598224639893,0.6290333271026611,433.0196075439453,208.19652038812637,0.48367804288864136,350.2057933807373,208.73551350831985,0.5194554924964905,445.5349397659302,243.30433785915375,0.4179363250732422,314.77949142456055,226.78931856155396,0.4990447163581848,420.791672706604,247.20484399795532,0.7389887571334839,371.249792098999,245.950213432312,0.7191246151924133,418.9398651123047,291.5981271266937,0.5879300236701965,373.3971347808838,290.74063289165497,0.45444777607917786,416.47282695770264,328.79606008529663,0.5574274659156799,379.40907764434814,326.5979778766632,0.6261024475097656
9,20.57520003290847,30.589281910544226,40.60604226574623,177.99942271995047,156.2546171841958,174.6252435891958,179.3019269525494,174.09574765959425,168.90692432717634,397.2022662162781,172.62662130594254,0.68818598985672,404.16917610168457,168.40277057886124,0.48498591780662537,388.3934302330017,168.76402246952057,0.45117437839508057,415.1469373703003,169.29795843362808,0.5315003395080566,376.9573040008545,170.73175477981567,0.5330824851989746,423.8583736419678,187.58553230762482,0.4777846336364746,359.21786975860596,188.51157593727112,0.6147149205207825,435.0237064361572,209.62359285354614,0.4508441686630249,346.53240394592285,210.357792198658,0.5299729108810425,454.48757553100586,244.92730033397675,0.5494909286499023,317.9955015182495,231.17650830745697,0.6672831773757935,420.05119228363037,246.12987780570984,0.758082926273346,369.69321632385254,245.23286652565002,0.6949295997619629,421.30250310897827,289.4639217853546,0.5999069213867188,378.24351596832275,288.56736636161804,0.46224117279052734,418.5772318840027,326.13477087020874,0.5628589391708374,378.284583568573,322.8957407474518,0.6081737279891968
10,20.86990000680089,42.75937308729364,47.54992062828943,169.56262887025073,166.21889420465928,170.97874538067737,174.1859015305624,171.4907446446483,177.6015010714265,397.22539043426514,172.87886655330658,0.7307299375534058,405.30954122543335,170.21297603845596,0.4415596127510071,389.7625102996826,169.85267859697342,0.42537203431129456,412.2932319641113,169.9973559975624,0.5456993579864502,377.3202910423279,170.99823129177094,0.5442177057266235,422.1348738670349,189.50840550661087,0.5216535329818726,357.38382863998413,187.91638427972794,0.4936016798019409,438.5832185745239,210.34780609607697,0.4930873215198517,341.53509616851807,209.29950749874115,0.4418503940105438,455.57165908813477,242.50619041919708,0.48357832431793213,306.09843254089355,238.69223999977112,0.6515873670578003,417.72578048706055,245.83704710006714,0.7573031783103943,368.51754570007324,245.16859078407288,0.6659963726997375,421.2553701400757,290.2331223487854,0.58379065990448,372.51563453674316,289.17901158332825,0.45585107803344727,418.6726350784302,327.5075821876526,0.5315901637077332,377.2957515716553,325.0557304620743,0.6049582362174988
11,20.681299967691302,50.54084393945447,54.340892766657134,160.2500287753292,179.30576655635647,170.1874209926947,175.4807106257439,173.85667961381043,162.4420553200198,393.06467390060425,171.33738839626312,0.6339902281761169,402.7583713531494,167.8437197804451,0.4986122250556946,388.5101885795593,167.49622905254364,0.5438569188117981,410.5381164550781,168.99838960170746,0.49110546708106995,377.0500535964966,169.8860558271408,0.48060357570648193,423.0061388015747,188.3675253391266,0.5184878706932068,355.88434314727783,187.28854191303253,0.5085225105285645,444.18084621429443,209.9634194970131,0.5110262632369995,335.8868479728699,207.9288045167923,0.47120988368988037,458.9504737854004,242.0958342552185,0.6031526923179626,306.20606756210327,239.31579446792603,0.6676672697067261,416.81137561798096,246.2850683927536,0.768388569355011,366.4383373260498,245.66997575759888,0.6634306907653809,419.6311149597168,289.80020129680634,0.6197888851165771,378.0053744316101,289.55378246307373,0.4427078664302826,418.04062366485596,327.1899073123932,0.5759799480438232,376.26347637176514,325.27693474292755,0.6347138285636902
12,23.85530003812164,55.387103430528065,58.26719501589732,153.69847196258368,175.157985784524,172.2147615368799,173.19119133926364,175.74751499891352,178.1459616476528,392.0943160057068,171.51074200868607,0.6250513195991516,401.8229651451111,168.3169983625412,0.514186441898346,387.5851945877075,167.67025220394135,0.5896242260932922,409.16016578674316,169.21463644504547,0.4692683517932892,376.0056982040405,169.86819195747375,0.48500150442123413,422.1060633659363,186.35319596529007,0.41408205032348633,356.45433616638184,187.64663130044937,0.6268703937530518,446.0073308944702,205.11322218179703,0.5088428258895874,336.76807022094727,206.65937286615372,0.47363248467445374,461.98881912231445,238.5137010216713,0.5346121191978455,308.0282053947449,239.54064559936523,0.6941242814064026,418.48587226867676,245.28360903263092,0.7876882553100586,368.97980260849,245.2379379272461,0.7021222710609436,421.66038513183594,287.8021830320358,0.621234655380249,373.08052253723145,288.1291744709015,0.47943878173828125,421.67198514938354,326.00325632095337,0.5591012835502625,377.70071601867676,324.1189742088318,0.680034339427948
13,23.605499998666346,54.98293271311113,66.0278817079562,156.96101140168568,160.31785003044197,171.32143555589664,177.1123617628313,172.25253436331928,175.5162214671546,393.1540369987488,171.28393924236298,0.6785119771957397,400.53308868408203,168.08595043420792,0.4744585454463959,387.61006259918213,168.11512523889542,0.45725715160369873,409.1118197441101,169.31498181819916,0.4476037919521332,377.06605100631714,169.40685111284256,0.5865820646286011,420.92715787887573,185.92959147691727,0.3619624674320221,359.0208716392517,188.16596561670303,0.6238643527030945,445.9267625808716,205.52872097492218,0.4935888648033142,334.4515542984009,204.98387295007706,0.47654372453689575,464.06231594085693,238.42821371555328,0.5723560452461243,310.2381224632263,238.40163159370422,0.6709265112876892,417.72244453430176,245.51538348197937,0.7795830965042114,369.48669052124023,245.07864463329315,0.6866589784622192,421.95465660095215,288.67896568775177,0.6043393611907959,375.2645101547241,288.7756642103195,0.49980828166007996,420.52350759506226,326.84473860263824,0.5506622195243835,377.2046194076538,325.205849647522,0.6602410674095154
14,22.855999995954335,58.40883864860527,68.11506401354546,157.60050645954203,147.76348100198226,168.10701707113267,176.711851185256,170.13114458666925,179.9762995458783,393.5070161819458,170.96028125286102,0.6758675575256348,402.9418992996216,167.92726969718933,0.5453692674636841,387.7149429321289,167.70586597919464,0.48415467143058777,410.8115634918213,168.79331123828888,0.5340513586997986,377.70920753479004,168.97984194755554,0.5843523740768433,424.50736808776855,188.0650646686554,0.3939236104488373,360.92701482772827,187.46474462747574,0.6386721134185791,445.28449058532715,204.5262644290924,0.43954285979270935,336.6788082122803,201.7870522737503,0.4085870683193207,463.62020111083984,237.3185739517212,0.5928826928138733,319.1856279373169,235.83229714632034,0.5310262441635132,417.71716260910034,245.0284434556961,0.7725880742073059,369.6025137901306,244.26898682117462,0.6643869876861572,421.6924810409546,289.6129298210144,0.5819641947746277,373.8949499130249,289.7178337574005,0.49093085527420044,418.5403594970703,327.35891604423523,0.5259938836097717,377.3648462295532,326.29588758945465,0.6594445705413818
15,21.877699997276068,65.69193818909854,56.97553025782348,151.20527413596548,171.38935369839805,162.54867214320345,178.97861397331513,166.6063961542391,178.1088036073963,393.01738929748535,170.19519764184952,0.6367381811141968,402.6200556755066,167.56232821941376,0.5649694800376892,387.8260908126831,167.0008841753006,0.46160343289375305,410.30396795272827,168.64393281936646,0.49327409267425537,377.36616039276123,167.95749866962433,0.6043031215667725,426.2866439819336,189.0612816810608,0.5128097534179688,360.92041873931885,187.33379989862442,0.6507888436317444,446.24797439575195,202.37091875076294,0.3967365026473999,341.2070860862732,204.48680436611176,0.5162663459777832,460.59282398223877,229.91412818431854,0.5637943148612976,318.3242950439453,231.41004920005798,0.46376943588256836,417.10799741744995,244.58831417560577,0.7563576698303223,368.823215007782,243.54534339904785,0.6292309165000916,423.31064558029175,288.36106288433075,0.5902841091156006,374.45511198043823,289.536944270134,0.47445443272590637,419.66404485702515,327.4593468904495,0.5163958668708801,380.1133933067322,325.7834196090698,0.43540579080581665
16,21.796499961055815,61.2983591488792,53.471302396606816,152.07393398185877,168.58182141322376,165.62180698203167,176.26509969689852,170.0766418502706,177.06152052286308,393.56216049194336,170.0609622001648,0.6304734945297241,403.01973819732666,167.49077302217484,0.5665132999420166,388.50536155700684,166.83827167749405,0.5026569962501526,409.1579165458679,168.0373020172119,0.5207857489585876,376.80362272262573,167.1500061750412,0.64298015832901,425.1767826080322,188.24824768304825,0.5652661323547363,358.5932631492615,186.45133328437805,0.6666304469108582,444.4728937149048,202.84335684776306,0.37664440274238586,341.13281059265137,204.9648409485817,0.47824084758758545,456.00897216796875,227.6153302192688,0.4244786202907562,330.06609058380127,222.74074459075928,0.4853334128856659,416.94627952575684,243.97612762451172,0.7678143978118896,368.73084449768066,243.08837592601776,0.6472750306129456,421.6143641471863,288.56320667266846,0.6270867586135864,373.93088722229004,289.35212302207947,0.4986375868320465,418.8861360549927,328.1093125343323,0.5311769843101501,380.04311084747314,326.46760296821594,0.42800477147102356
17,22.516599972732365,62.18918538855957,55.11717793878824,141.07952278043103,99.18192702674953,165.86150852002706,179.27686606012745,170.9398291866783,175.6459989866348,392.28034591674805,169.2158900499344,0.5433425903320312,401.32853651046753,166.64588606357574,0.6135550737380981,386.6450877189636,166.11344587802887,0.43818631768226624,408.7830767631531,167.63107705116272,0.5378606915473938,375.52211141586304,166.76601845026016,0.6440451741218567,423.98498821258545,189.39137864112854,0.5552128553390503,356.3683090209961,186.1709816455841,0.6346684098243713,442.4909839630127,202.72436410188675,0.3900030851364136,339.6390619277954,203.27317237854004,0.44575589895248413,447.13978576660156,219.70824587345123,0.5685146450996399,344.96324253082275,210.48162841796875,0.3397098779678345,416.38401985168457,243.74526488780975,0.7636432647705078,367.1027479171753,242.71759378910065,0.6232927441596985,421.20181798934937,288.2548483610153,0.6394181847572327,375.2771716117859,288.956126332283,0.514525294303894,419.17535305023193,328.50220370292664,0.4993646740913391,379.01738119125366,326.61692440509796,0.6386412382125854
18,21.793799998704344,59.2025117249304,63.40900369995594,103.45004891012546,91.14338015842445,167.94794763737164,176.18375956018895,167.85669499552444,174.30144255128025,389.7947072982788,170.73007380962372,0.5833242535591125,399.4458713531494,168.10452657938004,0.6060625314712524,383.9825930595398,167.6277008652687,0.6090883016586304,407.9412794113159,169.5672128200531,0.45412251353263855,372.2275800704956,169.48565727472305,0.4559881389141083,422.77247047424316,189.54260897636414,0.5784361958503723,352.2940492630005,186.88211750984192,0.5696614384651184,443.0078544616699,204.2257126569748,0.4330155849456787,335.86119651794434,201.2563927769661,0.45082327723503113,439.02745628356934,213.82805544137955,0.44979918003082275,343.88001823425293,210.80144011974335,0.34323403239250183,417.6666178703308,245.9988191127777,0.7498271465301514,367.33821058273315,244.69504153728485,0.6393982172012329,422.90851163864136,289.4150596857071,0.5963912606239319,375.8113284111023,289.2399823665619,0.500657320022583,419.31518507003784,328.45382595062256,0.4873024523258209,379.1163477897644,326.48267471790314,0.6509931087493896
19,23.39590003248304,48.69459000643342,64.61432343728713,49.93931548905913,63.74921223702457,178.43762628255914,174.68533948573673,176.73706175084027,154.27812471180292,388.6103935241699,170.74843627214432,0.5511013865470886,398.87880992889404,167.65305787324905,0.6198808550834656,382.92509603500366,167.30075216293335,0.6586289405822754,408.8545722961426,169.04471600055695,0.5160878896713257,370.9769515991211,168.4585702419281,0.5221671462059021,419.75727462768555,187.05542838573456,0.4606802463531494,349.81556272506714,186.24903279542923,0.5309895277023315,439.130820274353,204.73514634370804,0.506408154964447,335.8944296836853,197.8699501156807,0.42074641585350037,426.2836618423462,206.43943643569946,0.3454272747039795,351.7516031265259,204.89528012275696,0.36199644207954407,418.6314916610718,246.92648673057556,0.7236839532852173,365.1267771720886,245.5882065296173,0.5924468636512756,418.99035930633545,289.3081328868866,0.5951529741287231,380.80042266845703,289.16391134262085,0.420175701379776,417.17666244506836,326.6887502670288,0.5013838410377502,377.07502269744873,324.97641146183014,0.636474072933197
20,22.275199997238815,29.875714197898443,61.67545163480642,,86.53480773068902,179.47121180725648,178.71533924475162,178.8647161073104,156.84062371710803,386.9798707962036,169.83027040958405,0.4396977126598358,397.1073684692383,166.4152512550354,0.6519931554794312,380.7403755187988,166.49009716510773,0.6498247385025024,407.8178491592407,168.73890763521194,0.505341649055481,370.020544052124,168.54231959581375,0.47738564014434814,420.041184425354,186.91667711734772,0.4506470561027527,348.92771911621094,186.4215886592865,0.5356172919273376,431.44938468933105,208.5306488275528,0.5061144232749939,336.3596181869507,199.26447159051895,0.36355847120285034,403.36710691452026,212.47728192806244,0.22079302370548248,349.1464514732361,210.34673768281937,0.3996626138687134,417.8582835197449,247.903728723526,0.7069143056869507,367.4393253326416,245.87380051612854,0.708311140537262,416.74435329437256,289.85219740867615,0.5638329386711121,379.9985809326172,289.6433297395706,0.43774375319480896,415.0603036880493,326.1493582725525,0.5010412931442261,375.56307792663574,325.00686836242676,0.6193538308143616
21,26.120299997273833,34.570696447363304,51.900114381846386,76.67035382341767,,176.52173751523605,177.8573240162797,176.29974646415846,155.810380938177,386.6967444419861,168.0318174958229,0.4542238712310791,395.63035011291504,165.7592027783394,0.6401967406272888,380.2962894439697,165.80296498537064,0.6246681213378906,406.7527198791504,169.47917556762695,0.4486028850078583,369.82195377349854,168.75644385814667,0.47477227449417114,419.15690422058105,187.04651069641113,0.4125860035419464,351.91640424728394,186.24601274728775,0.6339952349662781,433.6471710205078,209.81619215011597,0.48208633065223694,339.6573085784912,202.07266050577164,0.4062078893184662,410.06759548187256,218.00089299678802,0.3086276650428772,353.8580298423767,215.68021392822266,0.2809799611568451,416.94109869003296,247.51334476470947,0.7169406414031982,366.96824836730957,245.9965968132019,0.711247980594635,417.9277319908142,288.48103857040405,0.5733206272125244,379.4822916984558,288.8414214849472,0.4388558864593506,416.439088344574,325.2147958278656,0.5402324199676514,374.712965965271,323.17828619480133,0.6458019614219666
22,25.525900011416525,38.38895864835455,49.35313386303472,104.18912256493141,103.52361585137352,168.16869746867894,177.1191738669412,174.16528317548529,160.051572878202,386.39855575561523,170.30475986003876,0.5746826529502869,392.9876184463501,167.2430293560028,0.6212841272354126,378.11728048324585,167.0560142993927,0.6231235265731812,405.93889904022217,169.4916261434555,0.4763432741165161,370.3449401855469,169.46601271629333,0.4370810091495514,419.7810306549072,189.35995304584503,0.5431008338928223,353.6374273300171,187.91545832157135,0.5408419370651245,433.3700342178345,209.9678783416748,0.4234248399734497,341.75175619125366,204.14767575263977,0.4651978015899658,419.8006925582886,224.8231247663498,0.42602407932281494,357.11652278900146,222.28842115402222,0.37225380539894104,414.7324957847595,247.20643949508667,0.7334238290786743,367.30239963531494,246.44957554340363,0.7323054075241089,419.7187089920044,288.7539540529251,0.6032500863075256,379.6698884963989,289.51953625679016,0.42069804668426514,420.39408779144287,327.11061680316925,0.5217347145080566,377.17654180526733,325.8403731584549,0.6695846915245056
23,41.674000036437064,34.17403416474835,41.25371220243192,127.53904256065277,124.46149461110576,162.8475078686346,177.7616138345935,171.02619650617925,165.75939194799835,380.9734625816345,171.22976356744766,0.609811007976532,389.63806915283203,167.81403213739395,0.5291367769241333,374.3760600090027,167.7044699192047,0.540132999420166,402.9236526489258,171.02394443750381,0.48470184206962585,369.32858657836914,170.213260948658,0.4630749821662903,417.55208349227905,190.91306978464127,0.5985226035118103,351.8759937286377,189.89165246486664,0.46684521436691284,430.3798580169678,214.15154248476028,0.4455493688583374,343.29852628707886,207.04153716564178,0.5123720765113831,423.52963066101074,229.85948240756989,0.45761236548423767,354.4178886413574,227.12891727685928,0.366560697555542,412.25570249557495,248.2776163816452,0.718578040599823,366.92927837371826,247.34524774551392,0.7351639866828918,420.3748049736023,286.88092589378357,0.6129348874092102,375.6105899810791,286.6875858306885,0.49559444189071655,422.2946710586548,324.73241436481476,0.515501856803894,374.4661560058594,323.16324293613434,0.6909947991371155
24,31.022299954202026,32.51850688252672,35.34441836533667,137.83506332123443,138.30585331680513,161.51761202101235,176.00489066422216,168.76771662701768,175.39651429537213,380.3724603652954,172.09499311447144,0.6646397709846497,388.3071756362915,168.03637605905533,0.5220747590065002,373.2850012779236,167.8058694601059,0.5314280986785889,402.0538787841797,171.66534852981567,0.5218530297279358,368.2937841415405,170.5829461812973,0.4848695993423462,416.77038383483887,191.41751754283905,0.6112381815910339,350.43564558029175,190.78000247478485,0.5060217976570129,429.0210132598877,215.38530337810516,0.4430725574493408,343.5267105102539,208.74951684474945,0.5413432717323303,424.5852575302124,231.83402407169342,0.46359068155288696,352.5043659210205,232.55423432588577,0.4786970019340515,411.399600982666,247.7556893825531,0.7145881056785583,364.82462072372437,247.17418766021729,0.7381203770637512,420.3301992416382,286.32540798187256,0.5908339023590088,371.7162947654724,285.0271006822586,0.4997831881046295,421.5701627731323,325.683473110199,0.5445706844329834,375.5959825515747,323.7936922311783,0.6740672588348389
25,36.673399969004095,35.56480208973987,53.759386920032874,145.3346177377684,116.1412481419837,161.89170945168118,175.72160672645686,169.70603775682278,172.23993166054797,382.95726776123047,172.3841769695282,0.636979341506958,389.167977809906,168.23787879943848,0.5422697067260742,375.87842655181885,169.04619753360748,0.45959538221359253,402.2197160720825,171.3500384092331,0.49702927470207214,367.2364134788513,170.7460572719574,0.47368064522743225,415.11681270599365,190.04319620132446,0.5613985657691956,350.6350951194763,189.05096793174744,0.4380300045013428,427.3989315032959,211.34933668375015,0.36697256565093994,339.01458168029785,203.08456182479858,0.5046440958976746,425.7154884338379,231.80930811166763,0.46468931436538696,351.21997356414795,230.20188748836517,0.4523073434829712,409.58186054229736,246.46145629882812,0.7046447396278381,364.8628578186035,245.55655300617218,0.7527806758880615,418.1180582046509,284.9492917060852,0.5743956565856934,371.766713142395,285.29998767375946,0.5097331404685974,419.6556797027588,324.7714755535126,0.5309997797012329,373.2064800262451,324.6681671142578,0.6346724033355713
26,25.29820002382621,37.60570390543244,59.92960440597655,145.91897224641838,107.72005890708165,159.28357265177377,177.04510423240367,164.52807785754132,166.50561868409568,383.0609350204468,171.66258490085602,0.6294805407524109,389.5060968399048,167.84344911575317,0.5428860783576965,376.0312738418579,168.3527403473854,0.5090445876121521,401.79478645324707,171.28809893131256,0.5002913475036621,367.27270460128784,170.4790964126587,0.47445768117904663,414.95658588409424,190.87091732025146,0.5974554419517517,350.8040409088135,188.7567411661148,0.4377446174621582,427.88107776641846,211.45441156625748,0.366292268037796,337.12640714645386,202.22045767307281,0.465372771024704,427.1897268295288,231.69693952798843,0.4453182816505432,350.7712879180908,229.1995306611061,0.40403029322624207,409.65904235839844,246.08232629299164,0.7105192542076111,365.3355016708374,245.0347399711609,0.7636604905128479,420.20234632492065,284.79287600517273,0.5715667009353638,373.5780596733093,285.4646372795105,0.5139901638031006,420.0430545806885,323.423451423645,0.5384014248847961,372.2905082702637,322.8735462427139,0.614359974861145
27,24.06740002334118,43.319611562197395,60.31820058598394,147.58843685764964,103.33709392746195,153.8458503635093,179.9652437708755,159.15113697133705,163.2925649915689,384.5112657546997,171.20343786478043,0.5984377264976501,390.31354904174805,167.80246478319168,0.5744771957397461,377.79298543930054,167.97802644968033,0.5213449001312256,401.8587760925293,171.78840124607086,0.49808743596076965,365.8761534690857,171.0313521027565,0.3358573019504547,414.7407851219177,192.234825193882,0.6219712495803833,353.6680827140808,189.74512314796448,0.44252070784568787,429.73126792907715,212.8984076976776,0.40266716480255127,336.6821188926697,204.536891579628,0.46134814620018005,430.9121446609497,231.94585132598877,0.47348615527153015,350.1677837371826,230.20913845300674,0.4125053286552429,407.6802158355713,246.89360809326172,0.6979294419288635,364.954647064209,245.88052439689636,0.7418361306190491,420.1559462547302,283.5540294647217,0.5720790028572083,372.55614614486694,283.5693861246109,0.4735104441642761,418.7643737792969,322.3330430984497,0.547023594379425,368.9919333457947,321.95852863788605,0.5851519703865051
28,21.364999993238598,47.1608199672635,61.43120514170663,138.9848616165776,102.90494582164379,148.8367530216652,175.84000602280258,155.79108985278563,171.88510171391664,382.9435954093933,172.2503119111061,0.663482129573822,389.0561981201172,168.53793197870255,0.5187013745307922,376.41260862350464,169.13333731889725,0.532496452331543,400.8522787094116,172.10284239053726,0.5403786301612854,368.2992935180664,171.2410317659378,0.5100796222686768,413.16975355148315,191.4256232380867,0.6039871573448181,353.1697874069214,189.75133419036865,0.42690950632095337,429.97211360931396,212.39740735292435,0.40381693840026855,335.0679221153259,204.64665323495865,0.4264886975288391,429.1600112915039,232.4960983991623,0.3976899981498718,347.5709719657898,229.6749888062477,0.4101928770542145,405.32528591156006,244.16918277740479,0.6926857829093933,363.5742449760437,243.87840342521667,0.732345700263977,420.4728364944458,280.3739187717438,0.547464907169342,367.8155298233032,279.8697416782379,0.4977268576622009,419.4522876739502,319.2133333683014,0.5071220397949219,366.88118505477905,318.2638131380081,0.542635440826416
29,24.630900006741285,51.62871534451734,65.59167348170745,133.37366841931032,115.1256619698537,149.96169299995535,174.22456945428812,158.2260501003606,175.1550485779386,382.89426374435425,172.3375941514969,0.663083553314209,388.6095848083496,168.32326638698578,0.529852569103241,376.10987091064453,169.05983048677444,0.5189768671989441,400.7041320800781,171.80142164230347,0.5401977300643921,367.5669002532959,171.05317622423172,0.5055514574050903,412.4012713432312,190.06825405359268,0.5648986101150513,352.62342405319214,189.88819080591202,0.4416360557079315,430.325421333313,208.57203203439713,0.4967716336250305,334.05361557006836,203.4293459057808,0.3785571753978729,429.32862854003906,231.06074929237366,0.45782798528671265,338.86989736557007,228.26720476150513,0.43744897842407227,405.44639110565186,242.6101541519165,0.6870538592338562,363.54796171188354,242.68112528324127,0.7101978063583374,419.65345573425293,276.91243076324463,0.5898028612136841,367.07194089889526,276.6898019313812,0.5062869787216187,420.17714977264404,318.3514230251312,0.4965214431285858,367.86973905563354,319.3680111169815,0.4167678654193878
30,24.776500009465963,50.029474506189615,67.92891307655769,138.06466471298864,120.94548780917776,147.4333853304275,176.3591712045533,154.04139286236222,169.58613304330677,383.86469745635986,171.0260670185089,0.5847949981689453,388.97661542892456,166.53763443231583,0.6136047840118408,375.0925064086914,166.47602260112762,0.5692071318626404,400.4580297470093,169.26196002960205,0.49960455298423767,367.93805027008057,168.70738232135773,0.4551485478878021,413.79931354522705,189.46044087409973,0.5332163572311401,351.1814079284668,189.2839532494545,0.4217929542064667,430.21053314208984,208.25861656665802,0.5412535071372986,333.66843938827515,201.53383833169937,0.4186312258243561,429.8932132720947,230.6018586754799,0.42734354734420776,335.42888736724854,226.54416757822037,0.41789597272872925,405.44156408309937,242.78440523147583,0.6971936225891113,363.4783363342285,242.9719616174698,0.7007684707641602,419.5357623100281,274.95469880104065,0.5498398542404175,368.7247791290283,275.15122985839844,0.46675118803977966,417.8407950401306,317.1594727039337,0.47168421745300293,367.8648109436035,317.8443968296051,0.43430575728416443
31,25.599499989766628,47.80367513556519,67.02277540569396,136.71376917104092,121.64864801082823,154.7787192784813,177.10125361080227,158.12376048271892,172.97745625326482,382.6922869682312,170.28062796592712,0.5427067279815674,388.3146057128906,165.93244242668152,0.6408787965774536,374.5701518058777,165.94022047519684,0.560863733291626,400.02973890304565,168.54552483558655,0.5424482822418213,368.02531576156616,168.22485840320587,0.4789486825466156,413.66579961776733,188.72446084022522,0.4985140562057495,352.3505582809448,188.79093039035797,0.48054972290992737,430.03736686706543,208.25448536872864,0.5688118934631348,332.4602937698364,201.87688446044922,0.44141885638237,428.68564891815186,231.59894466400146,0.36467790603637695,333.20143127441406,226.95809936523438,0.35956335067749023,406.2157073020935,242.8910186290741,0.7083603143692017,362.2764582633972,243.0649847984314,0.7084922790527344,416.71536588668823,276.4161171913147,0.5767738223075867,366.68115425109863,276.6795166730881,0.5038825273513794,413.455659866333,317.96152341365814,0.4574953317642212,367.01242446899414,319.552547454834,0.4892650246620178
32,26.55170002253726,46.30617362866117,61.587523488753114,144.44115073438786,135.77693147387248,149.7223946515545,173.07575657750502,,175.85052599613252,383.315402507782,170.46898210048676,0.506489098072052,389.2947692871094,166.02592146396637,0.6476382613182068,375.104434967041,165.98985183238983,0.5745232105255127,400.46369075775146,168.62903201580048,0.5250548124313354,367.28200483322144,168.53223377466202,0.49704718589782715,413.3783264160156,188.98170626163483,0.5080618262290955,350.0411944389343,189.33328545093536,0.4546847939491272,429.50300788879395,209.00895607471466,0.5888389945030212,333.5412435531616,203.75944286584854,0.48529505729675293,430.7474699020386,230.72387146949768,0.3969723880290985,331.7176399230957,226.35938906669617,0.4214016795158386,406.30456495285034,242.94993805885315,0.7044655084609985,362.1413269042969,242.80289590358734,0.7133131623268127,419.8504285812378,275.1581246852875,0.5465354323387146,365.43861293792725,275.1127669811249,0.47967728972435,416.599289894104,317.0934875011444,0.27968549728393555,366.72641706466675,319.0857220888138,0.4654301106929779
33,25.333199999295175,48.78217683943281,68.73335695130125,149.75785719207212,127.69729149723054,146.2746585035528,166.43188644207598,154.33592130121426,172.88483720875206,383.5552625656128,170.42040491104126,0.5288152694702148,390.16621112823486,166.09716325998306,0.6507156491279602,375.40578269958496,165.95448023080826,0.5785493850708008,401.2151141166687,168.45369827747345,0.5277116298675537,366.35579776763916,168.5342993736267,0.5294901728630066,413.07470417022705,188.58649307489395,0.5083141922950745,351.1941957473755,190.00396406650543,0.49507781863212585,430.1042881011963,208.70766353607178,0.5842416882514954,332.82371044158936,202.65541583299637,0.46980881690979004,433.8196802139282,229.77694392204285,0.3831157088279724,331.570200920105,225.48538428544998,0.36071041226387024,405.3986768722534,239.70860016345978,0.6204075813293457,363.0450415611267,240.18388736248016,0.6614681482315063,419.50045680999756,269.6952564716339,0.3409636616706848,362.9040217399597,269.0186232328415,0.40439456701278687,419.11775732040405,315.5710413455963,0.3268159031867981,368.58436584472656,316.4095035791397,0.4509359300136566
34,24.75759998196736,49.75441234697831,70.06188699774854,143.57935712698873,125.41578455714144,143.32987558180707,154.71018581087068,153.2802599902239,153.19298498649192,383.41750288009644,171.08366161584854,0.5369218587875366,390.2483968734741,166.77013540267944,0.6030510067939758,375.3416919708252,166.5990040898323,0.5657303333282471,401.2081642150879,170.2458404302597,0.4581947922706604,365.76887226104736,169.1901911497116,0.4899936020374298,411.6257128715515,188.36741137504578,0.4974004328250885,352.15843772888184,190.27424412965775,0.49798762798309326,428.8476448059082,208.7640045285225,0.525124728679657,333.02096128463745,202.15598249435425,0.44154149293899536,430.30677032470703,230.9929976463318,0.381579726934433,331.5288553237915,225.99718272686005,0.39910751581192017,403.06239795684814,239.11404955387115,0.5634074807167053,362.6399507522583,240.02775657176971,0.6454814672470093,419.1537199020386,270.5702157020569,0.3472111225128174,355.48829984664917,270.0627336502075,0.3542306423187256,419.44010639190674,314.6602119207382,0.33082693815231323,366.7105712890625,317.1190724372864,0.44415760040283203
35,24.17849999619648,47.362415381171076,68.44161794798467,145.80051854941308,118.27984499525466,139.01503136971306,158.72883202583654,146.37136357703864,154.79610733186504,383.8797597885132,171.0087729692459,0.5571792125701904,390.69220495224,167.03195363283157,0.557640552520752,375.87878036499023,166.73319679498672,0.5687117576599121,401.3068780899048,170.5698972940445,0.47472846508026123,366.27184295654297,169.19808316230774,0.46801096200942993,411.22335147857666,189.15892040729523,0.5189350247383118,351.72726583480835,189.8168350458145,0.480171263217926,426.52541732788086,209.7365027666092,0.45902833342552185,332.5031809806824,201.66244679689407,0.4545930027961731,427.4695930480957,231.93015277385712,0.3881426751613617,334.06905698776245,228.32609570026398,0.4048616290092468,401.60706329345703,239.92108619213104,0.5745858550071716,360.7818250656128,240.73937678337097,0.6665201783180237,420.59186935424805,272.4643272161484,0.4543318450450897,354.35334300994873,273.2390550374985,0.3749582767486572,418.0803771018982,315.10766339302063,0.316952645778656,365.4546356201172,317.7138509750366,0.45177945494651794
36,23.11150002060458,47.84872242795071,71.72722968322218,142.8905404499642,109.90262478953211,138.85613545888128,160.20140654762847,147.23114804075814,156.940547479341,381.43395042419434,170.63630986213684,0.5716072916984558,388.22878074645996,166.4432721734047,0.541974663734436,374.1170434951782,166.3298351764679,0.5299569368362427,399.35241413116455,170.0967184305191,0.48042032122612,365.7664966583252,168.79604637622833,0.524852991104126,409.8075428009033,188.64820462465286,0.5139868855476379,351.5694398880005,189.65742778778076,0.46540209650993347,425.22136306762695,208.88775527477264,0.3809923827648163,331.6582751274109,200.52760672569275,0.4318523108959198,425.2942991256714,231.8078408241272,0.4024867117404938,335.7614212036133,227.2513289451599,0.42734336853027344,400.4522171020508,238.8465758562088,0.5298272967338562,360.663676738739,239.40924501419067,0.6207237839698792,420.18523693084717,272.23067235946655,0.46209612488746643,355.2319369316101,272.0790716409683,0.40018269419670105,418.59782886505127,313.8947151899338,0.3237643539905548,366.2039866447449,317.36392426490784,0.4528557062149048
37,26.084700017236173,47.94575729678571,73.2374713277764,119.71005422255567,112.41946169970598,148.8025886231028,154.8628960572736,162.86730817184292,155.6134636476857,378.73425483703613,170.28960263729095,0.5582848787307739,386.91977310180664,165.78911834955215,0.5157498717308044,372.5989828109741,165.91306853294373,0.49744200706481934,398.47354221343994,168.12437057495117,0.5363046526908875,364.6711416244507,168.2152996659279,0.5698053240776062,412.66663122177124,189.1196027994156,0.5229203104972839,350.48426961898804,189.8341148495674,0.4746091067790985,428.3552885055542,209.2253738641739,0.4669620096683502,331.40855884552,200.85203397274017,0.41265854239463806,419.3481402397156,231.16001200675964,0.3699072599411011,334.78274869918823,226.17144805192947,0.43961966037750244,403.90796089172363,238.8909221291542,0.5759910345077515,361.7295894622803,237.59978032112122,0.5435898303985596,414.86098051071167,267.104966878891,0.4395720660686493,355.34599113464355,267.9199810028076,0.3429511487483978,418.1850047111511,313.65866708755493,0.3267997205257416,366.23605728149414,317.0534291267395,0.4737296998500824
38,34.25510000670329,50.982625308795924,71.04633965786738,115.17285357780976,113.65322447996222,140.58074258789026,154.33849598633714,155.83652891093155,151.63420650744513,379.1671199798584,170.62922984361649,0.5999738574028015,386.9449191093445,166.32697182893753,0.49282166361808777,372.5794725418091,166.41545069217682,0.5303249955177307,399.2702536582947,169.77392941713333,0.47632282972335815,365.25993728637695,168.83383971452713,0.520098090171814,412.441125869751,189.35231745243073,0.5119962096214294,352.1453971862793,190.2963674068451,0.45911484956741333,426.7144546508789,206.60773289203644,0.5184903144836426,331.59597873687744,202.3175835609436,0.5233136415481567,416.16758728027344,228.99024987220764,0.41697898507118225,334.38809537887573,226.1791548728943,0.41948795318603516,402.44509506225586,238.99075466394424,0.5260371565818787,361.8089952468872,238.33682876825333,0.5721098184585571,417.3690357208252,267.01906645298004,0.42855167388916016,354.14944553375244,268.41290414333344,0.378159761428833,420.2645163536072,309.821524977684,0.30657878518104553,366.28498458862305,316.80564272403717,0.45842811465263367
39,23.21800001664087,50.239513977693505,77.32204254374334,111.96793682241511,110.67212175010216,152.45936843018026,159.56391670912137,,165.0647636452469,378.8056240081787,170.25628238916397,0.587917149066925,387.00569915771484,166.07538187503815,0.49163398146629333,372.0799894332886,166.24641346931458,0.5329077243804932,399.68151092529297,169.58708530664444,0.46168240904808044,364.5159692764282,168.84388279914856,0.5456317067146301,409.86392545700073,189.25516307353973,0.5429551005363464,350.23177337646484,191.02937012910843,0.51527339220047,426.24853324890137,208.1179991364479,0.4928671419620514,331.27294731140137,200.55381846427917,0.40386995673179626,415.7885775566101,228.59918212890625,0.46414366364479065,334.0220251083374,226.70205056667328,0.4259815812110901,401.88409900665283,238.19213712215424,0.5229597687721252,362.12975215911865,238.76420831680298,0.5996743440628052,412.71406745910645,270.9786629676819,0.37748658657073975,358.5180778503418,270.7602792978287,0.39041176438331604,417.34421825408936,315.5808137655258,0.2984360456466675,365.72360944747925,319.00227189064026,0.46299540996551514
40,30.286299996078014,48.00453398299915,77.64506856456505,116.09048515644363,110.23725067482881,152.8403709124147,163.34740230517303,169.31006994335948,171.0112930997239,378.6400899887085,170.6035166978836,0.5993573665618896,386.7676839828491,166.44532352685928,0.49809759855270386,371.80249881744385,166.65109992027283,0.5091074705123901,399.6368041038513,169.7261784672737,0.4686095416545868,364.3668622970581,168.95291793346405,0.541709303855896,409.3529939651489,189.4869660139084,0.559519350528717,350.21913719177246,190.99728924036026,0.5147433876991272,424.915415763855,209.2265419960022,0.4967503845691681,330.361777305603,200.70190054178238,0.3995216190814972,415.3572540283203,229.12448531389236,0.4545014202594757,332.9659686088562,226.30300533771515,0.41526105999946594,400.913387298584,238.5884472131729,0.5162757039070129,361.97096586227417,239.23972344398499,0.6111325621604919,411.7614507675171,273.19010746479034,0.41173094511032104,360.2228002548218,273.0251444578171,0.4238007962703705,416.87842321395874,316.63791608810425,0.3040846884250641,365.1923084259033,320.0959851741791,0.4651145339012146
41,24.50120000867173,52.11602181907411,73.22778787498093,107.49039241210124,114.94331039699692,144.95515087070441,156.80511563852295,,161.7049785031499,378.7581624984741,170.40050393342972,0.6061801314353943,386.6150894165039,166.39626199007034,0.5158514976501465,371.8843812942505,167.57728600502014,0.3810226619243622,399.20563220977783,169.34635043144226,0.45057493448257446,364.5278220176697,168.8584417104721,0.5251787900924683,412.9035849571228,189.0215367078781,0.5269173383712769,351.1218662261963,190.22107988595963,0.47690072655677795,428.1362781524658,206.2291157245636,0.513738214969635,332.08072805404663,201.63223206996918,0.541205108165741,415.4932951927185,227.2761161327362,0.4436187744140625,334.69199562072754,226.5164743065834,0.44178155064582825,403.60433864593506,238.71281051635742,0.5510517954826355,363.1408996582031,237.85406267642975,0.5718891620635986,416.5307512283325,267.1494128704071,0.43159037828445435,358.23083209991455,268.7388699054718,0.3563727140426636,420.44900465011597,310.56288981437683,0.27031007409095764,366.1971125602722,317.59059882164,0.4613749384880066
42,24.07480002148077,53.14100182857217,69.62881452156745,115.35242158998972,113.6036165300997,142.54763133046316,155.93012972961196,,158.362140963235,379.26858854293823,170.28162515163422,0.6081404089927673,387.12495946884155,166.27390730381012,0.5277382135391235,372.098210811615,166.34351086616516,0.4970657527446747,399.61416006088257,169.86794978380203,0.47343090176582336,364.31136417388916,169.15788233280182,0.5243037343025208,410.32438802719116,188.72403347492218,0.5242698192596436,351.9267153739929,190.61284565925598,0.49228334426879883,428.8903045654297,207.16137039661407,0.4804277718067169,333.58147716522217,202.54534077644348,0.543865442276001,421.12256383895874,229.15962898731232,0.4433553218841553,337.6143407821655,226.8060000538826,0.44937950372695923,403.20154762268066,239.7812237739563,0.5221337080001831,362.69110202789307,238.4933584332466,0.5881156921386719,418.00033950805664,265.92686319351196,0.41863998770713806,357.00474309921265,266.69600677490234,0.41426730155944824,420.2109136581421,309.59943747520447,0.29013580083847046,366.0930914878845,317.0132567882538,0.44951391220092773
43,25.344000023324043,49.86272200427421,76.1092600560508,126.36991040869519,100.13558887940599,140.06366530868942,159.04110333475654,,163.88743936366515,378.44225788116455,170.35669898986816,0.6048150062561035,386.7146625518799,166.26366478204727,0.4832651615142822,371.2659664154053,166.27278190851212,0.5028781294822693,399.59262800216675,170.25041323900223,0.4952738881111145,363.6668429374695,169.48216712474823,0.5230858325958252,410.4078879356384,189.619919359684,0.5503948926925659,351.0892901420593,190.64689242839813,0.502493679523468,427.50669288635254,209.4793428182602,0.4649697244167328,330.59832668304443,201.16875439882278,0.3755684494972229,422.6280641555786,230.77730637788773,0.40667131543159485,338.5141887664795,226.98885542154312,0.4489571750164032,402.3844919204712,239.51904940605164,0.575522780418396,362.6309537887573,239.51266741752625,0.6233519911766052,418.33211517333984,266.2695246934891,0.42701801657676697,359.005126953125,266.4371373653412,0.4488006830215454,419.54142332077026,308.25520265102386,0.29309022426605225,366.3131380081177,315.67192804813385,0.44309064745903015
44,21.154799964278936,40.57706601666936,71.59878467188194,148.96960502550385,100.13189305720633,145.14902100563413,165.18092283644876,153.32727138499527,173.0804377893753,378.9261984825134,170.24220782518387,0.5843051075935364,387.0223536491394,166.24074375629425,0.4765984117984772,371.3578567504883,166.1506266593933,0.5135872960090637,399.6530542373657,170.08227348327637,0.48028692603111267,363.26028633117676,169.40712177753448,0.5503626465797424,410.5563631057739,188.9727743268013,0.5399610996246338,350.732873916626,189.4977926015854,0.46943068504333496,423.6179323196411,209.63964754343033,0.39185503125190735,330.8659610748291,201.8906741142273,0.36765116453170776,424.0960350036621,231.330331325531,0.417086124420166,341.4998664855957,228.4453163743019,0.40068450570106506,403.19927310943604,239.50275254249573,0.5895872116088867,362.7789740562439,239.46400475502014,0.6323975920677185,418.43694496154785,269.97549414634705,0.314931720495224,362.140417098999,268.3910800218582,0.35779163241386414,418.35667991638184,313.4755268096924,0.3097224533557892,366.97047233581543,317.16978645324707,0.44034671783447266
45,39.49850000208244,41.0531778265871,67.83447982295222,142.03814714687348,109.74819676503951,146.24184802444222,168.54194460302745,150.33822929602,178.2608732287603,378.5521674156189,170.32523065805435,0.5796547532081604,386.82019996643066,166.26753956079483,0.4757559299468994,370.89077281951904,166.12185072898865,0.498005747795105,399.35206031799316,169.81712180376053,0.462492972612381,362.4110336303711,169.20113170146942,0.5738798975944519,411.4468855857849,188.13246017694473,0.5198081731796265,349.93980169296265,188.95164823532104,0.4642155170440674,426.56494331359863,210.10460674762726,0.3708241879940033,331.05980014801025,202.73278319835663,0.3707963824272156,425.23612213134766,232.2639820575714,0.37610575556755066,338.61515188217163,228.43887740373611,0.4361291229724884,405.3738341331482,241.24500691890717,0.6711447834968567,362.9535303115845,241.29700303077698,0.7045031189918518,421.0761384963989,271.7523936033249,0.4006093740463257,364.2595052719116,271.16852712631226,0.3914666771888733,419.2777819633484,314.1878592967987,0.3356885015964508,367.7012987136841,317.5657546520233,0.4413813650608063
46,28.36810000007972,33.82605061188005,71.0367445530183,150.41719727829823,116.99948784444628,152.90335582304047,178.43602910681298,,164.66716962111914,378.15043783187866,169.84571254253387,0.5457847714424133,386.42524337768555,165.9700790643692,0.4630363881587982,370.53759145736694,165.92821151018143,0.47771331667900085,399.33169078826904,169.76116544008255,0.45598405599594116,362.2354917526245,169.1977127790451,0.5830735564231873,412.31562328338623,189.26098948717117,0.5497573614120483,349.96550369262695,189.55250960588455,0.48300525546073914,423.05749225616455,209.71776992082596,0.43163421750068665,333.16996717453003,200.86600881814957,0.42558425664901733,422.4027609825134,229.6771683692932,0.5148283243179321,336.4578266143799,227.78023624420166,0.4192136526107788,406.8520908355713,240.19895911216736,0.6591788530349731,363.47760343551636,239.9767861366272,0.6687506437301636,419.1322383880615,272.2322963476181,0.4983749985694885,371.0519347190857,271.67957055568695,0.39891675114631653,417.42817306518555,316.8716564178467,0.2850520610809326,369.5119376182556,318.2054065465927,0.535065233707428
47,31.909900018945336,41.95629814923568,68.38809119141698,139.68587606616487,111.06836195692355,149.07231428671304,156.59369531365505,154.13892954761403,161.54381407950163,378.8922071456909,169.84867560863495,0.5356650948524475,387.05659770965576,166.14039838314056,0.4506079852581024,371.7093448638916,165.98782896995544,0.4782041311264038,399.90153217315674,169.56590223312378,0.4466172456741333,363.4339075088501,168.8939130306244,0.579038143157959,413.46076488494873,188.57588016986847,0.5083680748939514,350.55958127975464,189.03459984064102,0.44162771105766296,426.99603939056396,207.57387763261795,0.43314695358276367,331.96558713912964,202.2925684452057,0.36755988001823425,425.0150899887085,230.9401183128357,0.41012781858444214,338.3591933250427,227.15541392564774,0.439267098903656,407.4502878189087,241.42737793922424,0.7032920122146606,363.4929690361023,241.3826470375061,0.7092606425285339,420.4041967391968,269.9316464662552,0.3832989037036896,358.8212957382202,269.21464145183563,0.3591378331184387,419.28799200057983,314.91569089889526,0.33905571699142456,366.42979526519775,317.6479512453079,0.5293388366699219
48,33.1609999993816,41.428747739909504,64.28649273561118,151.31006929151792,115.58658036940362,143.4998702393525,177.23164772365996,145.97601434989755,169.6379860622887,379.3278269767761,170.0870314836502,0.5311664342880249,386.59760093688965,166.0705668926239,0.44819146394729614,372.075945854187,166.0671907067299,0.4524552822113037,398.55049657821655,168.53976964950562,0.5185286998748779,363.6071243286133,168.7222546339035,0.5754876136779785,410.28791999816895,187.88960272073746,0.5097726583480835,352.89644145965576,188.75527387857437,0.4654705226421356,423.8615074157715,208.65197783708572,0.4390818178653717,332.91764783859253,202.5194566845894,0.5476492643356323,425.69117641448975,231.97778975963593,0.4094161093235016,336.83264112472534,227.29956424236298,0.4055776298046112,402.5843710899353,240.9956535100937,0.621550440788269,360.9864807128906,240.70789420604706,0.6877865195274353,419.19953870773315,271.92265594005585,0.5244671106338501,367.39161109924316,271.85786736011505,0.43715766072273254,414.5102252960205,318.26834321022034,0.42273077368736267,368.4053363800049,318.0454009771347,0.5664513111114502
49,22.88050000788644,45.82703743751109,67.20334448306947,148.45901176075586,110.8729225123291,133.382745600245,165.18697564826468,142.92442574168507,166.15909750289012,379.42697048187256,169.63802725076675,0.48201388120651245,386.76247787475586,165.665367603302,0.46177738904953003,372.87086296081543,165.52524876594543,0.48209846019744873,398.28776502609253,168.12276083230972,0.5346361994743347,365.0244998931885,167.9560883641243,0.5712302923202515,411.7147979736328,188.46688777208328,0.541645884513855,353.9069571495056,188.16721922159195,0.3776869475841522,425.1234073638916,207.40196281671524,0.4270484745502472,332.40421438217163,201.83326470851898,0.3615094721317291,426.6356554031372,230.39632445573807,0.4364936053752899,336.9216251373291,223.90876245498657,0.40790635347366333,402.23356533050537,239.50694072246552,0.5665829181671143,362.6080570220947,239.38665163516998,0.6120119690895081,422.7991075515747,267.7156434059143,0.48265090584754944,360.146098613739,266.5877408981323,0.4815184772014618,421.98038387298584,315.4962239265442,0.4970085620880127,367.801326751709,316.79549992084503,0.49712899327278137
50,23.312000033911318,44.02726904948069,66.85370983919718,150.31386164755818,117.31125767346204,136.72338208045417,168.65896618206605,151.2106492243677,168.0225039113421,380.8320384025574,169.83985763788223,0.5068080425262451,387.9430513381958,165.94865381717682,0.520264744758606,373.6945400238037,165.77401810884476,0.5259002447128296,399.57271337509155,168.45496612787247,0.518989086151123,365.86445236206055,168.40255689620972,0.5482760667800903,412.63557147979736,189.28587639331818,0.5229650139808655,353.9789328575134,188.74409115314484,0.3976501226425171,424.8501625061035,208.23502600193024,0.4161054491996765,333.3082323074341,201.4510576725006,0.3534404933452606,426.07354736328125,230.6818044781685,0.44209927320480347,334.81855964660645,221.68338584899902,0.3935713469982147,402.6420679092407,239.65751576423645,0.5688644647598267,361.6107587814331,240.214515209198,0.6540167331695557,420.72803688049316,268.53926181793213,0.44522029161453247,360.21107387542725,267.77900743484497,0.38744375109672546,423.44469022750854,316.14966547489166,0.5320479869842529,368.0606212615967,316.94692969322205,0.4508594870567322
51,25.966899993363768,35.31009102387128,59.89624236953826,162.88137391333547,134.0186474390128,148.71802153219159,179.84959166761845,153.75448303165226,171.2771525200721,382.12353229522705,170.24977219104767,0.5627205967903137,389.20558309555054,166.69131499528885,0.5662958025932312,374.19179916381836,166.51102381944656,0.5363092422485352,400.58249616622925,170.21405869722366,0.46144863963127136,366.00413274765015,170.29624104499817,0.4801456034183502,412.5429229736328,189.3413769006729,0.5446012616157532,353.1244993209839,189.97248148918152,0.44443047046661377,424.2490339279175,210.80824947357178,0.4373306632041931,335.89415168762207,205.226402759552,0.38058269023895264,428.6326780319214,232.38254743814468,0.424643337726593,335.05829334259033,224.36780977249146,0.3985803425312042,406.35844564437866,241.93984591960907,0.6864903569221497,363.53454208374023,241.53313660621643,0.7110848426818848,420.7259645462036,273.3560106754303,0.5293801426887512,369.7162141799927,272.570570230484,0.4758599102497101,419.3728060722351,319.78121638298035,0.48129531741142273,371.7433867454529,318.24572134017944,0.49790140986442566
52,24.74870003061369,37.052038432526274,42.3491883988943,164.52068926016076,131.89553615811872,154.38709420008308,176.7500325865637,158.269669136798,171.93940407627028,381.53946256637573,170.14773160219193,0.5802422165870667,389.0278425216675,166.44508135318756,0.5821487307548523,373.97402715682983,165.96822714805603,0.5346651077270508,400.8488669395447,170.26336240768433,0.43685346841812134,365.6846899986267,168.89771658182144,0.5739876627922058,414.10574102401733,190.43235504627228,0.6115032434463501,350.36842107772827,189.22849547863007,0.46424099802970886,427.1456518173218,213.53985452651978,0.45018264651298523,338.8428053855896,210.63512378931046,0.34021562337875366,432.4598751068115,234.92178112268448,0.5278069376945496,346.78308057785034,232.6830279827118,0.33901891112327576,406.8355121612549,244.809091091156,0.7099267244338989,364.16187810897827,244.34374725818634,0.7511255145072937,419.0470199584961,282.39769291877747,0.6057575345039368,371.27228450775146,281.6156713962555,0.4508277475833893,416.42018461227417,322.66097474098206,0.4683483839035034,373.2179789543152,322.27070474624634,0.6036335229873657
53,24.37670005019754,41.4695837500492,43.959618508557966,153.18841239094164,125.21031318324266,157.18729686930917,179.6216186766358,159.66332122909984,165.74687147735855,380.63665771484375,170.2349711060524,0.5484809875488281,388.07370948791504,165.9474571943283,0.552666962146759,373.34906673431396,165.7032891511917,0.5096738934516907,401.4007902145386,168.69440466165543,0.5508543252944946,366.0929145812988,168.43559223413467,0.5522438287734985,416.5277690887451,189.4405541419983,0.5704034566879272,349.8922896385193,189.15505987405777,0.4447096288204193,431.92849826812744,211.6361272931099,0.4134023189544678,338.130832195282,209.93839013576508,0.3843085765838623,435.0117778778076,233.73193913698196,0.4456934630870819,349.1394762992859,233.24440079927444,0.3371604382991791,409.97489643096924,245.10377371311188,0.7016302943229675,364.28983211517334,245.0122320652008,0.7408358454704285,420.76953411102295,282.5062437057495,0.5653064846992493,373.4812412261963,281.67148530483246,0.4280841648578644,417.7032880783081,323.883495926857,0.45437324047088623,373.3538432121277,322.73220229148865,0.643566370010376
54,27.37560000969097,47.97507822835856,40.582615659714676,136.15979785225514,145.76948856732324,149.6807712952187,176.58900903010016,152.62614561442032,162.42291617954322,383.05802869796753,169.11607176065445,0.45486029982566833,389.7870750427246,165.28300386667252,0.6100801825523376,374.9294238090515,164.8981329202652,0.5245276689529419,402.4692049026489,167.9173263311386,0.5849012136459351,367.05240535736084,167.71164965629578,0.5495328903198242,416.66209173202515,189.61477673053741,0.5541958808898926,350.40842723846436,189.20587360858917,0.4469171464443207,432.9514226913452,210.48134350776672,0.42630016803741455,338.5664520263672,211.3994381427765,0.38208410143852234,430.7681932449341,231.7419695854187,0.5091947913169861,340.97660207748413,233.77745354175568,0.4757562279701233,406.9681921005249,244.60304403305054,0.689248263835907,362.7070994377136,244.68498420715332,0.7450702786445618,421.09847927093506,282.75864565372467,0.5691009759902954,373.7200651168823,283.3200612068176,0.470467746257782,415.7256999015808,326.18685245513916,0.4384332001209259,372.4862174987793,325.720454454422,0.637463390827179
55,27.691700030118227,43.12354875424321,36.054730095865025,142.86327625762,137.42402767301732,158.15306297067139,176.95297225833465,163.3656776069493,166.0908344482317,382.3411273956299,168.06576454639435,0.5384208559989929,390.03914165496826,165.52769899368286,0.595811128616333,375.1248297691345,165.23720455169678,0.5680108666419983,402.56933403015137,168.60512804985046,0.5626922249794006,367.82606840133667,168.38994961977005,0.521504282951355,416.82249546051025,190.9435694217682,0.6149293780326843,350.08377838134766,190.6713519692421,0.4839647710323334,431.58939361572266,213.19179397821426,0.4492972195148468,339.947283744812,213.81319737434387,0.38186392188072205,430.26426219940186,234.4725489616394,0.452460914850235,347.32368183135986,235.33118283748627,0.341998428106308,407.2062578201294,248.10162734985352,0.6457172632217407,362.6348204612732,247.75415086746216,0.6965156197547913,416.2454767227173,289.5697944164276,0.5523989796638489,374.7614130973816,291.63710284233093,0.46375277638435364,413.20291090011597,329.6847519874573,0.4427169859409332,375.7728133201599,329.2960774898529,0.6468306183815002
56,27.88230002624914,38.2643469704648,42.86087893864069,145.7651281189417,141.33731215648737,160.19156368481993,171.18153553245028,166.4293737461926,162.08881811161544,383.55748653411865,169.10131341218948,0.4784085154533386,389.73792028427124,165.2688153386116,0.5862112641334534,374.9954352378845,165.0287500023842,0.5441681742668152,403.1822900772095,168.12300300598145,0.5864842534065247,369.23586225509644,167.59221529960632,0.48937058448791504,420.4650020599365,189.3077147603035,0.5861590504646301,352.5503363609314,188.431558907032,0.5426283478736877,433.0796546936035,213.4838981628418,0.4365883469581604,337.48262119293213,211.2297883629799,0.37322360277175903,430.4510250091553,235.92724347114563,0.4302208423614502,339.68710470199585,235.44674241542816,0.47337064146995544,409.19562292099,248.89399111270905,0.6868480443954468,362.3517699241638,247.64027225971222,0.7311396598815918,416.0478467941284,291.6798393726349,0.6608635187149048,377.3412923812866,293.1829686164856,0.49305370450019836,413.1122336387634,329.2158752679825,0.5018708109855652,377.5322756767273,328.8485405445099,0.6877010464668274
57,28.481899993494153,31.98053313663239,24.6798399479517,145.96692959321936,172.03305998577582,161.48380065137854,175.8982621511889,168.22733425902211,166.08911197369716,385.14969635009766,169.87169635295868,0.508952796459198,392.4708490371704,166.2477810382843,0.668318510055542,376.0844974517822,165.9526568055153,0.6033321022987366,404.81963634490967,169.03753626346588,0.32049939036369324,368.4341468811035,169.1295337677002,0.4123433828353882,422.6408267021179,189.21426421403885,0.5410729050636292,350.77356243133545,189.27255684137344,0.46141213178634644,431.7928867340088,212.59375321865082,0.4245748817920685,345.7809805870056,211.61374759674072,0.4020335376262665,426.096848487854,237.96221458911896,0.4451265335083008,343.8234839439392,235.78498780727386,0.37612202763557434,411.39388942718506,249.29819321632385,0.6738587021827698,363.41758155822754,248.33747601509094,0.7067952156066895,417.38637256622314,292.4070726633072,0.6222332119941711,376.40282821655273,293.07766580581665,0.4791070222854614,414.8801875114441,329.56281042099,0.49827462434768677,377.8109793663025,328.54226207733154,0.617454469203949
58,28.475900006014854,39.08968285493419,20.87044244787762,135.39103880696484,178.6656793446717,162.21942081436814,178.33816931226914,165.0723084864077,164.52868348824393,384.22649669647217,169.7876478433609,0.3947553038597107,393.77465057373047,166.0619483590126,0.6398834586143494,377.9788889884949,165.6868213415146,0.6605264544487,405.76755237579346,169.40212160348892,0.34579911828041077,368.64458990097046,169.1479959487915,0.33438143134117126,420.5519390106201,188.4908344745636,0.4562934935092926,345.951847076416,188.9457648396492,0.4314626157283783,434.5972604751587,212.41762173175812,0.513695478439331,344.70627307891846,212.05894827842712,0.4369351863861084,428.2756805419922,237.40852010250092,0.46788713335990906,343.9463834762573,236.92498475313187,0.5183741450309753,411.3959364891052,248.49212527275085,0.7083500027656555,364.6513786315918,247.23780810832977,0.742327094078064,418.14363384246826,290.59889006614685,0.6268656849861145,377.2465968132019,290.8067035675049,0.46121957898139954,414.3312463760376,327.9797353744507,0.5132740139961243,377.64547061920166,325.82487404346466,0.6400606632232666
59,26.96809999179095,37.75872838093231,31.70019964924001,126.81600261196475,167.34099665782205,168.04519966014783,173.05560872679402,169.98058034362188,168.31273296078206,386.24126052856445,167.79148149490356,0.47619080543518066,395.2852053642273,165.02048760652542,0.7306798696517944,379.10783100128174,164.90709334611893,0.6638444662094116,407.2714099884033,167.6135550737381,0.49575209617614746,369.10411739349365,167.49885022640228,0.49509313702583313,421.99231243133545,187.48742347955704,0.44948676228523254,354.2717890739441,187.98474848270416,0.5579479932785034,436.87217807769775,212.5407029390335,0.5065922737121582,345.2780604362488,211.7830127477646,0.44560104608535767,427.9352617263794,234.14116990566254,0.4631849527359009,341.99500274658203,235.01564478874207,0.45648619532585144,414.4656448364258,248.33562409877777,0.7174360156059265,365.76525831222534,247.12535405158997,0.7440681457519531,418.2232165336609,292.13552474975586,0.6249721050262451,368.9741415977478,292.4073005914688,0.4369327127933502,414.93530654907227,328.8596520423889,0.4871399700641632,378.7382984161377,327.049845457077,0.6749793887138367
60,28.321399993728846,31.639437076782734,24.952907861795083,135.44116477838097,177.89780670635218,172.93337589606497,167.13971406060367,172.30633626051974,165.32005607129827,387.95389318466187,169.01048403978348,0.3892079293727875,397.92159366607666,165.2482590675354,0.7030342817306519,382.31512212753296,165.0376392006874,0.6348519921302795,408.4889316558838,168.14710640907288,0.4993695616722107,371.09742498397827,167.7789739370346,0.5322062969207764,423.0661859512329,188.2185030579567,0.5087797045707703,348.9976477622986,186.62631088495255,0.5192150473594666,436.4608955383301,215.73978865146637,0.40102240443229675,344.8249773979187,213.30266678333282,0.4663013815879822,430.1340084075928,234.53272199630737,0.47395825386047363,340.4658980369568,235.7443596124649,0.3903680741786957,416.9476442337036,249.6585476398468,0.7008637189865112,366.6563620567322,247.9556393623352,0.7279018759727478,418.02720403671265,294.48666071891785,0.6281077265739441,369.2830457687378,294.8998374938965,0.4710399806499481,414.2628593444824,328.50679075717926,0.48323091864585876,379.73766899108887,327.30182003974915,0.6885122656822205
61,27.486399980261922,37.69303481803341,22.334106093036127,120.60912809232144,175.56993191706948,171.35322361368216,168.65356007784249,174.03194981763127,167.3256458753179,391.08109617233276,170.0296790599823,0.5148195028305054,400.6441354751587,166.54539823532104,0.6224959492683411,385.5233736038208,166.23102831840515,0.6266476511955261,410.37248134613037,169.33516770601273,0.4557916820049286,373.5417432785034,168.8195942044258,0.5504192113876343,423.51848554611206,188.40705662965775,0.5587153434753418,351.1153964996338,187.1336789727211,0.5405963063240051,439.5807695388794,215.59894329309464,0.42774060368537903,347.5943236351013,212.4540617465973,0.38724973797798157,429.67304039001465,233.6057951450348,0.4875291585922241,346.220618724823,234.99944764375687,0.4615376889705658,415.92039823532104,249.2123212814331,0.7040322422981262,366.65626096725464,247.58565497398376,0.7433758974075317,417.09538650512695,293.3721489906311,0.6163255572319031,369.0907230377197,292.96438550949097,0.4704546630382538,414.27938747406006,329.6063162088394,0.48879653215408325,378.8524284362793,327.5878983736038,0.6536003351211548
62,24.355600005947053,28.03807955861266,23.527216767598148,139.0149749106481,173.57501127788768,175.67042329829297,170.90972167083137,175.71969137166514,169.32448165315515,392.1618437767029,168.96660786867142,0.5126383304595947,402.14637565612793,165.24472618103027,0.5833237767219543,387.4240074157715,164.85153585672379,0.5713104009628296,411.75786209106445,168.0219026207924,0.5283889770507812,375.35036039352417,168.27571487426758,0.582627534866333,426.70591259002686,189.16343623399734,0.5981366038322449,353.385461807251,186.58136630058289,0.5756893754005432,436.9572448730469,214.88126873970032,0.39724940061569214,348.58396434783936,213.2893614768982,0.3873669505119324,431.2065677642822,231.3464572429657,0.4474273920059204,347.25883293151855,233.41739827394485,0.42541274428367615,419.9880619049072,249.95984017848969,0.6635367274284363,368.16815519332886,248.94350850582123,0.7130321264266968,418.40093183517456,295.9644614458084,0.6138136982917786,371.6039843559265,295.2294216156006,0.49991124868392944,414.7245855331421,329.4994463920593,0.5174360275268555,380.5295786857605,328.7252599000931,0.7088884115219116
63,24.29259999189526,28.83167397041525,35.56838348747225,131.6341699694549,146.40126993333644,176.55791776667922,173.46608674391956,174.8064943342186,165.01040540756503,394.24102687835693,169.10138463974,0.5135811567306519,401.8457102775574,165.67109429836273,0.4778628647327423,388.04419136047363,165.79047167301178,0.43302610516548157,413.4098410606384,168.1907261610031,0.5562942028045654,377.63354206085205,168.26265174150467,0.6165453195571899,428.1649875640869,189.3595114350319,0.5889425277709961,358.4458999633789,188.19213461875916,0.5686922073364258,437.3471975326538,210.89338064193726,0.3819763660430908,346.0256929397583,213.19841814041138,0.3188713788986206,428.5231981277466,229.58428764343262,0.4237664043903351,348.2710165977478,231.007228910923,0.5376284122467041,422.1400547027588,249.3202452659607,0.6300239562988281,368.2903470993042,249.2737764120102,0.5992527008056641,420.2451071739197,296.5864489078522,0.5613606572151184,370.45179176330566,296.47903776168823,0.42237433791160583,416.1543951034546,327.7033154964447,0.47717195749282837,380.27950859069824,327.4388618469238,0.6483094096183777
64,23.711899993941188,49.14675700795697,48.08168092760296,110.59906510612842,127.8282819484795,168.55866347058773,170.9743590028151,156.40858691149586,165.7826862689979,396.33125400543213,169.90470319986343,0.4964745342731476,402.2712211608887,166.35559105873108,0.46431130170822144,390.40713262557983,166.3212593793869,0.4904584288597107,413.31201171875,169.97155737876892,0.45771199464797974,381.0091724395752,169.01548421382904,0.5972254276275635,428.1827793121338,187.92486035823822,0.5194249153137207,363.89479970932007,187.33409905433655,0.6072337031364441,443.1447296142578,204.3207729458809,0.37846896052360535,348.6945056915283,204.57230591773987,0.3632975220680237,429.7924270629883,230.50446212291718,0.41868025064468384,353.50494956970215,229.86979615688324,0.5422667264938354,421.363965511322,245.4077159166336,0.7452539801597595,370.4689517021179,243.49596846103668,0.6695361137390137,424.65667724609375,285.6613962650299,0.5302278399467468,368.7518711090088,285.3522686958313,0.4141046106815338,414.0771074295044,316.53526294231415,0.4279972016811371,375.4314594268799,317.1366798877716,0.5173578262329102
65,26.392800034955144,62.18679410853641,51.99506882076612,,125.61056948288531,172.305513781897,172.60840698813377,156.89683659477538,176.3137727308861,395.91198539733887,169.58721351623535,0.47804978489875793,404.4401717185974,166.5892031788826,0.52222740650177,389.7620806694031,166.58141088485718,0.4738154709339142,411.5285658836365,170.65840464830399,0.4415895342826843,380.55457305908203,169.87218070030212,0.5460577607154846,426.8418273925781,186.96147924661636,0.4862102270126343,366.2726263999939,187.76220512390137,0.5975677967071533,450.00026416778564,201.28813177347183,0.5411449670791626,351.3891215324402,202.3889678120613,0.4405158758163452,428.9211368560791,219.24805891513824,0.2772531807422638,355.3656783103943,227.80895519256592,0.4039674997329712,422.94735527038574,243.66124486923218,0.7118257284164429,372.4277877807617,241.813858628273,0.6955984234809875,425.58735752105713,283.77631640434265,0.5858962535858154,371.78157329559326,283.18005633354187,0.4797641336917877,413.48131132125854,318.2725598812103,0.4486261308193207,373.42387294769287,316.86490404605865,0.44192373752593994
66,27.098999998997897,58.77524563276657,46.056462136785676,109.37114154682,131.67521114740063,163.2421454041787,173.03927161612603,154.6082360026058,177.75654309105778,399.2247886657715,169.37449955940247,0.5083889365196228,403.2883834838867,166.50186395645142,0.4984476864337921,391.3532543182373,166.74088937044144,0.49194958806037903,415.0054626464844,169.87668228149414,0.43532902002334595,382.1356883049011,170.36494714021683,0.5112640261650085,429.0466899871826,187.9678817987442,0.5477691292762756,371.39968252182007,188.71531522274017,0.5043554902076721,445.51972579956055,201.33942985534668,0.4509163796901703,354.4681806564331,206.29803550243378,0.42159464955329895,434.58042907714844,231.8985847234726,0.5126367807388306,356.21060943603516,228.91338109970093,0.563970685005188,421.4778175354004,242.9203073978424,0.7327967882156372,373.3451747894287,240.84262824058533,0.6740396618843079,427.06028175354004,278.5059335231781,0.5214186310768127,370.3884844779968,275.88179659843445,0.471956729888916,415.9304060935974,316.1371579170227,0.4332959055900574,368.57622814178467,316.1025413274765,0.5323464870452881
67,24.81809997698292,60.13515564214954,46.797599265344274,100.95833361764821,120.34517374055197,169.03804852311148,178.1545168954994,159.6129988960795,167.93346055883998,403.27741527557373,169.9422401189804,0.497485488653183,405.26559257507324,167.06209713220596,0.5996109843254089,393.396222114563,167.33605253696442,0.5653631091117859,416.69608306884766,169.4949595928192,0.428212434053421,383.29953145980835,170.28820657730103,0.5232759118080139,429.12260818481445,187.6446511745453,0.5281041860580444,372.77227544784546,188.97647815942764,0.4805070757865906,449.4889030456543,202.76022005081177,0.555853545665741,355.16615295410156,206.4051617383957,0.4234286844730377,437.7502918243408,227.23434829711914,0.5484269261360168,361.11365127563477,229.62861967086792,0.3897087275981903,422.43655014038086,244.4113564491272,0.7278880476951599,374.1784553527832,242.41191363334656,0.7206304669380188,425.1564636230469,281.05958366394043,0.5425931811332703,376.4483690261841,281.15685200691223,0.4175823926925659,414.28982496261597,318.60345458984375,0.41698795557022095,370.8832416534424,317.4673181772232,0.4928569495677948
68,25.930700008757412,59.07764550727891,46.146291493636404,93.74240566165933,123.31135570157477,174.2540505833565,177.90549576529304,170.22758168932512,170.8515480712254,400.89799642562866,169.80673682689667,0.4627065062522888,404.314492225647,166.49370127916336,0.603621244430542,391.7641324996948,166.8959375023842,0.5501575469970703,415.04367446899414,168.53441333770752,0.5694484114646912,382.3832564353943,169.62188708782196,0.5517842173576355,432.0638065338135,187.8651004433632,0.5391017198562622,371.1370520591736,188.4692952632904,0.5325791239738464,449.900842666626,201.97693067789078,0.5593486428260803,355.0388307571411,205.95825159549713,0.43658074736595154,434.2719039916992,224.626451253891,0.4382445514202118,360.9733896255493,229.65521603822708,0.40299931168556213,424.41163635253906,246.56658816337585,0.7108659744262695,374.5917091369629,244.672847032547,0.7512012124061584,423.2726106643677,285.3761726617813,0.5727235078811646,375.56388664245605,283.8123860359192,0.47197818756103516,415.46155309677124,323.9288251399994,0.5003927946090698,370.61391401290894,320.3004367351532,0.5897966027259827
69,28.64209999097511,54.67160916095776,33.0011669257952,111.79131388674803,130.31673474732293,178.66049162322452,174.6767191284054,178.31882512126734,168.7572033390645,404.21979665756226,170.63350349664688,0.46099162101745605,406.70353984832764,167.01092725992203,0.6106747984886169,393.47921657562256,167.2892845273018,0.5577118396759033,417.35240650177,169.33797407150269,0.5262625813484192,384.09563636779785,170.08349859714508,0.525177538394928,433.4366521835327,188.37538886070251,0.5583964586257935,369.0740432739258,189.50477290153503,0.5871818661689758,448.3501806259155,201.76836216449738,0.5130500197410583,360.0058116912842,208.91465079784393,0.4854428768157959,438.4111137390137,228.8784938454628,0.4770631492137909,371.1280550956726,233.16139221191406,0.3093537390232086,426.57586097717285,247.700701713562,0.6739592552185059,376.9373388290405,245.74459373950958,0.7643049955368042,423.2085704803467,284.2957077026367,0.5662276744842529,378.65894317626953,283.1379466056824,0.4317302107810974,418.3796272277832,323.9766900539398,0.4987020194530487,373.12763023376465,319.68297934532166,0.5553960204124451
70,25.730299996212125,66.73809105955723,36.34756179547827,117.20725106857951,126.79138585362564,143.42627704869685,167.71233094755084,155.05534437014836,178.17560272159344,404.9921202659607,171.69109016656876,0.5442978739738464,409.1126537322998,168.60266357660294,0.5859292149543762,394.51740550994873,168.6648879647255,0.49797219038009644,420.70150089263916,170.75003176927567,0.399198442697525,385.34727573394775,171.74698954820633,0.48596635460853577,434.01938247680664,189.7907372713089,0.6073488593101501,371.1030101776123,190.34347730875015,0.5157280564308167,448.5491752624512,203.2099650502205,0.5536835193634033,361.1965193748474,207.57473236322403,0.5245983004570007,441.0349922180176,230.2735424041748,0.5518742203712463,371.7252917289734,232.00652295351028,0.37483274936676025,415.276837348938,242.82799649238586,0.6019258499145508,376.86561584472656,241.29785776138306,0.7258601784706116,425.5942316055298,276.34209752082825,0.44513794779777527,373.5646905899048,273.5968737602234,0.43679577112197876,419.6939673423767,319.2282911539078,0.46292585134506226,370.7381782531738,313.90756464004517,0.5493739247322083
71,29.603000031784177,62.22148780617969,19.36113858240571,116.6082678865506,148.66028919633587,158.8381797052537,155.6446516611705,162.65724496340906,164.92930030019127,405.72211265563965,173.23591601848602,0.5143014788627625,409.67013692855835,170.30780839920044,0.537510871887207,398.30181646347046,170.30683970451355,0.46815428137779236,420.153039932251,171.96735334396362,0.45774081349372864,386.72403860092163,172.8389791250229,0.5157970190048218,432.3617172241211,190.58577919006348,0.5690144896507263,365.32925939559937,189.189818918705,0.37623780965805054,447.62370109558105,203.15536201000214,0.5505357980728149,362.83262729644775,207.40526777505875,0.5303875207901001,441.6225242614746,229.42912554740906,0.5285288691520691,373.61154556274414,232.15336567163467,0.3730885982513428,421.6635947227478,242.26350390911102,0.6904526352882385,375.73975706100464,240.1009500026703,0.6642677187919617,426.72552394866943,272.6234495639801,0.4463529586791992,369.2211790084839,268.79579496383667,0.4570995271205902,420.8507342338562,315.0866655111313,0.439319908618927,370.72005796432495,306.57357716560364,0.4282313585281372
72,29.436999990139157,60.7928755627969,20.657551578419437,122.23502517129671,144.1238344746283,156.3740825840482,153.0793304122954,161.46843982837527,157.54099275386147,402.5850028991699,171.83907252550125,0.40352821350097656,410.3009605407715,169.7119187116623,0.5145293474197388,399.50187492370605,169.42905986309052,0.4229162037372589,421.2166781425476,172.00122916698456,0.44207093119621277,386.4590072631836,172.44343829154968,0.3798955976963043,433.5143394470215,190.7253709435463,0.5889495015144348,365.90473651885986,189.22531872987747,0.38787272572517395,447.09217262268066,203.48044455051422,0.5731528401374817,362.8376817703247,206.77506065368652,0.5506806969642639,442.0045919418335,229.71396452188492,0.5265576243400574,374.55842542648315,230.84551388025284,0.3929338753223419,420.92895221710205,241.1903041601181,0.6713016629219055,375.324077129364,238.86463916301727,0.6314710974693298,426.12100887298584,271.813991189003,0.4492048919200897,367.2434139251709,266.7216202020645,0.4824884533882141,419.5601501464844,313.6681261062622,0.41186705231666565,371.16664600372314,302.3559374809265,0.4188324809074402
73,31.9644000264816,65.25695133810372,36.92012679673954,122.66530635957865,117.6956064136456,139.0495493650741,168.08477144978926,151.66397551200387,170.87896468965513,401.91707944869995,170.50262999534607,0.4064006805419922,409.8912196159363,167.62788605690002,0.6092712879180908,395.28146505355835,167.62460958957672,0.5585295557975769,421.83850479125977,170.9524747133255,0.43076545000076294,387.00900983810425,171.54372036457062,0.4545380175113678,434.7193260192871,190.07949376106262,0.5941648483276367,371.91000747680664,190.43423545360565,0.4643753468990326,448.47406578063965,204.51136362552643,0.5839136242866516,360.51029872894287,208.76769411563873,0.5462813973426819,442.41789627075195,229.33433592319489,0.5397028923034668,373.8186273574829,231.42298412322998,0.4287501573562622,414.27675914764404,241.62447881698608,0.5641710758209229,376.2792716026306,239.90909147262573,0.6776372790336609,426.21674060821533,275.6866616010666,0.44506269693374634,372.4606418609619,271.61127758026123,0.3831092119216919,419.45104932785034,318.3135869503021,0.3949810266494751,373.75372791290283,304.4835329055786,0.3957001268863678
74,31.003299984149635,62.12170697162679,19.972775184029924,117.02133301620007,143.75255456989348,158.09286055651344,147.84861727989554,162.43944955953273,158.95837816510286,403.21848011016846,170.7503024339676,0.45853158831596375,410.8754267692566,167.9635530114174,0.6406711339950562,396.1861906051636,167.96068966388702,0.5582872629165649,421.67511892318726,171.30425333976746,0.4503251612186432,386.15702772140503,172.26169407367706,0.3701683282852173,433.55351161956787,191.27825343608856,0.5764186978340149,366.874614238739,190.02934956550598,0.4039059579372406,450.275429725647,205.24398171901703,0.5825139284133911,364.4453582763672,209.36945295333862,0.5642381310462952,444.5365800857544,230.40915966033936,0.5428736209869385,376.2567286491394,230.60060507059097,0.4463420808315277,422.72885036468506,242.2502270936966,0.6670563220977783,378.0985789299011,239.37796187400818,0.6356824040412903,428.0722379684448,272.81089198589325,0.4791518747806549,368.6307406425476,266.35667872428894,0.4467661380767822,421.8366346359253,319.2790906429291,0.40757957100868225,369.85410022735596,307.4852613210678,0.3954927921295166
75,29.097499966155738,69.47246724008659,19.896902120577295,115.30848841493388,145.76125968470618,138.25090445531643,147.12315828558712,151.27136975446723,,402.93846225738525,170.75232529640198,0.44762086868286133,410.2999496459961,167.45651257038116,0.6578685641288757,395.3557405471802,167.9248479604721,0.5443850159645081,421.49467420578003,170.41902309656143,0.43362319469451904,386.62231731414795,171.81113708019257,0.48867058753967285,434.015793800354,190.6152246594429,0.580288290977478,365.5639638900757,188.94270205497742,0.39281439781188965,450.9138603210449,205.01116734743118,0.5798576474189758,363.4554648399353,210.94594657421112,0.5777600407600403,444.37139987945557,229.22477370500565,0.54749596118927,374.72269582748413,231.4706638455391,0.4057096838951111,415.416543006897,241.9920414686203,0.560693085193634,378.6835837364197,239.95467710494995,0.6482848525047302,428.04585361480713,273.4910011291504,0.4735351800918579,368.28691005706787,271.1107188463211,0.32535383105278015,422.4230546951294,320.0874378681183,0.43169647455215454,375.24636459350586,312.64957213401794,0.2927171587944031
76,27.293100021779537,73.3757708018797,24.28671353514951,110.94226042827763,,135.87106467061702,,151.1461262235532,,403.74935150146484,170.77506113052368,0.4797230660915375,411.0431594848633,167.61213052272797,0.651252806186676,396.3163433074951,168.05055034160614,0.5574252009391785,421.49646854400635,170.46901059150696,0.435202956199646,385.306435585022,172.1669614315033,0.35190388560295105,433.1271162033081,190.62142145633698,0.561673104763031,367.1004481315613,189.71432435512543,0.41129249334335327,451.30224609375,204.11260330677032,0.5338901281356812,363.2326636314392,210.87501817941666,0.5766313076019287,444.34370136260986,228.96195828914642,0.5402429699897766,385.71690940856934,229.30021792650223,0.2852118909358978,414.75038862228394,241.21591758728027,0.5002922415733337,379.19259452819824,238.472602725029,0.5774092674255371,428.4938316345215,271.8434793949127,0.45005112886428833,367.2467246055603,268.77291667461395,0.29107749462127686,424.61073207855225,319.20848989486694,0.455301970243454,371.6267547607422,310.02056324481964,0.3522011935710907
77,27.948500006459653,71.45203472139961,32.17715934523688,111.61297528757312,126.9941789801766,136.8810298654964,149.47817900543544,152.778155073066,158.5078570225997,404.39500999450684,170.65339022874832,0.48935142159461975,412.200204372406,167.91021782159805,0.6295700669288635,397.0227313041687,168.19730758666992,0.5586596727371216,422.0363116264343,170.48101955652237,0.4112071990966797,385.4968123435974,171.9972689151764,0.33841046690940857,434.37223529815674,190.11365449428558,0.5529459714889526,367.22309494018555,188.9944132566452,0.3860185742378235,450.84794998168945,203.45511603355408,0.5350982546806335,360.55925130844116,208.38085728883743,0.5475032925605774,442.8627405166626,228.95720028877258,0.5478160381317139,373.952495098114,228.21022272109985,0.3998135030269623,415.3876314163208,241.02192223072052,0.5127103328704834,378.98374366760254,239.1070692539215,0.615443766117096,428.6831216812134,272.85639214515686,0.491550475358963,369.16750049591064,270.5954872369766,0.36248886585235596,424.8997974395752,320.35297417640686,0.46829521656036377,371.97187423706055,308.9881341457367,0.30547451972961426
78,25.519800023175776,59.699481764841124,31.8485677071234,115.25359067385229,125.96397299835188,159.9304414748549,160.76207026628782,163.0932549611895,176.74073543637957,403.6324667930603,170.57949876785278,0.4561957120895386,411.2182970046997,167.60976576805115,0.6202678680419922,396.13529205322266,167.98687291145325,0.5625530481338501,422.07722759246826,170.4326275587082,0.4043176770210266,385.10246229171753,171.79793149232864,0.3321838080883026,434.4670572280884,190.2100823521614,0.5575996041297913,366.6425127983093,188.8202903866768,0.3818376362323761,450.1255645751953,204.20589715242386,0.5447723865509033,359.8224353790283,207.9968695640564,0.5442706942558289,442.4071807861328,230.20066237449646,0.5513141751289368,373.86487579345703,228.46064454317093,0.3859216868877411,424.0332078933716,241.53849291801453,0.6259055733680725,377.61645793914795,239.27473890781403,0.6274683475494385,428.86680126190186,273.5776423215866,0.48812878131866455,373.98244285583496,269.01258313655853,0.41136133670806885,422.05117177963257,320.1406021118164,0.41730859875679016,371.3737277984619,309.2678020000458,0.30666255950927734
79,28.11920002568513,66.4203205907912,36.618570232056825,108.414032395173,125.09218963201322,156.44657898510337,157.71628755861462,161.10194239267008,169.7653039400505,402.78965854644775,170.73931914567947,0.43739861249923706,410.39123344421387,168.41690212488174,0.43740516901016235,395.4937529563904,168.3883683681488,0.5386984348297119,421.29540157318115,170.35328006744385,0.42087483406066895,386.397620677948,171.70817053318024,0.46569815278053284,433.97227478027344,189.48651015758514,0.5266282558441162,366.4693212509155,188.2045567035675,0.33368542790412903,450.9251317977905,201.91275465488434,0.5066500306129456,358.2979807853699,205.63843989372253,0.4643622934818268,442.0202102661133,229.6035903096199,0.5534297823905945,370.7652449607849,227.41181886196136,0.3868347108364105,422.5618758201599,240.2783920764923,0.5938456058502197,376.61832571029663,238.06236052513123,0.5680675506591797,428.37444496154785,270.4849990606308,0.4285903871059418,371.2784004211426,266.1141631603241,0.4610264301300049,421.9489703178406,316.1702929735184,0.4266584515571594,370.9142508506775,304.5266683101654,0.3211178779602051
80,24.773099983576685,65.84349244455495,31.862886279208315,106.73528120925202,129.65289835599498,157.5264943348442,155.3807929375541,160.8453998364432,166.1509335292126,402.83161067962646,170.90878373384476,0.4300707280635834,410.3443784713745,168.64614087343216,0.4438055157661438,395.61326599121094,168.78078943490982,0.5177220106124878,420.9211177825928,170.3939652442932,0.43029919266700745,386.491810798645,172.00031745433807,0.47282278537750244,433.6510124206543,188.9891281723976,0.5240474343299866,365.9628629684448,188.10865592956543,0.3296057879924774,450.25207805633545,201.10759842395782,0.47949931025505066,359.739718914032,205.8172922730446,0.4988800287246704,440.58165645599365,228.5782412290573,0.5376865267753601,372.9115767478943,227.75222957134247,0.4022168815135956,422.767466545105,240.31443321704865,0.6022245287895203,377.0145206451416,237.95755630731583,0.5773519277572632,428.4644145965576,271.04863691329956,0.4497474730014801,371.0861282348633,265.56696462631226,0.4577489197254181,421.8024916648865,314.8228956460953,0.4239922761917114,372.24772214889526,304.0188728570938,0.3301025331020355
81,26.25369996530935,68.4521585585308,43.650533146994746,113.17762708387302,108.65339234698834,143.63372532162762,169.1441935979407,156.02674040100382,174.31688452028448,402.22562980651855,171.5769408941269,0.4199698865413666,410.28043937683105,169.24452352523804,0.48595017194747925,398.33335638046265,169.62724339962006,0.421992689371109,422.04005193710327,170.59640818834305,0.4367353916168213,386.40995359420776,172.12352687120438,0.4854503273963928,435.88114738464355,187.99558931589127,0.525303304195404,371.8402557373047,189.67050516605377,0.4938570261001587,449.9064025878906,200.72966504096985,0.5078424215316772,359.0840525627136,205.5300315618515,0.5414807796478271,440.12847232818604,229.03067862987518,0.5304326415061951,373.72281980514526,228.4764285683632,0.3388838469982147,415.97812032699585,240.69609892368317,0.5795543193817139,376.048686504364,239.3715798854828,0.6590167880058289,424.810585975647,272.16796362400055,0.45038464665412903,373.14772176742554,266.89920473098755,0.48767220973968506,418.77041387557983,313.58866465091705,0.46315261721611023,372.93055629730225,304.29503631591797,0.5155678391456604
82,23.866700008511543,65.00451344300967,37.053823942028814,121.5590539763844,116.4403801342744,141.30703793788587,159.380196407419,152.19603741340015,150.2206568134264,401.9029269218445,171.7683720588684,0.3936326801776886,410.15139865875244,169.46581327915192,0.49421894550323486,397.8417582511902,169.9032644033432,0.4309787452220917,422.1385130882263,170.59023988246918,0.42346084117889404,386.0515661239624,172.17634922266006,0.47401162981987,436.6007022857666,187.58570325374603,0.5060707926750183,371.0449595451355,189.60833775997162,0.4996645748615265,449.6025276184082,201.38215214014053,0.5370703935623169,359.6043601036072,206.75189745426178,0.5763012766838074,441.81772804260254,230.15524768829346,0.5592184066772461,373.09593868255615,230.26875591278076,0.41341355443000793,415.2962465286255,241.1134068965912,0.5845180749893188,373.9783992767334,239.91780972480774,0.6773775815963745,424.63878440856934,271.69053959846497,0.4377165734767914,366.1210174560547,265.1716802120209,0.48855432868003845,417.5153880119324,308.98334765434265,0.41436314582824707,372.8725309371948,295.63444995880127,0.403837114572525
83,25.74900002218783,67.74282931316161,33.76604583293287,116.74963296601445,118.31170594669217,132.9258892724972,159.98343322448954,143.3083116727276,155.10772079460583,404.137610912323,173.00840097665787,0.5084967017173767,409.0270309448242,169.83015644550323,0.48435965180397034,396.35210371017456,170.35195523500443,0.43578866124153137,421.46012687683105,170.97763228416443,0.44052690267562866,385.7378349304199,172.56703233718872,0.4863751530647278,436.06411933898926,188.77259641885757,0.5383002758026123,370.6521005630493,190.23333102464676,0.4864741861820221,450.1143436431885,202.59615451097488,0.5297397971153259,360.73497009277344,208.05829620361328,0.5720106363296509,440.98844051361084,231.04653227329254,0.5074145197868347,375.5000991821289,231.14730501174927,0.4001440405845642,414.5688319206238,241.24372482299805,0.5674997568130493,374.7008857727051,239.73193430900574,0.6562312841415405,427.78251552581787,269.8444354534149,0.41633889079093933,368.0849585533142,263.84884214401245,0.4729364514350891,420.06231212615967,306.49687933921814,0.3136066198348999,373.34962272644043,295.13523030281067,0.350959837436676
84,25.627999973949045,62.294351255151675,28.42814159172865,115.69628847676498,127.75763698801909,142.14467241635114,176.22707640431423,154.26548111858074,176.87873689837411,401.43399810791016,172.6262936592102,0.38603222370147705,409.7112045288086,170.10720312595367,0.4838991165161133,397.66846561431885,170.58045321702957,0.4404586851596832,422.14740896224976,171.10641169548035,0.43938472867012024,387.035267829895,172.84752643108368,0.4976118803024292,436.912260055542,189.42619466781616,0.5608880519866943,370.37435722351074,189.74567872285843,0.5192357897758484,449.13246154785156,202.74061822891235,0.5031778216362,362.7150855064392,208.64723408222198,0.5610960125923157,437.5220317840576,231.83136016130447,0.5301139950752258,376.20307540893555,231.8371580839157,0.3973555564880371,417.3457851409912,243.92897498607635,0.6243535876274109,376.32081937789917,243.0163221359253,0.6975148320198059,426.85375595092773,273.00625491142273,0.43485236167907715,377.44991302490234,267.9145961999893,0.45240944623947144,420.97545337677,316.90248370170593,0.47618138790130615,377.0634226799011,310.1108512878418,0.4177529811859131
85,26.291400019545108,56.751450207603774,15.287104412783492,118.62146560820891,146.90491968876924,149.7770809510217,171.99262429799896,157.04898726711937,169.76905525431778,402.9496326446533,171.66956520080566,0.4223616421222687,410.9953441619873,169.31129223108292,0.45341548323631287,396.3293333053589,168.8496664762497,0.4988042414188385,422.8878893852234,171.00016868114471,0.4055655002593994,386.83897733688354,172.00904995203018,0.3698823153972626,437.39774227142334,190.831200838089,0.576340913772583,365.96379804611206,188.33600002527237,0.3752746880054474,448.7609577178955,205.40868830680847,0.5171456933021545,364.3444709777832,209.89596700668335,0.5356413722038269,436.6977481842041,233.22920083999634,0.5403631925582886,376.8643774986267,232.66980814933777,0.4093623161315918,418.3736629486084,246.6665346622467,0.6195100545883179,377.0380492210388,245.35167407989502,0.7383124828338623,424.6929178237915,277.983864068985,0.5305476188659668,378.60281324386597,275.36531138420105,0.4596211016178131,416.29928159713745,319.08210372924805,0.4106515944004059,373.2431755065918,317.5159238576889,0.5164340138435364
86,27.86889998242259,61.121270249291136,18.555287331520404,114.90807594525151,149.69156430710754,147.25142142663063,171.98710730989274,152.44086601916766,168.3458595465828,402.362277507782,171.43415814638138,0.40645724534988403,411.08516216278076,168.44327056407928,0.5345838069915771,395.9646530151367,168.42265731096268,0.5160366296768188,421.67681217193604,170.5234711766243,0.4092349708080292,386.92240142822266,171.69760036468506,0.3551270365715027,436.5238742828369,190.1149365901947,0.5550462007522583,367.28197956085205,188.3590919971466,0.3731033205986023,448.42094326019287,203.29089379310608,0.5250186920166016,364.43646240234375,208.4214712381363,0.5438461303710938,436.2926826477051,231.8468592762947,0.5348113775253296,374.3134603500366,232.58112984895706,0.4773692786693573,417.41472816467285,245.48256182670593,0.6132447123527527,377.66058349609375,244.45169973373413,0.7618737816810608,425.72751808166504,279.5639190673828,0.5088871121406555,379.1058597564697,277.95953273773193,0.4418766498565674,416.35419845581055,317.57698011398315,0.4256044924259186,372.5887727737427,318.2669471502304,0.5199582576751709
87,29.038699984084815,62.006705150862715,12.850729150421692,119.88128202909913,155.15785402654436,144.27801361173422,170.8043822432759,151.9486452387959,171.68808185426263,402.5694098472595,171.66053354740143,0.4202372133731842,410.36055278778076,169.13563084602356,0.4361521899700165,395.828182220459,168.38150203227997,0.5197194218635559,421.8742904663086,170.5711508989334,0.409993976354599,386.79664611816406,171.60766845941544,0.3399110436439514,436.09247493743896,189.40588057041168,0.5412061214447021,367.310613155365,188.44063329696655,0.3618308901786804,448.3839445114136,202.69959115982056,0.5190184116363525,366.31182384490967,209.53384613990784,0.5961447954177856,440.55774879455566,227.73117470741272,0.4953842759132385,376.04067516326904,233.455804169178,0.4431109130382538,416.5095729827881,245.48273277282715,0.6017165780067444,377.3614344596863,244.63988292217255,0.7660882472991943,426.4520263671875,279.10823369026184,0.4700429439544678,377.92766189575195,278.99971139431,0.4606923460960388,418.01125717163086,320.3037986755371,0.42057687044143677,372.7036609649658,319.40000653266907,0.5555274486541748
88,25.788200029637665,58.18014495548628,29.783639920362706,123.51290737837377,131.68451955976965,148.13544670779336,167.7243988160599,154.75701177794917,170.28636349318313,403.33162450790405,171.43928653001785,0.43727466464042664,412.6963515281677,168.35021889209747,0.5530189871788025,397.4122543334961,167.86900556087494,0.5144712328910828,422.19904041290283,170.24079751968384,0.38377007842063904,387.97181129455566,171.00623726844788,0.31855064630508423,436.5375213623047,188.84380972385406,0.5509783029556274,373.16561460494995,189.82385808229446,0.4679173529148102,448.15522956848145,202.74255561828613,0.5248534679412842,364.255259513855,209.0114347934723,0.55455482006073,440.3985834121704,228.7692450284958,0.49080291390419006,375.32551765441895,234.58570104837418,0.3870205283164978,417.21929693222046,247.29604375362396,0.5921519994735718,378.00135612487793,246.52852416038513,0.7409900426864624,425.75683403015137,282.6506646871567,0.5392748117446899,373.48879766464233,281.26739716529846,0.514212965965271,417.5093984603882,322.5920549631119,0.47091200947761536,375.07901096343994,320.64782774448395,0.5451864004135132
89,24.114899977575988,60.43479970622889,17.548360099486025,114.19853421822741,153.9808123665581,153.64298900861442,160.2451487289863,164.0924444789813,172.71989679481166,403.3341770172119,171.45864617824554,0.4251282513141632,410.82093954086304,169.45133984088898,0.44447633624076843,397.2979221343994,168.65883362293243,0.5383344292640686,422.1529688835144,171.21695685386658,0.382954865694046,388.14472484588623,171.94198209047318,0.35996976494789124,435.62766551971436,189.03569674491882,0.5446505546569824,367.264111995697,187.50520187616348,0.3592856824398041,448.83086109161377,203.03052860498428,0.5498108267784119,365.2320113182068,208.6192131638527,0.547917366027832,438.35824394226074,228.35282027721405,0.46100345253944397,374.8896703720093,234.41995453834534,0.3534131348133087,417.90640211105347,246.63240242004395,0.6148523092269897,379.6868968009949,245.69553220272064,0.7543741464614868,423.27384901046753,279.5716116428375,0.4381757080554962,375.07731771469116,279.771048784256,0.5153146386146545,418.3252158164978,322.00055289268494,0.4697170555591583,374.7784719467163,320.16897916793823,0.5903782248497009
90,23.463500023353845,62.05502376394049,19.803373197899322,109.53387536376297,158.88787473533773,151.32848285103785,160.82337220342407,157.80618673073906,171.79168587572423,403.31454038619995,172.11497956514359,0.4292818009853363,410.954074382782,169.95386445522308,0.46457958221435547,401.18188095092773,169.74257504940033,0.4443233907222748,422.484769821167,171.5166254043579,0.3879462480545044,387.3886260986328,172.36195397377014,0.388926237821579,435.82393074035645,189.92887598276138,0.5632565021514893,365.96766471862793,187.92269504070282,0.37795475125312805,449.429967880249,203.5991523861885,0.5648158192634583,363.51308584213257,207.566712141037,0.5347087383270264,438.42809677124023,226.5607351064682,0.4963000416755676,370.0160708427429,233.6686320900917,0.38072505593299866,418.24750328063965,246.7443721294403,0.6189240217208862,379.0305986404419,245.9772229194641,0.7470716834068298,425.561731338501,282.75428652763367,0.5447185039520264,374.8846158981323,282.3907980918884,0.5292553305625916,417.8019766807556,323.7735205888748,0.4905736446380615,376.04878759384155,321.3249168395996,0.6081527471542358
91,28.107799997087568,62.08560628206631,35.1507157523483,110.1576847535945,134.7772815166963,150.26511710516039,169.24103176885782,155.1630935648134,173.74052498610567,401.61320447921753,170.48751550912857,0.3685247600078583,410.9636778831482,167.24124866724014,0.5931065678596497,395.8345003128052,166.99609768390656,0.5761978030204773,421.9132857322693,170.31456077098846,0.46087178587913513,387.39567708969116,170.10785841941833,0.5172494649887085,436.28959941864014,189.39723354578018,0.5485343933105469,371.2980875968933,189.2115860581398,0.5034583210945129,449.5096263885498,203.30012488365173,0.5469399094581604,361.3041796684265,207.49209415912628,0.5202311277389526,438.322660446167,225.95062839984894,0.5169245600700378,369.2203702926636,234.11871898174286,0.361153244972229,416.93748474121094,247.14142298698425,0.593273401260376,377.83203125,246.68949842453003,0.7358500957489014,424.4943780899048,285.2818388938904,0.550886869430542,374.999605178833,284.59341037273407,0.5158253312110901,415.3283929824829,323.08332562446594,0.47485604882240295,376.28786420822144,321.746356010437,0.6830253005027771
92,25.391500035766512,67.5548154487688,33.010589305717524,103.00046173806263,137.612823011064,150.58533059513593,171.8816907997173,156.22063331700977,174.77905134091506,405.3919038772583,172.33087027072906,0.48916685581207275,409.42496967315674,168.45498037338257,0.5273584127426147,394.2487349510193,168.30204057693481,0.5207117199897766,422.216655254364,171.47205120325089,0.36446866393089294,385.7097067832947,171.7995127439499,0.46953484416007996,435.0388698577881,190.5601372718811,0.5811819434165955,366.5125117301941,189.59793853759766,0.43924176692962646,449.77812004089355,203.39430195093155,0.5418645143508911,357.8138632774353,208.46349549293518,0.4994904398918152,437.66760063171387,226.12570571899414,0.5313989520072937,365.48652935028076,232.6019710302353,0.3748449981212616,415.38836431503296,248.9421694278717,0.5380312204360962,375.0653133392334,248.53622937202454,0.6927307844161987,423.427707195282,291.0371104478836,0.5485330820083618,375.1648359298706,289.70620942115784,0.46318745613098145,415.29781341552734,326.3438949584961,0.4877989590167999,378.44544219970703,324.6755177974701,0.6859359741210938
93,23.75880000181496,70.40050955624669,35.8656920283688,107.59792904770356,134.70566056404667,151.04264465001276,171.46604582657613,163.01750060776016,175.9070294701344,402.05473804473877,174.0191626548767,0.5831780433654785,407.19506216049194,170.32436168193817,0.45807719230651855,393.9114751815796,170.98421370983124,0.463346391916275,419.20034742355347,171.6106742620468,0.49408504366874695,382.7021179199219,172.92251479625702,0.56522136926651,433.20470237731934,190.34752303361893,0.5919766426086426,367.8300361633301,190.44528996944427,0.45806846022605896,448.8676071166992,202.01327097415924,0.5120924711227417,358.29517555236816,209.30722856521606,0.5032423734664917,439.8929843902588,227.95847606658936,0.5647610425949097,366.1712336540222,232.87720853090286,0.37415480613708496,415.64020347595215,247.51533913612366,0.5586420893669128,376.80941009521484,246.8284206390381,0.7260791063308716,424.20976066589355,288.2580963373184,0.5539022088050842,377.1790437698364,287.9684281349182,0.44952431321144104,420.84504795074463,325.9260456562042,0.5109238028526306,380.09304904937744,324.12495732307434,0.6529578566551208
94,24.257400014903396,66.48734511489003,34.669044182315,119.85626920755746,131.33021957235945,147.16339884599896,166.66377160226364,157.13650940706003,167.2674420517535,404.54641675949097,172.98767375946045,0.575252890586853,408.4355058670044,169.72214698791504,0.45882752537727356,396.11522579193115,170.2262386083603,0.45633482933044434,418.77306747436523,170.82114535570145,0.46657466888427734,382.39728260040283,172.63197761774063,0.562567949295044,433.00211906433105,189.96188282966614,0.6085250973701477,366.47124195098877,189.8480612039566,0.4508196711540222,447.4771213531494,202.49086594581604,0.5373482704162598,357.7046866416931,208.68709301948547,0.5051597356796265,442.29133224487305,229.1151402592659,0.561355710029602,368.6015510559082,233.49279975891113,0.42388010025024414,415.4816699028015,245.9879070520401,0.583006739616394,376.0015788078308,245.51740634441376,0.7650012969970703,426.4705762863159,285.690371632576,0.5310145020484924,373.50537633895874,284.9558446407318,0.4298187792301178,421.44218349456787,324.44716227054596,0.4644050896167755,379.79791831970215,324.1935636997223,0.6765478253364563
95,24.465099966619164,66.08646697781003,42.49316338236261,97.52240290380509,123.96134861531552,166.6851580132294,173.36455759034644,168.0527477810834,179.08427878811108,400.09142875671387,173.18206799030304,0.604681670665741,404.42470502853394,170.07798558473587,0.38227012753486633,392.88352155685425,170.34601485729218,0.4023427367210388,415.5543279647827,171.945472240448,0.47823652625083923,382.0096549987793,172.24083864688873,0.49028176069259644,429.8331661224365,190.33334875106812,0.57380211353302,364.5901184082031,189.20679956674576,0.4084360599517822,449.25872230529785,202.4213905930519,0.5094724893569946,352.932580947876,206.73508775234222,0.45858141779899597,435.60143280029297,232.56986165046692,0.5487521886825562,363.1595506668091,231.53287398815155,0.382796972990036,421.9995403289795,246.2179435491562,0.7380826473236084,373.1713767051697,244.21610748767853,0.7268286943435669,425.69896030426025,285.83040499687195,0.5720925331115723,374.7370252609253,284.4035747051239,0.48516935110092163,421.3243384361267,323.57074999809265,0.5201438069343567,376.8597273826599,323.0146052837372,0.6797100901603699
96,24.831100017763674,61.237768744911236,38.191207264976455,104.25598592902936,120.99364130849719,169.11613624500237,170.21871230922795,165.14593420373106,170.5583337433885,398.617392539978,171.93736654520035,0.5840544104576111,402.9600954055786,167.761736869812,0.4920528829097748,390.2584300041199,168.25018692016602,0.5150550603866577,413.31726837158203,170.81577479839325,0.47111988067626953,380.19204092025757,171.77542358636856,0.5282003283500671,426.124698638916,190.35517287254333,0.5616471171379089,364.97726583480835,190.38478928804398,0.4687232971191406,446.5684280395508,203.8282771706581,0.4314177632331848,354.1415605545044,209.9538892507553,0.4600360691547394,437.11772441864014,231.07376968860626,0.42025625705718994,366.830539226532,231.90317177772522,0.3886699676513672,421.47953605651855,247.78825461864471,0.7046361565589905,373.98181104660034,245.87468373775482,0.713202714920044,425.9307584762573,288.36747336387634,0.5195854306221008,373.56494331359863,288.2192060947418,0.45612359046936035,420.1005492210388,326.94437170028687,0.45854413509368896,379.4474411010742,325.8802605867386,0.6558389663696289
97,23.017200001049787,44.47063938536622,38.051578038787426,138.11594958198913,138.8958194012424,165.92797995589578,175.56935682775247,168.61422413740436,169.82380412588154,399.3727331161499,171.13863503932953,0.5341099500656128,404.0624761581421,167.3607542514801,0.5371472835540771,391.54479360580444,167.3801138997078,0.5385340452194214,413.7936019897461,171.03437215089798,0.49087584018707275,380.7976932525635,171.20154321193695,0.5010645985603333,426.9485778808594,189.8642013669014,0.6118671298027039,361.4395637512207,188.52740269899368,0.40364474058151245,439.94615745544434,206.94150519371033,0.42027369141578674,349.4629878997803,208.82746827602386,0.4112805128097534,437.79982566833496,233.56445467472076,0.5794210433959961,354.2829341888428,234.67106014490128,0.5343629121780396,419.67031240463257,247.51172077655792,0.7486366629600525,369.0106348991394,245.94291973114014,0.6631320118904114,424.51252365112305,287.66522669792175,0.5781679153442383,377.8399667739868,287.6873072385788,0.49129560589790344,421.5561366081238,325.149893283844,0.5016568303108215,378.9332494735718,323.13851273059845,0.6621705889701843
98,22.94400002574548,47.854991858056366,24.73148137949743,119.854069371668,168.87519706814138,166.8030588538538,177.07714063985998,168.13714320749742,166.03074984503928,392.65771293640137,169.64960885047913,0.5248614549636841,400.46970558166504,166.0663217306137,0.48062264919281006,388.806001663208,165.3639895915985,0.5285768508911133,410.9323148727417,170.13211852312088,0.44414201378822327,378.0810651779175,168.89446860551834,0.5639986991882324,422.4139060974121,190.2152534723282,0.5396841168403625,361.78058910369873,189.1500454545021,0.5368061065673828,440.8781518936157,210.34641003608704,0.4875522255897522,355.3543815612793,207.26892399787903,0.41225653886795044,433.9090938568115,232.29046446084976,0.5262291431427002,351.5658006668091,232.91515856981277,0.5122016668319702,416.9325819015503,248.9895784854889,0.6729681491851807,367.1115679740906,247.6885360479355,0.5693196654319763,422.6231107711792,290.1630629301071,0.5771446824073792,368.8062572479248,290.2420115470886,0.4390490651130676,420.0528349876404,326.97568333148956,0.4446653425693512,379.3098077774048,326.27842259407043,0.6215611696243286
99,22.34550000866875,47.940540029828014,23.634932795142852,120.46374478963597,170.82540595744658,168.30246681806406,179.23027073758445,169.63752119474174,173.1343617391198,392.82013845443726,169.6374716758728,0.5617974996566772,401.76774501800537,166.36691623926163,0.5768113732337952,387.3030033111572,166.15756422281265,0.6136317849159241,410.7796950340271,169.97177106142044,0.4582248032093048,375.80910444259644,170.48369771242142,0.4557093679904938,422.80320167541504,189.29540663957596,0.5497689843177795,357.93287086486816,189.4211517572403,0.4520987272262573,441.3662624359131,209.6264846920967,0.4427001476287842,352.2845468521118,210.24958330392838,0.43229731917381287,435.2123394012451,229.5818231701851,0.48683953285217285,349.93866443634033,232.5760726928711,0.46682465076446533,416.9500198364258,249.60578227043152,0.6588408946990967,366.7054662704468,248.38616716861725,0.5541535019874573,421.6184329986572,292.9009929895401,0.6222086548805237,372.72979259490967,292.9872922897339,0.5202877521514893,418.9683470726013,328.9177452325821,0.42146533727645874,381.8225383758545,327.99985003471375,0.6629031896591187
100,23.235499975271523,33.65750664555155,27.46372912302167,141.656714440311,176.3619937014422,171.12786689149814,176.57797984939515,169.5920928147942,171.87180503392952,393.95817852020264,170.30541515350342,0.6131582856178284,402.2124629020691,167.2838854789734,0.5414901971817017,387.5356101989746,167.1197772026062,0.5663220882415771,411.75169563293457,169.9021390080452,0.5220645070075989,374.93336629867554,170.79346632957458,0.5066566467285156,422.9582476615906,189.32456719875336,0.5554126501083374,355.3431353569031,188.53687596321106,0.45060300827026367,434.61808490753174,210.23523807525635,0.40216851234436035,349.3975577354431,207.52967381477356,0.5276118516921997,432.0637559890747,226.0076246857643,0.5060361623764038,343.9097385406494,229.96603882312775,0.42566978931427,418.29213428497314,248.43679571151733,0.7128852009773254,365.67447996139526,246.64642000198364,0.5954161882400513,421.5174951553345,290.75222873687744,0.5954005718231201,370.791654586792,290.47549545764923,0.46536386013031006,417.73192167282104,326.474782705307,0.4640023708343506,380.1928243637085,326.0889573097229,0.6381530165672302
101,23.335999983828515,39.64596792530281,46.25787332044975,151.0790419699977,159.71914058755513,176.17370417118264,172.60875890664593,177.11612596318335,162.6478716530121,393.45899868011475,170.097829580307,0.6070036292076111,401.75220251083374,167.39762163162231,0.5636224150657654,387.73829460144043,167.10859447717667,0.596199631690979,410.9273614883423,169.78202086687088,0.5209016799926758,375.6009359359741,170.3442626595497,0.5023967027664185,422.0147542953491,189.73479515314102,0.5577663779258728,354.55355072021484,187.9429379105568,0.5506631135940552,437.3954677581787,211.00050687789917,0.4731962978839874,341.238600730896,205.81451439857483,0.4695779085159302,438.46671295166016,219.78098344802856,0.44785332679748535,337.0356287956238,220.08897137641907,0.5146782398223877,418.16653060913086,248.14858055114746,0.7331992983818054,364.4427299499512,246.5950791835785,0.6234685778617859,418.2082805633545,289.98943865299225,0.637418270111084,377.73357009887695,290.1715817451477,0.4641339182853699,416.4023928642273,326.5641305446625,0.49703288078308105,377.4918146133423,325.6501955986023,0.6360103487968445
102,22.11309998529032,52.776959405882835,56.992191651718215,47.84283907576454,161.09051749357667,167.48320549794232,176.32390467943904,167.55933038154564,175.8623424209416,393.6969633102417,170.10560762882233,0.5908421277999878,401.54398345947266,167.07584404945374,0.600767970085144,387.37609100341797,167.17863965034485,0.5904721617698669,411.0693163871765,169.1922994852066,0.4986618757247925,376.8414554595947,169.6689257621765,0.57746821641922,424.9901714324951,189.69722974300385,0.5551680326461792,358.8337550163269,187.7668776512146,0.6569251418113708,448.0612163543701,211.43036514520645,0.5894821286201477,339.0664405822754,204.54914271831512,0.4672408998012543,448.1287441253662,208.0141921043396,0.4020349383354187,329.28911685943604,208.38505971431732,0.47165927290916443,419.0316038131714,245.76277101039886,0.7803571224212646,366.07792806625366,244.1358767747879,0.6596546173095703,423.12683963775635,281.98579823970795,0.659686803817749,368.32694149017334,279.42060923576355,0.5284947156906128,418.90327072143555,322.23511946201324,0.48655301332473755,373.9533796310425,320.57634377479553,0.656148374080658
103,20.757899968884885,60.56845238497971,74.11801534086885,81.37805876519377,54.03323663777346,168.31090164463163,171.47919169357266,177.1021967516449,165.810060148027,392.8920383453369,169.62257087230682,0.5214310884475708,401.2454409599304,166.49541074037552,0.6379123330116272,387.3010320663452,166.18265056610107,0.6669102311134338,412.49278259277344,169.54527473449707,0.4889797270298004,376.7773394584656,168.95595222711563,0.5998928546905518,426.50337982177734,189.68611824512482,0.6036383509635925,359.4566683769226,187.58376586437225,0.6768732070922852,451.1413116455078,208.84765416383743,0.5395886898040771,326.7414598464966,201.1882849931717,0.6042988300323486,456.30991554260254,199.61888563632965,0.3991841673851013,327.50893115997314,197.96351462602615,0.5590784549713135,418.05654525756836,246.60231590270996,0.7608312368392944,366.27750396728516,245.66558814048767,0.6616703867912292,420.17333364486694,283.9083722829819,0.6566256284713745,365.17401123046875,280.33676648139954,0.5469964146614075,420.41051483154297,322.76354241371155,0.5481520891189575,374.1200256347656,321.1376738548279,0.5040096640586853
104,20.57960000820458,70.51502537511031,79.70651584692322,24.7192421411889,43.72554794043062,174.40297445793897,169.956490602078,178.7231299111907,175.72873368383287,391.3723602294922,169.6221862435341,0.4796164631843567,400.1976737976074,166.89364397525787,0.6348598599433899,387.09576988220215,166.33597499132156,0.6914926767349243,411.12764501571655,169.48259449005127,0.47754818201065063,376.91704511642456,168.84815645217896,0.6215924620628357,421.9890775680542,187.94790959358215,0.5131617188453674,356.2336325645447,185.2039679288864,0.6773254871368408,462.5682134628296,206.45645982027054,0.5116987824440002,317.83254528045654,200.2687658071518,0.6192678809165955,455.8670425415039,198.68281316757202,0.4685215651988983,325.59058141708374,183.52054750919342,0.35927310585975647,416.7298469543457,247.66229581832886,0.7623218894004822,368.33270359039307,246.72192120552063,0.7063813209533691,417.0486831665039,280.0629677772522,0.5973411202430725,368.93175983428955,278.4066423177719,0.49186891317367554,416.54614210128784,320.44027066230774,0.5721651911735535,372.87167167663574,320.44349014759064,0.4913666248321533
105,21.67129999725148,79.53820072341087,86.17197470318399,73.38148301203039,81.836005710391,176.8938580072414,165.41412638733016,174.0902660172717,174.01445933704122,390.01447582244873,168.6226642727852,0.40952378511428833,400.5342764854431,165.9075127840042,0.6472991704940796,387.6690483093262,164.84887194633484,0.6971747279167175,411.60509061813354,169.52971863746643,0.4667207896709442,375.94577741622925,167.57737147808075,0.6584814786911011,423.2055883407593,188.40271174907684,0.6083300113677979,354.95912170410156,183.09735614061356,0.7217504382133484,471.82795906066895,203.08732545375824,0.6912140250205994,318.9792537689209,193.39026427268982,0.6059688925743103,471.8692035675049,190.41704112291336,0.4048032760620117,317.635724067688,183.58284312486649,0.45517638325691223,416.88749599456787,245.2381088733673,0.7827614545822144,368.05733585357666,244.0061001777649,0.6768374443054199,415.19528341293335,275.15806770324707,0.646445631980896,366.76339054107666,274.2547599077225,0.5306452512741089,417.358118057251,321.49090552330017,0.5293657779693604,369.65518140792847,321.0512890815735,0.4645773768424988
106,21.004200039897114,84.81219700763319,98.92286984151313,83.60698925406177,106.16247231041092,172.6768832551097,162.5293260353462,178.222335997252,177.11136952274208,389.3667449951172,164.98105603456497,0.5468088984489441,397.5510501861572,163.94476640224457,0.6763597130775452,386.5839033126831,163.20129323005676,0.6962741613388062,407.05305671691895,168.4726305603981,0.38234037160873413,373.23294019699097,167.29713380336761,0.646691620349884,420.33174085617065,185.2696824669838,0.550510823726654,349.65894985198975,182.1944187283516,0.6410068869590759,471.95032787323,194.3086438179016,0.6495132446289062,311.98785495758057,187.99883729219437,0.5608423948287964,472.3835973739624,187.30377036333084,0.3950654864311218,302.55549907684326,167.6988002061844,0.4472408592700958,415.57222080230713,242.6143138408661,0.7715706825256348,368.7058753967285,241.94038724899292,0.6803019642829895,416.9313688278198,272.79468059539795,0.6480233073234558,368.8195505142212,272.73071825504303,0.540094256401062,420.4484739303589,318.9650341272354,0.5337440967559814,371.37845373153687,319.97706365585327,0.5381739139556885
107,21.634700009599328,87.6520071416762,107.66583148294613,96.0498258270253,103.7996057981665,175.80033538900759,158.15617299560853,162.62564419137294,176.06774100840607,387.3045701980591,164.94494366645813,0.49034303426742554,395.3985013961792,162.91045689582825,0.6407222151756287,384.65880584716797,162.47049856185913,0.6533842086791992,404.7033076286316,165.90831053256989,0.5580245852470398,371.5245280265808,166.16914582252502,0.6399338841438293,422.20909881591797,183.11135947704315,0.5801630616188049,347.27662467956543,181.25838899612427,0.5679806470870972,472.59239768981934,187.40299034118652,0.5574353337287903,319.16611766815186,182.51068329811096,0.6349445581436157,476.8757610321045,165.198428273201,0.4547000527381897,313.6515350341797,163.71366149187088,0.478226900100708,419.4057865142822,246.79012870788574,0.7808233499526978,371.228639125824,246.29985523223877,0.744727373123169,415.84576892852783,277.00249087810516,0.6097477674484253,370.3412756919861,277.5363841056824,0.5025480389595032,424.2097101211548,321.4630128145218,0.41987892985343933,372.0795850753784,320.7216764688492,0.4861149787902832
108,19.814500003121793,93.93625418933104,121.72810591256165,83.24406496006706,120.95750232604517,177.48086679495756,151.7175703812217,167.27422275962945,176.85935472836417,384.87437915802,169.43448740243912,0.41346102952957153,394.39493560791016,164.81240344047546,0.6148670315742493,382.60593128204346,164.40700471401215,0.656960129737854,402.8383836746216,166.7870020866394,0.557447075843811,370.5203809738159,165.80165439844131,0.6251128315925598,424.879225730896,180.1457576751709,0.5841438174247742,344.09450483322144,180.15463262796402,0.45738551020622253,472.808931350708,180.6838960647583,0.6822248101234436,317.64623737335205,176.60497915744781,0.5023171901702881,468.8945951461792,144.13299417495728,0.5047012567520142,306.8976459503174,151.66314232349396,0.44875621795654297,419.7349843978882,244.36975955963135,0.7238737344741821,372.9030599594116,244.60509538650513,0.7309765815734863,418.74898290634155,271.77686738967896,0.4228438436985016,370.8397226333618,272.713281750679,0.4724632501602173,427.569974899292,318.6157342195511,0.5061326026916504,370.0222625732422,316.9887260198593,0.3830175995826721
109,21.150299988221377,108.52521896422114,130.68937208253993,85.69772871633192,117.88865461608896,158.96335696392822,164.67691344663672,178.819055161399,,387.06604957580566,170.51622021198273,0.4953620731830597,397.83084058761597,166.1819952726364,0.620400607585907,386.4190263748169,165.41184026002884,0.6425206065177917,403.94713306427,168.0425728559494,0.5395386815071106,372.14488887786865,166.33014857769012,0.6351098418235779,428.75236797332764,179.28316354751587,0.5427207946777344,344.79139041900635,180.03856021165848,0.4189985692501068,469.3227596282959,173.71687293052673,0.6741205453872681,321.506591796875,172.24129450321198,0.6132388710975647,461.4729595184326,137.14605581760406,0.4312593340873718,316.15501594543457,139.82641977071762,0.49464869499206543,416.27239179611206,245.24973320960999,0.7203953862190247,371.4073905944824,245.33896708488464,0.7023515105247498,420.2833948135376,267.2691321372986,0.5036994814872742,374.3503074645996,269.82853746414185,0.5057922601699829,428.0039014816284,315.24074494838715,0.5332428812980652,373.4125761985779,307.4874836206436,0.24809466302394867
110,21.43599995179102,109.13362788412151,139.25056655234397,93.8006937703575,124.91293086890168,165.91673412850392,152.86993656745864,173.8888839800521,168.68861519530827,384.9473657608032,169.12503218650818,0.4036635160446167,395.92315578460693,164.75376892089844,0.636019229888916,384.23817253112793,164.10779201984406,0.62480229139328,404.5863723754883,167.6212476491928,0.5481629967689514,371.28325271606445,165.669726729393,0.6068730354309082,426.92841053009033,177.54116559028625,0.530713677406311,347.26196670532227,178.5963020324707,0.42818811535835266,464.1645679473877,170.87278532981873,0.5362306833267212,322.8651080131531,164.7263320684433,0.574358344078064,460.03400135040283,133.7697559595108,0.3801156282424927,319.96270275115967,133.40410220623016,0.5220200419425964,416.0888385772705,246.1303906440735,0.7588684558868408,371.1039958000183,245.43543767929077,0.7309829592704773,418.31599140167236,271.0716861486435,0.4543491303920746,367.5763521194458,272.2364845275879,0.49171382188796997,426.9994764328003,314.8709030151367,0.4948675334453583,370.3966979980469,314.55334210395813,0.35283276438713074
111,20.71579999756068,117.1341535347081,136.4930015376397,110.48082378298582,124.54782761537253,168.4811143069144,155.79708260731636,171.19060960580111,175.3869350552816,384.6350498199463,171.89863300323486,0.45413053035736084,395.7894649505615,167.10518980026245,0.5824175477027893,383.12719917297363,166.59616923332214,0.6284112930297852,407.0569486618042,168.68369203805923,0.3633353114128113,373.4190459251404,166.72794020175934,0.6219308376312256,426.94251251220703,176.45530158281326,0.47700104117393494,350.6366114616394,178.17081713676453,0.4830823540687561,459.23205852508545,165.72947239875793,0.445506751537323,334.1476287841797,169.18963557481766,0.4293442666530609,460.46049785614014,132.3164575099945,0.4197690784931183,329.75321865081787,127.17989695072174,0.6377304792404175,416.2112579345703,246.1056034564972,0.7773243188858032,372.21325063705444,244.906245470047,0.7548787593841553,417.311288356781,268.9237766265869,0.5972025394439697,369.30915212631226,271.27004063129425,0.5112855434417725,426.4115905761719,313.3775177001953,0.36381009221076965,367.8724684715271,320.45873284339905,0.49360039830207825
112,20.440399996005,,156.11733879479942,,135.5615958441097,172.84689967214854,162.31106588578754,,177.62072889576152,385.6335105895996,170.9385283589363,0.4283560514450073,396.31078338623047,166.33272701501846,0.5975162386894226,384.91908597946167,165.62508130073547,0.5991238951683044,408.00077056884766,168.00316977500916,0.40532657504081726,375.1742877960205,165.83223950862885,0.6444812417030334,423.6579132080078,176.53192818164825,0.3751213848590851,352.8763499259949,177.97250539064407,0.4809142053127289,458.2944030761719,159.5764377117157,0.25406235456466675,334.73490810394287,156.4536082148552,0.35880160331726074,454.7396926879883,124.24959552288055,0.5833501219749451,337.4228267669678,120.75494396686554,0.6850516200065613,415.78122329711914,245.9273636341095,0.7820647358894348,372.32523250579834,244.69945764541626,0.7429812550544739,416.0519914627075,268.825368642807,0.5935125350952148,371.6940550804138,269.82306718826294,0.4949963688850403,422.2777132987976,306.0113353729248,0.23838500678539276,368.7153778076172,314.4524269104004,0.4074866473674774
113,18.734199984464794,132.4783539185607,159.4046522553187,116.74927998295388,109.77258183277084,160.92835158130245,155.0438495164762,,169.0169348132827,387.888286113739,167.3293429017067,0.4822249114513397,395.71076679229736,164.26798278093338,0.6079505681991577,386.65668773651123,163.18253189325333,0.5416551828384399,405.1204786300659,167.90051662921906,0.5434682965278625,376.1410822868347,164.91940146684647,0.6584921479225159,420.01889419555664,177.71038800477982,0.35985487699508667,354.9125952720642,178.87961673736572,0.5102923512458801,451.2053518295288,155.45723450183868,0.31839150190353394,327.45034980773926,141.75017619132996,0.5689799189567566,445.0098304748535,115.2534989118576,0.3829711675643921,348.6866965293884,109.95510223507881,0.5766008496284485,411.90813159942627,244.06855249404907,0.733705461025238,373.1607370376587,242.97167670726776,0.6825201511383057,416.74516201019287,266.6252920627594,0.49957844614982605,369.07176876068115,268.60433530807495,0.4441240727901459,424.1051330566406,302.8007392883301,0.276000440120697,370.5777997970581,313.5414265394211,0.4193911552429199
114,21.137499948963523,155.03854238743685,,110.0016475993962,,145.15880475944533,159.71738113837216,161.9198259251926,169.41546386574865,389.3586325645447,167.80840516090393,0.39139804244041443,398.0450744628906,165.6384435892105,0.6359360218048096,387.26544857025146,163.82177066802979,0.5741546154022217,402.9679298400879,169.4343022108078,0.38240674138069153,375.62855863571167,166.8991997241974,0.607841968536377,423.6774740219116,183.03053045272827,0.5499989986419678,357.76086711883545,183.06093037128448,0.5772553086280823,447.03697776794434,152.83248502016068,0.3158363699913025,352.0893430709839,148.42757385969162,0.2937965393066406,420.9672145843506,111.55407527089119,0.5253084897994995,359.772497177124,109.24415868520737,0.6482086777687073,409.96228551864624,243.583749294281,0.6841307282447815,372.87002897262573,242.7634928226471,0.6166486144065857,420.72689962387085,270.12151062488556,0.3915840983390808,369.48901557922363,274.5014351606369,0.4263620972633362,423.4453978538513,309.0079354047775,0.37450793385505676,372.5504093170166,313.36714696884155,0.40827086567878723
115,20.26520000072196,173.5268809341159,168.52980722365922,145.56896139834893,166.6411379906211,148.82685442815233,169.42496991329008,167.07548425668472,177.14687663580878,392.1976294517517,168.01096206903458,0.5162750482559204,398.1655731201172,165.23599368333817,0.6023157238960266,388.622220993042,163.8304604291916,0.547218382358551,402.95274114608765,170.63395935297012,0.3987741470336914,377.38041400909424,167.92561721801758,0.5845861434936523,420.7032194137573,184.30514746904373,0.53581303358078,360.055193901062,184.25659877061844,0.5421885848045349,431.1042146682739,152.01067578792572,0.31621459126472473,359.5888934135437,149.9974575638771,0.31926289200782776,419.0146207809448,111.40253865718842,0.5675352811813354,367.4102873802185,114.94637995958328,0.47550347447395325,408.31546211242676,245.8583583831787,0.661912202835083,373.2320556640625,244.94556307792664,0.6068206429481506,418.03465938568115,272.8630305528641,0.4587131440639496,374.1491394042969,276.30742394924164,0.382350891828537,422.7767162322998,312.22383081912994,0.3184489607810974,373.38727855682373,313.3527874946594,0.3827095925807953
116,20.673599967267364,,,,,163.44028131218863,163.1519485983097,179.9031464900323,175.23153379815406,393.1057415008545,168.48535180091858,0.5245674848556519,399.05692958831787,165.63761734962463,0.588199257850647,389.3463249206543,164.43528205156326,0.5190856456756592,402.803861618042,170.4748797416687,0.3860521614551544,378.4352068901062,168.6466679573059,0.5591248869895935,420.9429531097412,184.81768667697906,0.5060961246490479,360.97748374938965,185.37726455926895,0.5256006121635437,424.47522163391113,148.21433281898499,0.2930947244167328,364.31520557403564,150.33104467391968,0.23931491374969482,416.0324306488037,109.35285905003548,0.5820258855819702,374.1308927536011,113.03204694390297,0.2709435224533081,411.1408624649048,245.62638449668884,0.6488894820213318,374.81488943099976,244.92442274093628,0.6251611709594727,415.216739654541,276.9974764585495,0.49853384494781494,372.35990619659424,282.2207351922989,0.4137115776538849,420.1901397705078,314.7766547203064,0.3608441948890686,373.03538608551025,320.8233609199524,0.4487762153148651
117,18.81929999217391,,155.839137759372,,177.21422902187734,161.61791541599834,172.30288958708735,175.2552148851647,173.75139067063049,391.8303461074829,164.47948586940765,0.5391069054603577,398.56495237350464,161.96511059999466,0.5542079210281372,387.7917456626892,161.12731790542603,0.4643706977367401,405.4463152885437,166.29688531160355,0.5146792531013489,376.8625831604004,165.29712116718292,0.6232359409332275,420.0725474357605,181.3775384426117,0.5748061537742615,360.6874327659607,180.26489287614822,0.5268848538398743,404.16442489624023,144.33600693941116,0.26276278495788574,369.884250164032,142.003546833992,0.3314613103866577,412.8596110343933,106.46404767036438,0.49775487184524536,376.84891080856323,105.24932590126991,0.5523902177810669,410.6679153442383,243.5956015586853,0.7034721970558167,372.3180046081543,242.14244556427002,0.6211676001548767,417.36034202575684,282.3949007987976,0.4963319003582001,374.50932121276855,284.6932144165039,0.49294114112854004,420.7167148590088,320.4389600753784,0.31760886311531067,372.04668045043945,327.39609682559967,0.5863099098205566
118,20.793500007130206,,161.88565845222396,,172.581403772858,163.92828619955992,171.5032979931395,165.2074926453516,177.96139524854593,392.49748611450195,163.78990346193314,0.54640132188797,398.906457901001,160.966044485569,0.5387508869171143,388.6877017021179,160.10326516628265,0.4472430348396301,405.62342405319214,164.28718572854996,0.4833574891090393,378.55138397216797,163.25290471315384,0.5940906405448914,418.9150981903076,180.54097086191177,0.5446946620941162,364.69307804107666,178.91050100326538,0.48728740215301514,404.04559421539307,139.02151995897293,0.27604007720947266,371.3850245475769,139.08994114398956,0.3549351692199707,412.63976669311523,107.64079803228378,0.4298084080219269,379.81184339523315,111.45489802956581,0.40392544865608215,414.13740730285645,244.1780149936676,0.7305919528007507,374.24770164489746,242.276153922081,0.6803210377693176,422.56096601486206,284.5762302875519,0.5435221791267395,374.30694007873535,285.74817991256714,0.4906284809112549,420.5765542984009,322.260533452034,0.34519416093826294,372.864595413208,327.883749127388,0.5901365876197815
119,20.73669998208061,,161.80177795652253,,169.6250942762917,164.78065580328413,172.61273351945218,170.49660130890157,174.05894371090517,390.241952419281,164.05562496185303,0.49621161818504333,396.5768003463745,161.30658340454102,0.5746853947639465,386.60060834884644,160.58188581466675,0.4875375032424927,404.63406133651733,165.62283051013947,0.505607545375824,376.3411383628845,164.37352776527405,0.6212893128395081,419.99397563934326,181.23112308979034,0.5949918031692505,364.0139842033386,179.87264275550842,0.5156315565109253,420.05768728256226,146.57666897773743,0.1987440139055252,370.19699573516846,140.77897429466248,0.35424426198005676,416.6311583518982,110.16708254814148,0.5233348608016968,379.93347930908203,113.07255405187607,0.41919565200805664,413.25984954833984,244.009348154068,0.7125450968742371,374.1460814476013,242.35527348518372,0.6645314693450928,419.71661138534546,284.33502531051636,0.5239313244819641,375.5322456359863,285.8934271335602,0.4823109805583954,419.44470596313477,322.64268350601196,0.32365211844444275,372.5265522003174,327.6462479829788,0.589928925037384
120,21.326700050849468,,,,,161.6943798113237,169.1444827085226,172.4952980425453,175.34923212802252,392.5485110282898,166.3772869706154,0.5080615878105164,398.78110694885254,163.7592898607254,0.5862869620323181,387.0742378234863,163.4804767370224,0.462667316198349,404.850923538208,167.72525411844254,0.3672865331172943,379.49363899230957,166.80613380670547,0.5925853848457336,422.8198308944702,182.30969339609146,0.5598027110099792,362.459632396698,181.50019228458405,0.5574225187301636,424.9956302642822,147.81856405735016,0.2586990296840668,368.6279354095459,148.8359071612358,0.2632269561290741,422.35464239120483,112.92871713638306,0.47265660762786865,380.52947759628296,113.46795243024826,0.4286762475967407,413.8085379600525,245.31070399284363,0.699202299118042,375.04830503463745,243.90227890014648,0.6817529797554016,420.55850982666016,282.95520520210266,0.5156275033950806,375.4309539794922,283.7662875652313,0.47269344329833984,422.25656032562256,319.4924314022064,0.3313254714012146,372.35454845428467,326.675843834877,0.5963366627693176
121,22.83299999544397,,,,,160.76784147582532,167.02933290757332,176.79089298806196,177.50049030928787,396.45218229293823,167.49276739358902,0.5199844241142273,402.71980571746826,165.04669934511185,0.5591063499450684,390.848792552948,164.44063836336136,0.5540142059326172,407.5082120895386,169.4808850288391,0.42850029468536377,383.2422137260437,167.9938817024231,0.6063852310180664,425.1692008972168,183.950448513031,0.5195848941802979,365.61693477630615,182.39364218711853,0.5754237771034241,423.95941257476807,148.7924726009369,0.20621377229690552,364.72911643981934,148.1410539150238,0.2579955458641052,417.99088764190674,112.38708859682083,0.5894917845726013,379.99367809295654,113.30113750696182,0.4327257573604584,414.25401401519775,243.96683955192566,0.6549389958381653,376.3773031234741,242.76924800872803,0.6792598366737366,419.2377758026123,275.7039271593094,0.43997660279273987,374.63919591903687,277.49621176719666,0.38642436265945435,423.0995707511902,314.28968620300293,0.38793396949768066,374.36718940734863,320.1015124320984,0.4355771243572235
122,24.45989998523146,,,,,156.48174949784345,168.7605534374876,164.1051837795959,179.2185336542734,396.91681480407715,165.62374222278595,0.5753070712089539,403.5064082145691,163.25545465946198,0.49919840693473816,391.1658091545105,162.62057501077652,0.49804621934890747,409.9588484764099,167.2946835756302,0.43029269576072693,382.9704599380493,166.47204810380936,0.6329441666603088,425.4507350921631,183.34780645370483,0.5236440300941467,366.6605067253113,181.05151569843292,0.5400424599647522,422.2435703277588,148.38814228773117,0.2047819346189499,363.2695360183716,146.33289980888367,0.27118659019470215,417.3676962852478,110.42569553852081,0.6231455206871033,378.5371050834656,108.09448903799057,0.5893027186393738,414.7408103942871,245.19024395942688,0.7071979641914368,376.24085760116577,243.18313705921173,0.7087540030479431,422.1697750091553,275.68087792396545,0.5512550473213196,374.7122836112976,278.56462502479553,0.41150963306427,420.5889377593994,316.8004288673401,0.3268449902534485,372.3196725845337,320.63164484500885,0.5031524896621704
123,23.528899997472763,,,,,160.05873650139586,159.6068186345934,172.33841975204749,166.55394872089022,394.7969431877136,165.5323430299759,0.572079062461853,401.5123929977417,163.23650813102722,0.539297342300415,389.31837368011475,162.26665955781937,0.4559786319732666,407.13835096359253,167.6644970178604,0.577042281627655,380.74631452560425,164.75512224435806,0.6535932421684265,424.56028842926025,181.19001054763794,0.5544700622558594,365.0687770843506,179.34343630075455,0.5005717873573303,427.1323080062866,151.566272854805,0.2548350989818573,361.9963393211365,150.75362348556519,0.2602709233760834,415.72448682785034,110.73228740692139,0.5904545783996582,375.61084270477295,107.75189164280891,0.5784000158309937,413.5247039794922,244.62375700473785,0.6769360303878784,376.2268314361572,243.2153604030609,0.6755616664886475,418.7278299331665,273.9160301685333,0.411350816488266,370.3651580810547,274.8916766643524,0.39789777994155884,420.39231872558594,313.4531328678131,0.4124639332294464,372.6596870422363,319.2349010705948,0.4612600803375244
124,23.4937000204809,,,,,165.3926103374601,160.8325566099817,171.80020698109098,163.70445431568075,395.0919222831726,164.2044478058815,0.5537047982215881,401.3411979675293,161.9179864525795,0.513609766960144,389.8226079940796,161.12523806095123,0.4359551966190338,406.9524474143982,166.2381225824356,0.547639012336731,381.71912384033203,163.74142599105835,0.627899706363678,424.864972114563,179.44077587127686,0.5261253118515015,368.0500068664551,178.893292427063,0.4817666709423065,430.67134952545166,157.70232689380646,0.20966880023479462,359.09891271591187,159.14781880378723,0.2266116738319397,417.24449348449707,111.16055729985237,0.6199405789375305,377.85917377471924,108.2589961886406,0.5688514709472656,415.79464292526245,243.29769945144653,0.6781742572784424,377.5878748893738,241.99870836734772,0.6862488389015198,419.99382400512695,280.0218267440796,0.49294885993003845,370.21905851364136,281.4776324033737,0.4303385615348816,418.84206104278564,319.36838150024414,0.5017588138580322,374.16015815734863,320.8037306070328,0.4901264011859894
125,19.483699987176806,,,,,164.3521304935078,167.9270043805028,172.43957974462296,171.77179077675547,395.7767024040222,165.31327557563782,0.5842516422271729,401.8623900413513,162.86934435367584,0.5376846194267273,390.42320585250854,162.01652264595032,0.47704699635505676,406.9376630783081,165.71343195438385,0.5607466697692871,380.7855625152588,163.75092774629593,0.6538435220718384,424.09113216400146,179.69235157966614,0.5286152958869934,370.89936542510986,178.65430974960327,0.47347405552864075,431.7846984863281,172.3408991098404,0.1757163256406784,358.2462229728699,174.8673260807991,0.2306457906961441,416.8864345550537,112.83099293708801,0.5593145489692688,372.07139682769775,138.44127184152603,0.24613609910011292,416.7912588119507,242.02614521980286,0.7007374167442322,376.6270446777344,240.99078154563904,0.7013136744499207,422.28810024261475,276.8560755252838,0.5785787105560303,372.20574474334717,277.9415833950043,0.4254913628101349,423.30116844177246,318.0726099014282,0.5578076839447021,373.21292448043823,319.0061466693878,0.5371934175491333
126,27.752600028179586,,,,,178.48877570814608,160.99930739864473,178.56823869545218,158.94557107646094,395.8899984359741,165.81921911239624,0.5794718861579895,402.1330065727234,163.46606028079987,0.5294073820114136,390.47195625305176,162.81552481651306,0.5089722871780396,408.05687522888184,167.18324095010757,0.5761929154396057,381.70949506759644,165.39326411485672,0.674481987953186,418.2797255516052,179.77473336458206,0.43541061878204346,364.3583707809448,180.3058059811592,0.37517574429512024,434.42515563964844,175.0832880139351,0.22273392975330353,360.6605176925659,175.74546205997467,0.219324991106987,423.70630979537964,116.43758571147919,0.6163970828056335,374.7821364402771,139.82147657871246,0.24309031665325165,419.6537084579468,245.81639111042023,0.7693452835083008,376.7020025253296,244.05396509170532,0.7567467093467712,421.7792158126831,290.836248755455,0.617290735244751,370.25868558883667,289.65763223171234,0.45618167519569397,422.59136867523193,327.4323658943176,0.5767875909805298,379.1974468231201,328.3375540971756,0.602794349193573
127,27.602599991951138,,,,,179.9399877057748,164.7163077552526,178.54836602924266,156.01659897475463,396.54637241363525,166.1225345134735,0.560646653175354,402.86014318466187,163.7149578332901,0.5086227655410767,390.7183618545532,163.32445991039276,0.5180248022079468,411.15140104293823,167.92869424819946,0.417697936296463,382.8603734970093,167.14090329408646,0.6548258662223816,419.8102960586548,180.89649605751038,0.4872909188270569,372.51651906967163,182.31083303689957,0.5065581202507019,432.59022998809814,172.64438545703888,0.1918245106935501,361.57967376708984,173.85743337869644,0.21536630392074585,422.2147092819214,116.53932002186775,0.6177255511283875,378.0768446922302,111.9950022995472,0.49878203868865967,422.3691740036011,246.6696116924286,0.7403519749641418,378.02753829956055,244.36081337928772,0.7605895400047302,423.93585872650146,288.05535423755646,0.5314089059829712,370.26684856414795,287.4573562145233,0.4279792904853821,424.4115352630615,326.1020061969757,0.5224462747573853,379.74967336654663,326.13687920570374,0.638707160949707
128,22.787900001276284,,167.88640638469693,,174.95881150521203,179.5797034174213,159.16689936820012,177.3365651673521,156.0324571942814,398.5216860771179,165.49610245227814,0.5510601997375488,402.84753227233887,162.99336576461792,0.5067480206489563,392.93596172332764,162.21452099084854,0.4791443645954132,412.23679876327515,168.40432333946228,0.5143253207206726,386.70462942123413,166.3427700996399,0.596470832824707,422.5362243652344,182.1772671341896,0.520267128944397,368.48701667785645,180.2008308172226,0.40270692110061646,429.5969705581665,170.56716215610504,0.15079328417778015,369.52015113830566,152.86577677726746,0.30491599440574646,414.746648311615,114.51776105165482,0.5000239014625549,374.9443597793579,109.96285891532898,0.5721312165260315,423.46710681915283,246.86078643798828,0.7166495323181152,379.76738929748535,244.50890970230103,0.7385199069976807,423.77100706100464,289.937243103981,0.5376142859458923,371.12514877319336,289.4550895690918,0.46536678075790405,422.2536287307739,328.3992371559143,0.5197306871414185,380.1239318847656,328.1753832101822,0.5835159420967102
129,25.36349999718368,,171.37211094791854,,170.3510480277751,172.55912566868184,163.80662389022447,173.0718858940794,169.89243756452487,399.8427233695984,165.87197023630142,0.5289794206619263,403.2867660522461,163.45084607601166,0.5886475443840027,394.16189908981323,162.79150688648224,0.5190736055374146,414.80510330200195,168.30686980485916,0.41251569986343384,386.5091223716736,167.10813862085342,0.30997854471206665,423.09363174438477,183.26937067508698,0.5331951379776001,371.73466777801514,181.23682129383087,0.4807765483856201,427.5655269622803,169.2709916830063,0.1377514898777008,370.9339632987976,152.5647976398468,0.35659700632095337,417.89548444747925,114.54444289207458,0.5451706647872925,376.94059896469116,110.0906126499176,0.5787125825881958,425.214994430542,246.61929655075073,0.6926045417785645,383.0386447906494,243.88891661167145,0.7404946088790894,421.21695613861084,287.96683263778687,0.4011656939983368,378.54377698898315,286.90138244628906,0.5279108285903931,422.2137236595154,328.6023211479187,0.49270889163017273,381.49316358566284,327.63154661655426,0.6048699021339417
130,63.89069999568164,,171.46134664948917,,173.12953271998512,173.166421018943,161.89071910247242,177.426112647694,163.3556512139208,402.76595306396484,165.2892718911171,0.49684613943099976,406.01524686813354,162.71847015619278,0.6180481314659119,396.70114040374756,162.09257942438126,0.5393619537353516,415.6397485733032,167.1682689189911,0.5394952893257141,389.6371088027954,166.4768915772438,0.5153550505638123,424.58055686950684,181.9536838531494,0.5791916847229004,373.91511726379395,180.05754947662354,0.49690014123916626,433.2290143966675,173.26668632030487,0.09455173462629318,373.88557386398315,153.41865926980972,0.3669394552707672,439.61150074005127,115.40173768997192,0.45097020268440247,379.0604453086853,110.06544795632362,0.545040488243103,427.80278396606445,247.90087962150574,0.6582808494567871,383.76618576049805,245.17782187461853,0.754004180431366,424.6796245574951,292.16125214099884,0.5218700766563416,376.1665315628052,290.5570937395096,0.5321260690689087,420.248872756958,330.39563143253326,0.4889073073863983,380.90722370147705,328.41687309741974,0.6145567893981934
131,37.944499985314906,,176.90459785924534,,174.07490237967934,168.6964123633835,164.68443733454933,179.77273827847944,169.1802278790313,403.389750957489,166.03210401535034,0.45461657643318176,407.2700958251953,163.0829842686653,0.6696628332138062,396.80862379074097,162.72369825839996,0.5784873366355896,417.439697265625,166.31869518756866,0.584295928478241,387.54400062561035,166.18122601509094,0.4424319863319397,427.69279861450195,183.17950999736786,0.6431639194488525,376.13751888275146,180.62479144334793,0.5497052669525146,432.94005012512207,186.20739316940308,0.1614391952753067,374.0295252799988,154.73579913377762,0.3526904582977295,435.49180126190186,117.18195635080338,0.3330191671848297,374.9891676902771,111.45213440060616,0.5474119186401367,417.4456362724304,246.8264832496643,0.5027936100959778,384.99113750457764,245.67652869224548,0.7489876747131348,419.17530250549316,292.7397338151932,0.3821066617965698,378.7981939315796,292.3067557811737,0.5714340806007385,420.4784469604492,331.4076039791107,0.5362381935119629,380.8783121109009,328.8867754936218,0.6145109534263611
132,23.889900010544807,,178.3866011833546,,170.70704957255288,168.46510376449731,168.1998513000202,165.05999548984624,179.01647982459832,404.29442596435547,165.91841059923172,0.4344801604747772,407.75792837142944,162.67955142259598,0.682196319103241,398.018892288208,162.33156210184097,0.5669211745262146,417.85403776168823,165.57086288928986,0.6251282691955566,388.5966200828552,165.37235170602798,0.4789728820323944,427.6988134384155,182.33195912837982,0.6513314843177795,376.4296169281006,179.58115112781525,0.5508900284767151,431.0983009338379,186.88550794124603,0.20158334076404572,373.9983139038086,156.1048069000244,0.3201616704463959,434.3207302093506,119.43495500087738,0.3727251887321472,376.4556727409363,114.50053822994232,0.5604811310768127,428.6766014099121,247.82970905303955,0.6125112771987915,385.19498443603516,245.92719268798828,0.7443033456802368,420.1953458786011,292.80318331718445,0.40623173117637634,381.777907371521,291.6498098373413,0.5686070322990417,423.10078382492065,331.8048827648163,0.5658836960792542,379.59821605682373,329.5615568161011,0.6367708444595337
133,25.44040000066161,,179.72845161851973,,171.88356587427947,163.62062167076633,165.3421966852115,168.49050852897082,172.27299620343538,403.68978452682495,168.98425805568695,0.31272804737091064,410.1692156791687,164.71598982810974,0.7132792472839355,398.6995782852173,164.51165223121643,0.5799761414527893,420.98500633239746,167.73834574222565,0.5056337118148804,390.05455780029297,167.62035018205643,0.31051039695739746,431.5457229614258,183.9957777261734,0.6229334473609924,377.9428253173828,181.71195179224014,0.6070817708969116,420.46133756637573,154.71247923374176,0.20862571895122528,374.15335988998413,151.96689933538437,0.3589240312576294,440.9822235107422,116.18195003271103,0.4264141917228699,374.7645215988159,111.07020515203476,0.6193683743476868,419.97790241241455,247.1689168214798,0.5623849034309387,386.4015884399414,245.68809604644775,0.7394871115684509,424.49311447143555,290.1085596084595,0.42903921008110046,381.0259532928467,288.68725657463074,0.5009748339653015,420.7437057495117,328.99959993362427,0.5054104924201965,381.4343295097351,327.6169307231903,0.6192232370376587
134,26.835399970877916,,173.7975686861215,,158.05605697078602,153.94690968615177,163.85677675290282,157.07386740715927,173.8871890803463,405.3652415275574,168.41496473550797,0.3509030342102051,411.2798857688904,164.3804510831833,0.6446883082389832,401.2826418876648,164.0263077020645,0.5842779874801636,421.06350231170654,167.13795447349548,0.4991265535354614,391.1097803115845,167.1639667749405,0.4718050956726074,434.0882749557495,183.58812820911407,0.6165381073951721,378.62674617767334,180.68779933452606,0.5695084929466248,440.93981647491455,186.56598114967346,0.16039186716079712,372.891131401062,156.2667641043663,0.3655990660190582,440.8750686645508,119.5323657989502,0.4929080605506897,379.098126411438,115.83034235239029,0.5532352924346924,420.22023916244507,246.83144068717957,0.5764817595481873,386.5731120109558,245.26859426498413,0.7395079731941223,429.3766460418701,284.43534219264984,0.47751396894454956,380.25309896469116,284.6004476547241,0.5144074559211731,422.59614515304565,326.109784245491,0.5003666877746582,378.2963857650757,321.7421108484268,0.5247978568077087
135,27.357200044207275,,166.4390631775015,,152.41868349025134,158.22233256716405,167.7440340836615,161.4871096574807,174.02578311804666,406.9096612930298,166.2931814789772,0.4691062271595001,412.381028175354,163.3508710861206,0.6550926566123962,403.17119550704956,162.8462951183319,0.5820475220680237,422.0427813529968,165.61331450939178,0.5671928524971008,393.0589370727539,165.09030485153198,0.5987389087677002,436.30830097198486,181.9696388244629,0.6208096742630005,381.0205955505371,178.23287057876587,0.5034226179122925,446.9165802001953,186.39908075332642,0.16270135343074799,373.75847911834717,154.75564312934875,0.3644363582134247,445.9911060333252,118.52782940864563,0.5218836665153503,380.7802805900574,116.47096294164658,0.549561619758606,424.0315399169922,245.89659333229065,0.6491258144378662,385.1889190673828,243.98723912239075,0.6032572984695435,431.04841327667236,282.3116500377655,0.5106579661369324,379.13487243652344,283.8825594186783,0.5100082755088806,425.2276306152344,325.9006601572037,0.46565675735473633,377.35453510284424,322.28272795677185,0.490731805562973
136,29.674499994143844,,168.06983085774374,,146.95572454365256,162.76588476854246,157.7944812172666,161.32747025055053,166.50085760026852,404.80955266952515,167.8133910894394,0.37535127997398376,411.97419357299805,163.92727291584015,0.710539698600769,401.08117055892944,163.66279077529907,0.5853290557861328,423.53741455078125,167.00181013345718,0.5358148217201233,390.81320905685425,166.70681411027908,0.48285460472106934,438.73925018310547,181.85564625263214,0.6028106808662415,377.7582106590271,178.64681661128998,0.521731436252594,451.58782386779785,155.9738051891327,0.20619338750839233,371.2965965270996,159.62746512889862,0.3146075904369354,448.84066677093506,119.04877346754074,0.6492570042610168,382.711519241333,114.77839690446854,0.5331272482872009,426.0941696166992,246.2137553691864,0.6749823689460754,385.6965651512146,244.88105940818787,0.6062761545181274,430.0507106781006,283.12484073638916,0.4870091378688812,375.3734087944031,282.43310725688934,0.4631859362125397,421.2783679962158,322.5176364183426,0.40655407309532166,374.1271777153015,320.564178109169,0.4937973618507385
137,28.280300030019134,,172.19969225802754,,153.60763091219468,165.7712967919442,149.9193403813896,163.8150105805763,161.56912590624233,405.85499477386475,169.06186759471893,0.45863842964172363,413.760621547699,164.68600302934647,0.6961647868156433,402.3120107650757,164.1687628030777,0.5492849946022034,420.79940605163574,168.92237555980682,0.34113606810569763,392.73684072494507,168.22812062501907,0.3704766631126404,439.77081775665283,183.282590508461,0.5702016353607178,379.16140842437744,181.49150252342224,0.6064441204071045,448.41780948638916,152.48639035224915,0.16667917370796204,370.9866056442261,153.52824997901917,0.3880108594894409,443.38688945770264,119.67671555280685,0.6438285708427429,377.7462821006775,115.56647276878357,0.5182569622993469,427.6446294784546,246.97406673431396,0.6916743516921997,388.6190619468689,244.80820786952972,0.6449282765388489,429.60005378723145,279.417019367218,0.6003915667533875,376.2101516723633,276.1732597351074,0.4463101327419281,420.1457109451294,321.24739277362823,0.45892757177352905,373.8544635772705,318.9196479320526,0.48323825001716614
138,25.07189998868853,,155.18006724901716,,110.86780648306612,165.64621735180637,138.1360038125729,163.04712745096327,145.7382496743778,407.97537183761597,165.14949494600296,0.3654121160507202,414.0018210411072,161.91210305690765,0.6799354553222656,401.3567404747009,162.08061319589615,0.4618881046772003,421.6052408218384,166.4487566947937,0.563602089881897,394.9891142845154,165.1389960050583,0.5811059474945068,440.6487293243408,181.50022077560425,0.557951033115387,378.4398822784424,180.8340294957161,0.5915102362632751,459.00860023498535,154.89584743976593,0.20435328781604767,361.4760317802429,157.2587644457817,0.5059995055198669,439.52875900268555,124.64465200901031,0.4678749740123749,385.88941860198975,120.22669196128845,0.597470223903656,427.2310218811035,248.43819177150726,0.6603957414627075,391.23922538757324,247.1915386915207,0.659695029258728,428.62443923950195,274.8579432964325,0.554648220539093,377.38420486450195,270.2989242076874,0.4190055727958679,417.3728771209717,320.2086386680603,0.48611530661582947,380.15056896209717,318.05659794807434,0.4183019995689392
139,26.027799991425127,,136.7877613126902,,84.72573820695133,172.97790138302062,146.05867982565996,175.4778728429389,147.85724104730002,410.57124853134155,164.68604576587677,0.3581281900405884,416.174916267395,161.7938795685768,0.6950215697288513,403.6613783836365,162.05273473262787,0.5471953749656677,422.89941358566284,166.02120620012283,0.5741426944732666,398.55663776397705,165.26751899719238,0.5923138856887817,438.9238395690918,178.79465651512146,0.4661288559436798,381.00661993026733,180.8231459259987,0.5726848244667053,455.5402202606201,155.62859374284744,0.2648369371891022,358.3369255065918,163.49046283960342,0.4645501673221588,425.7310562133789,131.3448424935341,0.6209239363670349,387.7814598083496,131.5536531805992,0.529809296131134,430.0749216079712,246.56368207931519,0.6959521770477295,391.6835894584656,245.40748798847198,0.670644998550415,429.86612129211426,275.2392671108246,0.5290794372558594,379.78962898254395,271.4411292076111,0.4304875433444977,426.04200744628906,319.4888130426407,0.472295880317688,385.3334264755249,313.0532613992691,0.3413543105125427
140,26.499499974306673,,118.60937663177904,,65.40125940019205,172.30725625763347,145.73756194693533,176.4195743613638,141.03693275220778,412.952335357666,166.6897764801979,0.5528018474578857,418.2155337333679,161.72595697641373,0.5600743293762207,407.15177059173584,162.09330594539642,0.49575015902519226,422.2135214805603,165.52620321512222,0.4961392283439636,404.69029235839844,164.7113457918167,0.5596480965614319,438.81971740722656,177.41093313694,0.42607173323631287,385.56982421875,179.66851884126663,0.4066241979598999,454.76910972595215,161.76481872797012,0.18600325286388397,358.9116950035095,169.56678545475006,0.46577736735343933,415.4420428276062,140.26642084121704,0.41246721148490906,388.89796781539917,139.94697952270508,0.45363613963127136,426.3101978302002,245.39951050281525,0.6610075831413269,394.5138168334961,244.49118828773499,0.6264780759811401,424.8491516113281,276.0090090036392,0.462641179561615,380.57276916503906,272.5671513080597,0.404962956905365,420.166965007782,318.3304536342621,0.49806225299835205,388.98346424102783,310.3291209936142,0.3285795748233795
141,23.891900025773793,,119.00655697369936,,65.9019679264597,171.6143982951922,146.51161706608895,174.69905563057395,142.23026567135122,413.1303539276123,166.7016429901123,0.5496394038200378,418.2331233024597,161.71457481384277,0.5579931735992432,407.28493070602417,162.1222813129425,0.4943763017654419,422.0755090713501,165.53157377243042,0.4875720739364624,404.79610776901245,164.7675015926361,0.5572873950004578,438.77266025543213,177.3979127407074,0.4252834618091583,385.68837690353394,179.64631009101868,0.40728169679641724,454.1484203338623,161.38833838701248,0.1834385246038437,359.3341226577759,169.39903032779694,0.4636242985725403,414.9310607910156,140.34311866760254,0.41114896535873413,389.1321921348572,139.95820498466492,0.45438262820243835,426.36170291900635,245.2509013414383,0.6594664454460144,394.4968843460083,244.29343211650848,0.6224008798599243,425.29718017578125,276.0467311143875,0.4699617922306061,380.8371181488037,272.63920509815216,0.4043762683868408,419.8800730705261,318.4471528530121,0.49413561820983887,388.83233547210693,310.1237007379532,0.32733383774757385
142,28.232700016815215,90.79377903620596,101.19708710927979,,42.277225431504895,150.85107878004484,139.28529630800148,160.9035016113255,130.40106257818735,407.6508493423462,165.5669026374817,0.4798572361469269,413.68750858306885,162.76535212993622,0.6448373198509216,401.9117217063904,163.29813420772552,0.4395785927772522,420.23421478271484,165.76062732934952,0.49973493814468384,393.7596893310547,166.17562752962112,0.5762647986412048,439.6078109741211,180.27485048770905,0.5975635647773743,379.4222192764282,178.82277715206146,0.5773786306381226,461.40684700012207,185.99735736846924,0.49913886189460754,350.6367883682251,177.1406673192978,0.48969826102256775,417.361403465271,151.67949616909027,0.24617917835712433,383.46807289123535,150.61803472042084,0.5711889863014221,422.9887766838074,240.19009840488434,0.6456624865531921,387.631796836853,238.34657269716263,0.6314996480941772,431.053973197937,273.41040003299713,0.5948826670646667,369.57026624679565,266.30613565444946,0.3742702007293701,426.8939895629883,317.00986635684967,0.4969099462032318,379.68414211273193,299.9385598897934,0.39735594391822815
143,24.070599989499897,80.29332468813207,88.71028344283718,,24.286159293903125,153.6613044797273,137.05603210825757,167.3387859363825,146.80000143455825,403.0261068344116,165.8198316693306,0.5380464792251587,404.63203954696655,163.71206599473953,0.43487823009490967,396.6239080429077,163.69182312488556,0.6482106447219849,414.40064430236816,166.92477041482925,0.5551497340202332,389.0877380371094,167.03611332178116,0.5443856120109558,432.9700736999512,179.6747156381607,0.5723921656608582,377.08262968063354,179.32423335313797,0.5149492621421814,459.3428020477295,191.0376752614975,0.4540405571460724,350.5976667404175,185.6112897992134,0.49788138270378113,409.287841796875,160.67604863643646,0.2667124569416046,380.14531230926514,162.82367324829102,0.42100393772125244,418.95138931274414,237.60945302248,0.49421966075897217,389.48408460617065,237.34917330741882,0.6564699411392212,426.29185009002686,270.0862672328949,0.6038937568664551,374.16015815734863,262.9740253686905,0.4967721700668335,426.3490161895752,313.8343997001648,0.4911121129989624,375.363881111145,292.6836919784546,0.3809923231601715
144,24.414300045464188,81.65986005768775,79.39292197721343,,,149.75148753438677,152.9774533974506,166.3136463180208,163.25606163571234,405.37373304367065,165.31649506092072,0.4495443105697632,407.40373611450195,164.1048859357834,0.5923044085502625,400.11253118515015,164.02588033676147,0.5837068557739258,418.069459438324,168.1353681087494,0.532290518283844,393.49582052230835,167.7433886528015,0.5698757171630859,435.4177026748657,184.31755530834198,0.5656597018241882,379.4985418319702,183.05262523889542,0.6183792352676392,462.3691177368164,196.58709919452667,0.5944337844848633,346.8724184036255,192.59086322784424,0.43205925822257996,440.08828926086426,187.9569412469864,0.17327894270420074,364.0087022781372,182.730448782444,0.2600196301937103,419.74949073791504,238.46969664096832,0.5520519018173218,384.93750953674316,237.6483005285263,0.5706475973129272,427.58483505249023,269.63724875450134,0.5530158281326294,375.46471786499023,261.9030194282532,0.4620574712753296,427.91777324676514,314.515506029129,0.496028870344162,373.55549144744873,285.6874085664749,0.4241676330566406
145,22.485200024675578,79.11023317406736,72.18319469908074,,4.024992921941434,146.26308419182294,163.12502383175865,171.84458153386825,162.8886200638029,405.8888850212097,169.23036348819733,0.3130258023738861,414.76992416381836,166.53485655784607,0.6021289229393005,403.60537481307983,165.76205188035965,0.5515724420547485,422.86769676208496,168.69456136226654,0.46147096157073975,394.1720333099365,167.69734716415405,0.549848735332489,439.7960395812988,188.3321394920349,0.4727191925048828,378.72192192077637,185.11971998214722,0.642558217048645,462.80036544799805,202.9075043797493,0.5966453552246094,350.48222255706787,196.6241517663002,0.36602070927619934,422.2450361251831,190.12056356668472,0.19639426469802856,368.0149793624878,188.00067496299744,0.4025613069534302,419.41119480133057,240.16625142097473,0.6304258108139038,382.7653999328613,238.29490423202515,0.6778359413146973,427.0294494628906,275.19880986213684,0.5705408453941345,375.76399326324463,269.80714070796967,0.4175023138523102,430.2462682723999,319.930908203125,0.4860450327396393,377.85518074035645,295.8844301700592,0.3233158588409424
146,21.66839997516945,61.40218440170829,48.73347624423628,32.76777991732235,,162.8252550566846,156.43855253471685,175.95594303234236,,407.42281675338745,171.6547783613205,0.5404157638549805,418.43691968917847,168.35571765899658,0.5614665746688843,403.9758424758911,168.18018448352814,0.4958598017692566,425.5258445739746,170.99391490221024,0.4527243375778198,392.71995878219604,171.1632512807846,0.43258678913116455,438.2303657531738,186.97562503814697,0.43453046679496765,372.15502309799194,187.50914788246155,0.4789453148841858,457.8394498825073,204.0884571671486,0.3139107823371887,359.4996566772461,204.59132367372513,0.5034988522529602,432.12178134918213,200.31675893068314,0.35833704471588135,382.5568017959595,201.308403134346,0.27759286761283875,425.9740753173828,242.19922816753387,0.7255308628082275,383.586802482605,240.380988240242,0.654082179069519,428.7688961029053,276.47617626190186,0.531607985496521,377.62537908554077,270.050710439682,0.4026046693325043,429.2735347747803,323.31131076812744,0.5311555862426758,380.50690937042236,296.03845262527466,0.29495957493782043
147,23.534299980383366,58.556932436387946,36.59955714660137,57.6657295312332,,165.27928304526733,169.51964405035395,176.53157069138877,177.49665955832165,408.48766803741455,170.45356845855713,0.5536565780639648,417.80852222442627,167.25411236286163,0.5859857797622681,404.16356563568115,167.2255358695984,0.5341323018074036,425.8022737503052,169.67676079273224,0.4222835898399353,394.1289691925049,170.60508370399475,0.4228791296482086,440.25983810424805,186.87599194049835,0.5309376120567322,377.2608251571655,187.8813545703888,0.5677606463432312,459.19061183929443,205.2619453072548,0.3728713095188141,366.20135831832886,206.92478096485138,0.46379008889198303,437.3722677230835,210.50094532966614,0.3689750134944916,381.61454677581787,212.7977489233017,0.2644542157649994,427.8531265258789,241.83730673789978,0.7337499856948853,383.11554861068726,239.6395379304886,0.503786563873291,428.9921016693115,274.4494105577469,0.5393314957618713,381.3008155822754,265.41898226737976,0.4031003415584564,427.72332763671875,323.95213079452515,0.5140557289123535,378.4376583099365,290.4321036338806,0.3175284266471863
148,26.890199980698526,62.879142915743444,30.839461580364784,59.14101758392161,108.49835359418368,159.34132794418858,165.99767970743503,170.70590080924507,,408.57463026046753,170.77822363376617,0.5986588001251221,417.2683506011963,167.57554805278778,0.5971628427505493,402.72599744796753,167.97473573684692,0.5070957541465759,425.6323928833008,169.59977805614471,0.44115501642227173,392.8419990539551,171.29866909980774,0.46745362877845764,441.15362071990967,187.24838382005692,0.5224395990371704,375.59244441986084,188.0760052204132,0.4307958483695984,459.8627052307129,203.7989314198494,0.3145768344402313,367.62290382385254,206.99989753961563,0.383355051279068,429.4845085144043,213.4612620472908,0.36592158675193787,378.7945547103882,216.82690626382828,0.3514946699142456,427.00731086730957,242.44074654579163,0.7187269330024719,382.91016006469727,240.13285994529724,0.4768237769603729,430.4375295639038,273.59747207164764,0.5292419791221619,380.256308555603,265.38006353378296,0.39607927203178406,427.79464626312256,323.83563101291656,0.4729732573032379,379.7334990501404,291.25794434547424,0.23468710482120514
149,30.552599986549467,65.03560974802286,35.55832299438039,54.59200079366238,,156.95388319175362,165.96194729174888,164.9964528415086,,408.25425243377686,170.5180436372757,0.5794362425804138,416.8495874404907,167.3250550031662,0.6102719902992249,402.2963924407959,167.70236158370972,0.5147711634635925,424.9517068862915,169.31689071655273,0.40382206439971924,393.20731115341187,171.1069672703743,0.4492320716381073,439.8388509750366,187.01460075378418,0.46872347593307495,378.62538146972656,188.96868586540222,0.43556421995162964,460.92510509490967,203.30381447076797,0.310446172952652,367.8792667388916,208.15703183412552,0.3984905481338501,430.5212821960449,212.54454922676086,0.36669015884399414,374.27908992767334,219.6668341755867,0.2769309878349304,427.3204860687256,242.46442258358002,0.7044281959533691,384.2682719230652,240.0156763792038,0.4821855425834656,433.08374881744385,274.1013927459717,0.5418203473091125,380.7017340660095,266.29069352149963,0.40286433696746826,428.9720859527588,324.335107088089,0.4392394423484802,377.6318235397339,290.8153078556061,0.1837485134601593
150,23.098999983631074,63.713183968723065,31.019123985008022,48.250950273129405,,160.0276552727721,157.3303061472503,169.93049535519302,,408.03299283981323,170.62482798099518,0.5713715553283691,416.88901233673096,167.73841696977615,0.5996959209442139,402.98091983795166,167.82030016183853,0.5230609178543091,424.2312927246094,169.71670520305634,0.38700205087661743,393.812255859375,170.9461069703102,0.4444730579853058,438.31396675109863,186.93955540657043,0.4282567799091339,378.46482610702515,189.3553517460823,0.5420653223991394,461.8328380584717,205.76089429855347,0.4716295003890991,370.95880603790283,207.0427052974701,0.37915098667144775,439.1474494934082,209.59045779705048,0.4147920310497284,381.85978984832764,216.21645766496658,0.299865186214447,426.5847568511963,240.3659164905548,0.6900460124015808,385.37163829803467,238.35027652978897,0.6271350979804993,430.913610458374,272.85206151008606,0.5405675768852234,378.3182716369629,265.3405179977417,0.406779021024704,428.7549457550049,322.7044520378113,0.4695012867450714,376.15495681762695,288.8249536752701,0.2630288004875183
151,24.749700038228184,68.91592994237779,38.935666005613946,26.01921168065443,,166.76505804825672,146.56292638309162,176.73074853777865,160.0667610323944,407.7885584831238,174.20906955003738,0.533280074596405,416.0946764945984,171.7412770986557,0.5725123286247253,402.11066579818726,171.52762293815613,0.42019370198249817,423.4243712425232,172.55728840827942,0.4584881663322449,393.02120542526245,172.51150333881378,0.5097002387046814,436.38679695129395,187.46086984872818,0.40514877438545227,371.20880031585693,189.38211905956268,0.44108301401138306,464.62113857269287,204.34811007976532,0.49591076374053955,362.54068088531494,207.89914536476135,0.4443044662475586,436.2862129211426,201.93645918369293,0.34838905930519104,387.3357563018799,207.21648627519608,0.2692181468009949,426.80432319641113,242.9375159740448,0.7022123336791992,383.9834270477295,241.1934666633606,0.6421151161193848,428.59107971191406,272.7053327560425,0.5236473083496094,375.5455894470215,264.9073975086212,0.44257599115371704,428.73295879364014,321.76493215560913,0.4429664611816406,375.7067766189575,291.53897976875305,0.3272467851638794
152,26.071500033140182,78.42612692071783,52.48811852918003,,,150.62591285800218,157.7455283771752,169.87618067215084,,406.7015686035156,170.81474912166595,0.4955498278141022,416.94756841659546,168.19665229320526,0.5682327747344971,403.84568977355957,167.52234107255936,0.5624557733535767,422.11306381225586,170.1019607782364,0.33267268538475037,393.5419931411743,169.4787054657936,0.4890671968460083,439.37146377563477,188.44130283594131,0.4532424211502075,378.8318567276001,188.05016386508942,0.5678900480270386,464.0674715042114,202.68226861953735,0.5681681036949158,363.3585958480835,203.16198617219925,0.47653883695602417,441.27108669281006,194.77487087249756,0.2575836181640625,382.1596212387085,190.98549395799637,0.2907536029815674,421.4564371109009,242.30826330184937,0.6307427287101746,385.1207594871521,240.7040479183197,0.668590784072876,428.55231189727783,278.8882260322571,0.5368335843086243,376.03200674057007,273.60317027568817,0.3955308496952057,429.20474338531494,322.6460739374161,0.4919723570346832,380.61277532577515,305.13341307640076,0.2791137397289276
153,23.873400001320988,73.16754160675116,72.72874626128915,,,154.53847395543067,159.16890458423856,169.38654655266507,179.7853826486946,404.5032768249512,169.4311824440956,0.37525007128715515,412.84376525878906,166.1352842450142,0.5996253490447998,401.0435400009155,166.7394505739212,0.595951497554779,420.763165473938,167.14633083343506,0.49237489700317383,391.7747721672058,168.5255811214447,0.5161891579627991,438.7828702926636,184.57005697488785,0.6090219616889954,377.2799563407898,183.74850416183472,0.6636537909507751,462.78975105285645,199.56939673423767,0.6563610434532166,347.0759620666504,196.8574932217598,0.3897094428539276,442.6757755279541,187.21201503276825,0.2476138025522232,367.9920825958252,184.41678953170776,0.277254581451416,422.8820261955261,243.2388939857483,0.6884568929672241,383.5716643333435,241.75596487522125,0.55833899974823,429.02904987335205,277.07346200942993,0.5722408294677734,376.35465908050537,269.3818552494049,0.4178217649459839,428.78486824035645,321.2997307777405,0.4643665552139282,370.16565799713135,293.44081234931946,0.44184061884880066
154,26.895200018770993,80.8031192750914,81.10953259458346,,,151.40629517585262,147.4639973128012,167.1522975997543,163.44480300315584,405.8570418357849,167.94873768091202,0.3204915523529053,414.47198820114136,165.1303347349167,0.6148900389671326,404.0672526359558,164.9091019630432,0.5994250178337097,421.08192586898804,165.33920240402222,0.5145068168640137,393.27167987823486,166.16954469680786,0.6063269972801208,440.1867504119873,180.89837646484375,0.5364208221435547,378.74534940719604,180.71654677391052,0.5182604789733887,466.185245513916,193.8221738934517,0.6545973420143127,347.9706039428711,190.55839931964874,0.513039231300354,446.7274923324585,179.60089540481567,0.22663100063800812,358.2548408508301,180.15806579589844,0.2835925221443176,421.87787914276123,239.91715443134308,0.6077703833580017,387.7853012084961,238.8162044286728,0.6210248470306396,428.7381649017334,274.06737446784973,0.5464257597923279,376.33893966674805,264.9015853404999,0.3546889126300812,427.5567321777344,319.5181872844696,0.4049615263938904,372.6236991882324,294.5737292766571,0.4916914701461792
155,27.40850002737716,91.2338014258695,83.65856366599932,20.043357276102984,19.27339145556619,158.6521887855878,156.66235614905068,176.14205744068803,159.44250271811907,405.0777177810669,158.5834971666336,0.3271505832672119,412.97232580184937,156.3855004310608,0.5493103861808777,403.4385013580322,155.5244590640068,0.511427104473114,419.8314743041992,160.4149569272995,0.36462169885635376,394.2472186088562,160.40272003412247,0.42655137181282043,442.91192054748535,174.52342522144318,0.5269675850868225,374.67336416244507,173.80707550048828,0.641294002532959,470.8227252960205,181.84420710802078,0.7051714658737183,347.3169593811035,181.65827471017838,0.4794101417064667,437.44833755493164,158.69975477457047,0.3126787543296814,378.47746229171753,159.60626780986786,0.5123115181922913,423.9327754974365,241.01385927200317,0.6716370582580566,385.8694281578064,239.50092911720276,0.6462957262992859,427.47399044036865,278.3587489128113,0.4687191843986511,377.60617208480835,273.48638558387756,0.37582889199256897,428.6533508300781,321.69393253326416,0.5043720006942749,381.58856678009033,306.4350253343582,0.5175548791885376
156,29.74450000328943,93.7645503741948,110.38172951667305,32.64588283143115,34.02574027960883,164.7977276237886,151.30773212492466,174.10775710342165,159.0069274586335,407.7132215499878,162.4323490858078,0.4600321054458618,415.2709994316101,160.39508444070816,0.5534511208534241,404.8864059448242,160.3221331834793,0.43600931763648987,421.67625617980957,164.37372720241547,0.43816471099853516,399.61024284362793,162.98176991939545,0.5127601623535156,441.4430904388428,175.19182455539703,0.38119667768478394,372.9727358818054,173.89229214191437,0.5486195087432861,474.6521463394165,180.00384390354156,0.7355628609657288,342.11408615112305,168.39604669809341,0.37678849697113037,439.0132026672363,149.1425417661667,0.33285343647003174,387.0707755088806,148.4489421248436,0.5561022758483887,426.78521728515625,244.09627425670624,0.7137925624847412,385.3901629447937,242.33872020244598,0.6035581231117249,428.93048763275146,282.5527410507202,0.4354460835456848,374.45129585266113,275.2037672996521,0.3084977865219116,426.9679365158081,324.1786913871765,0.5093072056770325,376.0390830039978,310.39365315437317,0.4552517831325531
157,29.744200001005083,109.13366029980587,111.65602861113314,,54.21029593159078,165.0226203394867,150.33630260034892,177.20627673501338,163.84325907758264,405.4659013748169,166.02268773317337,0.4858834445476532,413.7494764328003,162.58967649936676,0.6399646997451782,406.0491371154785,161.61195015907288,0.5233070254325867,420.18526220321655,165.82038724422455,0.4879615902900696,394.6317377090454,164.52726531028748,0.6296672224998474,441.82298469543457,178.00703650712967,0.4625035226345062,373.3545255661011,175.7955065369606,0.46380406618118286,473.75639247894287,174.46726942062378,0.5343576669692993,348.96620893478394,170.45467960834503,0.5748974680900574,444.3646774291992,145.13254463672638,0.2585798501968384,380.7501811981201,141.9785602092743,0.5467904210090637,426.367919921875,245.9869668483734,0.7247012257575989,384.59461402893066,244.40645599365234,0.5792642831802368,427.7209014892578,281.70923590660095,0.449892520904541,374.0000071525574,272.95556938648224,0.4008682072162628,427.2635726928711,323.65377283096313,0.5098056793212891,371.0662136077881,312.87567687034607,0.4036364257335663
158,26.85119997477159,116.33379053249199,134.100941650894,55.745389831222504,78.93916852195211,170.51373325472983,147.61268434250968,176.2114202988585,175.08524404122528,406.06682777404785,166.15317660570145,0.5219757556915283,414.56825065612793,162.67674505710602,0.6429806351661682,407.0297555923462,161.51784431934357,0.5144621133804321,421.0547580718994,165.81622755527496,0.5281640291213989,396.0631899833679,163.79994654655457,0.6372219920158386,442.41405487060547,175.99706625938416,0.4392596483230591,374.22197437286377,174.6230298280716,0.48636046051979065,473.9190454483032,166.80619078874588,0.5011429786682129,355.8245487213135,162.85224974155426,0.5089427828788757,437.1572504043579,136.52153265476227,0.4620365798473358,385.10074377059937,132.1866666674614,0.6112104654312134,430.0637512207031,245.5395723581314,0.7396976947784424,388.2919616699219,243.84358739852905,0.6306546330451965,429.65989875793457,285.15297400951385,0.4426735043525696,375.48612356185913,277.38276052474976,0.4157272279262543,426.6477861404419,324.54440212249756,0.5076568722724915,363.6162223815918,318.824516415596,0.5448984503746033
159,24.994199979119003,126.75772040766024,133.9569404174975,64.65802747578701,84.70719010549612,161.87285537253922,146.17024243322598,171.45175649861775,166.01760267097262,406.2344341278076,167.0453444123268,0.5049391984939575,414.92125511169434,163.8672850728035,0.6541182994842529,407.00165271759033,162.36683398485184,0.5180726051330566,421.56826734542847,166.9015644788742,0.5460174679756165,396.6372013092041,163.9763059616089,0.6494784951210022,440.62229442596436,177.60242128372192,0.4943700432777405,373.8357367515564,175.26726877689362,0.49808070063591003,471.96296405792236,163.12851291894913,0.469463050365448,355.6985912322998,162.84219241142273,0.5491054058074951,439.3443717956543,135.88477259874344,0.4942032992839813,381.42694997787476,131.8592621088028,0.6333109140396118,426.2393341064453,245.44917035102844,0.7226458191871643,385.2917776107788,243.40901386737823,0.5655904412269592,430.18617057800293,282.029531955719,0.5117871761322021,371.05418395996094,274.9617645740509,0.4106191098690033,428.4335823059082,324.0177171230316,0.5437519550323486,363.0487060546875,318.99560499191284,0.6164790391921997
160,29.122999985702336,135.75720686010132,145.07978019914387,83.1032343266728,100.67451413431094,163.56068038528363,141.956323154034,171.85452380586668,155.9427850014896,409.1126284599304,166.38120448589325,0.585886538028717,418.19559383392334,162.18231189250946,0.6209439635276794,403.75915718078613,161.66753613948822,0.5165091156959534,425.5914011001587,165.1543241739273,0.5633836388587952,396.8022804260254,162.8225336074829,0.5873028039932251,439.21042823791504,176.44332110881805,0.4021812379360199,373.777382850647,176.5141070485115,0.4819149672985077,467.9594669342041,157.08848786354065,0.4594520926475525,357.6319274902344,160.14976251125336,0.5108908414840698,441.3926467895508,126.36103653907776,0.4945264756679535,384.0054392814636,122.07755410671234,0.5880862474441528,424.5890989303589,246.38641095161438,0.6672680377960205,385.3371162414551,244.18391263484955,0.702685534954071,427.55728816986084,283.0223870277405,0.4533798396587372,367.5368766784668,277.17400681972504,0.3959893584251404,425.03424644470215,324.1139312982559,0.4373045563697815,364.15841579437256,322.18543112277985,0.3554163873195648
161,31.200400029774755,142.78318084852822,151.55499051360215,88.74059734722805,101.87755072117409,158.64655192324398,149.84060809873137,171.1337272147278,163.2881561865953,408.8462829589844,165.54465115070343,0.5898323059082031,417.2678451538086,161.7257290482521,0.6591329574584961,403.2618980407715,161.16979801654816,0.5240113735198975,424.74755668640137,163.78706860542297,0.49808719754219055,395.6825122833252,161.215611577034,0.5875912308692932,439.0100688934326,175.18904668092728,0.3669312000274658,373.67874479293823,174.13202983140945,0.5761308073997498,466.8189754486084,152.88178873062134,0.3217678368091583,358.11882495880127,153.64591789245605,0.4852617681026459,443.49884605407715,125.08469581604004,0.5586460828781128,388.62229681015015,118.43734192848206,0.6710695624351501,421.1507930755615,246.56439435482025,0.62488853931427,384.42806911468506,243.78606402873993,0.7482157349586487,426.3253107070923,286.9268534183502,0.4852757155895233,369.9998712539673,280.6281156539917,0.5280308723449707,425.2549753189087,326.2100441455841,0.4231790006160736,366.3950457572937,324.7136387825012,0.6902390718460083
162,27.981199964415282,156.1304277954159,159.40349075084157,103.27710667926979,114.60185032836034,158.83158163438858,146.868282203128,177.8688114686873,157.0011885974427,407.3218283653259,166.92266207933426,0.5224816203117371,414.89022064208984,162.8472353219986,0.7240457534790039,404.5330729484558,162.08306342363358,0.5588629841804504,422.41911220550537,165.5617030262947,0.4952055513858795,393.6624159812927,163.3811143040657,0.6587232947349548,440.0752487182617,178.9161137342453,0.5114064812660217,374.3314542770386,176.62563514709473,0.5497406721115112,465.31991958618164,149.16482174396515,0.32640671730041504,359.11303997039795,151.47522979974747,0.40733104944229126,444.40430450439453,120.80335021018982,0.5136547088623047,386.930438041687,110.57416224479675,0.6111488342285156,419.77946376800537,247.67223918437958,0.6107296347618103,387.0400695800781,244.65523958206177,0.766629159450531,422.9267330169678,285.7691777944565,0.46502968668937683,372.4029703140259,279.90484261512756,0.6102501153945923,424.7997694015503,327.1534957885742,0.47822892665863037,372.7617874145508,325.7369222640991,0.5588154196739197
163,28.156999964267015,160.67198714408832,178.27817202620878,118.00998090032176,140.95763501615772,159.47921837381742,151.45021234509278,176.28195452898478,162.9488834332653,407.26453590393066,166.51072466373444,0.4605798125267029,411.6712031364441,162.5177794098854,0.694640040397644,400.35673809051514,161.90204572677612,0.598726749420166,425.47514820098877,164.69915163516998,0.5610283017158508,390.1591601371765,163.68055492639542,0.6073045134544373,435.85774517059326,179.49604845046997,0.5420811772346497,370.67742347717285,177.1991024017334,0.4720346927642822,457.73072814941406,146.91397416591644,0.3721022605895996,364.83379459381104,146.4390288591385,0.4764222204685211,442.6847219467163,118.75398400425911,0.44512951374053955,384.76735067367554,109.39642181992531,0.577997624874115,418.44210052490234,246.61394023895264,0.6023655533790588,385.43866062164307,243.90182304382324,0.7696786522865295,422.5839133262634,286.1896767616272,0.4304395318031311,374.3571562767029,282.3666377067566,0.6036433577537537,424.18772315979004,326.89137840270996,0.4643162190914154,375.1123957633972,326.53042566776276,0.5381662845611572
164,29.36960000079125,,171.599446985073,,155.26255919851954,157.06552959903865,147.4799924325585,170.52331167474705,153.13154392816682,405.578161239624,167.22166109085083,0.4306738078594208,409.1609492301941,163.90433764457703,0.6383254528045654,399.36535358428955,163.33404713869095,0.6439266204833984,420.54971504211426,167.11890822649002,0.579885721206665,389.4495372772217,166.0499678850174,0.5216398239135742,430.09620094299316,181.94676053524017,0.6049110293388367,371.56296730041504,180.4915674328804,0.5074431896209717,448.01769733428955,152.29534381628036,0.23736654222011566,369.7728748321533,151.3166345357895,0.3103700578212738,443.2141275405884,122.01740956306458,0.3869406282901764,385.4432601928711,110.97097805142403,0.5406201481819153,415.51778411865234,247.16823303699493,0.5096397399902344,385.1337242126465,244.82453322410583,0.7591152787208557,422.8566527366638,287.412739276886,0.41869914531707764,369.23154067993164,287.11289978027344,0.5265846252441406,423.46874952316284,328.2825094461441,0.4202229976654053,373.78286695480347,328.6031188964844,0.5439481139183044
165,32.21460001077503,,164.54481497285423,,162.51417997855822,163.72393277613952,147.5163788712381,170.30476879313167,152.5094363217879,401.34958839416504,166.36640340089798,0.4874812066555023,404.6839237213135,163.33642613887787,0.6283897757530212,395.2759051322937,162.84588199853897,0.5333396196365356,414.5431299209595,168.23665368556976,0.5386624932289124,388.9548559188843,166.68065935373306,0.5402800440788269,423.48777961730957,180.93807870149612,0.5284407138824463,368.6630640029907,180.25795531272888,0.434996634721756,439.1028690338135,152.7343477010727,0.27025702595710754,369.2604522705078,153.36253196001053,0.3162853717803955,437.00571727752686,122.06557363271713,0.3727918565273285,383.3737564086914,111.80570796132088,0.4911326467990875,415.26725912094116,246.67887127399445,0.49162134528160095,385.03223037719727,245.03018140792847,0.726875901222229,422.1175117492676,289.21562254428864,0.3887682259082794,370.66496419906616,288.4706108570099,0.4983038008213043,421.74345541000366,328.4175568819046,0.47950437664985657,376.88206815719604,326.89989721775055,0.5193143486976624
166,30.388600018341094,,,,,172.26710639815607,151.97263627626097,177.68467943764952,152.93038420801187,398.86152362823486,166.52742040157318,0.5592656135559082,402.7834162712097,163.58418405056,0.5206941962242126,392.9525656700134,163.35258054733276,0.5567837953567505,413.2075357437134,168.67833572626114,0.5197167992591858,387.41394901275635,167.31157875061035,0.5541332364082336,422.64042234420776,180.71648979187012,0.5080837607383728,366.1768946647644,181.52715903520584,0.4260769486427307,440.8141117095947,151.10523116588593,0.26089784502983093,368.6816897392273,153.03877425193787,0.29585298895835876,435.1572456359863,122.44332182407379,0.3711176812648773,381.8677759170532,112.48865908384323,0.5655051469802856,426.80129051208496,248.69760251045227,0.6432884335517883,382.38002157211304,246.19250106811523,0.7191838622093201,423.3593707084656,295.2295640707016,0.46325594186782837,370.76067066192627,292.932618021965,0.4681774377822876,422.29755210876465,326.98539876937866,0.5413410663604736,378.7669825553894,327.31276059150696,0.5037469863891602
167,24.414399988017976,,170.28512929613123,,161.6875812261494,173.2602768943566,162.6447963409212,179.02434537724858,164.70772496333498,395.69835805892944,165.04664236307144,0.5915459990501404,401.4165096282959,161.751584649086,0.45639657974243164,388.7596015930176,161.78640067577362,0.4316301643848419,413.61927318573,167.1004460453987,0.5937182307243347,380.364221572876,165.66060960292816,0.6003363728523254,420.93938970565796,179.98556691408157,0.47556740045547485,365.90274000167847,180.43145138025284,0.5337015986442566,440.1874580383301,150.7374405860901,0.2938409745693207,365.10451221466064,150.22027158737183,0.3069148659706116,428.0692558288574,115.34281826019287,0.544180154800415,376.62340545654297,112.06526827812195,0.5943257808685303,425.6217784881592,248.5358020067215,0.6884130835533142,378.98040771484375,246.30731987953186,0.749733567237854,423.15021657943726,298.4959740638733,0.42760100960731506,373.756103515625,294.9765923023224,0.47775179147720337,420.9432563781738,331.6550484895706,0.576494574546814,379.3172378540039,329.4438034296036,0.495087593793869
168,31.277799978852272,148.29461210383678,,142.25091055455422,,178.00974133757927,161.80815464467076,175.81615180771306,163.87309916780234,394.6858205795288,166.70289659500122,0.5856336355209351,401.8355760574341,163.72290682792664,0.5495250821113586,387.638165473938,163.364988386631,0.46738237142562866,411.6310706138611,168.51221883296967,0.4272162616252899,377.47745990753174,167.4492900967598,0.5981534123420715,419.3952479362488,181.3679369688034,0.4396587014198303,365.92980670928955,183.64097905158997,0.6058480143547058,435.7107105255127,151.9714721441269,0.314532071352005,370.077027797699,152.9009631872177,0.2676621973514557,430.50581550598145,118.02937188744545,0.6224889755249023,383.5486159324646,116.58192121982574,0.42701688408851624,422.5519437789917,248.94516098499298,0.7078619003295898,378.75366401672363,246.89913535118103,0.7289560437202454,423.1547656059265,299.422217130661,0.522940993309021,373.04564666748047,295.25608921051025,0.45441934466362,421.1140470504761,332.79124188423157,0.5473941564559937,378.79326581954956,329.9938225746155,0.5682992339134216
169,27.71799999754876,,157.464073300952,,163.78890552919478,177.2620054977011,160.35486044719985,176.20975649538082,163.00741723740302,387.74011421203613,167.60309886932373,0.3309526741504669,395.2377943992615,163.8390789628029,0.6442329287528992,384.3431034088135,163.4565727710724,0.5754050612449646,404.1566915512085,169.51484632492065,0.36775994300842285,372.98961782455444,169.22945177555084,0.411018043756485,421.3576979637146,184.48670649528503,0.6053915619850159,358.76979064941406,184.87777423858643,0.5850045084953308,437.16184997558594,154.56123465299606,0.2934723496437073,362.6071472167969,153.0325632095337,0.3081524968147278,428.8020029067993,120.05063170194626,0.6441724896430969,373.64920139312744,127.12243056297302,0.3062609136104584,419.91269969940186,249.79068899154663,0.6938538551330566,376.1412844657898,246.82448887825012,0.6214599609375,421.2455897331238,301.71674144268036,0.5901429653167725,372.4802532196045,299.4404228925705,0.5007473826408386,419.9184112548828,334.47768235206604,0.5551077723503113,380.253680229187,333.0777760744095,0.5992811322212219
170,24.480200023390353,,,,,173.54928325157238,160.132816670698,175.03516279160058,158.49701203356383,387.6021776199341,167.49959099292755,0.4503215253353119,394.1916446685791,164.00055181980133,0.6612695455551147,382.69006299972534,163.76270878314972,0.613937258720398,402.1341438293457,169.73382830619812,0.338502436876297,371.7523078918457,169.55604434013367,0.4299217462539673,418.84888458251953,184.66265279054642,0.6462008953094482,356.9291281700134,184.7887398004532,0.5781519412994385,436.77017879486084,163.31171017885208,0.25684887170791626,354.75974798202515,176.9451619386673,0.2131524533033371,431.7431001663208,125.91211777925491,0.6212419867515564,372.709979057312,141.02262949943542,0.4255805015563965,416.6258006095886,248.16145849227905,0.6216593384742737,372.96704959869385,246.80847692489624,0.5834120512008667,420.55087757110596,298.64686250686646,0.5593485832214355,368.2754364013672,296.7338899374008,0.4305507242679596,420.23517513275146,333.48368763923645,0.5581887364387512,378.39911794662476,331.72903966903687,0.620041012763977
171,22.297099989373237,,127.4151403293599,,81.38579708798333,171.57255377430118,177.45580125180348,176.97725434819446,166.70033515818804,385.8730926513672,168.95280396938324,0.3036203384399414,393.0210032463074,164.76698875427246,0.6232470273971558,380.4607620239258,164.7468740940094,0.6633520126342773,403.5180335044861,167.98715782165527,0.50289386510849,369.22403478622437,168.96915781497955,0.38031521439552307,417.54614448547363,183.83394873142242,0.6679167747497559,353.5834708213806,183.92143040895462,0.5763587951660156,438.7496118545532,174.3486755490303,0.18796652555465698,346.11134099960327,180.6221560239792,0.3071907162666321,445.15656185150146,133.7774200439453,0.3594591021537781,370.17081356048584,142.76568162441254,0.3554634749889374,414.027295589447,247.39305567741394,0.7392533421516418,368.77347898483276,246.7498424053192,0.6823357939720154,418.58390378952026,296.90079033374786,0.6236149072647095,378.3005304336548,295.54684007167816,0.43337857723236084,419.99036169052124,332.9243804216385,0.576145589351654,376.8703417778015,331.91047048568726,0.6192901730537415
172,19.436199974734336,,,,,165.92435330498384,176.13351253877298,171.16760173475564,164.820769272197,389.2949209213257,169.12979018688202,0.4054356515407562,392.7366132736206,165.44790989160538,0.6403916478157043,379.05951023101807,165.53869652748108,0.6921669840812683,403.02337741851807,167.51218402385712,0.546186089515686,368.058144569397,168.66458880901337,0.37280136346817017,415.3944044113159,182.7087386250496,0.6725475788116455,352.49946308135986,184.11381602287292,0.5631385445594788,439.06678009033203,172.29206550121307,0.17906157672405243,347.1569094657898,187.80346012115479,0.27092310786247253,446.2336196899414,133.5051028728485,0.3801685869693756,374.9330630302429,151.22898191213608,0.2770143747329712,411.45575618743896,247.04634845256805,0.7437596321105957,365.1767406463623,246.32657980918884,0.6352881193161011,420.30088329315186,294.43583273887634,0.6540541052818298,377.7545714378357,292.0395669937134,0.46135851740837097,421.4431185722351,332.035147190094,0.5570516586303711,377.8952121734619,331.367146730423,0.661870002746582
173,20.44180000666529,,,,,169.9456245184798,178.55205825088996,173.77620798642212,171.21650347510146,385.72547674179077,168.24270802736282,0.36967360973358154,388.20310401916504,164.67899423837662,0.5908958315849304,376.0786089897156,164.75421053171158,0.6433411240577698,399.62942457199097,166.71868062019348,0.620724618434906,370.9225401878357,167.04327881336212,0.5773442983627319,415.6613311767578,179.73699700832367,0.6409629583358765,350.4640517234802,180.80367231369019,0.5170754790306091,440.69133853912354,163.3584496974945,0.2093832641839981,346.59229946136475,177.38866740465164,0.2404480278491974,438.8789052963257,125.8385254740715,0.62444007396698,366.95599126815796,140.77837598323822,0.21994636952877045,412.7201075553894,248.33895754814148,0.7394445538520813,365.2629699707031,247.2705157995224,0.6387354731559753,418.95881938934326,295.099702000618,0.614422082901001,373.9193630218506,291.3750709295273,0.4660986661911011,419.8656425476074,332.8629252910614,0.5948919057846069,375.52122688293457,330.9004068374634,0.6457489728927612
174,21.847399999387562,,170.2996502124583,,158.54650207567647,167.83417987236967,177.12084463259757,172.11480968706422,177.279987730699,387.67983961105347,169.27288633584976,0.3643590211868286,389.07780599594116,165.5626859664917,0.6052957773208618,376.79960441589355,165.9710762500763,0.6257685422897339,401.5396113395691,169.2635270357132,0.465577095746994,371.0487251281738,170.15029579401016,0.4813574254512787,416.11962032318115,181.51855474710464,0.6348450779914856,350.43749046325684,182.34992271661758,0.5224520564079285,436.74344062805176,166.8951539993286,0.21602417528629303,349.04098987579346,152.46844100952148,0.463069885969162,433.2595434188843,121.99158245325089,0.6792712807655334,360.98895740509033,117.32678332924843,0.6035111546516418,412.7833642959595,249.16978418827057,0.7148939371109009,364.85049962997437,248.03467345237732,0.6145210266113281,419.7896990776062,291.7566511631012,0.6272599697113037,372.161922454834,291.7403258085251,0.4945603907108307,420.79308795928955,331.1965425014496,0.5847680568695068,376.76826667785645,330.503014087677,0.6197636723518372
175,20.665799966081977,,178.76425479523897,,155.07997249483356,170.02371135717266,179.5975383045324,176.53965999358346,171.0242735581991,388.27123832702637,168.16280496120453,0.3720951974391937,390.6492419242859,164.6808888912201,0.6989296078681946,377.78750133514404,165.0363428592682,0.6249409317970276,403.7181148529053,168.18915915489197,0.5328303575515747,367.4747824668884,168.658349275589,0.35709020495414734,417.8368272781372,181.56415462493896,0.6094261407852173,351.38770627975464,182.01787412166595,0.5239917039871216,441.9113368988037,160.84232223033905,0.2689429521560669,344.7551245689392,148.38875484466553,0.4788497984409332,434.72539138793945,121.53850400447845,0.7271864414215088,352.52473545074463,116.66797834634781,0.4956495761871338,413.1108183860779,249.25069868564606,0.7234714031219482,365.98623991012573,248.45537185668945,0.6343412399291992,417.34323263168335,289.6396828889847,0.6076142191886902,374.76730155944824,289.801141500473,0.49005815386772156,419.10633420944214,329.6698226928711,0.5751093626022339,376.84095001220703,329.1759878396988,0.545195996761322
176,21.784899989143014,,174.94008003211846,,140.91290458671534,169.05214378685562,159.3956989004743,175.4583821529268,163.7359901131029,386.0963740348816,168.4564334154129,0.39031144976615906,387.4088439941406,164.9337182044983,0.6377097964286804,375.97279357910156,165.1423152089119,0.6088560819625854,400.486385345459,168.80621767044067,0.44805750250816345,366.63035678863525,168.59438693523407,0.35404375195503235,414.58477878570557,181.5666475892067,0.6116689443588257,349.38752460479736,181.2932477593422,0.4581947326660156,435.65667819976807,170.29384779930115,0.21522898972034454,339.29457426071167,154.67447221279144,0.3005278408527374,431.07798194885254,125.50636291503906,0.558467447757721,351.23554134368896,118.61486235260963,0.6182453036308289,408.14012241363525,247.41872608661652,0.7253849506378174,367.71742248535156,246.48151397705078,0.7603973746299744,411.7692346572876,286.1107851266861,0.5614651441574097,364.34174156188965,285.86385345458984,0.5382158160209656,418.7664713859558,326.2032063007355,0.6598028540611267,372.410071849823,326.00542163848877,0.5125481486320496
177,22.45510002830997,,161.00610119820328,,102.95739756015891,158.40577530799084,159.18021002437092,172.6375146894714,165.75640926752476,384.2614231109619,168.51877176761627,0.48951226472854614,386.5996985435486,164.64182770252228,0.6343560814857483,376.18202352523804,164.85108000040054,0.580747127532959,400.60304260253906,168.25839233398438,0.4460770785808563,366.59419202804565,168.0489548444748,0.3719629943370819,416.600604057312,179.68953096866608,0.5451517105102539,348.768048286438,180.4256392121315,0.41743168234825134,436.6884479522705,157.7936691045761,0.26238366961479187,327.77600955963135,150.00456607341766,0.44504085183143616,425.72084617614746,126.72654783725739,0.5421997308731079,353.36509227752686,122.01531547307968,0.6454208493232727,406.9827742576599,246.1271996498108,0.687613308429718,367.07676792144775,245.93967175483704,0.7452027201652527,415.9588122367859,283.9303673505783,0.561828076839447,363.47929668426514,285.4226415157318,0.49478691816329956,420.11063289642334,323.468438744545,0.45831242203712463,369.91647243499756,325.89396476745605,0.5299679636955261
178,22.749499999918044,149.2898854669306,129.02005027511012,110.21750160736016,70.00781654438123,166.08604147981586,158.99931976254578,171.46347980027835,173.84336021854006,387.25233221054077,166.68611538410187,0.49933382868766785,388.20156240463257,163.36075747013092,0.652123212814331,379.3240613937378,163.303262591362,0.5936442017555237,400.5066032409668,167.2289263010025,0.408886581659317,367.1921110153198,167.6849535703659,0.3616783916950226,414.0017957687378,179.7491056919098,0.5527229309082031,345.7869448661804,181.114096224308,0.40311872959136963,431.26277351379395,158.7184306383133,0.41882604360580444,325.7708239555359,173.85402870178223,0.5317036509513855,418.8726406097412,137.60416293144226,0.5154654383659363,358.6240954399109,134.60157978534698,0.5965187549591064,404.49799489974976,242.09389686584473,0.6670169830322266,366.84820461273193,241.9911012649536,0.7362107634544373,407.8928828239441,279.0646139383316,0.5419941544532776,365.5736937522888,280.0718569755554,0.49195989966392517,418.4262800216675,322.0036869049072,0.5058006644248962,368.9052743911743,325.0125380754471,0.5451626181602478
179,24.570200010202825,87.94273662059035,101.5199569394823,37.87507825134132,,172.48421343047553,168.45986743966392,171.9874389740328,177.96525157982694,383.62829971313477,166.74856770038605,0.5310106873512268,384.83753204345703,161.23746418952942,0.4841885268688202,374.6533737182617,162.5156283378601,0.5483258366584778,394.759135723114,163.79239642620087,0.5735575556755066,364.4647421836853,164.81040906906128,0.578040361404419,414.6240267753601,175.731871843338,0.45838844776153564,350.53350019454956,179.0792248249054,0.47972357273101807,448.42892932891846,180.71284294128418,0.42000874876976013,323.30777883529663,180.15208268165588,0.5675814151763916,420.4144067764282,151.44133973121643,0.5633866190910339,353.62704038619995,159.48405557870865,0.22660908102989197,407.3089647293091,241.7305223941803,0.7021809816360474,366.0496230125427,242.36117112636566,0.7496677041053772,408.11406660079956,280.4518132209778,0.5573075413703918,367.6412010192871,283.11509680747986,0.5233372449874878,415.35204792022705,325.12220001220703,0.6104002594947815,370.7558436393738,324.81882762908936,0.44055548310279846
180,28.652500011958182,87.11266223129707,92.6366966151846,,,168.16910521701297,174.08132576883443,171.40689582637046,176.3547260618732,389.71833419799805,166.25809478759766,0.4212636351585388,393.8271918296814,163.06718599796295,0.6031801700592041,381.09315252304077,162.4767380952835,0.6211420893669128,403.0669975280762,165.82651281356812,0.5141642689704895,369.62220096588135,164.53106886148453,0.6483791470527649,422.0184440612793,180.71795707941055,0.5717970728874207,348.41792488098145,178.37424302101135,0.5232527256011963,463.39841079711914,191.56089860200882,0.575559139251709,318.06115913391113,184.47741842269897,0.5828337669372559,441.4493579864502,177.2370524406433,0.2817397117614746,354.63894605636597,170.87301325798035,0.299875408411026,409.2688875198364,241.76813054084778,0.7438464760780334,364.3439402580261,242.22925770282745,0.7808773517608643,409.29375553131104,282.5571286678314,0.5678308010101318,370.24278926849365,283.7510448694229,0.5388698577880859,415.6906976699829,324.7154052257538,0.5844945907592773,373.59878301620483,326.9674779176712,0.5507688522338867
181,31.886300013866276,80.35252158629956,79.41550016075955,35.94479074494836,,172.48069367713126,175.8476065677812,157.62866680159416,177.363092993716,386.86869764328003,166.0706096291542,0.4524475038051605,391.57711696624756,163.12337028980255,0.6436256170272827,379.35896253585815,162.95060074329376,0.6246845126152039,402.2789797782898,165.436185836792,0.6194469928741455,371.78655195236206,165.07405072450638,0.5719874501228333,417.0153741836548,183.57959514856339,0.6276501417160034,348.88409900665283,179.26884680986404,0.5496577024459839,454.48661518096924,197.11307191848755,0.4717540442943573,326.2537031173706,188.7556157708168,0.5240004062652588,449.1673879623413,189.2851926088333,0.4706553518772125,358.2237558364868,179.51301485300064,0.28176045417785645,406.75312423706055,240.5537008047104,0.6945556402206421,362.32551193237305,241.65308380126953,0.7614278793334961,404.7379813194275,283.4214607477188,0.502313494682312,368.3890104293823,284.7601683139801,0.5159900188446045,418.85479831695557,322.8917520046234,0.3671334981918335,372.33769178390503,326.7686960697174,0.5792189836502075
182,29.171600006520748,75.46619999898978,76.45626237316989,59.351587090906754,,169.64562496107328,175.24769609968763,160.08073015945718,178.8370152345596,386.90680837631226,167.13298279047012,0.4468272030353546,393.4094648361206,164.50829029083252,0.7121064066886902,380.5886149406433,164.43180614709854,0.698684811592102,404.0223436355591,166.73212838172913,0.567255437374115,369.03279876708984,166.34428012371063,0.5504705309867859,418.11110830307007,186.0045798420906,0.6515827775001526,351.2925810813904,183.11341083049774,0.5875662565231323,449.5874652862549,201.9846374988556,0.5293413996696472,322.95507764816284,195.33363676071167,0.4596252143383026,449.1156301498413,194.7514227628708,0.3616272509098053,348.15246391296387,189.2872012257576,0.263431191444397,405.9388484954834,241.4484043121338,0.7115220427513123,361.44365787506104,241.98090147972107,0.7744839787483215,404.4464645385742,283.59368896484375,0.5168015360832214,365.1873550415039,284.5020396709442,0.5417109727859497,417.24206733703613,323.23033928871155,0.3583453893661499,368.0989089012146,327.5585811138153,0.6271102428436279
183,24.651600047945976,73.59570346783873,73.33754046063136,,,176.6832181218023,173.416822364654,153.46902706698327,179.30686536629375,382.35477447509766,169.79673647880554,0.3044092655181885,392.2933864593506,165.7009101510048,0.6948814988136292,378.41903257369995,165.89571750164032,0.678218424320221,404.4816436767578,167.7033160328865,0.5672341585159302,368.27331352233887,167.62906843423843,0.49193140864372253,417.7470598220825,187.91144108772278,0.5928698778152466,349.1771068572998,186.47622019052505,0.6224819421768188,444.0211248397827,200.79877001047134,0.37283554673194885,322.8690757751465,200.61711126565933,0.47049570083618164,425.47368240356445,203.6584564447403,0.2897301912307739,338.36381816864014,195.8375004529953,0.2990969717502594,408.43090629577637,242.27903151512146,0.7200039029121399,360.6794214248657,242.53040778636932,0.7568936944007874,403.70305252075195,284.3843717575073,0.4726092517375946,364.52155447006226,286.3322458267212,0.4713590741157532,417.45938444137573,321.92602038383484,0.34186291694641113,368.6378927230835,327.5284376144409,0.6456461548805237
184,23.0835999827832,58.10847801459767,,59.94575435695723,,173.75444605018293,166.22200488468468,162.73870721603913,169.53142382970128,381.4725413322449,167.61409640312195,0.5584455728530884,389.6943759918213,164.15635496377945,0.692997395992279,374.99988317489624,164.6097610592842,0.6258624792098999,403.3114318847656,167.64763033390045,0.6164374947547913,370.81894874572754,167.43041479587555,0.5042673945426941,416.98820638656616,189.13948953151703,0.5900417566299438,345.6291694641113,187.80293303728104,0.6438183784484863,438.62269401550293,207.23117339611053,0.4810720980167389,330.4121198654175,205.41709315776825,0.2893289625644684,419.12240743637085,214.34486830234528,0.38359683752059937,367.04960012435913,211.90375769138336,0.2903158664703369,409.508798122406,242.27555561065674,0.7021157145500183,359.8629217147827,242.4286663532257,0.7248802781105042,408.2347421646118,283.58052611351013,0.4362916350364685,360.4875535964966,285.71501636505127,0.3845226764678955,417.564820766449,317.2361135482788,0.3409668803215027,368.3328552246094,324.99364852905273,0.6022720336914062
185,22.801199986133724,55.24313451220618,51.62792189740593,76.37173351195156,,167.19130198576977,168.20608533360604,,170.18630323914718,380.81700134277344,170.1162632703781,0.5131304264068604,388.8180818557739,166.03851449489594,0.6518917679786682,374.06106519699097,166.176311314106,0.5806440114974976,402.1108932495117,169.44206601381302,0.5445894598960876,368.96542263031006,169.7510083913803,0.4521106779575348,417.89864349365234,190.24414336681366,0.5848665237426758,346.1181139945984,188.9240119457245,0.5942853093147278,438.19164848327637,211.14059722423553,0.488030344247818,331.9941954612732,206.672065615654,0.3935658633708954,422.8279685974121,220.20219469070435,0.38589829206466675,359.06279850006104,219.23962557315826,0.2600023150444031,407.42632961273193,243.70845448970795,0.7433284521102905,358.90846014022827,243.82164931297302,0.7533228397369385,408.56495094299316,281.48979806900024,0.43042123317718506,359.82524061203003,283.57217824459076,0.41875454783439636,405.2656936645508,318.2282563447952,0.2509939968585968,367.1419200897217,320.7457513809204,0.4889008700847626
186,21.165100042708218,47.60577053863509,49.21601216149622,84.53525364441539,99.63718897371703,163.82832339559133,159.4888636424229,174.96999922505213,161.9284190859887,380.667085647583,171.6916742324829,0.6001960635185242,389.0354242324829,167.68902778625488,0.5889493823051453,374.2672119140625,167.9333097934723,0.5577298402786255,402.86547565460205,171.62688565254211,0.4813138544559479,369.7924609184265,170.9297958612442,0.47692394256591797,419.88735151290894,189.8026607632637,0.5925952792167664,344.09265995025635,189.6447635293007,0.527975857257843,436.5217514038086,212.72612249851227,0.5077422857284546,333.3020911216736,207.09410309791565,0.36935433745384216,414.8543338775635,225.49009954929352,0.42657190561294556,354.13878059387207,225.444471180439,0.34545108675956726,408.76172161102295,243.81452655792236,0.7504065036773682,361.36331701278687,244.47497689723969,0.7723245620727539,411.5213632583618,278.62736225128174,0.46827754378318787,359.28014087677,283.862273812294,0.40437373518943787,417.8960909843445,316.4679956436157,0.3772914409637451,369.2991695404053,321.1391268968582,0.4791170358657837
187,24.313699977938086,54.18128111727742,57.65229000343987,78.53069443036053,87.0383393623529,166.20923938491225,158.50235405501095,174.41801289910137,160.56554905440066,381.5985999107361,171.64383780956268,0.6083315014839172,389.3521628379822,167.50047421455383,0.5829508900642395,374.8529243469238,167.67763137817383,0.5838602185249329,403.6696677207947,170.44527757167816,0.4916546940803528,370.38780212402344,170.4132536649704,0.45059865713119507,418.77930974960327,189.52401858568192,0.5685407519340515,346.5310392379761,189.3986580967903,0.6006594896316528,439.13390350341797,210.90662896633148,0.5359499454498291,330.8812003135681,206.5380581021309,0.3513662815093994,416.10569524765015,225.36325752735138,0.43640846014022827,352.92601013183594,224.6699000597,0.3233184814453125,408.746684551239,243.1731082201004,0.7308386564254761,361.34754705429077,243.73244392871857,0.7645811438560486,410.5874481201172,276.112744808197,0.4268564283847809,357.3655061721802,280.1257050037384,0.3843900263309479,416.6402816772461,315.2998068332672,0.35405921936035156,366.4693465232849,318.9701340198517,0.5253827571868896
188,21.278300031553954,60.223580168231756,60.20173814738413,83.04206195062773,72.1033246511699,158.828693456381,165.1028916106065,173.53281128416543,158.72425294232337,382.65733528137207,171.22957837581635,0.5883437395095825,389.54991912841797,167.07478988170624,0.6081429123878479,375.4662342071533,166.95076847076416,0.6116055846214294,403.0055351257324,170.12191873788834,0.4988846182823181,370.9122290611267,169.7951837182045,0.4405386447906494,419.4672236442566,189.8956981897354,0.5555943846702576,350.2671546936035,189.40625095367432,0.5447372794151306,440.1835660934448,210.72224932909012,0.5501819849014282,328.2595205307007,207.68962240219116,0.35787272453308105,426.1241931915283,221.66325694322586,0.48553189635276794,348.08925771713257,220.2663849592209,0.3509959280490875,405.2137084007263,241.72904086112976,0.6910728216171265,359.57120275497437,242.60277497768402,0.7432238459587097,408.548321723938,274.58206474781036,0.43946540355682373,356.4243884086609,278.74212408065796,0.40333428978919983,417.3748483657837,315.1904298067093,0.3807847797870636,368.35711669921875,319.550724029541,0.5047814846038818
189,21.220399998128414,62.864566082203,67.92088951885246,80.12522466728812,41.1302180091399,162.19775604038963,167.61171499854987,167.2379798893357,164.533989551887,386.64369773864746,169.88943201303482,0.5295557975769043,391.7663564682007,166.49496912956238,0.6419387459754944,378.1182155609131,166.21339237689972,0.651839017868042,402.3812823295593,168.42785692214966,0.5692223310470581,367.98154401779175,168.4867763519287,0.386211633682251,416.54300832748413,189.05680859088898,0.6449574828147888,348.40564250946045,188.35161310434341,0.5958479046821594,439.17656326293945,209.41097861528397,0.37505197525024414,322.9365530014038,205.468519449234,0.40371349453926086,428.36848068237305,217.90402352809906,0.5145235657691956,354.26509189605713,209.44096541404724,0.3280447721481323,403.1391248703003,239.68344259262085,0.6627212762832642,359.2821626663208,240.3031792640686,0.7218382358551025,405.04127502441406,276.3101875782013,0.4419915974140167,358.8810648918152,281.07080912590027,0.48252400755882263,416.7832221984863,317.9859972000122,0.34485122561454773,369.30781269073486,320.2510333061218,0.4356174170970917
190,21.79899998009205,78.79504470883775,79.14139143661536,54.532891475829445,,172.98298115460008,168.131129508414,161.30800140121602,165.56431849331128,383.73383712768555,169.51937639713287,0.32536080479621887,392.70054960250854,166.62505912780762,0.6510734558105469,380.02898359298706,166.67847979068756,0.6545172929763794,402.7256689071655,169.5649192929268,0.49165835976600647,370.1574192047119,169.68995213508606,0.46445122361183167,415.7905993461609,188.69645416736603,0.6376376152038574,351.18150901794434,188.43701493740082,0.5631283521652222,449.7141809463501,201.20617735385895,0.42993929982185364,318.3186845779419,201.75612527132034,0.44559964537620544,434.93510150909424,211.28432017564774,0.356923907995224,339.68015480041504,203.08449059724808,0.22840917110443115,407.4968900680542,240.8423433303833,0.7155447006225586,361.6031265258789,241.05163836479187,0.7313877940177917,406.0908365249634,280.7059531211853,0.41001129150390625,361.0994482040405,284.4425789117813,0.47506195306777954,416.9082193374634,316.8264696598053,0.35776394605636597,370.0139479637146,320.81640911102295,0.4266451299190521
191,22.830400033853948,72.95305780752805,77.21250912749508,66.67974113808607,,174.16163282716326,174.40335517007532,163.35933603690785,174.72408282250288,383.35793590545654,169.34308820962906,0.3255114257335663,393.2651343345642,165.71521264314651,0.7149069309234619,379.73124980926514,165.75901758670807,0.6719735860824585,403.7386360168457,167.6848396062851,0.5512828826904297,367.99845123291016,167.19919592142105,0.4990782141685486,416.33296966552734,187.96548855304718,0.646938681602478,348.2221145629883,185.6187544465065,0.666679859161377,449.4484672546387,203.4749457836151,0.5412262082099915,323.4174609184265,197.74497425556183,0.46168965101242065,449.5973720550537,198.67134553194046,0.436083048582077,338.2769823074341,192.7005821466446,0.24667988717556,408.5987148284912,242.65927267074585,0.758771538734436,361.6387858390808,242.5302083492279,0.775053858757019,407.1685767173767,279.71033442020416,0.4697352945804596,367.15311574935913,283.4850242137909,0.5742772221565247,417.39466190338135,319.4513473510742,0.3576894998550415,368.894154548645,325.1551356315613,0.6066582798957825
192,25.838100002147257,77.08869517108147,85.10938892404104,78.32141937361142,,174.097574401819,174.11622145531638,154.1268796588737,170.96218885637194,384.24845838546753,169.49669754505157,0.3342917263507843,394.6949439048767,165.52872467041016,0.6551924347877502,380.2548933029175,165.26750475168228,0.6654033660888672,404.7365913391113,167.18000721931458,0.5628907680511475,367.65060234069824,166.2607017159462,0.5179627537727356,419.9274082183838,187.22836887836456,0.6191794276237488,347.6133031845093,183.65082269906998,0.6052708625793457,452.2835216522217,202.67228251695633,0.5572831034660339,317.4449682235718,194.53343796730042,0.5244168043136597,454.5428714752197,193.49947035312653,0.39144861698150635,351.6253423690796,184.61890482902527,0.22242054343223572,407.47510528564453,242.9170024394989,0.7426328659057617,363.4743685722351,243.07210755348206,0.7815012335777283,402.5404224395752,284.91191148757935,0.485024094581604,370.53407859802246,287.33783638477325,0.5354794859886169,415.3751974105835,321.8280682563782,0.3078240752220154,370.55083417892456,327.87873470783234,0.5532302260398865
193,21.906000038143247,81.38098924280777,86.13982401305303,38.27050459428209,,171.88051036621388,171.1885384725556,165.43015701527594,174.78273878010052,382.8026514053345,169.89420425891876,0.3379116952419281,393.3867449760437,165.6859238743782,0.5758700370788574,377.3524122238159,165.47607326507568,0.5750116109848022,406.078528881073,165.11876738071442,0.5747811198234558,367.90044498443604,165.80292224884033,0.6658910512924194,421.8718137741089,181.8734958767891,0.5876610279083252,346.64883375167847,177.45546460151672,0.4999638497829437,460.72408866882324,195.51381397247314,0.56917804479599,315.6102194786072,188.9867206811905,0.439654141664505,454.0385866165161,184.97274905443192,0.39148929715156555,347.4273490905762,172.7624522447586,0.2737722098827362,410.7269010543823,240.70866346359253,0.7145633697509766,365.6760973930359,241.60604512691498,0.7645328640937805,409.05548763275146,277.4208245277405,0.5719178915023804,371.0535521507263,281.33124554157257,0.5301661491394043,417.33312368392944,316.48771142959595,0.42100217938423157,372.7798824310303,321.00100243091583,0.4858328402042389
194,26.12499997485429,92.63955072678044,102.01665734096919,34.507323703786504,29.20061731371723,171.31872623544032,176.02232690303308,170.60465130565612,163.6853575174045,384.21077728271484,171.37187677621841,0.375126451253891,393.8633060455322,167.59563422203064,0.486062616109848,378.7532596588135,166.32900893688202,0.6516910195350647,408.1531629562378,166.53581100702286,0.5086861252784729,367.09536838531494,166.4972911477089,0.6403787136077881,422.3177194595337,184.16353285312653,0.6011191606521606,351.8426089286804,180.31564962863922,0.5414372682571411,465.817684173584,191.07633757591248,0.5269860625267029,318.5069637298584,181.54327070713043,0.5758313536643982,453.4226989746094,179.2987196445465,0.3650725185871124,337.45224380493164,170.0199921131134,0.3362849950790405,410.5677103996277,241.05611145496368,0.7057384848594666,367.27250242233276,241.62829661369324,0.7388041615486145,408.73202657699585,276.2246860265732,0.6244570016860962,374.0712752342224,279.61201190948486,0.5236992239952087,413.8091444969177,321.43543350696564,0.4279492199420929,369.2885046005249,323.8782535791397,0.4985315501689911
195,21.228800003882498,93.0484532261065,114.61500532594323,61.1434049142861,,163.01999706125625,162.72069056278647,177.95868256165454,179.51755275211391,383.17380142211914,166.8604946732521,0.2742772102355957,390.12125158309937,163.1323876976967,0.6427189111709595,379.41554737091064,163.70985794067383,0.5983814597129822,399.87365674972534,164.81979686021805,0.6106838583946228,369.6831579208374,165.77588427066803,0.5369676351547241,416.06755924224854,178.37418603897095,0.5566191673278809,347.5639967918396,178.96000415086746,0.36785176396369934,451.45908641815186,181.62858706712723,0.4554886817932129,324.18627166748047,176.54181456565857,0.5003889799118042,437.72173404693604,150.18918788433075,0.4397495687007904,337.047532081604,158.50979089736938,0.24715039134025574,406.8547697067261,241.5080645084381,0.6834642887115479,369.05104541778564,242.40669977664948,0.7318611741065979,412.16115856170654,276.2758274078369,0.6519483923912048,370.0270643234253,281.50390112400055,0.5100395679473877,417.3187942504883,320.6051766872406,0.5392749309539795,370.7061834335327,322.563250541687,0.4741753041744232
196,20.569999993313104,107.05992135298115,121.25160289725846,77.40328296783018,72.24710732139374,156.320800700784,160.2388772029314,174.56174835661116,177.05571293126314,386.56459522247314,165.67200601100922,0.43804609775543213,393.7141737937927,162.54735308885574,0.6896891593933105,384.0501208305359,162.14518809318542,0.6236456632614136,404.99037647247314,165.09531927108765,0.6020056009292603,369.81399297714233,165.11923748254776,0.5702646970748901,420.0086588859558,178.25110483169556,0.5444446802139282,351.0654077529907,177.53110826015472,0.44164058566093445,451.9296579360962,175.0249953866005,0.354177325963974,324.36861181259155,170.48000812530518,0.4771679937839508,441.8775224685669,144.7502663731575,0.45422685146331787,345.33434200286865,137.63101571798325,0.3887062072753906,407.6546401977539,240.13935589790344,0.6572446823120117,369.76999378204346,240.85277104377747,0.6985479593276978,415.40029287338257,275.3970503807068,0.650780200958252,367.65408992767334,277.4990323781967,0.5238635540008545,420.7125449180603,318.96323919296265,0.5793750286102295,367.363685131073,323.6892726421356,0.5985715985298157
197,22.20190002117306,111.25038664623428,150.3249400899588,70.97771857519669,102.92211689858378,157.85792578579662,168.37982376513057,169.945867537646,177.39593730061063,385.969304561615,166.1830494403839,0.43670517206192017,393.1308116912842,163.29331922531128,0.6732652187347412,384.4071435928345,162.45303356647491,0.5945195555686951,404.9547929763794,167.363831281662,0.5346577763557434,371.725266456604,166.09578144550323,0.5434604287147522,421.4847927093506,180.48991495370865,0.5870553255081177,356.4300494194031,178.91805112361908,0.4998454749584198,454.029842376709,173.32824116945267,0.5028807520866394,335.2749786376953,154.33196741342545,0.5258121490478516,430.05692768096924,134.1045966744423,0.569469690322876,355.37237548828125,127.04019123315811,0.4532690942287445,411.90138387680054,242.11033618450165,0.6843990087509155,368.78629207611084,242.2772365808487,0.5866549611091614,420.2182426452637,277.28745806217194,0.6417236328125,368.4084196090698,279.2903767824173,0.4767683744430542,422.6816415786743,320.6969462633133,0.5077933669090271,365.851411819458,325.18413949012756,0.5637943148612976
198,22.968599980231375,126.1892835811464,156.89745546345898,98.90419256452005,123.41681929911883,167.21197418251458,169.18685730505456,178.75016910783214,178.00794088322317,389.7932162284851,167.18979388475418,0.4652096629142761,392.14031171798706,163.39215457439423,0.696529746055603,381.8132381439209,163.00860846042633,0.627886950969696,406.02553272247314,166.82351332902908,0.5475887656211853,369.3283591270447,166.11287605762482,0.515373170375824,421.6658945083618,180.0635040998459,0.5898149609565735,351.1415786743164,179.066232919693,0.45679011940956116,454.06173610687256,161.82447892427444,0.3757134974002838,332.3402247428894,154.9484133720398,0.5077621936798096,441.9004192352295,129.2551828622818,0.5058296322822571,344.30214262008667,119.49546280503273,0.6100243330001831,413.75584506988525,246.30526852607727,0.762742280960083,368.8059034347534,245.75282764434814,0.6859881281852722,417.83510875701904,285.25762152671814,0.5909613370895386,371.6888236999512,286.74439692497253,0.48472321033477783,421.03696632385254,323.9655785560608,0.49054691195487976,373.0957365036011,326.4195101261139,0.5581845045089722
199,22.667799959890544,,165.81258023519462,,139.94654737354423,173.91077357983667,162.00864204829807,172.01988667424834,173.1970356732591,390.61100482940674,168.8940839767456,0.3728010952472687,391.2013168334961,164.45994102954865,0.6178304553031921,380.26570987701416,164.25469172000885,0.6237487196922302,406.2321090698242,167.7874215245247,0.5277005434036255,371.5807590484619,167.1964750289917,0.34504425525665283,423.36485481262207,180.05793410539627,0.5343688726425171,351.7960066795349,179.8312595486641,0.4696688652038574,450.9812870025635,160.22351151704788,0.2119649201631546,338.0175361633301,156.64244669675827,0.32162800431251526,444.0991153717041,125.04158890247345,0.44584640860557556,344.66346168518066,116.21421611309052,0.4879167973995209,414.6416163444519,245.67729794979095,0.7639857530593872,371.1568908691406,245.06382930278778,0.7015946507453918,413.6784358024597,282.8789632320404,0.5642189383506775,370.2493600845337,280.65672063827515,0.45955008268356323,418.5634078979492,325.7737041711807,0.6356068253517151,374.47714948654175,325.8672971725464,0.572455644607544
200,22.47460000216961,,154.66094233549364,,136.79401090187943,166.80232244067452,171.01265163104236,175.94426929548837,176.37127260539273,388.2732095718384,167.12312489748,0.5015019178390503,396.26686000823975,163.11062055826187,0.6639520525932312,385.1649103164673,162.8159521818161,0.6148040294647217,406.55003547668457,166.70850932598114,0.5903283357620239,373.1305112838745,165.62877088785172,0.6062012314796448,425.6137418746948,179.27978736162186,0.5059226751327515,355.28614616394043,179.29597026109695,0.565345287322998,452.15978813171387,155.74214470386505,0.2763429284095764,337.7605667114258,157.84476774930954,0.3468667268753052,447.02418994903564,124.61324065923691,0.48104405403137207,340.2726402282715,121.53111058473587,0.39337238669395447,416.7076072692871,245.69795393943787,0.7829611301422119,371.55265617370605,244.97829926013947,0.7266875505447388,420.3152379989624,282.7555401325226,0.6031343340873718,374.6172847747803,280.56267178058624,0.4568558931350708,421.47637701034546,326.9618082046509,0.6027047038078308,375.6469316482544,326.15961503982544,0.6040134429931641
201,22.85359997767955,,154.59339010555246,,130.97199112427725,169.2401646527425,174.8254152960665,175.2277090363626,170.82714418460088,389.6663236618042,167.77646672725677,0.40005457401275635,398.18371868133545,164.5004552602768,0.6167131662368774,388.23145961761475,163.74984508752823,0.5528836250305176,407.9743356704712,168.0264042019844,0.39450716972351074,376.9635715484619,166.89456993341446,0.6085891127586365,425.6554412841797,179.84229981899261,0.4978938102722168,358.85842084884644,179.36214065551758,0.5643149614334106,451.62714767456055,152.34684133529663,0.26492899656295776,340.02585554122925,155.24322420358658,0.3761509656906128,442.6894226074219,123.38637459278107,0.44628095626831055,347.6600570678711,116.13097959756851,0.48958274722099304,418.83827018737793,246.7886756658554,0.7841119766235352,373.4947872161865,244.96587717533112,0.7459294199943542,422.31827545166016,287.0064573287964,0.5549201369285583,378.724196434021,285.21753466129303,0.4878360331058502,422.4438033103943,328.54653573036194,0.5284554958343506,377.40391731262207,327.9282236099243,0.5993207693099976
202,22.8048000135459,125.85220023376777,156.64279755263362,99.2510468366084,131.22806468112816,179.6418522206696,162.22381166568783,177.11531640184384,166.87350832273754,391.1030578613281,165.7292444705963,0.5668622851371765,398.6170892715454,162.78162050247192,0.5898781418800354,385.4220314025879,162.61013305187225,0.4474419057369232,407.56798124313354,167.84199607372284,0.5523738265037537,379.33722829818726,165.61486726999283,0.624334990978241,419.0463881492615,177.43413907289505,0.36743980646133423,363.74804306030273,178.70416903495789,0.5024358034133911,453.26681900024414,150.72530341148376,0.3858223855495453,344.04353046417236,150.33296781778336,0.42868494987487793,436.3809337615967,119.90913105010986,0.4906873106956482,353.2348132133484,113.44401997327805,0.4514639973640442,421.5916442871094,246.2040114402771,0.76179438829422,377.0755281448364,244.6600260734558,0.7659825086593628,423.5386781692505,291.1990818977356,0.5331224799156189,372.46306800842285,286.0914682149887,0.4826178550720215,423.25393438339233,331.2916170358658,0.5026915073394775,377.51246213912964,328.60069715976715,0.6148087978363037
203,21.81950001977384,127.90682187152255,175.530742866575,116.6831956219174,153.7911668257082,173.02258208276035,158.60308855795986,175.7434202591892,172.0220299592921,394.7328271865845,165.15506494045258,0.6402193307876587,401.38825511932373,162.09111213684082,0.5731479525566101,388.65512561798096,161.75336533784866,0.48502016067504883,409.2030277252197,165.75367552042007,0.6668263077735901,380.83274602890015,164.35933923721313,0.6355344653129578,418.5081877708435,179.387084543705,0.43219685554504395,363.5752811431885,180.49994379281998,0.4062882959842682,445.4455261230469,154.56557953357697,0.3741285800933838,352.4441924095154,148.96071207523346,0.3330515921115875,435.07258319854736,118.33339244127274,0.5931196212768555,356.6094579696655,113.87063026428223,0.4530123472213745,423.9835729598999,245.24916338920593,0.7390650510787964,380.34814834594727,243.22795343399048,0.7564828395843506,422.34465980529785,287.4293210506439,0.4452817738056183,375.8017249107361,283.5898711681366,0.5864019393920898,423.91346740722656,331.65764117240906,0.5197889804840088,377.02326488494873,328.698677778244,0.6336437463760376
204,21.26409998163581,141.23161078472955,172.73682740913281,147.90590735618048,152.895140308233,179.12494235313076,156.50994984190683,173.6507367836119,172.16621681446907,398.293249130249,167.66956841945648,0.4151325523853302,401.7462635040283,165.01770973205566,0.5048912763595581,391.26611518859863,165.0830396413803,0.5367038249969482,414.9624490737915,169.06193882226944,0.43941229581832886,385.2274341583252,168.13206315040588,0.5415385961532593,421.38815116882324,182.1954871416092,0.5100858807563782,366.0030460357666,182.40167665481567,0.42657315731048584,441.3030309677124,154.05858182907104,0.3217789828777313,353.1629385948181,150.65363425016403,0.4396125078201294,443.11743545532227,121.56686681509018,0.4105226993560791,356.56280517578125,112.44282415509224,0.460895836353302,425.3802251815796,247.87728905677795,0.6827253699302673,382.5818214416504,245.3406195640564,0.7333305478096008,427.1445903778076,286.68613278865814,0.5386168956756592,376.68198680877686,283.7484521865845,0.5543615818023682,424.1696786880493,332.1204493045807,0.4403659403324127,375.9898271560669,327.84967386722565,0.6275176405906677
205,19.999799958895892,,178.87305587765286,,156.86873523328464,162.35095778702956,158.7224737447435,172.52176293060256,176.81684359844303,399.281702041626,168.99254894256592,0.443937748670578,401.6978416442871,165.5530987381935,0.5306609869003296,390.53119468688965,165.85577309131622,0.5586096048355103,415.1278567314148,170.40739876031876,0.5266942381858826,384.71111965179443,170.98669242858887,0.47891777753829956,423.4880576133728,183.98623323440552,0.568315863609314,368.0908217430115,183.48638677597046,0.46587803959846497,441.710825920105,153.44501346349716,0.2883795499801636,359.1015157699585,151.75924253463745,0.43590739369392395,441.834508895874,122.11698567867279,0.4384385347366333,363.87741231918335,114.54019773006439,0.5090975165367126,413.99906635284424,246.62678968906403,0.4567892849445343,384.29869985580444,245.30158686637878,0.742719292640686,420.94454526901245,290.30520462989807,0.4047352969646454,379.65063095092773,285.56375753879547,0.5782416462898254,422.07475090026855,331.88662350177765,0.5224391222000122,377.13337659835815,327.9064279794693,0.6645455360412598
206,20.204199943691492,,172.0441401677378,,153.45112085235726,160.8334173149435,162.89156615056245,165.69014458608498,178.97960843799476,401.1274948120117,167.1404474377632,0.5156839489936829,404.6629729270935,163.6879625916481,0.6541376709938049,394.0199694633484,163.7690480351448,0.6110801696777344,414.4863176345825,168.12308847904205,0.5412057638168335,386.47103691101074,168.3547489643097,0.3500657081604004,424.67608642578125,183.35911738872528,0.6054467558860779,371.05334997177124,181.84187084436417,0.5211719870567322,437.64227771759033,155.92900305986404,0.254218727350235,360.94018173217773,154.819790661335,0.4396880865097046,433.0272397994995,116.6873522400856,0.5548511743545532,364.91719341278076,117.17213407158852,0.5125399827957153,415.4229621887207,246.09642934799194,0.4920468032360077,385.00569438934326,244.45204162597656,0.7480784058570862,423.5454511642456,288.7710201740265,0.45615270733833313,381.8110647201538,284.63438045978546,0.5851997137069702,420.89844846725464,331.639777302742,0.5534318685531616,377.61681175231934,327.67337143421173,0.6516618728637695
207,22.250199981499463,,166.49532090895747,,153.8497840539736,164.17130365230227,161.2931803555206,172.07626895737008,172.94317107900966,406.37371015548706,165.27377277612686,0.5155338048934937,409.03961658477783,162.26234316825867,0.6662203073501587,399.6869444847107,161.80722761154175,0.6014764904975891,420.95184898376465,165.89852386713028,0.6263567805290222,390.18663120269775,165.71240627765656,0.5416568517684937,432.30323696136475,182.47239136695862,0.6106147170066833,374.7813277244568,179.36702686548233,0.5322052836418152,442.04715061187744,153.44593942165375,0.21771109104156494,363.7175898551941,153.8062938451767,0.437347948551178,437.0656633377075,118.71971642971039,0.46450096368789673,365.5478401184082,115.63684558868408,0.5186774134635925,419.47988510131836,247.32521855831146,0.5503314137458801,386.34826374053955,245.64074397087097,0.7543632984161377,423.07541036605835,291.5893518924713,0.460661381483078,379.63748931884766,288.9569525718689,0.582024872303009,420.6921248435974,333.1774661540985,0.5927923321723938,378.43361473083496,328.36635851860046,0.6317548751831055
208,21.283600013703108,,167.66448988637623,,146.792932659151,163.99692289017975,161.97181872912665,171.11645452994875,178.46182050794047,403.91539096832275,168.11677771806717,0.2846289277076721,410.31245946884155,164.19829374551773,0.7198573350906372,399.3060646057129,163.98757416009903,0.5873692035675049,418.0957679748535,168.3731541633606,0.3122483193874359,390.51810359954834,168.1483457684517,0.37380269169807434,435.311710357666,183.0071108341217,0.6125747561454773,375.0757761001587,181.27326130867004,0.5374178886413574,449.11871337890625,153.96692621707916,0.2688693404197693,363.1604857444763,153.13269490003586,0.452817440032959,443.1314868927002,118.30967366695404,0.5598339438438416,369.7748713493347,116.58481305837631,0.4952639639377594,421.4099612236023,247.67520225048065,0.5040102601051331,387.5172119140625,247.66836440563202,0.7049294710159302,424.6925640106201,296.19053769111633,0.43965035676956177,381.6396675109863,292.8309905529022,0.5897620916366577,421.3124351501465,334.7268363237381,0.5202353000640869,375.9320545196533,329.0594310760498,0.679829478263855
209,21.700600045733154,161.84918653871406,160.14234504949744,123.09092065796689,139.40275493411386,161.48248121832177,166.84858225782278,168.39793752274903,175.88699115383315,405.22745656967163,167.801667034626,0.3108610212802887,411.95728635787964,164.05806094408035,0.71933513879776,402.1089725494385,163.52960950136185,0.559486448764801,419.9092626571655,168.5892585515976,0.3381292521953583,391.38800382614136,167.4894196987152,0.5137006640434265,438.4712619781494,183.4015832543373,0.6033079624176025,375.52410793304443,180.12819296121597,0.5475146770477295,459.84981632232666,149.59993660449982,0.32307904958724976,361.6097478866577,152.2610263824463,0.465629518032074,445.51391315460205,118.28316277265549,0.5796999931335449,370.69465923309326,115.99557602405548,0.5166929364204407,421.8330965042114,249.3420124053955,0.5750818252563477,383.48232650756836,248.12142860889435,0.6057841777801514,425.23996353149414,294.06539249420166,0.4624215066432953,378.58924198150635,291.2303650379181,0.5945200324058533,420.2159175872803,333.5802721977234,0.4928280711174011,377.0618305206299,328.2502291202545,0.6152051687240601
210,21.09090000158176,157.01938882976415,154.00291289145844,110.49080378040038,129.22050089444573,160.2756328457678,165.34712072482122,164.0587373393946,176.06412418395914,407.3192253112793,166.43727481365204,0.5312339663505554,414.36149740219116,163.40528893470764,0.7001579403877258,404.41623878479004,162.59169936180115,0.5710458755493164,422.36657094955444,168.28380632400513,0.5226286053657532,393.17799520492554,166.05250358581543,0.6279847621917725,442.5755958557129,181.34255146980286,0.5738452672958374,374.2602872848511,177.47161900997162,0.5308756828308105,467.77326011657715,148.65473276376724,0.40846017003059387,357.3322982788086,151.83257842063904,0.43510639667510986,449.34550762176514,119.02865880727768,0.6129343509674072,369.00820875167847,114.4489908516407,0.5352802872657776,425.00968170166016,248.5554323196411,0.6540471911430359,383.3958444595337,247.45374155044556,0.6225331425666809,428.817419052124,291.40729427337646,0.4977799355983734,378.1065397262573,289.23217582702637,0.5425136685371399,421.10494899749756,331.59581565856934,0.5075445771217346,375.951868057251,326.83399748802185,0.6254029273986816
211,23.28470000065863,146.51054420962922,160.45736713495108,103.70885888614404,125.63111259263992,166.9519019702963,156.5668482512486,168.27387476352013,165.84707829044996,405.94792127609253,166.86435520648956,0.3715812563896179,414.51980352401733,163.76089960336685,0.6841728091239929,402.32398986816406,163.09513568878174,0.5810794830322266,424.7334041595459,168.5709103345871,0.5651640892028809,390.97111082077026,166.6325237751007,0.5579918622970581,440.4754114151001,179.83752757310867,0.4933156371116638,371.41760063171387,177.95890092849731,0.48658475279808044,469.7633581161499,149.73915797472,0.46159327030181885,355.9920539855957,149.75236356258392,0.5199405550956726,450.4732618331909,118.95587849617004,0.6154829263687134,374.43388319015503,111.42552378773689,0.4657899737358093,427.1558618545532,250.1362280845642,0.6465960741043091,382.86072731018066,249.15670680999756,0.558198869228363,428.708646774292,288.47348845005035,0.4928485155105591,373.52743911743164,285.766015291214,0.4564302861690521,422.22254371643066,327.624338388443,0.4049263894557953,373.4234938621521,325.5854355096817,0.5820934772491455
212,22.73809997132048,140.5168442872108,154.15457681265346,90.95747426451413,128.64432377225748,173.20523422000704,159.0035515271302,172.43710875752456,165.26280597326786,403.86631202697754,166.09900093078613,0.31375643610954285,412.4211859703064,163.1314902305603,0.6058861613273621,402.11794424057007,162.88695180416107,0.5392871499061584,423.67628622055054,167.6092529296875,0.6159637570381165,392.687180519104,166.14227879047394,0.5812599658966064,443.60387802124023,178.28341364860535,0.5568903088569641,371.9437713623047,176.4211835861206,0.4763287305831909,473.76867485046387,152.6025624871254,0.3326491117477417,354.1850290298462,151.3060643672943,0.5672008395195007,449.18507862091064,122.72931468486786,0.6883255839347839,365.082398891449,113.53091758489609,0.6087649464607239,431.02273654937744,248.86091303825378,0.7033538818359375,383.6989107131958,247.28647077083588,0.6258774995803833,428.259051322937,296.60907077789307,0.41499030590057373,374.5762424468994,291.81551361083984,0.4534710645675659,422.26070499420166,327.8299295902252,0.37301522493362427,376.4382600784302,325.5510183572769,0.5767224431037903
213,22.967100027017295,127.74762728768535,137.21624025777749,82.92512796443063,116.46457667439404,173.25379782108755,159.81801936165564,170.87634140147114,170.75735659802376,406.99467754364014,164.90180826187134,0.3276549279689789,415.51227474212646,162.37167745828629,0.5831912755966187,404.784255027771,161.82041895389557,0.5354118347167969,426.292911529541,165.79350596666336,0.6881837248802185,394.6420741081238,164.61563020944595,0.6476434469223022,446.0312385559082,176.95007663965225,0.5557124018669128,376.49689197540283,174.26504015922546,0.45210209488868713,477.60340309143066,160.5088633298874,0.3936838209629059,355.2884712219238,156.63163435459137,0.4189985990524292,453.7721652984619,125.94174844026566,0.4559406042098999,364.41391944885254,117.9580802321434,0.6786710023880005,433.4731960296631,246.47063040733337,0.7685467600822449,385.6932039260864,244.35477328300476,0.6465972065925598,430.84355545043945,289.5491954088211,0.49099764227867126,376.3478355407715,285.7997201681137,0.4474485218524933,422.77762603759766,325.5843813419342,0.4465227425098419,374.16010761260986,321.9373313188553,0.49031656980514526
214,22.188899980392307,,125.42865827974128,,95.31976750875532,170.7121352933878,156.6793338783702,166.19203299539524,162.00984681208396,410.2642650604248,167.36229276657104,0.5595492124557495,416.08858585357666,164.3610771894455,0.5312086939811707,406.1606388092041,164.44029647111893,0.4934455454349518,428.20158195495605,166.9089721441269,0.6534554362297058,403.23821783065796,165.4254162311554,0.635159969329834,448.43873500823975,177.2153422832489,0.5630924701690674,379.9180884361267,175.1191866993904,0.5879474878311157,476.0693702697754,167.76438653469086,0.2888598144054413,353.56782722473145,160.02247887849808,0.4565194845199585,454.7520761489868,131.758760035038,0.46104761958122253,370.5550799369812,122.72955685853958,0.6338544487953186,434.26437282562256,245.80274391174316,0.7740792632102966,386.64501190185547,243.4896149635315,0.6281288266181946,432.48125553131104,288.55030024051666,0.4833822548389435,373.67209815979004,284.1355596780777,0.4161647856235504,422.5674104690552,322.68165922164917,0.3930845260620117,373.84314155578613,318.0811002254486,0.5118392705917358
215,23.14880001358688,104.26667493342856,115.70603992812478,61.88669447118698,78.35345314026414,171.76187138274133,160.29876226107822,168.17481577421623,171.97636718010668,409.883713722229,165.60647666454315,0.532630205154419,418.8032932281494,163.41171365976334,0.5346503257751465,406.97789669036865,163.13272958993912,0.49377667903900146,427.6857223510742,164.93864715099335,0.6651564240455627,404.62175369262695,163.79788094758987,0.5604300498962402,450.6283836364746,176.28092229366302,0.5463306903839111,378.5767321586609,174.7126910686493,0.5985089540481567,475.7847023010254,175.00315701961517,0.5093862414360046,348.1319932937622,164.4733603000641,0.4560331702232361,453.3148365020752,137.6380957365036,0.389993280172348,364.97961616516113,135.5676105618477,0.6583011746406555,436.993182182312,244.15493726730347,0.7726966738700867,386.9791884422302,242.0092785358429,0.6232016086578369,434.6240997314453,287.6063927412033,0.5111852288246155,377.8147449493408,283.0615336894989,0.4700569808483124,425.3697118759155,322.2748929262161,0.4389389455318451,375.05629110336304,317.64296531677246,0.550069272518158
216,21.036799997091293,86.2717733731637,107.65173477223715,32.08895558782826,56.8863605783024,176.13800258862966,157.75888529948318,175.4113532152551,167.5280961737243,414.0879240036011,164.18095695972443,0.5385594964027405,418.35501194000244,160.85511469841003,0.422573983669281,410.07805824279785,161.6285319328308,0.47300949692726135,429.67930793762207,161.35447680950165,0.6027622818946838,404.7046217918396,162.07189494371414,0.4527188241481781,450.9009714126587,176.28428423404694,0.5202714204788208,380.02868032455444,172.49395287036896,0.5907195210456848,480.3212947845459,183.11486387252808,0.6531687378883362,342.1102194786072,166.07875806093216,0.41888922452926636,448.5421495437622,151.1578825712204,0.315986305475235,364.3456587791443,141.99613916873932,0.5563023686408997,439.8553285598755,243.42234766483307,0.753423273563385,389.77868461608887,241.4397430419922,0.6482445001602173,435.8417224884033,285.2530344724655,0.5154548287391663,379.1839008331299,283.334591627121,0.4681800603866577,429.28667640686035,322.16728234291077,0.4735148847103119,378.1010808944702,319.3925988674164,0.5785375833511353
217,21.820499969180673,85.12733051244456,96.08615685321078,,28.441286948586068,178.33894171699794,157.4502338217981,178.90214049087083,171.75679807398802,421.23965072631836,163.09842640161514,0.44153064489364624,421.44220876693726,161.0124706029892,0.3879081904888153,417.1311721801758,161.3982675075531,0.5249371528625488,431.37376976013184,163.0168138742447,0.5048195719718933,406.43757343292236,163.2070199251175,0.5504724979400635,453.503924369812,175.51539707183838,0.5563164949417114,384.07824897766113,174.3930503129959,0.5484504699707031,480.19614601135254,183.4523542523384,0.6455981731414795,344.3047456741333,174.85916340351105,0.5712980031967163,445.81733322143555,161.70371973514557,0.2462897151708603,384.5656518936157,152.43852543830872,0.344406396150589,439.84693813323975,241.53661251068115,0.7060343027114868,391.84075832366943,239.90384912490845,0.6313682198524475,433.16901779174805,279.30809819698334,0.5743284225463867,381.6788902282715,275.8338462114334,0.4168682098388672,426.4641571044922,321.98647832870483,0.5237603783607483,376.254732131958,316.7640173435211,0.5400945544242859
218,21.954800002276897,86.02852114021456,90.42060196556139,,,173.64096318212998,155.0006601052266,176.50447232025252,163.7238562090313,416.6701536178589,167.79213678836823,0.5124492645263672,418.20057249069214,165.10106021165848,0.5004035234451294,410.16001653671265,165.44306641817093,0.5773831009864807,429.1656217575073,167.93074560165405,0.5252655148506165,404.40246534347534,167.00173890590668,0.5357259511947632,450.9357967376709,178.72630655765533,0.5565329194068909,380.9845824241638,178.99899411201477,0.4816186726093292,473.1209945678711,185.30132174491882,0.4348220229148865,341.0109977722168,184.10535418987274,0.4363653361797333,445.8050003051758,177.2563551068306,0.21000850200653076,369.2939887046814,160.16155779361725,0.2439904659986496,436.4331970214844,243.94538581371307,0.7321191430091858,389.49904584884644,241.97058773040771,0.609923243522644,432.6221742630005,279.1540757417679,0.5803180932998657,379.4074602127075,274.3729121685028,0.4332965910434723,425.27979278564453,322.22996258735657,0.5305647253990173,378.67365169525146,315.4728043079376,0.5381237864494324
219,20.111699996050447,70.37153913690936,87.0800017298636,8.407411318742776,13.117059933386743,173.66047119052317,155.4124135497558,176.28109874057304,165.8190232077951,417.40694427490234,171.75825774669647,0.40704554319381714,421.2014389038086,167.20376873016357,0.5103182196617126,410.0323152542114,168.0728018283844,0.5397369265556335,432.76324462890625,168.98120951652527,0.5696402192115784,403.18961906433105,168.82544910907745,0.5425159335136414,449.4723243713379,184.34628850221634,0.6293807625770569,381.9167537689209,182.3101492524147,0.5747401714324951,474.5075378417969,199.70282018184662,0.5863178372383118,339.19340896606445,191.27262645959854,0.589372992515564,455.9131393432617,191.7649512887001,0.3231164216995239,360.5583162307739,181.32601243257523,0.3003486394882202,436.939453125,243.8376612663269,0.7374720573425293,391.25234174728394,241.7381579875946,0.6337922811508179,433.6184616088867,277.9724391698837,0.6305966377258301,383.2155513763428,270.4069336652756,0.4319823682308197,426.05797958374023,324.26439237594604,0.588519275188446,382.1104917526245,313.2087938785553,0.41214442253112793
220,19.827699987217784,61.20141468513952,83.22263277657291,,2.862479472718358,174.47976062943695,153.50308451713497,161.52661042619323,159.37372681427388,415.33046531677246,173.87519752979279,0.4929477870464325,420.1121745109558,170.72278010845184,0.40360361337661743,410.38264083862305,170.459879219532,0.42198866605758667,435.85461139678955,169.8936059474945,0.46741366386413574,404.0848422050476,169.10403430461884,0.4773227870464325,453.15001010894775,187.1130514740944,0.5978797674179077,374.8352084159851,184.48042422533035,0.614726722240448,470.8219165802002,203.32237637043,0.3959178328514099,336.3600730895996,196.75251805782318,0.47408419847488403,449.3941822052002,199.5417319536209,0.2962326109409332,361.4775733947754,190.1029561161995,0.47187933325767517,438.3203353881836,247.81047761440277,0.7174357771873474,386.7227244377136,246.13420844078064,0.6085551977157593,426.6699752807617,281.17226564884186,0.47005030512809753,378.82379484176636,274.4563053846359,0.47572848200798035,426.0769338607788,324.9306833744049,0.5459785461425781,381.916298866272,309.50308084487915,0.43103232979774475
221,20.392400037962943,54.71878091961916,64.39380866348151,52.7238915394134,,175.72907227617347,128.51588795929678,170.78341243779417,120.99952969916663,420.84931898117065,172.95451021194458,0.44819843769073486,424.06232166290283,170.28760826587677,0.4430311322212219,415.92153549194336,170.5752108693123,0.45164600014686584,438.6366949081421,170.35041671991348,0.4477768540382385,406.9708709716797,170.57143580913544,0.4154118299484253,451.5926761627197,186.6310973763466,0.6124078631401062,382.8736162185669,184.33644485473633,0.5408819913864136,470.3008003234863,206.11426842212677,0.5385398268699646,360.2039976119995,199.4670997262001,0.5040794610977173,449.7231273651123,208.4811029434204,0.315661758184433,371.92956829071045,200.39020878076553,0.27219390869140625,440.508113861084,244.29337513446808,0.7290788888931274,390.9904441833496,241.26412439346313,0.6135973334312439,431.91424465179443,276.0284683704376,0.5119011998176575,369.5706958770752,263.939044713974,0.35284116864204407,427.4629211425781,318.84203839302063,0.5450047850608826,377.3142509460449,291.61556363105774,0.47797104716300964
222,19.699999946169555,32.23394566219079,45.04761730779187,,,176.00630321858736,167.8142139102614,178.4986789465438,177.59313214713353,421.44321966171265,170.14397078752518,0.38974449038505554,430.8636722564697,167.30089461803436,0.6169430017471313,416.65797233581543,167.62358391284943,0.567950963973999,441.5462522506714,170.6240017414093,0.31328722834587097,410.16019344329834,170.60261923074722,0.42248013615608215,455.7847557067871,186.87942510843277,0.4483330547809601,389.05675411224365,185.98157334327698,0.5653092861175537,465.2005834579468,214.925230383873,0.49974921345710754,371.6368637084961,205.19879496097565,0.48904120922088623,440.45059394836426,219.7942460179329,0.2597821056842804,384.25737953186035,212.46796536445618,0.2777816951274872,441.6930847167969,244.79347801208496,0.7137513756752014,391.8074493408203,241.11591410636902,0.6383007168769836,435.7926940917969,279.37838554382324,0.474109023809433,387.1044635772705,269.7425230741501,0.3716997504234314,427.5395975112915,321.12416911125183,0.5232776403427124,381.3817629814148,297.2880402803421,0.4988791048526764
223,19.937499950174242,35.5422201068287,43.6332174705042,93.27991326575722,93.44100886771486,164.2271988700672,147.06054969281445,170.1672375719926,153.8873444842006,420.7057719230652,170.32933336496353,0.3899923861026764,430.62606143951416,167.67208987474442,0.5915372371673584,415.7137460708618,167.91996175050735,0.5580157041549683,441.9023904800415,171.09225165843964,0.3183085322380066,409.34847021102905,170.83613163232803,0.44844886660575867,456.7698726654053,186.71917736530304,0.4675633907318115,389.2688903808594,187.4654996395111,0.5198180079460144,464.62978172302246,213.77937853336334,0.5024253726005554,371.1249213218689,208.05993443727493,0.5070147514343262,433.5672597885132,224.7647894024849,0.3464525640010834,383.58599376678467,220.4435991048813,0.3254089653491974,436.4256658554077,244.66475558280945,0.5882903337478638,391.3680639266968,240.82798385620117,0.6108883023262024,434.81728172302246,270.4233729839325,0.46582359075546265,379.26472187042236,261.22310972213745,0.3736933767795563,424.3747892379761,314.23700630664825,0.4185335636138916,377.0764379501343,288.5758566856384,0.4794051945209503
224,22.7796999970451,33.41385621091021,34.67131562724399,101.98213074952143,,161.31646094371703,141.20451704667562,167.4047652326263,150.41983199049932,423.01104164123535,171.60048872232437,0.4451999068260193,434.5421667098999,169.05876207351685,0.5594433546066284,418.1211414337158,168.77647304534912,0.5079373717308044,444.4914436340332,171.8287017941475,0.41055533289909363,410.16352939605713,171.74738842248917,0.4961509108543396,458.70068168640137,188.72446084022522,0.5084989666938782,386.51528882980347,188.67967295646667,0.5125457644462585,465.017409324646,215.509994328022,0.4693165123462677,374.33896017074585,210.1084387898445,0.5180310010910034,443.80737113952637,225.51398926973343,0.37911221385002136,385.077796459198,226.2505533695221,0.24645136296749115,437.32657527923584,246.9918166399002,0.5943419337272644,391.32378673553467,242.93147587776184,0.6358582973480225,436.5657253265381,276.82510578632355,0.48667046427726746,378.45802783966064,262.2006936073303,0.411120742559433,426.3003921508789,317.8258776664734,0.4529079496860504,376.4951229095459,289.2518916130066,0.4900183379650116
225,22.23320002667606,35.456567697002434,40.94966213958246,87.30621308343056,110.31782629817995,163.34598679802014,151.5013467643245,169.28323315078225,178.16413814629578,421.69500827789307,171.67816948890686,0.39987221360206604,430.34472942352295,169.77929997444153,0.47211316227912903,421.9532160758972,169.02558428049088,0.44872570037841797,443.685507774353,172.42490488290787,0.4151245653629303,412.0576934814453,171.89975839853287,0.4975753426551819,458.3741626739502,188.6821516752243,0.49020859599113464,387.86250829696655,188.719788312912,0.5245984196662903,466.5082263946533,216.71090507507324,0.4556710720062256,372.4618043899536,209.66922122240067,0.4889678955078125,441.3733386993408,222.74023175239563,0.3174511790275574,381.29040336608887,223.0782492160797,0.32256048917770386,438.0784282684326,246.72334575653076,0.6057052612304688,392.21863079071045,242.52439618110657,0.6316614151000977,436.4603900909424,282.08833742141724,0.4565533697605133,380.0808172225952,269.95372700691223,0.3524772524833679,427.61430263519287,319.40410923957825,0.555438220500946,373.00253200531006,287.443110704422,0.47926223278045654
226,22.596900002099574,37.70451786788287,41.70525710709492,,92.46317124324398,164.59243210255264,166.73412335168427,171.72735459687806,169.94933722350237,423.56945991516113,171.7413910627365,0.465494841337204,434.5764865875244,169.0398155450821,0.5426957011222839,421.77037048339844,169.2431559562683,0.4810478985309601,444.4790096282959,170.9774470925331,0.3865780532360077,409.2416944503784,171.75008082389832,0.5132277607917786,458.6929988861084,187.40891647338867,0.47013580799102783,387.8967523574829,188.76997524499893,0.5290178060531616,468.703182220459,217.1059045791626,0.492075115442276,370.00325775146484,209.42955476045609,0.48434728384017944,438.64124393463135,220.8066601753235,0.28223520517349243,381.67694425582886,220.45314359664917,0.3515623211860657,438.0912160873413,246.98158836364746,0.5898845791816711,388.663339138031,243.05487048625946,0.6139136552810669,435.45080947875977,288.1565828323364,0.4982713758945465,381.7495265007019,274.35265505313873,0.3874164819717407,427.6580238342285,325.0027656555176,0.5642025470733643,380.7484121322632,298.1772735118866,0.3655608594417572
227,20.83130000391975,42.70232886152914,46.557240446691644,66.7945298087883,83.28287686702002,162.84488656353187,164.31691911673695,171.8695196752577,175.43410295655994,423.4469141960144,172.1248374581337,0.49119409918785095,432.08013248443604,170.0557198524475,0.5460169315338135,422.52136421203613,169.64422404766083,0.5118677020072937,444.312313079834,171.29643255472183,0.3870698809623718,409.34682750701904,171.26564800739288,0.5069999694824219,456.81950759887695,188.89140397310257,0.5230713486671448,383.07362174987793,188.27840542793274,0.4598464369773865,468.1606855392456,214.91523003578186,0.44478708505630493,369.0993914604187,205.7689287662506,0.48407232761383057,449.81309700012207,215.024778008461,0.3603140711784363,382.7901668548584,214.29278671741486,0.30814963579177856,437.5939064025879,244.24046730995178,0.5829994678497314,390.3376841545105,240.40192914009094,0.5865980982780457,436.30749225616455,281.0849406719208,0.4777575135231018,386.44101333618164,269.03674352169037,0.3075834810733795,428.9953365325928,322.01046776771545,0.6066448092460632,382.20597076416016,288.43568086624146,0.4314020872116089
228,20.383399969432503,31.401766599995597,58.396678356523715,,,171.8314921869065,173.6489550199663,176.9850068923015,167.9176003807231,422.0621905326843,172.32351958751678,0.4522702395915985,430.19193267822266,170.49781501293182,0.5794633030891418,421.5287666320801,170.2165231704712,0.47788938879966736,441.62682056427,172.76149779558182,0.3478541076183319,410.02314138412476,171.8201687335968,0.5211623907089233,455.54729652404785,190.12728744745255,0.5437098145484924,392.0634837150574,188.12613517045975,0.5379531383514404,461.5078353881836,210.8634508252144,0.5120962262153625,367.99380111694336,203.7234444618225,0.44027435779571533,451.227237701416,204.5434017777443,0.2942831814289093,373.7479910850525,201.93053305149078,0.2832343578338623,441.23525047302246,242.2123340368271,0.6806191802024841,393.2530288696289,238.97281956672668,0.6061939001083374,436.11254119873047,282.7847149372101,0.4713563919067383,390.15198278427124,274.3406603336334,0.39359626173973083,428.7331609725952,323.751895904541,0.5325194597244263,384.63196659088135,292.2912566661835,0.3666076064109802
229,21.66389999911189,53.08585421483138,77.00981775162843,,1.8544226058643671,173.52813872716993,177.2567736609608,176.40317780704663,,419.73417568206787,171.71912533044815,0.3728814125061035,428.07830333709717,169.4440176486969,0.48466742038726807,419.700159072876,169.30409824848175,0.4226532280445099,440.46419048309326,170.31837856769562,0.402482807636261,406.7942171096802,169.6352921128273,0.370236337184906,456.1195640563965,189.7689986228943,0.5508863925933838,380.0959806442261,185.31015396118164,0.5054304003715515,468.56554889678955,205.60641598701477,0.5028733611106873,342.77104139328003,199.97099190950394,0.3515736162662506,446.04559326171875,198.01187813282013,0.2579934298992157,359.34595012664795,192.83312237262726,0.48272326588630676,441.2530927658081,245.5492877960205,0.7283759117126465,388.6778202056885,243.04834604263306,0.6154264807701111,434.8165740966797,288.8672058582306,0.5096544027328491,392.4499487876892,280.76718032360077,0.37906208634376526,427.0890922546387,325.07159996032715,0.5159656405448914,393.83376264572144,304.4250408411026,0.29433831572532654
230,20.801000006031245,58.36524781850676,80.04803181831679,,1.5145992289115715,175.025708336573,163.55741045979659,179.66992478787637,170.68045848867868,417.26728916168213,169.4493169784546,0.40079718828201294,422.7377462387085,166.5698150396347,0.5398228764533997,411.80663776397705,166.95036959648132,0.5372962951660156,433.9719715118408,168.7837952375412,0.5456308722496033,406.36198377609253,167.00984460115433,0.474879652261734,452.55712032318115,184.18736559152603,0.6122991442680359,381.02984523773193,181.9340250492096,0.5318341851234436,469.2653408050537,201.27890068292618,0.460894376039505,348.5828523635864,192.61804366111755,0.48653775453567505,450.90021324157715,192.23248893022537,0.29624229669570923,363.08742332458496,188.26346188783646,0.3810432255268097,438.1383743286133,241.95337915420532,0.7226138114929199,389.44658041000366,239.81598281860352,0.5766308307647705,431.7806043624878,281.911009311676,0.500795304775238,384.5690131187439,273.7938321828842,0.40211740136146545,424.88311767578125,323.7076208591461,0.5098974704742432,384.9326319694519,291.9005023241043,0.40561309456825256
231,22.468200011644512,51.62614033069249,86.86297642155931,,,170.60922783580688,158.97376848634082,155.61264217332504,161.55810540068862,424.1748342514038,165.41723930835724,0.39691343903541565,422.2328042984009,165.36233711242676,0.4523591101169586,421.42199087142944,164.40509581565857,0.39127644896507263,432.33624267578125,167.8633216023445,0.39499229192733765,413.4344816207886,165.6209643483162,0.5249403119087219,456.9660873413086,179.98209100961685,0.5221080780029297,385.1895761489868,177.0931015610695,0.42523619532585144,466.93699741363525,193.2885370850563,0.5198206305503845,352.5227642059326,181.7558706998825,0.5522670745849609,450.4827136993408,176.36982852220535,0.2055383324623108,388.4251470565796,163.78817975521088,0.2359052300453186,439.98512744903564,244.33955907821655,0.6932740807533264,390.8691873550415,242.19005405902863,0.557937741279602,423.92357635498047,280.1255340576172,0.4223830997943878,382.1315689086914,272.58188116550446,0.3711223304271698,424.08400535583496,322.7314615249634,0.489836186170578,383.0573968887329,294.65299129486084,0.3398118317127228
232,21.649700007401407,81.85788999063524,91.70700913353122,,27.935222353003407,175.26706136330597,158.9110067923208,178.39506993770723,170.72827688290482,424.55846881866455,162.83016920089722,0.43147164583206177,431.36911964416504,162.17134284973145,0.5588045120239258,421.220645904541,161.45250016450882,0.4476621747016907,439.92123889923096,165.97812777757645,0.4721267521381378,416.6356062889099,163.49098992347717,0.5841243863105774,458.6096000671387,176.3583323955536,0.5943321585655212,387.8972578048706,175.20701026916504,0.48381561040878296,477.60643577575684,184.484313249588,0.5028381943702698,351.95671367645264,176.45169746875763,0.4906407296657562,448.9933624267578,170.57479774951935,0.21614941954612732,388.3844585418701,155.48900198936462,0.3197029232978821,440.93354892730713,242.24840366840363,0.7299019694328308,392.0820083618164,240.08670449256897,0.6405432820320129,433.9772787094116,280.5872025489807,0.536498486995697,381.85311794281006,272.7300914525986,0.4128612279891968,425.0238342285156,323.1151216030121,0.5414299368858337,378.2123804092407,298.2257652282715,0.38116103410720825
233,24.612099980004132,96.22546602481772,104.74955990563289,29.148502250946933,41.24920994769055,163.3336877194989,142.8781300352359,169.53032999903132,144.09040093418218,421.3913607597351,164.50417333841324,0.4312598705291748,429.3965606689453,161.72816503047943,0.6426783800125122,423.1224422454834,161.5872484445572,0.538228452205658,440.99455642700195,163.71188080310822,0.5242019295692444,412.2234802246094,163.15586429834366,0.5955801010131836,455.4929609298706,178.613496363163,0.557865560054779,386.3206663131714,175.6419541835785,0.4150892496109009,481.13840103149414,183.8552742600441,0.6345310211181641,350.76956939697266,172.29938769340515,0.53427654504776,448.5368423461914,155.81320130825043,0.3288761079311371,384.49291801452637,147.9075130224228,0.5351101756095886,435.4388303756714,241.1600182056427,0.5555247068405151,396.94006538391113,239.93954837322235,0.6064046621322632,434.71164321899414,278.6585884094238,0.5216281414031982,380.5123176574707,271.1720885038376,0.39112338423728943,425.7729072570801,322.27956545352936,0.4938880205154419,384.143527507782,296.47715735435486,0.3990035951137543
234,21.25679998425767,99.18262488891878,117.7388774475049,50.94103208655774,58.761524519026196,179.72148882023103,146.22704645552182,178.2371027622914,161.85242588606943,423.54570388793945,167.79027062654495,0.48436838388442993,425.5132083892822,163.00564539432526,0.6402190923690796,417.4687099456787,163.35799384117126,0.5720363855361938,439.0216941833496,163.8112289905548,0.6232467293739319,405.27135467529297,163.63543939590454,0.5648623108863831,455.1518850326538,179.93523752689362,0.6221442818641663,381.220196723938,176.67418384552002,0.3766949772834778,478.6853132247925,181.11131834983826,0.45548945665359497,352.7210512161255,168.28449010849,0.5185590386390686,450.31995964050293,142.35213446617126,0.3662746846675873,383.2946791648865,140.40806394815445,0.5905629992485046,441.2555694580078,245.06853032112122,0.7521219253540039,394.41783237457275,242.5108344554901,0.6775947213172913,432.4769592285156,285.2563679218292,0.5281851887702942,381.53498935699463,273.70872950553894,0.4144439101219177,425.01165294647217,325.3045425415039,0.5177152156829834,378.3384642601013,316.3197283744812,0.5339926481246948
235,21.79599995724857,,132.8353228322012,,83.17879553530612,179.03901067102436,156.95217096558693,177.7498640189958,178.021059602887,417.38303661346436,166.57455879449844,0.3887174725532532,423.77050161361694,162.58969074487686,0.6547446846961975,419.7785539627075,162.77311593294144,0.4764028489589691,432.89809799194336,165.6296826004982,0.6519076824188232,410.6113557815552,164.53767877817154,0.5510432720184326,449.440936088562,179.22538375854492,0.525484025478363,388.19178199768066,179.47341233491898,0.4517100155353546,479.1882333755493,169.67111957073212,0.29789432883262634,361.51879262924194,161.1573901772499,0.5040925145149231,449.28788661956787,132.0494396686554,0.5370393991470337,389.27040672302246,129.5663048028946,0.43438059091567993,437.4177074432373,247.06894183158875,0.6886919140815735,397.89654874801636,245.52575421333313,0.6419271230697632,431.04629039764404,279.8146970272064,0.5257864594459534,390.07828855514526,275.3496128320694,0.43106794357299805,420.92728424072266,322.7525163888931,0.38191306591033936,380.0690908432007,319.72605776786804,0.4239606559276581
236,23.460900003556162,,122.27297368143033,,75.40316598404499,167.7984822112202,144.29848924812728,,,418.3532176017761,165.17549300193787,0.5221825242042542,419.1294584274292,160.79619526863098,0.5338833928108215,413.75516271591187,160.34654998779297,0.3638162910938263,427.7612361907959,164.07994204759598,0.6161081790924072,414.7839503288269,162.33009481430054,0.5309913754463196,436.36521434783936,180.48581224679947,0.42131292819976807,405.4486656188965,181.05204278230667,0.4244052767753601,476.7974166870117,163.6705973148346,0.27496156096458435,364.5602717399597,159.11878645420074,0.4749664068222046,453.31807136535645,131.07970505952835,0.41199418902397156,390.53602170944214,131.07413506507874,0.30960336327552795,429.75467014312744,246.89366507530212,0.6761795878410339,410.0683283805847,246.0872837305069,0.6542797684669495,420.5672035217285,275.36192095279694,0.4589138329029083,393.8339900970459,272.4362065792084,0.3986978828907013,417.0609655380249,318.5186653137207,0.2933223843574524,383.2985963821411,314.6295555830002,0.27024975419044495
237,21.036999998614192,118.62078234698564,134.9311954503545,76.93370175818286,96.38017930581742,178.86931345050618,145.8552632815624,175.10623213864486,161.76861196518507,420.67564725875854,166.23322212696075,0.5327175855636597,421.40973377227783,161.39564633369446,0.6020954251289368,416.55604887008667,161.38368010520935,0.4973582327365875,430.9058771133423,163.50571978092194,0.6710371971130371,408.60533618927,162.19273960590363,0.5371378064155579,444.1806945800781,177.6442318558693,0.44539833068847656,395.45677947998047,178.3022177219391,0.44599229097366333,477.92522144317627,162.98974740505219,0.334931343793869,365.5405111312866,154.3443040251732,0.3542313277721405,452.5202226638794,128.70758545398712,0.5423460006713867,388.03618001937866,118.77162706851959,0.4668803811073303,438.0814609527588,245.36315596103668,0.706739604473114,402.60471534729004,243.65047526359558,0.6445770859718323,434.70830726623535,276.0284113883972,0.5502334237098694,387.02045822143555,273.08101534843445,0.3719659447669983,426.5563507080078,317.3083667755127,0.3987765610218048,379.3551969528198,318.0615838766098,0.43519625067710876
238,28.764899994712323,127.03225483104494,141.94008523317677,79.23164680149611,94.0832943501322,179.1764675580204,149.27282692895523,169.24040102682446,155.659078174622,415.99204540252686,164.65752625465393,0.5252214670181274,416.3974142074585,161.68002945184708,0.39602214097976685,413.9922933578491,161.47621893882751,0.44182175397872925,425.0358638763428,164.7121720314026,0.5713451504707336,411.0416178703308,163.3142173886299,0.5641592741012573,438.4467477798462,176.78008496761322,0.3211665749549866,398.3438949584961,176.98704373836517,0.3765698969364166,472.81944465637207,154.79758191108704,0.34305307269096375,372.11600255966187,150.65501606464386,0.35722461342811584,441.73346996307373,121.8890290260315,0.4899364113807678,401.7597589492798,116.5900838971138,0.4940069615840912,433.10533142089844,245.69536125659943,0.7051658034324646,406.4871578216553,245.01020920276642,0.5915659666061401,430.87792587280273,281.0160208940506,0.4839910864830017,390.45868825912476,281.1794738769531,0.3971714675426483,421.837140083313,316.30930066108704,0.33481600880622864,390.73989391326904,317.77043414115906,0.34053975343704224
239,27.444500010460615,151.2307645371638,166.65512907715828,110.55976688246686,126.73481630320622,179.3606404088608,155.54534519171042,171.26304762839783,170.92307757500274,415.9984140396118,166.70937830209732,0.60854172706604,420.7646818161011,162.63831067085266,0.5612591505050659,409.6538362503052,162.99681317806244,0.5143800377845764,432.74681758880615,165.8317266702652,0.6798962354660034,404.2232336997986,165.26407158374786,0.608576774597168,451.6421089172363,177.48689019680023,0.5253961086273193,383.2108759880066,176.06481790542603,0.5426069498062134,472.8565444946289,149.86273777484894,0.4432018995285034,371.49159812927246,146.4089708328247,0.4319385588169098,453.59773540496826,118.94281536340714,0.4747125804424286,393.5096697807312,110.76207476854324,0.559321939945221,440.9486618041992,246.9324128627777,0.7248207330703735,393.180850982666,245.09912967681885,0.7124983072280884,435.447473526001,285.51589262485504,0.4855462908744812,382.3649592399597,282.23865604400635,0.45042651891708374,424.3953609466553,322.00385785102844,0.4244729280471802,377.83028745651245,318.33763337135315,0.470127671957016
240,24.91160004865378,147.5754210974587,164.1304352593095,109.3582063883413,133.24795261605226,175.86923737428256,166.01893442000505,170.88460033701534,172.05127108605978,416.61996269226074,166.84569358825684,0.6096629500389099,421.3028316497803,163.0568295121193,0.5653064846992493,409.87635946273804,163.20531046390533,0.519446849822998,432.89941215515137,166.61434650421143,0.6337694525718689,403.5999159812927,165.54945188760757,0.6134082674980164,449.06862354278564,179.20333170890808,0.5773440003395081,383.5574359893799,177.12719106674194,0.5342531204223633,473.61390686035156,151.02133935689926,0.49900397658348083,372.57275009155273,150.6316534280777,0.48257261514663696,455.5367832183838,119.18348613381386,0.4529065787792206,390.58858823776245,110.60780301690102,0.5586891770362854,438.8475170135498,246.5498354434967,0.74256432056427,391.4212622642517,244.59039402008057,0.6990621089935303,435.3915710449219,290.4706234931946,0.47376617789268494,385.9158282279968,287.3750171661377,0.50009685754776,427.02257537841797,325.0256439447403,0.4423893392086029,375.41442584991455,325.8113977909088,0.5826793313026428
241,24.09359999001026,140.13296481278738,174.22087259286715,102.29321047931826,143.51294167917473,178.97950126300609,165.0215774629743,171.4563000106142,177.03388588771912,413.26265478134155,164.4098823070526,0.6268291473388672,420.8187141418457,161.4253197312355,0.5224878191947937,406.46112728118896,161.34550213813782,0.4652462601661682,428.8582592010498,165.71561151742935,0.6701677441596985,399.58532428741455,164.8235006928444,0.6421618461608887,443.937068939209,178.51558697223663,0.5992782711982727,380.7355737686157,177.0306919813156,0.5740671157836914,473.31513690948486,149.17428076267242,0.4357592761516571,374.0508551597595,149.44807946681976,0.40698525309562683,455.17174911499023,120.88147258758545,0.49543988704681396,390.5736017227173,110.2644791007042,0.580714225769043,437.7483711242676,246.9301905632019,0.748213529586792,390.1003260612488,245.0068472623825,0.6994088292121887,434.38926887512207,293.24416732788086,0.4768935739994049,384.34267377853394,291.006653547287,0.5172720551490784,426.89338302612305,326.5276050567627,0.42372462153434753,377.82513189315796,327.5939099788666,0.5708504915237427
242,24.431300000287592,146.8292771530629,174.14311107997224,105.79207640999927,141.48628097758072,172.09573876329262,167.97665398847178,163.2842736634991,177.12699618984334,415.51465034484863,164.57775139808655,0.6680405139923096,423.3488826751709,161.16335904598236,0.5126559138298035,408.18940353393555,160.77240526676178,0.5123223662376404,431.58989906311035,165.1931431889534,0.6539226770401001,399.6310167312622,163.99391341209412,0.640382707118988,443.1567087173462,179.50257289409637,0.5480324625968933,380.1213541030884,176.5270847082138,0.4897882044315338,471.706449508667,147.08127343654633,0.4163195788860321,374.7076587677002,148.7189657688141,0.3813382387161255,454.19461822509766,119.95112681388855,0.43066543340682983,395.3228106498718,109.11282220482826,0.5595793724060059,433.223858833313,248.46614146232605,0.6436342000961304,386.5638117790222,247.87404108047485,0.6460849642753601,432.9902410507202,294.35172724723816,0.45934081077575684,381.25560331344604,291.97315442562103,0.5309739708900452,423.05579900741577,326.83074951171875,0.3943761885166168,375.14451694488525,327.58721458911896,0.5995888113975525
243,22.775800025556237,143.45278252387598,170.6923280053329,102.25374542509928,157.5808817122269,170.0601436466855,165.359301066411,163.4930295414314,179.56666862417774,412.68439769744873,164.660346865654,0.6674875020980835,420.8925852775574,161.27528601884842,0.6034950613975525,405.699670791626,160.8838194012642,0.5358673334121704,429.1333236694336,165.0808743238449,0.665773332118988,396.3409080505371,163.2621785402298,0.6333124041557312,439.1528072357178,179.0921455025673,0.4921770691871643,376.0831832885742,176.25100672245026,0.514467179775238,471.1341314315796,146.56166845560074,0.4058154225349426,376.529746055603,150.34503376483917,0.4176461100578308,455.84424686431885,123.22648298740387,0.3415088355541229,393.5966320037842,110.91839075088501,0.5696147084236145,429.5339412689209,247.83802843093872,0.6424818634986877,386.48991537094116,247.41166031360626,0.731307327747345,431.21480655670166,296.586705327034,0.49222511053085327,381.2495632171631,294.72233843803406,0.5642070770263672,422.011266708374,332.09187281131744,0.40799519419670105,377.13719272613525,329.4472508430481,0.6409879326820374
244,26.129200006835163,142.71544881803356,164.11445593863579,96.90032872736171,152.96704709288497,174.4062013510422,165.5567059211457,170.5069983107953,173.9189015927983,413.08099699020386,166.2435501217842,0.648148775100708,420.87886238098145,163.06806921958923,0.5985383987426758,406.0911650657654,162.67597579956055,0.5704019069671631,427.06574058532715,166.5623076558113,0.6063182950019836,395.3411078453064,164.8593423962593,0.6611392498016357,439.8399124145508,178.54413497447968,0.5128380656242371,374.21371030807495,176.77262032032013,0.5197633504867554,468.55094146728516,150.00134658813477,0.4505893886089325,377.3663878440857,152.10389840602875,0.44132667779922485,448.42443084716797,124.17682945728302,0.681706428527832,401.3584337234497,116.95384299755096,0.4755370616912842,430.09074211120605,248.9487223625183,0.6679885387420654,384.8909831047058,247.35123085975647,0.632752001285553,428.0844192504883,299.11987042427063,0.47104009985923767,379.90224266052246,296.1198229789734,0.5052399635314941,421.0708312988281,332.74180996418,0.41427743434906006,380.0527648925781,331.9954307079315,0.7031779289245605
245,27.85730001050979,143.5251998123831,159.5989276311295,114.36567249004014,,174.61686893218538,169.39902942060257,164.3859291030069,176.05038277383923,413.2561092376709,167.285238802433,0.6409330368041992,420.4965925216675,164.24406456947327,0.6530808210372925,405.60661792755127,164.1006265282631,0.5985087156295776,427.22035694122314,167.24364191293716,0.394050270318985,393.48965406417847,166.7146348953247,0.6036491394042969,437.7030830383301,179.94073629379272,0.47484809160232544,374.40196418762207,178.50306516885757,0.553959310054779,463.30267906188965,151.3685024380684,0.4301040470600128,379.70749378204346,153.90639704465866,0.4451671838760376,452.24389457702637,126.26550614833832,0.442655086517334,393.30008602142334,118.20120123028755,0.24219219386577606,431.117356300354,249.81496334075928,0.6827055215835571,384.430823802948,247.85159015655518,0.5120015740394592,431.1163454055786,299.89055252075195,0.5100398063659668,382.3649845123291,297.7199356555939,0.5704552531242371,421.9993886947632,332.5103489160538,0.42987924814224243,383.3338007926941,332.90024852752686,0.6966546177864075
246,22.565599996596575,158.0045374560852,166.18615748426066,116.11038518824377,170.56578072304094,171.3515238731551,170.8404543857464,168.1637929216831,179.94890222967143,411.6632423400879,167.6298234462738,0.4301999807357788,418.4993929862976,164.42737579345703,0.6867840886116028,404.70219564437866,164.23664265871048,0.5564596056938171,423.6487646102905,168.8140527009964,0.3959192931652069,393.39078855514526,166.96244978904724,0.6291762590408325,440.59722423553467,183.2923629283905,0.6294416785240173,375.36064624786377,180.47344714403152,0.6282780170440674,461.30818367004395,150.60971534252167,0.34798264503479004,378.12094497680664,154.70917427539825,0.37854304909706116,446.1921730041504,125.96891462802887,0.6673663258552551,388.14967823028564,118.66736418008804,0.38722825050354004,428.3769721984863,250.09240889549255,0.6827114820480347,384.4855890274048,247.97461438179016,0.510441243648529,426.7786464691162,303.3669698238373,0.4731127917766571,383.17994260787964,299.17183804512024,0.5888634920120239,419.409779548645,333.93202233314514,0.40185093879699707,382.3102445602417,334.51118779182434,0.7217150330543518
247,23.440899967681617,156.43979533076222,163.9798490170549,116.30438826096913,174.62614334138223,167.76030177629008,172.31753609158122,167.5971707074035,171.05241879502148,410.94581031799316,167.18208706378937,0.5935205817222595,417.4164972305298,164.1168806552887,0.699242115020752,403.88420486450195,163.93804252147675,0.5296883583068848,421.58221769332886,167.8091744184494,0.351712167263031,392.99664068222046,166.62664037942886,0.6070511341094971,438.65898513793945,181.61008214950562,0.6257111430168152,374.52261447906494,180.49012863636017,0.618850588798523,458.80177116394043,152.4609621167183,0.3141825199127197,377.7792625427246,155.8841154575348,0.3996259570121765,444.0674743652344,125.93436926603317,0.7077620625495911,386.50437116622925,117.82868114113808,0.49122145771980286,425.627742767334,248.12145709991455,0.6045165061950684,384.6197853088379,248.2073005437851,0.6221212148666382,426.66011905670166,299.35218620300293,0.488653302192688,385.31558418273926,298.1424289941788,0.5620180368423462,419.8592233657837,333.54762148857117,0.39283403754234314,380.1471571922302,334.2351667881012,0.7401038408279419
248,22.18529995298013,,159.79632210959625,,173.60376034851106,169.9490329826582,164.22525552286007,172.73777107285954,178.98598405558815,408.48438262939453,166.9306965470314,0.5066041946411133,414.44843435287476,163.86756998300552,0.7406302094459534,402.0440731048584,163.8705330491066,0.5423826575279236,419.43262577056885,168.35189986228943,0.3169874846935272,393.38249921798706,167.04108500480652,0.5610373616218567,434.9887294769287,181.58777368068695,0.6103135347366333,374.69681692123413,180.34330016374588,0.5947959423065186,457.92234325408936,149.34776258468628,0.23920921981334686,378.65628957748413,156.7357975244522,0.3873814642429352,441.00153160095215,123.88388478755951,0.7016045451164246,390.05180311203003,116.77739810943604,0.4097271263599396,423.8571352958679,247.59947311878204,0.5592305660247803,387.35834980010986,247.46434020996094,0.7235608696937561,424.27647972106934,297.73799896240234,0.4793350398540497,382.97869873046875,296.61340141296387,0.5774468183517456,420.0702223777771,333.1017940044403,0.3830372095108032,379.02185440063477,333.6008427143097,0.7354459762573242
249,23.159699980169535,,165.72522528210146,,179.84501382283875,171.63487382386035,171.8613473377059,179.62376809724708,173.11828760176758,406.1486597061157,166.40080630779266,0.4339885711669922,412.499454498291,163.61247563362122,0.7089300751686096,402.63703870773315,162.72980958223343,0.5955192446708679,423.0806670188904,167.42577075958252,0.5608994960784912,393.2122645378113,166.0921915769577,0.5867725610733032,432.58957290649414,182.1252852678299,0.60722815990448,377.03946447372437,181.22870135307312,0.6143430471420288,447.8882522583008,149.78810554742813,0.2209545224905014,380.41400814056396,155.4994012117386,0.32204246520996094,437.3857126235962,122.0371965765953,0.6057767868041992,385.9182291030884,112.63333648443222,0.5440980195999146,422.5569224357605,247.89563727378845,0.6135667562484741,384.85509634017944,246.74573969841003,0.6444809436798096,422.29421615600586,296.77312207221985,0.4393596351146698,383.73398876190186,294.82068943977356,0.5975939631462097,421.863676071167,332.8263428211212,0.43997690081596375,378.27783584594727,332.6015201807022,0.7329627871513367
250,22.220699989702553,,165.5427117409871,,172.25268452778613,171.59226949987908,161.15676112298723,174.41661601846386,177.55538787115367,403.5198783874512,165.21019506454468,0.4955950975418091,406.390718460083,162.94079983234406,0.5811564922332764,397.7493371963501,162.30113369226456,0.5710396766662598,416.4756827354431,167.92225527763367,0.5524470210075378,388.40080976486206,166.7211023569107,0.4576221704483032,425.83482456207275,181.78535890579224,0.5964428782463074,372.52493476867676,180.97270953655243,0.5224370360374451,442.2425060272217,150.20750761032104,0.18698632717132568,373.3412322998047,153.70063489675522,0.33029913902282715,436.49066638946533,119.74033600091934,0.6182449460029602,380.5328893661499,110.54807871580124,0.5820142030715942,420.38680934906006,246.88853669166565,0.5545874238014221,387.1894292831421,245.81807208061218,0.7177398204803467,423.5279121398926,296.4806047677994,0.4372079074382782,381.90004873275757,295.30882608890533,0.5479035377502441,422.29391288757324,332.55459547042847,0.4055914282798767,379.52270221710205,332.51755714416504,0.6829500198364258
251,24.70720000565052,,178.5308329180383,,155.57947063150584,173.7169780238532,160.6322808993069,179.460934067063,174.22855783275082,402.3695306777954,163.69031310081482,0.5292782783508301,404.25110912323,161.17635095119476,0.5162486433982849,396.4623670578003,160.92524534463882,0.4593445062637329,414.94197845458984,166.64595729112625,0.6182302236557007,390.3870916366577,165.77078437805176,0.5416630506515503,425.1146631240845,179.20592439174652,0.5705076456069946,369.4658408164978,178.27902603149414,0.4588548243045807,443.5561637878418,148.59773647785187,0.23479729890823364,362.20526599884033,150.2166674733162,0.4024924039840698,435.58849334716797,118.44340339303017,0.5708137154579163,369.26206970214844,109.84329634904861,0.6517265439033508,419.7125678062439,247.3278682231903,0.5694074630737305,385.2627902030945,246.50279676914215,0.7303410172462463,421.2330799102783,297.1249861717224,0.389017790555954,379.7470450401306,296.2183734178543,0.5437326431274414,422.6662759780884,332.9958074092865,0.48397064208984375,379.385751247406,333.2218551635742,0.6880614161491394
252,22.900599986314774,,178.1882939006743,,151.38564062135734,169.09125961798364,153.0600836318584,170.6694849378712,162.94700153813963,398.98399353027344,167.84201031923294,0.5092102885246277,403.487681388855,164.39374214410782,0.5445547103881836,392.2332887649536,164.66856652498245,0.5256959795951843,416.92449474334717,168.70648485422134,0.46702420711517334,384.55900526046753,168.71014595031738,0.37685590982437134,425.6932487487793,180.14306527376175,0.5410969853401184,362.9893159866333,179.8787398338318,0.3802999258041382,453.6275568008423,150.4468321800232,0.2139313668012619,355.62737369537354,148.95433008670807,0.4111776649951935,442.8544006347656,122.72159361839294,0.6972988247871399,364.8898992538452,114.91807413101196,0.4854733645915985,419.99430418014526,247.15014123916626,0.4858393967151642,381.1822123527527,246.8285061120987,0.7492446899414062,425.1342239379883,295.66675877571106,0.47849032282829285,371.4838900566101,293.5061137676239,0.46742942929267883,423.27748823165894,328.0347800254822,0.32883989810943604,374.78008937835693,328.9337856769562,0.6071947813034058
253,21.48170000873506,,166.38475707333762,,144.23972504290242,161.71642372743986,160.0431867979739,164.31521600218306,166.2205057954983,397.2050714492798,167.05439031124115,0.5964170098304749,401.91942977905273,163.17837220430374,0.5629546046257019,389.9020137786865,163.6683607697487,0.5006719827651978,413.2740526199341,167.5972724556923,0.562671959400177,381.6853346824646,166.73332500457764,0.6286942362785339,424.579647064209,177.61250710487366,0.5271401405334473,366.0663785934448,179.02262741327286,0.5256325006484985,457.22426986694336,157.1938761472702,0.2884599566459656,352.0686197280884,149.17332631349564,0.3877258598804474,445.85599994659424,126.44158065319061,0.7309111952781677,358.71174001693726,113.79960215091705,0.5527960062026978,415.7454376220703,247.9730188846588,0.5442602038383484,379.86625480651855,246.79745090007782,0.7593730688095093,424.9867343902588,294.9583295583725,0.46225443482398987,373.15469694137573,291.98637425899506,0.5073546171188354,422.386510848999,327.5779550075531,0.4500943422317505,376.64005994796753,329.3337996006012,0.6919341683387756
254,22.00599998468533,,152.57054679646222,,123.63347483261639,177.69234572238346,159.71610533490266,177.4964943304855,163.1994265663964,398.8594260215759,167.69391399621964,0.4238835275173187,402.8423261642456,164.30529177188873,0.5916038751602173,390.73857975006104,164.40609300136566,0.5477288961410522,414.6247344017029,168.03666096925735,0.5513878464698792,382.6863479614258,166.35202968120575,0.6447531580924988,424.71722984313965,177.8646953701973,0.5248876214027405,364.1434545516968,178.34478330612183,0.5449427366256714,452.4359140396118,163.72441685199738,0.18342217803001404,342.8029856681824,151.19916605949402,0.4414314329624176,448.90258407592773,128.89246368408203,0.6541154384613037,354.81484174728394,114.65187540650368,0.550418496131897,424.6964054107666,249.39232754707336,0.7156246304512024,377.06140089035034,246.43011617660522,0.788108229637146,423.09433937072754,288.86221992969513,0.4678677022457123,370.37152671813965,286.23323953151703,0.4503205418586731,423.21673345565796,328.0017304420471,0.49350038170814514,375.57912588119507,327.112411737442,0.6221131682395935
255,22.017000010237098,,143.244051247504,,110.95550301861941,159.06589827437685,168.24071216638222,170.39347685049657,175.20925860546785,392.4913954734802,166.39724493026733,0.6274182200431824,400.8486394882202,163.2104388475418,0.6059560775756836,387.23747205734253,163.00789618492126,0.4888439178466797,409.4851179122925,166.14153802394867,0.6378011703491211,379.50132179260254,164.55381894111633,0.690954864025116,426.8939895629883,175.77681642770767,0.46921584010124207,358.79652881622314,177.73647153377533,0.5555521845817566,460.165771484375,171.62396532297134,0.25795233249664307,337.2804675102234,160.1254881620407,0.4371759295463562,451.2654495239258,129.07534754276276,0.5987220406532288,350.2864375114441,120.90234225988388,0.6062584519386292,414.29498052597046,247.6367393732071,0.5531247854232788,375.77405166625977,246.1163445711136,0.7967257499694824,422.313600063324,288.9287464618683,0.4789777994155884,377.30492544174194,286.25284135341644,0.47126683592796326,423.2377600669861,327.2042098045349,0.5025689005851746,375.46203899383545,326.7359029054642,0.6167140007019043
256,21.056100027635694,,144.52303208085834,,95.04162264963301,179.91837973276196,157.078738288473,176.20236508535245,169.39376519824685,388.0292806625366,166.39671784639359,0.3990330100059509,396.51250743865967,163.5354786515236,0.653201699256897,388.47480726242065,162.90324866771698,0.5621145963668823,404.42250633239746,167.38717967271805,0.5928024053573608,376.28697967529297,166.00314289331436,0.6648817658424377,425.32588958740234,176.9451904296875,0.5211436748504639,354.24745178222656,179.0921882390976,0.5587992668151855,457.39945793151855,172.68918758630753,0.2434430569410324,330.52334356307983,161.3755031824112,0.41412124037742615,445.92979526519775,131.60460937023163,0.5439593195915222,352.9279308319092,125.11355721950531,0.6614464521408081,422.9210214614868,247.82440972328186,0.73154217004776,375.72664070129395,246.10694253444672,0.7845514416694641,421.43707847595215,289.796639919281,0.5041006803512573,371.97750997543335,287.70622527599335,0.4403422474861145,422.55780696868896,326.0070171356201,0.5228852033615112,375.42456007003784,323.79320788383484,0.42884132266044617
257,20.86990000680089,89.00700181255127,112.71109204294049,71.55151326440776,65.3974134323576,165.36946433792403,170.69218662674893,173.45736810844903,173.70121713866348,392.09555435180664,166.577450633049,0.5329445004463196,398.98831510543823,163.108811378479,0.6427041292190552,388.7529044151306,162.27496469020844,0.5930864810943604,404.4085307121277,165.98148971796036,0.5122909545898438,374.130033493042,165.18526542186737,0.6566354036331177,425.28090476989746,180.66201496124268,0.6196245551109314,354.44867038726807,178.99999129772186,0.516542375087738,453.2899684906006,185.14175778627396,0.4532311260700226,329.0216341018677,175.36564826965332,0.5709468126296997,446.10149574279785,141.53844517469406,0.45971187949180603,350.81452894210815,141.46777319908142,0.6113370656967163,416.2351908683777,244.26927173137665,0.7696477770805359,371.2454957962036,243.5913279056549,0.726762056350708,420.8167681694031,284.25376892089844,0.6328899264335632,374.93283557891846,283.57514131069183,0.520298957824707,420.8123960494995,326.21785068511963,0.615352213382721,374.2167429924011,323.41177010536194,0.49652454257011414
258,23.86129996739328,77.96155017373255,97.9024333475341,,48.53047456359741,164.68823218623825,174.4412180835781,175.8093833759063,174.57001724395778,391.6757802963257,169.33028149604797,0.4476372301578522,401.73097372055054,165.86400699615479,0.6384246945381165,390.2331323623657,164.5965412259102,0.5685496926307678,404.83444595336914,166.7533114552498,0.46230238676071167,375.16711044311523,165.79259425401688,0.5810834169387817,422.90386152267456,182.60127049684525,0.6191475987434387,359.93090438842773,180.49856197834015,0.5092240571975708,451.4364929199219,193.32244139909744,0.543045163154602,328.78710651397705,181.3861142396927,0.5703614950180054,453.2438716888428,180.48639631271362,0.23151995241641998,351.031466960907,154.7227502465248,0.4241020381450653,413.9858741760254,241.88132536411285,0.7247627973556519,370.14991331100464,241.33768820762634,0.6497552990913391,417.83076190948486,274.33533251285553,0.6169290542602539,372.3756003379822,273.35880279541016,0.49903813004493713,419.88949966430664,320.2768461704254,0.5308706760406494,371.17559242248535,320.63805532455444,0.46511685848236084
259,24.22429999569431,78.8282569917472,96.29152617103038,60.7842997361014,25.64516773138667,163.5583268391156,166.16039277570445,178.9299602831424,176.0670375203891,387.7889151573181,168.67718183994293,0.35274648666381836,397.4409132003784,165.44966208934784,0.6353827714920044,385.7871413230896,164.23668539524078,0.6515185832977295,407.9190902709961,166.4875899553299,0.5328432321548462,372.56061935424805,165.53912389278412,0.6094526052474976,422.39821195602417,184.3316868543625,0.6316942572593689,352.634973526001,180.35919815301895,0.5558033585548401,457.9622230529785,197.78266787528992,0.5535157322883606,320.9014449119568,184.51790416240692,0.5375718474388123,455.3440055847168,180.25986421108246,0.4447597563266754,339.5880117416382,172.33104121685028,0.3694353401660919,412.81925106048584,241.29341316223145,0.7236554026603699,367.444935798645,240.8475856781006,0.6140996813774109,416.56037044525146,272.2271394729614,0.597713053226471,367.40060806274414,271.8327097892761,0.545430064201355,421.2806930541992,318.4905446767807,0.5251266360282898,370.60428524017334,319.42579090595245,0.44846048951148987
260,24.480900028720498,75.34126386567038,85.64847930878584,83.90727253935653,5.118861834569314,164.17599316555723,176.26081280965084,178.71760443080203,159.94658468943726,388.7026629447937,169.65274286270142,0.42104941606521606,400.19251823425293,166.84602123498917,0.6291676759719849,386.18139028549194,165.53218632936478,0.6933107376098633,405.43527126312256,167.99416661262512,0.47480931878089905,371.515606880188,166.53136640787125,0.6355655193328857,423.3170394897461,185.99774199724197,0.6402185559272766,350.4343566894531,181.20744705200195,0.5709994435310364,455.71217346191406,200.84840136766434,0.6433946490287781,319.1191110610962,191.17118418216705,0.5476742386817932,458.01691246032715,193.97424471378326,0.4795440137386322,347.81224727630615,179.12817239761353,0.3176004886627197,413.34496688842773,242.73135495185852,0.7648410201072693,364.9642252922058,242.6814386844635,0.6109052300453186,416.6619653701782,275.07797944545746,0.6487104296684265,375.39931297302246,276.73345017433167,0.5327963829040527,420.16057109832764,318.8236331939697,0.5688530206680298,373.1275291442871,319.8517886400223,0.46632108092308044
261,24.11469997605309,68.97462024107149,76.59491067425411,29.343859337969732,2.1576336302076955,159.96347631210784,174.3021820523641,177.32866109812173,168.43929482595453,387.7434501647949,167.9224689602852,0.3770536780357361,397.2403769493103,164.68296873569489,0.6765600442886353,384.17344999313354,164.10565519332886,0.7103191018104553,407.3175573348999,168.3072259426117,0.5284367203712463,373.1393060684204,167.01259398460388,0.6397028565406799,422.70079803466797,188.0090228319168,0.5243371725082397,354.9744873046875,184.8678308725357,0.6463663578033447,449.66368675231934,204.18645203113556,0.618243932723999,323.85770559310913,197.43165850639343,0.5157665014266968,445.0417242050171,196.08094197511673,0.35577693581581116,347.23411655426025,186.95298892259598,0.38368719816207886,412.598370552063,245.6680953502655,0.7843726277351379,364.12227630615234,245.48370146751404,0.6478046774864197,418.3683557510376,278.0651204586029,0.5729465484619141,372.55384635925293,278.6108659505844,0.5252798199653625,423.55053091049194,317.8174443244934,0.47575870156288147,374.5404314994812,320.4400712251663,0.5020142793655396
262,24.479299958329648,60.47800307974001,75.4429362459965,38.588317418720386,16.09678610424053,173.2219038465685,166.88735525022818,174.37134344750615,147.0960985204012,389.54046726226807,169.12545955181122,0.4628758132457733,398.72202014923096,165.7938478589058,0.6635680794715881,385.0066041946411,165.66821670532227,0.7196134924888611,408.09533977508545,168.39537715911865,0.5488721132278442,373.45109128952026,167.98440843820572,0.6301017999649048,421.3510513305664,186.2962851524353,0.43104633688926697,352.7762966156006,186.7111998796463,0.5547083020210266,449.6070261001587,205.4803147315979,0.46853965520858765,321.81984281539917,201.77995800971985,0.5938108563423157,433.6203317642212,206.7144317626953,0.33259737491607666,352.7135200500488,196.41105318069458,0.3325779438018799,416.4596347808838,246.40783619880676,0.7789070010185242,364.65279388427734,245.62005949020386,0.6436185836791992,417.6001262664795,277.1292189359665,0.6155791878700256,379.58176374435425,278.36182594299316,0.4938986599445343,423.0939350128174,317.47213315963745,0.46910470724105835,373.27026748657227,321.14057993888855,0.46251851320266724
263,22.760799969546497,38.063460946320376,68.00355443517263,,39.0554104377983,172.83017146258837,174.2420483236657,176.1282546294737,178.52071351948192,388.74120330810547,169.43555581569672,0.4589383006095886,398.2708830833435,166.10257655382156,0.6941108703613281,383.43193340301514,166.17473006248474,0.7007683515548706,407.92945194244385,169.7865082025528,0.43537771701812744,373.92985105514526,170.2393729686737,0.457324355840683,424.95741844177246,189.23141580820084,0.48940685391426086,355.1874575614929,188.0013445019722,0.5856499671936035,439.54897689819336,211.96122407913208,0.5467835068702698,329.8568859100342,204.92408454418182,0.5179764628410339,417.59492015838623,217.9012456536293,0.29089879989624023,343.8537349700928,206.2248705625534,0.46776747703552246,419.73174953460693,244.87866616249084,0.7423624396324158,366.83759021759033,244.01407766342163,0.6344723701477051,420.62901973724365,273.3497996330261,0.4988473355770111,369.8646640777588,272.8557938337326,0.447458952665329,424.17574405670166,309.0293891429901,0.4395923614501953,373.38123846054077,317.4164047241211,0.4589281976222992
264,27.156899974215776,36.64103959992702,61.346002907109686,82.43251603389022,87.93478525349691,170.07757122592182,158.566304003417,179.96634512833978,154.74066405974645,388.4676299095154,170.13942646980286,0.496459037065506,397.5470824241638,166.95145225524902,0.6552495360374451,382.7875385284424,166.94977128505707,0.6759570837020874,407.67248249053955,169.8957427740097,0.4142818748950958,374.7038679122925,170.12387037277222,0.4582698941230774,420.8656196594238,187.3346546292305,0.40997400879859924,357.8611731529236,187.42183715105057,0.6250759959220886,436.2076663970947,210.70566755533218,0.5669785737991333,336.79713344573975,204.7324539422989,0.41352787613868713,408.3878421783447,224.10381197929382,0.3461630046367645,349.54279804229736,219.14950847625732,0.303495317697525,417.61576986312866,242.72337746620178,0.7282811403274536,368.2771043777466,242.23361682891846,0.6438696384429932,421.1199355125427,273.17406702041626,0.5353512167930603,362.49817276000977,272.89394330978394,0.49905064702033997,425.4183864593506,310.7211574316025,0.41243717074394226,374.49623012542725,319.00363945961,0.46557852625846863
265,25.243100011721253,41.18460851006424,58.61200486914051,91.1184269555168,96.13303553824882,168.76944528343586,159.6322149117946,179.69376405299772,160.57025720100856,389.11897468566895,170.2111953496933,0.4992119371891022,398.3202905654907,166.90744787454605,0.6685311198234558,383.15568113327026,167.02495908737183,0.6514319181442261,407.41101455688477,169.62606102228165,0.4036847651004791,374.46107625961304,169.98340964317322,0.45155054330825806,420.3671221733093,187.6923308968544,0.42671510577201843,353.4401259422302,187.0526932477951,0.4760241210460663,435.56028938293457,208.2443710565567,0.4715519845485687,337.824227809906,202.71967732906342,0.42851725220680237,413.2199697494507,225.44390136003494,0.4260994493961334,357.0531396865845,226.49888110160828,0.3542000949382782,415.74882411956787,243.73623323440552,0.7483387589454651,367.22205877304077,243.56457483768463,0.6103037595748901,419.2054777145386,273.98224329948425,0.5020633935928345,363.7859010696411,272.98260736465454,0.46815699338912964,423.2757444381714,311.3676186800003,0.36357489228248596,372.938946723938,313.37583673000336,0.33426034450531006
266,27.242100040894,37.976395881369406,56.38143712417655,95.58141884554148,90.25555105130832,169.1397613629737,156.54219069627655,175.7960631701402,157.2396751117443,389.0135889053345,170.56717640161514,0.4963434338569641,398.93885707855225,167.14920842647552,0.6504208445549011,382.8701033592224,167.0745049715042,0.6341058611869812,408.35162687301636,170.549298286438,0.45700329542160034,373.96189641952515,170.5375599861145,0.4811166524887085,421.3879237174988,188.38678526878357,0.4216310381889343,352.15242290496826,187.7052230834961,0.5151819586753845,435.18954372406006,209.0384727716446,0.41833165287971497,338.84055614471436,202.7908194065094,0.43224969506263733,414.1157741546631,226.30952978134155,0.4100971519947052,364.18179273605347,225.35432559251785,0.3162084221839905,417.20453786849976,245.06380081176758,0.7405523657798767,367.2031297683716,244.05009031295776,0.5993468165397644,420.50988578796387,273.46248161792755,0.46398770809173584,363.10521507263184,271.46244049072266,0.4090898036956787,422.11455488204956,311.19932222366333,0.33664676547050476,373.8046770095825,313.56686902046204,0.33720555901527405
267,29.600100009702146,36.9554906965425,73.35592530700784,,,174.00562156386061,152.56157034435452,179.89448059918774,151.1766331149188,388.6751413345337,170.74097162485123,0.49111324548721313,398.2318625450134,167.6492970585823,0.6369377970695496,382.4262447357178,167.71009689569473,0.6461981534957886,407.74397802352905,170.1073313355446,0.4399343430995941,373.85886096954346,170.56838726997375,0.48517128825187683,421.1125559806824,186.67931842803955,0.4614671766757965,355.77236127853394,187.5107718706131,0.5756353735923767,435.20000648498535,207.37163412570953,0.4740809202194214,331.65071868896484,200.9429915547371,0.5830360651016235,403.351261138916,221.88698267936707,0.29762011766433716,353.6767511367798,219.6473605632782,0.23859788477420807,418.3708071708679,244.64110803604126,0.7528082728385925,368.27386951446533,244.05402207374573,0.6381144523620605,420.05384588241577,273.9535813331604,0.4524730145931244,360.5498752593994,272.93861722946167,0.44235873222351074,422.30250549316406,311.8959846496582,0.3223511874675751,370.71012592315674,314.1414759159088,0.3242310583591461
268,29.79790000244975,31.28001450379654,68.0401696491232,92.10330475092671,53.29134280928671,172.86239553029412,162.4932164815826,175.76884988841556,170.96673071871913,389.2624206542969,170.41849601268768,0.4811791479587555,399.9143705368042,167.36559772491455,0.6503377556800842,383.8868360519409,167.20787143707275,0.645380437374115,408.71696424484253,170.1507089138031,0.4638306796550751,372.75819873809814,170.37954878807068,0.487024188041687,426.6091194152832,189.2376410961151,0.4993409216403961,348.38719367980957,186.44026452302933,0.452952116727829,436.0907564163208,210.46883594989777,0.37329280376434326,328.27238416671753,202.50505447387695,0.5413961410522461,418.97974491119385,218.87676393985748,0.31174713373184204,355.15308713912964,209.5463252067566,0.346626877784729,419.4972472190857,245.41594982147217,0.7391238212585449,365.83177518844604,244.76002955436707,0.5908613204956055,419.461537361145,271.8660442829132,0.39675840735435486,365.4450068473816,270.7119300365448,0.42797061800956726,422.35342931747437,311.68572092056274,0.3440278470516205,372.7093725204468,321.2516094446182,0.43914520740509033
269,28.536500001791865,53.683133480857734,76.22507862980828,,42.9748406486011,168.08227952276312,169.9012526219193,170.008099606908,168.99617320757898,387.574782371521,169.5997495651245,0.4237290918827057,397.6122851371765,166.5558544397354,0.6761786341667175,381.84434843063354,166.85652017593384,0.6926806569099426,406.7935094833374,169.14560270309448,0.40302371978759766,372.9175662994385,169.97380816936493,0.44050440192222595,423.1159472465515,186.59746372699738,0.43237030506134033,353.9771890640259,185.98440819978714,0.5737112164497375,444.6757297515869,205.00246334075928,0.5334319472312927,326.3992214202881,199.23511159420013,0.5119989514350891,421.5835065841675,211.4006917476654,0.2970307171344757,338.06057500839233,202.8697680234909,0.35392922163009644,419.15457916259766,240.93550896644592,0.6869227886199951,365.4641127586365,240.54803109169006,0.5564443469047546,423.73883533477783,274.62833416461945,0.4765103757381439,366.5345492362976,274.8049784898758,0.4740082025527954,422.4510817527771,307.49454939365387,0.4000605642795563,376.51612424850464,318.7618361711502,0.45854586362838745
270,27.036799991037697,64.39879051269315,81.12092720183692,42.08734639778612,,164.36688316550553,178.19194941672416,174.66876545928858,164.47336816075432,386.59674167633057,169.11805188655853,0.3898511230945587,396.9361734390259,165.79958879947662,0.7335808277130127,381.2678098678589,165.9820452928543,0.7294701933860779,407.02348804473877,168.08703309297562,0.5086628198623657,370.0172839164734,167.88850766420364,0.5307613611221313,422.4306364059448,187.65285658836365,0.49845919013023376,350.3798189163208,187.84725081920624,0.5324345231056213,449.1820459365845,205.06397545337677,0.537066638469696,323.0137348175049,200.44680619239807,0.5696607828140259,447.4377975463867,198.48764967918396,0.39344221353530884,348.42788219451904,194.96288311481476,0.2854660451412201,415.0213842391968,244.2612942457199,0.752850353717804,366.30206871032715,243.95589900016785,0.7650131583213806,420.5211067199707,282.53892290592194,0.5444119572639465,376.46686840057373,284.62010645866394,0.5401811599731445,422.26719999313354,317.67410600185394,0.4441448748111725,375.49519634246826,321.9245958328247,0.4552663564682007
271,25.2629000460729,62.155125271959854,83.05323791379608,73.85443753318764,1.2941816338440835,168.5565278695473,171.84998738283969,179.63112046625454,175.37548246285644,384.60522842407227,170.269502222538,0.44069573283195496,394.66090202331543,166.52417242527008,0.6480252146720886,379.20866775512695,166.58960205316544,0.7223155498504639,404.5822277069092,169.15164279937744,0.3249984383583069,370.0141501426697,169.0010107755661,0.3868007957935333,420.144700050354,187.87226593494415,0.5037820935249329,351.14329719543457,185.87179744243622,0.5755929946899414,448.17211151123047,204.80791240930557,0.5805128216743469,323.91454315185547,197.7077792286873,0.4313907325267792,450.47321128845215,196.21831142902374,0.33514559268951416,345.6003084182739,188.8580837249756,0.32716089487075806,416.93980979919434,243.49368917942047,0.7283291220664978,368.3016691207886,243.62278199195862,0.7688860893249512,420.9975919723511,271.84285259246826,0.5434597730636597,372.9719524383545,275.26066386699677,0.5657015442848206,426.9395809173584,315.35103368759155,0.5585931539535522,376.0077199935913,321.29853415489197,0.47128358483314514
272,24.31750000687316,67.52172071191134,90.4248767966891,117.06571157926939,1.2489573315568017,159.1668434833742,171.28579924354952,169.3532649907619,167.8830632972967,384.4701476097107,169.35703456401825,0.37218713760375977,393.73702001571655,166.10706388950348,0.6261696815490723,380.3320245742798,165.92871010303497,0.7315707206726074,403.99517583847046,166.89469814300537,0.6193279027938843,368.58290004730225,166.06156373023987,0.5561406016349792,419.325572013855,184.9930489063263,0.6402884721755981,345.83266258239746,181.73074162006378,0.5136258006095886,451.38443183898926,202.3303902745247,0.6265477538108826,321.16046142578125,190.7913988828659,0.5176902413368225,460.7203483581543,195.90681910514832,0.4141145348548889,335.1688346862793,185.29754668474197,0.3345937728881836,413.57370710372925,240.40563297271729,0.7245212197303772,368.15438175201416,241.14753913879395,0.7607970833778381,422.6476755142212,274.49126386642456,0.6141368746757507,376.0528564453125,278.70642483234406,0.5000692009925842,425.7398509979248,316.00051498413086,0.5457881689071655,375.87145137786865,321.8466159105301,0.46998536586761475
273,23.435599985532463,74.48293216466963,97.08074000756368,127.00972915282304,,159.33861240913575,176.6169671162731,177.58419985958338,168.17022424389975,383.2244472503662,169.60108864307404,0.34832000732421875,391.19424057006836,167.40636837482452,0.4407290816307068,378.9230647087097,165.99550729990005,0.6422885656356812,400.6102957725525,168.2607570886612,0.5785772204399109,370.95996856689453,167.5217000246048,0.5763941407203674,415.2709994316101,187.04918885231018,0.670567512512207,352.6463460922241,183.0687511563301,0.5579378008842468,452.85937786102295,201.7652566432953,0.6619741320610046,318.52298641204834,188.18271833658218,0.40241819620132446,468.5590286254883,192.1031254529953,0.3484317660331726,332.3389358520508,172.34146893024445,0.23175983130931854,409.7317762374878,240.98659336566925,0.731158971786499,369.0049991607666,241.64285552501678,0.7538865208625793,417.5609793663025,270.6234939098358,0.5724113583564758,376.49075078964233,276.2044289112091,0.561884880065918,426.5395698547363,311.52164113521576,0.4455564022064209,376.7820653915405,318.86505913734436,0.5249161124229431
274,24.852000002283603,87.2227406157505,110.00057136709455,92.47944362740805,84.42260731077766,159.6255594501332,162.78274707794083,178.00425657105487,178.58745980606116,383.010440826416,169.7953546643257,0.3905414342880249,391.42217206954956,166.1990471482277,0.6175742745399475,379.4493365287781,165.97309911251068,0.5960709452629089,402.43266105651855,168.2273656129837,0.5679004788398743,368.4816083908081,168.3429251909256,0.36235904693603516,417.9287428855896,187.50515913963318,0.6942504048347473,349.72976303100586,183.5949090719223,0.6142545938491821,459.3947114944458,197.08274322748184,0.5609976649284363,320.7524642944336,183.29833179712296,0.5495549440383911,462.9653434753418,184.1945595741272,0.3479994237422943,322.29132413864136,169.04900389909744,0.329917848110199,408.5154676437378,239.67290091514587,0.6727216243743896,369.8281455039978,240.62230718135834,0.6905519962310791,413.93500089645386,269.9574023485184,0.5567076802253723,371.0389699935913,272.18508672714233,0.5576805472373962,423.342716217041,313.6853346824646,0.45659807324409485,374.0958399772644,320.6448646783829,0.475521981716156
275,23.47920002648607,84.1564307600424,103.75654079173083,,,165.26575640950907,166.88905914779085,179.39526910877163,179.52546599597613,383.2977876663208,167.4438768029213,0.31910040974617004,391.98059034347534,163.44937878847122,0.6641771197319031,381.8259754180908,162.93624126911163,0.5773809552192688,402.6436095237732,164.2596776485443,0.676419734954834,367.7604866027832,163.64984160661697,0.5015942454338074,417.05158948898315,183.29908680915833,0.7093328833580017,347.41673469543457,178.21569049358368,0.47668617963790894,455.1977291107178,191.72647416591644,0.6321876645088196,325.3133182525635,179.5580734014511,0.4966755509376526,462.85212326049805,177.46235942840576,0.2738887667655945,329.24312114715576,154.52252960205078,0.27006542682647705,410.4222173690796,240.46990871429443,0.6997519135475159,366.946008682251,241.18024682998657,0.6189437508583069,414.62978887557983,269.96033692359924,0.5822080969810486,369.132776260376,271.5311323404312,0.5376821756362915,421.89660596847534,317.3129253387451,0.5872329473495483,372.25985288619995,320.59936451911926,0.4409847855567932
276,24.315199989359826,79.47052145550327,119.345933122998,85.62029722319606,84.16227582755677,165.61787979818698,168.6923733375691,179.7194397340869,176.53655165478034,384.94114875793457,166.44721817970276,0.32906967401504517,392.4577579498291,163.1151221394539,0.7017903923988342,382.8397512435913,162.90582710504532,0.6121285557746887,402.4443368911743,164.66105914115906,0.6627138257026672,368.3809232711792,165.16123324632645,0.5280352234840393,419.18488073349,181.0200188755989,0.6802879571914673,351.20268726348877,177.6021221280098,0.4421977400779724,449.4321413040161,190.56857061386108,0.4164366126060486,325.6410503387451,171.2118854522705,0.4342290461063385,459.37636375427246,147.97166055440903,0.3854582607746124,337.3245425224304,138.89007663726807,0.5692555904388428,412.02165508270264,239.43944549560547,0.6551186442375183,368.2598686218262,239.9097182750702,0.5669726729393005,415.8045496940613,268.5997197628021,0.6350030303001404,370.42912244796753,270.9126207828522,0.5201939344406128,421.945912361145,317.8284133672714,0.558728039264679,370.8944625854492,320.37884402275085,0.4432254433631897
277,26.302299986127764,,145.33271338251896,,93.61051726221486,165.2354514394258,166.50229656359926,176.8747706963331,176.46428767901685,389.6117606163025,166.41923999786377,0.4958593249320984,391.1337637901306,162.08361899852753,0.6770747900009155,381.11278915405273,162.06752157211304,0.5673247575759888,404.9277009963989,163.76312190294266,0.6535272002220154,367.76933193206787,163.93596267700195,0.5426823496818542,424.2179489135742,176.98335415124893,0.5105010867118835,347.0288543701172,175.1859838962555,0.34995487332344055,457.9502944946289,173.92415934801102,0.26454269886016846,325.36646604537964,158.86501693725586,0.49756920337677,463.34432792663574,138.39078575372696,0.423653244972229,348.51112937927246,123.74393689632416,0.6037847995758057,416.2173991203308,243.1189467906952,0.7511981725692749,369.6291255950928,243.37331461906433,0.6763056516647339,420.6263155937195,275.0277497768402,0.6260460615158081,372.5611753463745,278.00198435783386,0.5076448917388916,424.115140914917,317.08867251873016,0.5291907787322998,373.5263271331787,320.40052568912506,0.49314770102500916
278,23.24319997569546,103.26755218629779,156.86277883323385,99.59609838742152,110.0925422815782,167.25024261064274,175.07615321869883,179.42466597739036,166.61962703722148,381.6941547393799,166.6703313589096,0.31243979930877686,391.63074493408203,162.38194847106934,0.687772274017334,380.7994875907898,162.41719186306,0.6224378347396851,406.9018774032593,163.34732395410538,0.5984613299369812,368.7588210105896,163.12406831979752,0.5655961036682129,426.64318656921387,176.92204147577286,0.46172916889190674,348.0701518058777,176.16120302677155,0.4041162431240082,459.65936374664307,173.53951632976532,0.4830210208892822,327.3933353424072,151.85015738010406,0.5438193678855896,462.19898414611816,134.7563430070877,0.5053864121437073,346.1121497154236,118.79966223239899,0.6158176064491272,417.6820592880249,245.74980759620667,0.8014073371887207,369.5458025932312,245.3483406305313,0.7238165736198425,421.2168803215027,283.6255989074707,0.6597011685371399,378.3662385940552,285.73319363594055,0.5215587019920349,425.0869140625,321.0297213792801,0.522672712802887,377.66836738586426,323.45405077934265,0.4680991470813751
279,22.995300008915365,105.49229982307018,157.2668299333151,105.64012603905209,133.84425532801663,178.17649151668783,174.674307680712,173.05824583776834,166.62947317535972,385.8875484466553,165.17657566070557,0.47741344571113586,394.1717047691345,161.5592132806778,0.695126473903656,384.5548605918884,161.1346116065979,0.6179119348526001,404.707275390625,163.92909634113312,0.5171881318092346,373.6510715484619,163.21516835689545,0.6586236357688904,422.0724763870239,176.064390540123,0.3843963146209717,353.9756727218628,177.06586414575577,0.5437726378440857,457.2782516479492,166.82515156269073,0.41935351490974426,337.9370436668396,155.99728178977966,0.33856675028800964,457.8514795303345,131.7123481631279,0.5195338726043701,343.3862466812134,121.10076797008514,0.376391738653183,421.0791964530945,248.33086609840393,0.7846949696540833,372.13164615631104,247.03133368492126,0.764393150806427,419.10499477386475,291.62322771549225,0.5962345004081726,379.4898986816406,292.3541078567505,0.48173975944519043,421.7946825027466,327.13970613479614,0.5934076905250549,376.9132037162781,327.87580013275146,0.6211513876914978
280,20.15130000654608,113.13545796115976,168.0179396109905,113.03471217192437,132.667507294247,177.66952667887017,161.24423942754987,173.3023375179384,164.901710763536,385.3339319229126,166.764308989048,0.324422687292099,393.2114305496216,162.8482894897461,0.7091366052627563,384.19659948349,162.7425878047943,0.5681021213531494,407.3560218811035,164.7932574748993,0.6296994686126709,373.7063674926758,165.0050312280655,0.6335943937301636,427.09525871276855,177.7286222577095,0.4970806837081909,356.6972541809082,178.23354011774063,0.5919332504272461,456.42950439453125,166.27397853136063,0.43863967061042786,342.0262393951416,149.56896686553955,0.4927731454372406,457.47775173187256,131.05248188972473,0.5561938881874084,355.0690817832947,114.17362514138222,0.5521995425224304,424.8596649169922,248.65127611160278,0.7491258978843689,375.38111686706543,247.3730834722519,0.7968051433563232,421.7765369415283,291.28820180892944,0.6607193946838379,372.55695486068726,291.84463143348694,0.5421578884124756,423.4321551322937,328.2931081056595,0.5601639151573181,380.01227855682373,328.60494232177734,0.5980633497238159
281,21.94419997977093,,169.5900220446954,,141.2991546968908,178.55530919141373,159.4302066705103,179.9754098149289,169.35489772074152,386.73182249069214,166.47405672073364,0.4501734972000122,394.0514841079712,163.04955005645752,0.7241249084472656,385.0014486312866,162.83494144678116,0.5169880986213684,404.40347623825073,166.05619317293167,0.5119837522506714,375.4682559967041,165.27774727344513,0.6257304549217224,425.12168884277344,177.98071080446243,0.5058581829071045,358.5184316635132,178.07359153032303,0.583072304725647,453.8212947845459,159.2457994222641,0.21340249478816986,345.09693336486816,150.20666712522507,0.46310561895370483,453.10608673095703,129.1169586777687,0.48984938859939575,354.10317182540894,111.14680325984955,0.6421894431114197,422.8158378601074,247.81985116004944,0.7704097032546997,377.0283193588257,245.70279741287231,0.8077946901321411,422.5167646408081,286.211016535759,0.5976526141166687,373.41098403930664,284.97225546836853,0.5039791464805603,422.21705961227417,326.92653632164,0.5538791418075562,377.3935556411743,327.2443251609802,0.5924831032752991
282,23.134200018830597,,175.15699120099754,,163.16871871765147,179.09017023560563,162.0420065365724,178.47932636538854,174.3919873407045,386.06887769699097,168.51985442638397,0.3612940013408661,394.2099165916443,164.50544118881226,0.675991415977478,384.051965713501,164.08752065896988,0.5748708844184875,404.6481885910034,167.28050929307938,0.5230003595352173,374.406361579895,166.32091748714447,0.6147395968437195,426.33051681518555,179.35929155349731,0.5458941459655762,359.7388343811035,180.23926520347595,0.6431731581687927,454.9423770904541,159.71540266275406,0.278199702501297,352.6388907432556,143.71813642978668,0.434876412153244,453.17952823638916,128.14158284664154,0.461870402097702,356.13944244384766,109.43343877792358,0.6800557374954224,424.3851509094238,248.3434021472931,0.7436999082565308,378.4539337158203,246.18170297145844,0.7995637655258179,423.8986072540283,287.85537576675415,0.5371386408805847,376.9912700653076,285.8149343729019,0.5517271161079407,422.31713819503784,328.53778898715973,0.5381576418876648,379.52836322784424,327.3618221282959,0.6088734269142151
283,23.294400016311556,,171.4696204435156,,164.282085441494,174.8292245743198,157.8148714435866,176.11270859067517,165.30893388382688,387.75067806243896,168.79547655582428,0.3986358642578125,395.987398147583,165.21314388513565,0.6652264595031738,385.35872411727905,164.32153165340424,0.609102725982666,406.39279079437256,168.1507390141487,0.39013901352882385,375.5306787490845,167.41977339982986,0.6369552612304688,420.4018211364746,178.953892827034,0.4386238753795624,361.40797328948975,181.60401356220245,0.6504915356636047,453.06974506378174,157.29251205921173,0.21468700468540192,357.21389722824097,144.2218861579895,0.420021653175354,453.30644607543945,126.38696336746216,0.46138107776641846,362.9234561920166,109.41816759109497,0.6535906195640564,424.50408267974854,249.997704744339,0.7168065309524536,378.8388571739197,246.96765625476837,0.7855749130249023,423.1037154197693,292.98022651672363,0.5150433778762817,373.3399181365967,290.17334818840027,0.5068078637123108,419.48524284362793,328.89441108703613,0.5224785804748535,378.29843282699585,328.15543949604034,0.6506229639053345
284,21.87140000751242,,165.75460762971633,,175.92663917303963,166.31266965581685,157.14080940110844,163.55580482523288,159.3223483282729,394.61609411239624,167.98929464817047,0.5889423489570618,401.7202582359314,165.46034622192383,0.5850749015808105,388.31753730773926,164.95383286476135,0.4954918324947357,411.7183108329773,169.72767424583435,0.48553532361984253,380.21167755126953,168.55182135105133,0.6247368454933167,422.0900912284851,179.87053442001343,0.4933300316333771,364.0840392112732,181.70413100719452,0.6169310212135315,448.13895416259766,153.55307990312576,0.29953792691230774,365.0580110549927,152.07919669151306,0.31915274262428284,446.1942958831787,120.55613362789154,0.6097997426986694,363.54947805404663,112.63761013746262,0.6584191918373108,416.6148829460144,248.584379196167,0.48850417137145996,378.69371795654297,248.36146545410156,0.7322146892547607,423.9986352920532,294.5206789970398,0.46834683418273926,370.532865524292,292.4071296453476,0.4755050539970398,419.70238304138184,327.9995651245117,0.49955931305885315,376.87660932540894,327.73197746276855,0.631425142288208
285,21.84599998872727,138.93422443547723,173.52694713121102,127.28686658737115,178.19082375694845,173.49303600173695,165.41170416386444,174.75684811877602,170.94151886280875,397.2974925041199,165.5659766793251,0.6066412925720215,404.58308696746826,163.06077551841736,0.48643985390663147,391.6192207336426,162.34664809703827,0.49648576974868774,413.169020652771,166.91105198860168,0.571666419506073,384.4515471458435,164.97961723804474,0.6296430230140686,422.82177686691284,178.17013335227966,0.5080121755599976,368.9688596725464,179.63301903009415,0.48681288957595825,449.56199073791504,151.17105966806412,0.3497978746891022,367.89574432373047,153.08726596832275,0.30968043208122253,444.804669380188,117.27426725625992,0.49316537380218506,364.7973265647888,110.11562064290047,0.6096973419189453,418.322208404541,248.54719841480255,0.5225729942321777,379.29479598999023,246.42718160152435,0.6059367656707764,420.70615100860596,296.45533323287964,0.3975257873535156,374.3745183944702,294.86376786231995,0.5456362366676331,419.24879455566406,331.3078854084015,0.5032667517662048,376.44280910491943,331.19602966308594,0.706878662109375
286,23.4612999483943,138.29634417131876,158.15330455566303,125.64652664408057,168.0759531602571,169.37724344600505,160.68474225194024,163.0102923797378,169.99596104390739,396.5381841659546,165.61622059345245,0.6331513524055481,401.54100131988525,163.0297772884369,0.45819276571273804,391.1709899902344,162.70289981365204,0.5403524041175842,413.0057611465454,166.03563690185547,0.6325585246086121,385.47687244415283,164.9382625222206,0.6586130261421204,423.4916715621948,178.6720596551895,0.5303439497947693,365.97279500961304,179.9165759086609,0.4389311671257019,450.07972049713135,152.95760333538055,0.3720110058784485,369.9401273727417,154.20558124780655,0.32468029856681824,445.167631149292,119.67920851707458,0.5257819294929504,367.46757984161377,109.30896151065826,0.5913639068603516,418.43133449554443,246.71491241455078,0.44890573620796204,381.38532638549805,246.27988302707672,0.7696350812911987,423.94518423080444,296.1092813014984,0.4923807978630066,376.1390857696533,294.2572510242462,0.5658449530601501,417.46850776672363,330.6497428417206,0.5290480852127075,378.4959616661072,330.08553516864777,0.6960268616676331
287,22.749399999156594,140.78895147462848,159.32771590548168,125.18075188761476,174.31635334282373,176.5677051479556,157.90408009612477,174.03559012542544,168.32656473859757,399.91116094589233,166.38361197710037,0.5370835661888123,403.7134394645691,163.5278857946396,0.5381158590316772,393.888249874115,163.34560024738312,0.557584822177887,413.90085792541504,167.4005562067032,0.5723180174827576,388.8713812828064,166.65000301599503,0.5747324824333191,425.176176071167,179.36855113506317,0.5597123503684998,368.44736433029175,180.09669613838196,0.4471559226512909,450.1030216217041,152.34296655654907,0.361494779586792,371.80563259124756,155.00281697511673,0.3042570948600769,442.74390983581543,118.11077785491943,0.5210400819778442,373.14602851867676,115.40737891197205,0.3265535831451416,421.04856634140015,247.32906484603882,0.5042089223861694,383.9930305480957,247.16643810272217,0.7034935355186462,421.0114665031433,296.3996902704239,0.3710516095161438,376.37988090515137,294.98474073410034,0.5282708406448364,417.42867851257324,330.4434678554535,0.5100195407867432,378.0120463371277,330.5538135766983,0.619805634021759
288,26.721799978986382,,,,,170.6793130751819,157.95352641542087,171.03093863542682,165.5985350687608,404.0097074508667,165.61378461122513,0.48034214973449707,405.99136447906494,163.43551790714264,0.565739631652832,398.58216285705566,162.6150050163269,0.5270028114318848,416.13887786865234,168.214330971241,0.5262807011604309,389.88690090179443,166.6302872300148,0.4874628186225891,429.6178455352783,180.86068284511566,0.5689321160316467,372.0447597503662,180.7551093697548,0.4894696772098541,450.6969223022461,149.86798012256622,0.24761603772640228,373.7512512207031,153.21695709228516,0.2963002920150757,438.2501792907715,118.07787072658539,0.48198676109313965,378.3857741355896,109.93410435318947,0.47424179315567017,420.8190932273865,248.50369262695312,0.551925778388977,385.28010177612305,247.7652623653412,0.691293478012085,422.38615703582764,295.50763642787933,0.3777588903903961,376.27128553390503,294.6635329723358,0.49083900451660156,418.60348987579346,326.0523463487625,0.4875878691673279,378.31996488571167,327.8943762779236,0.5937764644622803
289,23.128300032112747,155.8046178853742,,117.47584147652891,,169.5218707286345,160.02571105201667,174.14775345203765,174.61689619483914,407.1858882904053,164.0120764374733,0.5258128643035889,409.1458110809326,161.99090921878815,0.6205277442932129,401.6990294456482,160.96443474292755,0.5617733597755432,420.66685247421265,166.04754614830017,0.6158287525177002,392.1726350784302,164.81083643436432,0.6296473741531372,433.9306764602661,180.0754845738411,0.5719277858734131,370.9460687637329,178.6978155374527,0.5052065849304199,456.53817558288574,147.0193054676056,0.33027997612953186,373.7081871032715,151.95600152015686,0.264487624168396,441.31420135498047,118.57367146015167,0.510137140750885,385.42776823043823,108.89483740925789,0.5158042907714844,421.58603382110596,248.86812126636505,0.5904054641723633,385.5291862487793,248.04720950126648,0.6882739663124084,421.8330965042114,295.3039541244507,0.4164265990257263,379.13285064697266,292.99646639823914,0.5255373120307922,418.63535833358765,328.2281770706177,0.4592883884906769,377.4841823577881,327.7529183626175,0.6438011527061462
290,23.08940002694726,160.05377231600085,,120.59058687014927,,163.644343448414,155.14841522409003,169.8976406611929,165.04698344982904,404.823073387146,167.05994606018066,0.4677513837814331,412.0990390777588,163.86551862955093,0.6248217821121216,402.4994306564331,162.71831345558167,0.5575231313705444,424.1324272155762,167.4925964474678,0.5629608035087585,392.66739225387573,165.68881571292877,0.6006971597671509,436.4130802154541,182.60142719745636,0.5702685713768005,373.20460987091064,180.12151181697845,0.5471329689025879,458.54096031188965,147.90741330385208,0.32173869013786316,374.74789237976074,151.39432954788208,0.2781740427017212,443.54544830322266,118.32359153032303,0.4959806501865387,384.3613500595093,109.9582932293415,0.5167756080627441,421.44453382492065,249.65729403495789,0.6074527502059937,385.2030463218689,248.69378471374512,0.6776101589202881,424.1673536300659,290.95531272888184,0.4025718569755554,374.41960430145264,289.1449933052063,0.49611610174179077,420.1694669723511,326.9932622909546,0.47920992970466614,374.4367136955261,326.43295788764954,0.5985597968101501
291,25.152300018817186,157.52850756999464,172.6183041628824,114.6588332520377,161.9778830579572,164.9049954290255,156.1330793160313,166.7853664257668,166.08286866745223,406.1383738517761,168.24220943450928,0.4636859893798828,413.2456464767456,164.78059321641922,0.6891750693321228,402.18463802337646,163.75866305828094,0.5522492527961731,425.05380725860596,167.62817096710205,0.5447746515274048,391.68641996383667,166.35745722055435,0.5358586311340332,440.4019193649292,181.8281239271164,0.5542530417442322,374.0354895591736,179.42792642116547,0.5204481482505798,463.1496295928955,149.63033652305603,0.39278045296669006,373.6852903366089,153.05789172649384,0.352231502532959,446.1909599304199,120.37508744001389,0.6060740351676941,386.45877981185913,111.9490676522255,0.45077815651893616,425.03358936309814,249.6381480693817,0.6547898650169373,383.8765501976013,248.20861113071442,0.4800609052181244,426.6976737976074,290.61854887008667,0.42280080914497375,372.31080198287964,289.28798973560333,0.4781629145145416,420.20072889328003,324.3906360864639,0.4385545551776886,371.1595697402954,325.77396059036255,0.5590392351150513
292,26.219099992886186,159.3542776326926,163.98452652575827,105.38498720429824,130.08926402059754,162.15880708273892,153.6751987186132,160.26583052397012,166.2821186349525,404.00996017456055,167.10387921333313,0.31111058592796326,412.33778715133667,164.03331649303436,0.6569178104400635,401.0792245864868,163.4330819249153,0.5385292172431946,422.18407917022705,167.99455124139786,0.3314850926399231,392.3232583999634,166.4768203496933,0.5638856887817383,441.78209400177,181.46104562282562,0.5214429497718811,375.24702167510986,180.43509823083878,0.5220838189125061,466.21769523620605,146.9069511294365,0.3877771198749542,358.46457624435425,146.02378648519516,0.43425464630126953,444.58939933776855,120.5276710987091,0.5633389949798584,375.11398792266846,108.47380423545837,0.5183669328689575,423.96307706832886,249.76635766029358,0.6444051265716553,387.2722215652466,248.75133657455444,0.5363931059837341,425.9166564941406,284.4897885322571,0.42675772309303284,377.40376567840576,282.4078357219696,0.4667167365550995,414.373703956604,323.4231095314026,0.4075219929218292,375.49918937683105,323.96831369400024,0.5287081003189087
293,24.134900013450533,150.50257434614355,158.35606857556073,99.09412068203684,136.74541554670262,168.6455496228699,152.6301583736469,162.5215342583691,170.40995525269432,403.72610092163086,167.12684297561646,0.31446799635887146,411.0406322479248,163.66038328409195,0.6758676767349243,402.49654960632324,163.40534591674805,0.5112345814704895,423.5744891166687,167.20570611953735,0.572248637676239,395.5673460960388,166.2878679037094,0.5807596445083618,438.6407890319824,180.48028498888016,0.49811503291130066,379.7513918876648,181.12106227874756,0.5328484177589417,465.415904045105,150.72161382436752,0.41288697719573975,357.7335729598999,149.26092195510864,0.4274046719074249,442.35880947113037,122.17402470111847,0.5574318170547485,363.3345365524292,112.25735473632812,0.5157434940338135,423.53428077697754,248.7250108718872,0.5972212553024292,395.2610197067261,248.28171908855438,0.6415217518806458,422.884578704834,281.746502161026,0.41574209928512573,386.32855129241943,283.1565227508545,0.4146468937397003,408.82111167907715,323.5216884613037,0.38782578706741333,383.1247477531433,321.5001366138458,0.3334443271160126
294,22.079900023527443,146.10253769204445,154.30417898328122,101.23903934498072,135.55653482156998,170.35782995082297,149.86882006399833,165.05832385195305,161.77381666560353,405.4111361503601,166.72265511751175,0.4873102903366089,412.86499404907227,162.97619992494583,0.6741910576820374,400.25837802886963,163.01536083221436,0.45707932114601135,424.81225395202637,166.51949989795685,0.5827720761299133,394.9454689025879,165.88734114170074,0.5841723084449768,442.91010093688965,179.06251484155655,0.48417210578918457,377.70935916900635,179.5707946419716,0.5391632914543152,465.76036643981934,156.93815499544144,0.4800823926925659,356.4134454727173,151.52175563573837,0.45159924030303955,444.58838844299316,124.1313008069992,0.5578774213790894,361.2036967277527,113.79521453380585,0.5908907055854797,428.2396926879883,247.92042446136475,0.6782504916191101,391.4450182914734,247.01532173156738,0.6812373995780945,426.8968200683594,280.1613187789917,0.4709361493587494,381.07988452911377,277.77946949005127,0.40554147958755493,414.53089809417725,319.79856741428375,0.4096134603023529,380.7958736419678,319.1170622110367,0.42627501487731934
295,20.648100005928427,123.30602741489852,134.30823648426914,87.93006677216232,121.58846295861132,172.5692529878338,152.27428526011144,175.5981884501904,163.99251244757775,404.18262100219727,164.7620313167572,0.5075161457061768,412.4276556968689,162.13155514001846,0.6791309714317322,405.4229383468628,161.7785513997078,0.5398273468017578,420.857684135437,165.7950872182846,0.5149233341217041,396.2156329154968,164.4378035068512,0.6635054349899292,440.4825382232666,174.22724682092667,0.3180140256881714,377.1764659881592,175.54826146364212,0.5781036019325256,467.9172115325928,160.91263806819916,0.5371793508529663,353.1360740661621,158.53776907920837,0.42791569232940674,450.5607042312622,128.21224057674408,0.4860912561416626,355.63677501678467,119.80425560474396,0.6770702600479126,431.1622905731201,245.81525146961212,0.7686380743980408,387.94509840011597,243.34123373031616,0.6652724742889404,431.1700744628906,280.205650806427,0.5814110636711121,376.8763818740845,276.0424859523773,0.47623953223228455,428.0873508453369,320.3714648485184,0.43644922971725464,374.89886951446533,318.09346532821655,0.48578330874443054
296,24.347899947315454,101.13716386086043,127.54107624564656,63.45298418938896,96.84600884082295,178.77244639833054,145.09821418918276,170.84018501747227,152.0335888971136,405.1702651977539,165.96184515953064,0.49080389738082886,413.14900493621826,162.6537955403328,0.6509430408477783,405.0143599510193,162.1264837384224,0.561099648475647,421.0466456413269,164.34988021850586,0.568142831325531,393.7819037437439,163.2178180217743,0.6508668065071106,443.6538667678833,175.92650824785233,0.43206095695495605,375.48309087753296,175.24926245212555,0.529097855091095,474.5955867767334,174.48285400867462,0.5502058267593384,351.9932322502136,163.15557938814163,0.5457770228385925,453.8275623321533,137.35076379776,0.3256973922252655,363.88600492477417,131.16923809051514,0.6585723161697388,433.1966152191162,246.18412470817566,0.7870014905929565,387.9676160812378,243.95031476020813,0.6722426414489746,429.1467685699463,278.0705907344818,0.5901281237602234,375.0179023742676,272.2320114374161,0.5325027704238892,430.53452491760254,319.4349365234375,0.5242728590965271,377.4951000213623,314.37319338321686,0.33730295300483704
297,23.47340004052967,88.53265665866935,113.61633246028886,38.29335865570337,86.57975934264482,170.79211289960662,151.13653907731526,178.59240527700248,147.65926025169964,406.35877418518066,165.6902402639389,0.4737548828125,413.7634267807007,162.29594832658768,0.6189553737640381,406.10994243621826,161.54972577095032,0.5296268463134766,421.08341693878174,163.87977838516235,0.5594675540924072,395.4539489746094,163.11610507965088,0.620798647403717,442.59257888793945,176.17641723155975,0.46233803033828735,378.3291893005371,176.05067211389542,0.627055823802948,471.69482421875,182.03612262010574,0.6179800033569336,346.8158588409424,166.81456714868546,0.554735541343689,439.6158981323242,144.23993521928787,0.3622424602508545,356.445415019989,140.00189596414566,0.6637356281280518,430.64203357696533,244.53101873397827,0.7690139412879944,386.79763174057007,242.32948911190033,0.6074347496032715,430.2113924026489,279.330406665802,0.5512899160385132,374.8755683898926,272.46848690509796,0.4539117217063904,430.7088031768799,320.12373542785645,0.5153480768203735,382.65619802474976,313.4170632362366,0.3010169267654419
298,24.639700015541166,85.45181540830475,108.13519127370147,,71.36810851285995,159.96547570215495,147.34349913329496,166.77611778732611,145.06828702345115,411.3671259880066,165.52734285593033,0.5226002335548401,416.7566862106323,162.6010444164276,0.5507199764251709,406.9866156578064,162.88017094135284,0.5000602602958679,421.1485438346863,164.87588143348694,0.48954516649246216,403.8850893974304,164.47202122211456,0.5844960808753967,441.9697666168213,175.05116438865662,0.40096333622932434,383.3749189376831,176.5614733695984,0.5358679890632629,468.28537940979004,182.60541594028473,0.5505753755569458,347.9128313064575,168.79712903499603,0.4720092713832855,437.8311128616333,151.27439659833908,0.2581256628036499,362.4183120727539,144.63856732845306,0.3689584732055664,428.13193130493164,243.257270693779,0.7120198011398315,390.0085115432739,242.0351483821869,0.6041076183319092,432.64244270324707,273.20227313041687,0.5763424634933472,376.45837688446045,268.77721881866455,0.42527034878730774,429.10769748687744,316.5854926109314,0.5082898139953613,382.0271940231323,308.1000690460205,0.42595481872558594
299,23.214099986944348,84.89883516077168,92.25078915252803,14.174100563508745,27.80985661915121,170.41290407331746,147.03448142032735,173.30768883593552,145.68305083229777,406.16223096847534,162.01686453819275,0.3382366895675659,410.24081230163574,161.33186918497086,0.44566163420677185,403.77237462997437,162.07635378837585,0.3498823344707489,419.7492632865906,164.91592556238174,0.44583016633987427,404.2057452201843,165.5603924393654,0.5445190072059631,440.1773490905762,177.0404074192047,0.4340094327926636,381.83120679855347,176.9493786096573,0.595850944519043,467.66160678863525,185.77019846439362,0.5114380121231079,343.4283504486084,179.53770232200623,0.564221978187561,421.2576193809509,157.003613114357,0.3055700659751892,384.81342220306396,154.01195627450943,0.369002103805542,426.1288433074951,240.30366361141205,0.6535667181015015,388.50814151763916,239.35847401618958,0.5255854725837708,424.4580364227295,272.9132032394409,0.5066855549812317,374.91125297546387,266.2071578502655,0.3891051709651947,427.326753616333,316.5736403465271,0.4611437916755676,379.65689849853516,302.45884704589844,0.3056933283805847
300,20.45640000142157,71.60313847591567,83.18637592232037,,17.82729863669969,163.30832692369003,156.2927339730469,170.84748353172265,149.503185984348,408.94373321533203,162.92673951387405,0.5309643149375916,415.4410066604614,162.08501505851746,0.5716125965118408,407.788836479187,161.6920953989029,0.5045033693313599,424.2735481262207,165.81249523162842,0.5931793451309204,396.8470377922058,166.0509650707245,0.636308491230011,438.94051933288574,179.2768955230713,0.4754607677459717,378.7522234916687,180.49787819385529,0.5525141358375549,466.5996618270874,195.27624160051346,0.6255051493644714,342.8311643600464,188.84480690956116,0.6130571365356445,442.30280590057373,182.3403354883194,0.22986410558223724,361.471962928772,177.68458938598633,0.30836787819862366,426.1799440383911,241.16600131988525,0.7083002924919128,385.2594542503357,239.7432737350464,0.5453733801841736,429.3700752258301,277.3281717300415,0.5767005085945129,375.32122135162354,271.38015842437744,0.38871797919273376,426.5058059692383,317.1786756515503,0.4654407501220703,382.50974464416504,302.3750834465027,0.43842756748199463
301,24.653400003444403,76.3380789874364,78.83528437781153,,21.47760889009725,154.43885696062293,159.05802675744974,166.08325336903115,160.97311887329056,408.22091817855835,170.32544434070587,0.4563310146331787,419.4661874771118,167.5465441942215,0.5639386177062988,406.89957761764526,166.77959442138672,0.576735258102417,426.0351333618164,170.7459717988968,0.4487326443195343,395.2533621788025,169.32371431589127,0.5392765998840332,442.423810005188,187.2925306558609,0.5124251842498779,376.89066076278687,186.32380747795105,0.6245209574699402,467.6626682281494,202.1641879081726,0.6401877999305725,342.4444465637207,197.99261820316315,0.5642184019088745,447.0501194000244,199.325499355793,0.2994682192802429,348.54317474365234,192.84031635522842,0.38412004709243774,425.5403003692627,243.05079627037048,0.7313688397407532,384.1005644798279,240.72649884223938,0.6550998687744141,431.02602195739746,278.8378254175186,0.568160355091095,376.93081855773926,270.83908545970917,0.39313849806785583,427.4334030151367,318.3001106977463,0.49218955636024475,379.1769003868103,293.6063166856766,0.46701303124427795
302,23.50140002090484,62.37289953336266,62.092971170294234,42.9673301445318,38.966357635503805,154.12399785600817,161.592481444501,157.45525825242703,171.16401859604383,410.68287658691406,171.4829775094986,0.600643515586853,418.67981243133545,169.29208928346634,0.44803738594055176,403.9934320449829,169.43906021118164,0.39334049820899963,428.09705543518066,171.7562918663025,0.5756560564041138,396.0752954483032,172.64261901378632,0.555564284324646,440.42057037353516,187.9667991399765,0.5043231248855591,379.18991565704346,189.8631899356842,0.4486423134803772,460.86622047424316,205.22296959161758,0.47777625918388367,356.5155711174011,204.20331871509552,0.514998197555542,446.2444362640381,205.93883496522903,0.31470057368278503,358.2556495666504,199.06920838356018,0.4381661117076874,428.34229850769043,242.28085494041443,0.7289105653762817,383.05034589767456,239.99040484428406,0.4859849512577057,434.96659088134766,270.2193487882614,0.600346565246582,376.900390625,264.64972472190857,0.4206809103488922,427.36006259918213,317.1519510746002,0.5159105658531189,374.47383880615234,291.48045921325684,0.43165460228919983
303,24.275099975056946,53.78148819071718,55.70391684361931,78.6091923845595,,147.5747700119507,142.9904095701669,147.50406955155194,150.91355358121731,412.1038408279419,170.74340760707855,0.60685795545578,420.9975414276123,168.2694895863533,0.5288193225860596,404.7648458480835,168.75503355264664,0.34717831015586853,428.61119651794434,171.2270141839981,0.5445098280906677,395.0343265533447,172.64821749925613,0.54475337266922,440.22278881073,188.7306006550789,0.5212734341621399,380.67299938201904,190.77595674991608,0.45301032066345215,456.00533294677734,206.45777040719986,0.3290477991104126,362.1113033294678,206.99891459941864,0.47400879859924316,439.46936893463135,216.11594134569168,0.3828345835208893,372.84276008605957,222.18903023004532,0.26068031787872314,429.19195556640625,240.17286133766174,0.6209953427314758,386.2353720664978,237.0289912223816,0.41435739398002625,439.04383277893066,266.77384424209595,0.536377489566803,372.0026812553406,261.5302429199219,0.3283649682998657,428.0366544723511,317.79858326911926,0.4323781430721283,371.42970609664917,292.3316569328308,0.3002077341079712
304,20.900000003166497,42.45592214831823,51.25462091873354,80.78402497767637,94.81171744649939,168.94401756906112,152.63874646851926,173.72140255175754,177.62008678659774,412.9079065322876,172.63404321670532,0.6545480489730835,419.0790147781372,170.1614642739296,0.40269768238067627,406.11876249313354,170.68292117118835,0.410772442817688,431.5442066192627,171.89058429002762,0.6311790943145752,398.01947355270386,173.17477428913116,0.5411997437477112,444.6261959075928,187.4470089673996,0.563451886177063,381.0207977294922,191.33010709285736,0.5311755537986755,458.10784244537354,208.9694817662239,0.36271932721138,364.0619258880615,209.85851556062698,0.5285990238189697,429.162184715271,221.16506296396255,0.34256646037101746,375.7137770652771,222.4763479232788,0.3517129719257355,434.23404598236084,244.10863935947418,0.6931893229484558,388.6329870223999,240.575439453125,0.5612083077430725,434.5922565460205,275.0619959831238,0.5121093392372131,379.7263469696045,267.0804646015167,0.35308152437210083,430.02619647979736,321.50036454200745,0.4239948093891144,372.8629274368286,290.71331000328064,0.3375053107738495
305,21.20029996149242,53.91873124608721,48.21962728085411,67.8725920057491,95.2789665297261,169.46238289472038,163.8816610441672,171.65022663827952,166.76405444519594,413.3386993408203,172.9947965145111,0.6401562690734863,418.90524196624756,170.44222903251648,0.38606470823287964,406.625599861145,170.799150288105,0.42712730169296265,430.58375549316406,172.55026537179947,0.6244670748710632,399.08452701568604,173.30185848474503,0.5275467038154602,444.21814823150635,189.98806607723236,0.6129570603370667,381.9507956504822,192.91332459449768,0.5608792901039124,462.8368082046509,208.78816491365433,0.392596572637558,366.8127474784851,211.26745349168777,0.49769094586372375,443.8413372039795,216.6931836605072,0.3976759612560272,377.1792459487915,221.55966359376907,0.36637428402900696,435.24034118652344,245.43988227844238,0.7049096822738647,389.45166015625,241.90522933006287,0.586084246635437,436.003212928772,278.02685701847076,0.5383347272872925,385.825656414032,269.7716978788376,0.375419944524765,430.2813968658447,324.5688474178314,0.5565837621688843,378.151575088501,290.1346573829651,0.3310043215751648
306,24.666099983733147,49.5434556038581,38.53814839014682,77.45011540193002,109.94589780931592,173.37829495334248,167.80838094987377,177.2308236204273,,414.08782291412354,173.75020742416382,0.6482493877410889,419.2814211845398,170.46969437599182,0.3690473735332489,406.59355449676514,171.30321341753006,0.4506990611553192,431.15905570983887,171.66070449352264,0.6086148023605347,397.1083793640137,173.14474475383759,0.5308933258056641,443.9606227874756,188.57815945148468,0.5894806981086731,378.07745122909546,191.93806272745132,0.5770384073257446,460.59964752197266,207.42817455530167,0.3702276647090912,367.8758044242859,211.0948976278305,0.49098846316337585,440.9643306732178,218.26081657409668,0.35798606276512146,378.6646800041199,223.06987285614014,0.34449461102485657,435.517427444458,247.84076356887817,0.6942389607429504,387.91196632385254,244.99325704574585,0.6259052753448486,434.6805076599121,280.08732759952545,0.5409700274467468,387.05712842941284,273.9620716571808,0.4043024182319641,431.5362205505371,322.34010887145996,0.514911949634552,391.4663734436035,308.94237756729126,0.22494037449359894
307,27.293599967379123,49.31509163375294,38.80250856149637,80.14036900204191,,171.62230507158674,170.09569450985703,177.57736388769234,,413.65781354904175,174.1044647693634,0.5901265740394592,418.8266954421997,170.9526029229164,0.3811499774456024,407.19041204452515,171.74311476945877,0.43773090839385986,430.10317611694336,171.46531307697296,0.5757459402084351,400.83481550216675,172.66280490159988,0.4817974269390106,446.8857479095459,188.1298817396164,0.6278143525123596,378.112756729126,190.17140579223633,0.5134811997413635,462.3525390625,207.0006240606308,0.4222909212112427,367.82973289489746,209.15477311611176,0.4916626811027527,440.44665145874023,219.3837901353836,0.3343845009803772,381.51734924316406,218.46445614099503,0.2962586283683777,436.6129341125488,246.5302906036377,0.7217775583267212,387.85783290863037,243.48442959785461,0.6011091470718384,435.7262783050537,278.29789209365845,0.535114049911499,388.0885443687439,272.57324838638306,0.41649895906448364,432.7036018371582,321.2935482263565,0.5417750477790833,387.0205087661743,295.3700248003006,0.28682971000671387
308,24.456200015265495,55.222689059105704,52.11499823342036,67.84507030539413,,167.50408893070895,176.06395425134855,174.8582840870036,171.98825389327416,412.96325302124023,173.00491082668304,0.5608614683151245,418.7823677062988,170.51126277446747,0.3530600666999817,407.1976146697998,170.86571955680847,0.39963120222091675,430.96850204467773,171.5466549396515,0.5750315189361572,402.1122832298279,171.9790631532669,0.4248771369457245,444.84318447113037,187.92401987314224,0.5745354294776917,382.7488212585449,188.44388127326965,0.582865297794342,465.25218963623047,208.92228639125824,0.44556763768196106,362.33385181427,206.96912723779678,0.49974551796913147,440.85308170318604,218.7949092388153,0.3215223550796509,372.4170217514038,211.97398805618286,0.25769099593162537,433.68927478790283,245.10340332984924,0.7250092029571533,386.7997798919678,241.8624927997589,0.5673868060112,434.5499505996704,278.9206488132477,0.5392134785652161,387.0193967819214,273.26996779441833,0.41539302468299866,431.77453899383545,322.0282746553421,0.5041127800941467,384.2784061431885,293.78239119052887,0.33521077036857605
309,23.22700002696365,66.70992809920178,58.329020706436566,36.26241130906685,39.07014348956536,164.15417858206806,167.1282931713516,173.42051135100812,161.1519043788778,414.52094078063965,172.07161623239517,0.4918045401573181,418.90011167526245,169.94578725099564,0.3521004915237427,408.8848485946655,170.40379464626312,0.3783102333545685,429.37462425231934,172.05395179986954,0.5769850611686707,403.5218496322632,172.62145018577576,0.4701593816280365,443.2587585449219,189.15484619140625,0.5864037275314331,380.2870650291443,188.54860001802444,0.4480181336402893,469.10688304901123,208.43691337108612,0.5395894050598145,360.7068672180176,204.1556247472763,0.449392706155777,452.67741680145264,208.30511391162872,0.35958510637283325,361.2230806350708,201.80229496955872,0.42476174235343933,430.87620735168457,241.00303268432617,0.7037834525108337,386.3062357902527,238.3850355744362,0.5355045795440674,432.492223739624,279.33841264247894,0.5550276041030884,382.74113845825195,272.39050698280334,0.41742703318595886,429.33428955078125,322.6973577737808,0.4544183015823364,374.6045980453491,289.9729423522949,0.3416551649570465
310,21.607199974823743,73.78817177287749,77.81585695771594,29.50401290847128,4.770044338659367,162.11143822481242,162.66382555864703,169.12189683121488,177.62267672225383,413.75849866867065,173.55481600761414,0.594592273235321,418.63818883895874,170.24547004699707,0.36186927556991577,406.8355121612549,170.98831641674042,0.4004756212234497,430.79376888275146,172.04442155361176,0.6205795407295227,398.09880352020264,172.68732142448425,0.5042020678520203,444.0727310180664,188.39635825157166,0.5543661117553711,381.6387577056885,188.4637680053711,0.527704656124115,472.92680168151855,204.62609696388245,0.5290685296058655,340.4406509399414,198.69680225849152,0.5538397431373596,449.81709003448486,204.68550074100494,0.36121034622192383,351.3580870628357,194.99737149477005,0.44989562034606934,431.1229667663574,243.84774708747864,0.7228823304176331,383.27466344833374,241.5510574579239,0.48919710516929626,434.05137729644775,279.13740849494934,0.5386704802513123,374.69739818573,272.33121716976166,0.30655619502067566,429.4919891357422,321.5592839717865,0.5116971731185913,370.3687467575073,290.79547810554504,0.45063504576683044
311,22.959500027354807,79.38499667489114,87.05292092651031,8.348234296525444,10.28663119656338,159.91747018305782,164.4595818995721,167.4293735286453,165.8881078420118,410.54617834091187,170.44655966758728,0.4557938575744629,417.66671895980835,166.67269611358643,0.5765557289123535,406.42417907714844,167.61309921741486,0.5015079975128174,428.5299711227417,168.7709457874298,0.5539516806602478,395.2702693939209,168.9663799405098,0.5293790698051453,444.13752937316895,186.51838690042496,0.5895608067512512,376.6123614311218,183.62274479866028,0.6901382803916931,477.5240478515625,202.2331789135933,0.5705785751342773,335.0486898422241,192.10690051317215,0.5383723378181458,449.8456983566284,193.846120595932,0.35865768790245056,354.39049339294434,184.36148846149445,0.31150394678115845,429.6595449447632,242.13594961166382,0.7125768065452576,385.17858266830444,240.33192670345306,0.6501784920692444,433.11923122406006,278.122074007988,0.5595816969871521,381.3703398704529,271.57053542137146,0.4049530029296875,427.6404342651367,322.23956406116486,0.44575369358062744,374.1112813949585,290.41962456703186,0.46428900957107544
312,22.589400003198534,80.06770599368893,90.97895300611339,,,167.4280786811459,153.67545984589302,171.1126626062935,172.0503393719924,409.46644163131714,171.60674250125885,0.4820839464664459,420.2704048156738,168.10029566287994,0.5162362456321716,405.8794836997986,167.9096337556839,0.49747541546821594,425.3113327026367,167.47669845819473,0.6060691475868225,394.8172369003296,167.26812994480133,0.5310243368148804,443.4924774169922,181.64159321784973,0.629758358001709,370.54484462738037,179.19863069057465,0.509398877620697,483.0161380767822,197.21600997447968,0.5956972241401672,334.06706047058105,187.43541312217712,0.4365718960762024,462.38099575042725,190.3095302581787,0.26970556378364563,339.6437120437622,178.98051768541336,0.28842025995254517,431.13155937194824,241.9941782951355,0.7199580073356628,385.4930467605591,240.5041834115982,0.6439321041107178,431.7183837890625,275.7095398902893,0.5919597744941711,379.51410961151123,267.2054831981659,0.38908711075782776,425.75440788269043,318.74371588230133,0.4818812310695648,377.290874004364,294.4113304615021,0.5116227865219116
313,22.45969994692132,85.60461966752872,95.68522631155163,,,170.60490339203827,159.94002707947092,172.84934341943088,170.42167460677126,409.3201651573181,168.1344279050827,0.38171350955963135,418.13039112091064,165.93516331911087,0.5522169470787048,404.71746015548706,166.15564107894897,0.4860853850841522,423.44137954711914,167.1922013759613,0.5400019288063049,396.8728914260864,166.71722757816315,0.552098274230957,441.9749221801758,178.44359016418457,0.5331146717071533,373.2028913497925,176.03948938846588,0.43215829133987427,482.4446792602539,188.8874294757843,0.657719612121582,336.30725383758545,177.62742215394974,0.518473744392395,455.4496440887451,177.96247655153275,0.2716028094291687,367.1600909233093,157.90202045440674,0.2647010087966919,430.2906970977783,244.2049390077591,0.7465183138847351,382.7127070426941,242.44653022289276,0.5088522434234619,429.88805770874023,278.1362055540085,0.5258419513702393,376.9357719421387,269.8355462551117,0.39070847630500793,424.36705589294434,318.28147757053375,0.457755982875824,375.66179180145264,301.11891436576843,0.49689218401908875
314,22.60470000328496,92.75479419188103,101.74407998119618,,59.73746212793714,168.33766224372053,151.0994221430434,176.37110790003285,154.89549214201276,409.72854137420654,166.32060408592224,0.5152816772460938,416.9232816696167,164.22044551372528,0.5862301588058472,404.8345470428467,164.31871104240417,0.5005493760108948,422.8755564689636,166.7459750175476,0.5593106746673584,398.35539388656616,165.60864198207855,0.5638412833213806,438.4538745880127,181.57461082935333,0.5277230143547058,377.5160002708435,177.78972125053406,0.622516930103302,483.97244453430176,187.06169641017914,0.6544891595840454,339.51952362060547,173.861308157444,0.5821051597595215,462.03243923187256,176.9388369321823,0.21270744502544403,354.6071786880493,153.22043299674988,0.33877456188201904,428.05474948883057,242.87306928634644,0.7455701231956482,384.0214366912842,241.37854433059692,0.5327518582344055,429.2605447769165,276.82607448101044,0.5614187121391296,371.90634298324585,269.8380249738693,0.4064411520957947,428.0799207687378,319.2265816926956,0.5027824640274048,373.11517095565796,303.688063621521,0.38772112131118774
315,21.612600015942007,93.53728975230416,109.627978742943,41.19325441264572,101.08407925642075,177.7051340895917,151.8486655404444,172.43600467718588,160.14177519658676,406.2258162498474,163.79195481538773,0.4767732322216034,413.7433099746704,162.3772759437561,0.5810915231704712,402.9719228744507,162.86005628108978,0.44729265570640564,422.08076572418213,164.94282108545303,0.5730310678482056,397.4062900543213,164.6648057103157,0.5703414678573608,443.35620880126953,178.81816160678864,0.5502087473869324,375.52918767929077,176.09939175844193,0.6018836498260498,484.7074661254883,183.34944468736649,0.7260144352912903,343.29122257232666,170.8282681107521,0.5148457884788513,463.0204372406006,159.72628623247147,0.3603523075580597,342.5321922302246,146.6487227678299,0.4982945919036865,431.9146490097046,245.12101078033447,0.7492450475692749,387.72118520736694,242.90982270240784,0.5938436388969421,427.4427032470703,279.10732197761536,0.5285342335700989,378.23734951019287,272.43181896209717,0.444039523601532,427.4926414489746,321.1636006832123,0.49118393659591675,379.81265211105347,316.46731185913086,0.5085996389389038
316,23.55330000864342,100.29678840420833,112.74531213849959,44.935709515633654,82.89083586221697,172.70120324779046,146.31003550403045,173.4777030889785,159.49631909720014,409.0408549308777,164.5155555009842,0.5321924686431885,417.42802143096924,162.9001146554947,0.5537479519844055,406.3963794708252,162.71020776033401,0.47613412141799927,425.23233127593994,165.89514768123627,0.6565123796463013,402.49968338012695,164.6658741235733,0.6173060536384583,445.7314577102661,180.1176085472107,0.5512118339538574,379.3334879875183,176.67318665981293,0.624799907207489,486.92016315460205,182.66412168741226,0.7411789894104004,344.2359290122986,166.67295253276825,0.4249992370605469,454.740198135376,146.32510751485825,0.37891072034835815,354.40671825408936,142.72699081897736,0.6647638082504272,430.16757011413574,243.31750071048737,0.765984296798706,387.11371326446533,241.51923298835754,0.6028807759284973,426.11221408843994,278.71408891677856,0.5424661636352539,371.57686710357666,272.2126090526581,0.451045423746109,426.10276222229004,318.73115134239197,0.5106905698776245,367.0559940338135,312.8716881275177,0.4235135018825531
317,22.017100010998547,101.53339762227074,128.09830454621797,,110.1373363439823,177.5668023504252,147.4200523875398,170.58658910979614,156.9719948647831,405.4917297363281,164.26947855949402,0.5009571313858032,414.11847829818726,162.49522876739502,0.6141234040260315,406.39279079437256,162.10790759325027,0.5188454985618591,422.91144323349,165.93588984012604,0.6634073257446289,396.99028158187866,164.9424364566803,0.655255913734436,446.11524391174316,178.37965631484985,0.5781438946723938,377.094482421875,176.52557468414307,0.6274402737617493,483.2388381958008,178.00213605165482,0.6498635411262512,351.99765491485596,162.5932806134224,0.4686625897884369,461.12071323394775,135.27835547924042,0.2965419888496399,357.4105920791626,128.02360153198242,0.5245327353477478,433.4168891906738,244.00809454917908,0.7699854969978333,387.54880237579346,242.07369673252106,0.6445133090019226,427.8566646575928,281.13457202911377,0.5272680521011353,373.13943243026733,275.1843364238739,0.49159151315689087,428.4651222229004,320.0465532541275,0.5087392330169678,372.8067469596863,314.07509183883667,0.40737438201904297
318,23.20019999751821,105.10750857177692,130.52053139124465,69.41237200815517,119.19331398817461,176.22911859079386,160.4692070519153,174.99738878614662,166.80891229688604,404.9926509857178,164.33033537864685,0.4890284836292267,414.2322039604187,162.27537781000137,0.5948630571365356,406.20436000823975,161.65267807245255,0.5025704503059387,424.4135570526123,165.86553126573563,0.6631596684455872,397.3266062736511,163.9168736934662,0.654834508895874,447.2933406829834,177.44582039117813,0.5678138732910156,377.63753509521484,175.53373104333878,0.5828658938407898,480.57664680480957,174.608043551445,0.5659019351005554,353.7744541168213,160.0239034295082,0.47684094309806824,461.93690967559814,135.46038460731506,0.3048962354660034,356.2070207595825,123.67396295070648,0.7059318423271179,435.09967517852783,244.984139919281,0.7649017572402954,386.52734375,243.07085394859314,0.6283186674118042,430.09155082702637,289.1916046142578,0.4708007276058197,377.36166191101074,286.07334792613983,0.49277886748313904,429.2449769973755,322.3913642168045,0.5001385807991028,378.0472254753113,319.96162152290344,0.49304091930389404
319,20.329700026195496,116.92104498045943,138.55145280063525,79.09698668493716,133.90662026388077,172.87785618932267,167.20896801405237,177.19909727868333,177.51697815163143,407.6103377342224,163.00772523880005,0.5293160080909729,414.7560749053955,160.80237782001495,0.5671445727348328,403.6647901535034,161.28286463022232,0.394792765378952,423.0413179397583,164.29539114236832,0.5994904041290283,399.07421588897705,163.16243147850037,0.6126910448074341,446.1508779525757,176.30402851104736,0.5219993591308594,379.41837787628174,174.5724440217018,0.6345958709716797,476.8206672668457,167.04789435863495,0.5654656291007996,359.66943645477295,156.3889193534851,0.3521018326282501,459.1480026245117,133.3818792104721,0.4645601511001587,358.8198299407959,118.05908089876175,0.6216442584991455,433.65505599975586,246.2624750137329,0.7693238854408264,386.6373038291931,244.2545988559723,0.6480724811553955,431.34238147735596,290.31588876247406,0.45928308367729187,381.30369663238525,288.4818363189697,0.4912753105163574,427.9587650299072,323.59228920936584,0.4473659098148346,378.594801902771,323.74027156829834,0.6105325222015381
320,20.58850001776591,119.75939289280828,144.18888823396452,78.75206112660854,143.1818107400016,171.43478064592668,168.2743178049347,175.98285667091812,175.2506976585093,408.86276054382324,164.9910706281662,0.5576841235160828,417.16225719451904,162.36073690652847,0.6028010249137878,403.94177532196045,162.20684266090393,0.4487099051475525,426.7232494354248,165.44728308916092,0.6649966239929199,398.4136972427368,163.2438018321991,0.6200292110443115,445.8844566345215,176.39450174570084,0.5338083505630493,379.86392974853516,174.44333696365356,0.6163261532783508,478.0229244232178,165.49057519435883,0.39548155665397644,361.3675627708435,152.9667774438858,0.35996633768081665,456.656551361084,128.4664659500122,0.47491154074668884,358.6982192993164,113.99184530973434,0.5887126922607422,432.3333110809326,245.9899868965149,0.784295380115509,385.8259596824646,243.63161420822144,0.6509038805961609,430.45486640930176,289.83618545532227,0.4789240062236786,380.5243978500366,288.08783400058746,0.5325003266334534,426.5613040924072,324.1678078174591,0.4833095073699951,379.2229971885681,324.42220413684845,0.6117490530014038
321,21.13060001283884,133.49835251892256,171.2753360955197,93.28962758109897,176.2769612557162,166.24522086965948,158.9900306074069,173.48271802366153,166.74143077967264,409.5348539352417,165.80930423736572,0.5718441009521484,417.34886837005615,162.949931204319,0.629983127117157,403.99550437927246,162.55914837121964,0.4749622941017151,425.52013301849365,166.06981188058853,0.6440566778182983,396.9404697418213,163.59310173988342,0.6620412468910217,444.24149990081787,177.1937175989151,0.5626325011253357,377.5956840515137,175.9101116657257,0.6259915232658386,473.67213439941406,159.89322936534882,0.380681574344635,370.55548429489136,151.46609842777252,0.37045830488204956,456.9557762145996,127.30947411060333,0.48572587966918945,362.26614713668823,113.58774292469025,0.76743483543396,427.73596382141113,248.40539860725403,0.738925576210022,386.59527587890625,245.7524287700653,0.7775454521179199,428.24525260925293,289.78652560710907,0.48068928718566895,376.4049005508423,287.6582179069519,0.5887738466262817,424.71687602996826,324.449555516243,0.4511030316352844,376.1364321708679,325.2700968980789,0.6003236174583435
322,22.441300039645284,143.2845971871571,175.55120946479266,96.33687567409919,171.9122701955029,165.90672220366875,162.6471609279611,172.85798847664802,162.13041863793165,412.3481993675232,166.05270302295685,0.6147439479827881,419.96316862106323,162.69976580142975,0.5932199954986572,406.23673391342163,162.07742220163345,0.5332596302032471,428.14102935791016,165.30418694019318,0.6364657878875732,398.94249629974365,163.26192212104797,0.670622706413269,441.870698928833,177.0963922739029,0.5129300951957703,377.70420360565186,177.30147063732147,0.6503445506095886,472.7980136871338,150.32843774557114,0.3991329073905945,372.8569884300232,151.18553310632706,0.3008468747138977,454.2522392272949,123.38418078422546,0.6591070294380188,371.1866111755371,111.77430373430252,0.6129180788993835,425.98130321502686,249.31728219985962,0.6950172781944275,385.09366750717163,246.8384209871292,0.7848941087722778,427.2616014480591,292.8327000141144,0.4448472857475281,376.32931089401245,290.7517158985138,0.5726236701011658,424.0378074645996,326.58002853393555,0.47389915585517883,380.55937480926514,327.408518910408,0.61286860704422
323,21.70869999099523,144.09068880313123,178.54656160787135,99.28005507406957,176.62741744060426,167.40237810282483,164.85336233277937,171.00671173289095,169.9833769468172,412.7915778160095,166.7146206498146,0.6429721117019653,419.9336504936218,163.78159832954407,0.6225613355636597,406.4830131530762,163.3518112897873,0.5810294151306152,425.6836452484131,167.37836170196533,0.5761405825614929,397.91977405548096,165.31343227624893,0.6962170004844666,438.3764400482178,179.0944675207138,0.45766761898994446,376.9201030731201,176.95338159799576,0.5822229385375977,469.79762744903564,149.05149871110916,0.47402891516685486,374.02740240097046,150.16978549957275,0.32426825165748596,451.8949337005615,122.93990606069565,0.7024833559989929,372.1635146141052,111.9452854692936,0.6125693321228027,425.4784336090088,249.541734457016,0.6572516560554504,386.28935384750366,247.0080850124359,0.7714462876319885,427.2146453857422,294.2806706428528,0.40576088428497314,380.4229040145874,291.3946157693863,0.5584703087806702,423.2757444381714,327.4566402435303,0.4545421004295349,381.9356575012207,326.21488761901855,0.5375761389732361
324,22.720100008882582,145.29291257417887,,100.56128881192883,,174.04148553626047,165.34296697919328,179.23131981843983,167.34255322632023,412.79918479919434,166.7274985909462,0.638992428779602,420.07413959503174,163.79362154006958,0.657204806804657,406.3701720237732,163.40635734796524,0.6156922578811646,425.9800901412964,168.23443138599396,0.5501734018325806,398.53626823425293,165.87145739793777,0.668224036693573,437.4038076400757,179.12389874458313,0.43198180198669434,377.9168200492859,178.66455227136612,0.6127012372016907,466.8287811279297,148.56497180461884,0.49042582511901855,377.7069835662842,150.67098528146744,0.29145997762680054,446.5714101791382,120.18794417381287,0.6700096726417542,375.2368116378784,112.48142236471176,0.5523832440376282,426.14056968688965,248.58913719654083,0.6261076331138611,387.0704469680786,247.9360375404358,0.7448040843009949,423.2858028411865,298.8416271209717,0.35344865918159485,381.1514558792114,295.2578556537628,0.5749515891075134,421.2408638000488,327.9391356706619,0.38007256388664246,384.29918003082275,327.781950712204,0.55760657787323
325,22.496999998111278,160.7646059384966,,111.76302009798187,,164.90938218063215,165.66090405783254,173.390313826003,168.94894589145414,410.4046530723572,167.95373785495758,0.405011922121048,417.73970556259155,164.65137219429016,0.6940826177597046,404.40425968170166,164.2875846028328,0.555729329586029,425.2600803375244,167.08134281635284,0.35921382904052734,396.2795467376709,165.56037819385529,0.666020393371582,440.1754789352417,182.05435687303543,0.577121913433075,377.12640142440796,179.2585330605507,0.6203833222389221,464.17841720581055,145.83892250061035,0.38265326619148254,375.84471321105957,153.70329880714417,0.28104645013809204,445.7656764984131,119.2488160431385,0.6495017409324646,381.0501136779785,111.59429746866226,0.48895156383514404,423.3222961425781,248.1705471277237,0.5675262212753296,386.5749316215515,247.87808680534363,0.7367337346076965,424.02992248535156,299.4686290025711,0.5403373837471008,381.0546374320984,296.3359558582306,0.5695244669914246,420.8771185874939,330.4033524990082,0.5385099649429321,383.7286310195923,329.9227659702301,0.6589214205741882
326,21.65830001467839,157.85492482489371,,107.94286172122386,,172.78895063032394,161.84045637411748,173.85226728892667,162.70666016432116,407.84403133392334,168.71661341190338,0.38224083185195923,416.15394020080566,165.11484986543655,0.6970236897468567,402.7638301849365,164.75678896903992,0.5317437052726746,422.0287551879883,168.47233140468597,0.3446131944656372,394.0578022003174,166.8700534105301,0.5645543336868286,439.150128364563,181.52005052566528,0.556022584438324,372.4218235015869,181.17696166038513,0.5538979172706604,462.54258728027344,147.6158362030983,0.3052094578742981,377.8530578613281,153.34456837177277,0.26540082693099976,442.68133544921875,121.68825280666351,0.6567503809928894,385.72171115875244,109.89356163144112,0.5488001108169556,424.2816858291626,248.81544137001038,0.5901871919631958,383.69481658935547,247.31832373142242,0.6071596741676331,419.70599699020386,298.6324175596237,0.39652737975120544,376.62512397766113,294.695613861084,0.44904062151908875,420.21447706222534,331.0063364505768,0.5825253129005432,381.93737602233887,328.9860382080078,0.584857165813446
327,24.065300007350743,,,,,172.25476391588953,158.02553596715555,172.7778739449441,159.58251322691774,407.6955814361572,168.34812480211258,0.5021142959594727,414.4171977043152,165.17000848054886,0.7292024493217468,401.73807525634766,164.99296528100967,0.5673372149467468,419.07148361206055,170.28061372041702,0.34299302101135254,395.8178458213806,169.35561001300812,0.4295629560947418,439.4446020126343,182.9541745185852,0.5337435603141785,373.4266023635864,183.7882776260376,0.5018293857574463,459.85380935668945,146.32372570037842,0.22989733517169952,380.1921167373657,150.5765660405159,0.2637040317058563,437.3979949951172,120.1526437997818,0.5912951827049255,384.52857732772827,109.07080507278442,0.6141113042831421,423.63079595565796,247.72887933254242,0.5355159640312195,384.9976325035095,247.44644784927368,0.6848177313804626,418.3542537689209,298.1491243839264,0.3862352669239044,375.33759784698486,294.2064515352249,0.4499799311161041,419.0795707702637,331.4486310482025,0.5578579306602478,380.8163695335388,329.82287645339966,0.5523198843002319
328,22.574300004635006,,162.7076978689847,,172.44978418597663,174.09934079610267,162.4505868254256,174.26719118447264,175.15137411841962,401.96684074401855,168.65350580215454,0.3094507157802582,409.7483801841736,164.56582790613174,0.6085413694381714,398.225594997406,164.64338046312332,0.5634433627128601,422.4260115623474,168.97670793533325,0.49722906947135925,389.87641286849976,169.71451139450073,0.4249829649925232,435.00182056427,181.96371269226074,0.554220974445343,369.5386252403259,182.5641324520111,0.4749177396297455,459.4519786834717,144.38347297906876,0.19590871036052704,372.3415584564209,151.20134562253952,0.32307863235473633,436.2228298187256,120.5491390824318,0.5791499018669128,382.1430678367615,107.55679225921631,0.6189689636230469,423.50453519821167,247.93353033065796,0.599930465221405,383.4790663719177,247.12156474590302,0.6998762488365173,420.0536689758301,297.4619779586792,0.43994736671447754,378.78879261016846,297.0731325149536,0.5426952838897705,421.085666179657,331.2936968803406,0.5625866055488586,378.48706579208374,330.6069493293762,0.5298323035240173
329,23.477200011257082,,177.99523945019342,,151.3911514238833,174.37825696953342,163.08420346452272,178.09049007474044,177.42267621393668,404.30756759643555,167.73541116714478,0.43116992712020874,407.2901873588562,164.56800746917725,0.6066160798072815,397.8679151535034,164.80043721199036,0.5602745413780212,420.0209159851074,170.07980901002884,0.44787460565567017,390.0237760543823,170.45584774017334,0.44058361649513245,432.2361640930176,182.09753501415253,0.5360410213470459,370.1458444595337,183.11125975847244,0.4361226260662079,457.74467849731445,146.76787221431732,0.18900001049041748,364.668336391449,152.06258642673492,0.47047603130340576,435.9082899093628,122.0523253083229,0.6202031373977661,379.09271812438965,109.21094527840614,0.6194033026695251,422.75457763671875,247.66320753097534,0.5190402865409851,383.85026693344116,247.53157901763916,0.6866022944450378,420.53050804138184,296.51171696186066,0.43767228722572327,379.6400671005249,296.58063673973083,0.5237388610839844,420.1236228942871,329.9400030374527,0.5222105383872986,378.31185245513916,329.2420015335083,0.5278716087341309
330,19.35869996668771,,176.94187984447103,,142.48273498083665,171.64146592088503,160.15269649754075,172.37957830411509,167.88488050359783,398.008581161499,167.8025645017624,0.559843122959137,402.87295627593994,163.88427996635437,0.5497074127197266,391.1582021713257,164.53031384944916,0.5400027632713318,417.4818515777588,168.19655257463455,0.4109431803226471,385.6055088043213,167.8221093416214,0.5615861415863037,426.9962921142578,179.27450227737427,0.5736260414123535,363.6140995025635,179.99409997463226,0.36425936222076416,456.4593257904053,152.4633553624153,0.23510505259037018,357.07639026641846,150.06399834156036,0.5076809525489807,440.88376235961914,122.44317936897278,0.6610724925994873,376.2602415084839,109.28799211978912,0.6216767430305481,420.4027056694031,247.5633749961853,0.5838355422019958,382.08471393585205,247.14347434043884,0.7278225421905518,423.03474712371826,300.55524802207947,0.5217581391334534,378.09835147857666,298.1655352115631,0.4949076771736145,420.7316508293152,328.1150677204132,0.4866207540035248,382.1453170776367,328.30484640598297,0.5683979392051697
331,22.3513999953866,,175.1569257830457,,130.7411174595778,168.64386250805794,166.32335210444793,175.85488824192072,166.31793597850108,397.2320876121521,165.5704070329666,0.5980558395385742,402.2145857810974,161.4975872039795,0.5540000796318054,390.1844072341919,162.0348566174507,0.4646572768688202,415.9094805717468,165.61206090450287,0.6294240951538086,382.40289306640625,164.7524298429489,0.6069273352622986,428.86680126190186,175.19099831581116,0.4765861928462982,363.77359342575073,177.13357305526733,0.46474358439445496,460.3150300979614,157.77876830101013,0.2322312593460083,355.6342730522156,149.67683386802673,0.47995835542678833,442.6336717605591,127.29786401987076,0.7244465351104736,376.18300914764404,117.72640550136566,0.4952408969402313,418.57892513275146,246.9928708076477,0.5894261598587036,378.12190532684326,246.60858392715454,0.7522436380386353,421.7239451408386,303.20673632621765,0.5083532333374023,376.26794958114624,299.49498319625854,0.4401094317436218,421.3187026977539,327.82927429676056,0.4951787292957306,382.2108736038208,328.25709545612335,0.5355846881866455
332,21.11450000666082,,162.34482639805287,,108.01173038634714,160.9486673979247,165.3168372807754,171.39575802178172,162.4237495961858,396.70897483825684,162.60017544031143,0.610029399394989,401.9233469963074,159.16729241609573,0.45832499861717224,390.67999839782715,159.31580185890198,0.42608827352523804,415.02709579467773,163.03621625900269,0.6462231278419495,382.09646558761597,161.42986404895782,0.5198526978492737,432.9881181716919,174.2763083577156,0.560470461845398,359.4282875061035,172.89242827892303,0.5486263036727905,461.82606506347656,160.32475435733795,0.2807096540927887,347.6051149368286,152.56657832860947,0.4790293872356415,442.13555335998535,125.65547066926956,0.6461559534072876,377.2325201034546,119.4330318570137,0.5429356098175049,417.03218030929565,246.6090967655182,0.5814164876937866,375.706018447876,246.13138782978058,0.7742949724197388,423.25739669799805,300.3165217638016,0.45235660672187805,373.8300757408142,296.0407888889313,0.4320365786552429,422.36808729171753,325.87761092185974,0.346463680267334,382.23169803619385,326.49350130558014,0.5368757247924805
333,20.357800007332116,108.86459844883706,154.77409705506378,81.04531597951537,99.96245754558517,162.52716129474248,160.90936503956462,172.1552662781011,155.35167767366656,393.5252375602722,165.37770801782608,0.6281401515007019,401.4090037345886,161.6089870929718,0.588267982006073,386.73680114746094,161.66075527668,0.49957993626594543,410.2989134788513,165.49929344654083,0.6489913463592529,378.172070980072,164.15503013134003,0.6512355804443359,427.6116237640381,175.05150628089905,0.49334895610809326,359.0894355773926,176.90504658222198,0.5460437536239624,462.89013290405273,169.41934442520142,0.4571602940559387,345.79017972946167,160.25791442394257,0.5976061820983887,450.4204931259155,131.09937810897827,0.4232345223426819,373.4231147766113,128.93266451358795,0.5617814064025879,415.36847496032715,245.97636818885803,0.577101469039917,375.59588146209717,246.21780109405518,0.8027831315994263,422.26406621932983,297.1192309856415,0.49015066027641296,370.73562574386597,294.95026659965515,0.4620654284954071,422.17659854888916,327.3358098268509,0.5038011074066162,381.81965732574463,327.2268886566162,0.5480603575706482
334,20.224300038535148,98.56045306044552,149.29731008115363,69.51170462958423,83.81884024511145,176.33451093934238,164.36198028987843,177.61747672665675,179.87417260365,392.3370065689087,166.12512719631195,0.6035634875297546,399.75368881225586,162.65363883972168,0.6306612491607666,389.4214849472046,161.67028552293777,0.518828272819519,407.1248049736023,167.09080183506012,0.6088132262229919,375.1824254989624,165.59000885486603,0.6291053295135498,426.120756149292,177.69655561447144,0.558646023273468,353.31285429000854,178.84727942943573,0.4996514916419983,459.610032081604,173.00152039527893,0.47673842310905457,338.30559062957764,165.7518520951271,0.5502062439918518,437.8409185409546,132.85580676794052,0.5646028518676758,368.50660276412964,137.87271928787231,0.4669559895992279,425.4037284851074,248.54161417484283,0.7027983665466309,375.6826162338257,246.92868053913116,0.7674626111984253,422.0449800491333,293.78857374191284,0.5181583762168884,377.5851707458496,289.62959706783295,0.36332979798316956,421.00032138824463,325.90803933143616,0.5065420269966125,379.11280965805054,325.6970063447952,0.5336116552352905
335,20.496100012678653,85.90072879058788,101.84826406495192,45.90957584071079,36.23832863222943,169.85727446237215,163.26333408518326,175.45546469371396,163.18697745723003,391.96580600738525,166.81205993890762,0.5424081087112427,398.2529649734497,163.59046632051468,0.6542068719863892,389.3279013633728,162.9748466014862,0.5804089903831482,402.29265213012695,165.57619071006775,0.4601792097091675,374.2379717826843,165.90286874771118,0.5810334086418152,424.48578548431396,183.04618626832962,0.6467955708503723,358.4578790664673,181.64600932598114,0.5820748805999756,454.56506061553955,187.62365329265594,0.46488508582115173,330.3553581237793,182.55256509780884,0.5160927772521973,427.55415439605713,149.66830080747604,0.37709301710128784,367.28066539764404,153.6140079498291,0.4071926176548004,419.67827320098877,243.40918481349945,0.7599994540214539,373.33645582199097,242.69927406311035,0.7286258935928345,423.7055263519287,284.56283950805664,0.5859593749046326,371.19965171813965,282.9245773553848,0.47573426365852356,424.44762420654297,325.26305961608887,0.4458303153514862,381.31269359588623,324.183677315712,0.5699840188026428
336,22.103000024799258,84.94836474788268,96.31663141245423,,41.134945097547714,159.85408916075454,166.45925070368335,171.28830493010247,164.55188631996003,387.8889684677124,167.91362249851227,0.37320488691329956,396.188844203949,164.59792304039001,0.6376461982727051,384.25240087509155,163.73501551151276,0.6119646430015564,407.6226453781128,166.41164714097977,0.496507853269577,371.0938868522644,166.4164763689041,0.553311824798584,421.21276092529297,185.37504225969315,0.6152950525283813,358.23634147644043,183.7374211549759,0.6180275678634644,457.0762748718262,193.42525124549866,0.5535370111465454,329.18160820007324,186.44044971466064,0.5120927691459656,446.9378089904785,180.31812834739685,0.2544262111186981,342.3609972000122,172.5765198469162,0.34452569484710693,413.7291069030762,241.46444475650787,0.711249053478241,370.00588607788086,240.9135993719101,0.6279081106185913,422.17642164230347,279.42300248146057,0.5854536294937134,368.73963928222656,278.90287041664124,0.44328394532203674,425.2193412780762,324.82310128211975,0.3051021099090576,379.60948753356934,324.0434730052948,0.5802744030952454
337,20.17350000096485,77.49599615940608,87.67377733175046,42.11553471811463,25.086253139176737,175.6537296930151,179.46386470544022,177.1547557364999,165.99707505958474,391.96762561798096,166.18381869792938,0.5530886650085449,400.78662109375,164.44598042964935,0.5947449207305908,387.8058981895447,162.66232860088348,0.5868858098983765,407.7490577697754,167.1671720147133,0.5251920223236084,373.7081365585327,165.8405161499977,0.6472908854484558,417.59901428222656,184.62618428468704,0.46753525733947754,354.47093534469604,182.1793754696846,0.6395763754844666,462.0315799713135,195.07961082458496,0.5853021144866943,327.1659345626831,189.8091567158699,0.5323340892791748,452.1051998138428,180.71493703126907,0.3739379942417145,345.2007522583008,174.2978048324585,0.3596189618110657,416.8363699913025,244.07900869846344,0.7807791233062744,369.00393772125244,243.7272585630417,0.6924242377281189,419.4348497390747,285.2506697177887,0.6366526484489441,379.2117509841919,285.2179905176163,0.5074955224990845,424.00591373443604,325.6425030231476,0.4664948582649231,379.0808653831482,326.6128216981888,0.5969250798225403
338,23.249700025189668,71.85217083244144,80.87474778871915,38.46552541244749,13.590234902738219,173.88763127646254,171.77721490653474,173.93874523998224,160.31363882554817,388.7056703567505,168.90888506174088,0.3769148886203766,399.15119552612305,165.7894744873047,0.6506832838058472,385.31876850128174,164.50301945209503,0.6857588291168213,407.7029356956482,168.22990131378174,0.5137490630149841,373.64455127716064,166.89321660995483,0.6277227997779846,420.2666392326355,187.7094824910164,0.5311638116836548,357.12001037597656,184.71836698055267,0.6803398728370667,455.7952184677124,201.51114523410797,0.6089882850646973,328.6920065879822,194.36544066667557,0.5652399063110352,449.6742000579834,191.03837329149246,0.4562453329563141,343.00074195861816,185.3076182603836,0.41081494092941284,417.19362020492554,244.7896602153778,0.7891678214073181,367.212354183197,244.26496958732605,0.6696719527244568,419.18445110321045,282.39125394821167,0.6442792415618896,379.7299609184265,283.1542434692383,0.5147336721420288,425.7945909500122,323.6967942714691,0.42570751905441284,378.45633459091187,322.7112329006195,0.4739261567592621
339,22.2582999849692,62.29109583719906,70.64721929100368,,16.422946000990752,166.88234645597353,173.7160048490039,176.08511028471835,163.2212090177121,390.0656270980835,168.26816475391388,0.3995424211025238,400.1806402206421,165.14858323335648,0.6266663670539856,387.30631399154663,164.0141705274582,0.6626935601234436,408.95262908935547,168.74353742599487,0.5181883573532104,375.90582180023193,166.96025598049164,0.6518300771713257,425.84806728363037,187.83744990825653,0.595431923866272,354.9179530143738,185.17191553115845,0.6662342548370361,447.6899652481079,204.5618212223053,0.6080328822135925,329.03164196014404,200.15901839733124,0.46964672207832336,437.7326011657715,193.72326731681824,0.2662176191806793,358.3428897857666,193.04290175437927,0.48229625821113586,415.9279546737671,245.67538905143738,0.7881748080253601,366.20102977752686,244.79302215576172,0.6590182781219482,418.03602409362793,281.3134386539459,0.6037348508834839,377.47940587997437,281.68228340148926,0.5185399651527405,423.2772607803345,322.2270280122757,0.4517231285572052,377.6311159133911,320.9271252155304,0.47667554020881653
340,21.857800020370632,42.99257437146227,51.70064495736367,71.39429311752319,55.69021381281994,176.0575203704045,179.39119642098424,172.23307416731691,170.89282206203524,389.2577452659607,168.82866859436035,0.39823606610298157,398.4875431060791,165.48472028970718,0.6758351922035217,384.04334783554077,165.31036949157715,0.6870912909507751,409.5849184989929,168.12961292266846,0.5649184584617615,374.25983238220215,167.71995478868484,0.6135444045066833,422.4814338684082,188.23719316720963,0.463662326335907,358.5038242340088,187.14315223693848,0.6626721024513245,438.7282314300537,208.13815653324127,0.45469048619270325,343.47603940963745,203.91957664489746,0.4478091299533844,429.0183343887329,211.79210138320923,0.35083821415901184,352.94620275497437,205.17360889911652,0.42889314889907837,418.8004627227783,244.17391228675842,0.7601765394210815,368.22921323776245,243.16914796829224,0.6856083273887634,418.9235644340515,283.9095973968506,0.5883442163467407,375.73076009750366,283.81614685058594,0.5188840627670288,424.5125741958618,323.959282040596,0.39900243282318115,376.71499252319336,325.60210275650024,0.6124168634414673
341,22.487399983219802,33.12565255243821,39.61460453622022,95.64799522369964,107.39967870371815,177.59890133407816,177.0010314959858,169.53846761588957,169.36597654011348,387.95821475982666,169.27362710237503,0.3997250497341156,398.55780029296875,166.0835587978363,0.6852738857269287,382.29588985443115,165.96443784236908,0.662306547164917,408.84547424316406,169.6894108057022,0.47199687361717224,371.3611674308777,169.97115850448608,0.4216262102127075,426.3353691101074,188.51919728517532,0.5107132196426392,347.90082693099976,187.31364250183105,0.4998408257961273,436.641845703125,209.18722438812256,0.37207868695259094,340.99894285202026,203.66449654102325,0.4075966477394104,421.4760990142822,218.71984964609146,0.3629089891910553,356.96524238586426,217.1976456642151,0.30134329199790955,419.50561237335205,247.35185766220093,0.7386082410812378,365.88737440109253,247.15421545505524,0.5880353450775146,417.53034925460815,274.11803150177,0.5218278765678406,372.1331624984741,272.7163872718811,0.4546193778514862,422.29772901535034,317.7124549150467,0.455832302570343,374.6978278160095,320.12607169151306,0.4819614589214325
342,23.14849995309487,29.163146547363088,25.19181010343527,96.5841618511144,132.18176383572072,179.66179064602755,167.04336486987674,166.0480538576115,175.47228664969273,387.01980113983154,170.96479707956314,0.4385949671268463,397.2924633026123,167.47772413492203,0.6445657014846802,381.14988899230957,167.55145889520645,0.6125250458717346,409.18660068511963,170.24237877130508,0.48853397369384766,371.3292989730835,170.60928612947464,0.45637187361717224,425.2028636932373,187.16216999292374,0.49087750911712646,347.45691776275635,188.71813583374023,0.4290374219417572,436.77235221862793,213.47666144371033,0.5046848058700562,344.7039985656738,207.20742613077164,0.5626301169395447,411.9457621574402,227.99428927898407,0.43057066202163696,361.1754927635193,227.29620230197906,0.38260215520858765,419.3075022697449,249.18348836898804,0.7235251665115356,365.5425581932068,248.91251027584076,0.5530982613563538,417.28730487823486,269.1827884912491,0.5233348608016968,366.9043092727661,269.5977032184601,0.42281845211982727,423.9719982147217,315.6640360355377,0.5146074295043945,373.9958372116089,318.2429292201996,0.4881307780742645
343,22.3944999743253,35.33579286438886,34.922124581380174,96.33834071756294,119.92690076977777,177.24866917367567,136.95368821389016,168.8789014393563,145.48687844992585,387.9601354598999,171.47403132915497,0.46594491600990295,398.5157217979431,168.04498034715652,0.639060378074646,381.55070877075195,168.00623255968094,0.592557966709137,409.33037519454956,171.2454336285591,0.5210314393043518,371.8893852233887,171.16792380809784,0.5092872381210327,424.49498462677,189.54048639535904,0.5725384950637817,349.3841886520386,189.65815430879593,0.4692589044570923,436.9813041687012,210.94447928667068,0.5330053567886353,344.4087920188904,205.67341262102127,0.6033474802970886,413.8053283691406,228.15402418375015,0.37081900238990784,365.87190771102905,228.83941841125488,0.3601989150047302,419.2371439933777,248.70951175689697,0.7276131510734558,367.9917540550232,248.0905158519745,0.5867836475372314,418.5529451370239,265.548787355423,0.4529094398021698,361.17425441741943,262.4595060348511,0.42074644565582275,426.2076930999756,315.0275181531906,0.6030751466751099,369.2682867050171,312.81949257850647,0.30062490701675415
344,22.68789999652654,40.026069136860215,31.940169111219237,92.05310215354145,127.9299529047459,173.5396764097584,161.56843309238906,174.4399073764559,169.02598049680827,386.58830070495605,170.91448193788528,0.43843650817871094,397.62115573883057,167.61231571435928,0.6340480446815491,380.15888357162476,167.36371731758118,0.6196691393852234,407.47659635543823,171.1361990571022,0.4556746482849121,370.9425559043884,170.9731307029724,0.47283443808555603,423.87320852279663,188.80027544498444,0.5259445905685425,347.9673185348511,189.4753701686859,0.42471179366111755,437.67472743988037,208.16529422998428,0.5076118111610413,344.9375910758972,202.1197988986969,0.552297830581665,412.21890592575073,227.71992075443268,0.3529497981071472,365.6448860168457,228.06359368562698,0.3249369263648987,419.249249458313,246.9246917963028,0.7656859755516052,366.94575595855713,246.30937123298645,0.6292917728424072,420.16201162338257,274.26869201660156,0.48834770917892456,366.96132373809814,272.5307967662811,0.4477859437465668,425.69264221191406,316.4374817609787,0.5296945571899414,376.1517219543457,319.77591705322266,0.4500895142555237
345,23.69090000865981,32.4571398640883,31.84266733072098,98.8698916781807,,167.14020897676303,146.38312172864707,177.72068102529045,153.51590932293539,385.1781783103943,170.75345069169998,0.40280190110206604,395.67096281051636,167.2105923295021,0.619503915309906,379.12870597839355,167.0722969174385,0.6259515881538391,407.08924674987793,171.19865137338638,0.44922977685928345,370.54919147491455,170.74860721826553,0.45441463589668274,422.77080249786377,189.1099728345871,0.5150863528251648,346.6297278404236,189.2244782447815,0.411232590675354,434.2138786315918,211.37549144029617,0.45649054646492004,344.14426612854004,202.32104521989822,0.5533645153045654,411.1524119377136,228.1738396883011,0.3588860034942627,359.65366649627686,228.63023734092712,0.2948818802833557,417.4776563644409,246.63963913917542,0.7642121315002441,368.4091272354126,245.67624378204346,0.7535160779953003,421.2624464035034,274.9941303730011,0.5001338124275208,362.27345085144043,273.30686366558075,0.4119122326374054,425.1577777862549,316.79695296287537,0.5161705613136292,373.9903783798218,320.4266519546509,0.3294422924518585
346,24.84939998248592,43.26344335899959,35.46610611844021,100.35921779389598,128.17270526376217,156.1773977392926,134.72338570154605,164.55723948778913,136.83009338083937,385.7242636680603,170.68877607584,0.4132688045501709,396.4722990989685,167.54076051712036,0.6177920699119568,379.9621887207031,167.24146234989166,0.6251686811447144,407.6252737045288,171.45423007011414,0.46822139620780945,371.8306269645691,170.93387007713318,0.4884236752986908,423.06691884994507,187.79414355754852,0.4618522524833679,347.5114049911499,188.6528913974762,0.39213451743125916,436.7274179458618,206.6625781059265,0.5105526447296143,344.1627402305603,200.87231957912445,0.5506078600883484,416.6588315963745,227.63621413707733,0.4182155132293701,364.1271286010742,227.85070878267288,0.36731860041618347,415.56620597839355,245.86861515045166,0.7537975311279297,368.27035665512085,245.25454819202423,0.749930202960968,423.4499468803406,272.5465807914734,0.45052310824394226,355.9606657028198,271.4901907444,0.33066195249557495,424.17473316192627,313.23751282691956,0.43916061520576477,368.58320331573486,310.259916305542,0.3404932916164398
347,20.168600021861494,35.31780122012934,41.58519958490139,94.51849086679789,120.42127156193985,166.67451301723304,145.54820467236252,174.02546976415044,150.84797801561976,387.5635108947754,170.68369042873383,0.4504118263721466,398.69280529022217,167.55390912294388,0.6386123895645142,381.1013660430908,167.27691942453384,0.6249213814735413,408.8340005874634,171.47046995162964,0.4989200234413147,371.4701166152954,171.02754855155945,0.47672221064567566,424.31742095947266,188.15894258022308,0.5039380192756653,347.30510663986206,188.4023271203041,0.43084317445755005,437.89697265625,212.22698831558228,0.4866616725921631,341.9091272354126,202.14878851175308,0.5146986246109009,415.73209381103516,227.1497299671173,0.37991228699684143,361.61978101730347,227.24434864521027,0.35643303394317627,418.26792335510254,246.84437561035156,0.756753146648407,368.3532500267029,245.753368973732,0.73346346616745,422.20712757110596,277.0095566511154,0.502480149269104,360.95643186569214,274.7756612300873,0.3689558804035187,423.2050070762634,316.01461803913116,0.4413697421550751,372.2101421356201,317.20836329460144,0.40349268913269043
348,19.180600007530302,47.317170331587576,50.795708913318784,83.61120980686762,,170.11818641881501,164.67604282845542,178.55708998389477,171.73891493420794,387.4842314720154,170.70433217287064,0.44599682092666626,397.7069048881531,167.41722345352173,0.6730850338935852,380.9119749069214,167.5885969400406,0.6358790397644043,408.4069228172302,170.22341799736023,0.48360493779182434,370.09684133529663,171.04484260082245,0.4526139199733734,425.1351842880249,188.87466549873352,0.4660782217979431,346.8609447479248,188.5243256688118,0.469596266746521,442.04881858825684,208.0637664794922,0.5501424670219421,336.61213970184326,204.33999013900757,0.48054343461990356,420.97343158721924,222.82352524995804,0.35186588764190674,348.9426803588867,220.84170413017273,0.2995036244392395,419.19458532333374,246.12987780570984,0.7733049988746643,365.29496479034424,245.76165986061096,0.6006747484207153,421.3850679397583,277.7871050834656,0.5069721937179565,366.63879776000977,276.20078206062317,0.45907822251319885,425.17294120788574,317.85032296180725,0.47242122888565063,374.9765315055847,319.9545557498932,0.34402886033058167
349,21.042499982286245,42.28973762699251,,65.96124883589842,,169.18880304271917,163.4581270443648,172.6020501494726,,387.4966402053833,170.86882507801056,0.45709100365638733,397.6681876182556,167.5444643497467,0.6737170219421387,381.1038427352905,167.7928348183632,0.6532788872718811,408.2211456298828,170.03348261117935,0.4763128459453583,370.0973467826843,171.15080070495605,0.4524286091327667,422.525887966156,186.98387318849564,0.4716886281967163,345.82353925704956,188.07002210617065,0.4779943823814392,440.35304260253906,209.1260256767273,0.4371293783187866,329.16962909698486,204.68097066879272,0.28782734274864197,424.250449180603,213.38039028644562,0.3052773177623749,344.8233346939087,208.7315817475319,0.42795881628990173,419.135751247406,243.194561958313,0.7242865562438965,364.3259210586548,242.66987133026123,0.5713370442390442,422.98546600341797,272.9994455575943,0.47233444452285767,365.44705390930176,272.1457691192627,0.4487973749637604,422.96145725250244,309.0551450252533,0.39365577697753906,373.43317317962646,310.79343914985657,0.29332032799720764
350,22.639600036200136,42.84760303888737,66.69989627391249,,26.439599739209704,173.5364640305203,179.51304673530734,177.86463620569677,157.72230222190134,387.4410915374756,170.1885734796524,0.4341241121292114,397.7242670059204,166.78412449359894,0.7007418274879456,381.06067752838135,166.76355397701263,0.6987369656562805,408.10807704925537,170.03342562913895,0.45763900876045227,369.8128809928894,170.28659683465958,0.4216899275779724,425.75370025634766,189.57588648796082,0.5067610144615173,345.41051292419434,187.63147407770157,0.43758270144462585,439.3416929244995,207.60208374261856,0.4461063742637634,328.4922790527344,203.52822399139404,0.5363172292709351,421.4730157852173,206.03832560777664,0.27712252736091614,341.54290533065796,199.5936141014099,0.45937564969062805,420.2785425186157,243.1159552335739,0.711733341217041,365.4418730735779,242.91643261909485,0.5961688756942749,420.6598014831543,278.0878562927246,0.5305136442184448,377.69839096069336,277.66265630722046,0.4338598847389221,422.5085258483887,316.43688344955444,0.4846302270889282,375.65052032470703,318.8316961526871,0.44906699657440186
351,22.27010001661256,69.60453138905439,75.90659622369071,4.515827594693907,7.6842754192715335,168.93862649535194,176.26122292787,177.3813877029861,161.30182337204553,387.53932523727417,170.5463209748268,0.4989423453807831,397.7698583602905,167.38643890619278,0.6485257148742676,382.25029850006104,167.0334351658821,0.7193291187286377,406.97622871398926,170.20438599586487,0.4495145082473755,371.3067054748535,170.11147677898407,0.43469953536987305,421.31501293182373,187.5668706893921,0.5481416583061218,349.86845779418945,185.84108412265778,0.5256356000900269,450.4593114852905,201.9468014240265,0.5025364756584167,324.7240424156189,199.41984736919403,0.5863332748413086,442.81669425964355,197.39490509033203,0.4012077748775482,349.2154703140259,190.1720753312111,0.41422802209854126,415.449321269989,244.65466976165771,0.7438722252845764,364.7776141166687,244.43021750450134,0.6369945406913757,418.52767276763916,278.5134551525116,0.6070533990859985,375.9078688621521,278.65351700782776,0.510657548904419,424.4614734649658,321.75541615486145,0.46905407309532166,375.39885807037354,321.39021825790405,0.44495347142219543
352,21.889000025112182,67.40034988523543,79.88203320577341,47.536020179874875,,170.31654926996197,175.8137467236452,177.48241384965996,161.53516320308387,386.7166590690613,170.75440514087677,0.5017037987709045,397.3935022354126,167.6612632870674,0.5996806621551514,381.9872636795044,166.95527005195618,0.7091682553291321,404.31037282943726,168.86347037553787,0.31889376044273376,369.3651809692383,167.18371105194092,0.5514510869979858,415.95456647872925,185.8412835597992,0.4936273694038391,349.6138892173767,182.96522903442383,0.6020823121070862,453.9370422363281,202.4233992099762,0.6136904358863831,321.9884853363037,195.45345574617386,0.5742219686508179,451.2139949798584,194.46060067415237,0.4056903123855591,345.3249912261963,184.1869809627533,0.28520917892456055,414.9872159957886,242.0978856086731,0.7329772710800171,364.681275844574,242.47749996185303,0.6086228489875793,419.7074122428894,272.9505264759064,0.6006609201431274,375.24755239486694,274.25216722488403,0.5443493723869324,424.42523288726807,316.5151767730713,0.49184656143188477,375.1990041732788,313.4724497795105,0.3877818286418915
353,23.882300010882318,74.69143392113551,87.94830995807745,91.00379901199558,11.905039290462515,161.58414616027696,175.5667315853311,176.62040463455818,160.1981082176142,385.3919825553894,169.8028905391693,0.37750282883644104,394.65074253082275,166.10162210464478,0.6318735480308533,381.27582120895386,165.66408550739288,0.6693955063819885,405.65423107147217,166.33898079395294,0.6000853180885315,369.9865779876709,165.49211370944977,0.5963612794876099,419.8733253479004,185.52520418167114,0.6339450478553772,351.58078718185425,181.10815584659576,0.5648100972175598,455.7018623352051,201.6304656267166,0.6031798720359802,317.72104358673096,190.1591546535492,0.47112837433815,459.5252685546875,193.50831681489944,0.4310164451599121,340.75857734680176,178.48631244897842,0.34523841738700867,411.02564573287964,242.0524424314499,0.7367979884147644,365.4458408355713,241.57798147201538,0.6141727566719055,416.6495566368103,275.5874843597412,0.6873593330383301,376.4916605949402,276.9391268491745,0.5417778491973877,421.39345836639404,319.6825519800186,0.5851518511772156,374.6467776298523,319.97700667381287,0.5051581263542175
354,23.26839999295771,89.2544776987733,100.3858516390314,43.3619153543704,,165.99474222531288,167.94910733890512,175.8755968305644,176.4619605230506,384.16366958618164,167.30183482170105,0.288680762052536,393.2676615715027,163.82791048288345,0.6479275822639465,382.45429706573486,163.27900248765945,0.6523572206497192,405.7395758628845,166.41029381752014,0.5850657820701599,370.12201261520386,166.22148382663727,0.5721938014030457,423.15605449676514,186.47523725032806,0.643279492855072,347.8610734939575,180.15738201141357,0.5308559536933899,467.750919342041,195.4408627152443,0.6361458897590637,316.32358264923096,183.96802747249603,0.5350217819213867,458.0971269607544,181.7914417386055,0.362844854593277,340.8174114227295,168.79383832216263,0.25799083709716797,412.56311559677124,242.9579725265503,0.7503455877304077,367.33072996139526,242.76172637939453,0.6634388566017151,414.726026058197,279.54483008384705,0.5765388011932373,370.7763648033142,280.44394969940186,0.5040633082389832,419.88320684432983,318.6772463321686,0.6171759963035583,376.7844409942627,319.4220585823059,0.4890906512737274
355,25.043100002221763,86.8364893174184,103.66515055014214,76.63572128105696,60.92369801751027,169.63593534688056,173.20375390552854,175.04926883240546,177.01842896517635,383.9477424621582,168.16969978809357,0.334090918302536,392.31087493896484,164.4768219590187,0.6206730008125305,380.9753074645996,164.19202572107315,0.6417859792709351,402.44509506225586,165.23546659946442,0.6253895163536072,367.0502824783325,165.3151987195015,0.5209909677505493,417.6017942428589,183.41587150096893,0.6619341969490051,348.72650051116943,179.92698937654495,0.4732683598995209,459.72011852264404,190.8076530098915,0.5091183185577393,325.3804416656494,180.5574386715889,0.5242542028427124,459.15644359588623,181.3484206199646,0.3506203293800354,334.65696811676025,162.7597251534462,0.317106693983078,410.8473491668701,240.1399257183075,0.6826030611991882,365.35314178466797,241.0724937915802,0.5854747295379639,413.1973509788513,277.76969707012177,0.5862383246421814,371.2649049758911,281.03075075149536,0.5177291631698608,419.55671310424805,320.19835340976715,0.5914255976676941,375.08214473724365,321.1572471857071,0.4394347071647644
356,25.79909999622032,92.28251524852539,109.53328336240952,87.69373336406908,55.388686282780185,168.39576559995288,177.4322761099212,171.95138955016617,161.72748327628622,384.85426235198975,168.32298147678375,0.3383590579032898,392.3809804916382,163.8478541970253,0.6545242667198181,380.23720264434814,163.5981588959694,0.6723021864891052,402.7940559387207,165.61502397060394,0.6099449396133423,370.1521625518799,165.78022915124893,0.5627092719078064,420.917453289032,182.20776677131653,0.6718904376029968,348.01245498657227,180.2560606598854,0.48923686146736145,459.2284698486328,185.4254286289215,0.44623857736587524,329.2094078063965,179.3202873468399,0.49836277961730957,460.6278009414673,153.30624794960022,0.5419186949729919,353.3129301071167,147.86298155784607,0.4674491584300995,413.3752431869507,242.90361166000366,0.7682690620422363,366.9396905899048,243.40713346004486,0.6649177670478821,416.6405849456787,284.2017158269882,0.67088383436203,377.57081604003906,285.68000090122223,0.5282121896743774,425.95759773254395,325.988298535347,0.6350439786911011,374.59181022644043,326.6768410205841,0.5972745418548584
357,21.300199965480715,93.41796277314637,126.23247343467045,89.60198228999415,88.62118442386242,169.6037245891096,178.95876534049498,177.53257168397548,165.05023615883573,385.21272563934326,166.61558586359024,0.302152156829834,394.58407402038574,162.92572808265686,0.7351718544960022,384.12121200561523,162.25111770629883,0.6572924852371216,405.8927516937256,164.88475638628006,0.6085987687110901,369.82625007629395,164.24090206623077,0.61836177110672,423.2830481529236,181.69554096460342,0.6602692604064941,348.74373626708984,178.78391540050507,0.5195881724357605,462.5305576324463,183.96466553211212,0.5725579857826233,329.5283451080322,171.38197684288025,0.4060969054698944,463.94297981262207,156.18760180473328,0.30821147561073303,344.9195718765259,134.12488228082657,0.5830188989639282,415.83366346359253,244.8534231185913,0.792602002620697,366.68661308288574,244.9828863143921,0.685325562953949,418.5909547805786,287.8482530117035,0.6225067973136902,379.14295959472656,287.8395347595215,0.48311468958854675,422.7012782096863,326.0769625902176,0.6121084690093994,380.00459575653076,327.1134659051895,0.6229956150054932
358,23.01400003489107,103.09212116927633,138.39648182350228,92.91821273583582,108.88129365872994,168.2223424675593,179.06988679006338,179.76727404723306,165.40687732802053,390.05759048461914,166.86347198486328,0.46764084696769714,393.04124641418457,163.50785660743713,0.7240698933601379,382.97056102752686,163.14475280046463,0.6489754319190979,405.73866605758667,165.98270058631897,0.604755163192749,371.16411876678467,165.1704785823822,0.6200974583625793,424.63282012939453,181.53837025165558,0.6171718239784241,350.96846294403076,179.2974945306778,0.5457243323326111,460.7153444290161,176.96202862262726,0.5581480264663696,335.1199073791504,168.92899972200394,0.31434914469718933,457.70833683013916,137.0633463859558,0.3631908595561981,346.98313665390015,122.42958915233612,0.6459162831306458,417.9995307922363,246.12537622451782,0.7999434471130371,368.8536682128906,245.11311876773834,0.7240999937057495,422.36967945098877,288.3153347969055,0.6108748912811279,379.6959948539734,287.7340325117111,0.4773216247558594,426.30494117736816,324.85788881778717,0.4987763464450836,379.4807753562927,326.22021543979645,0.6486673951148987
359,23.009700002148747,97.79835877930007,154.62747040585154,86.12493674632243,115.9957710105994,174.29392824058928,175.5245172146251,177.73110149424517,169.17318813968438,383.934853553772,167.77744966745377,0.29471269249916077,392.9667181968689,163.3486487865448,0.666059672832489,382.1715497970581,163.4155741930008,0.6232491731643677,403.92737007141113,165.0441351532936,0.5886203646659851,371.64338397979736,164.5630357861519,0.6304392218589783,422.0015368461609,176.9008441567421,0.42007577419281006,353.6792278289795,178.5530241727829,0.5725213289260864,463.94449615478516,171.94715321063995,0.5492169857025146,331.45895195007324,152.3076092004776,0.5003964900970459,456.21918773651123,130.71033322811127,0.48953136801719666,347.07869148254395,116.81211441755295,0.5853618383407593,420.71064949035645,246.4966996908188,0.8000086545944214,371.30084228515625,244.87365174293518,0.7644001245498657,424.03806018829346,287.4638521671295,0.5729444622993469,378.9496512413025,286.53074276447296,0.4958345890045166,425.5693130493164,324.3904081583023,0.3324050307273865,378.6703157424927,324.4184433221817,0.6403073668479919
360,26.325799990445375,103.66823439760303,156.19977509584825,94.80459792340412,126.64584560993198,177.32853903670065,173.92810526168313,176.0025872798617,172.96353140372952,391.75526189804077,165.44290971755981,0.5123772621154785,393.29889822006226,162.28386813402176,0.5978617072105408,385.2549810409546,161.9234994649887,0.582245409488678,405.1682434082031,166.2013121843338,0.6074919104576111,375.54912757873535,164.21990418434143,0.6933464407920837,421.9668378829956,176.14058977365494,0.4086763262748718,357.621591091156,177.44295704364777,0.5924038887023926,459.3047924041748,167.00074172019958,0.4600822329521179,340.423415184021,154.74666845798492,0.35311415791511536,453.24523639678955,128.525770008564,0.4969548285007477,351.35798597335815,117.11213910579681,0.6166340708732605,422.0733103752136,246.6200942993164,0.7729582190513611,373.55177640914917,244.55552101135254,0.7730169296264648,424.17609786987305,290.27021765708923,0.5041725635528564,379.1502380371094,288.3735704421997,0.4594825208187103,423.40122175216675,326.08622217178345,0.5672080516815186,379.3135733604431,326.6424808502197,0.6028398275375366
361,23.389499983750284,,158.1451017759231,,123.86708252119182,179.40797436996164,174.62343716463474,177.88380959674294,173.7478755047456,387.641122341156,165.05034619569778,0.49211376905441284,395.48917865753174,162.22527635097504,0.604521632194519,386.737988948822,161.63830435276031,0.5840853452682495,407.3394432067871,165.66080904006958,0.5886614918708801,377.02938079833984,163.74037182331085,0.676405668258667,421.40622091293335,176.52322417497635,0.41950520873069763,359.7421450614929,177.57994186878204,0.5828618407249451,455.1395015716553,167.02310717105865,0.26305609941482544,340.9104895591736,149.73348826169968,0.4933362901210785,453.278039932251,126.5949478149414,0.4670129418373108,355.3550639152527,114.09603697061539,0.5296405553817749,421.45679092407227,247.60397469997406,0.7703919410705566,374.4429054260254,245.49147951602936,0.7838873863220215,421.9684805870056,293.93299472332,0.6187834143638611,379.97439527511597,291.6213757991791,0.4794345200061798,421.0820269584656,328.16424322128296,0.5645864009857178,380.34486293792725,327.8651444911957,0.580531656742096
362,24.863699974957854,,177.5855864494864,,158.34282991493444,173.78562022066885,162.06292028205112,178.96790251843908,159.96105414283943,390.1671714782715,165.90819656848907,0.5351901054382324,397.5665674209595,163.2567082643509,0.5936489701271057,387.64438247680664,162.33570754528046,0.5288752913475037,407.2415380477905,168.0706080198288,0.549448549747467,376.59507513046265,166.0639284849167,0.6608505249023438,425.99904441833496,180.7853240966797,0.5727946758270264,360.73294830322266,179.75728261470795,0.5867865085601807,449.94997215270996,155.59333610534668,0.1666536182165146,352.50077724456787,147.7110389471054,0.356435090303421,448.5715665817261,123.88003849983215,0.6831004023551941,356.8699655532837,113.3678634762764,0.514272153377533,419.82712745666504,248.02997243404388,0.744779109954834,374.89603900909424,246.43256640434265,0.77437824010849,420.6258354187012,295.18916380405426,0.5772419571876526,370.1275472640991,292.22743678092957,0.4866909980773926,420.5896453857422,328.73893558979034,0.557894229888916,379.1085638999939,327.9973713159561,0.5787469148635864
363,21.87580004101619,,177.24006594792596,,171.1721017814658,179.86349832668571,165.08483738081034,176.72485275898728,166.60064905276593,390.4984164237976,166.46747529506683,0.38348495960235596,398.05313634872437,164.174290060997,0.600731372833252,387.32317066192627,163.25716412067413,0.5254994034767151,407.7535562515259,168.55119454860687,0.523125410079956,376.7041759490967,166.61904752254486,0.6316208839416504,419.1420440673828,179.3104436993599,0.41918379068374634,361.66607999801636,180.93510138988495,0.5765599012374878,439.66148948669434,152.63269174098969,0.2886680066585541,356.25991582870483,147.45100140571594,0.3698914647102356,445.65609550476074,120.18523752689362,0.6139675974845886,356.0557150840759,113.40322795510292,0.48980608582496643,420.7817153930664,248.64005064964294,0.7432334423065186,375.53901863098145,246.58824133872986,0.7813887000083923,421.98912811279297,295.0179042816162,0.5546984076499939,373.17837715148926,291.87842178344727,0.5293775796890259,420.96729040145874,327.82822012901306,0.549444854259491,379.757052898407,327.6677587032318,0.6690834760665894
364,21.586399991065264,,171.71877916320182,,160.50437878340506,179.3109188791274,168.66969566939184,171.41619967550687,167.17309814674678,392.8479127883911,165.06742656230927,0.593727171421051,400.24589347839355,162.67725789546967,0.5802350640296936,387.5561819076538,162.08529996871948,0.45709773898124695,409.6908349990845,167.64206033945084,0.5445652604103088,380.91086292266846,165.45486170053482,0.618399977684021,418.58842754364014,179.6585612297058,0.40682172775268555,365.9424681663513,180.54095661640167,0.5242412090301514,438.45710945129395,149.25797313451767,0.2518567442893982,353.9410243034363,142.93531715869904,0.4478159248828888,443.14685249328613,117.63850358128548,0.5624576807022095,354.9040279388428,112.21837189793587,0.4850142300128937,421.4345512390137,247.50850129127502,0.758257269859314,376.7312173843384,245.57866203784943,0.7768799662590027,423.8620128631592,292.4599235057831,0.5369269847869873,375.2267279624939,290.6557581424713,0.5114620923995972,420.43755626678467,328.0716758966446,0.5175422430038452,382.2766070365906,327.2126431465149,0.6407879590988159
365,25.334500009194016,,176.54040526542434,,174.77581278809387,179.7135181795228,170.23868407870435,172.5713372201206,168.17233592523175,395.7582788467407,165.890190243721,0.6141796708106995,400.7334985733032,163.18288803100586,0.4899352192878723,390.06850814819336,162.73466730117798,0.49723443388938904,411.8845019340515,167.83785063028336,0.5480826497077942,381.19072914123535,165.85369324684143,0.6300004720687866,421.0937280654907,180.31562113761902,0.47889992594718933,368.2901954650879,181.15738832950592,0.5225943922996521,438.84807300567627,152.17759042978287,0.2956557273864746,362.00814151763916,148.14153826236725,0.3047051727771759,445.260835647583,118.71562796831131,0.5712795853614807,358.6446418762207,113.52015510201454,0.4929579794406891,422.74229526519775,248.32904267311096,0.7301533818244934,376.6024293899536,245.92328941822052,0.771797776222229,424.0160732269287,291.88819420337677,0.5039528012275696,374.756383895874,289.10749912261963,0.47970840334892273,420.32408332824707,328.5298399925232,0.5285255908966064,381.0800108909607,327.3889170885086,0.6597294211387634
366,21.380199992563576,139.1949157486335,173.1078659124081,147.22470746018092,177.56850594210883,173.5050888419082,169.97370838365362,178.60582771557029,171.46775761193763,396.24777936935425,166.711443901062,0.5672699809074402,401.0968141555786,163.68381714820862,0.4896438717842102,389.94229793548584,163.60301661491394,0.5383689999580383,412.6464385986328,167.56845378875732,0.5417577028274536,381.58553409576416,166.70679986476898,0.6229066252708435,422.65588903427124,180.4406254887581,0.5243127942085266,370.71593856811523,181.42281067371368,0.49674198031425476,444.51661491394043,152.70131236314774,0.3362360894680023,363.47631454467773,152.1823626756668,0.35571035742759705,447.61359214782715,120.33401763439178,0.6515207290649414,354.8931860923767,122.90182781219482,0.376742959022522,425.71058559417725,248.64970910549164,0.6964765787124634,378.6904830932617,246.23894143104553,0.7655404210090637,422.62371730804443,293.5750905275345,0.5396685600280762,376.3659052848816,290.4138123989105,0.5195470452308655,419.3129358291626,329.09675431251526,0.5584620833396912,379.9263525009155,327.2557215690613,0.6774095892906189
367,19.7084000101313,,168.66505016763932,,179.94853962088345,168.13766240258383,161.226050422749,170.39223583951406,171.1167878180868,398.0265498161316,167.34850311279297,0.5467696189880371,402.82150173187256,163.9688982963562,0.5097240209579468,391.4636187553406,164.06159383058548,0.539716362953186,416.51230239868164,168.20733642578125,0.3761371374130249,384.69529914855957,168.1018341779709,0.5498671531677246,424.966516494751,181.38765275478363,0.548157274723053,365.4721746444702,181.52062034606934,0.39558348059654236,443.63440704345703,151.6559340953827,0.2837882936000824,364.4385347366333,151.99581772089005,0.39722201228141785,445.7206916809082,118.9851886332035,0.6232696771621704,363.1170425415039,115.19415211677551,0.5191657543182373,417.7569160461426,247.87384164333344,0.4448930621147156,381.1905016899109,247.80703020095825,0.7323432564735413,422.5912928581238,296.5357348918915,0.5337417721748352,376.7534065246582,294.451673746109,0.5514110326766968,420.3577208518982,329.0127627849579,0.5837257504463196,378.8161373138428,328.67423248291016,0.7022066116333008
368,21.00459998473525,,176.91981651176653,,159.37516090450228,165.34665061308664,163.16389610994568,167.25182419293947,171.9495776721957,398.5497636795044,167.0288908481598,0.5286867022514343,403.12775230407715,164.0120906829834,0.5165850520133972,392.51173973083496,163.88544809818268,0.5403614044189453,414.1262369155884,168.63662487268448,0.510498583316803,387.2704019546509,167.32536840438843,0.5397181510925293,424.35290336608887,181.2351118326187,0.5692692399024963,367.18859815597534,180.99997544288635,0.42941516637802124,435.0010118484497,152.25960183143616,0.2506948411464691,358.75321197509766,151.74090856313705,0.39991652965545654,444.4632396697998,119.0153891146183,0.6023852229118347,361.61502981185913,115.7202672958374,0.5271416902542114,416.1679916381836,247.05389857292175,0.4912724196910858,382.31714391708374,246.51803946495056,0.7468584179878235,422.78841733932495,296.90589022636414,0.5284770131111145,379.06105184555054,295.10457396507263,0.5539827346801758,419.8630647659302,329.1531950235367,0.5618675351142883,381.5228838920593,328.497474193573,0.6136322021484375
369,20.86409996263683,,174.56455210487545,,153.27270987797178,174.21246593387238,158.297563568416,177.75922058503605,167.7542135023123,401.6585683822632,164.95594120025635,0.5445977449417114,404.43147802352905,162.6733403801918,0.5594821572303772,396.2274351119995,162.17224031686783,0.5133245587348938,414.4289240837097,167.9907904267311,0.5561599731445312,390.18546867370605,166.4745553135872,0.5421507954597473,427.59939193725586,180.8815667629242,0.5895880460739136,367.76634979248047,181.01313829421997,0.4511929750442505,445.8326988220215,150.22171038389206,0.21689027547836304,356.983615398407,151.20041966438293,0.3962509334087372,442.85404682159424,116.50620633363724,0.5171416997909546,361.31075048446655,115.14283978939056,0.5079891085624695,420.3660354614258,247.77164435386658,0.5475723743438721,384.7775354385376,247.03423976898193,0.7133883237838745,420.0389099121094,296.53847002983093,0.3819758892059326,378.55305194854736,295.9373095035553,0.5515903830528259,421.1176104545593,329.8188877105713,0.5632910132408142,381.374813079834,328.2417103052139,0.49630269408226013
370,21.915700053796172,144.7854472627936,171.86891113645694,111.60663405297889,146.05336443875836,175.06836609889146,157.97816056386736,177.33588075362792,163.42512315629205,401.55095863342285,167.54700005054474,0.4965450167655945,405.74930572509766,163.34047186374664,0.5971009731292725,394.8989677429199,163.3173941373825,0.565919041633606,417.31219816207886,167.8911430835724,0.5360649228096008,388.4452133178711,166.86860036849976,0.55781090259552,432.94586277008057,180.1337629556656,0.5606914758682251,367.28445625305176,182.40337187051773,0.43986842036247253,462.582820892334,149.63589227199554,0.37399980425834656,355.44473028182983,151.6785844564438,0.4173451066017151,448.08320331573486,117.39321726560593,0.5151551961898804,364.23890829086304,113.19657546281815,0.451190322637558,421.9844779968262,249.61404466629028,0.5841955542564392,382.3319282531738,247.87842869758606,0.6171397566795349,418.59886503219604,297.62591528892517,0.4038437604904175,374.97468662261963,293.919917345047,0.5116658806800842,417.7971496582031,331.1613276004791,0.5723350644111633,379.74413871765137,330.1670479774475,0.6214988827705383
371,20.76479996321723,133.16528772267705,166.41550046858515,106.4550216701006,131.22502877639315,171.57775778827425,157.02475340672086,178.14815342327623,159.44118794415544,399.4873938560486,166.42009472846985,0.574934720993042,405.53863525390625,162.1211701631546,0.6226534247398376,392.8022708892822,162.4830915927887,0.49813589453697205,419.9776496887207,164.79177594184875,0.6895657181739807,387.2000436782837,164.64231204986572,0.5909340381622314,435.4144172668457,178.0202705860138,0.5798286199569702,366.3137950897217,177.08808714151382,0.4515981078147888,464.69468116760254,159.02056366205215,0.3045186996459961,353.37358379364014,151.30563700199127,0.5263597965240479,454.9237766265869,126.08555686473846,0.5141837000846863,368.25744247436523,114.69309478998184,0.5247216820716858,422.7549819946289,248.4765121936798,0.6046833992004395,382.85410594940186,248.34850203990936,0.736416757106781,421.1226649284363,301.4826307296753,0.5152014493942261,374.4040365219116,296.7269666194916,0.5097286701202393,419.37553548812866,329.1315133571625,0.550520658493042,380.34718799591064,328.3278956413269,0.5550583004951477
372,21.286499977577478,134.26039370480362,152.3202026673257,98.70273215099535,111.07668030025448,172.6981428644343,162.14301943963943,175.22878456224097,168.36363345547153,404.4430022239685,166.13380271196365,0.5261105298995972,408.71810150146484,161.80688571929932,0.6499179005622864,396.6554479598999,161.8693237900734,0.5234038829803467,422.65439796447754,164.18027317523956,0.6372513175010681,385.7818088531494,164.22114354372025,0.504271924495697,439.7199697494507,177.97989881038666,0.5588571429252625,368.1969404220581,176.19928127527237,0.4912036061286926,469.9456729888916,159.0793976187706,0.376711368560791,349.47961711883545,153.62329602241516,0.546585202217102,455.1550693511963,124.76157915592194,0.49518218636512756,371.2821912765503,114.71085181832314,0.395422101020813,424.5087833404541,248.08470368385315,0.6147102117538452,383.39326667785645,247.80489337444305,0.7486627697944641,420.0333499908447,299.8605229854584,0.3303551971912384,378.36214447021484,296.69625329971313,0.5556392073631287,419.9406509399414,331.27383863925934,0.5723949670791626,381.661780834198,329.40155124664307,0.5428490042686462
373,21.75419998820871,126.31514658457925,142.45236019068048,91.04360965273058,95.3504509004281,174.09352640215616,161.6071110551045,178.29500571950393,161.38983781678186,403.0646471977234,165.17529356479645,0.4502359926700592,411.30462741851807,161.52606397867203,0.697733998298645,402.98872900009155,160.88518697023392,0.5387555360794067,424.69266510009766,164.69197189807892,0.5847920775413513,391.50215911865234,163.65616661310196,0.5889565944671631,437.70727825164795,176.28636407852173,0.4162241816520691,371.26199865341187,176.46082884073257,0.5674570798873901,468.9657621383667,160.49206787347794,0.3696891963481903,352.59003925323486,159.43003660440445,0.41280636191368103,452.28786849975586,125.93519550561905,0.47857263684272766,381.7903666496277,120.70472854375839,0.6239545941352844,425.5492973327637,248.8728507757187,0.6413310766220093,383.94599866867065,247.78192961215973,0.7283468246459961,422.22906398773193,301.6155698299408,0.49007847905158997,376.7653350830078,296.95170378685,0.49098604917526245,419.76040840148926,328.19108176231384,0.5223047733306885,382.41833448410034,328.0534416437149,0.5183319449424744
374,23.542099981568754,108.08988479448334,126.58451067650664,78.84104610305279,88.42053669685369,175.91086530756002,158.16411655811567,179.22302418104596,159.64408068642956,403.8211250305176,166.32482075691223,0.30513477325439453,411.140483379364,162.6505048274994,0.7075495719909668,403.8397002220154,161.88828456401825,0.5609935522079468,424.0544366836548,164.77147608995438,0.600982129573822,392.5022373199463,163.16895592212677,0.6272596716880798,439.40381240844727,176.5974005460739,0.4494277834892273,370.3143606185913,175.36624658107758,0.5430067181587219,470.64612197875977,171.99709796905518,0.4474870562553406,348.6537666320801,165.2102947831154,0.5898341536521912,456.42748260498047,131.92345237731934,0.30475103855133057,365.5480422973633,131.6195101737976,0.5569447875022888,427.1745128631592,248.04034316539764,0.6993926167488098,384.8545150756836,247.0629872083664,0.7379335761070251,422.114782333374,299.41842782497406,0.3480634391307831,375.84822607040405,296.2711102962494,0.5142242908477783,419.56070613861084,329.53531658649445,0.5006380677223206,381.54742336273193,328.64511466026306,0.43898871541023254
375,21.461399970576167,94.899103642499,111.68080874126616,57.941180817597335,60.80104119661805,174.47636487569096,159.12444858233408,179.19479469372772,170.50224850272835,405.3129782676697,166.94754898548126,0.36649277806282043,413.10326194763184,163.55270147323608,0.7287980914115906,404.73838567733765,162.88804870843887,0.5874492526054382,424.3473434448242,165.40102791786194,0.6005339026451111,392.52455282211304,164.35703146457672,0.6645396947860718,441.52426528930664,177.2843760251999,0.5268569588661194,369.4440813064575,176.91316652297974,0.5257902145385742,471.7193384170532,180.92889034748077,0.5680652856826782,344.9744129180908,172.54792910814285,0.6519206166267395,450.77531719207764,136.37329387664795,0.384475439786911,372.08271884918213,139.44428396224976,0.4550372064113617,426.923002243042,247.29048800468445,0.7140046954154968,383.7395739555359,246.7657973766327,0.7472254037857056,422.20131492614746,290.35030591487885,0.36847108602523804,377.09819746017456,287.2799141407013,0.47308915853500366,418.85280179977417,325.430672287941,0.520941436290741,377.2104825973511,321.4640384912491,0.4596754312515259
376,22.291299945209175,92.71536279118895,93.18490811891544,28.94638392125459,33.26300542317452,165.51198305220095,159.77022369185153,176.81329473155364,163.05702655264838,409.286199092865,165.75042754411697,0.5458135604858398,416.91885900497437,162.65402346849442,0.6143670678138733,403.77922344207764,163.0752489566803,0.5539442896842957,421.78361320495605,164.7577434182167,0.5056738257408142,396.2294063568115,164.10437309741974,0.6347611546516418,441.5632858276367,174.8035489320755,0.40013712644577026,373.6282253265381,177.1635883450508,0.5264589786529541,471.6752128601074,181.2068202495575,0.6486523747444153,339.48955059051514,180.73520839214325,0.653899073600769,437.4471244812012,151.5036780834198,0.3920927345752716,376.6780948638916,150.36645901203156,0.43406403064727783,423.38709449768066,243.98655533790588,0.6769275069236755,384.2748680114746,243.20818066596985,0.7314339280128479,423.19750118255615,290.7258460521698,0.4777386784553528,375.6529211997986,287.26752054691315,0.46399906277656555,421.1105089187622,325.6570334434509,0.5546915531158447,379.3580527305603,323.30145287513733,0.6290092468261719
377,21.476800029631704,85.52490401264322,85.49112554539924,11.30864455388751,,163.4533454403117,158.48204461934986,179.39676461570897,163.71096646234642,407.3286771774292,162.26251411437988,0.5333029627799988,414.21539783477783,159.99081110954285,0.5883813500404358,401.5456008911133,160.49411922693253,0.46861350536346436,422.0267333984375,163.0203040242195,0.48287221789360046,393.4514169692993,162.9174371957779,0.5945708751678467,442.38276767730713,175.10982739925385,0.5147241353988647,374.32235622406006,177.73273921012878,0.6319979429244995,472.7540397644043,186.68031561374664,0.6229759454727173,337.74686908721924,186.0564762353897,0.6360957026481628,431.436900138855,160.69787275791168,0.30351507663726807,370.2217879295349,164.68900883197784,0.2587777078151703,422.5738296508789,242.5010050535202,0.6690679788589478,383.5550603866577,240.92824375629425,0.699019730091095,422.6831579208374,280.1223430633545,0.47258034348487854,375.0525760650635,277.1617271900177,0.4610775411128998,422.3739504814148,320.6870028972626,0.4842604100704193,377.3612070083618,320.02430176734924,0.608923077583313
378,22.63439999660477,75.55571047825948,78.6411449712445,,9.413495247723523,161.07702322580406,160.04419138281713,171.96741572561385,163.92353015657625,407.67180013656616,164.95380437374115,0.5171889066696167,414.2997064590454,163.3528369665146,0.653462827205658,404.74819135665894,163.4513589143753,0.5891360640525818,422.0353765487671,165.5669596195221,0.5168253779411316,392.8965873718262,166.48311686515808,0.6038892865180969,440.0787868499756,177.40314084291458,0.4499097764492035,376.83010816574097,179.1289559006691,0.5512629747390747,469.85898876190186,193.32397991418839,0.6657015085220337,340.71164655685425,191.9399003982544,0.5957903265953064,436.1015729904175,178.91309368610382,0.2690471410751343,360.2092037200928,181.15770173072815,0.4585893154144287,423.9349489212036,243.70232892036438,0.6928114295005798,385.8440546989441,241.91149735450745,0.7199447751045227,427.3822011947632,281.3064298629761,0.4470551013946533,378.06633138656616,279.1886353492737,0.4793373942375183,425.37330055236816,322.4580616950989,0.4046797752380371,381.06302785873413,319.1271765232086,0.45940178632736206
379,20.983399997930974,71.9501738163958,75.1014274861667,,5.389661270438303,158.7967207083894,157.52067063632322,168.35232983496527,155.9708604450443,406.09801387786865,168.96506935358047,0.40212997794151306,414.5223307609558,165.18033647537231,0.6422147750854492,402.36268186569214,165.77515774965286,0.6211323142051697,422.8592052459717,166.5137019753456,0.5320109724998474,390.0607748031616,168.22789269685745,0.5253450274467468,435.46162605285645,181.24521189928055,0.4909350574016571,373.0767822265625,183.60821437835693,0.6641443371772766,466.17675399780273,199.11114716529846,0.6463086009025574,342.24565410614014,198.6523277759552,0.6534000635147095,428.23478984832764,184.51080989837646,0.24561361968517303,361.811674118042,186.70926249027252,0.4333539307117462,422.0059595108032,243.82233309745789,0.6615305542945862,384.5662078857422,242.1076865196228,0.7074857354164124,427.94127655029297,281.0106930732727,0.43414175510406494,377.55423736572266,276.9845130443573,0.44780391454696655,426.09578704833984,321.97243225574493,0.4345622658729553,385.4024705886841,311.9196037054062,0.34354662895202637
380,22.385200019925833,76.54820665809471,62.779056064323,15.825112487241666,26.528091035594578,157.63203929286482,153.86919685365328,172.0543005938515,153.7167185279507,406.89310789108276,171.76156270503998,0.5252384543418884,414.84245586395264,169.67254412174225,0.4780861437320709,403.3962206840515,169.16597378253937,0.5553839206695557,422.96340322494507,171.53953218460083,0.40993693470954895,393.01703548431396,171.66965067386627,0.5214381814002991,435.61957836151123,188.17998319864273,0.45150941610336304,372.09515285491943,188.40397959947586,0.5115492939949036,465.98200511932373,204.722909450531,0.5227539539337158,350.66835355758667,204.98699271678925,0.3894406259059906,439.39966773986816,198.70375406742096,0.32067129015922546,365.38255882263184,202.07095104455948,0.48252376914024353,421.33917331695557,240.98858773708344,0.651153564453125,381.5824508666992,239.50970435142517,0.6509015560150146,425.76517391204834,275.8475503921509,0.5096771121025085,373.1116580963135,269.81987619400024,0.39235299825668335,425.2325839996338,318.8461410999298,0.44708970189094543,379.87752628326416,305.73309206962585,0.36900612711906433
381,22.378800029400736,65.73697403813227,50.04098423494953,29.441143030201875,,153.60801176948553,149.02474421602298,162.8715125676883,149.1540737920981,408.6070547103882,171.40898633003235,0.567592978477478,416.4375720024109,169.41089683771133,0.5027182102203369,403.37893438339233,169.20506346225739,0.37611740827560425,425.35444736480713,171.16081529855728,0.46908390522003174,394.2756247520447,171.4960406422615,0.5176115036010742,437.90586853027344,187.78770458698273,0.48581764101982117,371.7537989616394,188.1829605102539,0.47973188757896423,464.39373779296875,210.4800899028778,0.5646583437919617,354.52666091918945,208.56593495607376,0.49813854694366455,444.9632787704468,206.65185123682022,0.3170243501663208,368.6909646987915,212.70573717355728,0.2830159664154053,422.799916267395,239.36608111858368,0.6350637078285217,380.36674880981445,237.85332190990448,0.6529995799064636,427.9468364715576,268.3542981147766,0.5185582041740417,370.1350784301758,264.3172345161438,0.49284112453460693,422.22686529159546,314.5370452404022,0.483866423368454,375.1165657043457,293.43545603752136,0.38565564155578613
382,21.44320000661537,56.55909807587278,40.64961452207988,52.730550843393566,86.36023001397551,152.61232700008557,148.85254208234497,157.37645801723232,152.97879837300138,408.39643478393555,170.86228638887405,0.5344029068946838,417.54296016693115,167.90290987491608,0.6004340052604675,402.8582224845886,168.69285190105438,0.389391154050827,424.0345220565796,171.44897347688675,0.43580660223960876,393.87402153015137,171.59724074602127,0.5088433027267456,435.59895610809326,188.88326978683472,0.48014092445373535,371.25358295440674,188.38979107141495,0.5169374942779541,459.8464298248291,213.59387350082397,0.45058560371398926,359.2859535217285,211.2243608236313,0.5387368202209473,441.4944944381714,215.9085409641266,0.4722804129123688,379.9048709869385,220.41282880306244,0.30155879259109497,424.6532402038574,239.9357590675354,0.6744187474250793,382.6914529800415,237.97007811069489,0.6332752108573914,433.20136642456055,271.2112066745758,0.54012131690979,372.97680473327637,267.5923627614975,0.4384850263595581,427.4475555419922,315.898032784462,0.43790993094444275,378.16936683654785,300.8872253894806,0.4478669762611389
383,20.66680003190413,57.766889419408024,39.91535758425174,79.44149844630529,134.41814552291723,145.03444533679266,145.8509666240673,149.13003175124635,153.66986838516831,411.2969446182251,171.73992377519608,0.6639777421951294,418.6562080383301,169.72897058725357,0.4878111481666565,404.7663621902466,169.61541962623596,0.3993760049343109,425.15863704681396,172.51845514774323,0.46269357204437256,395.1905097961426,172.69786310195923,0.5595011115074158,436.93571281433105,189.7258917093277,0.4635910987854004,377.3798580169678,190.61214762926102,0.5057902932167053,458.36511516571045,210.31432914733887,0.4090663194656372,368.4011664390564,207.241501390934,0.5117105841636658,441.2640609741211,222.55210554599762,0.3583979904651642,374.57750606536865,227.1744459271431,0.4598332345485687,426.5006504058838,240.47027909755707,0.6287892460823059,386.9095125198364,237.24603581428528,0.5427197217941284,438.2033748626709,267.5847271680832,0.5065422058105469,375.2783088684082,265.18871784210205,0.37273964285850525,431.81785583496094,315.926438331604,0.3559231460094452,377.4817056655884,298.9822587966919,0.3556496798992157
384,20.32770001096651,53.72756402878692,44.20057392932943,83.84160539097466,126.29456792989791,153.9413146098223,163.08421155623958,160.09269282358534,,410.00390911102295,172.79880678653717,0.6269588470458984,417.64799213409424,170.6389595270157,0.5289710760116577,403.4385771751404,170.73662674427032,0.4175454378128052,425.5507125854492,173.03947043418884,0.4705372750759125,394.8937110900879,173.17904794216156,0.5644456148147583,438.2066602706909,189.62909346818924,0.5187874436378479,376.56654262542725,189.8338441848755,0.4897841215133667,458.14782333374023,211.3683686852455,0.4245288372039795,366.0650897026062,206.12905526161194,0.520971417427063,439.43934535980225,225.14702492952347,0.3893023133277893,374.27691650390625,227.6273249387741,0.43433457612991333,427.80359268188477,242.1790280342102,0.7060090899467468,386.5970449447632,239.5759744644165,0.6509373784065247,436.60130882263184,275.3343416452408,0.5809769034385681,383.33170318603516,273.3951573371887,0.4844897389411926,432.6326370239258,320.27707409858704,0.42780524492263794,386.14188957214355,307.12362480163574,0.2473139464855194
385,21.376200020313263,50.26577253580561,36.50937366626238,73.42469842550597,124.56916628342678,159.5994551387889,171.9218891719866,165.16680222209777,,412.2749094963074,174.19127690792084,0.6331543922424316,420.3574175834656,171.77284514904022,0.47407785058021545,405.1165614128113,171.8105672597885,0.4402664601802826,427.6149597167969,172.7180062532425,0.5413949489593506,395.58551692962646,173.3262895345688,0.595297634601593,441.81535243988037,189.7485420703888,0.5985620617866516,374.6879210472107,190.39674127101898,0.5527698993682861,460.1566734313965,212.25079256296158,0.4792363941669464,366.14333295822144,208.86514765024185,0.47498711943626404,441.3635835647583,220.07659202814102,0.3560493588447571,376.3474817276001,226.11752879619598,0.4074559211730957,430.92286014556885,245.3569164276123,0.7228618264198303,385.5868830680847,243.1125078201294,0.574674129486084,436.5736608505249,279.7970325946808,0.5073419213294983,387.73662662506104,277.2514454126358,0.4561295807361603,432.50298976898193,321.95416951179504,0.47811248898506165,391.0503396987915,310.24416077136993,0.23065218329429626
386,19.621399987954646,50.58403159701818,43.938162576268596,69.24269683815899,101.95050484632344,158.36922467485348,158.99553688979148,164.28643017172155,163.54577152542788,412.7119445800781,174.54376780986786,0.6300305128097534,421.0681777000427,171.9434778690338,0.464449942111969,405.5697708129883,171.91005790233612,0.43370160460472107,428.8489589691162,172.6652693748474,0.5712246894836426,395.05120849609375,172.931931078434,0.578659176826477,442.7264213562012,189.79810220003128,0.6019541025161743,373.2748670578003,189.36156278848648,0.540420413017273,461.3719205856323,213.34426367282867,0.4875445067882538,361.50117778778076,208.383749127388,0.5110419392585754,442.67921257019043,219.28016829490662,0.36263564229011536,378.9907946586609,225.10054183006287,0.33096766471862793,430.93377780914307,244.2980191707611,0.7146314978599548,384.6152868270874,241.88884699344635,0.5331697463989258,436.01963996887207,274.94820284843445,0.5322757363319397,379.96795082092285,271.8343622684479,0.4197509288787842,430.9327163696289,321.082714676857,0.4604909420013428,383.95577907562256,301.59220719337463,0.3481003940105438
387,21.213300002273172,62.7805583657136,55.107859640431585,46.54389390301754,,164.63592051679564,167.2743869970572,170.03359651924976,,411.9868803024292,173.9283617734909,0.6382193565368652,420.4393000602722,171.3675034046173,0.46939852833747864,404.60497283935547,171.7098799943924,0.40377703309059143,428.99634742736816,171.80807429552078,0.5823595523834229,393.28565549850464,173.3101066350937,0.5933032631874084,443.36561012268066,189.94931828975677,0.6032317280769348,369.4218416213989,189.3260487318039,0.5059034824371338,466.85986614227295,208.74877607822418,0.4832277297973633,355.32776975631714,206.16370034217834,0.526766836643219,443.62444972991943,211.96388798952103,0.4574624300003052,376.99518728256226,215.41003358364105,0.24226973950862885,432.20219802856445,245.08323168754578,0.7161785364151001,384.032329082489,243.18846487998962,0.5406302809715271,434.6864719390869,281.3588533401489,0.4694623351097107,385.4811182022095,277.0354264974594,0.4155076742172241,430.094482421875,324.6942363977432,0.5389842987060547,390.243595123291,311.2380700111389,0.2642519772052765
388,21.299200016073883,74.52132542079153,76.77285671351409,31.513016475977658,29.97868366948114,158.39281074476844,159.9832076277892,169.5807021804999,173.6234069956963,411.3038692474365,173.23848021030426,0.6538730263710022,418.72775411605835,171.1686645746231,0.5420284867286682,404.50181102752686,171.4819660782814,0.426001638174057,426.39091777801514,172.22363007068634,0.5145493149757385,394.36865234375,173.46328860521317,0.5852850675582886,439.1040315628052,189.4515516757965,0.49812453985214233,377.0115385055542,190.42805290222168,0.4948824346065521,467.29419708251953,205.29574990272522,0.5486785769462585,348.73175716400146,202.5227189064026,0.4845179319381714,450.8884868621826,205.91882002353668,0.3300994038581848,364.2562198638916,204.3803049325943,0.34157612919807434,426.63009548187256,240.01014912128448,0.6671527028083801,385.28141593933105,237.67485415935516,0.6125994920730591,431.5568428039551,276.2214665412903,0.5449550747871399,379.1139974594116,272.33862483501434,0.4492071270942688,429.51109504699707,320.06544280052185,0.47040462493896484,377.3652000427246,299.29426395893097,0.34665343165397644
389,19.838800013531,72.75018167307535,85.80407093482172,24.51155208036957,5.8529032942509565,162.1149654948744,165.46474956346697,171.9004358461745,172.83457768086993,409.700590133667,172.26370269060135,0.6068029999732971,418.1641802787781,169.8330910205841,0.47032344341278076,402.7665090560913,170.06043511629105,0.39811304211616516,426.3972358703613,170.92792969942093,0.4877588450908661,391.51727199554443,172.01339483261108,0.519627034664154,438.842866897583,186.88029408454895,0.42284315824508667,371.33531379699707,187.69488084316254,0.5163534879684448,467.6935510635376,203.3581895828247,0.6476837396621704,333.93053913116455,199.03295356035233,0.5461713075637817,451.6526222229004,201.89241206645966,0.43151193857192993,350.9443025588989,195.72269588708878,0.5003693103790283,426.65829944610596,241.9196457862854,0.7092374563217163,383.1438536643982,240.23420250415802,0.6654413938522339,430.11267852783203,278.4477548599243,0.5006201863288879,382.0157709121704,274.81979382038116,0.443247526884079,428.0203790664673,322.8593292236328,0.5376219153404236,385.08398818969727,307.91137301921844,0.34146344661712646
390,20.74100001482293,77.39177676821043,90.6145150228934,0.5234966393717319,13.027895451450348,159.53623057502725,148.4956917870927,167.7069578701978,159.97420135746393,407.4602451324463,171.22957837581635,0.5160706639289856,417.30919075012207,168.96266186237335,0.5571981072425842,402.175742149353,169.50541579723358,0.37345993518829346,423.1744022369385,169.93513160943985,0.38391798734664917,394.2530565261841,170.6651142835617,0.3839090168476105,438.02530574798584,184.97732186317444,0.5040987133979797,373.8000774383545,183.9656057357788,0.6564446687698364,470.30539989471436,200.47710639238358,0.605644941329956,333.25500869750977,192.42248129844666,0.5689236521720886,443.33381748199463,187.82821881771088,0.37950241565704346,351.4257411956787,184.0226874947548,0.3727196455001831,425.23248291015625,240.21103930473328,0.6491103172302246,385.6131663322449,237.7110377550125,0.6182125210762024,429.59939670562744,273.7277615070343,0.5718060731887817,375.11269903182983,268.02092468738556,0.42959803342819214,425.8573169708252,317.6496322154999,0.46640223264694214,375.58597469329834,297.56312108039856,0.4280857741832733
391,23.233400017488748,83.91463493288103,92.36929303335387,10.227251423621208,39.20043408012481,163.7010586066565,154.25085203097538,169.69543410824846,155.7990298523616,406.69939517974854,170.16824513673782,0.4719768762588501,417.18995571136475,167.54593163728714,0.6049051880836487,403.8323965072632,167.53379446268082,0.5048328638076782,422.62073516845703,167.68184804916382,0.5432178974151611,393.2663221359253,168.08919841051102,0.5185266733169556,436.9004831314087,181.246821641922,0.45202142000198364,375.6425848007202,181.4652053117752,0.6026687026023865,477.5987024307251,193.02019441127777,0.5712586045265198,334.3359079360962,185.4835503101349,0.544357180595398,455.0533227920532,181.84739810228348,0.3121614158153534,339.18893575668335,180.67155945301056,0.318501353263855,426.151891708374,241.90183889865875,0.7216382026672363,383.8011121749878,240.06829929351807,0.5071577429771423,429.5478410720825,272.91024017333984,0.5809800028800964,375.0114326477051,267.4063163995743,0.414152055978775,426.34497261047363,318.09449100494385,0.5070980191230774,378.72957944869995,300.67274498939514,0.4475334882736206
392,21.015999955125153,91.05543081362026,91.34849170845517,,43.845207467315085,166.20132760919233,161.63362557894723,171.3473859260884,155.66956236366298,410.2760925292969,164.89539778232574,0.553607702255249,417.0415563583374,163.46829682588577,0.5844550728797913,406.52071952819824,163.38884961605072,0.5554192066192627,422.3071303367615,166.51089560985565,0.532910943031311,400.5425910949707,164.98692518472672,0.6060672402381897,436.7272663116455,179.94841462373734,0.38999930024147034,378.81338262557983,177.76342403888702,0.6001348495483398,478.4002914428711,186.9142838716507,0.5644240379333496,341.02818298339844,179.60713493824005,0.41913530230522156,456.44027042388916,179.64132416248322,0.22601570188999176,363.1660203933716,156.16532182693481,0.3059220016002655,425.09580993652344,242.43225622177124,0.6923534870147705,383.3883891105652,240.93869996070862,0.49408474564552307,427.041428565979,276.656866312027,0.5416256785392761,375.5120782852173,272.00998091697693,0.45925530791282654,423.0652256011963,318.729043006897,0.5180822610855103,380.86279487609863,302.0303421020508,0.37928661704063416
393,42.37500001909211,93.81976280438448,102.84559122249811,36.36482368946252,,165.67249283367872,155.00225482257954,175.0565741179963,152.6020046368221,408.4368453025818,162.92909002304077,0.5137749314308167,415.210825920105,161.4198352098465,0.5611506700515747,405.23289012908936,161.20863127708435,0.44843700528144836,421.6481280326843,164.74670314788818,0.5303331613540649,399.70445823669434,163.03397971391678,0.5808618068695068,438.9348077774048,178.12454771995544,0.4482993483543396,379.1568593978882,177.05499482154846,0.6472001075744629,478.9153423309326,183.4619699716568,0.6247662305831909,342.12588834762573,172.21730506420135,0.506130576133728,449.2945079803467,154.88853949308395,0.39372533559799194,355.93903255462646,147.72374594211578,0.279959499835968,426.10741233825684,241.6051334142685,0.7147793769836426,385.08964920043945,239.78606724739075,0.5249637961387634,427.80975914001465,275.1671848297119,0.5613837242126465,374.74935817718506,268.8328902721405,0.4816442131996155,426.2174987792969,319.8745529651642,0.523389458656311,379.4146375656128,302.87732315063477,0.38716378808021545
394,33.33349997410551,88.3376196315253,102.30679633487384,51.649909528132305,89.57846145353965,173.73362809624066,157.62204379120408,178.98154946159661,165.4741718070515,406.46810245513916,161.50285804271698,0.5132468342781067,414.282470703125,159.8518746495247,0.5580862164497375,403.9139757156372,159.8066736459732,0.4027118384838104,423.81841802597046,162.05441570281982,0.5517827868461609,397.59780406951904,161.00222808122635,0.5064824819564819,441.8515930175781,174.7969959974289,0.3844590485095978,375.92103576660156,174.7559689283371,0.6799907684326172,480.90731048583984,182.48063951730728,0.6718059182167053,341.57128620147705,172.63353037834167,0.6242297291755676,462.34000396728516,146.38375627994537,0.3468494415283203,343.68607807159424,142.06317853927612,0.4327060580253601,430.6630096435547,241.8904709815979,0.7383599877357483,385.8931083679199,239.38770580291748,0.5564578771591187,428.65052032470703,277.8727775812149,0.5693201422691345,377.8518953323364,272.6085487604141,0.5615569353103638,425.45856952667236,321.1355655193329,0.47791123390197754,378.4825167655945,311.92555832862854,0.4290587902069092
395,24.336299975402653,89.46804342994376,112.83527007031985,67.05097105491544,100.34133403084074,178.44977619353037,150.415981335227,170.4551081825591,158.769881023488,404.6530661582947,162.20806777477264,0.4814944267272949,412.4812078475952,160.08253794908524,0.5961445569992065,405.6085386276245,159.63678169250488,0.4813332259654999,421.5299291610718,161.92643404006958,0.5289421677589417,395.981484413147,161.5030289888382,0.5334217548370361,442.44478607177734,175.20819264650345,0.4154028296470642,371.6775016784668,175.564273416996,0.6538569331169128,481.39698791503906,181.3441754579544,0.5586557984352112,344.00309467315674,170.09274393320084,0.5227885842323303,471.26276779174805,140.68902814388275,0.32186973094940186,344.53080701828003,134.2041585445404,0.6733750104904175,432.1676254272461,244.63683438301086,0.7913644313812256,385.3579912185669,241.90756559371948,0.6512151956558228,426.1290454864502,278.98751723766327,0.5664659738540649,374.87410259246826,274.3034510612488,0.5429181456565857,425.82153129577637,320.4063093662262,0.48690682649612427,377.3272409439087,316.8795199394226,0.5511559844017029
396,20.975599996745586,99.53085300880987,130.25140261277036,68.37385134576144,120.54599497036216,175.01522934148537,158.45022263169938,178.11039019562332,171.42611070583612,403.597767829895,163.06490671634674,0.46575117111206055,411.9098753929138,161.00098872184753,0.5987120866775513,404.5189962387085,160.90084278583527,0.5019022822380066,421.24930477142334,163.8674560189247,0.5505291819572449,394.9607081413269,163.16083598136902,0.6159684658050537,444.13207054138184,174.30679374933243,0.41005367040634155,372.26996183395386,175.7609326839447,0.6066214442253113,478.6537227630615,174.02478963136673,0.5672359466552734,348.315495967865,162.74056494235992,0.5832539796829224,461.693941116333,132.24571430683136,0.5446529388427734,347.1470785140991,129.6106368303299,0.7065022587776184,432.91103744506836,244.65432786941528,0.7804660797119141,385.98345708847046,241.8341727256775,0.6520795226097107,430.122989654541,283.7596776485443,0.4942004680633545,379.39628982543945,279.8727617263794,0.5168414115905762,426.1411762237549,321.8509180545807,0.4488881826400757,378.5465064048767,318.7983046770096,0.5683109164237976
397,22.737799969036132,100.70115458670213,136.90045258738792,72.41795229270888,112.55941436842161,177.1733890415409,153.58511735539972,177.61332583440688,165.8554682685471,403.4815149307251,163.4177964925766,0.45447036623954773,411.7056493759155,160.4538471698761,0.5467894077301025,402.82251262664795,160.54003250598907,0.48486441373825073,421.0846300125122,163.17637783288956,0.5123655200004578,391.45421743392944,163.03271186351776,0.5587194561958313,443.38805198669434,175.463885307312,0.46473023295402527,371.0046501159668,174.07060319185257,0.49157580733299255,475.06080055236816,173.37258744239807,0.4507097005844116,351.6761145591736,160.62225759029388,0.5102618932723999,459.38566398620605,133.29140597581863,0.642545759677887,359.25456523895264,125.77635806798935,0.6885589957237244,434.8766212463379,245.55755019187927,0.774205207824707,385.893967628479,243.69406652450562,0.6600513458251953,432.0745220184326,284.67868399620056,0.5096834897994995,375.7274241447449,283.45220255851746,0.5259385704994202,427.89816188812256,321.42788338661194,0.4091351628303528,375.59871196746826,320.47400403022766,0.509456992149353
398,23.53219996439293,113.39864995533613,139.55646673450912,81.03588254703904,125.21949844633764,177.1463806095207,157.29221529649828,171.67921178026592,168.5492135822023,403.2547206878662,164.11327654123306,0.4484159052371979,410.8090867996216,161.0783988237381,0.6006515026092529,402.2509021759033,161.33194041252136,0.5287057757377625,419.43292903900146,164.19930517673492,0.49112725257873535,391.8529396057129,163.60659223794937,0.6080859303474426,440.6082429885864,175.3276270031929,0.4138266444206238,372.3553066253662,173.89135193824768,0.49280598759651184,473.3707866668701,165.60780149698257,0.409286767244339,354.0766863822937,159.61672401428223,0.4651695787906647,456.8809700012207,131.01819294691086,0.625048041343689,355.9509105682373,120.85788202285767,0.6654927730560303,432.2414207458496,244.7278347015381,0.7412611842155457,386.58170461654663,243.39075112342834,0.6454493999481201,429.24452209472656,287.36382019519806,0.4452870786190033,378.1271114349365,286.32842803001404,0.487295925617218,420.7923803329468,325.99433863162994,0.4660840928554535,378.3346481323242,324.49773383140564,0.5696513056755066
399,19.997900002636015,118.99371476726256,151.9070530910683,89.8025836781979,137.99003106691293,171.5774067713512,156.41256299774554,167.4758175141113,168.4339474032357,405.85550022125244,163.90801298618317,0.48226985335350037,413.5590238571167,160.6041657924652,0.6112069487571716,404.5936002731323,160.41866075992584,0.5088730454444885,422.15620374679565,163.61845874786377,0.485308974981308,392.5567750930786,162.50302106142044,0.6054396033287048,440.79480361938477,174.6145395040512,0.3918558657169342,373.09060621261597,174.27213442325592,0.4695144593715668,471.9613971710205,162.96259546279907,0.5175041556358337,355.77943754196167,152.3593631386757,0.47332698106765747,458.6873378753662,127.8267285823822,0.6237245798110962,357.91351222991943,119.36831450462341,0.6131119132041931,430.0963020324707,246.2430441379547,0.7535762786865234,385.8204755783081,244.90918004512787,0.6596596837043762,430.0467176437378,285.5047526359558,0.45276618003845215,376.5232005119324,284.0212821960449,0.5036779642105103,421.01422119140625,325.92527639865875,0.4870334565639496,375.2252368927002,325.19798612594604,0.5818436145782471
400,21.944499982055277,123.14112331574839,157.5550601948948,93.4941538433575,129.52596498176797,174.84510422612962,163.98409345152916,171.46618570384166,168.5722417959284,407.8270483016968,164.01790285110474,0.5134637355804443,415.6699995994568,160.37033998966217,0.570084273815155,404.91137504577637,159.8650802373886,0.4771399199962616,425.1936140060425,163.42041766643524,0.5357644557952881,392.6999683380127,162.32089221477509,0.5877627730369568,440.8821954727173,174.5367305278778,0.39916515350341797,374.27903938293457,174.64851504564285,0.480752170085907,471.7029619216919,160.23279958963394,0.5323397517204285,360.21766996383667,151.11332261562347,0.4441068768501282,457.18211555480957,123.1835470199585,0.6119760274887085,372.39336681365967,116.95272472500801,0.4439641833305359,430.266637802124,247.79517793655396,0.712899386882782,384.89424324035645,246.43268036842346,0.6529685258865356,427.773720741272,293.971941947937,0.42677804827690125,378.7558879852295,292.41205859184265,0.5325710773468018,420.82012939453125,327.77528381347656,0.5162241458892822,381.04455375671387,326.6562705039978,0.5639219284057617
401,21.08439995208755,126.31781760660768,164.6251023235255,93.95451859541451,133.30840336266456,174.5355435354,157.64229584858188,179.77838374413446,155.54785458832467,405.4624137878418,165.30602461099625,0.4298306405544281,413.1970224380493,161.99726271629333,0.6738153696060181,403.2306613922119,161.45462274551392,0.5601904392242432,421.6053419113159,165.22324395179749,0.49875009059906006,391.8993902206421,163.43365174531937,0.6509741544723511,439.39188385009766,176.01511532068253,0.44344812631607056,370.7254157066345,175.83902657032013,0.4976062774658203,471.97125339508057,159.96699261665344,0.4981938898563385,360.4671335220337,155.29705798625946,0.34733277559280396,457.82827949523926,125.43079048395157,0.5873852968215942,374.18785667419434,117.91443911194801,0.4348519742488861,426.5327968597412,248.25211691856384,0.6579729318618774,385.0193920135498,248.28231739997864,0.7312124371528625,422.45479679107666,298.6160637140274,0.32141241431236267,375.57980823516846,295.97360706329346,0.5189645886421204,420.1715393066406,328.23854780197144,0.5134835839271545,383.111328125,327.9432098865509,0.578938901424408
402,19.42399999825284,126.87634351185126,,93.09952359758078,,173.75505848648737,157.94656981907147,175.477293095016,148.17039699977383,405.24780082702637,167.435400724411,0.3147807717323303,412.8351221084595,163.158585190773,0.6745734214782715,402.2376594543457,162.4571077823639,0.5990716218948364,421.2319679260254,165.55268561840057,0.4901442527770996,391.58030128479004,163.9721177816391,0.6558640003204346,438.6026277542114,176.5668866634369,0.4395439922809601,370.36404609680176,176.85390520095825,0.5223349928855896,472.2334289550781,160.05337738990784,0.4879860281944275,361.99270009994507,164.16164004802704,0.23027081787586212,457.9241123199463,126.42858874797821,0.5424968600273132,376.549382686615,129.1750946044922,0.20103849470615387,424.8325729370117,249.27431774139404,0.6517059803009033,383.2026119232178,248.3024890422821,0.6521056294441223,420.5643730163574,303.75877833366394,0.5548385977745056,372.87379455566406,297.45787525177,0.5456241369247437,416.29859924316406,330.6857554912567,0.5383854508399963,384.6360607147217,329.8396291732788,0.6242777109146118
403,19.756099965889007,144.50948971979696,,100.8143373428896,,167.91157026136338,155.22503961510958,174.74606960976436,146.49092036912995,404.02054929733276,169.0594458580017,0.3433968722820282,412.84047985076904,164.3114173412323,0.6951700448989868,400.6227045059204,163.55575001239777,0.5757178068161011,423.00222158432007,167.1209595799446,0.32874301075935364,389.39661693573,165.80968886613846,0.5375053882598877,441.94065284729004,180.5379650592804,0.5865480899810791,368.464524269104,178.57849514484406,0.4917527735233307,470.05040168762207,157.59770786762238,0.39052334427833557,363.1215662956238,160.48129826784134,0.23880133032798767,453.66844749450684,127.30423176288605,0.7253621220588684,390.3060178756714,118.31510120630264,0.44054847955703735,422.94055700302124,250.02998507022858,0.655922532081604,383.06017684936523,249.21790552139282,0.6889010667800903,419.8910918235779,304.51720929145813,0.5644814968109131,371.8002243041992,297.60206830501556,0.5402389764785767,416.1019296646118,330.00117325782776,0.5178309082984924,383.45632123947144,328.93030977249146,0.6458953619003296
404,22.027400031220168,138.49183362423992,,102.28248438293777,,167.8014763923557,156.26284031618073,174.56956741642298,149.72719604780136,402.54679107666016,169.21134573221207,0.3051625192165375,411.6319046020508,164.33705925941467,0.6919098496437073,399.31177616119385,163.97835731506348,0.6001987457275391,424.86421394348145,166.7749218940735,0.5262819528579712,388.18548917770386,165.8079794049263,0.52338707447052,438.70973205566406,180.26010638475418,0.5716977119445801,367.07742500305176,178.9593631029129,0.46101126074790955,468.52723598480225,159.30286693572998,0.3753032088279724,363.9566411972046,160.8373078107834,0.21592211723327637,455.6442918777466,128.68396639823914,0.5342695713043213,379.07497692108154,129.1656355857849,0.15814855694770813,422.1463222503662,249.8379555940628,0.6478215456008911,382.76203870773315,248.5521558523178,0.6810985207557678,421.02433013916016,303.768351316452,0.5473262071609497,373.37676525115967,296.67277669906616,0.5532519817352295,418.16258811950684,328.417756319046,0.5157756805419922,384.224778175354,327.76009809970856,0.6787936687469482
405,20.91299998573959,132.56489380472988,,97.83222636412549,,166.29097109256116,159.07955852322846,171.25761836587955,157.3385468077519,405.1505274772644,166.9748718738556,0.42272281646728516,410.0879650115967,163.42788231372833,0.6894755959510803,398.63477993011475,163.1271595954895,0.6354020237922668,422.88745975494385,165.64622163772583,0.5907295942306519,388.0570044517517,165.09764128923416,0.5469343662261963,436.4716110229492,179.2198849916458,0.5602204203605652,367.7528796195984,178.42716509103775,0.48432061076164246,468.3838405609131,160.2831574678421,0.4037255644798279,364.18247509002686,164.03462707996368,0.2216423600912094,455.0821838378906,128.72103321552277,0.4995957612991333,378.4936366081238,129.97090578079224,0.18381890654563904,421.8810634613037,248.57705700397491,0.5904014110565186,383.0638918876648,246.87850785255432,0.6401244401931763,423.5683479309082,301.41422379016876,0.5267820954322815,375.9201765060425,295.7739419937134,0.567595899105072,420.42633533477783,327.32783234119415,0.4807876646518707,383.9367742538452,327.11175644397736,0.6906337738037109
406,21.100200014188886,137.80730700642766,172.4753358423813,98.6734452287703,137.58651150255434,171.59246964345175,155.06449897776955,175.5442182108979,159.32185219378147,401.91230297088623,166.57257866859436,0.5130459666252136,406.69171237945557,162.82810360193253,0.642729640007019,395.0652346611023,162.85864597558975,0.5519134402275085,420.2853660583496,167.07632839679718,0.576339066028595,388.9446711540222,166.64817959070206,0.553355872631073,437.08653831481934,180.42192113399506,0.5807127952575684,366.3680295944214,180.24279808998108,0.47130903601646423,467.62344551086426,157.98856192827225,0.3712296187877655,363.42372274398804,154.38845086097717,0.35920560359954834,450.90001106262207,126.03858941793442,0.6548904776573181,389.12413024902344,118.90638247132301,0.36741435527801514,423.10573720932007,249.10815811157227,0.6232367753982544,383.12633991241455,247.34917950630188,0.6278715133666992,420.3849391937256,299.38495087623596,0.4195694923400879,373.74771308898926,295.9879095554352,0.5263873338699341,421.02266216278076,326.28303813934326,0.45254629850387573,379.03800344467163,326.7299482822418,0.565325140953064
407,22.44070003507659,135.1607261798414,169.84942651642518,99.04248049135737,156.2792570897004,169.59930586971697,158.4838595985083,176.09435558508716,164.30178667746358,403.4705214500427,168.95306038856506,0.3965054154396057,405.39516401290894,164.73352605104446,0.5838721394538879,392.65028285980225,165.05865132808685,0.5802531242370605,418.59368419647217,168.51649248600006,0.497196763753891,385.41331243515015,169.062722325325,0.40159693360328674,433.5141372680664,181.55971002578735,0.5778751969337463,365.38569259643555,181.2577906847,0.45659884810447693,466.46319103240967,158.9194632768631,0.3983692526817322,363.3569025993347,154.47285550832748,0.42631322145462036,450.25657653808594,124.86759424209595,0.6871906518936157,376.3288812637329,117.61479192972183,0.3858065903186798,420.73369789123535,249.41477847099304,0.6025931239128113,382.5146474838257,247.57602500915527,0.6483008861541748,420.4899711608887,301.9224181175232,0.41789212822914124,376.33211612701416,297.682555437088,0.5317166447639465,422.1204180717468,327.5542504787445,0.4427553415298462,380.86971950531006,327.4604580402374,0.6175633072853088
408,23.800200026016682,129.61279249714835,174.925599052344,100.63552338313023,156.55393288188824,166.8382555296634,159.18892478025472,173.10907005994721,155.08021333462506,400.6838889122009,168.5731326341629,0.38325610756874084,403.74556064605713,164.74240100383759,0.5936575531959534,391.0151605606079,165.2795991897583,0.5397865176200867,418.93794441223145,169.31959736347198,0.4336027204990387,384.145170211792,168.25243771076202,0.5926220417022705,432.11460399627686,180.06443005800247,0.5830247402191162,367.572030544281,182.13329124450684,0.5858749151229858,465.74510192871094,161.07486593723297,0.5000752806663513,359.8226375579834,155.5688338279724,0.47868210077285767,453.8795223236084,126.25154554843903,0.4483157992362976,363.7275724411011,124.58427953720093,0.37060901522636414,419.76753520965576,248.95271110534668,0.5696476697921753,380.42750358581543,247.1258099079132,0.6448066234588623,422.50857639312744,301.2491183280945,0.5769950151443481,372.10043478012085,296.24142265319824,0.5136740803718567,420.7928099632263,326.4778882265091,0.5021869540214539,380.5692310333252,327.20375394821167,0.6653616428375244
409,23.020900029223412,122.25245223934937,176.77492502471415,99.65769324773453,157.49032984172192,170.98257254321663,159.3993281164638,178.93003200425528,162.80574622082,398.7373352050781,167.55913722515106,0.5061606168746948,404.0649275779724,163.986163854599,0.6173527836799622,392.6425242424011,164.25680005550385,0.5503485798835754,416.46084785461426,166.83364188671112,0.6221646666526794,387.24090909957886,165.93395245075226,0.616151750087738,429.14767837524414,178.51161247491837,0.5903187990188599,363.5052261352539,179.74557280540466,0.43192094564437866,464.9900140762329,162.1880813241005,0.47599512338638306,355.01290130615234,153.84914433956146,0.4135732352733612,455.2336664199829,125.33487546443939,0.4620405435562134,357.8407530784607,116.704560816288,0.5259042382240295,419.8718090057373,246.52105951309204,0.46761634945869446,381.5216455459595,247.30906414985657,0.7717968225479126,421.03100204467773,299.61518681049347,0.5830148458480835,376.5989923477173,296.893354177475,0.559447169303894,421.1204409599304,327.9646636247635,0.5132598876953125,382.92658710479736,327.92628622055054,0.6274256110191345
410,21.75729995360598,119.62262448205487,166.49926736597195,99.0342635899396,151.02065132753066,169.3601756107809,165.9436790767001,177.82347521259388,167.35122919405822,397.55499267578125,166.85435485839844,0.5790725946426392,402.5953645706177,162.88962996006012,0.5381420850753784,390.1800856590271,163.4568434357643,0.5368737578392029,414.83760356903076,165.62465393543243,0.6659967303276062,381.19623851776123,165.71851760149002,0.6596658229827881,429.2201089859009,178.3823202252388,0.6074034571647644,365.7472643852234,180.3813784122467,0.6145846247673035,464.6045093536377,164.28285509347916,0.5089686512947083,352.302161693573,151.95769673585892,0.4309383034706116,456.6984529495239,129.17610603570938,0.5379289388656616,354.6306314468384,115.59635272622108,0.5557525753974915,419.68231678009033,247.14353132247925,0.5156788229942322,379.4932851791382,246.09637236595154,0.627743661403656,422.16552925109863,298.97741532325745,0.5450661778450012,377.52439069747925,296.39270997047424,0.5532858371734619,422.45515060424805,328.2814552783966,0.5248487591743469,383.34431409835815,328.08110642433167,0.6281765103340149
411,20.485499990172684,113.46441145902936,153.54113823881386,91.62647432994444,128.02054019332724,165.4940659035205,163.5809421331754,173.20577342787578,166.18617209838104,396.4275164604187,168.4952096939087,0.5497369170188904,400.8259449005127,164.2443209886551,0.5383949279785156,389.2703561782837,164.92118215560913,0.49340999126434326,412.56642627716064,166.79386842250824,0.6345338821411133,380.7488417625427,166.67394971847534,0.6590904593467712,428.7260341644287,178.10286605358124,0.5854609608650208,361.96406650543213,179.5332292318344,0.625439465045929,468.7307291030884,167.72196340560913,0.40063929557800293,342.3583183288574,155.91814798116684,0.4093697965145111,460.63432121276855,132.42916798591614,0.6528576612472534,350.54014682769775,118.3275660276413,0.6027539372444153,417.80177450180054,247.72494757175446,0.5108528733253479,378.1568822860718,248.34835958480835,0.7727654576301575,422.55052852630615,296.2569787502289,0.5401436686515808,375.6874179840088,292.82811295986176,0.5577681660652161,421.8657989501953,328.78973507881165,0.4980446994304657,382.36771392822266,328.4000064134598,0.583669900894165
412,21.21830004034564,112.86847821269139,146.34204045673184,90.3031795567184,120.29421604543354,161.44668646528,158.7157240626215,170.54535503871452,158.17983542957225,396.4774799346924,167.17949438095093,0.6496240496635437,400.81492614746094,163.11160349845886,0.5609210729598999,390.5275049209595,163.38155591487885,0.5380183458328247,412.8470506668091,166.39772927761078,0.6440842747688293,383.3855838775635,165.0667000412941,0.6455700397491455,427.5093717575073,176.89533114433289,0.542264997959137,361.78849935531616,178.78370171785355,0.5847774147987366,464.8477306365967,168.3580539226532,0.40494614839553833,340.02130651474,158.47779548168182,0.4622143507003784,456.58113861083984,131.30223417282104,0.619516909122467,349.0460948944092,118.48561996221542,0.5439403057098389,415.13503408432007,247.14968538284302,0.5654875040054321,377.89364528656006,246.74770557880402,0.7920345067977905,422.4465579986572,295.7016887664795,0.526395320892334,371.477117061615,292.67682564258575,0.5088374018669128,421.93411016464233,328.6619243621826,0.5054938793182373,380.2787756919861,328.33037436008453,0.5864313840866089
413,21.392300026491284,100.44191243835103,131.39904393367837,82.16464087096949,107.86091395605456,176.0476187315371,157.64066152549822,170.22637852004235,154.3361914857966,394.6408610343933,167.59915286302567,0.6101005673408508,402.8670172691345,164.40934097766876,0.608557403087616,389.45853424072266,163.912628531456,0.5567096471786499,411.0711612701416,166.8572609424591,0.6369212865829468,384.2090082168579,165.18811452388763,0.6795099973678589,429.57897663116455,179.4056037068367,0.6028176546096802,360.2761754989624,179.6639175415039,0.6097580790519714,465.63673400878906,174.6900549530983,0.32386910915374756,338.8056044578552,168.38323998451233,0.4565161168575287,454.5095624923706,133.9771136045456,0.6179051399230957,346.6663475036621,123.14092445373535,0.642492413520813,425.8936080932617,249.9341412782669,0.7151820659637451,376.82214736938477,247.6334629058838,0.7949323058128357,420.0141429901123,298.21157670021057,0.5189203023910522,369.48835849761963,295.6844232082367,0.44649872183799744,421.4915404319763,328.097887635231,0.5326813459396362,379.46695137023926,328.3514862060547,0.547200620174408
414,20.33520000986755,83.46654387521785,116.95428355380291,77.68345210848177,78.53694106959009,175.28956010900217,159.46532516901112,173.72041696964027,154.58595454228154,392.9750075340271,165.5855215191841,0.5741880536079407,399.16044521331787,162.5510711669922,0.6197591423988342,386.5635085105896,162.77254611253738,0.4655577540397644,405.39877796173096,165.4178803563118,0.6043882966041565,377.39269638061523,165.17668962478638,0.6989821791648865,423.1778898239136,178.89275109767914,0.5179213285446167,358.91647148132324,180.48799180984497,0.6471364498138428,463.1156129837036,182.77517968416214,0.4841114282608032,330.57325649261475,173.3479427099228,0.44893085956573486,457.61912536621094,136.43366634845734,0.49894165992736816,349.2208786010742,134.43164509534836,0.36873137950897217,424.37398052215576,248.73979771137238,0.7452449798583984,374.09161949157715,247.2014535665512,0.7884654998779297,421.4175429344177,294.09644770622253,0.6163303852081299,367.9296851158142,292.6578221321106,0.4616653621196747,422.91298484802246,327.67254519462585,0.5886902809143066,379.09522008895874,327.65619134902954,0.5747958421707153
415,25.98419995047152,71.7130513401995,99.13576437894088,67.79129139203376,42.98568172920141,177.16833796261972,174.22736092540447,173.90559036110426,172.58349347377282,392.4816908836365,164.43311673402786,0.5817670226097107,399.0671901702881,161.53793048858643,0.6100931167602539,385.78256702423096,161.93113505840302,0.4671739637851715,404.53830432891846,163.58687645196915,0.5305447578430176,375.1011748313904,163.56349956989288,0.6040641665458679,420.30353689193726,179.47307044267654,0.4727981388568878,358.6187629699707,179.15213334560394,0.5588803887367249,456.5488910675049,190.44902229309082,0.5375528335571289,327.70729398727417,180.8707829117775,0.4505998492240906,453.0452308654785,153.11400479078293,0.42683151364326477,356.48466300964355,150.89555150270462,0.3583966791629791,421.92582082748413,244.0353319644928,0.7645331621170044,372.59610176086426,243.16094255447388,0.75644451379776,420.9265513420105,285.1499824523926,0.6544844508171082,377.46828603744507,285.62410151958466,0.5256202816963196,424.13707733154297,324.18250918388367,0.6162542104721069,376.9337501525879,320.7814221382141,0.47405102849006653
416,52.07820003852248,85.73299108305949,100.48149692101846,,,172.3770542166895,171.9372681405378,171.82276774633317,178.10287945439472,390.61115646362305,166.86882829666138,0.39936816692352295,398.68878698349,164.2658886909485,0.6583778858184814,387.5458707809448,163.50141763687134,0.5612465143203735,404.5232672691345,166.62554347515106,0.4816037118434906,372.6732077598572,166.23443299531937,0.5464590191841125,425.4145450592041,186.37224221229553,0.6110976338386536,358.2103614807129,182.4959819316864,0.6357232928276062,460.8147659301758,194.56084632873535,0.5324674844741821,325.0802059173584,183.5906639099121,0.6187916994094849,461.2505626678467,183.0752898454666,0.20049935579299927,342.29589557647705,166.19853430986404,0.24682581424713135,416.7540831565857,242.59254670143127,0.7674705386161804,371.2101650238037,241.75083649158478,0.712831974029541,416.04299449920654,278.5047653913498,0.5905086398124695,374.03040981292725,279.1607711315155,0.5083926320075989,421.1847085952759,320.1231371164322,0.5772731304168701,375.73108863830566,319.50020945072174,0.49119651317596436
417,34.492300008423626,80.13619369790328,88.25361274993554,27.53010619733,21.02838883776506,179.49325184357716,175.93359921960982,164.3116082626344,175.29203441753393,395.271457195282,165.23941260576248,0.6257729530334473,403.09504985809326,162.90507209300995,0.5554710030555725,388.6744589805603,162.53126990795135,0.5421091318130493,408.7715525627136,166.49278956651688,0.545451819896698,377.0548300743103,165.51390933990479,0.6505899429321289,422.67365550994873,185.19872558116913,0.5040020942687988,359.1912326812744,181.5635278224945,0.6816192865371704,463.00987339019775,195.8937987089157,0.6206008791923523,325.9682264328003,188.89361202716827,0.5116216540336609,440.71120262145996,175.54639530181885,0.3842528760433197,353.3720169067383,170.77580189704895,0.3260718286037445,417.44844150543213,245.08750534057617,0.7915021181106567,371.00007581710815,244.08633089065552,0.7340205311775208,413.65682792663574,284.5146896839142,0.6226897239685059,375.6467294692993,284.0676655769348,0.5451997518539429,420.7060499191284,323.71109676361084,0.6274038553237915,376.89700412750244,321.3397036790848,0.4481441378593445
418,22.91459997650236,70.84417719008988,77.76341607212994,32.920775558730796,2.249096315472403,173.46691022122633,177.26810581156872,173.9067651990692,167.34133329407942,397.0284175872803,166.7404192686081,0.6328061819076538,401.56192684173584,164.75681746006012,0.4374512732028961,389.5611906051636,164.28138780593872,0.5591219067573547,411.2753367424011,168.22772175073624,0.4984900951385498,376.3936038017273,166.91056764125824,0.6738075017929077,425.7269115447998,186.04522228240967,0.6056053042411804,359.2436475753784,181.85353791713715,0.7023848295211792,458.05340576171875,201.74022728204727,0.5200604200363159,324.8774962425232,194.92065942287445,0.6049724221229553,453.6636962890625,194.4867981672287,0.38282614946365356,357.4063968658447,181.06769859790802,0.35913020372390747,418.67930698394775,245.66630041599274,0.7893602252006531,368.70948934555054,244.57797193527222,0.704336941242218,418.5420274734497,283.414736866951,0.610954999923706,376.59454441070557,283.98965716362,0.5396103262901306,422.5693311691284,322.48706555366516,0.39504677057266235,375.72613525390625,320.9780956506729,0.489715576171875
419,22.080800030380487,69.19304458260991,75.4413523776284,8.697364342327974,5.723201208692715,164.05955512900493,175.48090778608525,179.31063640585887,165.23921748704097,395.67528438568115,166.72785472869873,0.5903612971305847,401.3253016471863,164.76379776000977,0.4845523238182068,389.5262641906738,164.62994694709778,0.5114560127258301,411.7359256744385,168.65045726299286,0.49473071098327637,377.75184202194214,167.630834877491,0.6884441375732422,428.3215751647949,188.78289592266083,0.591694712638855,358.54716634750366,185.83071339130402,0.662363588809967,451.9843473434448,203.9158158302307,0.5927819013595581,327.40675497055054,199.440090239048,0.5918373465538025,438.61566829681396,197.9909229874611,0.34046804904937744,359.0664882659912,189.22422182559967,0.44334676861763,416.582736492157,245.00810086727142,0.7739660739898682,367.9091639518738,244.61956882476807,0.6955451965332031,419.36524963378906,283.3801202774048,0.6111931204795837,377.0470209121704,282.485359787941,0.5456263422966003,421.6199998855591,320.6924161911011,0.3994598090648651,376.25483322143555,320.5119825601578,0.484297513961792
420,21.648199995979667,57.21432502088636,70.4368455250346,,26.56202578473064,168.43806903135174,176.0564934550373,177.574108126851,174.16612023446163,394.0660915374756,169.73402774333954,0.5081911087036133,403.7618865966797,166.54197931289673,0.5788837671279907,389.1336326599121,166.27225482463837,0.5394831895828247,412.2365713119507,170.07871210575104,0.4644055664539337,377.8004660606384,168.30904936790466,0.6569610834121704,429.10239028930664,189.28869700431824,0.5297088027000427,355.88363552093506,187.52195459604263,0.5592400431632996,447.12356090545654,205.11880642175674,0.4733504056930542,330.5172781944275,203.3331744670868,0.44424551725387573,436.3327646255493,206.8245780467987,0.2879944145679474,349.24938583374023,201.57109034061432,0.46354544162750244,420.99931049346924,243.436821103096,0.7180275321006775,368.01571226119995,242.8272842168808,0.6556575298309326,423.0355558395386,281.6403731107712,0.5253559350967407,373.6959300041199,281.15833353996277,0.5319024920463562,423.42457342147827,317.29688489437103,0.4883871376514435,375.4234733581543,319.27008748054504,0.5039129257202148
421,21.03870001155883,41.563464923155195,67.5460122611442,75.18984738219669,56.707607830453306,162.6249167738543,156.428786768071,166.0797181888746,149.39326547587163,391.27619886398315,169.21258509159088,0.4455466866493225,401.0906729698181,166.10484158992767,0.6210381984710693,387.4261302947998,165.54289895296097,0.6021652817726135,410.17457342147827,169.3704538345337,0.4545532763004303,376.12895154953003,168.01500779390335,0.6113536953926086,426.1199474334717,188.45685893297195,0.49746406078338623,355.9053192138672,186.25329220294952,0.6150298714637756,440.8569736480713,210.6581872701645,0.416519433259964,332.1349878311157,202.38509303331375,0.36973389983177185,424.2384195327759,216.30449491739273,0.41828715801239014,351.55642461776733,210.4474819302559,0.409242182970047,418.73803997039795,241.06417441368103,0.6996793746948242,366.9421672821045,239.50657033920288,0.5606231093406677,424.39354133605957,275.2728295326233,0.5242663025856018,359.702543258667,273.97338259220123,0.4306182861328125,421.7952890396118,308.04656291007996,0.43376636505126953,369.6015028953552,303.14411306381226,0.32738929986953735
422,20.648200006689876,37.33211534170602,58.26715963026233,82.88116228664228,,168.73278745589005,165.51838599317622,169.3811811458326,173.3080752538002,391.016019821167,170.1765502691269,0.4700694978237152,401.13588523864746,166.88488298654556,0.5987403988838196,386.1084289550781,166.58720880746841,0.5756272077560425,411.3171877861023,169.91279464960098,0.4913429915904999,374.6685118675232,169.13561660051346,0.5535339713096619,426.2194194793701,187.7484012246132,0.5286778211593628,349.82071828842163,186.9271903038025,0.5162436962127686,440.91975021362305,211.31389385461807,0.505094051361084,335.0976424217224,203.2512770295143,0.4601059854030609,412.1619167327881,224.62465631961823,0.33583348989486694,350.51512718200684,220.52873027324677,0.2921944558620453,420.6536350250244,246.89386451244354,0.7620707154273987,366.9036269187927,245.65379285812378,0.6252082586288452,423.7763395309448,277.1564848423004,0.5129569172859192,367.82695293426514,276.0919463634491,0.4487047791481018,421.1854667663574,308.4857519865036,0.35815325379371643,373.9694528579712,317.5415372848511,0.34515345096588135
423,20.279599993955344,44.313693827076705,44.18731905088766,88.56646729337605,105.9647105223385,163.2818126199339,158.69949559022902,167.56927369703627,160.40492921022278,391.9015383720398,170.30980277061462,0.5106845498085022,402.05160427093506,167.20916777849197,0.5982608795166016,386.7407183647156,166.90099465847015,0.5278415083885193,410.4601511955261,170.75983268022537,0.5135165452957153,374.8738498687744,171.05333292484283,0.5206663608551025,425.3183584213257,187.7496120929718,0.5106416940689087,348.41691398620605,187.40667992830276,0.4092932641506195,441.01032638549805,208.0756472349167,0.486212819814682,340.8126096725464,202.2084487080574,0.4963498115539551,417.09786319732666,225.59941959381104,0.41665223240852356,366.37621784210205,226.17754513025284,0.3595614433288574,418.3645143508911,247.43858432769775,0.7565600872039795,366.4451608657837,246.3898583650589,0.6144474148750305,423.35987615585327,275.55882239341736,0.49168136715888977,364.38073682785034,273.81574177742004,0.3857828974723816,421.7556619644165,314.52308464050293,0.41148319840431213,373.70095920562744,307.90724182128906,0.3271033763885498
424,21.772500011138618,46.460421173480164,51.216023959513116,87.25379254887982,101.50352384479481,162.67573960631697,154.3591267653523,165.83061221270492,161.3681576675146,391.6938753128052,170.37373661994934,0.5420408844947815,401.4470386505127,167.23265862464905,0.6468775272369385,385.8455457687378,167.242915391922,0.5456942319869995,410.3410930633545,170.4305904507637,0.5121191740036011,374.8820381164551,170.9028718471527,0.5385379195213318,424.83914375305176,188.00175762176514,0.5138988494873047,350.23073720932007,188.24032717943192,0.46176040172576904,441.6160545349121,207.70643210411072,0.4503926634788513,340.8132162094116,202.0420184135437,0.5176991820335388,419.05935287475586,225.11851966381073,0.37380704283714294,363.66722202301025,225.55235242843628,0.3823443055152893,418.6610097885132,246.3054679632187,0.7636445760726929,367.69341373443604,245.68601620197296,0.6265537142753601,424.3996067047119,275.0883786678314,0.4949871003627777,363.4070177078247,273.5923721790314,0.3904772102832794,422.46910095214844,313.2777991294861,0.3900103271007538,369.4938678741455,308.47025287151337,0.3424350917339325
425,23.176200047601014,46.00975010030366,64.88449572270723,91.617055098688,94.39457842878865,162.78396169246722,160.03373465060855,163.06729248078474,165.59356160928598,390.5325593948364,170.04834067821503,0.5296234488487244,400.0003218650818,167.04825049638748,0.672034502029419,384.3353953361511,167.16056209802628,0.6165285110473633,409.7519941329956,170.1246966123581,0.4845639765262604,374.3841218948364,170.5591989159584,0.5210066437721252,423.2818603515625,186.94528210163116,0.4370590150356293,352.3723430633545,187.4361538887024,0.47655388712882996,439.69495010375977,205.76288866996765,0.4185113310813904,337.6549029350281,199.78654104471207,0.4703894853591919,417.49201107025146,226.260240316391,0.36505424976348877,354.2306203842163,222.93270283937454,0.37717071175575256,418.25543880462646,245.40609192848206,0.7728979587554932,367.5121097564697,244.3885636329651,0.6290093660354614,425.1640453338623,277.08685278892517,0.48757168650627136,364.80806732177734,274.8096225261688,0.4272874891757965,422.0912790298462,315.02233278751373,0.3846585750579834,370.60059547424316,310.078542470932,0.3492824137210846
426,21.589400013908744,41.23519983272181,61.37683767219055,94.2324476624666,89.62274921304254,172.6091671219067,151.13172497086182,172.45291335222163,152.13000366523198,390.7291784286499,169.94993269443512,0.5257821083068848,400.34576988220215,166.9199126958847,0.649196982383728,384.7747302055359,167.12329584360123,0.6443182229995728,409.3278479576111,169.5986669063568,0.4634164571762085,373.252121925354,170.48399686813354,0.49314725399017334,424.0300235748291,187.6686975955963,0.49694201350212097,352.11959409713745,186.54636508226395,0.4589534103870392,439.13511657714844,206.21383029222488,0.4519196152687073,336.9125018119812,201.83221054077148,0.38911357522010803,420.26009368896484,224.0601922273636,0.38528019189834595,351.21133041381836,215.87126046419144,0.3310680389404297,421.96908712387085,244.6273468732834,0.7439589500427246,368.93822956085205,243.23496222496033,0.6379234790802002,424.93239879608154,276.4585118293762,0.4344128668308258,362.073748588562,274.6039743423462,0.4311586320400238,423.4595251083374,314.3079489469528,0.41355031728744507,371.62349462509155,308.9774215221405,0.3395180404186249
427,19.707600004039705,49.019920836636935,64.30925302076027,102.5497501596584,48.86270018455419,160.637389014064,161.4979981662313,151.52810199725928,154.15009712960105,390.05655431747437,169.16349506378174,0.44863954186439514,399.3072271347046,166.17055612802505,0.6957148909568787,385.3321123123169,165.87118673324585,0.6647545695304871,408.19534254074097,169.59836775064468,0.4098362922668457,375.07698917388916,168.51063758134842,0.5967291593551636,419.835795879364,186.7392635345459,0.4195670187473297,358.9426031112671,186.71900641918182,0.6251569390296936,439.7845153808594,205.4619665145874,0.5361515283584595,333.9307918548584,204.40976464748383,0.4546351730823517,428.53982734680176,224.44967871904373,0.322467178106308,352.68713569641113,208.94430994987488,0.4121730923652649,417.7841091156006,240.04778575897217,0.676956295967102,367.74335193634033,238.85798650979996,0.5385293960571289,428.1822233200073,273.72488391399384,0.5008819699287415,362.1257085800171,274.6451723575592,0.4537704586982727,421.58939504623413,306.6788229942322,0.36229291558265686,370.15686321258545,301.0311620235443,0.3666708767414093
428,21.131100016646087,36.41157939733536,68.17801982584457,,10.816238693399086,169.17602784012195,172.4713943747044,170.5224985554826,171.8774229972819,389.29300022125244,170.30289369821548,0.448293536901474,399.1593585014343,166.30235558748245,0.6613780856132507,383.4008231163025,166.3374707698822,0.658647358417511,409.1648917198181,169.08074289560318,0.5154459476470947,373.37085151672363,169.23836946487427,0.5336101651191711,423.8183169364929,188.08287155628204,0.49853530526161194,356.9081268310547,187.64926671981812,0.5301857590675354,435.9528703689575,207.1464411020279,0.5296781659126282,333.25935554504395,203.249966442585,0.5337495803833008,428.49140548706055,209.0429316163063,0.21362631022930145,345.2209196090698,198.2718444466591,0.38266000151634216,420.0979208946228,242.18854403495789,0.6966220140457153,367.9889488220215,241.67778551578522,0.5885928273200989,424.44994926452637,278.2023047208786,0.504586935043335,370.61237239837646,278.6237723827362,0.4624636471271515,422.81012630462646,314.4944511651993,0.44122350215911865,377.2172050476074,309.21327018737793,0.4031033515930176
429,19.91550001548603,49.41127174131849,79.06690015835078,26.709688059744135,7.406276678977175,167.5242487199074,179.3568886053013,172.00177762794485,167.69093136246488,388.5168604850769,169.4406414628029,0.36598867177963257,398.75502586364746,165.89358067512512,0.7468488216400146,382.47972106933594,165.7658554315567,0.6624874472618103,408.8314733505249,169.9852330684662,0.47325417399406433,371.46508741378784,168.8841691017151,0.5136526823043823,426.39789295196533,189.71352660655975,0.5088853240013123,351.65397596359253,187.37706351280212,0.49391448497772217,440.5026044845581,204.95907151699066,0.4813423752784729,328.4801483154297,198.2145774960518,0.5343559384346008,439.665735244751,202.052887737751,0.3071989417076111,346.11834144592285,192.59995186328888,0.4114222824573517,420.16749572753906,243.25664389133453,0.7008845806121826,365.6772346496582,243.0800850391388,0.6036338806152344,423.9345951080322,280.0965871810913,0.4715096950531006,375.68516874313354,281.0290982723236,0.49741703271865845,422.55902004241943,316.5728425979614,0.437956839799881,377.33474683761597,319.35339522361755,0.45180827379226685
430,21.397700009401888,66.17996228415457,83.1951754138293,,11.066657715514657,176.41841124720784,178.75110399388976,175.06719741679157,167.25066075278903,390.306978225708,169.2095365524292,0.45138999819755554,399.47882652282715,166.18759375810623,0.656191885471344,385.3407554626465,165.94566226005554,0.6941087245941162,408.19157695770264,167.6936433315277,0.555408239364624,373.52546787261963,168.04418259859085,0.5939661860466003,423.67858600616455,186.69142711162567,0.5220771431922913,358.8620853424072,183.83493167161942,0.7202362418174744,452.724928855896,202.14098197221756,0.6774649620056152,322.0820941925049,195.13109409809113,0.5973069667816162,450.86468029022217,195.24153953790665,0.2932325601577759,343.7638158798218,183.53475028276443,0.333130419254303,419.57791662216187,242.6901569366455,0.736994206905365,369.4162817001343,242.09378290176392,0.7012102603912354,419.2110376358032,277.34287309646606,0.5645852088928223,376.93329524993896,278.98421227931976,0.495536744594574,422.27197647094727,317.8044239282608,0.4851013123989105,376.04666471481323,320.20898056030273,0.5130392909049988
431,21.462100034113973,65.1139658673969,83.5700979546104,65.53968579477979,30.101306470123625,175.13577982626288,179.346166603404,170.54494755114303,169.23697599387975,388.4576473236084,165.5668883919716,0.5079445838928223,395.1843433380127,163.69168066978455,0.6855910420417786,383.32988357543945,163.44875198602676,0.6246305704116821,403.84374380111694,165.501145362854,0.4780455529689789,372.08979511260986,166.02781611680984,0.5840145945549011,422.63084411621094,184.655985891819,0.631150484085083,356.402982711792,180.84428626298904,0.6571486592292786,450.78623485565186,201.04407769441605,0.6426389813423157,327.06332874298096,190.85598802566528,0.594450056552887,451.7903060913086,191.05796086788177,0.3985210061073303,337.34306716918945,179.0543521642685,0.33148112893104553,417.4428815841675,240.41244232654572,0.6923879981040955,369.4618730545044,240.18269073963165,0.6308082342147827,417.1800489425659,273.75323247909546,0.609302282333374,377.6266679763794,275.36519742012024,0.564058244228363,423.89989614486694,316.16445231437683,0.5113315582275391,379.20482635498047,314.61830163002014,0.35480833053588867
432,22.70400000270456,79.13627459684312,92.59516488345578,57.286861005653414,,174.5656794327103,166.63539768843654,167.37797101178592,171.31086350975414,389.28018712997437,166.433756172657,0.5227461457252502,396.6748824119568,164.67607390880585,0.6931489109992981,384.52031326293945,163.94787192344666,0.6598308086395264,404.89365911483765,166.59747982025146,0.4850788116455078,371.8699254989624,166.87464046478271,0.5704049468040466,421.11970806121826,187.43111097812653,0.6504288911819458,358.27695417404175,184.02639132738113,0.7076815962791443,455.86102771759033,199.7435338497162,0.6269057989120483,325.04378843307495,189.25540524721146,0.4729403257369995,452.9307470321655,187.24891090393066,0.3606199622154236,334.4103350639343,177.9253242611885,0.2793675363063812,413.186231136322,239.57637333869934,0.6742932796478271,369.61209201812744,239.55699944496155,0.6003873348236084,411.39838790893555,271.390643119812,0.6182675957679749,368.6262674331665,270.4516645669937,0.4751179814338684,419.213059425354,318.56661570072174,0.5733286142349243,374.4902911186218,319.18393063545227,0.45946434140205383
433,20.702699956018478,85.69864145587069,106.45857909420836,62.55198703326351,42.99458481258346,176.74980474125852,178.25479340026365,160.7049919055042,165.99969518108028,385.7685408592224,168.68806540966034,0.357921302318573,394.56931495666504,164.76332765817642,0.6854488253593445,381.55884647369385,164.40788793563843,0.6286449432373047,406.471640586853,166.52300429344177,0.5874732732772827,368.70552158355713,166.99527144432068,0.4864914119243622,421.9112639427185,187.85730814933777,0.6712658405303955,355.56694746017456,183.60832834243774,0.6757462620735168,460.2297611236572,195.7098749279976,0.559988796710968,327.2275233268738,182.34817051887512,0.5662600994110107,457.36630058288574,185.63546442985535,0.3539058268070221,345.78209257125854,166.5298848748207,0.32245367765426636,415.04913330078125,241.57444858551025,0.7301645874977112,369.849702835083,241.26828408241272,0.6611218452453613,412.6579122543335,275.5179662704468,0.6583389043807983,377.58375549316406,277.1387919187546,0.5418136715888977,424.95792388916016,320.58631563186646,0.4796653985977173,376.19145011901855,320.64443731307983,0.4894285202026367
434,21.387799992226064,81.23460491097185,102.44587077046248,,,175.86743612603706,165.97255478905805,166.24014392996307,169.4695268526197,387.59027433395386,168.39506375789642,0.4216260313987732,395.5335569381714,163.94016510248184,0.7439534664154053,382.48768186569214,164.09407359361649,0.665645956993103,406.127986907959,164.60657006502151,0.6316705346107483,368.6428966522217,166.4897552728653,0.5164953470230103,421.6500234603882,185.88319385051727,0.6683050990104675,358.45201587677,183.55042034387589,0.6540535688400269,454.3086471557617,193.61762261390686,0.5413411259651184,331.4432830810547,183.68297481536865,0.5273628830909729,462.44685554504395,182.04257583618164,0.2802216708660126,351.36412715911865,162.83733469247818,0.2626130282878876,417.21234703063965,241.54515981674194,0.7276663184165955,371.426344871521,240.99551105499268,0.6839680671691895,416.96083641052246,275.39363145828247,0.6519802808761597,370.634738445282,275.868377327919,0.4993647336959839,427.74425315856934,320.8896310329437,0.5179468989372253,377.96263885498047,320.96211218833923,0.5079970955848694
435,21.82850003009662,84.8854813966882,118.9528860162509,63.45894353029978,73.20064883054177,173.98356060595245,157.0387813580776,175.38808614215785,162.3305809107145,386.9050898551941,166.90226250886917,0.3281332552433014,394.56747007369995,162.78335845470428,0.7472534775733948,384.1097888946533,162.77324414253235,0.6131112575531006,405.70032787323,164.9327780008316,0.6398890018463135,370.31094884872437,165.90366649627686,0.5367799997329712,422.6441626548767,183.16973757743835,0.6758833527565002,355.9966788291931,180.86931562423706,0.5984618067741394,451.2747497558594,187.38890153169632,0.3673599362373352,334.54812002182007,175.9109521508217,0.480979859828949,439.9318027496338,152.8036378622055,0.33526021242141724,354.914288520813,140.37266385555267,0.6228002309799194,419.2403030395508,242.7722680568695,0.756374180316925,373.39834785461426,241.81212067604065,0.7350761890411377,421.08505964279175,281.20779395103455,0.5896822810173035,368.7559905052185,279.4851698875427,0.4605671763420105,426.51798725128174,323.27016973495483,0.44332021474838257,377.18394660949707,324.32727205753326,0.6230512857437134
436,21.072099974844605,,159.04259509689504,,112.68015089956715,176.86989633808355,162.39353646642363,177.87070516369292,173.54847193056062,386.8782253265381,167.37203669548035,0.34416452050209045,393.8979797363281,163.0104888677597,0.7025427222251892,384.1150960922241,162.99380737543106,0.5923213362693787,403.95456314086914,166.75805521011353,0.5551292896270752,372.36966133117676,167.22859865427017,0.5442121028900146,420.07143545150757,179.8085237145424,0.4627595841884613,356.73743724823,179.5471613407135,0.5927858352661133,458.4651937484741,182.72571927309036,0.24793821573257446,341.51690006256104,159.19537031650543,0.47312918305397034,433.6744146347046,139.8476740717888,0.356096088886261,359.11187744140625,129.35844856500626,0.6054609417915344,423.3847441673279,246.49598741531372,0.7613853216171265,375.0531573295593,244.12559151649475,0.7761759757995605,423.18804931640625,285.9347676038742,0.5825008153915405,373.83866834640503,283.380576133728,0.5059185028076172,424.493670463562,326.4983732700348,0.48149484395980835,377.39052295684814,326.7731976509094,0.6284613609313965
437,20.908100006636232,,163.07188365693636,,111.34827142225537,176.75171196675402,162.8752153518527,178.47687670040904,173.0631334094079,386.5684871673584,167.64735966920853,0.36336469650268555,393.3343048095703,163.37188321352005,0.6655614376068115,384.47853803634644,163.46942222118378,0.6220827102661133,403.3206310272217,167.81500083208084,0.5302935838699341,373.73047733306885,167.60422426462173,0.5713013410568237,420.81745052337646,177.9069902896881,0.39606425166130066,358.88761043548584,180.28140342235565,0.613925576210022,455.37645530700684,169.71362817287445,0.21296611428260803,342.51622009277344,154.20321649312973,0.44238439202308655,440.41192722320557,132.6773247718811,0.3282882571220398,363.89416790008545,125.34620064496994,0.42407187819480896,424.1863079071045,248.3618643283844,0.7447526454925537,376.82300662994385,246.33242046833038,0.7979043126106262,423.8339858055115,287.885861158371,0.5421178340911865,375.4860224723816,285.94510984420776,0.5234405398368835,424.51287746429443,326.30326676368713,0.4564647078514099,379.0214500427246,326.3244925737381,0.6297634243965149
438,21.87579998280853,108.16044406481804,157.31208520479913,78.12704394492916,115.69866393788747,167.14615226942746,162.5463967711254,175.88906790078696,171.48630597738511,391.38201427459717,165.573555290699,0.595905601978302,398.6776418685913,162.47300577163696,0.6464454531669617,389.42072677612305,161.92033696174622,0.549789547920227,407.16850090026855,167.40655356645584,0.5566344857215881,378.0574607849121,166.04979693889618,0.685272753238678,423.2848677635193,176.53868055343628,0.41077718138694763,362.64985752105713,178.3963378071785,0.5607766509056091,456.4501266479492,169.77553915977478,0.3875229060649872,344.70546436309814,154.2179036140442,0.5012429356575012,439.0118885040283,129.47587430477142,0.4675227999687195,362.33183002471924,120.67281860113144,0.6384142637252808,415.2690534591675,245.453045129776,0.562709629535675,379.05458211898804,244.71649527549744,0.8018783926963806,420.0735583305359,289.54116094112396,0.36072686314582825,376.5412197113037,285.11530888080597,0.530860960483551,426.6692171096802,325.72629511356354,0.5636783242225647,379.99696350097656,324.9857280254364,0.6028372645378113
439,21.792000043205917,118.00200914985064,164.96959191553853,87.53231226547042,130.617503031042,167.27669080742618,166.20199319675166,170.90657858216588,172.2308365014313,395.58885288238525,167.55560433864594,0.6336584091186523,402.6247310638428,163.75185370445251,0.5758021473884583,388.0904903411865,164.0143984556198,0.49942395091056824,411.7733793258667,167.2700673341751,0.5435211062431335,380.09256887435913,167.15522003173828,0.6429010033607483,426.10801887512207,177.59720742702484,0.5210973620414734,367.3200902938843,180.25852513313293,0.5751223564147949,460.84883308410645,163.8499482870102,0.474704384803772,352.6216297149658,151.14207005500793,0.4357059895992279,445.1309356689453,128.64103043079376,0.5423331260681152,366.00979375839233,118.97449737787247,0.6189731359481812,418.42021465301514,245.99705266952515,0.585526168346405,380.8636794090271,245.34346866607666,0.7923893332481384,423.938916683197,295.90129685401917,0.4792870879173279,379.2251958847046,291.2745261192322,0.5070335268974304,422.3829221725464,327.9110150337219,0.5568915009498596,382.83451986312866,327.2691408395767,0.587807834148407
440,20.292800036258996,123.84528881578686,173.05589484890822,95.83199649272761,163.0963940201262,169.43770702473512,161.45633847268678,177.31899528700708,170.93519160921693,398.03607749938965,167.98291265964508,0.40988633036613464,401.631299495697,164.47717809677124,0.5288469791412354,389.76296520233154,165.06812459230423,0.5434060096740723,413.7196044921875,168.28184044361115,0.511247456073761,381.9642405509949,168.68910533189774,0.639054536819458,428.81873321533203,179.56078004837036,0.5934568047523499,364.3270835876465,181.44705653190613,0.44107651710510254,463.2268114089966,161.98807436227798,0.5081061720848083,360.2441806793213,153.58511805534363,0.4838427007198334,450.6007356643677,129.47325313091278,0.37495219707489014,365.82426929473877,116.54330164194107,0.5726719498634338,420.75176763534546,247.30060231685638,0.5151532888412476,382.3463840484619,247.40080523490906,0.7575216293334961,424.03063011169434,297.0461230278015,0.471180260181427,379.73683500289917,293.1765866279602,0.543766975402832,424.62230682373047,328.1420772075653,0.5582655668258667,383.18489599227905,327.1099330186844,0.5815363526344299
441,20.156099984887987,149.16436085881492,176.48521555271165,110.50492190629365,165.84644228143165,170.943162042606,160.81823826938944,172.79132952237237,163.66635559158888,405.4735083580017,171.52132642269135,0.44526153802871704,406.15209674835205,166.98705178499222,0.52025306224823,394.94450855255127,167.30827379226685,0.6165634393692017,420.5358657836914,171.57742524147034,0.45317554473876953,388.0282950401306,171.619278550148,0.47142088413238525,435.46379947662354,182.37094908952713,0.5845592617988586,368.68621349334717,183.34564113616943,0.44393596053123474,460.504825592041,154.8111436367035,0.4404342472553253,364.7598476409912,154.74783658981323,0.4574616551399231,443.68131256103516,122.12747037410736,0.6417681574821472,369.18736457824707,114.87328624725342,0.5487642884254456,422.0641870498657,248.68905520439148,0.5647108554840088,381.5439863204956,247.50371479988098,0.6219878792762756,420.0149517059326,298.285311460495,0.4319726526737213,374.9322543144226,295.463161945343,0.5457214713096619,422.656268119812,329.46158182621,0.5489023327827454,379.9291830062866,328.9612795114517,0.6589920520782471
442,25.34900000318885,151.7594151352756,,113.2436591747231,,165.2479654743141,164.8114216088064,177.15013477450609,168.1737962927484,402.97232723236084,167.70686316490173,0.47264933586120605,407.05818700790405,164.5392742753029,0.5394596457481384,396.60925006866455,164.23071652650833,0.5965617895126343,421.18794345855713,169.1739227771759,0.40953633189201355,389.1232204437256,168.56846010684967,0.39909952878952026,435.72455978393555,181.3873251080513,0.585713267326355,369.050085067749,180.54944694042206,0.47678816318511963,460.4202136993408,152.74070119857788,0.4038434326648712,376.4389171600342,152.36141449213028,0.26340991258621216,444.7510919570923,120.60342872142792,0.6156303286552429,372.918653011322,110.00205543637276,0.6082413196563721,420.85692596435547,248.3217774629593,0.546402633190155,382.0650520324707,247.2975252866745,0.7260598540306091,422.85677909851074,299.70877981185913,0.531769871711731,378.57134914398193,295.3884015083313,0.5031818747520447,422.55833768844604,327.23495161533356,0.4896900951862335,382.8650236129761,327.26626324653625,0.6395720839500427
443,23.553600010927767,150.87251426952,,110.2513617154208,,163.9663657529634,165.50573788104037,175.09866103362864,171.64136448785058,406.1812357902527,165.91104567050934,0.49365663528442383,409.27697467803955,163.41963416337967,0.6376494765281677,400.7121181488037,162.64764147996902,0.6348089575767517,422.6692581176758,167.0732798576355,0.53500896692276,391.6507353782654,165.86506116390228,0.601043164730072,435.67664337158203,180.6762889623642,0.5846660137176514,371.45662117004395,178.68459570407867,0.5130634903907776,461.92776107788086,152.6372787952423,0.32666411995887756,374.3422203063965,151.9218407869339,0.2672794759273529,445.5367088317871,119.95474517345428,0.6521251201629639,370.8924913406372,112.99171078205109,0.4425068497657776,418.83976125717163,248.27408349514008,0.5615869760513306,383.579119682312,246.06278145313263,0.7673860788345337,420.59598875045776,297.4026596546173,0.4183388650417328,379.95185232162476,294.3616136312485,0.5285430550575256,424.2067279815674,327.0292464494705,0.47095006704330444,382.2704658508301,326.9974219799042,0.6301727890968323
444,23.400800011586398,154.1171225725499,173.866460102153,112.44956175060204,171.033560588249,162.3109005019902,165.67592210619,178.5752541299555,168.73125446612514,402.50681018829346,168.76960670948029,0.3043072819709778,410.3737196922302,164.46542555093765,0.6427474617958069,400.267728805542,163.74265110492706,0.6098741888999939,420.13964557647705,168.13734823465347,0.31375497579574585,391.6070394515991,165.90712815523148,0.5868223905563354,439.82085704803467,181.2651556134224,0.5994518399238586,372.55533742904663,178.54350817203522,0.557739794254303,463.90633487701416,154.53923958539963,0.37413305044174194,370.98915815353394,151.93441957235336,0.3250751495361328,447.9409704208374,121.10495615005493,0.6507677435874939,374.9938178062439,111.07679370045662,0.553268551826477,420.1043906211853,249.3852332830429,0.5642911791801453,384.02477264404297,247.0673463344574,0.761486828327179,421.42696952819824,298.3666818141937,0.3593009114265442,380.05220890045166,294.1578743457794,0.5573923587799072,422.91733169555664,327.07822251319885,0.40297457575798035,383.615966796875,325.6974906921387,0.5176524519920349
445,22.06850005313754,142.03948465403496,171.6630001728001,108.40068593481703,169.0925375097127,166.81568940890844,166.65326606014057,179.83383933007246,173.66321629450198,404.8275213241577,169.1598197221756,0.3742719888687134,412.9034080505371,164.3491821885109,0.7140478491783142,401.29234647750854,163.61635041236877,0.593254804611206,424.07804107666016,166.3341373205185,0.3423542082309723,391.79061794281006,165.21338605880737,0.618528425693512,438.59393405914307,178.23768556118011,0.45314112305641174,371.78857374191284,177.82611852884293,0.547370433807373,467.3580856323242,154.36736750602722,0.3554103374481201,370.8798551559448,151.33025324344635,0.3034595549106598,455.511510848999,123.9626482129097,0.40064841508865356,377.43945026397705,109.64710718393326,0.5919910073280334,422.9577422142029,249.64364683628082,0.6068322062492371,384.4477310180664,247.47610700130463,0.7673957347869873,423.66084480285645,298.00911951065063,0.37677711248397827,381.9696235656738,294.054195523262,0.5281253457069397,423.9872121810913,326.0554233789444,0.4198024868965149,383.73269987106323,324.7122142314911,0.5650945901870728
446,21.956600015982985,147.59708257904438,,102.42896542168081,,167.91583873186738,163.48018036062854,178.31137046796232,168.05580813501408,407.62502098083496,167.03081399202347,0.5206879377365112,415.39566802978516,163.62156426906586,0.6899340152740479,403.4113841056824,162.54329311847687,0.5665220022201538,424.5127258300781,167.08768206834793,0.5654821395874023,393.7742967605591,164.5697596669197,0.6698110103607178,439.88044929504395,178.90024423599243,0.48577502369880676,372.8649492263794,177.73598718643188,0.5395976305007935,468.75054264068604,149.5801638364792,0.316365122795105,370.33086347579956,151.88135504722595,0.2813372313976288,449.1312484741211,119.38536638021469,0.6283224821090698,381.9333071708679,108.21822553873062,0.5984404683113098,424.64060401916504,249.66219449043274,0.662432074546814,385.2511901855469,248.6613334417343,0.7348040342330933,424.5817699432373,297.91538405418396,0.4043438732624054,379.9430322647095,294.44241416454315,0.5363962650299072,423.70378255844116,326.5133310556412,0.4365391135215759,382.85928678512573,325.6979180574417,0.5928322672843933
447,20.96350002102554,,,,,171.69336746333695,164.8616421809842,176.5495026376387,168.8738546886509,406.3940291404724,167.18722969293594,0.35693761706352234,414.0740747451782,163.6750419139862,0.6557834148406982,402.968789100647,162.7673607468605,0.571371853351593,424.8770523071289,167.49736869335175,0.37178605794906616,392.87308406829834,165.72015583515167,0.6022318601608276,438.6789503097534,179.1268903017044,0.4656960666179657,373.97443151474,178.81169414520264,0.5674091577529907,468.5085849761963,155.61761045455933,0.243459090590477,365.59782886505127,153.08638274669647,0.28873100876808167,454.1341161727905,124.00215101242065,0.5224553346633911,379.0928192138672,109.21898686885834,0.6558715105056763,425.17526626586914,249.09157633781433,0.6239866018295288,385.4071207046509,247.5405251979828,0.7380731701850891,422.951575756073,297.73252868652344,0.39976179599761963,380.66948652267456,295.05605375766754,0.5473412275314331,423.38476943969727,327.52792477607727,0.4571828246116638,383.7130126953125,327.0613843202591,0.6130228638648987
448,23.571999976411462,131.2442769704307,168.99831196094544,108.70351469437377,147.56394939807572,171.19828067991781,169.02005235649355,178.135199051319,176.32703913681337,408.8667788505554,164.62231135368347,0.5682984590530396,416.2770166397095,161.3821843266487,0.6287276148796082,405.2224020957947,160.3726762533188,0.5103878378868103,424.91031074523926,164.9392881989479,0.6021543145179749,394.29975986480713,162.7608505487442,0.6343029141426086,440.256552696228,178.2614185810089,0.5008893013000488,377.2709846496582,176.4848182797432,0.528287947177887,466.84758377075195,163.1087543964386,0.37083137035369873,369.39656925201416,153.90498673915863,0.3407595157623291,459.62767219543457,125.87100523710251,0.42523467540740967,378.9922857284546,113.02718210220337,0.4941505491733551,426.2257881164551,246.80827748775482,0.6756095886230469,387.31093883514404,245.95243573188782,0.757636308670044,423.87535667419434,295.4529621601105,0.454514741897583,385.0273780822754,293.3881324529648,0.5985332727432251,423.3316469192505,330.00670051574707,0.4804852604866028,385.5666904449463,327.0875105857849,0.6489803791046143
449,22.521400009281933,118.63265377052223,155.9068464169225,94.05587269499203,133.20949060367354,172.07144580307445,177.69978642361835,173.68719752810583,171.66768762808695,411.41213607788086,165.6577320098877,0.6276212334632874,419.4327268600464,161.62149465084076,0.5841795206069946,404.26561546325684,161.59328854084015,0.43951982259750366,429.26645851135254,163.65526914596558,0.6367860436439514,393.1670775413513,162.41680723428726,0.6001678109169006,443.750205039978,178.80548310279846,0.5962798595428467,377.9756541252136,176.71358692646027,0.5519612431526184,468.94776821136475,171.7996267080307,0.41024288535118103,365.95133876800537,155.5623236298561,0.46075430512428284,459.0221462249756,122.93519079685211,0.47272542119026184,378.4393515586853,115.15177884697914,0.6132327318191528,427.80248069763184,247.36519145965576,0.717185914516449,384.74245738983154,246.67323005199432,0.6829262971878052,423.2750873565674,297.440153837204,0.4470348358154297,387.4624214172363,294.9529447555542,0.585154116153717,423.94783782958984,331.0529762506485,0.48382121324539185,384.4565258026123,328.581551194191,0.6028679609298706
450,20.273500005714595,113.13325831964717,157.72190356177504,96.43502803866431,123.97389633473868,174.32055012594233,167.58766687336146,179.10651874158512,174.88816553174092,406.3818984031677,164.90608191490173,0.5496110916137695,414.06740283966064,161.26668173074722,0.6421587467193604,403.01096868515015,160.87699580192566,0.5062583684921265,423.144681930542,164.49686539173126,0.5967837572097778,390.54714155197144,163.44127309322357,0.5526250004768372,442.1142234802246,178.25302797555923,0.5612862706184387,373.72916316986084,176.17398124933243,0.5167555212974548,469.1538391113281,171.63879489898682,0.42684122920036316,360.68318700790405,154.2191857099533,0.592984139919281,463.0551109313965,124.0988210439682,0.41622695326805115,378.59556007385254,116.33635711669922,0.5816077589988708,430.52567958831787,248.3456529378891,0.7288798689842224,384.314368724823,247.49909925460815,0.6622740626335144,427.48743534088135,295.2212162017822,0.46635010838508606,381.1312885284424,293.3550258874893,0.5656994581222534,425.88046646118164,327.903151512146,0.495811402797699,381.8034324645996,327.1016991138458,0.624542236328125
451,22.685299976728857,104.69164534049554,150.53372739364437,79.96055559554489,98.37061831058658,174.61816886922634,164.53041507320333,177.46268691473423,177.51666316528753,406.0615711212158,164.06098127365112,0.5450068116188049,413.88407707214355,160.05172491073608,0.5792548656463623,402.4730968475342,159.85939627885818,0.5191949009895325,421.9364604949951,162.0705131292343,0.5865052938461304,388.7207326889038,162.07417422533035,0.5042145252227783,443.266845703125,177.69800865650177,0.5686711072921753,371.8400535583496,174.9644377231598,0.488485187292099,472.4286832809448,174.54282760620117,0.4949984848499298,358.5887141227722,159.94197750091553,0.5063672661781311,460.01342964172363,131.84977459907532,0.4299093782901764,385.34212017059326,128.29906696081161,0.4486478269100189,432.7281665802002,248.07515919208527,0.7524783611297607,387.0101218223572,246.6458216905594,0.7563506960868835,430.2560234069824,293.21587574481964,0.47833743691444397,384.26172637939453,291.3221346139908,0.5552245378494263,426.9742040634155,326.2588492631912,0.49252742528915405,383.6146273612976,327.0732650756836,0.6120985150337219
452,22.534499992616475,90.23347382294487,123.44193923173556,63.93485138803067,74.32965630233805,175.66761651437992,167.5283229254917,174.58742097065152,179.64355745079217,406.5306010246277,162.98258191347122,0.5038991570472717,413.3894968032837,159.5039280653,0.6210583448410034,402.1686153411865,159.3713023662567,0.5305641889572144,419.0110068321228,162.19121533632278,0.5224168300628662,388.40134048461914,162.97233939170837,0.52141273021698,441.2207441329956,177.66248035430908,0.5278317332267761,372.44148540496826,175.83800089359283,0.5017987489700317,472.39744663238525,181.2738881111145,0.5765813589096069,357.03196144104004,169.13483309745789,0.44945207238197327,456.8574161529541,137.2868726849556,0.4548211991786957,383.5918822288513,136.54530841112137,0.6398138403892517,433.0371971130371,245.8767350912094,0.7729314565658569,384.55781745910645,245.0274177789688,0.6600948572158813,431.03845596313477,291.4983230829239,0.4491634964942932,382.5187921524048,291.013121008873,0.558799684047699,426.3647356033325,325.08880853652954,0.4315788149833679,380.7774500846863,325.4436357021332,0.6218245625495911
453,22.475300007499754,92.96843278517471,121.11163851720057,68.33679193767337,61.67749510462469,178.13012175111837,165.99568719572258,171.6988347458209,176.44604557693643,407.5584030151367,162.70982313156128,0.5296067595481873,414.2388000488281,159.87186110019684,0.5695081353187561,403.8393716812134,159.65397602319717,0.5116609334945679,420.7350878715515,164.40473967790604,0.600886881351471,391.1242866516113,164.50019884109497,0.5781340599060059,441.1461400985718,179.38664293289185,0.559471845626831,373.44431829452515,176.3335879445076,0.5140624046325684,473.17351055145264,180.58724027872086,0.407786101102829,356.5030107498169,169.96413546800613,0.5054590702056885,458.086462020874,138.02142816781998,0.5892229676246643,391.48606061935425,139.47586625814438,0.49131473898887634,435.1210050582886,246.6945983171463,0.7648509740829468,386.2436361312866,245.34683060646057,0.6778631806373596,432.57875633239746,291.5289794206619,0.4701967239379883,383.5451536178589,289.4980540275574,0.5338016748428345,425.76335430145264,324.88902950286865,0.4114655554294586,379.0209951400757,326.0727174282074,0.62308269739151
454,20.261300029233098,85.45271883992918,94.6688648003062,51.11340897138076,30.428132826588538,175.24421419526954,165.1225933432073,174.25280592392494,176.4557974664467,405.7839288711548,161.41739922761917,0.4157854914665222,411.93087673187256,159.38177281618118,0.49340102076530457,405.54424571990967,158.69110774993896,0.4508630037307739,419.13385581970215,164.14656829833984,0.517910897731781,394.4594054222107,163.36094266176224,0.5533334612846375,440.51498794555664,177.18907356262207,0.4973268508911133,374.49441051483154,175.96378874778748,0.5017741322517395,474.31915760040283,183.9093644618988,0.4898292124271393,351.917592048645,177.83829843997955,0.5587221384048462,452.38673400878906,142.0326361656189,0.4204966723918915,391.2352828979492,150.12901484966278,0.4732617735862732,432.52123641967773,245.27189922332764,0.7702417969703674,385.63674545288086,243.1590051651001,0.6195563673973083,430.91639041900635,292.6322087049484,0.4547457993030548,381.01225566864014,291.5199477672577,0.5138112902641296,426.75468826293945,323.46157240867615,0.38688793778419495,379.9231176376343,324.0421054363251,0.5745773911476135
455,23.70289998361841,80.29310862356968,73.73702502060088,25.8860288239128,5.788448979955964,169.06332868723146,166.8468955083105,174.73556129201242,178.88475639267304,405.54669713974,161.9829317331314,0.44440001249313354,412.8395953178406,160.2927874326706,0.5002362132072449,404.5580167770386,159.70450484752655,0.5341185927391052,421.213418006897,164.2540364265442,0.4673232436180115,393.0055365562439,164.3439825773239,0.609695553779602,442.1298418045044,177.57032614946365,0.49318572878837585,373.7997236251831,179.8886547088623,0.5778454542160034,473.2078809738159,188.88244354724884,0.4230259656906128,347.56376934051514,192.19733101129532,0.5118806958198547,447.6788959503174,162.55047285556793,0.33488839864730835,387.54630041122437,168.24722385406494,0.38005563616752625,430.10818004608154,243.7597098350525,0.7613055109977722,383.366174697876,241.18318140506744,0.5520395040512085,430.56136417388916,284.16960644721985,0.5013580918312073,380.13115978240967,284.38582479953766,0.5059260725975037,427.52559661865234,321.72099900245667,0.4329665005207062,378.15627574920654,320.07720959186554,0.5290553569793701
456,20.937399996910244,71.64836927369197,73.5096593448217,9.682522498055757,,177.1694778514517,168.39998983159327,179.01618205673665,174.91466182418168,409.32676124572754,164.9922957420349,0.528821587562561,416.2449712753296,163.13513708114624,0.58686363697052,403.34870862960815,163.48996424674988,0.48237282037734985,423.5273814201355,164.7524013519287,0.5193964838981628,396.0597276687622,165.67804610729218,0.6309353113174438,442.4701089859009,178.19016253948212,0.5326049327850342,381.39376735687256,180.54699671268463,0.5660142302513123,472.7025852203369,192.59958148002625,0.4504801034927368,350.6132345199585,193.88313043117523,0.5299164652824402,447.66883754730225,174.9624860882759,0.31581398844718933,370.42146492004395,177.4572167992592,0.2755754888057709,434.28929138183594,243.5738344192505,0.7667569518089294,388.7502760887146,241.02753496170044,0.6243370771408081,431.48688888549805,280.8335074186325,0.5104668736457825,385.672025680542,278.75164008140564,0.4420429468154907,429.01929473876953,323.4036786556244,0.4914746582508087,378.50609588623047,320.453661441803,0.66182541847229
457,21.00639999844134,65.28231970615558,70.31882161430711,13.158403473756522,0.555919496168865,171.86123264195794,174.85504546486462,179.42935562977453,164.88142869255753,413.94397258758545,166.53861737251282,0.5817064642906189,417.8526225090027,163.51855498552322,0.4354146718978882,406.6423807144165,164.39049416780472,0.5435264706611633,428.61827278137207,165.96805620193481,0.6570507884025574,395.5045442581177,166.09625154733658,0.6280466914176941,446.3484573364258,183.362450838089,0.6739088296890259,376.3225631713867,183.37178164720535,0.6834078431129456,469.12988090515137,200.50462871789932,0.6819484829902649,345.522216796875,200.54170978069305,0.5055383443832397,432.64411067962646,184.41119104623795,0.34468990564346313,371.8502130508423,185.52826696634293,0.3389110565185547,432.85018157958984,245.57139682769775,0.7767502069473267,386.26264095306396,243.04840302467346,0.6119088530540466,430.0241241455078,284.96165680885315,0.4933745265007019,389.32368087768555,283.64767944812775,0.5300509333610535,427.56719493865967,324.7557770013809,0.4634679853916168,382.0465021133423,321.7712856531143,0.3950868248939514
458,20.534000010229647,62.70195933669248,56.555358311461916,,20.65693622283827,176.28343884735284,162.05547786808478,171.87119848504364,,414.6877384185791,169.24815613031387,0.49305999279022217,418.55304622650146,166.70664316415787,0.4996218979358673,409.57903003692627,166.78657472133636,0.6170398592948914,429.5172109603882,169.07527261972427,0.5706711411476135,404.2789087295532,167.64768731594086,0.5089218616485596,447.8625249862671,184.68494701385498,0.6250672340393066,379.93213987350464,185.22265803813934,0.6619853973388672,469.1175479888916,202.08109384775162,0.6206945180892944,361.3034973144531,200.7907355427742,0.46629393100738525,430.43909645080566,193.93179309368134,0.2833530306816101,382.30498790740967,193.46540933847427,0.4117318391799927,434.88678073883057,245.72826838493347,0.7406585216522217,386.4936809539795,243.343883395195,0.5575401186943054,430.1017608642578,278.59277415275574,0.5400946140289307,380.30768728256226,273.739670753479,0.4435026943683624,429.97924041748047,323.8346908092499,0.562293291091919,385.0146155357361,315.1907147169113,0.2987445592880249
459,19.916700024623424,62.095025044805546,32.339296182136046,35.497522070728884,,171.0927811397297,135.3866796809127,163.43739790864558,131.75851470535363,415.77525901794434,173.1969118118286,0.49018433690071106,419.5934085845947,170.98649299144745,0.3638960123062134,411.0205659866333,170.76141393184662,0.4127860963344574,431.43629360198975,172.6380177140236,0.5623679161071777,406.4101023674011,172.52067744731903,0.41966310143470764,443.553484916687,188.90762960910797,0.5379617810249329,379.7977919578552,188.713320851326,0.5343844890594482,468.0019750595093,208.70861798524857,0.5195901989936829,369.50688314437866,209.2244336605072,0.4090713560581207,446.90808868408203,207.41598039865494,0.32011207938194275,390.18150091171265,207.19034576416016,0.28787994384765625,432.34175205230713,246.0582228899002,0.6750149130821228,385.28755712509155,243.75939643383026,0.611120343208313,424.0998258590698,268.6947658061981,0.4045116603374481,371.46056365966797,260.8843514919281,0.3669649660587311,421.85627126693726,305.9758355617523,0.3886173367500305,376.7693786621094,293.22032034397125,0.46953678131103516
460,22.429200005717576,47.39330225864049,29.569591669883458,77.38641705470215,,171.73869198714192,157.2029275215164,173.56284601254748,153.39751923863045,419.5743532180786,171.23107415437698,0.37339746952056885,422.0784912109375,167.3089290857315,0.5123884081840515,410.9386076927185,167.89080119132996,0.5429954528808594,436.41580963134766,171.11493051052094,0.47356534004211426,407.788179397583,171.70966631174088,0.41141000390052795,451.5167579650879,188.91039323806763,0.6002559661865234,381.97988414764404,188.66347581148148,0.5299814343452454,464.11286067962646,208.2831758260727,0.40835466980934143,371.8190016746521,209.45417100191116,0.43539971113204956,441.9545021057129,216.53179627656937,0.3117053806781769,386.65087509155273,216.16322219371796,0.24655772745609283,436.448410987854,247.76167249679565,0.6904439330101013,385.36054372787476,243.56272292137146,0.5161582827568054,433.3762512207031,276.50745940208435,0.5218074321746826,376.56141233444214,268.7267042398453,0.3732990026473999,424.5846004486084,316.0419124364853,0.4304550290107727,380.5383734703064,299.6467263698578,0.49057886004447937
461,24.241200007963926,45.60193768516072,33.82711330954932,94.94283872307633,,171.78672638212825,153.5977338159387,174.8286997881102,152.81837331882122,421.23884201049805,171.9672393798828,0.4054476022720337,424.5926876068115,169.60687232017517,0.3968029320240021,415.79598236083984,169.4894608259201,0.3920910358428955,438.04102516174316,171.7584999203682,0.4613809287548065,405.808443069458,171.2592375278473,0.43986380100250244,452.22736644744873,189.23336744308472,0.60483717918396,383.7526144981384,189.54562902450562,0.5070518255233765,462.83953762054443,207.0148268342018,0.3804987668991089,373.36220836639404,206.69420313835144,0.43587929010391235,439.78987312316895,223.6216869354248,0.39745569229125977,383.16086196899414,222.20029842853546,0.29523250460624695,437.4437885284424,245.29503393173218,0.7133395075798035,386.0932149887085,240.78900814056396,0.49923592805862427,434.0411672592163,274.88646280765533,0.5396570563316345,376.0009722709656,263.6852182149887,0.42591720819473267,425.62865257263184,315.39946842193604,0.4938839375972748,377.64552116394043,291.41031432151794,0.48152318596839905
462,22.03460002783686,41.54193486512806,34.474909793850735,103.78757995126085,,170.25977376942288,153.90954994128867,173.52524062549537,144.34835869589907,419.6766052246094,170.5819917321205,0.36444714665412903,428.7644987106323,167.64688956737518,0.5801678895950317,414.2681665420532,168.0459063053131,0.5424598455429077,439.69029998779297,169.9787798523903,0.46244582533836365,406.10380125045776,170.8757199048996,0.4130498170852661,453.5236873626709,188.94600701332092,0.6028733849525452,387.10271978378296,189.83461344242096,0.5056755542755127,462.1276149749756,206.5771050453186,0.38563525676727295,374.6762957572937,208.29593980312347,0.4760538637638092,440.559871673584,224.5465624332428,0.43305227160453796,387.3682818412781,226.95485138893127,0.25788620114326477,437.5756092071533,246.33743488788605,0.7305289506912231,387.5865340232849,242.1174304485321,0.5711886882781982,434.26472663879395,278.9922182559967,0.5382619500160217,373.61697912216187,271.32611095905304,0.34413984417915344,425.8951244354248,317.4941852092743,0.48566123843193054,378.1906967163086,297.0252106189728,0.409776896238327
463,21.504799951799214,29.119587154816333,36.06511286816612,112.91625266953939,,172.26903733999544,164.35184791609075,179.17679842259358,153.81103049409475,419.72624015808105,170.85151678323746,0.371344655752182,428.3866262435913,168.08397030830383,0.5418579578399658,413.9829931259155,168.49354296922684,0.5420982837677002,440.108304977417,171.2333676815033,0.2830793559551239,406.44773292541504,171.22218495607376,0.4330320358276367,454.27124404907227,188.83831095695496,0.60960453748703,390.04530811309814,189.20708447694778,0.49287620186805725,459.30822944641113,208.96651870012283,0.39376357197761536,375.4015369415283,208.5621171593666,0.48952844738960266,439.7074851989746,223.71835696697235,0.40616631507873535,387.4897155761719,226.41035950183868,0.27366191148757935,438.70275688171387,246.65753149986267,0.7240668535232544,389.07762908935547,242.2285454273224,0.6151429414749146,434.1480188369751,282.0210131406784,0.5187034606933594,379.3885817527771,274.53667855262756,0.3973919749259949,429.83862495422363,319.7506170272827,0.5982271432876587,383.51687383651733,299.2189621925354,0.36621421575546265
464,21.76610002061352,32.983686526052836,28.355705732538503,91.96951292896497,85.56957587509632,171.24879523747384,159.54840675804945,179.10189263800962,159.66027599069696,422.6733775138855,171.8385739326477,0.4586598873138428,430.81666564941406,169.94577300548553,0.5422810912132263,422.29967498779297,169.4765828847885,0.46687042713165283,442.9856653213501,172.47298347949982,0.36463072896003723,410.60240936279297,171.64984941482544,0.49687787890434265,456.6623134613037,188.4293935894966,0.4322449266910553,385.69151067733765,188.98424196243286,0.4612473249435425,462.9047908782959,209.7420442700386,0.4171597957611084,375.27876377105713,210.81028658151627,0.5414688587188721,437.3158597946167,218.20221054553986,0.3060462474822998,386.8098888397217,215.2538600564003,0.32192614674568176,439.3025207519531,246.44570076465607,0.7017961740493774,388.3405351638794,242.17931294441223,0.5690046548843384,434.20700454711914,283.13338804244995,0.5009950399398804,377.72629165649414,275.6381983757019,0.3519209027290344,428.4695701599121,320.17239809036255,0.4849206805229187,378.4679346084595,291.14039039611816,0.42186400294303894
465,19.69670003745705,25.550496132084245,36.36473335543317,102.2246069378961,,170.44148411243688,160.6507318726686,178.05480573200055,156.36390237892618,427.67025566101074,171.47240734100342,0.5545569658279419,438.57872009277344,168.39449393749237,0.5734752416610718,423.9163990020752,167.88954758644104,0.5414365530014038,445.64163970947266,171.17268180847168,0.3701322674751282,412.79266452789307,170.39674311876297,0.41873958706855774,456.84033203125,188.72679710388184,0.4770910143852234,388.7273540496826,187.23936641216278,0.4579009711742401,460.2500801086426,211.5400983095169,0.3986063301563263,373.4707279205322,208.19268834590912,0.5260337591171265,435.9386672973633,220.7388800382614,0.4009959101676941,393.46991634368896,221.84571343660355,0.21467739343643188,438.93981170654297,247.09521055221558,0.6949072480201721,389.0261492729187,243.2854483127594,0.5899530649185181,434.16818618774414,283.38188672065735,0.47937020659446716,377.8263449668884,275.73142099380493,0.33919385075569153,428.04347801208496,320.2325711250305,0.5138030648231506,379.0753812789917,291.28167736530304,0.4043726325035095
466,22.44169998448342,31.335248874082225,49.298737804243615,100.39643140753718,57.60273385548733,159.7936662633848,162.07021705531326,170.06255377035646,150.34678818255546,426.27562522888184,170.80266892910004,0.5256094932556152,434.3981647491455,168.90342903137207,0.5318776369094849,421.5444860458374,168.34373718500137,0.3844815492630005,444.9677267074585,171.4073765873909,0.36394569277763367,413.34807538986206,170.4509900212288,0.40553489327430725,454.94611740112305,188.4118431210518,0.42016419768333435,394.24279594421387,188.47268569469452,0.5278233289718628,459.7778911590576,212.57970714569092,0.452693909406662,369.1490263938904,206.03502064943314,0.4878992736339569,445.3565673828125,218.3193086385727,0.3682367503643036,382.84617042541504,211.7410169839859,0.36922404170036316,436.042031288147,240.2675369977951,0.632919430732727,389.31718587875366,237.69657856225967,0.5737174153327942,436.15373516082764,276.44363951683044,0.5708772540092468,376.0374402999878,268.0290731191635,0.3802667558193207,428.7154703140259,319.68417596817017,0.48826664686203003,378.4285349845886,290.7440233230591,0.4105868935585022
467,20.912300038617104,29.95458446798719,58.30245126624736,66.01500798870303,9.849468032126564,164.10725886272732,175.31097424574068,178.3287475939284,171.64431899469935,424.4552059173584,170.60865932703018,0.48732954263687134,432.76673221588135,168.995512008667,0.5170564651489258,420.6946773529053,168.22896111011505,0.3443070650100708,443.9514741897583,172.66816121339798,0.4025394022464752,413.3511333465576,170.6369794011116,0.39887893199920654,453.44514083862305,188.82178616523743,0.4222855567932129,395.1564426422119,187.7592420578003,0.5823352932929993,457.53618144989014,212.41226541996002,0.42274796962738037,362.8024015426636,201.8095886707306,0.5123015642166138,443.74787998199463,208.9369450211525,0.3320314586162567,371.3797426223755,199.7306559085846,0.31985628604888916,433.4849224090576,243.3177571296692,0.7059040665626526,387.67703437805176,239.51075851917267,0.5397928953170776,430.5800151824951,282.6541121006012,0.5244954228401184,379.45105504989624,275.3904974460602,0.3890390992164612,428.82965087890625,321.9222025871277,0.5503355264663696,378.08725690841675,292.5011785030365,0.39775335788726807
468,22.575900016818196,48.65359889680815,70.11281804539828,61.29312849398595,105.63313177088192,164.7918158004631,166.1255710480961,171.29081329598478,154.4104093996253,424.2838592529297,172.55637669563293,0.43922650814056396,432.22029304504395,171.38075172901154,0.5266599059104919,421.19158267974854,170.44487869739532,0.35246261954307556,441.8379964828491,173.5263534784317,0.39484894275665283,415.2705192565918,171.36566573381424,0.33490535616874695,456.7265558242798,189.45163714885712,0.494013249874115,388.1610255241394,185.5559459924698,0.49254176020622253,464.78854274749756,206.15820157527924,0.5265802145004272,353.03748655319214,195.238918364048,0.4766852557659149,453.2073783874512,205.56208395957947,0.3411441445350647,351.22030210494995,192.22008109092712,0.41326838731765747,432.5502996444702,246.70348751544952,0.7044311761856079,383.61624479293823,243.63278234004974,0.5205280780792236,427.90579414367676,281.12226390838623,0.5121933221817017,374.15035247802734,272.17314898967743,0.38749921321868896,428.6033115386963,320.1440780162811,0.5526372790336609,376.4143271446228,289.99274361133575,0.3908182382583618
469,22.41969999158755,58.99892458132102,75.97103621295506,,26.65163709855576,162.49486902275424,162.50707756353097,173.58173708397774,156.10054713158948,425.8803653717041,169.15846639871597,0.4779819846153259,429.52206325531006,168.68572914600372,0.4304004907608032,422.075963973999,167.14177227020264,0.5241749882698059,440.7829761505127,171.9194884300232,0.3517349064350128,413.4372363090515,168.3106306195259,0.4224911630153656,456.4544734954834,188.63186502456665,0.5167528390884399,385.5633292198181,184.30758345127106,0.5301712155342102,466.9164762496948,203.65153312683105,0.5551485419273376,345.0947599411011,193.56313353776932,0.4776786267757416,450.6019992828369,198.22296810150146,0.2740932106971741,356.94684410095215,183.78115487098694,0.3476320803165436,431.82063579559326,243.59941935539246,0.7467536926269531,384.43175888061523,240.85271406173706,0.5089119672775269,427.5543565750122,280.2782459259033,0.5516038537025452,374.7976031303406,269.4151042699814,0.39307859539985657,427.4020652770996,320.6270577907562,0.4737027585506439,376.9020080566406,292.2729939222336,0.4141343832015991
470,20.670600002631545,64.4616341527681,83.26132804532564,,,170.4972360014079,153.63323580941528,164.24557282716287,147.4291018999025,428.2681999206543,173.59159791469574,0.48482605814933777,434.87621688842773,173.18510228395462,0.5091177225112915,426.38045501708984,171.90276420116425,0.43014949560165405,443.1987113952637,174.59958171844482,0.46210044622421265,419.1828336715698,171.58652812242508,0.3404865860939026,460.01540088653564,190.47512006759644,0.5205244421958923,389.8366594314575,186.01017832756042,0.48479875922203064,469.65514183044434,202.27159905433655,0.6250848770141602,352.6004009246826,189.80016779899597,0.42236459255218506,457.79229164123535,194.16400915384293,0.23590223491191864,349.87823820114136,181.81565910577774,0.26651254296302795,435.3442106246948,242.88759970664978,0.7081232666969299,388.97062587738037,239.53346586227417,0.5532400608062744,425.466757774353,278.01793932914734,0.5795058608055115,374.12758207321167,268.2990255355835,0.3780379891395569,425.50254344940186,318.81651043891907,0.4561469852924347,376.6517105102539,295.62684285640717,0.42849355936050415
471,19.434700021520257,,,,,,,,159.99148704818592,407.1850290298462,217.42514646053314,0.1371167004108429,391.3431453704834,220.0904529094696,0.17606288194656372,419.8416590690613,227.33722937107086,0.1500653624534607,366.83678150177,234.38143467903137,0.17610858380794525,450.5030326843262,230.70167696475983,0.19414612650871277,357.61289739608765,220.74058949947357,0.19082914292812347,452.4714469909668,234.86880207061768,0.16595368087291718,341.95780181884766,180.11041456460953,0.39999693632125854,467.01018619537354,195.2541183233261,0.594681978225708,352.0513586997986,167.18610429763794,0.11333155632019043,428.7625274658203,159.6305136680603,0.34161868691444397,380.1929507255554,245.15502905845642,0.28141239285469055,443.5832052230835,251.00110149383545,0.43543916940689087,364.5180163383484,264.2882306575775,0.3393271565437317,431.81780529022217,276.3359434604645,0.3884489834308624,370.13262701034546,283.15940034389496,0.13093173503875732,427.4551372528076,327.20908176898956,0.31657230854034424
472,22.090999991632998,,,,,,,,166.98385313415793,411.39209508895874,213.80741369724274,0.09891888499259949,396.9427442550659,216.90302002429962,0.18173308670520782,423.2211055755615,215.22435760498047,0.11560310423374176,374.02343463897705,231.84388196468353,0.2160513997077942,450.4618892669678,226.20382809638977,0.14685246348381042,374.1869468688965,210.42977476119995,0.14421989023685455,457.8315143585205,202.06273138523102,0.22628119587898254,354.1828303337097,171.0734190940857,0.38957679271698,473.1295871734619,190.73131132125854,0.5494417548179626,372.8233003616333,152.10374170541763,0.2532944679260254,438.11754989624023,155.07645201683044,0.31650736927986145,389.7129259109497,246.05189788341522,0.2818249762058258,442.66920471191406,250.84468579292297,0.41117075085639954,366.63465309143066,265.4304356575012,0.3091384768486023,433.42517852783203,274.72867953777313,0.3751473128795624,369.9678511619568,285.0442807674408,0.14571607112884521,426.1610908508301,325.50064623355865,0.3021007776260376
473,20.26550000300631,103.76939172639064,,,,167.8588161569345,178.05552616177226,152.26658627714463,157.61232031785786,439.57965755462646,169.603895008564,0.35505053400993347,439.3801574707031,166.38970905542374,0.40699824690818787,440.74122619628906,166.85597884655,0.40185025334358215,437.9880037307739,168.47666203975677,0.4602522850036621,436.21155834198,168.26648378372192,0.5535707473754883,448.5783395767212,183.5234820842743,0.4932187795639038,430.0408544540405,186.38145905733109,0.33445364236831665,471.0669574737549,188.6530338525772,0.3893173038959503,447.10450553894043,176.43485927581787,0.1871635466814041,438.5407609939575,153.48933124542236,0.28601542115211487,426.19146823883057,153.13256669044495,0.252400279045105,416.5924663543701,247.34638738632202,0.3389139473438263,414.2487573623657,247.6400728225708,0.4090064764022827,409.0096182823181,276.71510195732117,0.3079252243041992,406.8756194114685,280.867183804512,0.3052562475204468,419.5806713104248,321.5872621536255,0.3170951008796692,413.90335988998413,321.23249197006226,0.3019568920135498
474,20.37959999870509,109.09110665913933,103.34488120793206,56.53711540468155,77.38014475100873,167.0205078964017,154.6617118646767,168.22206220838467,146.18178134978564,429.06983947753906,166.4336849451065,0.348661869764328,435.1410207748413,164.7511904835701,0.5529885292053223,426.4752769470215,164.31865406036377,0.51268470287323,440.4411926269531,166.25813752412796,0.5554502606391907,419.31920337677,165.13502150774002,0.4779142439365387,460.1709270477295,183.24825882911682,0.5863752961158752,394.65423011779785,180.94897651672363,0.51478511095047,473.5831756591797,184.42730271816254,0.4200257658958435,358.68492603302,171.76868546009064,0.5817461013793945,454.0576419830322,148.3743241429329,0.3193499743938446,372.15287494659424,145.26497089862823,0.5256345272064209,431.2583255767822,247.83797144889832,0.5843372344970703,393.5446720123291,246.29239058494568,0.6262194514274597,425.07175064086914,279.26823925971985,0.46296200156211853,378.529447555542,276.65857577323914,0.3351775109767914,425.5466184616089,321.6146990060806,0.4469519555568695,383.962703704834,317.888671875,0.4551320970058441
475,20.9307000041008,,90.3329200813916,,,162.76599664715567,168.91696815622277,,168.60897323386558,436.7438449859619,167.44262319803238,0.4848915934562683,436.0810012817383,163.3530221581459,0.5296900272369385,435.2010679244995,163.323790371418,0.493495911359787,436.82658672332764,165.9245504140854,0.5632599592208862,432.6830806732178,165.12960821390152,0.5681638121604919,440.1663303375244,184.73017650842667,0.40893152356147766,436.60722255706787,185.46463227272034,0.3605324625968933,370.4397621154785,164.35227346420288,0.23362793028354645,363.73560905456543,164.6570703983307,0.43293115496635437,385.5485954284668,135.99060249328613,0.40309593081474304,437.9062728881836,141.04966747760773,0.21231813728809357,413.28921604156494,247.620556473732,0.47723549604415894,418.87658309936523,248.95538926124573,0.45566922426223755,409.6629343032837,282.6746256351471,0.34186601638793945,416.19179821014404,282.9167423248291,0.3749222159385681,419.5388708114624,323.1164891719818,0.27815166115760803,421.0264024734497,323.03825283050537,0.33986371755599976
476,22.602299985010177,,111.9578882369055,,83.28797211473555,162.72380126202506,170.49181650110924,179.97340131815588,157.89574191101323,429.450138092041,166.64688324928284,0.4094959497451782,435.4811363220215,163.7484205365181,0.5691510438919067,425.0491065979004,163.81900703907013,0.514011561870575,441.96531867980957,167.13469225168228,0.562430202960968,423.30650091171265,164.707869887352,0.5071228742599487,460.4516019821167,181.08231449127197,0.4671957492828369,404.46251249313354,181.5517040491104,0.4051203429698944,474.31496238708496,172.64108049869537,0.29040753841400146,362.34257078170776,161.47905379533768,0.49089735746383667,450.88080406188965,137.26373797655106,0.36934804916381836,378.67617893218994,135.5342903137207,0.5471407771110535,431.28663063049316,248.26807188987732,0.6376520991325378,400.4762258529663,246.30623722076416,0.6391903758049011,427.41525745391846,283.9673202037811,0.4484080970287323,391.99019384384155,282.9731545448303,0.3799079656600952,423.22573041915894,322.433758854866,0.45324626564979553,397.9841933250427,320.5065407752991,0.33269447088241577
477,22.208400012459606,129.86845369796657,126.57762738549637,78.74969852305027,87.77807899338413,171.93319399620253,164.33740031023393,178.69030895957073,155.76487335472225,421.4814314842224,164.84145003557205,0.284898966550827,429.7784261703491,162.4053680896759,0.6000767350196838,421.17927503585815,162.31282925605774,0.44121938943862915,441.86230850219727,165.9885554909706,0.5937377214431763,410.5887370109558,163.36112785339355,0.5363582372665405,461.68256855010986,178.6050202846527,0.5080788731575012,388.8703956604004,176.01347708702087,0.4204063415527344,477.6487922668457,172.39209747314453,0.5033755898475647,360.260910987854,156.49781203269958,0.3714049756526947,454.3755683898926,135.87840485572815,0.4695231020450592,381.3098883628845,128.07393091917038,0.593512237071991,438.40484619140625,247.74944984912872,0.7051392197608948,391.6047143936157,244.74490082263947,0.6657978892326355,431.45256900787354,285.1179300546646,0.46334585547447205,382.6627941131592,282.3244709968567,0.3765840232372284,423.7384309768677,321.8867027759552,0.4737858474254608,389.64352798461914,318.7436304092407,0.3574189841747284
478,25.217599992174655,155.69689021495188,148.55463907534497,107.71509019832094,118.48694524114049,172.89494195083034,170.41059856369648,178.60600318148357,179.71366938673123,422.5335454940796,166.6939931511879,0.4789872467517853,430.8082752227783,163.08202981948853,0.6425322890281677,420.94174003601074,162.86706507205963,0.5060219168663025,441.88919830322266,166.62192511558533,0.650748610496521,408.64496326446533,164.65745502710342,0.577904999256134,461.9827537536621,178.92762410640717,0.5214427709579468,385.980929851532,176.92169958353043,0.4102119505405426,474.80898666381836,164.9015091061592,0.45719727873802185,368.46973037719727,152.1292269229889,0.46007153391838074,455.5924835205078,131.4065113067627,0.4956079125404358,385.1799726486206,118.28750053048134,0.5874304175376892,439.11388778686523,248.7366921901703,0.6839780807495117,390.5669550895691,246.17552042007446,0.6736565232276917,430.9944820404053,290.378170132637,0.44270360469818115,386.3636293411255,287.5509207248688,0.4078282117843628,423.5568995475769,324.12954437732697,0.4270501136779785,382.54522705078125,323.35686790943146,0.5253540873527527
479,23.35480001056567,,121.3740662753002,,107.48554388083848,168.61901858565074,176.5060255356459,174.65349625929767,169.57720612424305,423.14776515960693,166.51337432861328,0.49733760952949524,425.77113819122314,162.64326810836792,0.5803819298744202,420.29026889801025,162.5641058087349,0.4734162986278534,430.2829637527466,166.4056212902069,0.6191444396972656,422.6917757987976,165.2363498210907,0.561537504196167,438.2295570373535,183.38802152872086,0.40224817395210266,417.75251865386963,184.21042907238007,0.4572230875492096,457.72526931762695,153.63802587985992,0.136610209941864,376.0641279220581,150.12249040603638,0.34362590312957764,450.5577220916748,129.59237408638,0.37062862515449524,389.3436460494995,116.8990975022316,0.4480050206184387,419.7032675743103,247.18860411643982,0.42518454790115356,409.02480697631836,247.12170720100403,0.48829248547554016,415.7633304595947,293.9987519979477,0.4264712929725647,405.482985496521,293.10684061050415,0.37111732363700867,409.55866050720215,328.62967252731323,0.3934575319290161,409.13231563568115,327.7203246355057,0.5365568399429321
480,23.766800004523247,,134.106170525425,,108.88878585923736,169.00690925946878,171.6644589615818,168.9794843904954,158.46257872114464,422.0131368637085,166.83523738384247,0.5128465294837952,427.8373565673828,162.77794516086578,0.6198137402534485,418.34601497650146,162.77313017845154,0.45844292640686035,436.6763172149658,166.01852804422379,0.6489508152008057,417.25942945480347,165.09660136699677,0.6118850111961365,445.975133895874,180.44705021381378,0.4795109033584595,406.0719327926636,181.17251706123352,0.4311167001724243,476.57587909698486,156.60760217905045,0.2988717257976532,378.0534930229187,150.47955411672592,0.3586445450782776,448.6841297149658,125.44560581445694,0.4004693627357483,397.76207447052,114.5100827217102,0.5511463284492493,428.27325439453125,247.43621957302094,0.6489512324333191,402.0698256492615,246.56775629520416,0.6772433519363403,425.1826457977295,293.85766446590424,0.39508432149887085,392.7047953605652,291.2491121292114,0.46423959732055664,415.71455478668213,329.61842489242554,0.447408527135849,398.8717842102051,327.3281742334366,0.45574674010276794
481,21.621400024741888,163.5945605616829,162.3854650856181,111.35973636759861,137.4343694013312,171.97347521589313,172.27565373850706,175.65009120591924,171.25944468762268,421.6325855255127,166.45825845003128,0.3807820975780487,430.00031757354736,163.68720757961273,0.6403331756591797,419.48948860168457,163.49621802568436,0.53154456615448,441.3350257873535,167.82035714387894,0.5640465617179871,408.71744441986084,166.72123056650162,0.5236783623695374,457.7830924987793,181.81473314762115,0.5404841899871826,388.64719009399414,179.740558385849,0.48585060238838196,475.0167760848999,156.0797348022461,0.388397753238678,377.1243796348572,148.9740458726883,0.47772762179374695,451.82290744781494,122.74743497371674,0.4509120285511017,392.7988338470459,110.24358093738556,0.6236505508422852,436.6014099121094,249.39244151115417,0.6475984454154968,392.0685381889343,246.87044489383698,0.5739983916282654,428.73776054382324,297.0133298635483,0.421821653842926,388.1419448852539,293.5652326345444,0.43281877040863037,420.6611156463623,330.0784409046173,0.4957329034805298,390.5178508758545,328.11566603183746,0.5403953194618225
482,21.383700019214302,161.8428476675473,164.91670940581332,112.15540977507845,135.2369077894713,168.24922566692354,177.462080279977,174.76014017585396,177.76339577105878,418.22314071655273,168.2174649834633,0.3521867096424103,426.40138053894043,164.53482967615128,0.6437974572181702,416.37578105926514,164.43152123689651,0.5721645355224609,437.21921825408936,168.7070546746254,0.5577954053878784,406.15555906295776,167.3119633793831,0.33569538593292236,457.0775890350342,183.0460723042488,0.6065847277641296,384.93354177474976,179.60189259052277,0.4623625874519348,473.5084705352783,160.97608757019043,0.43480291962623596,374.5267844200134,150.64276492595673,0.5457640290260315,451.7131748199463,124.95554602146149,0.4739798903465271,392.4697370529175,112.15814900398254,0.6158502101898193,434.97270679473877,249.0716896057129,0.632053792476654,390.44595098495483,246.8932946920395,0.5466874837875366,429.74036598205566,293.2175567150116,0.44857046008110046,392.0250949859619,289.05054557323456,0.40053173899650574,422.44815015792847,327.5269560813904,0.426303505897522,391.96813106536865,324.76025009155273,0.49651163816452026
483,21.166699996683747,144.5381186085481,158.4363023281442,106.42890780535478,128.8110987095678,172.3229985722691,179.7685728586346,172.59637086548588,173.52158002719818,419.55388259887695,167.47668421268463,0.5162267684936523,424.3244972229004,163.71535670757294,0.6901835799217224,412.61656665802,163.9330850839615,0.5574209690093994,435.3622045516968,167.4471960067749,0.615399956703186,404.60585737228394,166.42127710580826,0.5818964242935181,453.0988082885742,182.8675903081894,0.6618747115135193,385.58235931396484,178.13873624801636,0.5671642422676086,472.07416248321533,167.26062256097794,0.41095370054244995,374.1607394218445,152.94535219669342,0.5485708117485046,457.2593479156494,132.3725135922432,0.46631762385368347,392.1299247741699,117.3745129108429,0.6124129295349121,435.5497760772705,247.90136396884918,0.6225618720054626,388.9461874961853,246.33558297157288,0.530148983001709,428.9571752548218,298.4936378002167,0.44443243741989136,391.41883611679077,292.66146898269653,0.45207712054252625,420.5854754447937,330.11684679985046,0.42565691471099854,389.25251388549805,328.8776298761368,0.5850223302841187
484,23.119199962820858,143.09258867554254,164.35863769605947,105.65387253870392,128.3118007397208,170.89377790563987,176.02026861047352,171.18061037903234,178.97202579126798,420.23883962631226,168.6745321750641,0.41837581992149353,423.75222969055176,164.27060395479202,0.6812922358512878,410.0553889274597,164.81975412368774,0.5827730894088745,435.29791164398193,167.16664493083954,0.6287111639976501,402.6248826980591,166.15188026428223,0.5957331657409668,451.1257438659668,182.1631355881691,0.6338712573051453,383.2680926322937,178.15018963813782,0.5661906003952026,472.480188369751,165.21644884347916,0.43145638704299927,373.96252822875977,152.2039588689804,0.5078445672988892,457.9433193206787,130.60300755500793,0.5039457082748413,395.90607166290283,117.02950090169907,0.6201593279838562,433.7374439239502,248.64472317695618,0.6450859904289246,388.20057678222656,247.14917254447937,0.5451280474662781,429.07817935943604,296.58414113521576,0.4113084375858307,388.2842788696289,291.07534539699554,0.4289987087249756,420.83688497543335,328.7504459619522,0.4303983747959137,389.02010917663574,328.1455246210098,0.5654973387718201
485,20.180199993774295,133.14542240649365,170.8566330521747,96.53009811215504,139.44345213444586,171.5023747507757,176.56295948569303,171.05371898279506,176.78467882258434,414.6191997528076,167.1424845457077,0.6085008978843689,420.01007413864136,162.92310690879822,0.5612616539001465,407.2719659805298,163.53583478927612,0.5063126087188721,430.9569272994995,166.3343225121498,0.661740243434906,396.7996520996094,165.52396667003632,0.6134870648384094,449.17840671539307,181.57359939813614,0.6756239533424377,379.74997663497925,178.8663256764412,0.6086428165435791,472.33239555358887,168.36742746829987,0.47970592975616455,372.26432609558105,153.05173766613007,0.5528797507286072,457.16705322265625,132.93062418699265,0.490828275680542,389.11235332489014,115.8856006860733,0.38992807269096375,433.19110584259033,248.43998670578003,0.6528480648994446,388.1461400985718,246.97628903388977,0.5624109506607056,428.7130947113037,300.15429389476776,0.48047125339508057,391.10785961151123,294.17551028728485,0.5016092658042908,421.124813079834,330.8280111551285,0.4420824348926544,391.34092140197754,329.76116490364075,0.6377201676368713
486,20.60910000000149,129.2207350162127,177.19616764369528,98.53891217004123,142.86885554992372,173.03272441876808,173.28275241719425,171.77996525342678,173.77719242258541,413.50999546051025,167.93590247631073,0.5821225643157959,418.79343700408936,163.91321259737015,0.576312243938446,407.0853548049927,164.1610987186432,0.4918462336063385,429.2018623352051,167.6351512670517,0.6131330132484436,397.0854067802429,165.7754853963852,0.6220923066139221,446.01840019226074,181.41845154762268,0.6499315500259399,377.6781225204468,178.49326425790787,0.5783581137657166,470.6233263015747,168.29900628328323,0.40429794788360596,372.6100015640259,149.65408378839493,0.4818482995033264,457.60183906555176,131.58409583568573,0.4848572313785553,390.3887596130371,115.00670257210732,0.410665899515152,432.6674118041992,249.13103640079498,0.6763094067573547,386.4094228744507,247.96549725532532,0.5694852471351624,428.8820152282715,300.84215259552,0.46360892057418823,386.77991580963135,295.5440479516983,0.5068566799163818,422.6909418106079,328.9848985671997,0.4115523099899292,390.68846464157104,328.97222006320953,0.639545738697052
487,19.72179999575019,130.63257250035483,179.3779363332699,101.75672208525299,141.4402547550424,172.608381706944,174.20775600932726,170.99394432853998,177.6976019202554,413.81574058532715,167.4871119260788,0.6248451471328735,419.0868492126465,163.11134707927704,0.4969368875026703,406.9478225708008,163.29706579446793,0.47625645995140076,430.5259323120117,166.3580697774887,0.6517757773399353,396.8040494918823,164.68690049648285,0.6440370082855225,445.09787940979004,180.40962725877762,0.6155466437339783,376.60071086883545,178.2559910416603,0.5756332874298096,468.71217918395996,166.81743049621582,0.405832976102829,371.8468265533447,147.49090307950974,0.439482718706131,456.24506664276123,128.8262220621109,0.5379810333251953,390.782452583313,114.3949718773365,0.42174097895622253,432.1936559677124,248.64979457855225,0.6587490439414978,386.511447429657,247.3569860458374,0.5496739745140076,429.1134090423584,301.8033826351166,0.47972989082336426,388.5425372123718,296.43806767463684,0.47634240984916687,422.7202830314636,331.069358587265,0.4283962547779083,391.32550525665283,330.4911618232727,0.6322539448738098
488,20.69229999324307,117.18188431960714,179.01715570168264,91.63412788688166,139.3449413407374,175.60585156892478,169.3847676726239,175.96647972898535,170.23075931020873,411.37119483947754,165.5258470773697,0.6178233027458191,419.54195404052734,161.9948552250862,0.5281440019607544,404.4692096710205,161.78811013698578,0.43264371156692505,428.04418563842773,165.2493417263031,0.6848675012588501,393.73087882995605,163.64978462457657,0.6665751934051514,444.31433486938477,180.0981491804123,0.6044381260871887,375.54584217071533,178.3661515712738,0.5810415744781494,473.79106616973877,171.3188692331314,0.5210357308387756,369.2757167816162,143.8694949746132,0.5180440545082092,462.2676239013672,128.16637003421783,0.45523470640182495,386.09708166122437,115.14469170570374,0.4761543571949005,431.45999908447266,248.80874598026276,0.6970736980438232,386.9321060180664,247.75517654418945,0.6882639527320862,426.14805030822754,297.68839609622955,0.4462583065032959,385.8650813102722,294.9041111469269,0.5167368650436401,424.91415214538574,330.2716385126114,0.380376398563385,390.8376474380493,328.2847032546997,0.5011411309242249
489,19.87249997910112,117.2712200683503,167.64237991465376,95.70945768876128,133.02186018260724,173.97408906411087,173.0125502063712,175.54145135232972,169.78009117421993,409.4610586166382,166.30047518014908,0.5579316020011902,417.2358503341675,163.01403599977493,0.6057974100112915,404.7960066795349,162.4162801504135,0.5290777683258057,424.82569885253906,165.685752928257,0.6596898436546326,393.0001029968262,164.33777153491974,0.6499590873718262,442.75396823883057,179.83386647701263,0.5748774409294128,374.2079482078552,178.29623460769653,0.5672217011451721,474.1670684814453,171.10324919223785,0.46225881576538086,362.9959120750427,147.62093609571457,0.3874565064907074,467.2517395019531,131.16214382648468,0.6010227203369141,381.8024973869324,110.55181816220284,0.5833888649940491,428.4271631240845,248.77868795394897,0.6902223825454712,383.62516593933105,247.76400876045227,0.6502641439437866,423.3192129135132,299.83522295951843,0.41232001781463623,384.2561664581299,297.10831892490387,0.5729233622550964,422.610878944397,332.1787419319153,0.4225202202796936,390.7899332046509,330.87089014053345,0.6658335328102112
490,19.590800045989454,111.86674618517932,164.71572265087423,95.39057685416493,130.24210850531185,176.87610691790593,173.8312744494156,168.33050937989228,168.1150552204328,406.44737911224365,164.40395617485046,0.5492116212844849,413.8675489425659,161.1463499069214,0.6644425392150879,403.8554701805115,160.81103909015656,0.5333223342895508,421.970805644989,164.17118453979492,0.5612444877624512,392.1724581718445,162.70700252056122,0.6237731575965881,441.08745765686035,178.12671303749084,0.5251826047897339,372.5249853134155,176.0527662038803,0.5169123411178589,473.7325859069824,171.33626300096512,0.44818300008773804,359.7962279319763,146.64393627643585,0.5287989377975464,469.1864404678345,130.54846149683,0.45767271518707275,378.6259880065918,108.63490670919418,0.6063268780708313,428.56156158447266,248.33086609840393,0.689865231513977,382.73072624206543,247.58576893806458,0.6507860422134399,422.13115882873535,300.7595856189728,0.3964097499847412,384.4536952972412,298.16613352298737,0.5880271792411804,424.93502712249756,335.0316902399063,0.5444628596305847,392.572039604187,331.1289048194885,0.4754472076892853
491,20.603900018613786,108.12809884059779,161.75743408596597,94.6445965626459,122.69535834911525,179.44008002828681,173.03060312196385,170.97011158308953,175.60501835518727,404.3641777038574,164.2238359451294,0.4644244313240051,411.40137004852295,161.042671084404,0.6571798920631409,402.38489627838135,161.30832135677338,0.521514356136322,423.6312003135681,163.96322858333588,0.567277729511261,390.0082588195801,163.88631707429886,0.5825575590133667,440.2917318344116,177.7977414727211,0.48595723509788513,370.73299741744995,176.52785396575928,0.5065791010856628,474.36823654174805,171.7887431383133,0.5442621111869812,356.65980052948,150.0363620519638,0.5483954548835754,470.8512325286865,134.2755570411682,0.5292317271232605,377.0387568473816,113.75985717773438,0.6461935043334961,430.4119539260864,246.97896718978882,0.6157846450805664,382.98221158981323,247.91694855690002,0.6487442851066589,423.10543394088745,301.9764370918274,0.4815859794616699,385.4441194534302,298.8588641881943,0.5677818655967712,423.91963386535645,333.87042474746704,0.5241827368736267,389.63170051574707,332.1856367588043,0.6310939788818359
492,21.675299969501793,102.0142046958708,164.92745539682645,92.55591866675077,127.25867975556673,176.90196946459972,165.96355254157098,178.90013066533564,174.0235195613226,403.95241498947144,166.86824423074722,0.4857098162174225,406.34932231903076,162.17131435871124,0.6690609455108643,396.0106234550476,163.11282861232758,0.5349350571632385,418.292058467865,163.90920960903168,0.7014594078063965,388.4100089073181,164.954345703125,0.5667057037353516,438.8954839706421,180.23276925086975,0.6553177833557129,367.49649143218994,176.71897172927856,0.4708862602710724,473.6083974838257,177.93838739395142,0.6264369487762451,354.62153339385986,154.58085072040558,0.5807897448539734,472.7747631072998,138.9725581407547,0.48602837324142456,369.4220943450928,118.95495966076851,0.4077189862728119,429.14585876464844,247.61813473701477,0.7134876251220703,386.4996452331543,247.10563826560974,0.7474023103713989,424.42043113708496,300.20623302459717,0.5051539540290833,387.46252250671387,298.5543236732483,0.580884575843811,422.12019062042236,332.8166558742523,0.37496042251586914,391.50645542144775,331.25984954833984,0.6597902774810791
493,20.153600024059415,104.5602553600156,158.40130290976086,84.95781792259113,109.87296679325114,172.96855956717033,162.40320288965734,178.54815615068162,166.08204753888626,401.61087942123413,166.0555236339569,0.5604706406593323,404.4415111541748,161.5107785463333,0.6394620537757874,394.07579612731934,162.34939748048782,0.48127394914627075,416.1173458099365,163.43774020671844,0.7234275937080383,387.3322687149048,164.42652106285095,0.5843445658683777,436.9805965423584,181.67945778369904,0.6652202010154724,365.1598587036133,177.16531205177307,0.4694826900959015,474.70916080474854,178.30295848846436,0.5539166927337646,349.8180899620056,157.27654284238815,0.46007856726646423,467.1147127151489,135.90893298387527,0.31083419919013977,370.64593410491943,124.55970603227615,0.3614092469215393,426.2677402496338,246.06816625595093,0.5893142223358154,385.4205656051636,247.60408866405487,0.7700892686843872,423.8821802139282,302.63708686828613,0.5802206993103027,384.0335421562195,298.87376499176025,0.5765646696090698,423.3696060180664,333.1329061985016,0.4891200065612793,391.1558265686035,331.3534995317459,0.6356160640716553
494,20.061700022779405,99.59835621021053,143.97264004171112,78.43812478816758,110.45523381990348,173.81237170559504,157.58836027343474,174.9856549240062,149.18699466115606,399.7470169067383,166.83394104242325,0.5759828090667725,403.1207265853882,162.70190262794495,0.647610604763031,392.5790400505066,162.98189812898636,0.526425302028656,414.5467691421509,165.34710866212845,0.7041459083557129,386.4055814743042,165.48034691810608,0.6222385764122009,437.548921585083,183.50432187318802,0.6692506074905396,364.6728096008301,179.2088874578476,0.5245933532714844,472.1065616607666,183.87432050704956,0.44446319341659546,345.4732389450073,163.79558742046356,0.6033556461334229,462.81830883026123,135.85980021953583,0.3422938287258148,356.81017112731934,129.5199926495552,0.6039661765098572,425.87682723999023,248.29864275455475,0.6538498997688293,383.5413122177124,248.58304011821747,0.6951659321784973,421.9943594932556,303.4861762523651,0.6013063192367554,377.0921573638916,299.659974694252,0.5236818194389343,422.4464569091797,329.64344000816345,0.5184001326560974,389.75118827819824,328.6123214960098,0.5577714443206787
495,22.299100004602224,89.36919434462217,118.65889557577675,,71.9047482547359,176.4988495827229,156.34600950332378,176.66523972122116,146.11026115658015,397.629065990448,166.15424501895905,0.6071061491966248,400.1934280395508,163.2017918229103,0.5071033835411072,390.8630714416504,163.3033338189125,0.5128565430641174,409.81712102890015,166.36801314353943,0.6833356618881226,384.6574664115906,166.23099982738495,0.6232353448867798,429.76892375946045,184.9833477139473,0.6888472437858582,369.1030306816101,180.71261501312256,0.6197559833526611,469.8731918334961,189.7065747976303,0.5452754497528076,341.1567687988281,172.41825222969055,0.5604763627052307,455.7009525299072,150.82573425769806,0.19412684440612793,362.1410994529724,142.02921724319458,0.5929672718048096,423.2398829460144,246.2168323993683,0.5514899492263794,383.59681034088135,248.15823900699615,0.7611566185951233,420.9484119415283,296.9714480638504,0.5866156220436096,373.97695875167847,295.3325021266937,0.5708097219467163,421.3519358634949,327.8079915046692,0.5637497901916504,387.28983640670776,327.68978226184845,0.5244056582450867
496,22.391000005882233,85.99805551802616,105.27563422023887,,36.310020569297556,166.94735827990445,156.15199611503158,177.07409129843745,150.93544812290097,400.92438077926636,164.04854494333267,0.6380506753921509,403.72064208984375,161.34228265285492,0.5569149255752563,393.60562896728516,161.1831887960434,0.5572109818458557,413.89585399627686,164.29244232177734,0.728650689125061,384.6379814147949,163.96409755945206,0.5784087181091309,431.5077133178711,185.01068484783173,0.6808949112892151,362.9141306877136,179.63522708415985,0.4936359226703644,470.59871101379395,195.6062103509903,0.6479061841964722,331.81607580184937,179.3625252842903,0.5791646242141724,444.8668899536133,169.6957927942276,0.1715841144323349,370.36654806137085,151.5512723326683,0.3791171908378601,419.7890167236328,244.39258086681366,0.6200852394104004,380.19355726242065,245.1592457294464,0.7869654893875122,421.4124631881714,293.6139807701111,0.5622938871383667,372.54206943511963,293.0640470981598,0.5400106310844421,420.8238444328308,326.1377054452896,0.5301288962364197,385.23397970199585,327.9541789293289,0.4587891101837158
497,20.61479998519644,85.18032907779919,93.6217398278429,27.963401198665835,21.7841559939359,167.55533211494355,160.20783686630193,170.55533213528946,154.21316283231045,399.8110570907593,165.60191810131073,0.5837743878364563,403.5314784049988,162.9338622689247,0.6062642931938171,392.2857036590576,162.9078642129898,0.5780280232429504,413.32373809814453,165.59168982505798,0.6992210745811462,380.5365791320801,165.36236560344696,0.6493455171585083,428.8427925109863,186.59799081087112,0.6413837671279907,368.9335036277771,181.9847675561905,0.622472882270813,470.0845193862915,200.01731830835342,0.6699756979942322,325.95553970336914,186.60358929634094,0.47307947278022766,449.22121810913086,178.4222646355629,0.3826398551464081,359.82938528060913,168.65455996990204,0.3187642991542816,415.9013934135437,241.7553095817566,0.5628723502159119,379.3836030960083,242.76423358917236,0.7645372748374939,415.32566356658936,285.17761874198914,0.5860651731491089,371.82954025268555,285.44680190086365,0.5223777890205383,421.2813754081726,324.1664687395096,0.5596267580986023,382.7113928794861,324.02985429763794,0.44015613198280334
498,21.158499992452562,70.76971315262143,86.54600419723144,,,172.21297238399848,159.4568644631081,161.96968618754858,,400.2094507217407,166.2953610420227,0.5286728143692017,404.0401859283447,164.07289052009583,0.5883009433746338,393.60598278045654,164.14653980731964,0.5907992720603943,412.919557094574,166.00657606124878,0.6298912167549133,382.84313774108887,166.09250497817993,0.7537828087806702,428.54563999176025,186.91560870409012,0.6309787034988403,370.71722745895386,182.49893075227737,0.6450213193893433,465.3050594329834,202.75819718837738,0.660770833492279,326.79326820373535,191.50863182544708,0.47692033648490906,448.7221393585205,189.5682366490364,0.2728898227214813,359.92238759994507,177.73356544971466,0.24891136586666107,424.5754518508911,242.50929594039917,0.6919589638710022,379.1478624343872,241.457151055336,0.7431574463844299,417.0174970626831,278.46194338798523,0.5749756693840027,370.7825312614441,279.48781955242157,0.5647304654121399,421.6213140487671,321.12875616550446,0.5863447785377502,384.3920307159424,318.8816124200821,0.27297553420066833
499,21.33229997707531,77.91813939371465,80.29203621082895,8.419362178934696,1.8454017720612301,153.12413922666858,159.0221668285725,173.88485895917378,150.18991174266716,402.4037494659424,169.0713408589363,0.3743078410625458,404.15358304977417,166.14985740184784,0.5583997964859009,393.8915100097656,166.7265298962593,0.6048612594604492,413.1000270843506,168.05801498889923,0.518390417098999,382.8477373123169,168.64682465791702,0.6497371792793274,432.34685707092285,188.06167423725128,0.6223629713058472,367.07929515838623,185.246932387352,0.6850618124008179,462.28976249694824,203.67123466730118,0.5135852098464966,330.7030553817749,198.59664207696915,0.4591030180454254,435.00394344329834,194.21512204408646,0.396565318107605,363.0043783187866,185.5473559498787,0.3532026410102844,417.37113332748413,242.23985636234283,0.6176469326019287,377.7082724571228,242.90651774406433,0.7813920378684998,424.7959785461426,278.98287320137024,0.5245755910873413,370.83653831481934,279.86364459991455,0.6040272116661072,428.59593200683594,319.874809384346,0.48532259464263916,384.32275915145874,318.42404663562775,0.37268292903900146
500,20.669499994255602,74.18943392390678,75.53771914540803,22.256815181253927,10.9751384426337,158.81402298341507,154.47632096323105,167.7983240587155,149.2780285479969,401.8320379257202,171.4765527844429,0.4950810372829437,404.35717725753784,168.08018100261688,0.5390245914459229,393.2643003463745,168.7632959485054,0.5489711761474609,415.1835823059082,170.51935422420502,0.5150552988052368,382.52015686035156,171.74488121271133,0.5131315588951111,430.4819583892822,189.48870396614075,0.5332721471786499,360.86484479904175,187.7819066643715,0.6086751222610474,463.61787605285645,205.83411622047424,0.5086687207221985,336.2612075805664,201.5298353433609,0.5224074721336365,442.74057388305664,204.37439304590225,0.40346425771713257,370.1645712852478,190.36967480182648,0.32616639137268066,420.01823711395264,246.24540889263153,0.6356875896453857,376.27320623397827,246.3769804239273,0.7739359736442566,426.2988758087158,279.3575016260147,0.4892629086971283,369.8038840293884,280.32081151008606,0.4909014403820038,425.35823822021484,316.2254230976105,0.4421939551830292,380.8703260421753,310.839195728302,0.36021220684051514
501,19.512199971359223,66.44409764983014,49.93601503385894,84.94445101968792,,148.75621609230598,162.5110627869422,158.8921211733513,166.87880419690617,398.5698046684265,169.8740041255951,0.5030376315116882,403.72145080566406,167.12011909484863,0.6278346180915833,391.5211386680603,167.25338584184647,0.5450401306152344,413.157723903656,170.36917805671692,0.46786174178123474,380.4018774032593,171.2257748246193,0.49447181820869446,428.064959526062,187.37214881181717,0.4896743595600128,364.75347900390625,188.47299909591675,0.5725920796394348,453.2338638305664,204.51382809877396,0.49463289976119995,350.1104407310486,207.82431370019913,0.512892484664917,444.5339517593384,215.1381295323372,0.49619388580322266,361.01397705078125,209.19995987415314,0.221671923995018,418.0150480270386,240.55199134349823,0.6505375504493713,376.5763988494873,240.421901345253,0.7228198647499084,427.8626289367676,266.8314530849457,0.45568230748176575,374.0757989883423,271.0498620271683,0.5164728164672852,427.38675022125244,315.03424203395844,0.4777304232120514,379.5306124687195,307.7518517971039,0.40202391147613525
502,19.19000002089888,62.26256459656951,38.10343632851695,88.13069816846918,96.0016537401722,153.19791859676135,158.60064784623634,159.78651613123756,163.5526202467178,399.39967346191406,170.63026976585388,0.5235797762870789,404.4554362297058,167.20768624544144,0.6177752614021301,391.4252805709839,167.80525690317154,0.5504029989242554,414.54184103012085,170.29473102092743,0.49843308329582214,380.100049495697,171.6960048675537,0.561664342880249,428.07370376586914,188.0521867275238,0.540884256362915,359.2375822067261,187.5962734222412,0.48658519983291626,452.7270517349243,207.36223208904266,0.493551641702652,350.81773853302,209.45861560106277,0.5265681743621826,440.42309761047363,222.056960105896,0.4090566635131836,368.72290897369385,218.60729587078094,0.3306274712085724,418.28268241882324,241.75374257564545,0.6860542297363281,375.7329840660095,241.4150698184967,0.744561493396759,426.818172454834,270.62597262859344,0.43942946195602417,373.2268748283386,274.2915987968445,0.5144829154014587,424.1295967102051,311.7090265750885,0.30838727951049805,380.4897494316101,308.2037478685379,0.4224892258644104
503,19.565600028727204,56.229465684070696,35.73459625848016,105.37556582963603,121.32140112202008,146.525801672053,161.97180233625923,154.74663166586825,166.2720243157902,395.8446092605591,170.80725598335266,0.5674789547920227,401.9279718399048,167.28432708978653,0.5492808222770691,389.0397710800171,167.95219933986664,0.4838360548019409,412.68088483810425,170.56314492225647,0.501622200012207,378.933856010437,171.71811389923096,0.5623309016227722,425.8625736236572,189.35881340503693,0.5866987109184265,358.92473554611206,189.06321907043457,0.4726302921772003,445.01594638824463,208.07940804958344,0.48216092586517334,351.819130897522,208.55714547634125,0.5225791335105896,434.22125816345215,227.57780754566193,0.47011351585388184,366.07962131500244,226.3879798054695,0.32883429527282715,416.0262641906738,242.04688668251038,0.614456295967102,373.68518924713135,241.54840779304504,0.672775387763977,428.82520294189453,272.3470866680145,0.46872320771217346,372.3680944442749,274.05010890960693,0.45893076062202454,427.0130224227905,316.4310997724533,0.40361979603767395,379.7528829574585,310.6501863002777,0.3554862141609192
504,22.053299995604903,57.387469759533566,37.87868551745413,112.95271772473113,115.58246871561379,147.70199254552196,165.7398415608095,157.4631153684353,169.50483570408656,396.1305913925171,171.01655101776123,0.5817016959190369,402.18231296539307,167.44203913211823,0.5333414077758789,388.8579111099243,168.2112681865692,0.4806661903858185,411.97538137435913,170.36661386489868,0.49959897994995117,378.21915340423584,171.78039526939392,0.5701074600219727,425.54919624328613,188.9672328233719,0.6028249263763428,358.32171154022217,188.9381719827652,0.49000248312950134,443.95304107666016,206.40168583393097,0.44634515047073364,350.50613021850586,207.76546549797058,0.5303419828414917,436.19336223602295,227.1582487821579,0.482010155916214,367.06496572494507,226.23794609308243,0.3242636024951935,415.18863677978516,243.08390283584595,0.6028368473052979,372.93869400024414,242.24316132068634,0.6726669073104858,427.9993019104004,275.6724445819855,0.48350954055786133,373.58910369873047,276.92992424964905,0.4472286105155945,427.1174478530884,322.58416295051575,0.3335072100162506,382.6650938987732,321.26494324207306,0.39930084347724915
505,20.986399962566793,58.774645128551,39.71192810602216,109.26894005122375,116.65054187798756,153.45303979938413,172.25371523013337,163.9285897665752,175.55004405134912,396.5851149559021,171.53866320848465,0.5791493654251099,402.25997495651245,167.72643649578094,0.5294283032417297,389.0289797782898,168.5622633099556,0.47125524282455444,412.79054164886475,170.4380408525467,0.49809500575065613,378.6978373527527,171.85290491580963,0.5813345909118652,426.1059970855713,189.09447371959686,0.6031836867332458,358.0525608062744,188.60090953111649,0.4885425269603729,445.01655292510986,205.98412144184113,0.47445836663246155,350.06406593322754,206.76695495843887,0.5398719906806946,437.36038970947266,224.4675853252411,0.31504449248313904,366.1119194030762,226.15718829631805,0.3234577178955078,416.06172132492065,243.0585458278656,0.6173842549324036,373.4758834838867,242.47892451286316,0.6913903951644897,425.7618885040283,276.8798940181732,0.47475290298461914,378.6377649307251,278.1753807067871,0.4162234365940094,425.70891761779785,321.3822977542877,0.3414195775985718,381.2992992401123,318.47798013687134,0.40249162912368774
506,19.844299997203052,64.7049340532579,49.481994472345875,101.29139353485547,,151.72650747742782,171.65459630118605,159.60901132764945,176.9244918645994,399.3876943588257,171.6300196647644,0.5090105533599854,403.8081603050232,167.6677449941635,0.5671408772468567,391.1802649497986,168.44819951057434,0.4922759532928467,414.43054151535034,170.6424496769905,0.48850002884864807,380.53079175949097,171.96863543987274,0.5712158679962158,426.7235527038574,188.3124806880951,0.5567494630813599,361.70340728759766,188.90304255485535,0.5604612827301025,447.44689559936523,203.33146500587463,0.44991546869277954,350.4468665122986,204.73308074474335,0.5011643767356873,437.8530492782593,224.24682265520096,0.5347084403038025,367.3559265136719,224.17975479364395,0.2797470986843109,416.6896891593933,241.73616361618042,0.6242509484291077,374.63042640686035,240.49782991409302,0.6881536245346069,427.31128692626953,275.1462154388428,0.48964542150497437,378.20368671417236,276.1685302257538,0.42473524808883667,425.1332130432129,320.4139449596405,0.36502349376678467,379.91755771636963,313.26888144016266,0.37889137864112854
507,20.132899982854724,66.64797836506088,52.58052083537145,101.22738603678773,,143.61030836175996,173.23233145924016,154.97989038792497,179.42706093256336,400.25018978118896,170.7451455593109,0.4595227837562561,403.7683563232422,167.4708435535431,0.5567601323127747,391.96100425720215,167.895730137825,0.5153601169586182,413.21921157836914,170.41994905471802,0.4761876165866852,381.94470500946045,171.3975899219513,0.5236359238624573,430.5543384552002,188.39863753318787,0.5363835692405701,365.83857345581055,187.10592871904373,0.6143226623535156,449.13549423217773,203.14882332086563,0.49467504024505615,350.2752923965454,204.1750128865242,0.4774205982685089,441.07583236694336,218.82043719291687,0.5021249651908875,363.0082449913025,218.19169735908508,0.2859176993370056,416.88072299957275,239.10555922985077,0.5559818744659424,375.0233359336853,238.03777277469635,0.6424142122268677,429.18730545043945,270.6730967760086,0.5175342559814453,377.1731300354004,273.6469609737396,0.45457398891448975,426.2260913848877,316.1955360174179,0.4148339331150055,379.03395986557007,310.6110966205597,0.409045934677124
508,21.82100003119558,70.67144344797114,58.654004095122616,51.51290237512739,,151.1068454250487,160.77824168053647,162.35899491364228,171.11831203969592,400.19148206710815,171.60563135147095,0.5368033051490784,405.0645761489868,167.73390114307404,0.5736204981803894,391.73089933395386,168.80462217330933,0.5090979933738708,416.58493518829346,169.67168939113617,0.4767681062221527,381.1865339279175,171.8472636938095,0.572486937046051,435.50843048095703,189.49522840976715,0.5738343596458435,359.252947807312,187.26999425888062,0.607865571975708,460.81961822509766,207.4629905819893,0.3503812551498413,342.61109256744385,206.3846624493599,0.5399599671363831,441.2421751022339,213.1296265721321,0.5202623009681702,367.5038204193115,206.7218821644783,0.23740680515766144,420.96994400024414,240.059011220932,0.6295164823532104,375.7245178222656,239.1631965637207,0.6897526979446411,428.332088470459,272.3286814689636,0.4767633378505707,374.7168073654175,274.9788591861725,0.4237738251686096,424.6964054107666,315.7224426269531,0.4028600752353668,378.6352376937866,305.6944297552109,0.3814127445220947
509,20.11570002650842,72.25585915966741,66.82704827395455,21.212897054624168,18.887672347135947,156.51692560934347,166.5534853879066,172.1320778999222,174.74672495890536,400.8800277709961,170.97875767946243,0.4804566502571106,404.84920501708984,167.53225594758987,0.5583727359771729,392.97761058807373,168.2370240688324,0.5749925971031189,416.0986189842224,169.5661159157753,0.4476497173309326,382.79173374176025,170.19766211509705,0.5661593675613403,434.5376682281494,190.26763421297073,0.5780370831489563,362.4017081260681,187.77073818445206,0.6692857146263123,464.9477081298828,210.24834394454956,0.568342387676239,340.77732944488525,204.2885780930519,0.5058369636535645,445.364351272583,206.05227196216583,0.4974096715450287,353.9559097290039,199.88245606422424,0.3703959286212921,420.3356075286865,241.2625288963318,0.6350637674331665,375.9287691116333,241.22309732437134,0.7242323756217957,425.1939172744751,276.18237686157227,0.45416879653930664,376.42173194885254,278.62955605983734,0.46400341391563416,425.2294502258301,314.85027551651,0.44598615169525146,379.2112455368042,305.1330426931381,0.36124610900878906
510,19.932599971070886,80.89082984255434,80.97955280702223,2.9014355483207415,3.4239367831383465,156.80193777616316,156.10628205135947,177.15374171287405,157.8621864637814,401.0126066207886,168.88929748535156,0.3817874789237976,403.52369451522827,166.03791618347168,0.5298293232917786,393.47593116760254,166.86659175157547,0.6119087338447571,413.37051725387573,168.48201835155487,0.5073309540748596,383.78809690475464,169.72576534748077,0.605882465839386,436.9180221557617,190.72159588336945,0.5530334711074829,364.46203804016113,187.23681646585464,0.6600035429000854,468.31722259521484,206.4375845193863,0.5813721418380737,332.96275901794434,200.80406934022903,0.5639246106147766,446.51009941101074,196.8705848455429,0.3241235315799713,367.5808253288269,188.28726613521576,0.38684898614883423,419.8837375640869,244.81393456459045,0.6486958861351013,379.08827018737793,244.69370245933533,0.7829479575157166,423.61654233932495,282.09158539772034,0.5445587038993835,372.7549133300781,282.09178483486176,0.5660628080368042,425.2860097885132,315.36915397644043,0.4178258776664734,380.5119638442993,317.0066468715668,0.49436676502227783
511,20.720700034871697,78.65531870594754,84.52635920911324,0.38330262382481406,1.947983721071698,159.7388120434905,155.56420064726163,178.06823565929247,146.22765991215167,399.27197217941284,166.83263045549393,0.4960079789161682,403.48009967803955,164.85026800632477,0.5219863057136536,392.6779055595398,165.6437999010086,0.5701994299888611,414.2194414138794,166.70345216989517,0.5999166369438171,381.92812633514404,168.01609045267105,0.6975674629211426,436.4990062713623,187.972069978714,0.5937228798866272,367.20767879486084,185.4372096657753,0.6979376077651978,469.41293144226074,204.95260405540466,0.6843933463096619,329.92893743515015,197.55183362960815,0.6387743949890137,447.7824115753174,193.6094029545784,0.33390533924102783,363.24107933044434,185.45958936214447,0.30976101756095886,420.441321849823,244.175963640213,0.6745059490203857,380.2508749961853,244.12980818748474,0.7897745370864868,423.39128971099854,283.2602870464325,0.5328696370124817,372.00568866729736,283.2336194515228,0.57378089427948,427.0639715194702,316.80561423301697,0.4445140063762665,386.00273990631104,318.11266827583313,0.37026670575141907
512,22.2150000045076,81.82740832160178,90.15455425966363,29.423958499956278,,159.63760761784985,158.34660281083544,176.2798683935015,151.60638877320235,399.7952365875244,166.68805277347565,0.5038829445838928,403.7914047241211,164.24939239025116,0.596089780330658,392.7389636039734,164.96998727321625,0.5932601690292358,414.0593156814575,165.83913433551788,0.68001788854599,381.35497426986694,166.86874282360077,0.7313888072967529,432.84285259246826,187.00032675266266,0.6385630369186401,368.568039894104,182.81812989711761,0.7137192487716675,470.78683853149414,203.39129614830017,0.6999592185020447,322.7205500602722,192.08101642131805,0.609327495098114,460.6025791168213,189.98023104667664,0.3281482756137848,360.518385887146,179.0901938676834,0.2803857922554016,418.1635990142822,241.06366157531738,0.6355791091918945,380.57989597320557,241.45658123493195,0.7569301724433899,421.7812376022339,281.0335428714752,0.5699244737625122,373.27822828292847,282.54453563690186,0.5769429206848145,427.4123764038086,317.02681851387024,0.46975278854370117,385.80612087249756,320.3879896402359,0.41101744771003723
513,22.66419999068603,84.59840408754432,97.35484147802117,28.798895822936437,,168.05674631489467,159.1120233725332,167.24152345060176,157.2581647495872,398.8594260215759,168.72365069389343,0.3906392753124237,402.08263874053955,165.15831291675568,0.6081579327583313,391.336549282074,165.65389996767044,0.6084614992141724,412.151403427124,166.40821397304535,0.6657420992851257,380.86693954467773,166.83210337162018,0.6898188591003418,430.71830558776855,186.89624905586243,0.619455873966217,363.91835355758667,181.82432037591934,0.6614363789558411,476.32426738739014,201.75044131278992,0.6012166142463684,320.64819049835205,187.1607454419136,0.48874014616012573,461.3501863479614,185.78250658512115,0.3185703158378601,354.60510635375977,172.8845077753067,0.2882319688796997,418.72573232650757,240.37600231170654,0.608285129070282,379.1509962081909,241.21386623382568,0.7386817932128906,418.2635259628296,278.4261016845703,0.5279790163040161,374.5781126022339,281.33423709869385,0.5660671591758728,426.1906089782715,315.5210111141205,0.452030211687088,384.4087104797363,315.0847851037979,0.30817586183547974
514,21.254600025713444,82.73616574741978,100.13302455313436,,,166.44769276260516,153.9037987559384,176.99902897939242,144.30909827139672,402.9676012992859,168.79116016626358,0.36994966864585876,403.75781774520874,165.1953227519989,0.6473423838615417,393.1037197113037,165.50239896774292,0.66050124168396,412.32441806793213,165.72951513528824,0.687738299369812,382.76567792892456,166.21129828691483,0.6591982245445251,426.5987071990967,184.59055626392365,0.6520514488220215,367.3312101364136,179.60249090194702,0.5783092379570007,471.4164237976074,196.3897846341133,0.45431816577911377,325.9406795501709,181.58213245868683,0.4471878111362457,463.52831077575684,182.83177709579468,0.20090852677822113,358.83453845977783,160.72018122673035,0.2913705110549927,419.2886743545532,240.2221792936325,0.590599536895752,381.44800186157227,241.38182079792023,0.721231997013092,423.7041869163513,281.7691240310669,0.5626968741416931,371.48285388946533,283.7855474948883,0.4851004481315613,425.65099334716797,318.1209876537323,0.4652625620365143,385.3583450317383,317.34024822711945,0.3286189138889313
515,22.520800004713237,86.02812206356816,101.47079181716967,,32.653734876856255,172.19739384022347,156.16599651425125,178.5024255813273,150.71656529044557,400.05266094207764,167.10068821907043,0.5068257451057434,402.58447217941284,163.2470925450325,0.6110133528709412,392.09302711486816,164.05885869264603,0.6078121066093445,411.860821723938,163.2147694826126,0.6669355630874634,382.3697862625122,164.44241905212402,0.5987920165061951,426.00981044769287,182.74371135234833,0.6616829633712769,368.06251668930054,178.5758454799652,0.5331605076789856,472.21811389923096,189.3121593594551,0.4884561002254486,329.2073607444763,179.54116398096085,0.42888909578323364,466.52728176116943,184.28832352161407,0.23408091068267822,361.45078468322754,157.729678273201,0.33687275648117065,421.76155042648315,241.74374222755432,0.671768069267273,382.6517753601074,242.30678176879883,0.7389078736305237,424.35689640045166,282.05064380168915,0.4237443506717682,374.33036756515503,285.35716915130615,0.5050910711288452,425.9215087890625,323.0286228656769,0.5380147695541382,386.38824462890625,321.724417924881,0.4605427384376526
516,22.46270002797246,89.33205933226658,121.5253326561133,70.44103779055109,63.9907795241716,176.511863381676,155.885576241689,174.01996626271992,151.3530987225636,401.80325269699097,164.6193197965622,0.599083423614502,404.2533583641052,160.5317701101303,0.5608800649642944,394.1387243270874,161.1097531914711,0.5150887966156006,414.7312068939209,161.10929733514786,0.6778041124343872,384.35877227783203,162.71784335374832,0.539106547832489,430.9380235671997,179.42846775054932,0.6291761994361877,360.850869178772,175.9487882256508,0.4148229658603668,478.2080192565918,183.81172573566437,0.5577648878097534,343.9075903892517,171.52474534511566,0.4810108244419098,470.81170654296875,154.71247923374176,0.517547607421875,366.7596755027771,144.90316343307495,0.4849156141281128,425.5703239440918,245.71086037158966,0.7469369173049927,382.17594718933105,246.1748366355896,0.7803289890289307,424.6348419189453,292.6513261795044,0.36879992485046387,376.31836795806885,292.3943656682968,0.519472062587738,427.51194953918457,326.6411702632904,0.48926952481269836,389.3372015953064,325.5734407901764,0.43055281043052673
517,20.61219996539876,93.53516529240254,136.41360182591643,65.73675620427396,94.91853011388851,178.83869143838393,151.53907085906317,169.6395487175513,145.3135367172804,406.6906509399414,164.86442804336548,0.520224392414093,408.5456175804138,161.07579189538956,0.7237569093704224,399.34811782836914,161.1120467185974,0.5159714818000793,420.6582851409912,162.55272364616394,0.6525627970695496,390.0268340110779,163.46748483181,0.5598567724227905,435.994215965271,177.28907704353333,0.40744879841804504,365.0925078392029,174.8003721833229,0.4413370192050934,479.87498474121094,179.08403980731964,0.6135033369064331,347.96782398223877,164.48370254039764,0.5855918526649475,466.3682680130005,145.52030742168427,0.472405344247818,362.29119205474854,135.30808585882187,0.422023743391037,428.8220691680908,246.9592514038086,0.7710179090499878,384.858811378479,246.82175374031067,0.7676747441291809,424.9384641647339,294.03285574913025,0.3742155134677887,374.35672664642334,291.90204083919525,0.5047770738601685,428.22715759277344,327.30925619602203,0.4922168552875519,387.7803478240967,325.85382091999054,0.4656446576118469
518,21.10710000852123,96.7961819338907,137.80739747255063,69.62400435012354,95.0831297177125,175.63921812950042,158.6856021779258,176.26047524537282,161.37657622621134,406.6364164352417,164.6584237217903,0.5335679650306702,407.19372272491455,160.58694297075272,0.6064978241920471,398.94545316696167,160.76314568519592,0.49160921573638916,419.7885112762451,161.3992077112198,0.6391595602035522,389.9233183860779,162.46631038188934,0.5218122005462646,438.7083168029785,177.6660559773445,0.5634899735450745,367.0134859085083,174.62351417541504,0.4664062261581421,476.44319915771484,177.65864831209183,0.576434850692749,350.18779945373535,163.84950667619705,0.4078839421272278,464.45327949523926,145.39674186706543,0.3896249830722809,367.19041776657104,131.25664854049683,0.48552387952804565,430.4254493713379,247.28396356105804,0.7682785391807556,386.6199417114258,246.91338086128235,0.758155107498169,428.5286064147949,292.08982515335083,0.43052226305007935,382.0618929862976,289.2862802743912,0.5138416886329651,429.3988857269287,329.99131536483765,0.6156741976737976,390.1316890716553,325.7357541322708,0.5110533833503723
519,21.051599993370473,96.6450584129373,139.3460046621994,63.85070718594241,76.33131397225473,174.83738944007868,171.57497015269894,177.8584786836872,177.3476437939665,403.9198389053345,165.9517308473587,0.3266402781009674,410.96158027648926,161.7989937067032,0.7241195440292358,401.62996006011963,161.73950445652008,0.6139855980873108,422.4837589263916,162.81407177448273,0.6136779189109802,388.2798309326172,163.31319171190262,0.5690524578094482,439.4674987792969,176.20566326379776,0.44666746258735657,369.45368480682373,174.66377198696136,0.5173065662384033,479.9319486618042,175.43800121545792,0.6507346034049988,351.94043827056885,160.86303520202637,0.39511382579803467,459.3236961364746,135.40080988407135,0.42552611231803894,388.0666837692261,132.54397255182266,0.5730625987052917,432.55671882629395,247.22048556804657,0.7556481957435608,383.58119201660156,246.62379813194275,0.6515524387359619,432.2292900085449,294.6415663957596,0.4900300204753876,385.60924911499023,289.9134531021118,0.5182241797447205,430.54958724975586,332.5494101047516,0.6112778186798096,389.09324741363525,327.2246948480606,0.547784686088562
520,20.371699996758252,97.97388625202966,154.65797338089484,64.53588854020876,90.1400381015071,177.599742814794,164.9940815951597,178.4743075134307,174.50776103794806,405.7705092430115,165.3445587158203,0.5545152425765991,414.1509280204773,161.63871747255325,0.7135234475135803,403.40976667404175,161.0429132580757,0.5715582370758057,420.3383116722107,163.94421082735062,0.5359154343605042,389.20275259017944,163.30052745342255,0.5595972537994385,440.12144660949707,177.60994291305542,0.5205187201499939,369.61456871032715,175.58012866973877,0.48877933621406555,480.00933265686035,175.28684210777283,0.5711157321929932,357.0673174858093,160.55034625530243,0.41178810596466064,458.4690351486206,136.10080575942993,0.5317559838294983,392.96446895599365,130.43328654766083,0.3771798610687256,434.40807151794434,247.99501395225525,0.7395052313804626,388.1214237213135,247.06888484954834,0.7316527962684631,432.5340242385864,295.8963394165039,0.4674278795719147,387.74890899658203,290.45404171943665,0.5072484016418457,430.1676712036133,331.8447701931,0.5910260081291199,390.9322166442871,326.83724546432495,0.5268734693527222
521,22.611299995332956,98.52392695775613,147.73172173477752,65.52247223283736,91.28664597266553,178.83602186416843,172.92837790418784,179.07450508223576,177.67331932142645,408.2548589706421,165.68204909563065,0.5855493545532227,416.506413936615,162.15212565660477,0.6980518102645874,402.23872089385986,162.40716302394867,0.5137425065040588,422.4269971847534,164.2660881280899,0.5654540061950684,391.793372631073,163.70387482643127,0.6046258807182312,441.98710346221924,177.8571167588234,0.548506498336792,372.52410078048706,175.9489164352417,0.5286438465118408,479.3639268875122,174.61636292934418,0.4639197289943695,359.62743377685547,162.43280494213104,0.44345083832740784,457.69312286376953,136.2085587978363,0.5012149214744568,390.0339102745056,132.08659195899963,0.4425995647907257,437.56408500671387,248.78128063678741,0.7294450402259827,386.90529203414917,247.3472990989685,0.6996241211891174,433.6276607513428,296.3309129476547,0.47828972339630127,390.3824920654297,293.41385984420776,0.5472806692123413,431.3137731552124,331.10411763191223,0.5666691660881042,391.6226577758789,329.10726749897003,0.5986259579658508
522,21.751000022049993,101.3241747741451,157.3418000082934,61.49747192180201,98.06788195181875,177.5402116461789,174.21585317719274,176.06500509631692,176.19705634206466,410.1042151451111,164.55846297740936,0.6598896980285645,418.85762882232666,160.51075798273087,0.5825871825218201,403.4942774772644,160.77633702754974,0.4904519319534302,428.0466117858887,161.67894679307938,0.5990440249443054,392.9304270744324,161.82875257730484,0.580803632736206,445.38138484954834,175.93968534469604,0.5027623176574707,374.82138442993164,174.50872385501862,0.4978863298892975,481.7434720993042,171.95064336061478,0.47003012895584106,363.19927883148193,156.48001939058304,0.5292383432388306,456.5470209121704,135.6477415561676,0.48500195145606995,393.27504110336304,130.45006775856018,0.39141684770584106,439.0076427459717,247.87113499641418,0.6491889357566833,387.87875843048096,247.4478724002838,0.7057338356971741,432.6548767089844,295.972980260849,0.460272878408432,391.3190608024597,292.51556646823883,0.5052370429039001,430.4586067199707,330.99419927597046,0.5663883090019226,391.64297676086426,325.51771235466003,0.49824219942092896
523,21.72800002153963,101.9768171692775,150.1050480848858,68.38167250751732,96.45002416471898,176.6232596786799,175.2099242111047,179.55748069654726,169.58498108835403,413.15031909942627,165.75457298755646,0.6631532311439514,418.1730761528015,161.61377358436584,0.481681764125824,406.44823837280273,162.13003087043762,0.5130029916763306,428.7431182861328,163.42244052886963,0.6585928797721863,396.0356683731079,163.31705224514008,0.6443742513656616,446.0433692932129,176.84409004449844,0.5239163637161255,379.3116273880005,175.375306725502,0.5145425200462341,478.9811010360718,171.97959023714066,0.4365248680114746,365.595251083374,158.94396555423737,0.38216859102249146,458.0757465362549,135.7988721728325,0.5392626523971558,390.796706199646,132.56836086511612,0.3707719147205353,441.63222885131836,247.43564975261688,0.7283120155334473,391.5702681541443,245.18864846229553,0.7472904324531555,435.8891839981079,294.5324172973633,0.4594667851924896,395.57823848724365,289.4938943386078,0.5078610181808472,431.1782627105713,330.82969212532043,0.5530586838722229,392.3105716705322,325.0831958055496,0.5552680492401123
524,22.784599976148456,112.00610557381606,146.81576626083273,81.5208321050673,105.52314727625972,177.03214765654081,175.06099975892664,178.28696204621258,170.9186044177713,415.0444326400757,167.7507820725441,0.5703832507133484,419.1966323852539,163.30727982521057,0.5570815205574036,408.42580127716064,163.91524970531464,0.5442426800727844,429.8287181854248,164.99023014307022,0.659940779209137,399.33103370666504,164.64057409763336,0.6650449633598328,447.24117851257324,177.2455142736435,0.5606028437614441,380.4512596130371,176.96923685073853,0.5178033113479614,473.7180290222168,168.75442099571228,0.5033581852912903,368.97980260849,164.40954041481018,0.30585208535194397,457.3028163909912,135.4825221300125,0.5620220899581909,389.8205862045288,131.14741396903992,0.42922651767730713,441.9949378967285,248.25938212871552,0.6997011303901672,391.68217420578003,246.13563299179077,0.7353391647338867,436.02034759521484,295.59980487823486,0.46789878606796265,395.0669279098511,291.3209664821625,0.4647468626499176,430.5740509033203,330.3552596569061,0.5577547550201416,392.2719554901123,324.62303733825684,0.5524556040763855
525,20.168000017292798,124.72428924167026,123.2282105487717,86.99926642235084,97.35822496103444,168.98903514667174,179.92358875750497,170.72195967159,172.04388660915947,417.9652361869812,167.98507797718048,0.40159279108047485,421.0388870239258,164.297456741333,0.6303587555885315,409.69985723495483,164.8041980266571,0.5592582821846008,431.67946434020996,166.7641950249672,0.608068585395813,401.42055320739746,166.4141401052475,0.6548723578453064,449.3102779388428,180.0388023853302,0.6047588586807251,385.3924627304077,179.24093985557556,0.5961610674858093,473.9042863845825,169.30935484170914,0.4714680016040802,372.03257846832275,172.12016493082047,0.3973084092140198,456.8521089553833,135.2132250070572,0.5279514193534851,387.1847286224365,132.01956683397293,0.5117722749710083,435.8177137374878,248.4667397737503,0.48271000385284424,391.5412554740906,247.18923091888428,0.5973489284515381,435.6887741088867,299.95656621456146,0.5072035193443298,395.9490852355957,295.1854884624481,0.4825722873210907,430.5134983062744,331.14517319202423,0.5627874135971069,394.4842734336853,326.1438310146332,0.5560308694839478
526,21.023700013756752,128.34268139900038,146.55687174667776,84.03343255546115,110.01493247886715,172.17333634743343,171.09360027213714,169.15076242085695,178.95893712858677,417.3848056793213,167.6308206319809,0.410091370344162,419.896222114563,164.35637617111206,0.5813605189323425,410.321026802063,164.90066862106323,0.562947154045105,429.7893943786621,167.10934948921204,0.6009578704833984,404.0676317214966,166.78875428438187,0.635231614112854,449.8527240753174,179.15549528598785,0.601494312286377,383.9983882904053,178.13786727190018,0.5366582870483398,476.5357971191406,164.7090807557106,0.47764599323272705,370.86706733703613,163.2253396511078,0.3492491543292999,454.8521547317505,133.03856241703033,0.4835558235645294,390.7532629966736,126.7807377576828,0.4142698645591736,437.87104320526123,247.72802460193634,0.5021559000015259,393.61179542541504,247.2177219390869,0.7184934020042419,436.0613899230957,297.4455101490021,0.4545086920261383,392.84300994873047,291.98722898960114,0.4280160963535309,428.69777965545654,329.5097601413727,0.578870415687561,392.87520694732666,324.19760942459106,0.524745523929596
527,21.317000035196543,129.87438647619564,166.8877436034499,83.9621177064661,118.12156779796513,173.30030296286438,164.09668639032634,169.9210912334535,167.64659095626087,420.1523323059082,168.78670132160187,0.4293908476829529,422.40073919296265,164.10309100151062,0.6850661039352417,409.93537044525146,164.96641165018082,0.5770254135131836,433.24978828430176,166.09917187690735,0.6593156456947327,402.8083095550537,165.92748498916626,0.615746021270752,450.5721778869629,180.33349925279617,0.589353621006012,384.2975878715515,179.96612179279327,0.4564826786518097,479.1728172302246,163.74813562631607,0.4917227625846863,374.71369886398315,156.71810460090637,0.44103214144706726,455.66789627075195,131.57044863700867,0.49772071838378906,401.68849086761475,123.96566826105118,0.4685055613517761,438.9800958633423,247.6886500120163,0.5017381310462952,395.3186912536621,247.33120167255402,0.7095106244087219,436.36900520324707,296.4452759027481,0.4602116048336029,390.19959592819214,291.4939924478531,0.4147087037563324,428.34492683410645,330.80613005161285,0.5728804469108582,393.40456199645996,323.36985981464386,0.5446085929870605
528,21.085799962747842,117.41012042763977,130.01013622251023,73.62615397180929,86.3814462675531,177.6098404197745,171.91734006921507,174.69559887966034,175.40308503388943,416.9863109588623,169.3760808110237,0.3247559368610382,419.2394690513611,164.70732855796814,0.6366154551506042,414.7931241989136,164.44045317173004,0.4490770995616913,424.9285068511963,168.0543823838234,0.6189382076263428,416.0594720840454,166.46197652816772,0.5845181345939636,433.6341304779053,185.72531086206436,0.4626907408237457,409.68537616729736,184.67677009105682,0.37315380573272705,480.25599098205566,162.15753895044327,0.3695443272590637,379.2236795425415,157.38868349790573,0.34156742691993713,450.6398067474365,130.60941803455353,0.4006268382072449,412.85437965393066,124.30878561735153,0.3744325041770935,432.9744710922241,249.44760012626648,0.6529264450073242,407.62668895721436,248.6083686351776,0.5526865720748901,430.5769319534302,295.4523923397064,0.4803716242313385,400.1716432571411,291.20520746707916,0.4304808974266052,425.33802032470703,331.4180032014847,0.5307872891426086,397.0844211578369,324.2953621149063,0.4867285490036011
529,18.907799967564642,129.13571685411264,153.55434379667298,72.41028385170904,103.28176336566443,173.87314073722092,167.3130236665959,175.33338279880476,172.9768022940349,416.7452883720398,169.4514538049698,0.30889692902565,424.5931930541992,164.26152956485748,0.6754670143127441,414.8325996398926,164.69681537151337,0.5873267650604248,434.7459125518799,167.27704763412476,0.6017970442771912,407.2724208831787,166.82978135347366,0.5417933464050293,452.72336196899414,183.10493475198746,0.5678243637084961,388.65482234954834,182.49541211128235,0.5150339603424072,487.8699493408203,164.58315044641495,0.5099608898162842,375.88489627838135,162.2952645421028,0.3667920231819153,456.23440170288086,133.36267626285553,0.479627788066864,407.03678131103516,130.5044286251068,0.5503740310668945,439.59032249450684,248.54944920539856,0.5660225749015808,395.31017446517944,247.4054777622223,0.601742148399353,435.0223922729492,298.5470299720764,0.5027498006820679,389.7435054779053,293.8628213405609,0.4098353385925293,429.26362800598145,331.5880661010742,0.5778809189796448,389.8564224243164,327.84044277668,0.5509980320930481
530,19.936099997721612,122.6680514809928,146.29156421882942,65.60974202022035,95.05686439249324,170.68111805265693,162.85059986087953,176.28988829577054,177.46500686903957,417.29743909835815,169.25247251987457,0.34337693452835083,427.4848575592041,164.10015642642975,0.6885765194892883,414.9772081375122,164.4250252842903,0.5981776714324951,440.1745185852051,165.47333812713623,0.6104314923286438,406.0345802307129,165.6513215303421,0.6093432307243347,459.05818462371826,182.14642560482025,0.6127802133560181,384.0705156326294,179.4088089466095,0.45544081926345825,490.8218631744385,172.12626200914383,0.5756059288978577,373.42705726623535,168.84261494874954,0.3847731053829193,457.8711414337158,135.400339782238,0.5798306465148926,404.7331290245056,131.18032109737396,0.5790828466415405,441.6575012207031,246.37025654315948,0.5376893281936646,397.6854486465454,246.32663679122925,0.7460495829582214,436.40605449676514,297.7063454389572,0.5139272809028625,393.0363688468933,293.3267343044281,0.4627818763256073,430.6526985168457,331.9004416465759,0.6269425749778748,391.301344871521,325.21747398376465,0.5655588507652283
531,23.112800030503422,120.25033699440934,127.62812554502193,61.670259427535846,67.33863503621534,171.34701503704323,159.6244951421308,177.5836633574467,172.41654671315604,419.3032817840576,166.3697653412819,0.4574233591556549,426.6349983215332,162.9392755627632,0.6755173206329346,418.3852882385254,163.04805427789688,0.5518160462379456,437.94751739501953,165.7397861480713,0.6517419219017029,405.03000354766846,165.36313486099243,0.5106415152549744,457.94892978668213,181.0890953540802,0.6388577222824097,384.6804895401001,177.4649663567543,0.40813693404197693,491.2872791290283,171.56031638383865,0.519178032875061,367.69321155548096,169.23824125528336,0.4152981638908386,457.4699172973633,136.88308370113373,0.6099991202354431,405.51776027679443,135.77589416503906,0.6659579277038574,441.0866994857788,247.2455291748047,0.6840068101882935,398.91545486450195,245.67644321918488,0.7634400129318237,436.22737884521484,296.3953881263733,0.5417307019233704,392.0402331352234,291.20281422138214,0.50163334608078,431.18397426605225,331.998450756073,0.6520501971244812,391.4457006454468,325.1194078922272,0.5909824371337891
532,21.72769996104762,126.42164129110063,118.63777058139887,57.89710501102326,54.51051659595899,170.37045626850275,163.12831766872804,179.13349934035,174.4536160899273,423.05835151672363,167.26003849506378,0.3861144781112671,430.9911460876465,164.1016522049904,0.6686797142028809,418.6038942337036,164.3708923459053,0.5029526948928833,441.5042495727539,167.30865842103958,0.5983816385269165,410.8002414703369,166.46743255853653,0.5837683081626892,462.4983100891113,181.8065277338028,0.6207293272018433,388.8937473297119,178.08538681268692,0.5107514262199402,496.7628412246704,170.46694499254227,0.4692658483982086,362.08630895614624,168.6757287979126,0.39827340841293335,455.6801280975342,136.49782812595367,0.572282075881958,405.69754791259766,137.94673895835876,0.746404230594635,441.23646354675293,246.81850576400757,0.6878876090049744,400.01035499572754,245.99850571155548,0.749117374420166,433.74052715301514,297.09182262420654,0.5230252146720886,393.77351331710815,292.8946964740753,0.4857870638370514,428.06359481811523,331.5812282562256,0.5967450141906738,392.59887886047363,326.04949724674225,0.5745301842689514
533,22.4447000073269,112.4349877531395,109.55740690865645,,44.4051216353985,174.42117149515852,167.8313637688027,175.14867383173248,175.34123154370553,427.2103490829468,168.03238731622696,0.5366817712783813,433.9524612426758,164.73968011140823,0.6501802206039429,421.54125118255615,164.68339610099792,0.5677117705345154,443.2712936401367,168.1214075088501,0.47551605105400085,415.4439888000488,166.75429439544678,0.5552733540534973,456.5842218399048,184.05258882045746,0.503792405128479,392.86277294158936,179.72998821735382,0.557317852973938,494.9501552581787,177.7446484565735,0.5922891497612,360.3954610824585,172.41281044483185,0.547687292098999,460.93248462677,147.4310861825943,0.29050639271736145,405.8062949180603,144.36154913902283,0.6369578242301941,442.0805606842041,246.38709473609924,0.6000723838806152,400.87575674057007,246.36680912971497,0.7468433976173401,435.0320463180542,299.7861614227295,0.5322877764701843,396.359356880188,294.9431438446045,0.46068495512008667,428.2358512878418,330.77251064777374,0.6071344017982483,396.0225520133972,324.49149429798126,0.6045314073562622
534,21.590699965599924,110.01390434060517,104.8203677697658,48.02789611783227,38.37819909340129,173.56542725605092,167.24907094764927,173.92902697289765,168.20757677684358,429.082576751709,167.79323369264603,0.49969902634620667,435.2050609588623,164.65157163143158,0.6044958829879761,423.0195837020874,164.84032464027405,0.5525999069213867,439.4684085845947,168.50264585018158,0.46892160177230835,417.24919414520264,167.50142866373062,0.585411012172699,457.6500587463379,185.06148433685303,0.5404503345489502,393.87622022628784,182.62758195400238,0.6403046250343323,500.66004276275635,180.32966721057892,0.6052703857421875,358.40301275253296,176.37377452850342,0.5153783559799194,464.3455181121826,147.91811168193817,0.39446431398391724,408.5078101158142,149.30494058132172,0.4388010799884796,442.190242767334,248.30909895896912,0.6683773398399353,399.4087715148926,248.21023511886597,0.6536657214164734,435.1178207397461,303.5096813440323,0.5021734237670898,392.636079788208,296.8383665084839,0.35204166173934937,428.9576807022095,329.4232898950577,0.5602239966392517,394.53646087646484,324.9779784679413,0.5570400357246399
535,21.838000044226646,109.52434575097368,96.08062815953825,45.99414098526076,27.244345490294872,171.086107604352,165.34499206061244,173.79312818986125,159.95394344542376,429.3096237182617,165.52957940101624,0.511098325252533,435.62751388549805,163.6954414844513,0.5904338955879211,424.5137872695923,163.16567945480347,0.5334396958351135,439.9850263595581,168.5029592514038,0.5216400027275085,418.26941442489624,166.50368738174438,0.5874779224395752,460.5019950866699,185.6998541355133,0.6130287051200867,391.48558044433594,183.06503307819366,0.6223355531692505,498.44871044158936,183.8292334675789,0.6339371800422668,351.3655676841736,182.94584089517593,0.4842478334903717,465.596399307251,153.00908660888672,0.3930814564228058,407.8172678947449,154.09020686149597,0.32906243205070496,441.6968250274658,248.37209260463715,0.6433761119842529,398.24639415740967,248.37203562259674,0.6128711104393005,434.74449729919434,299.2026083469391,0.4001758396625519,391.2939147949219,293.57135820388794,0.3252347707748413,428.0720863342285,325.97382509708405,0.4541526436805725,397.0266990661621,322.2573424577713,0.49845269322395325
536,20.50099999178201,87.68846676255743,81.56151363080936,12.679801788811648,,169.6760005010257,179.0560975127123,179.7079856034865,164.14656861199714,437.96920108795166,163.51093363761902,0.607944667339325,442.4355869293213,161.21638083457947,0.5500451326370239,432.11960792541504,160.22104704380035,0.5356452465057373,453.3042221069336,163.49274212121964,0.6190545558929443,421.9548587799072,161.86630374193192,0.4908195436000824,468.295690536499,182.15265089273453,0.6264649033546448,395.7886309623718,177.3568571805954,0.510071873664856,495.9503345489502,193.24558687210083,0.566323459148407,357.6146159172058,185.65584975481033,0.3935520648956299,477.7526617050171,180.72150421142578,0.37064328789711,381.4625334739685,172.85268330574036,0.21944445371627808,445.64361095428467,245.95955848693848,0.7440425157546997,400.3050813674927,244.8792929649353,0.719698429107666,438.7988929748535,288.1205132007599,0.5622643828392029,403.63772344589233,284.8123068809509,0.46289220452308655,432.55171489715576,327.88090002536774,0.6370660662651062,395.8570432662964,324.5338034629822,0.5681793093681335
537,20.9111999720335,76.25997411810688,81.85323896404182,,,171.13662209681263,176.19051334373552,174.13342105269786,178.86974088445785,435.98916149139404,168.47553664445877,0.46753159165382385,440.48678398132324,165.21743178367615,0.5488606095314026,429.09106826782227,165.46675670146942,0.6632450819015503,449.70877265930176,166.3904640674591,0.621377170085907,420.2767481803894,165.6968216896057,0.5955752730369568,469.28849029541016,183.58385455608368,0.6707692742347717,398.62694549560547,181.34699606895447,0.591879665851593,494.41524028778076,199.89258462190628,0.4578036367893219,356.22867918014526,191.192267537117,0.5452377796173096,466.96899223327637,182.42287397384644,0.27738040685653687,381.9047746658325,181.30394613742828,0.22497189044952393,447.2987995147705,246.5671294927597,0.7716225981712341,404.04066610336304,244.15821373462677,0.7420313358306885,438.9242944717407,292.27473187446594,0.5044825077056885,404.90778636932373,288.6436083316803,0.4271734356880188,436.01837635040283,329.0670096874237,0.6466824412345886,404.8992190361023,324.79805767536163,0.457235187292099
538,20.167000009678304,70.78371468902273,71.20673202724602,,,162.42883532163518,178.57996781058492,179.53570084217435,172.8470620642413,434.68677520751953,173.66519021987915,0.5795668959617615,439.53391456604004,170.40073186159134,0.33637043833732605,429.44093894958496,170.4316873550415,0.5079138278961182,449.86055850982666,171.212797164917,0.4181124269962311,418.77301692962646,169.7726045846939,0.3793880343437195,466.7132863998413,187.6630991101265,0.6186934113502502,397.749135017395,185.8846468925476,0.6174910664558411,484.5161542892456,203.34875905513763,0.609561026096344,364.62261867523193,199.46680057048798,0.41907191276550293,452.1348190307617,188.14379960298538,0.27288246154785156,394.395845413208,186.49586474895477,0.2845678925514221,443.00269889831543,245.86229014396667,0.7247787117958069,401.3065242767334,244.03447723388672,0.6946228742599487,439.6386432647705,287.71910321712494,0.5437349081039429,402.74285411834717,283.5681040287018,0.4698600769042969,436.68657779693604,328.59522688388824,0.565085232257843,409.4490795135498,324.81991028785706,0.4660845398902893
539,20.790299982763827,67.05942691634155,51.28079394846933,20.297445814921826,,174.06264615103493,174.38064559714587,171.56772876764478,168.46430493993583,432.19921588897705,174.9094358086586,0.5847561359405518,440.5331335067749,172.3679085969925,0.4735603332519531,427.75400829315186,171.3964930176735,0.5103179812431335,447.05734729766846,173.29210031032562,0.47009891271591187,419.006356716156,171.19088757038116,0.4026224613189697,459.44591331481934,189.11055690050125,0.5806297659873962,394.19950437545776,188.4464882016182,0.5547431111335754,481.2819480895996,206.48701643943787,0.41376280784606934,378.0242528915405,203.60695892572403,0.48852646350860596,442.7645320892334,193.8125011920929,0.3142380118370056,390.77108001708984,193.18988692760468,0.2928813099861145,443.2308073043823,247.2996621131897,0.6791002750396729,398.5903511047363,245.17451691627502,0.6418194770812988,437.1297035217285,283.24262261390686,0.4815250039100647,397.92444944381714,277.14052987098694,0.3591022193431854,436.2403688430786,325.64526665210724,0.5828379392623901,405.4676704406738,318.47467517852783,0.35533544421195984
540,19.685100007336587,61.82843872906171,37.20560998535698,38.85051756069601,,148.84946691827201,157.73023430399468,159.51456795391923,153.1513757077022,435.45267963409424,176.47480368614197,0.5934927463531494,440.50220012664795,173.44706296920776,0.42903023958206177,430.7240676879883,172.50107562541962,0.5952490568161011,450.39355278015137,175.4800966978073,0.49616745114326477,420.2274923324585,172.28284865617752,0.4806688129901886,464.0057563781738,194.12533259391785,0.6078977584838867,395.6136198043823,189.2861185669899,0.516486406326294,478.15979957580566,215.0625713467598,0.4450519382953644,378.9433584213257,210.2066758275032,0.49382519721984863,461.9492931365967,210.07869416475296,0.3358513414859772,406.0780487060547,207.25762730836868,0.23619192838668823,438.6834487915039,242.2166931629181,0.6506392955780029,394.46049213409424,238.45405507087708,0.5360538959503174,440.4605007171631,272.2903895378113,0.5135496258735657,384.0353617668152,262.301181435585,0.3656007945537567,426.4820499420166,317.71744084358215,0.44746673107147217,385.7488536834717,292.6136040687561,0.4394248127937317
541,22.713900019880384,50.772642273905284,37.09390166084077,75.61671890623622,,144.99134699882302,146.44292802454632,159.20782624963084,129.2546874474093,438.6394748687744,174.1455773115158,0.619817852973938,444.99365615844727,171.42509800195694,0.4677877724170685,433.7636260986328,170.54790222644806,0.5858976244926453,455.46056175231934,172.7655435204506,0.3964899480342865,422.59452772140503,170.8022130727768,0.4637850821018219,464.3556776046753,191.38700366020203,0.6143869757652283,402.4521460533142,188.91945338249207,0.5721638798713684,473.60480880737305,214.74889945983887,0.42224323749542236,379.98983669281006,210.20763027668,0.5315635204315186,459.92381381988525,216.48101103305817,0.4572099447250366,400.9109106063843,216.6995941400528,0.24686837196350098,437.4825563430786,239.52266776561737,0.5810068249702454,394.63317823410034,235.9291096329689,0.6490764617919922,440.1056261062622,265.190541267395,0.5333137512207031,375.7622241973877,256.1654123067856,0.3059000074863434,426.9845657348633,314.3056696653366,0.46451935172080994,379.9250636100769,286.77391362190247,0.44570088386535645
542,22.823200037237257,39.27591941529869,37.23321061206949,111.36102046478237,98.61600807435019,136.60443957020772,,147.78748288120934,,437.6018924713135,174.57922488451004,0.6198412775993347,445.1478681564331,171.67029172182083,0.5048846006393433,431.6585388183594,171.10769379138947,0.555287778377533,455.9483690261841,173.32807022333145,0.42241573333740234,420.47273540496826,172.14027959108353,0.411350816488266,464.84348487854004,192.88138616085052,0.6339889764785767,401.04649686813354,189.9701167345047,0.38876038789749146,469.88966941833496,217.2184298634529,0.31069624423980713,385.3465175628662,210.6527454853058,0.5079033970832825,459.85795402526855,223.75180542469025,0.4368823170661926,397.29933738708496,222.9517348408699,0.30583828687667847,439.3632755279541,241.69963812828064,0.6343945264816284,401.0722494125366,236.9069214463234,0.5700689554214478,446.84005546569824,268.06283497810364,0.4386981725692749,390.59270763397217,256.76677227020264,0.2927657961845398,432.4028606414795,317.1832342147827,0.5160700082778931,385.4762153625488,292.2247586250305,0.36089596152305603
543,22.280599980149418,,37.70079926291928,,76.86631706390281,133.40076486962442,155.0435675969567,146.3305533284181,149.97893403199762,435.9953784942627,174.75847613811493,0.6381842494010925,443.7646608352661,171.86686551570892,0.4940344989299774,430.0901355743408,171.36260294914246,0.5092897415161133,455.2716760635376,173.34289979934692,0.4630095362663269,419.0251340866089,172.16751700639725,0.381200909614563,465.19512462615967,193.12703573703766,0.6559587717056274,403.12876319885254,191.6492635011673,0.4582597017288208,468.5981502532959,216.83418571949005,0.2909187972545624,383.3173232078552,211.93378722667694,0.5610191226005554,458.14064598083496,224.97214704751968,0.4108411371707916,404.7114200592041,224.88557708263397,0.311113566160202,438.2810115814209,241.595360994339,0.638113796710968,397.83450508117676,237.24441182613373,0.5816650390625,446.770809173584,268.429856300354,0.4292283058166504,386.29400396347046,256.01817071437836,0.315554678440094,432.6986484527588,317.14152336120605,0.5311609506607056,385.3785123825073,289.6647834777832,0.38978108763694763
544,21.145200007595122,39.913863984205534,41.76966811424263,112.68305161573166,99.11484495626614,135.59273010161738,130.31572055363662,150.04236724034646,126.3212519858878,435.36240673065186,174.63211846351624,0.6518853306770325,442.71702003479004,171.97396326065063,0.4734688699245453,429.42385482788086,171.52545762062073,0.5042299628257751,454.0873622894287,172.9526582956314,0.4817020297050476,420.5849447250366,172.01390767097473,0.45943376421928406,465.393310546875,192.4045177102089,0.6360558867454529,401.5976619720459,191.46750503778458,0.44373026490211487,470.3781337738037,215.67679500579834,0.3151727318763733,382.7520561218262,210.31378781795502,0.5497419238090515,457.2044563293457,224.82349514961243,0.40723612904548645,393.6038851737976,225.3126147389412,0.3788527250289917,439.77491188049316,240.94476854801178,0.6367453932762146,399.0652189254761,236.3516884446144,0.5857552886009216,446.9327039718628,264.9807903766632,0.4554254114627838,385.778826713562,246.3951576948166,0.4728543162345886,434.2339448928833,318.39045572280884,0.5310027003288269,386.3022680282593,285.58823132514954,0.3236194849014282
545,20.703600021079183,,44.67876443396399,,95.49074141334935,149.8529837472479,175.7122542806815,163.48034559308675,171.03397914927595,436.13215255737305,174.08217054605484,0.6495247483253479,443.8216247558594,171.3143818974495,0.4777319133281708,430.40513038635254,170.78212690353394,0.5020440816879272,455.1900463104248,172.5884860754013,0.4551880955696106,419.7210593223572,171.55694019794464,0.3766823709011078,466.49407386779785,192.25385719537735,0.6457953453063965,404.23675441741943,191.095113158226,0.4313868582248688,468.9108200073242,216.14832139015198,0.2824225425720215,384.04119968414307,209.64419186115265,0.559843122959137,456.89931774139404,223.84128147363663,0.424214243888855,395.3434329032898,224.60149312019348,0.36860391497612,442.1177616119385,241.82870244979858,0.6589289307594299,402.00651836395264,237.44853574037552,0.5543889403343201,444.3787794113159,274.46285831928253,0.44561949372291565,398.90918731689453,262.5211036205292,0.3197285234928131,433.2223930358887,324.55300641059875,0.5415623784065247,390.86082220077515,290.5736470222473,0.33655574917793274
546,21.042699983809143,30.454220891760368,43.9927973922051,132.23059807364442,89.67426631120306,150.76892616690725,174.9457438712185,160.53513171152557,171.01519749652718,437.81291675567627,173.32073378562927,0.6510822772979736,444.738657951355,170.66773545742035,0.46034854650497437,432.01806354522705,170.06723022460938,0.49480047821998596,455.29780769348145,171.8050542473793,0.41115182638168335,420.56998348236084,170.87512159347534,0.3808067739009857,466.9030818939209,190.98180437088013,0.6362305879592896,405.2415838241577,189.64335322380066,0.4245109260082245,469.13159942626953,214.39988446235657,0.38001182675361633,386.359130859375,207.99316573143005,0.5137712359428406,459.7316427230835,224.71822082996368,0.44354262948036194,403.1824417114258,225.10903215408325,0.3892676830291748,443.43414878845215,241.26939523220062,0.6518614888191223,403.72645473480225,237.14742839336395,0.5583838224411011,445.9414710998535,275.30787348747253,0.4513777196407318,400.3510265350342,265.1179461479187,0.3563314378261566,432.439151763916,324.8270330429077,0.5704662203788757,392.7552137374878,291.84366273880005,0.3491956889629364
547,20.94259997829795,34.51598221895453,46.5505245364144,110.0749236607564,,156.54089718979876,,172.02385416228643,,438.620267868042,173.5780931711197,0.6206715703010559,444.471529006958,170.8801075220108,0.4572177529335022,433.0197591781616,170.37400728464127,0.5395957231521606,455.63635635375977,172.0524845123291,0.4221195578575134,421.33687353134155,171.01145112514496,0.43012410402297974,467.48010063171387,190.4131093621254,0.6149517893791199,403.84735774993896,189.13750940561295,0.5375059843063354,471.04876136779785,213.50035172700882,0.4289385974407196,382.092396736145,206.34084326028824,0.5320959091186523,462.22622776031494,218.36297112703323,0.37193453311920166,401.9426803588867,217.4333661198616,0.25436607003211975,442.6311950683594,241.97816634178162,0.7139425277709961,399.4532256126404,238.24384832382202,0.5549050569534302,441.29666233062744,275.64401054382324,0.5106486678123474,397.5029821395874,266.3595278263092,0.28654783964157104,432.1601448059082,326.18878984451294,0.5807687640190125,397.42989444732666,290.76724350452423,0.39178213477134705
548,19.510699959937483,51.161243432454135,48.50396468565427,57.78396318189493,51.810547954165386,159.66169714479915,169.66816327371657,171.37098343006235,171.44590451295832,437.63014698028564,172.864022731781,0.6102281808853149,443.19795322418213,170.1712794303894,0.3890126049518585,432.6919765472412,169.98151499032974,0.5307422876358032,454.78174591064453,171.03640925884247,0.4194357395172119,422.5232343673706,170.36107236146927,0.4389159679412842,465.2260580062866,189.88401687145233,0.5936675667762756,402.79461193084717,186.0714055299759,0.49036839604377747,478.9989433288574,214.4682914018631,0.517725944519043,381.16100883483887,203.91950541734695,0.5110018253326416,453.89781951904297,213.1716365814209,0.3884972333908081,395.37156105041504,207.0146131515503,0.3030886650085449,443.9654245376587,242.76531624794006,0.7535465955734253,400.95655250549316,239.43257915973663,0.5199587941169739,442.97479820251465,279.04663610458374,0.5583534836769104,405.54641914367676,270.6696493625641,0.36861157417297363,434.5851802825928,325.7067217826843,0.5606105327606201,405.43062114715576,304.6819158792496,0.33777835965156555
549,20.73950000340119,60.270510183687044,71.47277144643142,34.5461266584416,6.2888205382463465,161.45163912011674,176.46094579767635,174.72909501860013,166.85292706222288,435.69433403015137,174.51248466968536,0.6329107284545898,440.57190132141113,171.06633907556534,0.37057894468307495,430.77936363220215,171.10510110855103,0.5533255338668823,450.7012691497803,172.75681102275848,0.5148881077766418,419.71845626831055,171.32121974229813,0.4325575828552246,461.85295486450195,190.2618932723999,0.5930417776107788,398.46454524993896,188.8365160226822,0.6070077419281006,479.2056713104248,211.21827799081802,0.4940236806869507,361.139808177948,202.28547418117523,0.4243567883968353,450.317533493042,203.0286339521408,0.3227226436138153,383.54222202301025,196.89619827270508,0.4064292013645172,440.54951000213623,246.80568480491638,0.6857972741127014,399.70678329467773,244.0862169265747,0.658366858959198,439.24040126800537,282.5744227170944,0.5449351668357849,398.48547077178955,275.1564722061157,0.37619131803512573,433.66900634765625,325.6663784980774,0.5203890204429626,404.14003705978394,304.5311414003372,0.3504089415073395
550,22.000999946612865,77.67271388277189,77.4749598847499,14.00348852829617,54.13221249515382,158.80111368266896,168.63222606618788,165.33443766630572,157.24869303474588,433.11129570007324,173.81787359714508,0.6195999383926392,441.3927478790283,171.4301836490631,0.46333616971969604,428.2972631454468,170.2415810227394,0.49648386240005493,448.8116035461426,171.2430831193924,0.4639698266983032,417.88004302978516,169.7043401002884,0.3620755076408386,460.06629943847656,187.9753179550171,0.516146719455719,396.5155906677246,187.400525867939,0.6377591490745544,489.1123390197754,205.8369083404541,0.48210978507995605,353.27535009384155,200.13561302423477,0.4278630316257477,466.98213386535645,198.8229320049286,0.37014040350914,356.90769720077515,189.85370242595673,0.3855252265930176,440.03208351135254,245.30668675899506,0.7026825547218323,400.33181953430176,243.5859146118164,0.6743596196174622,441.32319831848145,283.48040866851807,0.5328280329704285,396.06197690963745,276.0971032381058,0.39385730028152466,432.01776027679443,324.6765434741974,0.5230039358139038,404.77520751953125,308.0146814584732,0.3380439579486847
551,20.836499985307455,86.94758106253502,83.096469372641,10.792633326327405,,160.92204007462163,166.67450269694265,175.7624370207844,159.00424601437402,434.97391986846924,172.41520369052887,0.5294536352157593,439.9163866043091,169.6191092133522,0.36615580320358276,429.5424327850342,169.0258691906929,0.4313600957393646,451.33353328704834,171.36058008670807,0.45670950412750244,418.0559387207031,169.2755644917488,0.49923306703567505,460.0647830963135,187.7528458237648,0.5004916787147522,389.7960214614868,184.12196445465088,0.6093617677688599,488.78728580474854,200.65112954378128,0.5134812593460083,351.39814376831055,192.71539747714996,0.4928451180458069,484.39151096343994,197.57593703269958,0.33588525652885437,351.8705096244812,183.28176426887512,0.2899147570133209,437.2548017501831,246.77186596393585,0.6599454879760742,395.8465552330017,244.6189420223236,0.6998732686042786,435.9594917297363,282.9094486236572,0.5753633975982666,391.4076910018921,277.8242573738098,0.3959141969680786,431.3461217880249,324.7612187862396,0.663107693195343,400.411376953125,315.6715861558914,0.3938693106174469
552,20.689500030130148,93.99223734349731,87.94164575627735,16.209872454988734,,161.8966166578976,178.96293491337224,176.47522206267112,176.7147459740724,434.37653160095215,171.90101200342178,0.5361666083335876,441.8705472946167,169.9660301208496,0.4214191734790802,428.9480266571045,169.12917762994766,0.44350332021713257,450.2448501586914,171.47296291589737,0.5107437968254089,417.33163261413574,170.31752383708954,0.3615630567073822,465.247034072876,188.42094600200653,0.6675754189491272,398.6860828399658,186.26149761676788,0.6528555750846863,492.5811233520508,198.1910011768341,0.4304320216178894,359.48166275024414,189.60789614915848,0.4725562334060669,474.0632495880127,184.79695945978165,0.3452243506908417,353.3385057449341,180.35405552387238,0.27206605672836304,440.4185485839844,245.08736288547516,0.718579113483429,401.513858795166,243.65959239006042,0.7137062549591064,436.348180770874,286.9209842681885,0.5761905908584595,402.7742929458618,284.1410584449768,0.48596444725990295,434.89294719696045,327.92554545402527,0.6395652890205383,401.81737995147705,320.6387106180191,0.4569118916988373
553,20.808200002647936,92.08056303171685,88.12772541487591,12.378507161642105,38.20894552483348,167.01942725567866,176.89731596909306,171.0739309127207,176.26596887146982,440.441445350647,166.09395802021027,0.3923828899860382,449.78079891204834,164.02533900737762,0.5911195278167725,440.08050537109375,161.89569222927094,0.5753613114356995,456.0787239074707,165.52643114328384,0.46832093596458435,425.9057388305664,162.16853648424149,0.5885242819786072,471.40596103668213,181.3528509736061,0.6264292597770691,400.9326448440552,175.4206216931343,0.6199937462806702,494.9555130004883,190.83293879032135,0.6116176247596741,357.03474140167236,176.86228156089783,0.4858894944190979,474.3771324157715,176.79205119609833,0.3055994510650635,385.585063457489,152.82925128936768,0.3003590404987335,443.6349630355835,243.70332610607147,0.7649296522140503,400.94277906417847,242.0730984210968,0.7043353915214539,435.0952777862549,287.523113489151,0.50785893201828,398.7022318840027,283.52437031269073,0.48369163274765015,433.57398223876953,328.97902941703796,0.7209580540657043,399.11002683639526,320.0272078514099,0.4881405532360077
554,20.263599988538772,108.75026019904178,93.71150291855642,,46.513068785956094,165.35695392708578,171.81490864111973,178.97534643465164,169.53317974113713,442.33298110961914,168.23639726638794,0.38139256834983826,447.59054374694824,165.90462094545364,0.549785852432251,437.2016792297363,164.2217276096344,0.5905186533927917,457.8182210922241,166.9643159508705,0.4836375415325165,425.4225311279297,164.77136212587357,0.6052181124687195,469.4208164215088,184.82933950424194,0.6294795274734497,400.2213034629822,177.10969758033752,0.46719759702682495,496.6192436218262,187.11025935411453,0.6136370897293091,356.33272552490234,173.73624682426453,0.4949799180030823,463.7337245941162,169.69713187217712,0.2674115002155304,384.00409984588623,148.71768367290497,0.4816470444202423,442.656720161438,246.25352883338928,0.7221006751060486,399.425350189209,243.79612135887146,0.6875188946723938,434.9433403015137,295.5048158168793,0.43772411346435547,392.0991430282593,290.74687242507935,0.361305296421051,429.35870265960693,327.4191460609436,0.6205525994300842,392.99287509918213,322.78519558906555,0.48364219069480896
555,24.1694999858737,109.57973041705355,109.10644692353445,43.16454321761118,59.87509353683468,170.7845513709136,161.35219273081896,176.4237700900724,163.91224062820373,430.6976327896118,169.01414513587952,0.47454679012298584,438.77827072143555,166.63209640979767,0.5764263868331909,425.615460395813,166.2173953652382,0.5779595971107483,447.51371574401855,167.92105865478516,0.36424899101257324,419.7295255661011,167.2710645198822,0.6178273558616638,460.45316886901855,183.89833843708038,0.5731031894683838,396.54288482666016,179.9513349533081,0.5972345471382141,494.89718437194824,181.97901237010956,0.6118314266204834,358.6569495201111,170.08084893226624,0.456726610660553,453.37579345703125,147.16911125183105,0.4604129195213318,386.5009593963623,141.97086763381958,0.6242413520812988,442.0994644165039,246.29774689674377,0.7194031476974487,401.6013011932373,244.1715760231018,0.7081489562988281,436.0166072845459,294.6188590526581,0.4966680109500885,390.0716166496277,289.9240802526474,0.37415602803230286,429.5654811859131,328.59431517124176,0.6163130402565002,391.1447067260742,321.54492449760437,0.4922698736190796
556,21.716299990657717,110.06132255490884,110.05738657214043,46.820990485001396,63.401014172319336,169.10699657510037,165.96198840524534,174.5873048208413,177.51526404576285,426.28522872924805,168.85384041070938,0.45342496037483215,436.83816146850586,166.17458760738373,0.6562519073486328,422.85111808776855,165.56728726625443,0.548355758190155,442.98308753967285,167.3509390950203,0.5199790000915527,414.0575466156006,165.96714448928833,0.6310924887657166,459.3433074951172,184.47153502702713,0.5447467565536499,391.8321657180786,181.20767498016357,0.5956732034683228,495.12281608581543,182.41683387756348,0.5835132002830505,355.76455211639404,172.81584441661835,0.5540758371353149,455.01465606689453,144.30996614694595,0.43776488304138184,381.95049238204956,141.27128487825394,0.4780181646347046,440.72414207458496,246.24005258083344,0.7203328609466553,399.60988903045654,244.92496407032013,0.7432017922401428,435.76135635375977,294.4150912761688,0.5260886549949646,394.3173747062683,287.5457923412323,0.4939415156841278,428.8150939941406,329.195703625679,0.658197283744812,391.63617849349976,320.91487407684326,0.3651770055294037
557,21.258799999486655,114.21040346980392,118.79222357144461,51.30108163684675,75.9848536250773,168.21130729950391,155.929816546534,170.1564902059083,162.07137336058864,421.36244916915894,169.3836024403572,0.39627155661582947,431.2885513305664,165.54141741991043,0.6322410702705383,422.0118479728699,164.51541304588318,0.5226069092750549,438.9675102233887,168.0111899971962,0.4882955551147461,410.11007833480835,166.09823167324066,0.5605036616325378,457.42235469818115,184.00205999612808,0.49963557720184326,389.4453420639038,180.20591646432877,0.5508639812469482,494.29034423828125,178.30426907539368,0.6035286784172058,362.59205961227417,170.14928436279297,0.45566385984420776,453.0019645690918,140.4495326280594,0.40978601574897766,385.9241933822632,136.259415268898,0.6025550365447998,439.98447036743164,247.20179545879364,0.7136346697807312,398.9410810470581,245.60723853111267,0.747130274772644,437.1407222747803,291.94828176498413,0.5052588582038879,387.9474992752075,284.43437349796295,0.4866828918457031,429.5654306411743,323.5504643917084,0.5504089593887329,389.1981782913208,318.2266323566437,0.3570733964443207
558,20.6076999893412,117.19752035596183,121.61922021223779,59.7640892104034,79.21474284884883,165.92567186813477,164.28309473556692,174.08386775275858,177.04475344592868,420.8187141418457,169.14668536186218,0.38643449544906616,430.4199905395508,164.92488598823547,0.6876814365386963,419.9474744796753,164.39072209596634,0.599936306476593,442.06519508361816,166.7231537103653,0.5862313508987427,406.6752347946167,165.65417063236237,0.5602119565010071,460.30820655822754,184.219560444355,0.6422841548919678,387.4244875907898,179.40866649150848,0.5209962129592896,490.9268445968628,179.42425107955933,0.4464998245239258,365.51273679733276,170.68152511119843,0.35773468017578125,457.3144416809082,138.11862528324127,0.40082454681396484,386.12114095687866,138.33524250984192,0.39828723669052124,439.75140857696533,246.39031422138214,0.6960455775260925,398.860942363739,244.91955077648163,0.7488166689872742,436.35192108154297,292.4385552406311,0.5315283536911011,394.69706678390503,285.81006240844727,0.5224227905273438,430.0140657424927,327.8818117380142,0.5717052221298218,388.93165588378906,323.1833860874176,0.546803891658783
559,19.544099981430918,121.02671378469084,132.7712070402828,63.526786418487646,81.11856735613203,170.12696469951527,156.37262682594582,173.82528370032952,163.80674532366214,424.4991798400879,167.2461063861847,0.4813366234302521,426.06156826019287,163.10099059343338,0.6976823806762695,417.8980875015259,162.8861113190651,0.5939204096794128,437.7020721435547,165.73058354854584,0.6600328087806702,405.56188583374023,164.6970575451851,0.5643221139907837,456.907000541687,182.06996995210648,0.6475552916526794,385.9848976135254,178.78565335273743,0.48075032234191895,489.2955131530762,172.3485916852951,0.5098699331283569,363.1044569015503,164.62245380878448,0.3305412530899048,454.6028175354004,135.37914246320724,0.5449098944664001,392.272132396698,130.63916265964508,0.43621161580085754,440.2115173339844,247.47528076171875,0.6770159006118774,399.1083335876465,246.21614861488342,0.7382039427757263,436.53014183044434,294.8155895471573,0.4860105812549591,389.2385129928589,290.3203903436661,0.4247196614742279,430.0302400588989,329.4761692285538,0.5601494908332825,391.3218660354614,323.6272192001343,0.5342807769775391
560,20.839600008912385,120.11787239933511,139.95004140071197,62.73607298629898,89.43531167819022,171.58426554131958,160.5286532522335,171.84063481322877,166.97022750466405,421.0769724845886,169.33352947235107,0.41425493359565735,424.0915870666504,164.63424909114838,0.7020094990730286,411.02941131591797,165.1402638554573,0.6311963200569153,436.52165031433105,166.73133063316345,0.651287317276001,403.49255895614624,165.97586274147034,0.5993358492851257,455.62361907958984,182.7293661236763,0.6522219777107239,386.9309940338135,178.8038163781166,0.5971688628196716,490.3121700286865,172.15533709526062,0.5930947661399841,363.9743571281433,158.7335878610611,0.46145734190940857,454.8078269958496,135.66657412052155,0.558554470539093,391.11084175109863,128.30495035648346,0.45907092094421387,440.6341724395752,246.812237739563,0.5768790245056152,397.5702066421509,247.6249725818634,0.7252750992774963,436.61601734161377,295.1746618747711,0.4845065474510193,390.1020698547363,287.2117066383362,0.4919898808002472,428.81474018096924,329.21271276474,0.5691158175468445,391.5809836387634,323.3054416179657,0.46600019931793213
561,22.101399954408407,116.2257332812396,144.58640646229796,,102.93870231428922,172.79354602701474,169.25955047976748,171.30855255336104,177.11471952037897,420.4709663391113,169.37625175714493,0.4454714059829712,423.9573402404785,164.74294233322144,0.721186637878418,410.02346992492676,165.28796130418777,0.6214392185211182,437.6131134033203,166.1029611825943,0.6453078389167786,400.6970558166504,166.09572446346283,0.6144740581512451,454.3246192932129,184.01495218276978,0.6568476557731628,386.8730192184448,179.05049163103104,0.607785701751709,485.94884490966797,176.15893799066544,0.5384061932563782,371.3057703971863,163.2071338891983,0.34659430384635925,463.5531282424927,145.70951628684998,0.2820909917354584,391.8032793998718,131.11281162500381,0.4465101659297943,440.662073135376,246.80944561958313,0.6630275249481201,397.6270442008972,246.3196280002594,0.748327910900116,436.542929649353,293.25282859802246,0.5161648988723755,396.477126121521,286.05417346954346,0.4989037811756134,427.5032558441162,330.16744685173035,0.5895573496818542,393.58687686920166,322.42957067489624,0.5289754867553711
562,20.888100028969347,119.36291530872907,160.9755189526999,68.65622799133784,114.23554596336108,169.55734813695952,169.77932604956928,173.81357068769998,178.13022483059,418.9272794723511,167.9452760219574,0.4311967194080353,422.4419836997986,163.97838580608368,0.6744380593299866,408.9693593978882,164.40889936685562,0.5964142680168152,435.2402400970459,165.39994525909424,0.6887443661689758,399.5777931213379,165.35433113574982,0.6462201476097107,454.22565269470215,182.11317658424377,0.6856212615966797,384.3022127151489,178.14476209878922,0.61363685131073,486.6055221557617,173.1069656610489,0.4821980595588684,372.7138457298279,157.21627008914948,0.46786120533943176,458.1875514984131,135.2402629852295,0.6370992064476013,393.9073557853699,128.87663692235947,0.31960412859916687,438.2173252105713,247.19219398498535,0.6352328658103943,396.332820892334,246.7281037569046,0.7606946229934692,435.5018091201782,293.21476459503174,0.5235900282859802,396.14742279052734,285.8806631565094,0.4945458769798279,429.43982696533203,329.19590306282043,0.50972980260849,394.76803159713745,322.7762209177017,0.5563369989395142
563,20.45519999228418,118.3586632840573,171.2509296609249,70.65450154023796,125.8194011230615,173.13014841824142,166.6918536821909,174.4565051454415,176.1901411827506,416.14552450180054,169.48584246635437,0.4686885476112366,419.6660666465759,165.43780982494354,0.6141952276229858,408.539981842041,165.74354696273804,0.5463922023773193,430.3295154571533,167.88652753829956,0.5975727438926697,400.5682678222656,166.88654971122742,0.6365984678268433,452.3344202041626,182.99705350399017,0.6512506604194641,381.0551176071167,178.81314718723297,0.6257043480873108,484.67188262939453,173.99252355098724,0.52455735206604,373.3755521774292,158.00678193569183,0.432648241519928,457.7727813720703,135.44163751602173,0.6188070774078369,393.6220054626465,127.90146052837372,0.36954519152641296,437.9427156448364,246.3498854637146,0.488192081451416,395.0118341445923,247.35211408138275,0.7397028207778931,432.91351413726807,294.77934896945953,0.5092504024505615,393.7679533958435,286.9711854457855,0.4993082284927368,425.7530937194824,330.06163120269775,0.5798672437667847,395.0380415916443,323.13201677799225,0.47295013070106506
564,20.275100017897785,115.98373608772506,157.94928865998196,70.00294157446831,119.3758547889122,171.17898306871774,172.35283575493284,175.15858130843185,177.61808711560363,413.46258449554443,167.22006559371948,0.6237916350364685,417.42137479782104,163.8953772187233,0.5151301622390747,406.79922103881836,164.2140635251999,0.49097225069999695,427.31639194488525,167.23251616954803,0.6204089522361755,396.7007865905762,166.42046511173248,0.6325445175170898,449.04289627075195,181.3074362874031,0.6672859191894531,381.30799293518066,179.06378269195557,0.6240647435188293,482.58398056030273,172.9635133743286,0.5488781332969666,370.5043330192566,162.08807784318924,0.3178783655166626,456.2702884674072,133.90306544303894,0.6050606369972229,388.2746500968933,128.8779902458191,0.4638938307762146,435.1834783554077,246.43268036842346,0.5615742206573486,393.71215200424194,246.4980102777481,0.7571401000022888,432.58411407470703,293.0282623767853,0.5082494616508484,395.6237540245056,285.9281007051468,0.4727579951286316,427.6069231033325,328.2892333269119,0.5012655258178711,395.8701090812683,321.78373622894287,0.3938889503479004
565,21.481300005689263,115.30556532268598,173.75819142260295,77.45058752421247,139.3595287727892,172.87484075735978,177.39145703384835,178.7184921308075,173.4111377141859,412.3078393936157,166.3645942211151,0.5879807472229004,419.9232382774353,163.0493791103363,0.6052834987640381,405.43064641952515,163.07881033420563,0.49427536129951477,427.9370307922363,165.56200218200684,0.6562330722808838,395.349093914032,165.10831117630005,0.6581351161003113,446.5622615814209,180.12658321857452,0.6591905951499939,379.6732244491577,178.60209995508194,0.5875260829925537,479.0102653503418,167.53554666042328,0.5756113529205322,372.5421199798584,154.11670351028442,0.44893786311149597,455.752103805542,132.73714166879654,0.6240566372871399,387.0717611312866,122.09051752090454,0.5441015362739563,441.6875247955322,248.1750771999359,0.7309908270835876,391.71611499786377,246.92990565299988,0.7452908754348755,431.77539825439453,298.13148844242096,0.49232015013694763,397.71971797943115,293.23562002182007,0.44220808148384094,426.0356388092041,330.8800927400589,0.5367963314056396,398.1683783531189,325.43044435977936,0.5873984694480896
566,19.898600003216416,105.17129502234219,167.7095803936514,67.2100125888026,128.75700446501656,170.22436264098113,172.76014992845793,174.44839951309808,176.12081869816464,413.20725774765015,165.45281034708023,0.6363640427589417,417.5293130874634,161.88100510835648,0.48341044783592224,406.54556226730347,162.217256128788,0.511754035949707,428.01481914520264,164.44793206453323,0.6843202710151672,396.17244243621826,163.85288286209106,0.688734233379364,445.37223625183105,179.29943192005157,0.6465691924095154,379.81151485443115,177.50775986909866,0.5726581811904907,482.2353734970093,171.4096558690071,0.473030149936676,370.36192321777344,153.9490908384323,0.4772826135158539,457.30721378326416,135.636971950531,0.619901180267334,386.1930408477783,125.83828330039978,0.5773816704750061,441.65113258361816,248.21684503555298,0.7340317368507385,391.4788074493408,246.74066829681396,0.7581345438957214,430.3912811279297,297.51337575912476,0.4843395948410034,393.361346244812,293.08948957920074,0.48023077845573425,426.252121925354,329.75917053222656,0.522343099117279,396.8739023208618,325.3964830636978,0.5442655682563782
567,20.32790001248941,101.94927479099226,175.3911095108162,65.50603256329332,142.27816785917872,171.44060533767995,171.85706593597476,174.0463859479838,172.4616782824783,411.5229301452637,164.99946123361588,0.6284889578819275,419.15392208099365,161.77355122566223,0.5652036666870117,404.75610160827637,161.89599138498306,0.46208882331848145,426.60618782043457,164.15116959810257,0.6149587631225586,393.6462163925171,163.70649600028992,0.6866109371185303,444.00444507598877,179.16603696346283,0.6174758672714233,377.1216502189636,177.55226284265518,0.5637797117233276,482.223596572876,173.31204402446747,0.5108174681663513,371.0917639732361,154.71232253313065,0.4223261773586273,457.87553882598877,136.10747265815735,0.5873501300811768,384.67909955978394,122.5979283452034,0.544246256351471,440.0976400375366,248.15826749801636,0.7557139992713928,389.6118869781494,247.1085443496704,0.7404798269271851,430.09640312194824,296.02979135513306,0.49951663613319397,391.2118806838989,292.0893408060074,0.523908793926239,426.53972148895264,330.7625102996826,0.5420264005661011,396.85894107818604,325.5637823343277,0.5604066252708435
568,20.50669997697696,98.2270167863965,174.435932485338,71.77260667680991,145.6687279943101,167.07750411861227,166.94340749218551,168.84710743992778,161.7691515537762,406.7046012878418,164.1978948712349,0.53599613904953,413.7097988128662,161.30909061431885,0.6994699835777283,402.89484214782715,161.09602051973343,0.535191535949707,421.501371383667,163.93077731132507,0.5539256930351257,390.8840980529785,164.10519933700562,0.5886661410331726,440.9863681793213,179.76145654916763,0.5803965926170349,373.53734588623047,178.00679433345795,0.5873976945877075,476.6172752380371,175.5900720357895,0.5118508338928223,366.51471042633057,155.62882167100906,0.47340846061706543,457.5913257598877,134.61103880405426,0.528461217880249,376.9676151275635,121.24242532253265,0.6210975646972656,439.1511392593384,247.59836196899414,0.7771653532981873,387.98030281066895,246.7887041568756,0.7297750115394592,426.6158924102783,296.16586446762085,0.4820392429828644,387.02323818206787,292.56220626831055,0.5995022654533386,424.5260696411133,332.19899904727936,0.5356624722480774,397.5228967666626,326.8343393802643,0.4842773973941803
569,20.740100007969886,94.37384538455265,162.00547457764083,65.02712059735626,120.47792337863083,170.30010366771924,169.04790526980838,173.60410858818432,173.43016032939377,404.5475540161133,163.71896082162857,0.46357837319374084,411.3740758895874,160.9369693994522,0.6821594834327698,401.76926136016846,160.88849192857742,0.5189736485481262,422.77631187438965,163.616663813591,0.5938156843185425,389.3101854324341,164.14689594507217,0.5490325093269348,438.49441146850586,179.3719843029976,0.5223180651664734,371.39177227020264,177.13730537891388,0.5617225766181946,475.3380889892578,177.10381418466568,0.5437695384025574,360.7648673057556,159.68003106117249,0.4290913939476013,454.2328300476074,138.2257657647133,0.43347176909446716,378.90590476989746,125.8352490067482,0.6648092865943909,437.47997856140137,247.66235280036926,0.7598891854286194,387.933473110199,246.918110370636,0.7344342470169067,428.3695421218872,296.5751094818115,0.4904167652130127,389.8258934020996,292.37633085250854,0.5311371684074402,425.6948661804199,333.392658829689,0.5451664924621582,395.28194522857666,327.00565588474274,0.5020145773887634
570,26.61109995096922,96.72279842093023,137.54412008273945,65.57729773157656,84.28537042975725,179.26650798879385,172.9331481490366,178.77549524361137,175.15408053426134,404.16371726989746,164.19601446390152,0.4909895360469818,411.69149684906006,161.1951265335083,0.707503080368042,402.6624879837036,160.55068814754486,0.585054337978363,423.4998850822449,163.4480112195015,0.5893142223358154,389.49219703674316,163.2848146557808,0.5744834542274475,437.74169921875,178.40967160463333,0.46200135350227356,369.9910259246826,176.578995347023,0.5266082286834717,478.45558738708496,176.14533352851868,0.6451040506362915,354.21631622314453,165.1133255958557,0.46309205889701843,458.3988285064697,137.79003834724426,0.41229501366615295,382.04905462265015,133.9027805328369,0.569225013256073,433.40971183776855,248.44417488574982,0.760855495929718,384.4483880996704,247.43020796775818,0.6930299997329712,430.0787630081177,293.0251853466034,0.4821316599845886,387.65196418762207,288.44516837596893,0.5232261419296265,428.02558517456055,331.57758140563965,0.5978548526763916,393.61146688461304,324.78962433338165,0.5089304447174072
571,31.536300026345998,91.93706737611295,118.76059554159633,59.77161815337574,74.28123702181323,179.60626594413142,165.33451911401158,178.38502145624682,165.00330927649682,409.1790442466736,164.37065017223358,0.4659382402896881,410.31379890441895,161.19874489307404,0.7449917793273926,401.25355339050293,160.68328535556793,0.564069926738739,422.0887517929077,163.32904696464539,0.63506680727005,388.37945461273193,163.80215460062027,0.5414349436759949,437.26566886901855,178.3833459019661,0.4673691987991333,368.4089250564575,177.5611520409584,0.5491316914558411,481.08345890045166,179.4552920460701,0.6050688028335571,354.89811420440674,173.7252777814865,0.4512723982334137,459.62423515319824,140.46463286876678,0.46388399600982666,376.7703642845154,138.1287680864334,0.5466499924659729,433.1614360809326,248.74193453788757,0.7511233687400818,384.4836935997009,247.68685507774353,0.6752955913543701,430.96016216278076,291.53464913368225,0.47850242257118225,383.2825484275818,286.8944306373596,0.5084335207939148,430.098424911499,328.6583914756775,0.536316990852356,392.0627760887146,324.20621371269226,0.5078011155128479
572,28.895299998112023,94.0671374312238,107.82471272363449,56.00688586333707,45.44001162339337,177.74286909144146,156.2981038874151,173.76380565533344,147.65138699057852,407.54192543029785,165.1315313577652,0.45879727602005005,409.343213558197,161.40217077732086,0.701591968536377,399.91740322113037,161.0525859594345,0.5989292860031128,420.64216136932373,162.7739136815071,0.6410567760467529,387.1464157104492,163.47849661111832,0.5038814544677734,439.0270519256592,180.7629016637802,0.596432089805603,366.8704442977905,178.79477047920227,0.5741545557975769,482.9523506164551,182.85411405563354,0.617883026599884,345.9495725631714,177.77472072839737,0.476100891828537,461.6939916610718,147.84541684389114,0.457781046628952,380.4637441635132,145.9832152724266,0.6293519735336304,430.90542221069336,248.9454174041748,0.6918692588806152,385.5226912498474,248.24431037902832,0.6953779458999634,427.3957977294922,293.18690037727356,0.4118163287639618,379.1122031211853,290.291272521019,0.5098088383674622,428.4462184906006,328.56912910938263,0.5711291432380676,394.4153051376343,325.1857349872589,0.5064284801483154
573,31.395900005009025,92.25285945356666,91.46232832177373,43.989986759046815,25.974215749404294,176.34730649544818,165.94022726298095,167.84680503394878,152.5979078409349,402.87644386291504,164.76559269428253,0.5303344130516052,406.51654958724976,161.0977299809456,0.6010144948959351,394.30433416366577,161.79286813735962,0.5628937482833862,418.1973376274109,163.09705883264542,0.7035183906555176,384.1062002182007,164.62886428833008,0.6356528997421265,435.63079929351807,182.7488967180252,0.6546262502670288,372.2383966445923,181.81645685434341,0.662074863910675,482.3017387390137,186.9987312555313,0.6133748888969421,338.4952344894409,186.78962141275406,0.4769327938556671,463.93519592285156,165.72616744041443,0.3722223937511444,375.02326011657715,161.8174131512642,0.33414626121520996,427.16824531555176,247.41348373889923,0.749191164970398,383.5915536880493,247.2284345626831,0.7683692574501038,424.3468379974365,289.85658502578735,0.39196115732192993,380.4277057647705,290.1744878292084,0.5440099835395813,429.6030864715576,325.6678315401077,0.5393289923667908,395.0147657394409,324.2271831035614,0.5009756088256836
574,29.658600047696382,90.82753562183846,89.70795227184279,30.250275508761103,20.706847878644908,170.21700404784005,164.59010596409252,169.9752785024608,152.22891718438254,400.90911626815796,166.96239280700684,0.4619942903518677,406.4193015098572,163.63202047348022,0.6996063590049744,392.8517036437988,164.91917353868484,0.6148244142532349,419.27634143829346,164.25543248653412,0.6759759783744812,382.3022584915161,166.61495906114578,0.7272465229034424,437.6723518371582,184.6085910797119,0.6507748365402222,370.19815826416016,184.37579095363617,0.6840671300888062,481.55696201324463,192.588156580925,0.6041910648345947,337.06423711776733,191.4028731584549,0.48058271408081055,469.00301361083984,181.84490513801575,0.3848021328449249,357.37796545028687,178.37130844593048,0.31374025344848633,425.51250076293945,246.39906096458435,0.7274682521820068,382.9123840332031,245.86833024024963,0.7743332982063293,424.4951362609863,289.56694531440735,0.3889738917350769,379.9959526062012,290.6277799606323,0.5593730211257935,430.0627908706665,326.059725522995,0.545185387134552,395.59567642211914,325.59455263614655,0.5210908055305481
575,28.807800030335784,85.35314794774692,83.67351554398053,11.466914670975294,,167.3644901962111,161.69618426219026,174.2456606642959,161.66206611562404,402.3280334472656,168.96888715028763,0.3219728171825409,408.7122130393982,165.62052273750305,0.7476626038551331,396.68041706085205,166.7317010164261,0.696464478969574,418.2906684875488,167.23029386997223,0.6031784415245056,386.3547840118408,170.68277871608734,0.3777119517326355,438.2773218154907,187.391807615757,0.6209331750869751,367.6038737297058,184.6429512500763,0.6039032340049744,477.0335111618042,198.75424015522003,0.567817211151123,342.2674388885498,195.15287548303604,0.4231415092945099,460.2547302246094,189.9052284359932,0.45820215344429016,358.19517278671265,183.49850970506668,0.2890985608100891,426.1463317871094,246.00577092170715,0.7214003205299377,385.22488164901733,245.2833811044693,0.7514235973358154,426.7994203567505,285.70740926265717,0.4528571665287018,383.6246099472046,288.9062385559082,0.5549259185791016,431.35850524902344,324.5359687805176,0.5997854471206665,394.0214858055115,324.6063985824585,0.5112965106964111
576,27.229800005443394,77.91272274659507,38.377877848435126,4.646352847464126,,167.62441716170727,153.2708133341043,167.61944988005447,143.74080294372624,402.30473232269287,169.43680942058563,0.3668384552001953,410.20654296875,165.8434934616089,0.7341170907020569,396.6403350830078,166.49693500995636,0.6757683753967285,420.1421980857849,168.0501657128334,0.5768510699272156,386.72436714172363,169.42377477884293,0.5750718116760254,438.2596311569214,189.16655600070953,0.5567591190338135,365.6055369377136,186.67259454727173,0.5665295124053955,472.52406120300293,205.84631037712097,0.5570193529129028,358.28926181793213,204.39836823940277,0.4605472981929779,456.533727645874,196.3885452747345,0.42897406220436096,366.14613819122314,193.75776994228363,0.2190738469362259,424.3902053833008,245.33930897712708,0.7010473608970642,382.3307909965515,245.1947455406189,0.746245265007019,423.5356454849243,278.1107060909271,0.44310957193374634,374.9242935180664,284.09624207019806,0.5607799887657166,432.076847076416,322.51954531669617,0.5863141417503357,392.11210775375366,320.1642781496048,0.38406476378440857
577,23.94999994430691,67.32551764813668,34.476929724391276,0.9803944228415808,,161.28973645389325,156.64137914946258,176.32890976386113,148.50997233863598,400.4420576095581,170.40479183197021,0.39498797059059143,408.53942584991455,166.49928551912308,0.6764236688613892,395.28116178512573,166.7783123254776,0.6635107398033142,419.8286437988281,168.58113861083984,0.5720978379249573,387.5987911224365,169.02178072929382,0.572030782699585,435.2058696746826,189.70510751008987,0.552451491355896,363.87326765060425,187.94591522216797,0.432786226272583,467.1641960144043,212.23996597528458,0.5986995697021484,356.5600504875183,210.06228333711624,0.43123242259025574,454.1339645385742,202.713993370533,0.3914986550807953,361.2114806175232,206.6322351694107,0.2292594611644745,423.0071496963501,244.66447067260742,0.6749563813209534,380.4738025665283,245.16198086738586,0.7383033633232117,426.19000244140625,273.9829840660095,0.5804530382156372,375.823787689209,282.0784795284271,0.5474081039428711,428.2381763458252,320.4335467815399,0.5313567519187927,391.4927325248718,316.7638463973999,0.3300597369670868
578,25.671000010333955,67.80728552022235,21.399478771995394,69.10702815717161,,168.5291043423736,170.1039340447316,179.56779995447874,170.50134584542442,402.2673797607422,171.49554204940796,0.4284963607788086,409.431161403656,167.9139216542244,0.6190040707588196,394.97276306152344,168.63594108819962,0.5659729242324829,419.37454986572266,169.7315347790718,0.482394278049469,385.03723430633545,171.7746970653534,0.5102618932723999,430.01361083984375,189.11591321229935,0.5358638763427734,367.66152000427246,188.73691141605377,0.6633291840553284,456.1460494995117,202.9941170811653,0.5009986758232117,365.39696407318115,203.8346734046936,0.4169917404651642,451.5789279937744,206.9832587838173,0.3198770582675934,436.63128185272217,206.18555295467377,0.2234536111354828,424.42806339263916,244.30770611763,0.7112521529197693,380.31463718414307,244.12049162387848,0.7185306549072266,427.3722438812256,273.845828294754,0.614708423614502,382.09151220321655,278.3331924676895,0.5185604095458984,431.7157554626465,321.0265018939972,0.5967878103256226,390.9826350212097,318.5323979854584,0.441253125667572
579,24.518400023225695,59.23205567153141,36.63241964759332,117.34041657391447,,157.27780857347352,161.4529850379759,170.40755466694264,160.34133918872863,403.8298692703247,172.3538482785225,0.5622101426124573,407.81312322616577,168.40315520763397,0.6032674908638,393.5018606185913,168.95377266407013,0.5296516418457031,418.72692012786865,170.391685962677,0.5326918959617615,383.63512325286865,172.06054747104645,0.5358792543411255,432.86559772491455,188.67185217142105,0.5499634742736816,368.22142934799194,189.1089186668396,0.5880560874938965,450.8621025085449,204.3609452843666,0.575594961643219,361.14387702941895,204.92408454418182,0.4895574748516083,446.54810905456543,222.00274169445038,0.5338911414146423,368.39012241363525,230.7111359834671,0.23729486763477325,423.31395626068115,241.16081595420837,0.7108567357063293,379.665491104126,240.63142430782318,0.7073723077774048,429.9347105026245,271.2519773244858,0.5948989391326904,376.23410987854004,273.1482826471329,0.5323060154914856,432.21650218963623,317.6370961666107,0.5785424113273621,385.3556156158447,310.75226962566376,0.3035072386264801
580,23.58109998749569,55.7457215494728,32.05460188144145,112.31423284015636,138.84677047150063,156.48305922449464,161.78427751945057,163.2668517784505,159.1757498165506,402.8667392730713,172.3800172805786,0.5536060333251953,406.39857816696167,167.88558733463287,0.6205791234970093,392.6743927001953,168.74638652801514,0.5353773832321167,419.28202772140503,169.50543004274368,0.49215713143348694,384.9266676902771,171.75124895572662,0.49970242381095886,432.93115425109863,188.61566787958145,0.5246820449829102,369.8195276260376,189.02860248088837,0.5870452523231506,448.456223487854,203.5461163520813,0.4608936905860901,364.29663038253784,204.35041785240173,0.4814120829105377,439.09943199157715,227.21819388866425,0.4479253590106964,374.7867612838745,231.21320474147797,0.34512802958488464,423.71806144714355,242.9298803806305,0.7431546449661255,381.3836078643799,242.36849331855774,0.7093390822410583,430.77254009246826,271.4576255083084,0.5342509150505066,378.1523838043213,273.19791400432587,0.5182156562805176,428.58941173553467,315.4122893810272,0.5684424638748169,386.9057722091675,306.2325681447983,0.30000442266464233
581,24.162800051271915,59.493706377626125,34.79315777544098,120.54141502579444,131.56319437985007,136.53982890481413,157.5213809860745,147.0008716109536,160.23351520388852,399.24306058883667,172.12090569734573,0.5915820002555847,404.7661852836609,167.41668212413788,0.6158413887023926,389.8843231201172,168.20413118600845,0.5255001187324524,418.0622820854187,170.04680216312408,0.5376641154289246,380.5526270866394,171.91609799861908,0.51821368932724,430.89647579193115,189.49061286449432,0.5651923418045044,370.2607831954956,189.89616829156876,0.429625928401947,447.41934871673584,205.70703202486038,0.482032835483551,362.63259649276733,207.3303506374359,0.4999496340751648,441.3057098388672,230.36995601654053,0.5252929925918579,372.76800441741943,229.2599458694458,0.3650595247745514,418.1723937988281,240.68621253967285,0.6198738813400269,380.14149618148804,239.97279739379883,0.6274365186691284,433.20520782470703,267.25363302230835,0.5542581081390381,374.9762029647827,265.78304052352905,0.4015151858329773,430.428279876709,312.7033061981201,0.5143746137619019,380.0653758049011,300.0414979457855,0.32428067922592163
582,24.167400028090924,60.013414849451486,38.622037081630104,120.32469295217693,112.16438702513285,141.70486672244405,149.17561980437165,149.46823589629923,136.6504332784622,398.72929859161377,172.8855049610138,0.6123678088188171,403.89004278182983,167.7423059940338,0.5790119171142578,389.1263542175293,168.6777659058571,0.4804200828075409,417.6553211212158,170.0384542942047,0.5486593842506409,379.8438129425049,172.1195238828659,0.526741087436676,430.5267915725708,189.2569010257721,0.5556313395500183,368.7903356552124,190.46010529994965,0.500248372554779,446.4549045562744,204.20042687654495,0.4836856722831726,360.8032054901123,205.454316675663,0.497667521238327,440.22314262390137,231.52234655618668,0.4378476142883301,381.3778963088989,230.1556323170662,0.37908023595809937,418.38617277145386,241.07277870178223,0.6690609455108643,378.09188175201416,240.26505827903748,0.6545938849449158,432.7266502380371,271.6746985912323,0.5067198276519775,367.4172372817993,269.2066069841385,0.35606011748313904,428.7000036239624,314.08779883384705,0.47380173206329346,380.54592990875244,299.9806696176529,0.33983445167541504
583,23.161099990829825,65.40961097532751,40.502469441090476,112.62139459522047,119.54294273131146,136.6836116207304,152.8908476632063,143.47206857015178,151.1872685456165,399.07123374938965,172.53894019126892,0.6173037886619568,403.8630266189575,167.65073585510254,0.586665689945221,390.8967342376709,169.48538661003113,0.3803235590457916,416.7518844604492,169.98949247598648,0.5428062677383423,380.1871633529663,171.91548544168472,0.5195313692092896,428.941556930542,188.83356720209122,0.5555539727210999,367.19072103500366,189.97919112443924,0.5364559292793274,447.8568639755249,203.14521920681,0.4383796155452728,359.0872621536255,204.78056102991104,0.4837961792945862,441.0175542831421,229.60917454957962,0.5266028642654419,373.4377222061157,227.96411728858948,0.34004127979278564,417.3110861778259,241.20266926288605,0.6517906188964844,377.68363189697266,240.19440054893494,0.6441330313682556,433.6956434249878,268.693483710289,0.4596156179904938,370.3475432395935,266.99863839149475,0.44616732001304626,429.28849601745605,312.5920202732086,0.47571563720703125,377.95121574401855,298.655096411705,0.36132991313934326
584,24.276799988001585,56.962221230272895,30.386503965730693,117.32604011551986,132.16847894410267,144.92656533823856,155.7376397854397,148.72864684666555,159.74674468822073,399.07638931274414,173.46391540765762,0.6759338974952698,404.2151212692261,168.56192141771317,0.5288034081459045,390.9239273071289,170.37840914726257,0.4320278763771057,418.1541976928711,170.0047636628151,0.5527790784835815,380.93990087509155,172.20542430877686,0.5608051419258118,430.9337272644043,188.58011108636856,0.5590752959251404,365.0553321838379,189.93313539028168,0.5538751482963562,447.97154998779297,204.91139179468155,0.4502607583999634,359.6599340438843,207.7668188214302,0.47940197587013245,440.239013671875,231.08141952753067,0.4865706264972687,372.40165615081787,228.9735541343689,0.3369225561618805,420.5371799468994,243.34422528743744,0.7075012922286987,377.70106983184814,242.38917779922485,0.6932202577590942,432.93277168273926,270.76654732227325,0.4806887209415436,373.00586795806885,267.2176203727722,0.4260392189025879,427.58928298950195,314.6200395822525,0.46394503116607666,378.6156768798828,300.5804340839386,0.3606283366680145
585,27.336300001479685,59.63229645876961,43.31273047304172,112.26650560461691,,144.06535927526292,155.1137579729262,150.31430140710077,,400.21389865875244,172.41407829523087,0.6166849732398987,405.0976576805115,167.9570997953415,0.6126676797866821,392.49602031707764,169.35055285692215,0.3762357532978058,416.55789375305176,169.4396300315857,0.509337306022644,381.22338104248047,171.10068500041962,0.5092458128929138,429.4677782058716,188.02910900115967,0.5422279238700867,365.78115463256836,189.11692464351654,0.5714353919029236,447.7423801422119,204.4623590707779,0.45747673511505127,355.5954546928406,205.52600008249283,0.44959908723831177,438.4411373138428,230.44453126192093,0.45469748973846436,367.3530960083008,228.59231579303741,0.2931872606277466,418.2529368400574,242.6856553554535,0.6734744906425476,376.4154644012451,241.46396040916443,0.696956217288971,431.8700180053711,272.78921031951904,0.529258668422699,368.9958758354187,272.60122656822205,0.38421013951301575,427.80359268188477,316.2405518293381,0.47532880306243896,382.2057180404663,308.8129713535309,0.2866493761539459
586,24.161699984688312,58.78316296362334,42.724905570286104,102.66877240931571,,156.8578700286949,159.0858731750232,167.61725957322807,154.55566830388418,404.5314555168152,172.88000619411469,0.5707451105117798,408.6038703918457,169.55775380134583,0.49389708042144775,397.1034007072449,170.13753181695938,0.4674684405326843,418.73803997039795,170.2749724984169,0.5101642608642578,386.2952928543091,172.0729268193245,0.5357963442802429,432.69804191589355,188.04289865493774,0.5269656777381897,369.84050369262695,190.18010979890823,0.5351513028144836,451.6117820739746,205.50532984733582,0.525393009185791,359.8816485404968,205.92634165287018,0.4706915616989136,440.3531436920166,224.96936917304993,0.4521339237689972,364.9924545288086,228.9162871837616,0.2839588224887848,421.4784240722656,243.196812748909,0.7166426777839661,379.3890619277954,242.13865625858307,0.7297930121421814,427.94031620025635,274.5552546977997,0.5259407758712769,373.11466550827026,275.9892362356186,0.4409900903701782,427.39069271087646,317.1636323928833,0.5031827092170715,382.23533725738525,310.1630183458328,0.32930636405944824
587,24.507599999196827,65.53755529280961,35.290434695331555,136.25427546366316,,150.42098163783564,146.33257797454633,168.7560973999787,147.2484154059199,404.13235425949097,172.03390836715698,0.5946980118751526,408.06096935272217,169.10171228647232,0.4422745406627655,396.95742750167847,169.41777741909027,0.47270408272743225,418.23021697998047,170.40105950832367,0.4832879304885864,386.13905906677246,171.77717578411102,0.5227696299552917,432.9171028137207,187.75085145235062,0.49704882502555847,364.11565494537354,187.18378043174744,0.3643649220466614,454.3275508880615,204.60786271095276,0.5476807355880737,356.87299823760986,208.24387246370316,0.44487693905830383,456.21949100494385,218.00189018249512,0.4483494162559509,364.28619289398193,210.20308595895767,0.26594653725624084,419.84931659698486,241.1470263004303,0.6772543787956238,379.62768363952637,240.18915820121765,0.7072867155075073,427.61000633239746,268.52316439151764,0.5056743621826172,370.09135723114014,270.7030123472214,0.4333152174949646,431.45641040802,316.5047490596771,0.5963864326477051,378.55254650115967,301.4289536476135,0.3452698290348053
588,24.45230004377663,70.97501175572819,41.31956112756954,9.359821166147013,41.11212984667917,152.49692432325324,146.2810247433254,169.4536321924401,,403.3756742477417,172.6639587879181,0.5836899280548096,407.04603099823,168.67074286937714,0.6286598443984985,396.6681852340698,169.8134891986847,0.4759802520275116,418.70703077316284,170.21958595514297,0.48415783047676086,385.1165895462036,171.50190979242325,0.41349875926971436,436.7849884033203,191.09747791290283,0.57290118932724,362.08997344970703,188.63150888681412,0.43522903323173523,465.8198070526123,211.2083061337471,0.5882473587989807,354.26852893829346,206.91546440124512,0.4125935137271881,453.27975845336914,205.26768624782562,0.3776831328868866,368.144980430603,200.2288926243782,0.38347089290618896,421.9689607620239,243.86643719673157,0.6892731189727783,380.18741607666016,243.80672001838684,0.7409642338752747,427.99187183380127,272.64669823646545,0.6003574132919312,370.9974727630615,276.8114300966263,0.478885293006897,428.9889678955078,317.5004532337189,0.5677549839019775,383.3030695915222,309.94611620903015,0.26094868779182434
589,24.754300015047193,70.36796072888664,68.38396991427184,12.548527627418572,15.517498614058049,168.8108086309095,140.22320900137882,173.12263642091335,131.48027055666418,406.65243911743164,171.56904888153076,0.46778538823127747,407.76472663879395,166.8927465081215,0.6697117686271667,396.0561137199402,167.83055692911148,0.6405933499336243,418.10433530807495,167.9570428133011,0.5978963375091553,387.36866092681885,170.0641816854477,0.3772561550140381,432.6274309158325,189.06081157922745,0.4481896758079529,363.1466112136841,185.2773323059082,0.519439697265625,470.41988372802734,210.60057842731476,0.579614520072937,344.889497756958,200.35500812530518,0.5237764716148376,456.3393831253052,197.81996262073517,0.39469918608665466,370.61510181427,188.88284242153168,0.45197543501853943,422.93456745147705,243.758798122406,0.684791624546051,382.168719291687,244.04590213298798,0.744752049446106,423.56559324264526,275.46126914024353,0.5424813628196716,368.92908096313477,277.078533411026,0.4902450144290924,429.487642288208,317.5047838687897,0.556346595287323,388.67751693725586,316.3805282115936,0.3414938449859619
590,22.80620002420619,78.86263605052945,82.40947074886078,25.696237336902207,0.12704095751226127,163.34789728777125,136.28269190835147,176.13821450409802,,405.06338834762573,169.18950736522675,0.4033658802509308,406.1685743331909,165.45627200603485,0.6860764026641846,395.4293842315674,166.3138089776039,0.6765453219413757,416.1136054992676,166.45342922210693,0.6574981808662415,386.36570167541504,168.11109375953674,0.6178022623062134,438.1730480194092,187.79146540164948,0.6390475034713745,363.7534513473511,182.10398823022842,0.5909768342971802,476.37562084198,207.37643486261368,0.558546781539917,333.3720703125,196.4867823123932,0.3473489582538605,467.0648250579834,195.09270244836807,0.39103129506111145,357.7127990722656,184.89754700660706,0.35460135340690613,422.55649280548096,242.23464250564575,0.7020210027694702,382.80932331085205,241.66054844856262,0.7409441471099854,422.87070417404175,270.05786168575287,0.5539027452468872,369.162269115448,269.6726915836334,0.4765368103981018,426.5234966278076,316.3799583911896,0.5114481449127197,385.1005163192749,310.21729373931885,0.26907336711883545
591,27.742500009480864,80.8438534352934,90.14618924933525,55.29826409161074,,170.5087193192951,140.62516571850657,168.94215145485555,,400.3614892959595,167.00591284036636,0.4793165326118469,404.38586139678955,164.20249617099762,0.6475949883460999,393.20619916915894,165.07158625125885,0.6143754124641418,414.7522840499878,165.0290206670761,0.7269278168678284,383.650842666626,166.57706600427628,0.7431009411811829,434.0943908691406,186.35695677995682,0.6565408706665039,362.3933176994324,180.4938039779663,0.5435102581977844,476.69915771484375,202.01090621948242,0.5840449929237366,334.80458402633667,189.88608247041702,0.44115233421325684,473.05634784698486,187.952810049057,0.45136559009552,352.818754196167,177.52276039123535,0.24082666635513306,423.10192108154297,242.81192755699158,0.7088080048561096,383.44836044311523,241.82716393470764,0.7377251982688904,422.2410936355591,275.103222489357,0.5098675489425659,370.5693588256836,276.40588891506195,0.4585605263710022,429.6418037414551,319.18250608444214,0.5794291496276855,386.9775457382202,312.8206607103348,0.28411588072776794
592,31.019499991089106,84.97703683504436,100.79012971461702,100.16390801038683,,166.71537048327778,148.88670113565612,179.83316872016917,145.94557641716725,402.1471338272095,166.2855316400528,0.4958342909812927,406.4802837371826,163.3422667980194,0.7056335210800171,394.22753143310547,163.9225149154663,0.5988378524780273,417.7890625,166.01358485221863,0.6661692261695862,384.82802963256836,167.6201934814453,0.6579462289810181,435.48548316955566,186.26248055696487,0.6710737347602844,365.6826682090759,181.25506979227066,0.6006248593330383,474.13451766967773,197.06455171108246,0.500562846660614,339.7219805717468,184.5434890985489,0.4883642792701721,479.3101978302002,186.3481815457344,0.4839741289615631,365.7960147857666,159.95108038187027,0.2802765667438507,424.77661991119385,243.5275934934616,0.7249693274497986,385.6725311279297,242.74360609054565,0.742378830909729,426.4621858596802,279.371319770813,0.45253878831863403,376.63654708862305,281.56113958358765,0.5526817440986633,428.37909507751465,322.8311516046524,0.6381161212921143,390.5838623046875,317.9893306493759,0.36737319827079773
593,27.021099987905473,84.68858060844309,101.83718089892078,84.70762198051479,49.71472845965384,172.38983978502097,166.41604111060786,178.83136121807823,161.48786366775371,402.8781371116638,164.85740500688553,0.526764452457428,406.1279363632202,161.72642707824707,0.6906142830848694,394.9938654899597,162.42525482177734,0.5377376675605774,417.0764322280884,163.63016855716705,0.7208144068717957,387.47301054000854,165.25673514604568,0.6376895308494568,434.8430595397949,183.60832834243774,0.703788161277771,367.9614019393921,179.10150480270386,0.5888269543647766,477.89054775238037,192.3495870232582,0.594588041305542,346.21141958236694,179.26860463619232,0.4932519793510437,480.5573387145996,167.74569642543793,0.41786694526672363,367.7535619735718,153.45425879955292,0.5042257905006409,428.33481788635254,243.84039640426636,0.7837796211242676,381.7414393424988,242.42265474796295,0.6019123792648315,429.28536224365234,281.5716242790222,0.46159079670906067,380.81518173217773,283.03307116031647,0.5824271440505981,431.2558994293213,324.7705923318863,0.6599196195602417,392.6216745376587,321.1606376171112,0.44608864188194275
594,21.040900028310716,87.20037264355561,110.26243171887472,75.07145473462538,58.19284224801867,170.17050479186028,163.3256998020638,175.82827709991363,162.21452957129463,406.9193911552429,164.37603497505188,0.4884304106235504,409.34379482269287,160.78945714235306,0.7025473117828369,398.621461391449,160.96991926431656,0.5350934267044067,419.30093145370483,162.04293382167816,0.6800820231437683,388.96289253234863,164.03878676891327,0.5834332704544067,438.30678939819336,183.26669251918793,0.7199292778968811,367.9157347679138,178.5596340894699,0.5732961297035217,475.7644844055176,189.22520476579666,0.5379380583763123,351.4770441055298,176.7000252008438,0.467798113822937,472.02103996276855,152.93905568122864,0.3942789137363434,379.24250745773315,141.49391371011734,0.5409833192825317,431.50149631500244,245.51720690727234,0.7960118055343628,383.9228491783142,243.68796944618225,0.6571473479270935,433.84803581237793,282.91192734241486,0.5492179989814758,381.86145782470703,284.8646733760834,0.5779224038124084,433.4021806716919,326.8720614910126,0.6304027438163757,392.53317070007324,324.91700768470764,0.4726950526237488
595,20.8858999540098,94.53430339704055,122.96049623994348,75.29568338457422,69.31280722335246,175.10772048082214,166.6920285050749,179.53745754836189,166.0199937304266,405.0897727012634,164.6689796447754,0.44508275389671326,410.762610912323,161.69785058498383,0.7306421995162964,400.826753616333,161.3797483444214,0.5744463801383972,419.45304584503174,163.55270147323608,0.6859697103500366,388.0042357444763,164.312642455101,0.5174649953842163,439.67973613739014,183.9472860097885,0.6945024132728577,371.09679317474365,178.46908962726593,0.5985080599784851,483.0669355392456,185.1995803117752,0.6287782192230225,354.1707754135132,172.23274719715118,0.4629457890987396,473.9031238555908,145.66743505001068,0.45177581906318665,383.28628873825073,138.63672024011612,0.5829198956489563,432.98089027404785,245.73590397834778,0.7950982451438904,385.9659433364868,244.26491260528564,0.697035551071167,432.0038604736328,288.9458980560303,0.5315456390380859,385.5453100204468,286.276118516922,0.5420172810554504,431.41188049316406,329.67244386672974,0.6571077108383179,394.80798721313477,325.13764214515686,0.5223292708396912
596,20.4906000290066,99.3360984565307,144.7222347563752,66.86303072465245,85.28314932438413,175.8097381876481,164.13064108733778,175.22143759898435,161.27662542947172,403.36217880249023,165.01609998941422,0.42026540637016296,409.42244243621826,161.51358491182327,0.6827818751335144,398.665864944458,161.3538500070572,0.5138201713562012,419.68810415267944,163.1369889974594,0.6721383333206177,389.5201735496521,164.20192635059357,0.5778822898864746,442.94528007507324,183.6271751523018,0.6760432720184326,368.875301361084,177.54615151882172,0.5609306693077087,488.2668266296387,182.43039560317993,0.7062873244285583,354.2218255996704,164.9814406633377,0.45513439178466797,468.63519954681396,139.6490774154663,0.466785192489624,387.2620368003845,132.31792479753494,0.5863115787506104,434.3129463195801,246.45330786705017,0.8054100275039673,385.909863948822,245.3105330467224,0.7106306552886963,431.6118860244751,288.99193954467773,0.5358775854110718,384.6591091156006,286.0440306663513,0.5610995888710022,432.46199798583984,331.51284980773926,0.613460123538971,396.7689208984375,325.7411104440689,0.49850934743881226
597,21.69929997762665,92.75530016089245,155.4651933280697,65.48731146663688,95.78482355460442,172.5898269773811,164.3581925377046,168.09993839407466,165.02606937699545,404.4033751487732,166.924314558506,0.3423820734024048,412.28918838500977,162.33817201852798,0.7044780254364014,401.08695793151855,161.99925708770752,0.5831359624862671,419.36560344696045,163.58220392465591,0.5074141025543213,388.28185272216797,163.55646228790283,0.5381039381027222,439.08533000946045,180.58399230241776,0.5455808043479919,370.87702465057373,176.46805131435394,0.538719117641449,489.0829725265503,180.40645051002502,0.6392632126808167,358.565185546875,160.7760093808174,0.4253820776939392,469.85251903533936,138.62746065855026,0.48904016613960266,389.42919301986694,131.0725823044777,0.5034294128417969,436.13462924957275,246.79138231277466,0.7950268983840942,387.5638647079468,245.53487133979797,0.7322985529899597,428.8191375732422,288.44103717803955,0.5334247350692749,386.1669092178345,284.38756275177,0.5600162744522095,430.2577419281006,330.95528054237366,0.5950443148612976,395.51273250579834,325.145391702652,0.49597835540771484
598,23.050999967381358,94.49934647233259,165.62903463122163,,108.1607693785412,175.06541186206107,171.14086084247515,174.4341319530148,176.26640894074646,407.1950874328613,164.83570909500122,0.5536198019981384,414.9901475906372,160.96528947353363,0.6676146388053894,401.9780616760254,160.98462063074112,0.5681416988372803,422.59566497802734,163.28299123048782,0.6051558256149292,387.8045587539673,163.68619614839554,0.5351566672325134,439.2873067855835,182.53749334812164,0.5654057860374451,373.07455825805664,178.0507417321205,0.5392770767211914,481.7270450592041,180.73301458358765,0.6089086532592773,362.2958674430847,157.303936958313,0.33769452571868896,469.1711254119873,146.27990651130676,0.2296122908592224,389.96415853500366,129.0359729528427,0.41976216435432434,436.95330238342285,247.2792340517044,0.7656053304672241,388.9407033920288,246.32595300674438,0.7490745782852173,431.4733428955078,291.914662361145,0.5527979135513306,392.14594745635986,289.7308826446533,0.4928619861602783,430.4340419769287,333.44898557662964,0.5962814092636108,397.33749866485596,326.8732011318207,0.5526240468025208
599,20.262999983970076,95.62693561912286,172.62617443003165,67.52766380758293,,171.16849952454348,173.3412620278852,170.47118128537517,177.07624603556903,409.54243564605713,165.30834662914276,0.5792213678359985,416.9133243560791,161.75330835580826,0.6247882843017578,403.896689414978,161.58152174949646,0.5847672820091248,422.91844367980957,163.77946150302887,0.6521357297897339,390.3222427368164,164.42142117023468,0.603660523891449,441.4413719177246,181.7223082780838,0.5918489098548889,375.6166048049927,179.0662614107132,0.6104227304458618,484.2820816040039,179.6779066324234,0.5838230848312378,367.3446044921875,156.15611922740936,0.45486980676651,464.66015911102295,137.98765206336975,0.5896638035774231,389.9494752883911,136.63061052560806,0.2758534848690033,438.1566209793091,246.68100810050964,0.7518476843833923,390.4148406982422,245.93309032917023,0.7559349536895752,429.3560743331909,289.0792360305786,0.5225322842597961,394.38649463653564,284.89664030075073,0.5496276021003723,427.78271770477295,330.08191680908203,0.5573678612709045,396.40406370162964,324.7729570865631,0.5749016404151917
600,20.762900006957352,93.7873757713597,,77.14255837563334,,173.11678058847434,175.09678890338608,171.05204137092917,172.89207176907033,410.17444705963135,164.65242636203766,0.5805918574333191,417.91883611679077,161.20086747407913,0.6215071082115173,404.1344771385193,160.79081046581268,0.6184316873550415,426.19748306274414,163.15934020280838,0.6689351201057434,390.9274401664734,163.5367322564125,0.5788498520851135,443.6404724121094,181.17288744449615,0.6177546381950378,377.01826095581055,178.31016671657562,0.602062463760376,480.47813510894775,180.62359482049942,0.46710237860679626,373.3750972747803,169.25651824474335,0.2777405381202698,473.957914352417,153.9003427028656,0.32214784622192383,388.464319229126,138.33448749780655,0.32693204283714294,440.2335042953491,247.66733872890472,0.7358450889587402,391.31835317611694,246.6783014535904,0.751701831817627,433.1638116836548,288.5271370410919,0.521822988986969,395.87021017074585,284.23436653614044,0.49644461274147034,432.5569715499878,328.564684510231,0.5242078304290771,395.73386573791504,323.83004677295685,0.5688174962997437
601,20.49209998222068,103.17753524077477,166.79962788951073,75.54171573017298,124.64281381451956,173.0848369200003,164.15925617791868,177.36767400516925,173.15753384400236,414.3028655052185,166.79160338640213,0.6161004304885864,418.52638387680054,162.75042283535004,0.5877639651298523,406.9602060317993,163.4955912232399,0.5068686008453369,429.95568656921387,165.1338106393814,0.7006136178970337,395.39175367355347,165.42675530910492,0.6431961059570312,448.7309341430664,182.2994223833084,0.6952353119850159,381.6712074279785,179.00987768173218,0.6298355460166931,482.98773193359375,176.7204817533493,0.582726001739502,373.83846616744995,162.31619119644165,0.3411502242088318,466.4448432922363,139.0491420030594,0.5582732558250427,395.8228750228882,124.57507693767548,0.5564178228378296,444.2362937927246,247.76190042495728,0.7049999237060547,395.8579783439636,246.12321090698242,0.7683090567588806,435.7241554260254,292.2032194137573,0.5135132074356079,393.2420606613159,284.445912361145,0.47650346159935,430.2813968658447,329.9239625930786,0.6061408519744873,395.2294797897339,323.17646276950836,0.5524248480796814
602,20.866299979388714,112.20712460099716,177.33966856259576,81.88146860906132,141.45087204243342,168.99022769861773,165.22649362238508,172.30205822844385,173.7060551907648,413.81174755096436,166.82720291614532,0.6083299517631531,418.8733229637146,161.87781411409378,0.5861413478851318,404.6006007194519,163.12017929553986,0.4629802405834198,431.7577075958252,164.1937351822853,0.7144308686256409,392.19654273986816,165.50295454263687,0.5533691048622131,450.1244525909424,182.94465851783752,0.6811038851737976,380.7606692314148,180.4970946907997,0.6754111051559448,482.0314254760742,176.91684186458588,0.5434150695800781,376.69325828552246,158.58415246009827,0.40313729643821716,468.7497844696045,137.9394737482071,0.3637484610080719,397.0675139427185,120.320128262043,0.5551390051841736,437.2360496520996,246.24241733551025,0.42790091037750244,396.26716327667236,246.7356253862381,0.7390860915184021,436.79176139831543,297.2339073419571,0.4799944758415222,395.02780628204346,291.1667445898056,0.43880152702331543,431.845251083374,331.57242453098297,0.5677847266197205,397.83763885498047,325.3714964389801,0.5891245603561401
603,18.68739997735247,117.6085660969681,177.82764238637793,84.20376033293238,146.46050151382752,170.9579558777358,165.52224784417365,174.73433560231308,175.42001601809494,417.28914976119995,167.66238868236542,0.5649821758270264,422.44554710388184,162.39200580120087,0.6371699571609497,408.1679220199585,163.62978392839432,0.5061303377151489,435.2918462753296,164.6613867878914,0.6976593136787415,396.2414107322693,165.56450939178467,0.5735222101211548,454.7179584503174,181.6077743768692,0.6681325435638428,384.25490283966064,179.72625589370728,0.6329448223114014,483.2691650390625,173.98899066448212,0.5408021211624146,380.0912799835205,153.44377410411835,0.5388657450675964,467.83891773223877,133.23421025276184,0.42611199617385864,395.8467321395874,118.9316468834877,0.5744864344596863,439.80261039733887,247.96766257286072,0.6008840799331665,397.7111506462097,247.84597742557526,0.7315407395362854,436.7936820983887,295.45598220825195,0.4792225956916809,395.4375219345093,287.2358955144882,0.4794241189956665,431.50629806518555,329.25462305545807,0.6149665117263794,396.2017078399658,321.5314197540283,0.44637754559516907
604,19.497700035572052,125.61867152480265,167.2712106531028,89.14739234001483,134.26829660147874,170.88497809121708,167.9740026840843,175.16660931286555,178.7638483943172,419.7323055267334,169.3252100944519,0.4105812609195709,422.03876304626465,164.61671286821365,0.6491187214851379,409.29143047332764,165.47689950466156,0.5721827149391174,433.4037981033325,167.60308462381363,0.573677122592926,401.9551649093628,167.4655299782753,0.5642359256744385,456.3696594238281,182.7002910375595,0.6199719309806824,387.0638256072998,180.39576637744904,0.6379957795143127,487.94404792785645,170.18182110786438,0.47654080390930176,379.3872675895691,161.0923309326172,0.45475712418556213,470.3590278625488,127.68528491258621,0.45995667576789856,397.9591989517212,119.46722108125687,0.6164408922195435,439.9088554382324,248.76241958141327,0.6195049285888672,397.8209590911865,248.6384836435318,0.7166720032691956,436.054970741272,293.93336510658264,0.5154685974121094,395.85393476486206,285.33639919757843,0.46799880266189575,430.172776222229,328.3097468614578,0.6247753500938416,393.1999568939209,320.5978260040283,0.4482659697532654
605,19.862900022417307,128.2073628973012,159.85677992665308,89.00363542337551,132.64946023248302,168.79902032102936,167.66308613566312,172.6690449014798,171.17630280194743,420.3883762359619,169.27892643213272,0.4619409143924713,425.3153762817383,164.4129593372345,0.6555233001708984,412.28954219818115,165.2332585453987,0.6033583879470825,437.5963325500488,167.63345605134964,0.5675574541091919,403.6542010307312,167.39816296100616,0.5570940375328064,458.29480743408203,183.38248002529144,0.6445973515510559,389.8121452331543,181.17409831285477,0.6274262070655823,488.2768850326538,171.2539381980896,0.5676469802856445,379.79726123809814,161.02194386720657,0.45571422576904297,470.61448097229004,129.6862804889679,0.4583887755870819,395.6256494522095,119.6253604888916,0.6311188340187073,439.73912620544434,247.3234806060791,0.5405115485191345,397.09149742126465,247.29504656791687,0.6239418387413025,435.3188877105713,298.03305196762085,0.5172955989837646,392.39002799987793,291.6213757991791,0.41692277789115906,428.5460948944092,329.0628215074539,0.6337872743606567,393.9457697868347,323.78448963165283,0.508440375328064
606,18.624199961777776,120.48508600768702,170.38734638891285,85.01514084921159,132.32179842342416,171.2430173588092,163.84702575074368,176.81984982039572,174.87341268514263,418.1644582748413,167.999209523201,0.3075762093067169,425.3548011779785,163.6058087348938,0.6979478001594543,413.6045141220093,164.59074330329895,0.5806291103363037,435.66981983184814,166.10536867380142,0.6430245041847229,404.2054166793823,166.77990782260895,0.5726513266563416,457.42366886138916,180.78780281543732,0.6641942858695984,384.910569190979,179.1192831993103,0.471764475107193,488.4811363220215,171.60870838165283,0.5812747478485107,377.3147563934326,162.31080639362335,0.46835991740226746,472.76788902282715,131.61600577831268,0.5793015956878662,394.5770483016968,122.34311890602112,0.5951200127601624,441.07785415649414,246.25022387504578,0.6816605925559998,402.40693378448486,245.78428173065186,0.7547527551651001,436.280855178833,298.3263385295868,0.5397003889083862,401.2139263153076,293.0049852132797,0.510539174079895,431.4132957458496,331.1186480522156,0.6310794353485107,397.37389087677,326.3267433643341,0.6235076785087585
607,19.005399954039603,128.0649771570433,163.06505806874216,85.75866549054338,122.89293069691632,172.04571321745325,163.8843537531033,177.8336191327442,177.68643282076872,418.6690969467163,168.64416074752808,0.33259668946266174,427.3226089477539,164.057590842247,0.7034946084022522,416.05161237716675,164.37047922611237,0.5496837496757507,438.8642473220825,167.61299949884415,0.5787374377250671,406.91668701171875,167.386609852314,0.5302917957305908,461.09352016448975,184.8818057179451,0.6220223903656006,386.1734800338745,182.3674304485321,0.5359695553779602,492.18520641326904,171.9356713294983,0.6199899911880493,375.921591758728,163.49295580387115,0.49041420221328735,472.680850982666,133.40299105644226,0.5747647285461426,395.15773153305054,128.20839428901672,0.6189079284667969,443.3177442550659,249.15850174427032,0.679912269115448,399.7101192474365,248.46409010887146,0.6763486862182617,436.9769067764282,297.2924563884735,0.5255922675132751,396.5129370689392,288.71554815769196,0.4299876093864441,431.6978120803833,328.27108454704285,0.5917302370071411,392.1520128250122,324.9908849000931,0.5306974053382874
608,17.96139997895807,118.35014648273032,150.87638272400878,69.14638324193602,102.25248379358212,172.0287121061952,162.61934032176254,179.55649293105654,176.98307244714974,422.17642164230347,168.52515375614166,0.39056020975112915,431.5473403930664,165.13787060976028,0.624423623085022,420.9935736656189,164.43801718950272,0.4991331398487091,439.17909049987793,169.8795598745346,0.2978377342224121,408.30818367004395,167.6233132481575,0.34977394342422485,456.50350189208984,184.91979849338531,0.4995648264884949,390.3056387901306,183.11919450759888,0.5300812721252441,495.3815040588379,174.2449824810028,0.5339497923851013,375.952525138855,165.4611154794693,0.4481121301651001,465.5404462814331,133.48290836811066,0.5282964706420898,405.06417179107666,129.04846626520157,0.5842452645301819,441.65002059936523,249.27426075935364,0.6918274760246277,401.90848684310913,249.04453766345978,0.6963976621627808,437.1744861602783,300.1699639558792,0.47176167368888855,395.9606852531433,294.847328543663,0.39443597197532654,434.8977994918823,328.5788160562515,0.5769012570381165,393.5740637779236,325.9927716255188,0.5855637788772583
609,19.35249997768551,121.81017595839656,135.16549906750606,65.91971917242705,86.14385584980124,169.54863823724142,169.5491072482223,179.2279853305121,173.72390719443382,428.0142631530762,168.12815988063812,0.5688950419425964,435.29705238342285,164.7371301651001,0.6645399928092957,421.23535442352295,164.72402429580688,0.4808438718318939,441.35291862487793,169.00135266780853,0.48804986476898193,411.29290103912354,167.27052319049835,0.5313035845756531,461.5435199737549,185.7353539466858,0.5547122359275818,394.70366287231445,182.18866354227066,0.643151044845581,498.802978515625,175.44622087478638,0.5743927359580994,375.35288763046265,166.9232176542282,0.44854649901390076,466.10124015808105,135.80076682567596,0.4623907804489136,407.6644458770752,131.19510793685913,0.676202654838562,443.0289316177368,248.7530460357666,0.6957595944404602,402.5621566772461,247.16307616233826,0.6401915550231934,437.7036895751953,300.0966280698776,0.5338300466537476,399.59614086151123,294.91015124320984,0.4597451984882355,435.2045555114746,327.8287899494171,0.5947651863098145,394.3283176422119,325.31046867370605,0.5779566764831543
610,18.162499996833503,112.13045564639158,118.57554490589848,56.40315323629956,67.5940129601876,173.47781892899593,168.9336017379268,173.8242586870694,177.5208067393517,429.6899223327637,171.0185311436653,0.5074597001075745,437.76980209350586,166.93861705064774,0.6007236838340759,423.4792628288269,167.09104400873184,0.5809309482574463,445.4907636642456,169.10223937034607,0.39924561977386475,414.9402093887329,169.15617287158966,0.4941262900829315,463.152813911438,187.21759927272797,0.5829747319221497,395.5076274871826,182.6376677751541,0.6934685111045837,501.65157890319824,182.96151095628738,0.6806203722953796,374.7690200805664,174.50499153137207,0.49345582723617554,466.82205867767334,141.31377923488617,0.5319502353668213,406.8610372543335,141.06159096956253,0.5950623750686646,445.71179580688477,248.7628469467163,0.723247230052948,403.5801782608032,246.87349343299866,0.6376141905784607,437.46476459503174,299.1257395744324,0.516132116317749,400.35688972473145,294.1111775636673,0.44721314311027527,435.92724418640137,327.29646372795105,0.5945355296134949,399.6021304130554,324.46551048755646,0.5431234240531921
611,19.304500019643456,99.98607708406541,107.77769164507733,47.82012995632624,45.030247704447596,176.5793382406762,162.86947036562825,171.85427657619306,161.88844769467514,429.9102973937988,170.20085310935974,0.4973822832107544,437.20198249816895,166.50122290849686,0.6048197746276855,424.2226495742798,166.7890961766243,0.6140774488449097,440.1134099960327,167.8113967180252,0.5204808712005615,415.7666664123535,167.51915007829666,0.5472009181976318,459.5495300292969,185.86316466331482,0.5562538504600525,393.5348410606384,181.74864822626114,0.6716417074203491,497.56023502349854,187.71882754564285,0.650015652179718,368.74444103240967,177.63159608840942,0.44000157713890076,465.1904239654541,148.2900477051735,0.4618782699108124,410.95212841033936,147.4128091931343,0.460000604391098,445.0615882873535,249.73006010055542,0.7254673838615417,403.30112075805664,248.30055165290833,0.6541426181793213,436.6803102493286,300.57561910152435,0.3468785285949707,395.5802855491638,298.27713453769684,0.3384552299976349,436.16429901123047,324.9130759239197,0.5345827341079712,399.7660722732544,323.7561980485916,0.4998360276222229
612,18.889700004365295,89.92034964923029,93.08463218331813,,36.63406734576498,173.131785431116,178.15866471307152,177.67091045732434,175.31350551513955,437.76616287231445,165.85691273212433,0.5571236610412598,437.47320556640625,163.92261463403702,0.4905932545661926,432.73984241485596,162.95886313915253,0.5984376668930054,444.30210304260254,166.78624707460403,0.5606604814529419,421.53609561920166,165.40034413337708,0.554133951663971,466.7733840942383,184.72567492723465,0.6115912199020386,398.17012214660645,182.6644065976143,0.5892610549926758,494.93347549438477,192.830415725708,0.5178219079971313,371.8959560394287,183.75663834810257,0.5064373016357422,464.08981227874756,162.80267536640167,0.2939106523990631,408.9250822067261,153.7555086016655,0.34661197662353516,449.216365814209,246.0485074520111,0.7322995066642761,404.23008251190186,246.0041184425354,0.6176353693008423,442.0316333770752,290.8619476556778,0.4192284345626831,406.9890670776367,289.5688257217407,0.4026021957397461,437.9001569747925,325.61600637435913,0.5731034874916077,406.3411340713501,324.49665117263794,0.43866029381752014
613,18.62700004130602,72.7365397266128,77.20724962398916,6.4701184975805655,,166.60118552765485,179.8540651969322,178.53962426525402,179.2068114285694,433.19226837158203,166.50209188461304,0.5455905795097351,437.03179836273193,164.04864466190338,0.5268590450286865,427.1696605682373,163.8306028842926,0.5478827953338623,447.0795364379883,165.920419216156,0.6436271667480469,419.5033378601074,165.49601697921753,0.5888197422027588,468.9990711212158,184.37006425857544,0.6935197114944458,394.26834630966187,181.3927241563797,0.6036086678504944,492.93635177612305,200.7809773683548,0.44665172696113586,366.60700511932373,190.6854692697525,0.43939387798309326,468.7967405319214,179.86774230003357,0.3038136959075928,380.7688322067261,176.38491451740265,0.2250259965658188,449.2650909423828,248.2375010251999,0.6804913282394409,400.9107336997986,247.04942548274994,0.4504816234111786,446.44338035583496,291.0427231788635,0.49207907915115356,405.20036458969116,288.398357629776,0.39902937412261963,444.9846591949463,327.18720066547394,0.6592878103256226,409.48900985717773,324.8181153535843,0.4325435161590576
614,19.224999996367842,60.10098946869586,64.19746209506111,20.53672990342351,8.963223356545013,170.63376409369658,170.35051104258443,175.87469061275257,174.89971974237494,442.3678569793701,171.00199210643768,0.39497366547584534,444.3842887878418,168.4746961593628,0.39335155487060547,433.1867084503174,167.20764350891113,0.6112968921661377,453.536171913147,170.30386239290237,0.4306284189224243,422.413046836853,167.850315451622,0.49716106057167053,470.9539394378662,187.38370192050934,0.6630780696868896,403.4474730491638,185.2871759533882,0.6136584877967834,486.6701183319092,204.91681933403015,0.5656583309173584,376.4939603805542,198.02521193027496,0.544452428817749,450.6801414489746,186.10879999399185,0.30236130952835083,399.1852374076843,182.5704574584961,0.33970630168914795,450.6298494338989,249.09499526023865,0.7432997226715088,402.9050016403198,246.5347352027893,0.6502719521522522,443.965576171875,291.8345456123352,0.44099897146224976,409.8935194015503,289.96148896217346,0.38859739899635315,440.93582344055176,328.3945646286011,0.39808031916618347,412.4757490158081,326.50637924671173,0.493641197681427
615,19.082500017248094,62.18154154984278,45.35456896431778,26.381037859545494,16.6853989519092,164.5553300538315,168.30201031639194,176.71472747648875,170.29243213418525,440.1711826324463,171.70487982034683,0.39502307772636414,451.5009880065918,168.8767329454422,0.6432597637176514,436.5711841583252,167.5096910595894,0.6630399823188782,457.5931453704834,169.63795602321625,0.47724059224128723,424.06348419189453,167.04364919662476,0.5587254166603088,469.0366258621216,188.92768728733063,0.5583236217498779,400.10077953338623,184.71668601036072,0.6289293169975281,486.35547733306885,208.47100287675858,0.45954424142837524,382.58434867858887,203.3082590699196,0.6546499133110046,452.6368799209595,194.79827624559402,0.40193769335746765,404.66489362716675,190.54970955848694,0.33188584446907043,447.0410213470459,247.33801102638245,0.6192941069602966,402.27625036239624,245.19542932510376,0.6802244782447815,443.1703052520752,289.95057690143585,0.38396430015563965,411.78604078292847,284.0350148677826,0.4083569645881653,441.892635345459,328.36527585983276,0.5716506242752075,414.5620336532593,323.23689222335815,0.3792586028575897
616,19.94530000956729,41.27265947882182,34.02055274443927,,25.989817045158564,164.83565530155602,162.72775049162814,176.46703909855202,,439.2302417755127,172.9784996509552,0.5089819431304932,444.2075843811035,169.36462742090225,0.5400170683860779,430.7791109085083,168.68746709823608,0.5905050039291382,455.87892055511475,170.45618963241577,0.3627684712409973,422.20697593688965,169.44245064258575,0.35871362686157227,468.75933742523193,189.7431572675705,0.5700560808181763,403.78089141845703,187.7874481678009,0.4428793787956238,477.7366895675659,213.0549088716507,0.41635146737098694,388.47349309921265,209.0494133234024,0.369131863117218,461.14032459259033,204.19062596559525,0.29437902569770813,397.0595531463623,204.4343239068985,0.36270996928215027,447.4652433395386,247.58462929725647,0.7151980996131897,402.08713722229004,243.82766091823578,0.5468573570251465,444.15259170532227,285.09678971767426,0.40668049454689026,411.9215259552002,279.1908576488495,0.3459496796131134,443.04980659484863,326.8300657272339,0.48530858755111694,416.5510196685791,318.5021975040436,0.2748534381389618
617,19.13339999737218,37.565656860114196,36.27938584799793,86.86576964569325,,152.91388602873008,173.64618054152373,167.79459070442573,154.5798536401647,443.03631114959717,173.42951250076294,0.4961630403995514,447.7299966812134,170.82429361343384,0.4753805994987488,437.37070083618164,169.4926660656929,0.49059733748435974,457.7604990005493,172.78560119867325,0.27069148421287537,424.7212734222412,170.0371437072754,0.45044127106666565,470.4173059463501,193.3511745929718,0.6546517014503479,407.0644545555115,189.92948853969574,0.5112531185150146,474.8880891799927,214.93326485157013,0.3304676413536072,388.22660732269287,210.01608514785767,0.38648924231529236,458.3169460296631,217.43030333518982,0.35692474246025085,402.9495315551758,213.00671631097794,0.2532769441604614,445.2279815673828,245.3136955499649,0.7269678115844727,400.9203624725342,240.8272715806961,0.5743713974952698,445.91837215423584,277.62915086746216,0.4778479337692261,394.31497383117676,268.90804958343506,0.3028879165649414,437.50868797302246,320.96783888339996,0.5668625831604004,401.4267702102661,301.8481420278549,0.31116941571235657
618,18.476299999747425,29.797233897121316,29.529916724959275,112.33884809896503,,149.70043648149914,,162.7601142953942,,439.33962059020996,172.74359118938446,0.3635842800140381,448.3168716430664,170.27149659395218,0.4843435287475586,434.03864002227783,169.4687905907631,0.5790358781814575,458.7932291030884,171.69982266426086,0.3027707040309906,423.94566440582275,170.06617605686188,0.410713255405426,471.4182939529419,191.70796924829483,0.6678130030632019,402.21218490600586,188.5913507938385,0.43982478976249695,473.71277236938477,216.30465161800385,0.30194777250289917,390.1072759628296,210.6096385717392,0.42123210430145264,461.484281539917,222.716099858284,0.4263993799686432,404.1298522949219,220.87663412094116,0.2617870271205902,446.8267116546631,245.74955117702484,0.7345052361488342,402.8749780654907,240.65139651298523,0.563727617263794,449.8891668319702,275.73389971256256,0.5333338975906372,398.106840133667,266.7892578840256,0.27920493483543396,440.7312183380127,321.11875581741333,0.5936073660850525,398.51733922958374,293.63529205322266,0.3224101662635803
619,20.75419999891892,26.335596191219402,31.149473722179277,119.36267304277263,119.11383553235207,153.7393957985627,175.68444397167545,161.108301063688,,440.9780282974243,173.50130987167358,0.4485642611980438,449.43254566192627,171.14977502822876,0.5576949715614319,437.2950859069824,169.98155772686005,0.5245852470397949,458.9346532821655,171.87353241443634,0.325586199760437,424.27097034454346,170.67061305046082,0.45892587304115295,472.5387191772461,192.26159250736237,0.6741693019866943,405.7563314437866,189.58702647686005,0.49715369939804077,474.320876121521,216.10948812961578,0.43011078238487244,392.0071768760681,212.161288022995,0.47109454870224,460.69355964660645,225.17595756053925,0.480172723531723,400.64686489105225,227.4057360291481,0.354218989610672,450.6130180358887,246.36148130893707,0.737648069858551,405.5798292160034,241.5575249195099,0.5448411107063293,452.9500045776367,278.19441270828247,0.5681348443031311,407.61953687667847,269.86762714385986,0.32118919491767883,440.89402294158936,324.1722524166107,0.5864707231521606,405.2969808578491,305.2795150279999,0.20630787312984467
620,21.10569999786094,20.729247997184032,35.62540095127636,126.90114130112151,123.55257322683056,159.39468456154057,170.1779755132601,170.21695756190627,,440.4453372955322,173.61983251571655,0.4542340934276581,449.1796703338623,171.20279681682587,0.6069158315658569,436.6589298248291,170.1829892396927,0.5212122201919556,459.7486763000488,171.73435378074646,0.3688371181488037,424.4600582122803,170.76177006959915,0.4663741886615753,471.9945545196533,191.80244547128677,0.6826870441436768,404.5700969696045,188.65140986442566,0.49275636672973633,471.75598335266113,214.068405687809,0.4353313744068146,389.50235652923584,209.8079582452774,0.45577093958854675,457.189697265625,224.76342183351517,0.3969569504261017,396.37919569015503,227.7331405878067,0.43499162793159485,450.4348478317261,246.97748565673828,0.7580308318138123,404.72663402557373,242.40641486644745,0.569474995136261,449.99111557006836,281.4342405796051,0.5744715929031372,410.22683668136597,273.6350802183151,0.3681894540786743,441.43070697784424,327.5284376144409,0.5910340547561646,408.66649532318115,307.12385272979736,0.20598696172237396
621,21.892499993555248,22.19021767324879,37.75563147017821,120.35295125173448,118.18537963432524,165.6220301526818,170.51436249220674,173.05905817340016,,441.4321222305298,173.78159028291702,0.4772694408893585,450.02083587646484,171.25785571336746,0.5977774262428284,437.29437828063965,170.3917286992073,0.5407528281211853,460.56729888916016,171.61741238832474,0.3891344964504242,424.5814161300659,170.96925592422485,0.4809304177761078,471.2274875640869,191.30537688732147,0.511275589466095,404.40911197662354,189.38260340690613,0.49551859498023987,472.8271780014038,215.18521094322205,0.4213272035121918,389.5870695114136,210.05055928230286,0.45175811648368835,458.8001537322998,224.71275055408478,0.4146277606487274,397.9558629989624,227.08190709352493,0.4357321858406067,452.54367542266846,247.60958743095398,0.7567787766456604,406.37492322921753,242.75409078598022,0.6132799983024597,450.0283670425415,283.76355242729187,0.6019558310508728,413.94316387176514,279.63990461826324,0.4074314832687378,441.60356998443604,327.4278643131256,0.48620808124542236,412.09014320373535,320.30855667591095,0.1725257933139801
622,21.611700009088963,,35.686039962342754,,107.92888259209911,161.18972956993017,165.88998757743622,171.52452682480538,,441.47766304016113,173.19713973999023,0.4660595953464508,449.79338455200195,170.73095703125,0.5617843270301819,437.93902587890625,169.78407222032547,0.5091280341148376,459.6884775161743,171.03766286373138,0.3385443687438965,424.8299446105957,170.06562048196793,0.4499492347240448,472.3990135192871,191.51662355661392,0.6751490235328674,405.8138008117676,189.80401408672333,0.4677424728870392,473.63650035858154,214.57179927825928,0.2782030999660492,390.3979082107544,210.99788570404053,0.440207839012146,460.2812156677246,224.80429220199585,0.43198248744010925,401.55265188217163,226.32860451936722,0.39148104190826416,451.7121639251709,246.36675214767456,0.7716277241706848,405.4998927116394,241.91047167778015,0.5996625423431396,450.49363136291504,284.0148432254791,0.6113203167915344,415.08810329437256,281.0503240823746,0.4390656352043152,442.55108165740967,327.5932546854019,0.4819813668727875,416.9176712036133,324.04928517341614,0.27761879563331604
623,20.10409999638796,23.379210817031627,35.14684065066268,128.30137554627225,,158.2228754339568,167.99515794222918,168.4434237460613,,441.6258602142334,172.54757297039032,0.46115368604660034,450.11120986938477,170.2403416633606,0.5404687523841858,435.977334022522,169.47686779499054,0.5695829391479492,459.9913921356201,170.90136182308197,0.34986650943756104,425.69299602508545,169.81326127052307,0.42919304966926575,471.888916015625,190.7015524506569,0.6586604118347168,404.21385765075684,186.64341974258423,0.4597330391407013,472.5861806869507,213.45560657978058,0.3865690231323242,388.26395988464355,209.43654930591583,0.4198583960533142,460.59782791137695,223.5352166891098,0.4527193307876587,398.7682433128357,222.35229802131653,0.29567742347717285,450.2352466583252,245.3255763053894,0.762563943862915,404.3683729171753,240.70752382278442,0.5589637160301208,450.32824897766113,280.12824070453644,0.5727976560592651,412.0024733543396,276.1105794906616,0.4104759991168976,441.0663299560547,326.0479017496109,0.5874803066253662,412.3022289276123,314.50183033943176,0.15136103332042694
624,21.201999974437058,40.83233860883437,24.03263103859056,82.78000841423949,,154.84875926341599,168.01165685279588,167.19839975638482,,440.76579093933105,172.70344734191895,0.42725861072540283,449.3574867248535,170.3323106765747,0.5320175886154175,435.2083969116211,169.36469864845276,0.5826596021652222,458.9421844482422,171.35522377490997,0.33302488923072815,424.93123626708984,169.85297775268555,0.44706183671951294,472.42711639404297,192.2067900300026,0.6708173155784607,403.0729365348816,187.02519941329956,0.44140270352363586,479.84213066101074,215.8847652077675,0.42303404211997986,393.2521696090698,209.38415431976318,0.4565420150756836,469.3470211029053,217.7671811580658,0.37574493885040283,395.41002559661865,215.82460641860962,0.2469141036272049,449.5215549468994,245.02753174304962,0.7494173645973206,403.3707208633423,240.3400181531906,0.5267457962036133,450.5677299499512,280.123682141304,0.543949544429779,410.51284408569336,273.0738071203232,0.3798169493675232,441.59689807891846,325.8729668855667,0.5863832831382751,406.48238134384155,304.3439553976059,0.23676849901676178
625,21.004300040658563,60.66427016242497,47.690126222654,36.07230447341818,48.126049130359874,158.75059056872746,171.58405011827847,171.7996440618779,165.57070679366748,439.6352062225342,173.1189888715744,0.3863148093223572,448.1271266937256,170.96672022342682,0.49500298500061035,437.6690664291382,169.70835733413696,0.5242782831192017,457.91137504577637,171.877421438694,0.3213573694229126,425.0303039550781,170.20720660686493,0.4729478359222412,471.21378993988037,192.21037989854813,0.6675188541412354,404.25328254699707,188.52916914224625,0.49028828740119934,487.32143783569336,213.83533489704132,0.47621917724609375,383.2762050628662,207.03256249427795,0.5236939191818237,465.777551651001,207.14718186855316,0.35618069767951965,387.5203456878662,207.53198158740997,0.4227161407470703,447.68526458740234,245.09810400009155,0.7529075145721436,403.4269518852234,241.4183747768402,0.5455921292304993,445.880615234375,282.89224004745483,0.4691174030303955,407.9054431915283,275.34052419662476,0.3228870630264282,437.6297426223755,325.6014189720154,0.5863772034645081,404.30076932907104,305.09116089344025,0.309644490480423
626,21.829599980264902,62.4852410949968,55.42881440640142,,19.156008366706935,166.34726906152198,176.07374279601754,178.21879973386075,,441.7268486022949,173.28124523162842,0.5019228458404541,448.7478666305542,170.27259349822998,0.5727120041847229,432.81596279144287,169.09248119592667,0.6212038397789001,456.75662994384766,171.24761319160461,0.28153330087661743,422.79122257232666,169.02602589130402,0.3817692697048187,470.7342720031738,192.2047956585884,0.6312699317932129,398.23267126083374,186.61028468608856,0.634431004524231,489.21726989746094,213.9928475022316,0.5130396485328674,376.1059031486511,204.12237572669983,0.5855094194412231,462.16749477386475,195.30963307619095,0.28646478056907654,394.1242938041687,197.84643077850342,0.3425294756889343,447.99849033355713,247.98111033439636,0.7159120440483093,402.0513262748718,244.27875924110413,0.6591290235519409,442.1077537536621,287.2830481529236,0.3689981997013092,406.81832695007324,279.46824622154236,0.3413931727409363,437.3777770996094,327.28785943984985,0.5762712955474854,409.24748182296753,312.88109016418457,0.2784593105316162
627,22.60200004093349,70.25181906010707,70.35910131742222,6.789873321944607,,168.78863729251148,170.24455670695087,171.7359045105561,176.94041128430237,440.732027053833,174.14304161071777,0.5098422169685364,445.10369205474854,170.51310044527054,0.45104777812957764,434.39260482788086,170.22391659021378,0.4914954900741577,456.3451452255249,169.94134265184402,0.3642977476119995,421.9185676574707,169.10816550254822,0.3591381013393402,471.0428981781006,187.91307932138443,0.5551128387451172,400.93267011642456,185.77170848846436,0.6589843034744263,492.887020111084,207.28208684921265,0.3776188790798187,361.06085729599,200.22950518131256,0.44491761922836304,466.66895866394043,189.07819110155106,0.3055574893951416,375.82436895370483,193.27048802375793,0.23732180893421173,446.9318447113037,248.14937829971313,0.6820254325866699,401.2425093650818,246.965918302536,0.5864523649215698,438.67111587524414,292.27484583854675,0.3327440917491913,407.6780676841736,283.2949036359787,0.37790557742118835,437.31095695495605,325.567343711853,0.5441862940788269,415.3942527770996,316.4397895336151,0.34138837456703186
628,23.127399967052042,82.37012172183465,80.50962822690042,6.884980137011192,,171.03953390457886,174.00549436373387,168.33522570025295,176.82607674294002,442.95720863342285,171.5458429455757,0.42509323358535767,445.295711517334,169.27959597110748,0.40171360969543457,433.3379888534546,168.03673219680786,0.6700778007507324,455.9217824935913,169.977754175663,0.4965454041957855,422.2466788291931,168.20548450946808,0.5295808911323547,471.036226272583,187.9710300564766,0.5431314706802368,400.3911590576172,184.48328757286072,0.7132325768470764,502.1285696029663,204.86825639009476,0.5713895559310913,356.58734464645386,192.33819061517715,0.5252196788787842,470.50479888916016,182.38861352205276,0.3894129693508148,376.7467851638794,177.9771636724472,0.24100786447525024,448.15472412109375,247.91649270057678,0.7441401481628418,401.1149091720581,245.83582198619843,0.607339084148407,438.0436029434204,295.76616394519806,0.5100756883621216,406.2581901550293,289.8147602081299,0.3942917585372925,437.912540435791,323.9032971858978,0.6047133803367615,408.09880208969116,319.93917059898376,0.36140647530555725
629,20.6465000519529,89.61378073691141,85.92415117242132,20.68354553992434,38.37383097182602,170.72763395849833,174.05270679786844,162.890463847568,171.58090679229946,439.0940237045288,168.43000799417496,0.3643028140068054,442.4377098083496,166.47079449892044,0.5312236547470093,430.87378120422363,165.72075414657593,0.6676731109619141,453.860315322876,167.96516275405884,0.5497286915779114,420.5706911087036,166.51854544878006,0.5167998671531677,471.3029508590698,188.54421240091324,0.6733149886131287,400.3882780075073,183.14061975479126,0.685876190662384,499.86522674560547,200.13323402404785,0.4809529185295105,352.84589672088623,187.26284301280975,0.476203978061676,470.5595893859863,173.0261223912239,0.42368918657302856,377.8114595413208,163.71233665943146,0.4018653631210327,447.9822654724121,247.15119540691376,0.7575573921203613,401.3365478515625,244.90026235580444,0.6115918159484863,437.46906089782715,294.8645086288452,0.5209999084472656,406.8029360771179,290.56005680561066,0.4124642610549927,440.04199028015137,326.2705590724945,0.674643874168396,405.8385171890259,325.25736141204834,0.4831637740135193
630,21.057599980849773,101.30385543236383,101.56651094894923,45.24703587727438,47.84941244136104,169.90577913182466,177.11672301350953,175.2334321996136,178.99288987622774,439.28937911987305,169.17856681346893,0.3861215114593506,439.80993938446045,166.5254402756691,0.5332319736480713,430.9434823989868,166.25162732601166,0.6441937685012817,446.80588722229004,168.65342032909393,0.5352628827095032,422.85260915756226,168.08713281154633,0.38527458906173706,469.33281803131104,187.40958601236343,0.6735348701477051,401.4444103240967,182.7975023984909,0.6207992434501648,498.99595832824707,191.97799289226532,0.48288193345069885,360.79304599761963,177.00165963172913,0.462032675743103,469.9510307312012,151.997641146183,0.48482275009155273,394.21459197998047,149.21986639499664,0.36892014741897583,447.58225440979004,246.97731471061707,0.6166324615478516,405.27651023864746,246.31985592842102,0.6550983190536499,439.0046100616455,295.798216342926,0.3753162920475006,405.7326006889343,292.2438476085663,0.418624609708786,436.35363960266113,324.93663799762726,0.5821590423583984,405.4834909439087,324.8223605155945,0.45701614022254944
631,19.221199967432767,103.9080418185251,109.4536177956804,51.52619443211866,51.69044498059939,176.4884734366213,174.10617649005223,179.86284930483384,174.91314110365542,432.32345485687256,169.6915761232376,0.4561949372291565,437.90354347229004,166.36519253253937,0.6217877864837646,426.0266418457031,166.48160684108734,0.6409474015235901,442.3227205276489,168.19887459278107,0.571178138256073,418.8399887084961,168.0370455980301,0.5472764372825623,462.5003318786621,186.257295191288,0.6131377816200256,398.7319269180298,182.25641518831253,0.6436173319816589,499.025577545166,185.95826768875122,0.6625723242759705,365.7397584915161,173.05445671081543,0.5485722422599792,467.56804847717285,147.03215491771698,0.43537917733192444,405.8081398010254,143.8297215104103,0.3977892994880676,447.6977996826172,248.20485031604767,0.6468220949172974,403.09176445007324,246.72083854675293,0.4573879539966583,439.23595333099365,296.552259683609,0.36207181215286255,401.4684443473816,292.63896107673645,0.40062958002090454,434.15160751342773,326.01721692085266,0.5529201030731201,397.3584494590759,325.58176016807556,0.5014674067497253
632,18.56619998579845,110.93275531911645,106.11869417993148,57.940174849640435,59.49935390278623,171.50370065135428,165.89798815794765,172.66883301386378,169.0693537957602,429.51412773132324,171.0552703142166,0.5111899971961975,437.717134475708,166.7122986316681,0.6276805400848389,424.3931875228882,166.79193103313446,0.5908533930778503,444.6668338775635,169.06985932588577,0.4181293249130249,417.7580027580261,169.3780609369278,0.330303430557251,462.70251083374023,185.80747896432877,0.6007459163665771,401.0750799179077,184.83817172050476,0.5861943960189819,498.21398067474365,182.25554621219635,0.6674357652664185,355.8046340942383,173.14118337631226,0.5606157779693604,464.90747451782227,139.27319538593292,0.3162315785884857,390.0402789115906,138.89107382297516,0.4933958053588867,445.46346950531006,249.16630828380585,0.7009426951408386,402.8697466850281,247.84933936595917,0.5053893327713013,439.6871156692505,298.1564750671387,0.34874871373176575,392.7529139518738,293.5946068763733,0.41751688718795776,432.57349967956543,326.5697717666626,0.5754340291023254,391.92188262939453,324.5072498321533,0.5100642442703247
633,20.10369999334216,122.45045672803465,112.04521110542878,56.36380883072953,69.16067183273287,,164.5552107390642,,170.24351893311598,434.53165340423584,169.978879570961,0.4061923623085022,441.42716884613037,166.81418251991272,0.5591251254081726,427.46686363220215,166.37489372491837,0.6227796673774719,450.6903009414673,168.67823600769043,0.4041872024536133,420.15693187713623,168.53811717033386,0.49987316131591797,466.7718677520752,186.62112551927567,0.6695893406867981,399.40968132019043,182.79364186525345,0.6572670936584473,498.39659881591797,179.59944236278534,0.5110604763031006,364.05158948898315,170.6543731689453,0.467865914106369,458.0640707015991,140.86051559448242,0.42473065853118896,388.69647121429443,141.06194710731506,0.39734068512916565,444.45302963256836,248.1685812473297,0.685763955116272,402.85003423690796,246.3867243528366,0.5789565443992615,435.9228973388672,298.6117045879364,0.29332277178764343,392.6151542663574,293.13937735557556,0.3292567729949951,431.42603302001953,325.54079008102417,0.5647084712982178,391.28994703292847,322.41680669784546,0.44307270646095276
634,21.372399991378188,118.3252063426447,124.06488556994567,,83.23084681915279,165.64291229983036,164.7118542021341,174.9008240796279,177.96279895109745,434.0650749206543,169.02103996276855,0.5627119541168213,440.1520767211914,164.32893931865692,0.5738256573677063,427.1253833770752,164.79140555858612,0.5983085632324219,451.1952428817749,166.92122328281403,0.5453171133995056,416.7910566329956,165.73585438728333,0.5348575711250305,465.87995529174805,185.47362118959427,0.6320485472679138,396.8605079650879,181.07952237129211,0.63377445936203,492.18550968170166,181.78749573230743,0.5627923607826233,369.3159251213074,166.53109574317932,0.3601369261741638,470.1241464614868,155.84083759784698,0.21582509577274323,393.1767063140869,131.95732820034027,0.4384661912918091,443.1026258468628,246.8891065120697,0.6420056223869324,404.0041980743408,246.59459483623505,0.7402231693267822,437.86684799194336,296.77659797668457,0.5538341403007507,396.90721130371094,291.07523143291473,0.5045864582061768,431.0489692687988,331.55803656578064,0.6856517195701599,392.83426570892334,324.1129341125488,0.521917998790741
635,21.827500022482127,124.57529952791955,129.15114268822336,,80.25455633476916,171.24085386158828,169.41207745788196,178.97036040222687,169.98241361334064,435.540020942688,168.8085824251175,0.5635551810264587,439.639856338501,163.96981000900269,0.5462448000907898,427.6804656982422,164.61329394578934,0.6232693195343018,449.9466361999512,166.73115968704224,0.5430660247802734,416.2563943862915,166.02577900886536,0.524511456489563,463.8750476837158,182.7508625984192,0.6085838079452515,395.8767809867859,178.93503177165985,0.5653253197669983,488.802095413208,174.94660234451294,0.5490357875823975,370.9029541015625,163.54163271188736,0.3505094051361084,466.1695261001587,157.01727455854416,0.2709762156009674,398.5006341934204,132.2319816350937,0.6567748188972473,444.12908840179443,246.57604718208313,0.6341289281845093,404.7124056816101,246.0279939174652,0.7270895838737488,436.6413908004761,297.08954334259033,0.5424051284790039,402.2818355560303,291.1158311367035,0.5119851231575012,431.07050132751465,330.51859867572784,0.6572954654693604,394.6030282974243,324.1050136089325,0.5389271378517151
636,21.027500042691827,129.15780978284258,143.1803951173724,,97.05897686841654,169.28061610278291,173.19969228946576,174.31568592990146,161.9215031912271,430.06567192077637,168.82654601335526,0.47524294257164,437.80831718444824,164.3945398926735,0.5806562304496765,423.8801078796387,165.0635660290718,0.54696124792099,449.11441707611084,167.3597713112831,0.5724458694458008,411.8683023452759,166.2368974685669,0.536781907081604,463.8213691711426,183.4221110343933,0.614226222038269,394.70363759994507,180.8557823896408,0.5935346484184265,484.247407913208,175.18259346485138,0.5363492369651794,373.61088848114014,159.88857108354568,0.35291969776153564,464.5001344680786,156.5748232603073,0.2923350930213928,398.41930770874023,127.87116032838821,0.6580164432525635,444.2481212615967,246.69411396980286,0.6338794827461243,404.3098421096802,246.29284644126892,0.728337287902832,438.42890548706055,298.0066692829132,0.537956714630127,405.53780126571655,291.6411200761795,0.4920593202114105,430.9635992050171,332.6685310602188,0.6318874955177307,395.7211284637451,324.72355365753174,0.5817812085151672
637,20.58389998273924,132.65461304974266,158.13276686114526,71.33873847346108,111.07668375931837,174.49348927872234,168.88234773818576,172.80384781939168,171.9435775498037,425.1245698928833,167.38856148719788,0.5632182359695435,434.13881969451904,162.70741564035416,0.6521710157394409,421.252236366272,162.66514921188354,0.5447913408279419,444.9028272628784,166.07184898853302,0.611210823059082,407.04456520080566,164.80240309238434,0.5304238200187683,461.17878913879395,180.073504447937,0.492972195148468,391.21370029449463,180.5197165608406,0.5431520342826843,485.5097122192383,166.59616923332214,0.40892690420150757,375.75666427612305,153.54833614826202,0.45724666118621826,449.45928382873535,133.72847247123718,0.426974356174469,400.37829542160034,123.25867784023285,0.6067394614219666,444.47243881225586,248.75281810760498,0.7052991390228271,400.5375871658325,247.29068744182587,0.7059832215309143,438.05335807800293,293.49035823345184,0.5670740604400635,398.4163508415222,285.6123917102814,0.45459115505218506,428.15831565856934,329.5088484287262,0.593679666519165,391.0546360015869,322.7078139781952,0.3957867920398712
638,20.281899953261018,154.65594658163909,161.95963754338396,94.69516095634968,125.58036854919158,173.44087916816767,164.43083145330544,178.56121102436975,173.65306296439184,423.2167081832886,169.55065953731537,0.45328447222709656,431.8414602279663,164.8753685951233,0.6533418893814087,420.22258949279785,165.11335408687592,0.5347217917442322,441.9374179840088,168.23514366149902,0.5467667579650879,408.45362615585327,167.763702750206,0.34586721658706665,458.9519901275635,185.2859365940094,0.5575046539306641,392.34289503097534,185.192941904068,0.5713352560997009,478.4852571487427,161.54348623752594,0.37584128975868225,379.91634464263916,159.26021587848663,0.4025324285030365,447.6695957183838,131.63949662446976,0.37416133284568787,401.1172847747803,120.72235023975372,0.5343269109725952,442.9253149032593,249.0880434513092,0.6589985489845276,400.6597032546997,247.83609104156494,0.6647306680679321,437.7335615158081,288.30399537086487,0.5416659712791443,395.744176864624,282.7829769849777,0.4295515716075897,431.3451108932495,328.72924864292145,0.5616145730018616,394.58970975875854,322.62863743305206,0.47999560832977295
639,22.128699987661093,154.03582730044945,168.3008930608246,93.93922091264118,133.65447359369333,170.46310095184546,151.17991599396973,174.8517716015054,159.36868053694087,423.43324184417725,168.97474205493927,0.4434444010257721,432.87272453308105,164.45642238855362,0.6726282835006714,417.98371028900146,164.54968774318695,0.4530337154865265,439.9611692428589,168.23535734415054,0.5051984190940857,407.45802116394043,166.2617843747139,0.4732210636138916,457.2729949951172,184.85993885993958,0.5440537333488464,390.15028953552246,183.3345296382904,0.5619416236877441,477.96191692352295,160.54085874557495,0.33676350116729736,379.8972387313843,157.25261038541794,0.41948631405830383,447.54859161376953,130.8327448964119,0.32118892669677734,396.9361734390259,120.52063381671906,0.4278412461280823,441.01118564605713,248.0829372406006,0.6635522246360779,401.15165519714355,247.28410601615906,0.6791115403175354,437.97749042510986,283.55915784835815,0.49469393491744995,391.7220287322998,274.57850337028503,0.3941086232662201,430.3751573562622,326.5167214870453,0.5534740686416626,392.972177028656,320.12077236175537,0.3323463499546051
640,22.10120001109317,158.9779642540968,176.4763303490244,105.83598568825964,139.84042676203828,165.529436530707,159.8208646298246,173.04175426676008,173.62173094045127,421.0864496231079,168.85761547088623,0.4017038643360138,431.6307897567749,164.40891361236572,0.7404396533966064,418.97757148742676,163.63108026981354,0.5951534509658813,440.60970878601074,167.5282102227211,0.5315775275230408,405.8366975784302,165.36874759197235,0.5361381769180298,458.1256847381592,184.55824744701385,0.623679518699646,387.4687395095825,181.0999076962471,0.5513873100280762,473.75229835510254,164.63578760623932,0.33531248569488525,380.86196088790894,155.23130071163177,0.44473394751548767,450.6244411468506,132.8664766550064,0.43947702646255493,398.14191818237305,119.5378930568695,0.4813016951084137,438.80414962768555,247.41228711605072,0.6625332832336426,399.8671112060547,246.0743203163147,0.729002833366394,436.93884658813477,288.22171330451965,0.5258753299713135,394.0722327232361,281.17007184028625,0.42366138100624084,430.27204608917236,327.7418923377991,0.5664475560188293,392.0037398338318,320.6709339618683,0.42060449719429016
641,22.837699973024428,,179.46632822281097,,139.88550935474902,161.89695016339473,163.79956016388266,171.81928908397768,179.15724109993133,417.89363956451416,168.6466394662857,0.31936347484588623,427.7889347076416,164.18776631355286,0.722411036491394,416.4262752532959,163.83567428588867,0.5599369406700134,440.46403884887695,166.1417374610901,0.63151615858078,404.58627128601074,164.77898347377777,0.5281581878662109,454.3063220977783,181.78694015741348,0.6299819350242615,384.89818572998047,178.2990124821663,0.45640453696250916,473.0373935699463,161.9104078412056,0.2943325340747833,380.0555953979492,155.35451012849808,0.41120225191116333,450.89460277557373,131.81106954813004,0.4394848644733429,399.9138903617859,118.31388321518898,0.4688584804534912,435.7886505126953,245.70088851451874,0.6154966950416565,398.29302167892456,244.8253879547119,0.7373488545417786,437.2518196105957,288.7806216478348,0.4955956041812897,395.1754221916199,281.8251943588257,0.4277017116546631,433.0809688568115,326.95394468307495,0.5868440866470337,392.3629107475281,322.31406807899475,0.5449500679969788
642,20.11879999190569,137.42356998931876,173.0093287957087,96.69467835855156,138.14034590272053,165.3094122586274,155.8660831976284,171.34181941557767,166.11385996526099,419.8152747154236,167.36809068918228,0.5224934816360474,425.2854537963867,162.85401618480682,0.7493342757225037,413.2462782859802,163.0570004582405,0.568207859992981,438.1800231933594,164.22369349002838,0.6842421889305115,405.144259929657,163.469735622406,0.5808610320091248,452.41033840179443,180.35993891954422,0.667479932308197,382.41249656677246,176.8198156952858,0.40054261684417725,472.10747146606445,167.49214059114456,0.3463849127292633,380.1367449760437,154.66347467899323,0.4372521638870239,454.8174810409546,132.75492006540298,0.4964621067047119,405.66090297698975,119.52626872062683,0.42149266600608826,435.8452606201172,245.50085306167603,0.6212802529335022,397.7350330352783,243.9630217552185,0.7359027862548828,436.1346797943115,284.7103660106659,0.520595133304596,390.97558403015137,277.85611033439636,0.3751404285430908,430.3724784851074,324.52366065979004,0.5799815058708191,392.83244609832764,318.63166069984436,0.4611184000968933
643,19.926699984353036,126.67660983996781,179.8839884231225,91.13398332141863,141.0451299210709,175.3887635204252,172.54277022633502,176.37321761858095,174.47720719137627,416.2640771865845,165.73266339302063,0.6368792057037354,420.85333728790283,161.75233966112137,0.5347245931625366,410.6430220603943,162.2984555363655,0.5182042717933655,433.28481578826904,163.92074847221375,0.6709144711494446,403.6335029602051,163.51365453004837,0.6064226031303406,448.6411666870117,177.68161207437515,0.6148399710655212,383.03477811813354,176.6589696407318,0.6124328374862671,471.4569606781006,163.2547281384468,0.30578383803367615,379.2470564842224,153.093063890934,0.41643252968788147,451.6919460296631,130.58279317617416,0.4203983247280121,401.28635692596436,114.64743793010712,0.5950112342834473,443.22443866729736,248.55332398414612,0.731486976146698,394.06053161621094,246.15523481369019,0.7574040293693542,436.2901554107666,292.4245661497116,0.46445733308792114,395.1090064048767,284.70979619026184,0.4531833529472351,433.07844161987305,326.6876676082611,0.5231757164001465,392.47130393981934,322.7643401622772,0.526872992515564
644,21.339000028092414,123.84976945496945,177.73108175334298,90.7641395543126,144.29373508599556,174.74994777667519,173.4379942668303,177.48942654411377,179.33058359613534,413.1869134902954,165.17315673828125,0.600481390953064,418.40060329437256,161.80618768930435,0.55049067735672,407.8699607849121,162.1979392170906,0.4681631624698639,429.5849914550781,165.18201744556427,0.6764958500862122,401.27473163604736,164.15189611911774,0.6336863040924072,445.703405380249,178.49508768320084,0.6258982419967651,381.8818778991699,176.78937304019928,0.6027448773384094,471.32797050476074,163.16845732927322,0.311988890171051,379.2399802207947,153.43081068992615,0.41930797696113586,452.31789207458496,130.40131962299347,0.43318089842796326,401.2927255630493,114.05832198262215,0.6012184619903564,442.0460386276245,249.10294425487518,0.7000511884689331,392.673255443573,247.13267624378204,0.7368026971817017,434.99792861938477,297.92153811454773,0.49245911836624146,394.37390899658203,292.2277216911316,0.3881444036960602,431.93481636047363,328.5847706794739,0.5145842432975769,395.95348262786865,324.19094252586365,0.5215706825256348
645,20.479500002693385,111.00762413767889,172.1051617535083,77.70328129746697,147.43038479070418,173.9487293590576,170.55381115295492,175.5024989648119,177.55104851582215,412.18969106674194,165.8079081773758,0.6036844849586487,419.87519550323486,162.6559181213379,0.5114716291427612,405.73904514312744,162.4659115076065,0.43204018473625183,429.33712005615234,165.35029965639114,0.6579890847206116,396.57642126083374,164.0759390592575,0.6352902054786682,446.36144733428955,179.77773916721344,0.6414994597434998,378.17083263397217,177.1817086338997,0.5322935581207275,476.1850166320801,170.53804433345795,0.4794527590274811,376.5385913848877,151.2757214307785,0.5200083255767822,453.9920349121094,131.32855987548828,0.4373375475406647,396.2789149284363,115.61096861958504,0.5979260206222534,441.7656669616699,249.07983803749084,0.7096602320671082,392.46650218963623,247.4467327594757,0.7443668246269226,433.7553873062134,295.23682928085327,0.4971448481082916,393.87574005126953,286.74248802661896,0.48649531602859497,430.56768226623535,329.2903792858124,0.5778445601463318,393.61955404281616,323.8956900835037,0.5149477124214172
646,19.472100015264004,111.6938159027653,169.29976123078342,84.27232111668043,147.74028115611796,173.9515462271479,167.07823603250642,174.69820920242185,172.35817112877302,411.51552534103394,165.40644121170044,0.643480658531189,419.1277904510498,161.98050999641418,0.560641884803772,404.8829436302185,162.01052528619766,0.4487491846084595,429.0349130630493,163.53301417827606,0.671810507774353,395.29604721069336,163.0872721672058,0.6130663156509399,446.77869415283203,178.21899545192719,0.6406629085540771,375.6406135559082,175.99561321735382,0.5175110101699829,472.9258918762207,170.31854951381683,0.48232001066207886,374.96139335632324,150.98126673698425,0.4775347113609314,455.80810737609863,129.07405120134354,0.4511007070541382,397.2786645889282,113.40117660164833,0.6138646602630615,440.7907600402832,248.3314644098282,0.7556343078613281,391.0398516654968,246.88665628433228,0.7587790489196777,431.883412361145,294.4568591117859,0.5060697793960571,390.534303188324,290.36759996414185,0.44125035405158997,428.52921295166016,328.4934569597244,0.5907936096191406,394.63052463531494,323.84608721733093,0.5021183490753174
647,19.343400024808943,111.08749209546775,164.1852156829492,82.55317901665987,147.65320351081195,174.0497420452752,161.15037530656392,174.71562667292062,158.00102615704438,409.76435232162476,164.7427001595497,0.6102378368377686,417.57202339172363,161.33068680763245,0.5594252943992615,405.42599630355835,160.7532593011856,0.4603530168533325,428.3662061691284,163.59036660194397,0.6640439033508301,393.691201210022,163.0537952184677,0.5805098414421082,444.6949872970581,177.7740511894226,0.578389048576355,372.93935108184814,175.8344964981079,0.5092328190803528,473.13812923431396,169.25777184963226,0.4867962598800659,374.2101721763611,151.6095222234726,0.4699767231941223,454.3768825531006,127.34644120931625,0.46652403473854065,398.85323429107666,116.8688542842865,0.5981143116950989,439.2856388092041,247.77059018611908,0.7724614143371582,389.0472011566162,246.66565144062042,0.7422351241111755,430.7399892807007,294.4730705022812,0.5055109858512878,384.3724699020386,290.86243200302124,0.5096246600151062,427.61880111694336,329.54947662353516,0.6137168407440186,394.09881925582886,324.8691427707672,0.4823632836341858
648,19.608000002335757,97.6070682078183,175.87896026472214,70.3782020800941,123.23799812537601,175.44801832338803,162.944596948588,178.76997119930363,163.4309566793096,407.3778066635132,163.78111398220062,0.5825425982475281,414.8970947265625,160.63613271713257,0.6013474464416504,404.15297651290894,160.31726121902466,0.5122373104095459,423.8156633377075,163.42446339130402,0.5556356310844421,391.61515188217163,163.0180817246437,0.5609651803970337,441.4355592727661,177.71288096904755,0.5078378319740295,373.09199619293213,175.79822742938995,0.5215790271759033,472.6772117614746,174.908509850502,0.5351385474205017,367.0539216995239,156.31186538934708,0.47164231538772583,452.37945556640625,130.88157850503922,0.5203715562820435,396.3780584335327,120.7967260479927,0.5905055403709412,438.4618606567383,246.43484568595886,0.7857736349105835,389.30108737945557,245.47931385040283,0.742975115776062,433.0076789855957,290.66598641872406,0.5367445945739746,386.45855236053467,286.5388627052307,0.5325917601585388,429.0374402999878,329.7544410228729,0.6317228674888611,394.8170347213745,323.90560495853424,0.4824546277523041
649,19.02100001461804,96.42752510084681,164.22910688621508,69.81918815513919,101.97805524244029,175.91862981653873,166.28895975026975,178.45646140888223,172.8175717172107,406.4300169944763,165.27492666244507,0.5431985259056091,414.24855518341064,161.82771265506744,0.6835823655128479,402.66342306137085,161.5917500257492,0.5646153688430786,420.9131317138672,164.70239961147308,0.5599073171615601,388.10138273239136,164.39495301246643,0.5432791709899902,437.9820394515991,179.8952361345291,0.4892238974571228,369.9591574668884,177.19189417362213,0.5167335271835327,472.9469184875488,176.24431133270264,0.5732133984565735,361.91776752471924,163.43850946426392,0.5180100798606873,451.97120571136475,133.50661289691925,0.4786530137062073,401.4646282196045,127.46345382928848,0.6025145053863525,437.4331741333008,247.30883622169495,0.7695313096046448,387.97898864746094,246.65297293663025,0.7310159206390381,433.81715297698975,292.7693359851837,0.5181431770324707,388.5745573043823,287.652747631073,0.48294797539711,431.92167472839355,328.8852369785309,0.5555164217948914,393.80505323410034,324.8007073402405,0.47328677773475647
650,19.23870004247874,97.53406683990922,131.30103800417405,64.57732185704069,66.26902425537088,178.14162890651815,167.51839178437245,178.03044328750477,172.98683192460078,405.10662937164307,164.74211609363556,0.5237300395965576,411.62136602401733,161.44879633188248,0.6733617186546326,403.1532015800476,161.4802646636963,0.5797628164291382,422.63332080841064,164.10267788171768,0.6118496656417847,390.4318742752075,165.0677969455719,0.6091797947883606,439.20062255859375,179.9154932498932,0.5508114695549011,369.20462560653687,176.37062627077103,0.5166248083114624,473.98915100097656,177.16724944114685,0.6020717620849609,356.41683197021484,169.74082285165787,0.45225492119789124,450.9267997741699,137.12463057041168,0.4682769477367401,395.4625415802002,138.2746706008911,0.6448429226875305,435.6388864517212,247.49015307426453,0.7639779448509216,386.53853940963745,246.43125581741333,0.6935747861862183,434.79059410095215,289.42773818969727,0.5008103251457214,387.5263605117798,286.42034006118774,0.4723680317401886,435.3245487213135,327.15916550159454,0.5947816371917725,393.1948013305664,324.6765719652176,0.49439364671707153
651,19.01479996740818,87.9717253570534,107.79908768837421,58.07334547454365,38.61529978744264,175.23547045062338,163.08654926415238,179.9076613068538,166.12480192912568,404.34492015838623,164.01046669483185,0.49169835448265076,411.27364349365234,160.55672824382782,0.6395626068115234,403.3685474395752,160.2248648405075,0.5214085578918457,422.37930822372437,162.7434282898903,0.5742653608322144,389.79149770736694,163.66353154182434,0.5266902446746826,437.804425239563,180.15196871757507,0.5646013021469116,367.6856803894043,177.77541875839233,0.5577882528305054,477.2779960632324,184.1439310312271,0.6314420104026794,352.6561770439148,177.00297021865845,0.5341601371765137,456.4755001068115,141.77805465459824,0.597956657409668,396.3923625946045,145.60640728473663,0.6086771488189697,433.4373092651367,246.84523034095764,0.7695928812026978,385.89338636398315,246.4125941991806,0.6900057196617126,434.17566680908203,288.3929158449173,0.5182307362556458,384.46592712402344,286.16534543037415,0.4754523038864136,434.77002239227295,325.17405366897583,0.6013779640197754,392.13902282714844,322.83465600013733,0.5090056657791138
652,20.36760002374649,86.17954303044603,87.96446647685131,64.21006558110979,,168.94484214359764,164.2612388563526,175.71416680813493,165.28552801408554,402.5502028465271,163.1443111896515,0.4257073998451233,410.05053663253784,160.7411933541298,0.6602823734283447,400.7976903915405,160.4711982011795,0.5448978543281555,421.57776975631714,163.05134499073029,0.626766562461853,390.012656211853,164.2283232808113,0.63849937915802,434.6556396484375,180.7498100399971,0.5431621074676514,366.49964809417725,178.34578049182892,0.5411679744720459,477.047158241272,187.14605832099915,0.5886015295982361,347.18913173675537,184.07266074419022,0.5305072665214539,465.9996452331543,151.47842079401016,0.4889218807220459,376.3927698135376,157.64413398504257,0.2754454016685486,429.4217824935913,243.60571587085724,0.7656043171882629,383.1979365348816,242.99176287651062,0.5943030714988708,433.5282897949219,280.8302309513092,0.5775367021560669,382.3780755996704,280.3970534801483,0.5188223719596863,434.9770030975342,322.1211838722229,0.6396956443786621,391.6285967826843,319.0505356788635,0.4073758125305176
653,18.664199975319207,85.66008530770024,94.37765212597928,56.31838483699343,,162.1361946385535,145.68515485381653,175.7087849196348,140.66095355342296,402.82018756866455,166.64463245868683,0.43385839462280273,407.2965307235718,163.5551374554634,0.688163161277771,394.6254196166992,164.26130163669586,0.5312368273735046,419.1725730895996,165.4136067032814,0.6884624361991882,384.7494578361511,166.8453232049942,0.6942750811576843,433.58641624450684,182.29443645477295,0.6039509177207947,368.4073328971863,182.2886527776718,0.6674456596374512,473.407431602478,191.68352395296097,0.616993248462677,335.23393630981445,189.58289527893066,0.43423494696617126,466.00571060180664,171.7964072227478,0.43307119607925415,367.93491649627686,175.1601567864418,0.23847420513629913,424.4769401550293,240.2868539094925,0.6609894633293152,385.88840770721436,240.26688170433044,0.7088210582733154,430.284631729126,277.2191935777664,0.563539981842041,374.2601103782654,277.06602585315704,0.5110028982162476,433.7596836090088,319.98526906967163,0.5789217352867126,390.78684997558594,318.37988555431366,0.3810347318649292
654,19.10850004060194,84.56805663948876,82.53723453273538,29.3776010672198,,163.88709148404448,158.55287043005495,175.44597492128622,150.4746103087252,404.7589068412781,165.2049527168274,0.45957785844802856,411.8469977378845,163.6372343301773,0.7186180353164673,400.393837928772,164.00721871852875,0.5829381346702576,422.8822536468506,166.06469774246216,0.6050844788551331,390.27938079833984,167.3422065973282,0.6107724905014038,439.56242179870605,186.78769826889038,0.6123144030570984,368.1405830383301,181.62560975551605,0.6494698524475098,475.99481678009033,199.3665691614151,0.6804271340370178,335.8252592086792,194.00347650051117,0.5076403617858887,458.79641342163086,179.97805953025818,0.3871513605117798,360.9831953048706,180.46730732917786,0.27671903371810913,426.28042697906494,241.6214017868042,0.7242138385772705,382.4862666130066,241.39911484718323,0.5738310813903809,427.94061946868896,279.69494926929474,0.5453435778617859,377.03016424179077,280.4618990421295,0.5677344799041748,432.9622392654419,320.2950234413147,0.5655059814453125,392.1059160232544,318.58938002586365,0.38954758644104004
655,18.741899984888732,77.25418649579022,72.7027655274198,12.983421669059002,8.763625246435971,161.04296074454223,149.63262793476582,178.91262576838935,147.51834506413232,403.68280935287476,167.0418115258217,0.43424171209335327,408.61008739471436,164.32480812072754,0.708240270614624,397.1495985984802,165.0181940793991,0.642950177192688,419.54860067367554,166.3105182647705,0.6682634949684143,386.656081199646,167.27703338861465,0.522894561290741,436.04390144348145,186.08196145296097,0.6309541463851929,366.991397857666,182.3521022796631,0.6027072072029114,468.19591522216797,201.6172457933426,0.7093108892440796,343.51101636886597,197.59700614213943,0.5902996063232422,450.6496124267578,187.52355009317398,0.32317978143692017,356.2034320831299,186.26551485061646,0.3533322811126709,423.45560789108276,240.4209041595459,0.6542931795120239,383.28045082092285,240.31440472602844,0.6848539710044861,426.5631742477417,270.4213216304779,0.5858200788497925,375.81539726257324,268.82930040359497,0.4836684465408325,430.3750057220459,315.56511521339417,0.5833880305290222,389.2119517326355,310.5267916917801,0.31618452072143555
656,21.528400015085936,73.14458395172991,62.613840597899284,,,152.53184215487516,154.58830887425475,172.08446295447786,149.49513199138974,401.8213224411011,170.65679490566254,0.4298335909843445,410.230450630188,166.85848605632782,0.6388728022575378,397.77051544189453,167.058165371418,0.6658524870872498,420.85566234588623,168.0382137298584,0.5889685153961182,388.611909866333,169.01465797424316,0.37814536690711975,439.81939125061035,187.81479954719543,0.5820505023002625,368.07805919647217,185.96930795907974,0.646088182926178,469.5243320465088,207.78681951761246,0.6661236882209778,347.6545729637146,202.95997059345245,0.5470858812332153,446.4295310974121,195.09765988588333,0.2794882357120514,364.11095428466797,192.85222560167313,0.2940130829811096,422.77749967575073,243.3504363298416,0.7149844765663147,380.68012619018555,243.42297446727753,0.7307853102684021,427.5407600402832,269.2809970378876,0.5591346025466919,374.5780620574951,269.7696180343628,0.4788985550403595,429.48223400115967,313.86856043338776,0.5753644108772278,386.698184967041,308.2924973964691,0.3578648865222931
657,18.125400005374104,69.42956488796611,50.51449685343093,27.8045790096486,33.821384006654725,148.1773181225646,141.12189563468434,156.3184972439779,128.0764526107314,401.9811954498291,171.77207589149475,0.40582284331321716,410.2569613456726,168.37913727760315,0.5817965865135193,397.4101061820984,168.51861506700516,0.6057859063148499,421.5989227294922,169.09225326776505,0.5404378771781921,388.06840229034424,170.4554916024208,0.41365164518356323,439.50085830688477,187.98533254861832,0.5525625944137573,371.0436706542969,188.62391602993011,0.5728529095649719,465.291766166687,205.47426038980484,0.5012854933738708,355.87019062042236,206.83549010753632,0.4231243431568146,437.9905309677124,202.44243121147156,0.3809085488319397,371.5515441894531,202.226668715477,0.33458131551742554,426.2652130126953,242.816628575325,0.7168223261833191,381.2741026878357,242.69357585906982,0.709881603717804,433.50225925445557,264.7614095211029,0.6109769940376282,367.632785320282,268.17303824424744,0.37696680426597595,429.0556869506836,311.54192674160004,0.5733105540275574,380.318706035614,296.9908504486084,0.377704918384552
658,19.993800029624254,68.12676739608008,47.39698520601886,48.07009511044814,76.29250399547334,133.04348172418347,154.8709343061029,136.30145767788142,156.74080320325945,402.78283500671387,170.73386311531067,0.4852985441684723,406.53643894195557,166.9555976986885,0.5873996019363403,393.9247431755066,167.18495041131973,0.5737338662147522,417.3013563156128,168.7416285276413,0.5562636256217957,385.789466381073,169.1230663061142,0.5801388025283813,435.46192932128906,188.27109748125076,0.5920913815498352,368.0008521080017,188.9467477798462,0.5854306221008301,463.0755310058594,207.49472957849503,0.4460999071598053,352.7485475540161,210.01470333337784,0.4016623795032501,438.6355323791504,213.2386901974678,0.41619670391082764,362.4180088043213,213.95984065532684,0.33605989813804626,423.1035385131836,241.92477416992188,0.7181726694107056,378.5322275161743,240.7376673221588,0.7041929960250854,436.1596488952637,261.2918585538864,0.5985412001609802,372.6215510368347,265.10429894924164,0.4728531241416931,427.94198417663574,309.30113649368286,0.425635427236557,378.40477895736694,299.2092752456665,0.4219074547290802
659,19.313699973281473,58.91665390886319,41.96244262097751,94.6320986678998,140.3254454500949,143.47094351697007,154.4422046675248,146.18499057422207,156.0067757357184,403.06836223602295,171.31610560417175,0.5531176924705505,406.68130016326904,167.7141426205635,0.5702530741691589,396.36137866973877,169.0464397072792,0.44167259335517883,418.2175302505493,169.7324607372284,0.48900657892227173,386.10206031799316,171.500328540802,0.45754051208496094,434.1962890625,187.57043206691742,0.6050128936767578,366.1480083465576,188.4142221212387,0.5942788124084473,453.11205101013184,203.50769621133804,0.4967283308506012,357.25769424438477,204.92689090967178,0.4361640512943268,438.929500579834,223.40313231945038,0.5074427127838135,361.9775366783142,228.3836760520935,0.42130371928215027,425.64219856262207,241.3837296962738,0.6867170929908752,378.6458520889282,239.8200285434723,0.687699019908905,436.5249357223511,262.29197883605957,0.542487382888794,373.7763214111328,262.9414316415787,0.4084717929363251,430.7592468261719,314.36655497550964,0.553454577922821,381.8234987258911,300.4777239561081,0.4026238024234772
660,20.30530001502484,44.99462481089732,22.927844027864953,107.54473509817029,,164.51120374307638,155.1284641581793,166.41098510343164,159.9204020635602,401.85036039352417,172.8218560218811,0.5471779108047485,405.90740966796875,167.71038180589676,0.5383961200714111,394.29106616973877,169.93115711212158,0.4006521999835968,416.29910469055176,168.1851989030838,0.6102591156959534,383.8592891693115,171.0679345726967,0.4421936571598053,434.35297775268555,185.73368722200394,0.5873278975486755,361.2008662223816,188.10751628875732,0.5519241690635681,448.51687717437744,202.3746795654297,0.4652334749698639,358.9797282218933,207.76435434818268,0.4125463664531708,433.76039123535156,225.94176769256592,0.3522776663303375,373.3126745223999,230.06262338161469,0.28031882643699646,429.6165313720703,244.70492792129517,0.6983899474143982,377.4413962364197,243.0014213323593,0.6883230805397034,433.40455627441406,264.3818236589432,0.5378589630126953,374.59691524505615,262.28628063201904,0.39427071809768677,430.9496488571167,316.58831322193146,0.5106608867645264,382.3557348251343,299.7882127761841,0.34177467226982117
661,19.799900008365512,37.14511656302766,14.828865737025872,114.58136337098381,173.08471976805112,177.00122362143648,133.47803220265868,172.42249945168476,131.01802513829747,399.4289388656616,173.12851911783218,0.5288845300674438,404.20453214645386,169.00029850006104,0.3541378974914551,392.25990056991577,170.1593986749649,0.3967457413673401,414.13558769226074,168.81691604852676,0.5790826082229614,384.6254463195801,171.46743565797806,0.44222530722618103,433.88614654541016,186.2129489183426,0.5720967054367065,361.9206233024597,189.36851459741592,0.5387853384017944,446.72592544555664,203.7048398256302,0.5832242369651794,363.3493208885193,207.1206282377243,0.4547576308250427,431.32812786102295,231.32563030719757,0.33121439814567566,369.4132490158081,236.88177812099457,0.3007032573223114,432.9778070449829,246.382422208786,0.720140278339386,381.7198061943054,245.49709224700928,0.7004958987236023,433.77636337280273,267.8141083717346,0.5666983723640442,370.3364486694336,267.7499465942383,0.3263683319091797,428.9657173156738,318.2952387332916,0.42132341861724854,382.28974866867065,297.4995006322861,0.36175891757011414
662,21.735600021202117,57.62517150792847,19.68410443884598,101.78837987944326,,146.9241484108703,132.20203026331092,142.75859380848885,130.76970696622013,403.6347665786743,173.57367706298828,0.5652337074279785,406.11808013916016,169.34216225147247,0.45749014616012573,395.8140802383423,170.24192291498184,0.47162631154060364,415.8466281890869,168.5829477906227,0.4974099099636078,385.6640396118164,171.25097513198853,0.4699682891368866,432.46199798583984,186.7274540066719,0.560181200504303,363.99237632751465,188.95926958322525,0.5851666331291199,451.8027400970459,201.16740107536316,0.5499078035354614,363.4044146537781,205.1194902062416,0.46012312173843384,438.4407329559326,229.87865686416626,0.47598734498023987,368.7821979522705,238.98022723197937,0.2917095422744751,427.91125297546387,246.27079439163208,0.7157594561576843,381.99201488494873,245.69989132881165,0.6691210269927979,437.3110580444336,263.43606424331665,0.5195162892341614,370.85357189178467,264.83953189849854,0.4192066490650177,429.6860303878784,314.2377755641937,0.5003321766853333,381.10599088668823,294.5595407485962,0.3535113036632538
663,20.12030000332743,51.62305874065735,25.284012472800732,123.02821662170068,173.0824406100888,165.0105553029768,139.37828810158302,164.24691329416976,125.47199536979836,404.29149436950684,172.79459011554718,0.5474430918693542,405.83806228637695,168.1906121969223,0.5217818021774292,396.6720771789551,169.1533949971199,0.4532710611820221,414.6384572982788,168.66107016801834,0.5846652388572693,388.18470573425293,169.50041562318802,0.5143249034881592,433.5572519302368,186.24793589115143,0.5918051600456238,369.3372802734375,188.52345669269562,0.5967004299163818,449.4950695037842,202.09694910049438,0.5668634176254272,365.839129447937,206.4410319328308,0.4795219898223877,443.30889892578125,231.6782636642456,0.5775453448295593,363.3668851852417,240.68205285072327,0.3776571750640869,426.9888114929199,244.23137867450714,0.6940854787826538,383.20564460754395,243.18308007717133,0.7070650458335876,431.0336036682129,271.21049439907074,0.481418639421463,368.7609691619873,272.30093121528625,0.37012478709220886,425.3137083053589,316.3195004463196,0.48987042903900146,380.6426978111267,294.5132143497467,0.34726348519325256
664,20.321400021202862,51.32585890350495,14.98881532134388,125.14905688778128,172.83275539204797,167.41454548184456,148.35468323604894,168.2775969958969,132.07485272135273,405.0041751861572,170.71407610177994,0.44402381777763367,404.5148010253906,166.69981956481934,0.5510154366493225,394.6368932723999,167.10912156105042,0.5478107333183289,411.9615068435669,167.3943594098091,0.6167118549346924,389.3198142051697,167.87108540534973,0.5241034626960754,431.4053602218628,186.20595437288284,0.585634708404541,366.9480051994324,187.50268042087555,0.6322689056396484,447.9950532913208,202.43690395355225,0.5635272860527039,366.66768407821655,206.93025124073029,0.4633994400501251,443.22064781188965,231.83466511964798,0.5163223147392273,361.2096610069275,245.79607701301575,0.41850247979164124,425.6477584838867,243.89358913898468,0.6840302348136902,380.9249143600464,242.89272809028625,0.6992517709732056,429.49815559387207,275.7776334285736,0.5099037289619446,369.5204544067383,279.1001422405243,0.45725223422050476,425.8540315628052,318.8447165489197,0.47345641255378723,391.91783905029297,317.21155428886414,0.3287608325481415
665,19.283699977677315,44.423413277760304,25.748882678802683,,170.4883155738348,176.71930263943975,157.82715178228858,179.19049796813616,145.1969677837813,406.8616690635681,170.70092749595642,0.4419083595275879,405.7395758628845,166.57049882411957,0.5723134279251099,395.17347621917725,166.93233478069305,0.5347142815589905,414.0313391685486,167.46625649929047,0.6134058833122253,390.75116539001465,168.2682359814644,0.4806264340877533,433.22411155700684,185.36073976755142,0.588265597820282,371.65551471710205,187.6469304561615,0.5637539625167847,447.15939712524414,201.74291968345642,0.5591246485710144,366.58476543426514,208.28801929950714,0.49933508038520813,438.80445289611816,210.68984079360962,0.24369603395462036,350.359601020813,245.93744945526123,0.44751134514808655,429.01211738586426,245.03080821037292,0.6933885812759399,383.51336097717285,243.68973588943481,0.689915657043457,428.56338119506836,278.99261713027954,0.4694392681121826,376.82983016967773,280.7384328842163,0.5253473520278931,428.60123920440674,320.30969631671906,0.5234341621398926,393.63666343688965,317.4868060350418,0.38608524203300476
666,17.97479996457696,42.28507285073166,19.995044547130675,,,173.0679023549119,156.69151977721592,177.54912554544023,150.62680170979573,400.8395414352417,170.84809786081314,0.35508018732070923,406.96366834640503,166.96111071109772,0.5519120097160339,395.33537101745605,167.3045414686203,0.5112972855567932,416.2653408050537,167.3455827832222,0.6004365086555481,390.82435417175293,168.56036865711212,0.47002294659614563,435.1343994140625,184.1601424217224,0.5908511281013489,367.4303283691406,184.97178035974503,0.47537633776664734,447.2327880859375,200.93790590763092,0.588412344455719,365.57328939437866,206.5230148434639,0.508398711681366,436.9228744506836,197.5740566253662,0.18293830752372742,351.3953890800476,244.15553557872772,0.298494815826416,428.2791681289673,244.42286682128906,0.6962094902992249,383.2269492149353,243.63830959796906,0.6976811289787292,428.52673625946045,276.49443900585175,0.563335657119751,378.0695662498474,279.2590936422348,0.4772094488143921,426.99866771698,320.0650154352188,0.5162791013717651,393.1777172088623,318.34202098846436,0.416495680809021
667,18.114999984391034,38.50486459839951,21.974708208243054,,164.32395332761465,172.26161441260749,146.99867307393316,179.35685582498812,135.30336907115515,406.0723624229431,173.7684701681137,0.5448378324508667,408.01406383514404,169.1328672170639,0.453001469373703,398.52711963653564,169.4125635623932,0.5186076164245605,417.7085952758789,169.18745601177216,0.52837735414505,386.8123655319214,169.32048058509827,0.40414974093437195,434.91882610321045,185.5745791196823,0.5884420871734619,368.11743354797363,186.10110741853714,0.4652237296104431,446.00879669189453,203.29471158981323,0.591273307800293,365.6329574584961,207.49039894342422,0.5249406695365906,443.93130683898926,207.93394714593887,0.14385582506656647,350.7773280143738,243.70936620235443,0.34605133533477783,428.30994987487793,243.89777731895447,0.6885162591934204,383.6666884422302,242.7484495639801,0.6963139772415161,429.07499504089355,278.31190967559814,0.5531161427497864,371.98981761932373,279.442746758461,0.47233936190605164,429.5454149246216,321.06821274757385,0.5616175532341003,392.17152309417725,318.9756327867508,0.3647400736808777
668,18.80020002136007,45.009818453574084,24.12751176801207,,166.05728174368258,163.3888133914301,144.52979041547022,169.60062736218222,135.2990550467758,405.9962167739868,175.14732158184052,0.527746319770813,407.582462310791,170.15372896194458,0.4798116385936737,398.18538665771484,170.71634113788605,0.5750152468681335,417.51043462753296,168.80512076616287,0.43699872493743896,386.50571060180664,170.90389752388,0.44173359870910645,433.0723762512207,185.33811789751053,0.5930832624435425,370.8160171508789,187.4838478565216,0.472422331571579,445.7978229522705,202.22319281101227,0.5886251926422119,367.450647354126,206.7867134809494,0.4833807349205017,442.4750623703003,206.13867098093033,0.2000579982995987,349.7910990715027,246.7646862268448,0.4157108664512634,424.8224639892578,243.99256694316864,0.6895156502723694,384.8762493133545,242.89620399475098,0.6784295439720154,429.809814453125,276.9508366584778,0.6325961351394653,371.1091260910034,278.33022940158844,0.46937885880470276,428.3791456222534,322.61567401885986,0.5149343609809875,389.3051815032959,320.24151730537415,0.3725377917289734
669,18.39699997799471,35.78847890926727,34.49670238049046,,172.0309316649796,172.0627449969789,155.4874034862504,178.11564371080013,157.45311605560622,403.2941961288452,176.9172407388687,0.49076345562934875,406.971022605896,171.36049461364746,0.553107500076294,394.96879529953003,172.6575198173523,0.5994126796722412,417.64814376831055,170.2501995563507,0.5227992534637451,383.87238025665283,173.05912923812866,0.4383973181247711,434.6642827987671,188.65857535600662,0.5310150980949402,368.1763687133789,190.26858866214752,0.39960792660713196,444.1992950439453,205.2609766125679,0.49145928025245667,361.2710223197937,211.96309024095535,0.4313204884529114,453.86653232574463,230.62754333019257,0.21733252704143524,344.4923677444458,246.9431824684143,0.4473356306552887,428.87594985961914,244.48936486244202,0.6882299184799194,384.2212905883789,243.27661609649658,0.5550624132156372,430.0586967468262,278.0533821582794,0.5674509406089783,379.3378601074219,279.5280203819275,0.5116400718688965,430.1630210876465,322.7176433801651,0.49862319231033325,390.4831266403198,321.48942399024963,0.5034723877906799
670,19.109200045932084,43.53730358387537,29.987234482194527,157.48222225341019,165.55209774278265,161.38242388474987,151.94462615455194,170.27394062473473,147.70110707525643,403.1364207267761,174.83129918575287,0.5684739947319031,406.4489207267761,170.04955154657364,0.46414563059806824,394.7343940734863,170.97461223602295,0.5176879167556763,418.38650131225586,169.62311220169067,0.49716174602508545,384.02497482299805,172.16741728782654,0.40542080998420715,435.77070713043213,188.4172564148903,0.5313206315040588,368.8773989677429,188.9274308681488,0.38461172580718994,447.1264419555664,204.50748884677887,0.5082716345787048,362.62044048309326,211.60098361968994,0.4845815598964691,455.104474067688,239.92356491088867,0.3076433539390564,344.1622095108032,243.73301374912262,0.403949499130249,427.8496894836426,242.55083584785461,0.6625269055366516,382.46493673324585,241.24070477485657,0.48306506872177124,434.11511421203613,277.0514384508133,0.6133007407188416,374.3248076438904,275.1586945056915,0.49178463220596313,434.557279586792,321.74128460884094,0.5061759352684021,389.99519300460815,321.1810371875763,0.46235308051109314
671,18.187100009527057,39.027104994888575,33.93798763241692,156.94684401469132,164.97240969887338,165.87875033732016,156.60223078941755,172.63629129628777,156.65004029428778,402.02140378952026,176.47996056079865,0.5135580897331238,407.81218814849854,171.5542620420456,0.5655330419540405,393.3753471374512,172.88194358348846,0.5426204800605774,420.3719744682312,170.38661456108093,0.5101799964904785,387.46424102783203,174.28093814849854,0.5723387598991394,436.64690017700195,188.16277462244034,0.46050557494163513,369.4495906829834,190.79062962532043,0.4161476492881775,447.5793228149414,205.16400742530823,0.526791512966156,362.7288336753845,211.89857232570648,0.4622266888618469,453.04053020477295,237.1491378545761,0.456245481967926,342.7876453399658,242.9732437133789,0.41466569900512695,430.5184516906738,243.81082272529602,0.6790789365768433,384.50985050201416,242.37108600139618,0.5266149640083313,435.2110252380371,277.9051718711853,0.5672680735588074,380.40587043762207,275.22057700157166,0.5117911696434021,435.60178661346436,325.24254608154297,0.5034651160240173,393.80821228027344,321.2655415534973,0.4526338577270508
672,19.790899998042732,37.781682241060054,32.674595497478954,,161.02394825797836,162.35580964384977,159.02706869900842,168.69095751572706,162.99228146597497,402.906063079834,173.96871930360794,0.4567846357822418,410.65538024902344,170.92372727394104,0.5945992469787598,397.12465476989746,171.56884944438934,0.5062209367752075,422.48916721343994,170.43237113952637,0.47590216994285583,384.2286448478699,172.98566514253616,0.3896677792072296,437.5084352493286,187.8111242055893,0.4494737684726715,368.65952587127686,190.41993296146393,0.40387338399887085,447.9969234466553,205.1539216041565,0.5135816931724548,361.9227714538574,213.32910645008087,0.489585280418396,461.4617385864258,228.30610924959183,0.25485002994537354,342.04676055908203,241.33592176437378,0.38934823870658875,431.0187940597534,243.75247311592102,0.6620112657546997,383.6672191619873,241.7824900150299,0.5128703713417053,437.12469959259033,275.085785984993,0.5513502955436707,381.12072467803955,272.8555374145508,0.4692820608615875,436.8900203704834,322.7600380182266,0.4292350709438324,391.3399863243103,319.63628256320953,0.3128357231616974
673,18.901700037531555,28.844143521518887,36.44621855199678,,164.50215010169532,167.77271109520117,164.76123943337888,175.542666196123,169.07582063840456,403.3667025566101,172.79994642734528,0.49836957454681396,410.8976664543152,169.54293847084045,0.4960421323776245,398.8193187713623,169.9441775083542,0.43676862120628357,422.95048904418945,169.46866238117218,0.4182816743850708,386.061194896698,171.77959752082825,0.38201478123664856,438.36617946624756,188.04076182842255,0.45329219102859497,370.802622795105,190.0306031703949,0.42690497636795044,447.3456039428711,208.8495203256607,0.5031478404998779,361.36430263519287,214.01534116268158,0.4611034691333771,459.8276777267456,233.86573296785355,0.2819869816303253,341.17880630493164,240.82365322113037,0.382511705160141,432.8937005996704,244.84436297416687,0.6648423075675964,384.8210039138794,242.47271347045898,0.5459757447242737,437.1429967880249,280.88456332683563,0.5180599093437195,384.6445016860962,279.5356559753418,0.49314090609550476,438.92707443237305,325.9506618976593,0.4849884808063507,392.5823001861572,321.7417689561844,0.4108695685863495
674,18.587100028526038,25.818637363454155,45.10370027155699,,173.50294588519847,167.06810877257192,161.79686147727062,171.44703059482163,159.8717146258065,403.6470236778259,172.87352448701859,0.5269680619239807,411.1393713951111,169.7239134311676,0.5293682813644409,399.2701778411865,170.04628932476044,0.45821094512939453,424.0661630630493,170.04193019866943,0.4351193904876709,387.217734336853,172.13486629724503,0.39739692211151123,439.31758308410645,188.26350462436676,0.4331190586090088,374.45925664901733,190.6909965276718,0.4523135721683502,446.93710136413574,208.79078608751297,0.5057697892189026,361.3522982597351,212.17403775453568,0.4729439914226532,453.6224012374878,223.33395612239838,0.19920961558818817,340.78582096099854,238.60737949609756,0.4293084740638733,433.92279148101807,244.763676404953,0.6605386137962341,387.07686614990234,242.3876392841339,0.5604414939880371,438.90331840515137,282.70881485939026,0.5031217336654663,384.0232310295105,281.29970598220825,0.37545186281204224,438.0844430923462,326.3362023830414,0.45222246646881104,395.47242307662964,322.1926108598709,0.3990550637245178
675,18.95399997010827,31.667175910868416,43.17561790061611,163.5386157456939,175.45222336920162,160.40783339888287,175.9162853524777,164.6265360475214,176.24841645522838,405.7799105644226,172.65803265571594,0.5990979671478271,413.0996732711792,169.89625561237335,0.5871274471282959,401.07437229156494,169.95981907844543,0.44711020588874817,421.5339980125427,171.3371747136116,0.3460541069507599,388.316602230072,172.5052922964096,0.41136589646339417,438.98929500579834,189.97701156139374,0.5001395344734192,375.7431182861328,191.587637424469,0.4600073993206024,447.861665725708,210.74431562423706,0.4826909303665161,360.35606145858765,214.9395471215248,0.4341220259666443,451.21207427978516,239.38517010211945,0.38345393538475037,339.41537618637085,241.8104966878891,0.5527977347373962,430.4245901107788,247.0554370880127,0.6417949795722961,384.8509769439697,244.34998679161072,0.5575166940689087,438.1681957244873,286.6767592430115,0.5064969062805176,388.9675931930542,285.51908361911774,0.5199147462844849,435.09613704681396,327.39173769950867,0.47232913970947266,390.2907028198242,324.20940470695496,0.489384263753891
676,18.634699983522296,37.454048637787615,40.441881457209625,151.01561373347326,168.91933083621092,161.9503369367064,179.80827228257,165.92879126468787,173.6305949040543,405.523775100708,172.1539410352707,0.546359121799469,415.21883726119995,169.31847196817398,0.574830174446106,398.1436114311218,169.68553602695465,0.5028864145278931,422.6063804626465,170.5287562608719,0.3802351653575897,389.9405288696289,171.7976038455963,0.44320306181907654,438.8521671295166,186.34320986270905,0.3435984253883362,377.25546741485596,190.9491536617279,0.4766095280647278,450.63879585266113,207.57097154855728,0.49082690477371216,362.2343039512634,213.88302886486053,0.45605868101119995,450.67346954345703,242.63326036930084,0.38875770568847656,337.7888717651367,238.92921406030655,0.5094350576400757,429.8890686035156,246.94603157043457,0.6766522526741028,384.0320510864258,244.45614433288574,0.5575295090675354,436.8666181564331,288.0398551225662,0.5947358012199402,389.18364667892456,286.25406646728516,0.5496567487716675,433.6810359954834,329.1163846254349,0.46808746457099915,389.62310791015625,324.5847454071045,0.5266047716140747
677,18.9022000413388,46.29000612995371,44.05952610171102,131.49097262037222,177.18888016964965,159.97527903856235,178.88935468397574,161.886336674778,176.97172115461336,406.34469747543335,171.70956659317017,0.5545673370361328,416.3326663970947,168.88556516170502,0.5217664241790771,399.9591784477234,168.88472467660904,0.49183547496795654,422.6622323989868,170.72495967149734,0.3528057038784027,392.41072607040405,171.1859586238861,0.4208403527736664,438.5146293640137,185.85493075847626,0.32342126965522766,379.20689868927,190.0155029296875,0.4091635048389435,453.1107368469238,204.49033725261688,0.36656463146209717,360.1123094558716,213.77046084403992,0.43372783064842224,446.55953216552734,240.04750084877014,0.4300697445869446,338.806640625,237.76427322626114,0.5261484980583191,429.9537658691406,245.11428689956665,0.6636396050453186,384.0439796447754,242.48935222625732,0.49701371788978577,438.4510440826416,285.7728816270828,0.6058196425437927,388.621563911438,283.44570660591125,0.49644479155540466,433.5874271392822,329.7617347240448,0.4382302761077881,391.0397758483887,324.7694811820984,0.4425855278968811
678,19.08470003399998,60.614284443126365,44.03135170260649,114.07434273035632,176.1005050345705,155.79924219827163,178.42374070949842,165.26072546882764,178.9847839151865,411.0030016899109,175.22219598293304,0.6372524499893188,419.3474073410034,172.01761150360107,0.528812825679779,402.7697944641113,172.62016808986664,0.38913825154304504,427.82219314575195,172.7764698266983,0.5849329233169556,393.9874439239502,174.30914425849915,0.5628840923309326,442.6591463088989,188.06362587213516,0.45143386721611023,383.4969844818115,194.23137617111206,0.5276981592178345,458.9166593551636,202.87560868263245,0.4201223850250244,368.4895944595337,212.05176854133606,0.315635085105896,446.3702926635742,240.89721703529358,0.46210429072380066,342.76737689971924,238.68622839450836,0.5373181700706482,428.8718557357788,248.0193167924881,0.6104687452316284,386.9891710281372,245.07676422595978,0.653121292591095,437.1426429748535,289.59831392765045,0.590910017490387,388.7411527633667,287.7175931930542,0.5358004570007324,434.42515563964844,334.1693240404129,0.49088409543037415,389.65449619293213,326.8342254161835,0.5052419304847717
679,19.124799990095198,55.700344445616,30.353558928222093,122.03346621750175,162.23915993734926,151.1529881501048,175.65075314729074,159.54484554965126,177.13555674467761,413.90530586242676,174.2027587890625,0.6259503364562988,419.34038162231445,170.78118669986725,0.40025487542152405,406.984290599823,171.32254457473755,0.40815675258636475,430.2978744506836,171.5047446489334,0.5778328776359558,397.5431652069092,172.20323050022125,0.3123796284198761,444.97212409973145,187.22372484207153,0.49118471145629883,384.73583602905273,188.47282814979553,0.32652413845062256,460.75360679626465,206.09908270835876,0.513434648513794,371.68735790252686,211.799380838871,0.43504971265792847,449.64008235931396,240.16556763648987,0.549892008304596,346.25900745391846,235.526018679142,0.41459232568740845,428.511269569397,245.38851296901703,0.6613609194755554,385.80364418029785,242.52926814556122,0.5131426453590393,438.1237668991089,286.87514221668243,0.6002403497695923,389.73223400115967,283.4723172187805,0.47329121828079224,432.4304075241089,330.65262043476105,0.3960880637168884,391.61128520965576,324.59166872501373,0.45770540833473206
680,18.607000005431473,32.83454763471988,22.136888882782635,146.28228086147055,152.6511138436343,156.08861246483696,176.40615054393703,166.66657267693125,179.91551145621182,417.462290763855,175.14772045612335,0.5906943678855896,423.09997510910034,170.69240868091583,0.46981120109558105,409.48898458480835,171.60648608207703,0.4381953477859497,436.4697914123535,170.45835494995117,0.5470184683799744,399.26264667510986,172.0783828496933,0.34862515330314636,452.2061376571655,187.41156613826752,0.46239733695983887,387.57652616500854,188.48204499483109,0.3580840528011322,457.8759431838989,208.99067908525467,0.5523202419281006,378.9676704406738,210.13238549232483,0.4265531003475189,448.0204772949219,237.6190687417984,0.5712597370147705,349.6078996658325,235.62458336353302,0.4096216559410095,432.69339179992676,247.06466817855835,0.6600591540336609,388.014723777771,243.9576369524002,0.5849505066871643,436.93571281433105,288.84201979637146,0.5998339056968689,390.87227058410645,284.35217690467834,0.47844889760017395,431.37670135498047,330.86767065525055,0.39840951561927795,393.7793765068054,324.60394835472107,0.4919353425502777
681,17.745699966326356,32.613446976394776,21.04250547946987,146.55183198126323,151.11454211456663,156.15496665887434,176.30032235540094,167.79042596802898,179.8656344480439,417.67136907577515,175.06898552179337,0.5898550152778625,423.2586603164673,170.6164801120758,0.46911224722862244,409.7042293548584,171.51688182353973,0.4373593032360077,436.6373472213745,170.29936081171036,0.5426307320594788,399.3679313659668,171.9238475561142,0.3496529161930084,452.3984098434448,187.41636687517166,0.4629320800304413,387.35605001449585,188.31290805339813,0.35747116804122925,457.9987668991089,209.3572872877121,0.5506192445755005,379.0931224822998,210.37495803833008,0.4271615445613861,448.1078186035156,237.87343657016754,0.573994517326355,349.5083518028259,235.7160965204239,0.410449743270874,432.6603355407715,247.11766147613525,0.6622112989425659,387.8518180847168,244.0073252916336,0.5883047580718994,436.7312593460083,289.00929057598114,0.6018494963645935,390.84770584106445,284.7093403339386,0.48688748478889465,431.7103977203369,332.0144912004471,0.4709077477455139,393.8768014907837,324.5849448442459,0.4985550045967102
682,19.053699972573668,,,,,,,,,388.37561321258545,185.06631356477737,0.03953440114855766,422.7175283432007,172.63254743814468,0.051068779081106186,357.80618047714233,188.55429822206497,0.03913247585296631,404.9929037094116,181.1150221824646,0.02702253870666027,488.0653553009033,214.09688246250153,0.021089501678943634,601.1624431610107,191.97191005945206,0.005506954621523619,390.23939990997314,190.47111707925797,0.013114752247929573,613.4161052703857,226.85813862085342,0.006435772869735956,325.8971858024597,222.34914976358414,0.009567185305058956,526.2739934921265,262.8241056203842,0.008440867997705936,379.33389234542847,273.8486204147339,0.005263548344373703,485.8399715423584,169.2612762451172,0.05762965604662895,390.9507918357849,170.96907073259354,0.06546490639448166,440.6018238067627,178.10947597026825,0.008060673251748085,407.19192838668823,177.85472351312637,0.010150418616831303,418.3499069213867,261.7780863046646,0.009973978623747826,443.7530860900879,261.8257517814636,0.014978262595832348
683,18.08619999792427,,,,,,,,,389.15415382385254,185.31140756607056,0.04077018052339554,423.39128971099854,172.97473883628845,0.05197465792298317,358.94646978378296,188.77269613742828,0.039739105850458145,405.96134090423584,181.31237947940826,0.027638133615255356,488.630597114563,214.11970376968384,0.02127928100526333,601.1457633972168,191.95246493816376,0.005487372167408466,390.76031398773193,190.46748447418213,0.01328964252024889,613.4640216827393,226.82959061861038,0.0064644054509699345,326.21945905685425,222.16750526428223,0.00993063673377037,526.5086727142334,262.81493151187897,0.00852657575160265,25.450542747974396,159.41463720798492,0.06713517755270004,485.6989517211914,169.36891531944275,0.05789002403616905,391.0196590423584,171.00803220272064,0.06533084064722061,440.10850715637207,177.89097833633423,0.008077820762991905,407.15394401550293,177.6604290008545,0.010196457616984844,418.5635595321655,261.710932970047,0.010001585818827152,444.0868835449219,261.8008791208267,0.015056610107421875
684,20.347399986349046,,,,,,,,,388.37561321258545,185.06631356477737,0.03953440114855766,422.7175283432007,172.63254743814468,0.051068779081106186,357.80618047714233,188.55429822206497,0.03913247585296631,404.9929037094116,181.1150221824646,0.02702253870666027,488.0653553009033,214.09688246250153,0.021089501678943634,601.1624431610107,191.97191005945206,0.005506954621523619,390.23939990997314,190.47111707925797,0.013114752247929573,613.4161052703857,226.85813862085342,0.006435772869735956,325.8971858024597,222.34914976358414,0.009567185305058956,526.2739934921265,262.8241056203842,0.008440867997705936,379.33389234542847,273.8486204147339,0.005263548344373703,485.8399715423584,169.2612762451172,0.05762965604662895,390.9507918357849,170.96907073259354,0.06546490639448166,440.6018238067627,178.10947597026825,0.008060673251748085,407.19192838668823,177.85472351312637,0.010150418616831303,418.3499069213867,261.7780863046646,0.009973978623747826,443.7530860900879,261.8257517814636,0.014978262595832348
685,18.94969999557361,,,,,,,,,389.15415382385254,185.31140756607056,0.04077018052339554,423.39128971099854,172.97473883628845,0.05197465792298317,358.94646978378296,188.77269613742828,0.039739105850458145,405.96134090423584,181.31237947940826,0.027638133615255356,488.630597114563,214.11970376968384,0.02127928100526333,601.1457633972168,191.95246493816376,0.005487372167408466,390.76031398773193,190.46748447418213,0.01328964252024889,613.4640216827393,226.82959061861038,0.0064644054509699345,326.21945905685425,222.16750526428223,0.00993063673377037,526.5086727142334,262.81493151187897,0.00852657575160265,25.450542747974396,159.41463720798492,0.06713517755270004,485.6989517211914,169.36891531944275,0.05789002403616905,391.0196590423584,171.00803220272064,0.06533084064722061,440.10850715637207,177.89097833633423,0.008077820762991905,407.15394401550293,177.6604290008545,0.010196457616984844,418.5635595321655,261.710932970047,0.010001585818827152,444.0868835449219,261.8008791208267,0.015056610107421875
686,19.802600028924644,,,,,,,,,388.37561321258545,185.06631356477737,0.03953440114855766,422.7175283432007,172.63254743814468,0.051068779081106186,357.80618047714233,188.55429822206497,0.03913247585296631,404.9929037094116,181.1150221824646,0.02702253870666027,488.0653553009033,214.09688246250153,0.021089501678943634,601.1624431610107,191.97191005945206,0.005506954621523619,390.23939990997314,190.47111707925797,0.013114752247929573,613.4161052703857,226.85813862085342,0.006435772869735956,325.8971858024597,222.34914976358414,0.009567185305058956,526.2739934921265,262.8241056203842,0.008440867997705936,379.33389234542847,273.8486204147339,0.005263548344373703,485.8399715423584,169.2612762451172,0.05762965604662895,390.9507918357849,170.96907073259354,0.06546490639448166,440.6018238067627,178.10947597026825,0.008060673251748085,407.19192838668823,177.85472351312637,0.010150418616831303,418.3499069213867,261.7780863046646,0.009973978623747826,443.7530860900879,261.8257517814636,0.014978262595832348
687,18.026400008238852,,,,,,,,,389.15415382385254,185.31140756607056,0.04077018052339554,423.39128971099854,172.97473883628845,0.05197465792298317,358.94646978378296,188.77269613742828,0.039739105850458145,405.96134090423584,181.31237947940826,0.027638133615255356,488.630597114563,214.11970376968384,0.02127928100526333,601.1457633972168,191.95246493816376,0.005487372167408466,390.76031398773193,190.46748447418213,0.01328964252024889,613.4640216827393,226.82959061861038,0.0064644054509699345,326.21945905685425,222.16750526428223,0.00993063673377037,526.5086727142334,262.81493151187897,0.00852657575160265,25.450542747974396,159.41463720798492,0.06713517755270004,485.6989517211914,169.36891531944275,0.05789002403616905,391.0196590423584,171.00803220272064,0.06533084064722061,440.10850715637207,177.89097833633423,0.008077820762991905,407.15394401550293,177.6604290008545,0.010196457616984844,418.5635595321655,261.710932970047,0.010001585818827152,444.0868835449219,261.8008791208267,0.015056610107421875
688,19.12579999770969,,,,,,,,,388.37561321258545,185.06631356477737,0.03953440114855766,422.7175283432007,172.63254743814468,0.051068779081106186,357.80618047714233,188.55429822206497,0.03913247585296631,404.9929037094116,181.1150221824646,0.02702253870666027,488.0653553009033,214.09688246250153,0.021089501678943634,601.1624431610107,191.97191005945206,0.005506954621523619,390.23939990997314,190.47111707925797,0.013114752247929573,613.4161052703857,226.85813862085342,0.006435772869735956,325.8971858024597,222.34914976358414,0.009567185305058956,526.2739934921265,262.8241056203842,0.008440867997705936,379.33389234542847,273.8486204147339,0.005263548344373703,485.8399715423584,169.2612762451172,0.05762965604662895,390.9507918357849,170.96907073259354,0.06546490639448166,440.6018238067627,178.10947597026825,0.008060673251748085,407.19192838668823,177.85472351312637,0.010150418616831303,418.3499069213867,261.7780863046646,0.009973978623747826,443.7530860900879,261.8257517814636,0.014978262595832348
689,18.886799982283264,,,,,,,,,389.15415382385254,185.31140756607056,0.04077018052339554,423.39128971099854,172.97473883628845,0.05197465792298317,358.94646978378296,188.77269613742828,0.039739105850458145,405.96134090423584,181.31237947940826,0.027638133615255356,488.630597114563,214.11970376968384,0.02127928100526333,601.1457633972168,191.95246493816376,0.005487372167408466,390.76031398773193,190.46748447418213,0.01328964252024889,613.4640216827393,226.82959061861038,0.0064644054509699345,326.21945905685425,222.16750526428223,0.00993063673377037,526.5086727142334,262.81493151187897,0.00852657575160265,25.450542747974396,159.41463720798492,0.06713517755270004,485.6989517211914,169.36891531944275,0.05789002403616905,391.0196590423584,171.00803220272064,0.06533084064722061,440.10850715637207,177.89097833633423,0.008077820762991905,407.15394401550293,177.6604290008545,0.010196457616984844,418.5635595321655,261.710932970047,0.010001585818827152,444.0868835449219,261.8008791208267,0.015056610107421875
690,18.90660001663491,,,,,,,,,388.39583110809326,185.06590044498444,0.03957514837384224,422.7367606163025,172.63300329446793,0.05107302963733673,357.831250667572,188.5524035692215,0.03914119303226471,405.01423358917236,181.114936709404,0.027029363438487053,488.0806703567505,214.09474563598633,0.021087031811475754,601.1614828109741,191.97208100557327,0.0055059571750462055,390.25431060791016,190.4694076180458,0.01311575248837471,613.4151954650879,226.85820984840393,0.006435382179915905,325.90342807769775,222.34377920627594,0.009576335549354553,526.2799577713013,262.8241910934448,0.008441826328635216,379.3423080444336,273.8467400074005,0.005266095045953989,485.83208656311035,169.26184606552124,0.05764761567115784,390.9475317001343,170.96673446893692,0.06545756757259369,440.5935344696045,178.10420513153076,0.008060816675424576,407.1894769668579,177.850734770298,0.010151166468858719,418.35683155059814,261.77532267570496,0.009972604922950268,443.76395320892334,261.8246976137161,0.014976869337260723
691,18.24720000149682,,,,,,,,,389.15415382385254,185.31140756607056,0.04077018052339554,423.39128971099854,172.97473883628845,0.05197465792298317,358.94646978378296,188.77269613742828,0.039739105850458145,405.96134090423584,181.31237947940826,0.027638133615255356,488.630597114563,214.11970376968384,0.02127928100526333,601.1457633972168,191.95246493816376,0.005487372167408466,390.76031398773193,190.46748447418213,0.01328964252024889,613.4640216827393,226.82959061861038,0.0064644054509699345,326.21945905685425,222.16750526428223,0.00993063673377037,526.5086727142334,262.81493151187897,0.00852657575160265,25.450542747974396,159.41463720798492,0.06713517755270004,485.6989517211914,169.36891531944275,0.05789002403616905,391.0196590423584,171.00803220272064,0.06533084064722061,440.10850715637207,177.89097833633423,0.008077820762991905,407.15394401550293,177.6604290008545,0.010196457616984844,418.5635595321655,261.710932970047,0.010001585818827152,444.0868835449219,261.8008791208267,0.015056610107421875
692,19.242200010921806,,,,,,,,,388.39583110809326,185.06590044498444,0.03957514837384224,422.7367606163025,172.63300329446793,0.05107302963733673,357.831250667572,188.5524035692215,0.03914119303226471,405.01423358917236,181.114936709404,0.027029363438487053,488.0806703567505,214.09474563598633,0.021087031811475754,601.1614828109741,191.97208100557327,0.0055059571750462055,390.25431060791016,190.4694076180458,0.01311575248837471,613.4151954650879,226.85820984840393,0.006435382179915905,325.90342807769775,222.34377920627594,0.009576335549354553,526.2799577713013,262.8241910934448,0.008441826328635216,379.3423080444336,273.8467400074005,0.005266095045953989,485.83208656311035,169.26184606552124,0.05764761567115784,390.9475317001343,170.96673446893692,0.06545756757259369,440.5935344696045,178.10420513153076,0.008060816675424576,407.1894769668579,177.850734770298,0.010151166468858719,418.35683155059814,261.77532267570496,0.009972604922950268,443.76395320892334,261.8246976137161,0.014976869337260723
693,18.916000030003488,,,,,,,,,389.15415382385254,185.31140756607056,0.04077018052339554,423.39128971099854,172.97473883628845,0.05197465792298317,358.94646978378296,188.77269613742828,0.039739105850458145,405.96134090423584,181.31237947940826,0.027638133615255356,488.630597114563,214.11970376968384,0.02127928100526333,601.1457633972168,191.95246493816376,0.005487372167408466,390.76031398773193,190.46748447418213,0.01328964252024889,613.4640216827393,226.82959061861038,0.0064644054509699345,326.21945905685425,222.16750526428223,0.00993063673377037,526.5086727142334,262.81493151187897,0.00852657575160265,25.450542747974396,159.41463720798492,0.06713517755270004,485.6989517211914,169.36891531944275,0.05789002403616905,391.0196590423584,171.00803220272064,0.06533084064722061,440.10850715637207,177.89097833633423,0.008077820762991905,407.15394401550293,177.6604290008545,0.010196457616984844,418.5635595321655,261.710932970047,0.010001585818827152,444.0868835449219,261.8008791208267,0.015056610107421875
694,18.332500010728836,,,,,,,,,388.39583110809326,185.06590044498444,0.03957514837384224,422.7367606163025,172.63300329446793,0.05107302963733673,357.831250667572,188.5524035692215,0.03914119303226471,405.01423358917236,181.114936709404,0.027029363438487053,488.0806703567505,214.09474563598633,0.021087031811475754,601.1614828109741,191.97208100557327,0.0055059571750462055,390.25431060791016,190.4694076180458,0.01311575248837471,613.4151954650879,226.85820984840393,0.006435382179915905,325.90342807769775,222.34377920627594,0.009576335549354553,526.2799577713013,262.8241910934448,0.008441826328635216,379.3423080444336,273.8467400074005,0.005266095045953989,485.83208656311035,169.26184606552124,0.05764761567115784,390.9475317001343,170.96673446893692,0.06545756757259369,440.5935344696045,178.10420513153076,0.008060816675424576,407.1894769668579,177.850734770298,0.010151166468858719,418.35683155059814,261.77532267570496,0.009972604922950268,443.76395320892334,261.8246976137161,0.014976869337260723
695,19.077899982221425,,,,,,,,,389.15415382385254,185.31140756607056,0.04077018052339554,423.39128971099854,172.97473883628845,0.05197465792298317,358.94646978378296,188.77269613742828,0.039739105850458145,405.96134090423584,181.31237947940826,0.027638133615255356,488.630597114563,214.11970376968384,0.02127928100526333,601.1457633972168,191.95246493816376,0.005487372167408466,390.76031398773193,190.46748447418213,0.01328964252024889,613.4640216827393,226.82959061861038,0.0064644054509699345,326.21945905685425,222.16750526428223,0.00993063673377037,526.5086727142334,262.81493151187897,0.00852657575160265,25.450542747974396,159.41463720798492,0.06713517755270004,485.6989517211914,169.36891531944275,0.05789002403616905,391.0196590423584,171.00803220272064,0.06533084064722061,440.10850715637207,177.89097833633423,0.008077820762991905,407.15394401550293,177.6604290008545,0.010196457616984844,418.5635595321655,261.710932970047,0.010001585818827152,444.0868835449219,261.8008791208267,0.015056610107421875
696,18.136900034733117,,,,,,,,,388.39583110809326,185.06590044498444,0.03957514837384224,422.7367606163025,172.63300329446793,0.05107302963733673,357.831250667572,188.5524035692215,0.03914119303226471,405.01423358917236,181.114936709404,0.027029363438487053,488.0806703567505,214.09474563598633,0.021087031811475754,601.1614828109741,191.97208100557327,0.0055059571750462055,390.25431060791016,190.4694076180458,0.01311575248837471,613.4151954650879,226.85820984840393,0.006435382179915905,325.90342807769775,222.34377920627594,0.009576335549354553,526.2799577713013,262.8241910934448,0.008441826328635216,379.3423080444336,273.8467400074005,0.005266095045953989,485.83208656311035,169.26184606552124,0.05764761567115784,390.9475317001343,170.96673446893692,0.06545756757259369,440.5935344696045,178.10420513153076,0.008060816675424576,407.1894769668579,177.850734770298,0.010151166468858719,418.35683155059814,261.77532267570496,0.009972604922950268,443.76395320892334,261.8246976137161,0.014976869337260723
697,19.48780001839623,,,,,,,,,389.15415382385254,185.31140756607056,0.04077018052339554,423.39128971099854,172.97473883628845,0.05197465792298317,358.94646978378296,188.77269613742828,0.039739105850458145,405.96134090423584,181.31237947940826,0.027638133615255356,488.630597114563,214.11970376968384,0.02127928100526333,601.1457633972168,191.95246493816376,0.005487372167408466,390.76031398773193,190.46748447418213,0.01328964252024889,613.4640216827393,226.82959061861038,0.0064644054509699345,326.21945905685425,222.16750526428223,0.00993063673377037,526.5086727142334,262.81493151187897,0.00852657575160265,25.450542747974396,159.41463720798492,0.06713517755270004,485.6989517211914,169.36891531944275,0.05789002403616905,391.0196590423584,171.00803220272064,0.06533084064722061,440.10850715637207,177.89097833633423,0.008077820762991905,407.15394401550293,177.6604290008545,0.010196457616984844,418.5635595321655,261.710932970047,0.010001585818827152,444.0868835449219,261.8008791208267,0.015056610107421875
698,18.190399976447225,,,,,,,,,388.39583110809326,185.06590044498444,0.03957514837384224,422.7367606163025,172.63300329446793,0.05107302963733673,357.831250667572,188.5524035692215,0.03914119303226471,405.01423358917236,181.114936709404,0.027029363438487053,488.0806703567505,214.09474563598633,0.021087031811475754,601.1614828109741,191.97208100557327,0.0055059571750462055,390.25431060791016,190.4694076180458,0.01311575248837471,613.4151954650879,226.85820984840393,0.006435382179915905,325.90342807769775,222.34377920627594,0.009576335549354553,526.2799577713013,262.8241910934448,0.008441826328635216,379.3423080444336,273.8467400074005,0.005266095045953989,485.83208656311035,169.26184606552124,0.05764761567115784,390.9475317001343,170.96673446893692,0.06545756757259369,440.5935344696045,178.10420513153076,0.008060816675424576,407.1894769668579,177.850734770298,0.010151166468858719,418.35683155059814,261.77532267570496,0.009972604922950268,443.76395320892334,261.8246976137161,0.014976869337260723
699,19.13620001869276,,,,,,,,,389.15415382385254,185.31140756607056,0.04077018052339554,423.39128971099854,172.97473883628845,0.05197465792298317,358.94646978378296,188.77269613742828,0.039739105850458145,405.96134090423584,181.31237947940826,0.027638133615255356,488.630597114563,214.11970376968384,0.02127928100526333,601.1457633972168,191.95246493816376,0.005487372167408466,390.76031398773193,190.46748447418213,0.01328964252024889,613.4640216827393,226.82959061861038,0.0064644054509699345,326.21945905685425,222.16750526428223,0.00993063673377037,526.5086727142334,262.81493151187897,0.00852657575160265,25.450542747974396,159.41463720798492,0.06713517755270004,485.6989517211914,169.36891531944275,0.05789002403616905,391.0196590423584,171.00803220272064,0.06533084064722061,440.10850715637207,177.89097833633423,0.008077820762991905,407.15394401550293,177.6604290008545,0.010196457616984844,418.5635595321655,261.710932970047,0.010001585818827152,444.0868835449219,261.8008791208267,0.015056610107421875
